新潟県,阿賀町,阿賀町天満ＳＳ,小売業,ガソリンスタンド,2%
新潟県,阿賀町,出光津川バイパスＳＳ,小売業,ガソリンスタンド,2%
新潟県,阿賀町,セブン－イレブン下越津川店,小売業,食料品,2%
新潟県,阿賀町,セブン－イレブン下越三川店,小売業,食料品,2%
新潟県,阿賀町,鹿瀬ＳＳ,小売業,ガソリンスタンド,2%
新潟県,阿賀町,生鮮の杜カラオ,小売業,総合（非専門）,5%
新潟県,阿賀町,パナ・コスモス ヤマイチ,小売業,電化製品,5%
新潟県,阿賀町,ホテル 福泉,サービス,宿泊業,5%
新潟県,阿賀町,古澤屋,サービス,宿泊業,5%
新潟県,阿賀野市,阿賀野中島町ＳＳ,小売業,ガソリンスタンド,2%
新潟県,阿賀野市,セブン－イレブン阿賀野保田店,小売業,食料品,2%
新潟県,阿賀野市,いからし酒店,小売業,その他小売,5%
新潟県,阿賀野市,セブン－イレブン下越京ヶ瀬店,小売業,食料品,2%
新潟県,阿賀野市,カット ゾーン ラプソディ,サービス,理容・美容業,5%
新潟県,阿賀野市,環翠楼,サービス,宿泊業,5%
新潟県,阿賀野市,ＫＩＹＡ ＤＥＳＩＧＮ,小売業,家具・調度品,5%
新潟県,阿賀野市,ＫＩＹＡ ＤＥＳＩＧＮ,小売業,総合（非専門）,5%
新潟県,阿賀野市,クルマのハンシン,小売業,その他小売,5%
新潟県,阿賀野市,笹神ＳＳ,小売業,ガソリンスタンド,2%
新潟県,阿賀野市,笹神調剤薬局,小売業,その他小売,5%
新潟県,阿賀野市,佐々木写真館,小売業,その他小売,5%
新潟県,阿賀野市,サトウデンキ,小売業,電化製品,5%
新潟県,阿賀野市,佐藤モータース,その他業種,ー,5%
新潟県,阿賀野市,庄司自動車株式会社,サービス,その他サービス,5%
新潟県,阿賀野市,食鮮館名古屋,小売業,総合（非専門）,5%
新潟県,阿賀野市,新光園,小売業,その他小売,5%
新潟県,阿賀野市,新笹神店,小売業,ガソリンスタンド,2%
新潟県,阿賀野市,水原,小売業,ガソリンスタンド,2%
新潟県,阿賀野市,セブン－イレブン水原市野山店,小売業,食料品,2%
新潟県,阿賀野市,水原ＳＳ,小売業,ガソリンスタンド,2%
新潟県,阿賀野市,水原車体整備工場,サービス,その他サービス,5%
新潟県,阿賀野市,セブン－イレブン水原町北本町店,小売業,食料品,2%
新潟県,阿賀野市,スーパーひまわり京ヶ瀬店,小売業,総合（非専門）,5%
新潟県,阿賀野市,スーパーマエタ,小売業,総合（非専門）,5%
新潟県,阿賀野市,生鮮の杜キッド,小売業,総合（非専門）,5%
新潟県,阿賀野市,田村自動車,サービス,その他サービス,5%
新潟県,阿賀野市,テクニカルファクトリー ミオタ,小売業,その他小売,5%
新潟県,阿賀野市,寺久保商店,小売業,食料品,5%
新潟県,阿賀野市,唐人 水原店,サービス,飲食業,5%
新潟県,阿賀野市,セブン－イレブン新潟竹尾３丁目店,小売業,食料品,2%
新潟県,阿賀野市,パナ・コスモスユキ,小売業,電化製品,5%
新潟県,阿賀野市,美容室ながさわ,サービス,理容・美容業,5%
新潟県,阿賀野市,風雅の宿長生館,サービス,宿泊業,5%
新潟県,阿賀野市,ホテル さきはな,サービス,宿泊業,5%
新潟県,阿賀野市,安田ＳＳ,小売業,ガソリンスタンド,2%
新潟県,阿賀野市,安田バイパスＳＳ,小売業,ガソリンスタンド,2%
新潟県,阿賀野市,安田バイパスＳＳ,小売業,ガソリンスタンド,2%
新潟県,阿賀野市,山田モーターサービス,小売業,その他小売,5%
新潟県,阿賀野市,理容室ポップイン,サービス,理容・美容業,5%
新潟県,出雲崎町,セブン－イレブン出雲崎バイパス店,小売業,食料品,2%
新潟県,出雲崎町,出雲崎松本ＳＳ,小売業,ガソリンスタンド,2%
新潟県,出雲崎町,ギルドハウスのぶ ギルドハウスのぶ,サービス,宿泊業,5%
新潟県,出雲崎町,精電社出雲崎店,小売業,電化製品,5%
新潟県,出雲崎町,フードセンター出雲崎店,小売業,総合（非専門）,5%
新潟県,出雲崎町,ヘアー＆フェイシャル マツオカ,サービス,理容・美容業,5%
新潟県,糸魚川市,あやふ野,サービス,飲食業,5%
新潟県,糸魚川市,イチコ糸魚川店,小売業,食料品,5%
新潟県,糸魚川市,出光青海ＳＳ,小売業,ガソリンスタンド,2%
新潟県,糸魚川市,出光セルフ糸魚川ＳＳ,小売業,ガソリンスタンド,2%
新潟県,糸魚川市,糸魚川,小売業,ガソリンスタンド,2%
新潟県,糸魚川市,糸魚川ＳＳ,小売業,ガソリンスタンド,2%
新潟県,糸魚川市,糸魚川,小売業,ガソリンスタンド,2%
新潟県,糸魚川市,糸魚川インターＳＳ,小売業,ガソリンスタンド,2%
新潟県,糸魚川市,セブン－イレブン糸魚川上刈店,小売業,食料品,2%
新潟県,糸魚川市,セブン－イレブン糸魚川青海店,小売業,食料品,2%
新潟県,糸魚川市,セブン－イレブン糸魚川大野店,小売業,食料品,2%
新潟県,糸魚川市,セブン－イレブン糸魚川押上店,小売業,食料品,2%
新潟県,糸魚川市,セブン－イレブン糸魚川高校前店,小売業,食料品,2%
新潟県,糸魚川市,糸魚川支店,小売業,ガソリンスタンド,2%
新潟県,糸魚川市,セブン－イレブン糸魚川中央店,小売業,食料品,2%
新潟県,糸魚川市,糸魚川バイパス,小売業,ガソリンスタンド,2%
新潟県,糸魚川市,イトウ自動車販売,その他業種,ー,5%
新潟県,糸魚川市,伊藤製麺所,小売業,食料品,5%
新潟県,糸魚川市,セブン－イレブン青海八久保店,小売業,食料品,2%
新潟県,糸魚川市,お食事処 大瀬,サービス,飲食業,5%
新潟県,糸魚川市,親不知観光ホテル,サービス,宿泊業,5%
新潟県,糸魚川市,オリックスレンタカー糸魚川店,サービス,その他サービス,2%
新潟県,糸魚川市,御菓子司 紅久,小売業,食料品,5%
新潟県,糸魚川市,割烹 浜寿司,サービス,飲食業,5%
新潟県,糸魚川市,株式会社 親不知マリンサービス 漁火,サービス,飲食業,5%
新潟県,糸魚川市,株式会社五十嵐商店,その他業種,ー,5%
新潟県,糸魚川市,ＣＡＰＲＩＮＯ,サービス,飲食業,5%
新潟県,糸魚川市,ｋｏｋａｇｅ,サービス,理容・美容業,5%
新潟県,糸魚川市,コスメティックサロンすみれ,サービス,その他サービス,5%
新潟県,糸魚川市,斉藤電機商会,小売業,電化製品,5%
新潟県,糸魚川市,三愛旅行社 糸魚川本社,その他業種,ー,5%
新潟県,糸魚川市,食楽厨房 あづま,サービス,飲食業,5%
新潟県,糸魚川市,大陸マーケット 大陸マーケット,小売業,衣料品,5%
新潟県,糸魚川市,滝川機械店整備工場,小売業,その他小売,5%
新潟県,糸魚川市,チクダ,小売業,電化製品,5%
新潟県,糸魚川市,月徳飯店,サービス,飲食業,5%
新潟県,糸魚川市,伝宝丸 伝宝丸,小売業,食料品,5%
新潟県,糸魚川市,Ｄｒ．Ｄｒｉｖｅセルフ糸魚川西店,小売業,ガソリンスタンド,2%
新潟県,糸魚川市,ナイトビュー,サービス,飲食業,5%
新潟県,糸魚川市,中田商事 本社,小売業,ガソリンスタンド,2%
新潟県,糸魚川市,なんじゃ村糸魚川店,小売業,その他小売,5%
新潟県,糸魚川市,能生ＳＳ,小売業,ガソリンスタンド,2%
新潟県,糸魚川市,Ｂａｒｂｅｒ たつがみ ０２,サービス,理容・美容業,5%
新潟県,糸魚川市,パナ・コスモス マツモト,小売業,電化製品,5%
新潟県,糸魚川市,Ｐａｒａｄｅ糸魚川店,小売業,その他小売,5%
新潟県,糸魚川市,番屋,サービス,飲食業,5%
新潟県,糸魚川市,ピザテン・フォー 新潟糸魚川店 ２,サービス,その他サービス,5%
新潟県,糸魚川市,二葉デンキ商会,小売業,電化製品,5%
新潟県,糸魚川市,ホテル 糸魚川インター,サービス,宿泊業,5%
新潟県,糸魚川市,ホテル國富翠泉閣,サービス,宿泊業,5%
新潟県,糸魚川市,セブンーイレブン道の駅マリンドリーム能生店,小売業,食料品,2%
新潟県,糸魚川市,三好屋 御菓子司 三好屋,小売業,食料品,5%
新潟県,糸魚川市,ヨコタ,小売業,電化製品,5%
新潟県,糸魚川市,龍喜,サービス,飲食業,5%
新潟県,糸魚川市,Ｒａｇｇｅｄ ｏｖｅｎ 薪のかまどのパン屋です Ｒａｇｇｅｄ ｏｖｅｎ,小売業,食料品,5%
新潟県,糸魚川市,渡辺輪店,小売業,その他小売,5%
新潟県,魚沼市,五十嵐電機商会,小売業,電化製品,5%
新潟県,魚沼市,居酒屋 菊水,サービス,飲食業,5%
新潟県,魚沼市,出光小出ＳＳ,小売業,ガソリンスタンド,2%
新潟県,魚沼市,出光守門ＳＳ,小売業,ガソリンスタンド,2%
新潟県,魚沼市,出光セルフ小出ＳＳ,小売業,ガソリンスタンド,2%
新潟県,魚沼市,セブン－イレブン魚沼井口新田店,小売業,食料品,2%
新潟県,魚沼市,セブン－イレブン魚沼伊米ケ崎店,小売業,食料品,2%
新潟県,魚沼市,セブン－イレブン魚沼小出病院前店,小売業,食料品,2%
新潟県,魚沼市,セブン－イレブン魚沼広神下田店,小売業,食料品,2%
新潟県,魚沼市,セブン－イレブン魚沼湯之谷店,小売業,食料品,2%
新潟県,魚沼市,吉田屋,小売業,食料品,5%
新潟県,魚沼市,岡部商事堀之内ＳＳカード用,小売業,ガソリンスタンド,2%
新潟県,魚沼市,奥只見山荘,サービス,宿泊業,5%
新潟県,魚沼市,株式会社ホンダウイング高橋,小売業,その他小売,5%
新潟県,魚沼市,協栄自動車工場,サービス,その他サービス,5%
新潟県,魚沼市,クリーニングの紺新,サービス,その他サービス,5%
新潟県,魚沼市,小出ＳＳ,小売業,ガソリンスタンド,2%
新潟県,魚沼市,小出インターＳＳ,小売業,ガソリンスタンド,2%
新潟県,魚沼市,セブン－イレブン小出インター店,小売業,食料品,2%
新潟県,魚沼市,セブン－イレブン小出沢田店,小売業,食料品,2%
新潟県,魚沼市,小出スキー場,サービス,その他サービス,5%
新潟県,魚沼市,小出南ＳＳ,小売業,ガソリンスタンド,2%
新潟県,魚沼市,合資会社タナカ薬局,小売業,その他小売,5%
新潟県,魚沼市,サカキヤ,小売業,総合（非専門）,5%
新潟県,魚沼市,酒匠地酒の かねしん,小売業,食料品,5%
新潟県,魚沼市,ダイニング砂礫,サービス,飲食業,5%
新潟県,魚沼市,サロンドフルベール大塚町店,小売業,衣料品,2%
新潟県,魚沼市,Ｓｉ－ｔａ,サービス,理容・美容業,5%
新潟県,魚沼市,車検のコバック魚沼堀之内店,サービス,その他サービス,5%
新潟県,魚沼市,昭美軒,サービス,理容・美容業,5%
新潟県,魚沼市,大吾菓子舗,小売業,食料品,5%
新潟県,魚沼市,てーぶるくろす 小出郷店,小売業,食料品,5%
新潟県,魚沼市,でんきと住まいのタマガワ,小売業,電化製品,5%
新潟県,魚沼市,友家ホテル,サービス,宿泊業,5%
新潟県,魚沼市,野村洋服店,小売業,衣料品,5%
新潟県,魚沼市,バーバーヒロシ,サービス,理容・美容業,5%
新潟県,魚沼市,バーバーヒロシ,サービス,理容・美容業,5%
新潟県,魚沼市,プレミアヘアディーバ,サービス,理容・美容業,5%
新潟県,魚沼市,ヘアーワークス大道寺,サービス,理容・美容業,5%
新潟県,魚沼市,ヘアーワークス大道寺,サービス,理容・美容業,5%
新潟県,魚沼市,ホシ理容所,サービス,理容・美容業,5%
新潟県,魚沼市,堀之内ＳＳ,小売業,ガソリンスタンド,2%
新潟県,魚沼市,堀之内ＳＳ,小売業,ガソリンスタンド,2%
新潟県,魚沼市,ホワイトマジック,サービス,その他サービス,5%
新潟県,魚沼市,マルイ堀之内店,小売業,食料品,5%
新潟県,魚沼市,丸末書店,小売業,書籍・玩具・音楽ＣＤ,5%
新潟県,魚沼市,マルセスポーツ,小売業,その他小売,5%
新潟県,魚沼市,丸由茶舗,小売業,食料品,5%
新潟県,魚沼市,明光電設,小売業,電化製品,5%
新潟県,魚沼市,諸長,小売業,電化製品,5%
新潟県,魚沼市,有限会社磯部家具,小売業,家具・調度品,5%
新潟県,魚沼市,湯元庄屋 和泉屋旅館,サービス,宿泊業,5%
新潟県,魚沼市,理容だいと,サービス,理容・美容業,5%
新潟県,魚沼市,Ｌｏｙｌｅ,サービス,理容・美容業,5%
新潟県,小千谷市,嵐屋,サービス,理容・美容業,5%
新潟県,小千谷市,ｅプラザ片貝店,小売業,電化製品,5%
新潟県,小千谷市,ＩＳＡ ＨＡＩＲ,サービス,理容・美容業,5%
新潟県,小千谷市,イチタ 電機,小売業,電化製品,5%
新潟県,小千谷市,一品香,サービス,飲食業,5%
新潟県,小千谷市,一品香,サービス,飲食業,5%
新潟県,小千谷市,ｅプラザセイブ店,小売業,電化製品,5%
新潟県,小千谷市,エアーズカフェ小千谷店 インターネットカフェ エアーズカフェ小千谷店,サービス,飲食業,5%
新潟県,小千谷市,越後片貝,小売業,ガソリンスタンド,2%
新潟県,小千谷市,大竹会館,サービス,飲食業,5%
新潟県,小千谷市,おぢや北ＳＳ,小売業,ガソリンスタンド,2%
新潟県,小千谷市,小千谷真人町,小売業,ガソリンスタンド,2%
新潟県,小千谷市,小千谷インターＳＳ,小売業,ガソリンスタンド,2%
新潟県,小千谷市,おぢや上ノ山ＳＳ,小売業,ガソリンスタンド,2%
新潟県,小千谷市,セブン－イレブン小千谷城内１丁目店,小売業,食料品,2%
新潟県,小千谷市,セブン－イレブン小千谷千谷川店,小売業,食料品,2%
新潟県,小千谷市,セブン－イレブン小千谷東店,小売業,食料品,2%
新潟県,小千谷市,セブン－イレブン小千谷平沢店,小売業,食料品,2%
新潟県,小千谷市,ＤＡＩＮＩＣＨＩクリエイティブ,小売業,衣料品,5%
新潟県,小千谷市,カイロプラクティックセンタおぢや,サービス,その他サービス,5%
新潟県,小千谷市,ｃｕｔｓａｌｏｎ ｓ２,サービス,理容・美容業,5%
新潟県,小千谷市,金子自動車,その他業種,ー,5%
新潟県,小千谷市,髪工房 ひで,サービス,理容・美容業,5%
新潟県,小千谷市,髪工房 カノン,サービス,理容・美容業,5%
新潟県,小千谷市,川井ＳＳ,小売業,ガソリンスタンド,2%
新潟県,小千谷市,きれいと癒しの店マルケー,サービス,理容・美容業,5%
新潟県,小千谷市,ごっつぉ家 がみんち,サービス,飲食業,5%
新潟県,小千谷市,佐藤テレビ電機,小売業,電化製品,5%
新潟県,小千谷市,山王デンキ,小売業,電化製品,5%
新潟県,小千谷市,食堂カフェ うえきｉｎｇ,サービス,飲食業,5%
新潟県,小千谷市,高留商店,小売業,食料品,5%
新潟県,小千谷市,男子専科 平忠,小売業,衣料品,5%
新潟県,小千谷市,中越クリエイティブ,サービス,その他サービス,5%
新潟県,小千谷市,なんじゃ村小千谷店,小売業,その他小売,5%
新潟県,小千谷市,西小千谷油槽所,小売業,ガソリンスタンド,2%
新潟県,小千谷市,西小千谷ＳＳ,小売業,ガソリンスタンド,2%
新潟県,小千谷市,ｂｅーｃａｎ 小千谷本店,サービス,理容・美容業,5%
新潟県,小千谷市,東小千谷ＳＳ,小売業,ガソリンスタンド,2%
新潟県,小千谷市,ＢｅａｕｔｙＬａｂｏＴ,サービス,理容・美容業,5%
新潟県,小千谷市,美容室ＳＰＯＯＬ,サービス,理容・美容業,5%
新潟県,小千谷市,髪又,サービス,理容・美容業,5%
新潟県,小千谷市,ＰｒｉｖａｔｅＮａｉｌＭ,サービス,理容・美容業,5%
新潟県,小千谷市,Ｐｒｉｖａｔｅ Ｎａｉｌ Ｍ,サービス,その他サービス,5%
新潟県,小千谷市,ホテルニュープラザ,サービス,宿泊業,5%
新潟県,小千谷市,マクドナルドイオン小千谷店,サービス,飲食業,2%
新潟県,小千谷市,マルイ東小千谷店,小売業,食料品,5%
新潟県,小千谷市,宮脇書店 小千谷店,小売業,書籍・玩具・音楽ＣＤ,5%
新潟県,小千谷市,メタルフォーゼびんしょう小千谷,サービス,理容・美容業,5%
新潟県,小千谷市,山理自動車商会,その他業種,ー,5%
新潟県,小千谷市,有限会社片貝自動車商会,サービス,その他サービス,5%
新潟県,小千谷市,レディース美容室,サービス,理容・美容業,5%
新潟県,小千谷市,渡雄商店,小売業,電化製品,5%
新潟県,柏崎市,Ｔｈｅ ａｒｂｒｅ,サービス,理容・美容業,5%
新潟県,柏崎市,アトレ柏崎店,小売業,食料品,5%
新潟県,柏崎市,出光柏崎土合ＳＳ,小売業,ガソリンスタンド,2%
新潟県,柏崎市,出光曽地ＳＳ,小売業,ガソリンスタンド,2%
新潟県,柏崎市,ｅプラザ柏崎店,小売業,電化製品,5%
新潟県,柏崎市,越後みそ西 西本町店,小売業,食料品,5%
新潟県,柏崎市,大崎ＳＳ,小売業,ガソリンスタンド,2%
新潟県,柏崎市,オリックスレンタカー柏崎駅前店,サービス,その他サービス,2%
新潟県,柏崎市,オリックスレンタカー柏崎店,サービス,その他サービス,2%
新潟県,柏崎市,カーポート松波ＳＳ,小売業,ガソリンスタンド,2%
新潟県,柏崎市,菓子道楽 新野屋,小売業,食料品,5%
新潟県,柏崎市,セブン－イレブン柏崎茨目店,小売業,食料品,2%
新潟県,柏崎市,セブン－イレブン柏崎加納店,小売業,食料品,2%
新潟県,柏崎市,セブン－イレブン柏崎上田尻店,小売業,食料品,2%
新潟県,柏崎市,セブン－イレブン柏崎鯨波店,小売業,食料品,2%
新潟県,柏崎市,柏崎新バイパスセルフ１ＳＳ,小売業,ガソリンスタンド,2%
新潟県,柏崎市,セブン－イレブン柏崎新花町店,小売業,食料品,2%
新潟県,柏崎市,セブンーイレブン柏崎豊田橋店,小売業,食料品,2%
新潟県,柏崎市,セブン－イレブン柏崎錦町店,小売業,食料品,2%
新潟県,柏崎市,柏崎バイパスＳＳ,小売業,ガソリンスタンド,2%
新潟県,柏崎市,セブン－イレブン柏崎花田店,小売業,食料品,2%
新潟県,柏崎市,セブン－イレブン柏崎半田３丁目店,小売業,食料品,2%
新潟県,柏崎市,セブン－イレブン柏崎横山店,小売業,食料品,2%
新潟県,柏崎市,セブン－イレブン柏崎四谷３丁目店,小売業,食料品,2%
新潟県,柏崎市,セブン－イレブン柏崎若葉町店,小売業,食料品,2%
新潟県,柏崎市,門出ＳＳ,小売業,ガソリンスタンド,2%
新潟県,柏崎市,金子電機,小売業,電化製品,5%
新潟県,柏崎市,株式会社石塚組鯖石ＳＳ,小売業,ガソリンスタンド,2%
新潟県,柏崎市,ガラムマサラ,サービス,飲食業,5%
新潟県,柏崎市,（株）共栄電機,小売業,電化製品,5%
新潟県,柏崎市,サイクル マエカワ,その他業種,ー,5%
新潟県,柏崎市,サンワーズ,サービス,その他サービス,5%
新潟県,柏崎市,シナコー,小売業,電化製品,5%
新潟県,柏崎市,有限会社品田商会 原町営業所,小売業,ガソリンスタンド,2%
新潟県,柏崎市,品田商会カードコード,小売業,ガソリンスタンド,2%
新潟県,柏崎市,寝具のやまとめ,小売業,その他小売,5%
新潟県,柏崎市,スズキアリーナサンワーズ柏崎,サービス,その他サービス,5%
新潟県,柏崎市,スバル柏崎,その他業種,ー,5%
新潟県,柏崎市,スバルショップ 柏崎,その他業種,ー,5%
新潟県,柏崎市,スプリーム,サービス,理容・美容業,5%
新潟県,柏崎市,精電社,小売業,電化製品,5%
新潟県,柏崎市,SolanaHair,サービス,理容・美容業,5%
新潟県,柏崎市,高柳ＳＳ,小売業,ガソリンスタンド,2%
新潟県,柏崎市,たちばな柏崎店,小売業,衣料品,5%
新潟県,柏崎市,ＣＨＡＩＴＥ,サービス,理容・美容業,5%
新潟県,柏崎市,セブン－イレブン中越西山二田店,小売業,食料品,2%
新潟県,柏崎市,Ｄｒ．Ｄｒｉｖｅ柏崎中央店,小売業,ガソリンスタンド,2%
新潟県,柏崎市,Ｄｒ．Ｄｒｉｖｅセルフ柏崎店,小売業,ガソリンスタンド,2%
新潟県,柏崎市,トヨタレンタリース新潟柏崎店,サービス,その他サービス,2%
新潟県,柏崎市,無し,サービス,宿泊業,5%
新潟県,柏崎市,なんじゃ村柏崎店,小売業,その他小売,5%
新潟県,柏崎市,西中通ＳＳ,小売業,ガソリンスタンド,2%
新潟県,柏崎市,バイシクル パーク,小売業,その他小売,5%
新潟県,柏崎市,Ｆｉｓｈｉｎｇ みなと,小売業,その他小売,5%
新潟県,柏崎市,フォーラムムラタ,サービス,その他サービス,5%
新潟県,柏崎市,ホワイトスピリッツセルフ柏崎,小売業,ガソリンスタンド,2%
新潟県,柏崎市,前沢電気,小売業,電化製品,5%
新潟県,柏崎市,マクドナルド８号線柏崎店,サービス,飲食業,2%
新潟県,柏崎市,松波ＳＳ,小売業,ガソリンスタンド,2%
新潟県,柏崎市,マルイ尻店,小売業,食料品,5%
新潟県,柏崎市,マルイ横山店,小売業,食料品,5%
新潟県,柏崎市,三好屋商店電機部,小売業,電化製品,5%
新潟県,柏崎市,メトロポリタン松島,サービス,宿泊業,5%
新潟県,柏崎市,有限会社タナベスタジオ,サービス,その他サービス,5%
新潟県,柏崎市,有限会社年頭屋茶舗,小売業,食料品,5%
新潟県,柏崎市,雪ん子ダイブファクトリー,小売業,書籍・玩具・音楽ＣＤ,5%
新潟県,加茂市,浅野タンス,小売業,家具・調度品,5%
新潟県,加茂市,アルマック オノ,小売業,衣料品,5%
新潟県,加茂市,いば生花店,小売業,その他小売,5%
新潟県,加茂市,西加茂ＳＳ,小売業,ガソリンスタンド,2%
新潟県,加茂市,株式会社 大湊文吉商店,小売業,家具・調度品,5%
新潟県,加茂市,金子米店,小売業,総合（非専門）,5%
新潟県,加茂市,セブン－イレブン加茂新田店,小売業,食料品,2%
新潟県,加茂市,加茂須田ＳＳ,小売業,ガソリンスタンド,2%
新潟県,加茂市,セブン－イレブン加茂大郷町店,小売業,食料品,2%
新潟県,加茂市,セブン－イレブン加茂本町店,小売業,食料品,2%
新潟県,加茂市,萱森自動車整備工場,その他業種,ー,5%
新潟県,加茂市,京家 加茂駅前本店,小売業,食料品,5%
新潟県,加茂市,くすりのやまハピ,小売業,その他小売,5%
新潟県,加茂市,くすりのやまハピ,小売業,その他小売,5%
新潟県,加茂市,加茂バイパスＳＳ,小売業,ガソリンスタンド,2%
新潟県,加茂市,桑田屋スポーツ,小売業,その他小売,5%
新潟県,加茂市,コテージ マム 喫茶店,サービス,飲食業,5%
新潟県,加茂市,齋藤電機商会,小売業,電化製品,5%
新潟県,加茂市,捧運次商店,小売業,その他小売,5%
新潟県,加茂市,玉木フードセンター,小売業,食料品,5%
新潟県,加茂市,にいつフードセンター加茂五番町店,小売業,食料品,5%
新潟県,加茂市,彦次郎商店,小売業,食料品,5%
新潟県,加茂市,Ｂｅａｕｔｙ Ｓａｌｏｎ ＢＥＲＲＹ,サービス,理容・美容業,5%
新潟県,加茂市,フォトスタジオクリエイト,サービス,その他サービス,5%
新潟県,加茂市,本所屋商店 テレビの本所屋,小売業,電化製品,5%
新潟県,加茂市,マクドナルド４０３加茂店,サービス,飲食業,2%
新潟県,加茂市,ミスター修理マン,サービス,その他サービス,5%
新潟県,加茂市,有限会社土田商会,小売業,その他小売,5%
新潟県,加茂市,よね蔵 加茂店,サービス,飲食業,5%
新潟県,刈羽村,アガルライフ,サービス,その他サービス,5%
新潟県,刈羽村,セブンーイレブン中越刈羽店,小売業,食料品,2%
新潟県,五泉市,浅田電機商会,小売業,電化製品,5%
新潟県,五泉市,あんしんタクシー １４号車,サービス,運輸業,5%
新潟県,五泉市,ＳＯＬ アンソル,サービス,理容・美容業,5%
新潟県,五泉市,一包一心はまや,サービス,飲食業,5%
新潟県,五泉市,出光五泉東ＳＳ,小売業,ガソリンスタンド,2%
新潟県,五泉市,出光五泉南ＳＳ,小売業,ガソリンスタンド,2%
新潟県,五泉市,イトウデンキ,小売業,電化製品,5%
新潟県,五泉市,ＳＲオート新潟,サービス,その他サービス,5%
新潟県,五泉市,エスマート橋田店,小売業,総合（非専門）,5%
新潟県,五泉市,エックスモバイル 五泉店,小売業,その他小売,5%
新潟県,五泉市,大阪屋 村松店,小売業,食料品,5%
新潟県,五泉市,河畔の宿 碧水荘,サービス,宿泊業,5%
新潟県,五泉市,株式会社イマイエネルギー ジュネス五泉営業所,小売業,ガソリンスタンド,2%
新潟県,五泉市,ＣＡＭ?ＡＬＬ タカナシカメラ 五泉店,小売業,その他小売,5%
新潟県,五泉市,京家 村松店,小売業,食料品,5%
新潟県,五泉市,クレープ＊はなちゃん,サービス,飲食業,5%
新潟県,五泉市,五泉曙ＳＳ,小売業,ガソリンスタンド,2%
新潟県,五泉市,セブン－イレブン五泉石曽根店,小売業,食料品,2%
新潟県,五泉市,セブン－イレブン五泉泉町店,小売業,食料品,2%
新潟県,五泉市,五泉駅前ＳＳ,小売業,ガソリンスタンド,2%
新潟県,五泉市,セブン－イレブン五泉下町歩店,小売業,食料品,2%
新潟県,五泉市,セブン－イレブン五泉城下店,小売業,食料品,2%
新潟県,五泉市,五泉中央ＳＳ,小売業,ガソリンスタンド,2%
新潟県,五泉市,セブン－イレブン五泉寺沢店,小売業,食料品,2%
新潟県,五泉市,セブン－イレブン五泉東本町店,小売業,食料品,2%
新潟県,五泉市,セブン－イレブン五泉村松店,小売業,食料品,2%
新潟県,五泉市,セブン－イレブン五泉本田屋店,小売業,食料品,2%
新潟県,五泉市,セブン－イレブン五泉論瀬店,小売業,食料品,2%
新潟県,五泉市,齋藤屋百貨店 郷屋川店,小売業,衣料品,5%
新潟県,五泉市,齋藤ラジオ店,小売業,電化製品,5%
新潟県,五泉市,ササキカデン,小売業,電化製品,5%
新潟県,五泉市,三の宮ＳＳ,小売業,ガソリンスタンド,2%
新潟県,五泉市,新鮮市場ベアーズ,小売業,食料品,5%
新潟県,五泉市,西村松,小売業,ガソリンスタンド,2%
新潟県,五泉市,村松,小売業,ガソリンスタンド,2%
新潟県,五泉市,佐取館,サービス,宿泊業,5%
新潟県,五泉市,せいの屋,小売業,総合（非専門）,5%
新潟県,五泉市,ｄａ ｐｏｐｐｉ,サービス,飲食業,5%
新潟県,五泉市,田辺電機商会,小売業,電化製品,5%
新潟県,五泉市,トヨタカローラ新潟五泉店,小売業,その他小売,5%
新潟県,五泉市,にいつフードセンター五泉店,小売業,食料品,5%
新潟県,五泉市,花のマリヤ 本店,小売業,その他小売,5%
新潟県,五泉市,樋口 本社,小売業,ガソリンスタンド,2%
新潟県,五泉市,ピザテン・フォー 新潟五泉店 ２,サービス,その他サービス,5%
新潟県,五泉市,ピレリアート,小売業,その他小売,5%
新潟県,五泉市,笹野町,小売業,ガソリンスタンド,2%
新潟県,五泉市,フローリスト カネコ 村松本店,小売業,その他小売,5%
新潟県,五泉市,ＢＡＳＥ ｈａｉｒ,サービス,理容・美容業,5%
新潟県,五泉市,ベルファーム,小売業,食料品,5%
新潟県,五泉市,村松ＳＳ,小売業,ガソリンスタンド,2%
新潟県,五泉市,村松ＳＳ,小売業,ガソリンスタンド,2%
新潟県,五泉市,村松ＳＳ,小売業,ガソリンスタンド,2%
新潟県,五泉市,村松ＳＳ 株式会社ツチダオートサービス,小売業,ガソリンスタンド,2%
新潟県,五泉市,村松中央,小売業,ガソリンスタンド,2%
新潟県,五泉市,メガネマート五泉店,小売業,その他小売,5%
新潟県,五泉市,ヤング マルムラ,小売業,衣料品,5%
新潟県,五泉市,有限会社佐々木電機店,小売業,電化製品,5%
新潟県,五泉市,わくわく農場,小売業,食料品,5%
新潟県,五泉市,わくわく農場,小売業,食料品,5%
新潟県,佐渡市,相川ＳＳ,小売業,ガソリンスタンド,2%
新潟県,佐渡市,赤泊西ＳＳ,小売業,ガソリンスタンド,2%
新潟県,佐渡市,一般社団法人佐渡観光交流機構,サービス,その他サービス,5%
新潟県,佐渡市,出光石花ＳＳ,小売業,ガソリンスタンド,2%
新潟県,佐渡市,出光国仲ＳＳ,小売業,ガソリンスタンド,2%
新潟県,佐渡市,出光佐和田ＳＳ,小売業,ガソリンスタンド,2%
新潟県,佐渡市,出光鷲崎ＳＳ,小売業,ガソリンスタンド,2%
新潟県,佐渡市,エキスパート ハギハラ,小売業,衣料品,5%
新潟県,佐渡市,大石鉄工所,サービス,その他サービス,5%
新潟県,佐渡市,小川美容室,サービス,理容・美容業,5%
新潟県,佐渡市,おけさ観光タクシー株式会社,サービス,運輸業,5%
新潟県,佐渡市,おしゃれハウスナガオカ おしゃれハウス ナガオカ,小売業,その他小売,5%
新潟県,佐渡市,尾畑酒造株式会社,小売業,その他小売,5%
新潟県,佐渡市,御宿 花の木,サービス,宿泊業,5%
新潟県,佐渡市,カットサロン ステップ,サービス,理容・美容業,5%
新潟県,佐渡市,如月,サービス,飲食業,5%
新潟県,佐渡市,牛角佐和田店,サービス,飲食業,2%
新潟県,佐渡市,玉堂窯元,小売業,その他小売,5%
新潟県,佐渡市,金魚先生,その他業種,ー,5%
新潟県,佐渡市,クズノデンキ,小売業,電化製品,5%
新潟県,佐渡市,クッチーナ,サービス,飲食業,5%
新潟県,佐渡市,国仲ＳＳ,小売業,ガソリンスタンド,2%
新潟県,佐渡市,合資会社庄司屋商店,小売業,食料品,5%
新潟県,佐渡市,小山電機商会,小売業,電化製品,5%
新潟県,佐渡市,佐渡,小売業,ガソリンスタンド,2%
新潟県,佐渡市,佐渡温泉おぎの湯,サービス,その他サービス,5%
新潟県,佐渡市,佐渡漁業協同組合 高千ＳＳ,小売業,ガソリンスタンド,2%
新潟県,佐渡市,佐渡電化 サービス,小売業,電化製品,5%
新潟県,佐渡市,佐渡電機商会,小売業,電化製品,5%
新潟県,佐渡市,ＳＡＤＯ二ツ亀ビューホテル,サービス,宿泊業,5%
新潟県,佐渡市,佐和田ＳＳ,小売業,ガソリンスタンド,2%
新潟県,佐渡市,ジェラテリア キキ,サービス,飲食業,5%
新潟県,佐渡市,シミズ電器,小売業,電化製品,5%
新潟県,佐渡市,鈴木ラジオ店,小売業,電化製品,5%
新潟県,佐渡市,カントリー,小売業,衣料品,5%
新潟県,佐渡市,たんぽぽ,小売業,総合（非専門）,5%
新潟県,佐渡市,トヨタカローラ新潟佐渡店,小売業,その他小売,5%
新潟県,佐渡市,トヨタ部品新潟共販佐渡営業所,その他業種,ー,5%
新潟県,佐渡市,トヨタレンタリース新潟佐渡店,サービス,その他サービス,2%
新潟県,佐渡市,新穂ＳＳ,小売業,ガソリンスタンド,2%
新潟県,佐渡市,西三川,小売業,ガソリンスタンド,2%
新潟県,佐渡市,吹上農園,小売業,食料品,5%
新潟県,佐渡市,船場町ＳＳ,小売業,ガソリンスタンド,2%
新潟県,佐渡市,フリーウェイ 佐渡店,サービス,その他サービス,5%
新潟県,佐渡市,ヘアーサロン 鹿島,サービス,理容・美容業,5%
新潟県,佐渡市,ペンション永倉,サービス,宿泊業,5%
新潟県,佐渡市,ＨＯＳＴＥＬ ｐｅｒｃｈ,サービス,宿泊業,5%
新潟県,佐渡市,ホテル志い屋,サービス,宿泊業,5%
新潟県,佐渡市,真野ＳＳ,小売業,ガソリンスタンド,2%
新潟県,佐渡市,真野自動車整備,サービス,その他サービス,5%
新潟県,佐渡市,マルイ佐渡店,小売業,食料品,5%
新潟県,佐渡市,港タクシー１号車,サービス,運輸業,5%
新潟県,佐渡市,メガネのイマイ,小売業,貴金属・服飾品,5%
新潟県,佐渡市,山田屋釣具店,小売業,その他小売,5%
新潟県,佐渡市,有限会社 中央自動車整備,サービス,その他サービス,5%
新潟県,佐渡市,リカー＆フード庄司屋商店,小売業,食料品,5%
新潟県,佐渡市,Ｌｉｑｍｅｒ?ｙａ,サービス,理容・美容業,5%
新潟県,佐渡市,両津ＳＳ,小売業,ガソリンスタンド,2%
新潟県,佐渡市,両津無線電機販売,小売業,電化製品,5%
新潟県,三条市,アイラッシュサロンｍ ｊ,サービス,理容・美容業,5%
新潟県,三条市,青空‐ＡＯＳＯＲＡ‐ソフト整体 足ツボ 青空 ＡＯＳＯＲＡ,サービス,その他サービス,5%
新潟県,三条市,アクアホテル燕三条駅前店,サービス,宿泊業,5%
新潟県,三条市,旭町ＳＳ,小売業,ガソリンスタンド,2%
新潟県,三条市,アメニティカーショップフジタ,その他業種,ー,5%
新潟県,三条市,ａｌｅｇｒｅ,サービス,理容・美容業,5%
新潟県,三条市,イーコンペ,小売業,その他小売,5%
新潟県,三条市,出光三条ＳＳ,小売業,ガソリンスタンド,2%
新潟県,三条市,出光三条県央ＳＳ,小売業,ガソリンスタンド,2%
新潟県,三条市,出光三条国道ＳＳ,小売業,ガソリンスタンド,2%
新潟県,三条市,出光三条田島ＳＳ,小売業,ガソリンスタンド,2%
新潟県,三条市,出光三条嵐南ＳＳ,小売業,ガソリンスタンド,2%
新潟県,三条市,出光ベガ三条ＳＳ,小売業,ガソリンスタンド,2%
新潟県,三条市,ｅプラザ三条島田店,小売業,電化製品,5%
新潟県,三条市,今井畳店,サービス,その他サービス,5%
新潟県,三条市,癒し髪処ＥＮＯＭＯＴＯ,サービス,理容・美容業,5%
新潟県,三条市,ウインドボーイ,小売業,その他小売,5%
新潟県,三条市,大崎,小売業,ガソリンスタンド,2%
新潟県,三条市,大嶋屋,その他業種,ー,5%
新潟県,三条市,オリックスレンタカー燕三条駅前店,サービス,その他サービス,2%
新潟県,三条市,学生専門ＳＨＯＰマサヤ三条店,小売業,衣料品,5%
新潟県,三条市,ＫＵＴＴＺＯＮＥＦＬＥＵＲ,サービス,理容・美容業,5%
新潟県,三条市,カットハウス パワー,サービス,理容・美容業,5%
新潟県,三条市,株式会社テーエム,その他業種,ー,5%
新潟県,三条市,釜焼鳥本舗おやひなや三条中央店,サービス,飲食業,5%
新潟県,三条市,からだのメンテナンス雅（みやび）,サービス,その他サービス,5%
新潟県,三条市,カレーハウスＣＯＣＯ壱番屋三条燕インター店,サービス,飲食業,2%
新潟県,三条市,神田板金,その他業種,ー,5%
新潟県,三条市,きもの京紅 燕三条店,小売業,その他小売,5%
新潟県,三条市,熊倉自動車,サービス,その他サービス,5%
新潟県,三条市,クリスタルサロンかざま三条店,小売業,衣料品,5%
新潟県,三条市,クレオ,サービス,飲食業,5%
新潟県,三条市,ｋｅｎ ｈａｉｒ ｃｒａｆｔ,サービス,理容・美容業,5%
新潟県,三条市,神戸クックワールドビュッフェ燕三条店,サービス,飲食業,2%
新潟県,三条市,ゴッドハンド,小売業,その他小売,5%
新潟県,三条市,小林モータース,その他業種,ー,5%
新潟県,三条市,ＣＯＭＧ！ 三条四日町店,小売業,書籍・玩具・音楽ＣＤ,5%
新潟県,三条市,ＣｏｎＳｅｎｓｅ,サービス,その他サービス,5%
新潟県,三条市,斉藤メガネ,小売業,その他小売,5%
新潟県,三条市,サルーン 三条店,サービス,飲食業,5%
新潟県,三条市,セブン－イレブン三条荒町２丁目店,小売業,食料品,2%
新潟県,三条市,三条インター,小売業,ガソリンスタンド,2%
新潟県,三条市,セブン－イレブン三条上保内店,小売業,食料品,2%
新潟県,三条市,セブン－イレブン三条下坂井店,小売業,食料品,2%
新潟県,三条市,セブン－イレブン三条下須頃店,小売業,食料品,2%
新潟県,三条市,三条市役所前,小売業,ガソリンスタンド,2%
新潟県,三条市,セブン－イレブン三条塚野目店,小売業,食料品,2%
新潟県,三条市,三条月岡ＳＳ,小売業,ガソリンスタンド,2%
新潟県,三条市,セブン－イレブン三条新堀店,小売業,食料品,2%
新潟県,三条市,セブンーイレブン三条西裏館店,小売業,食料品,2%
新潟県,三条市,三条西ＳＳ,小売業,ガソリンスタンド,2%
新潟県,三条市,セブン－イレブン三条西本成寺店,小売業,食料品,2%
新潟県,三条市,セブン－イレブン三条林町１丁目店,小売業,食料品,2%
新潟県,三条市,セブン－イレブン三条林町店,小売業,食料品,2%
新潟県,三条市,セブン－イレブン三条東本成寺店,小売業,食料品,2%
新潟県,三条市,ＪＥＮＴＥ,サービス,理容・美容業,5%
新潟県,三条市,ｊｅｎｔｅ,サービス,理容・美容業,5%
新潟県,三条市,下田ＳＳ,小売業,ガソリンスタンド,2%
新潟県,三条市,下田ＳＳ,小売業,ガソリンスタンド,2%
新潟県,三条市,下田自動車株式会社 下田自動車 株式会社,サービス,その他サービス,5%
新潟県,三条市,渋谷商店,小売業,総合（非専門）,5%
新潟県,三条市,清水輪業 株 桑切支店,小売業,ガソリンスタンド,2%
新潟県,三条市,旬菜厨房 和楽 県央店,サービス,飲食業,5%
新潟県,三条市,旬菜厨房和楽県央店,サービス,飲食業,5%
新潟県,三条市,旬鮮旬菜 鮮 旬鮮旬菜 鮮,サービス,飲食業,5%
新潟県,三条市,鈴善,小売業,電化製品,5%
新潟県,三条市,須藤凧屋,小売業,その他小売,5%
新潟県,三条市,スノーフェイス,サービス,理容・美容業,5%
新潟県,三条市,スポーツサイクル サカモト,小売業,その他小売,5%
新潟県,三条市,炭乃家 喜助,サービス,飲食業,5%
新潟県,三条市,ＳｌｉｍＤｅｔｏｘＨａｎｎａ,小売業,貴金属・服飾品,5%
新潟県,三条市,美容室ｓｌｏｔｈ,サービス,理容・美容業,5%
新潟県,三条市,セルフ三条保内ＳＳ あいせき,小売業,ガソリンスタンド,2%
新潟県,三条市,そば処 今泉,サービス,飲食業,5%
新潟県,三条市,鯛Ｃａｆｅ,サービス,飲食業,5%
新潟県,三条市,中越交通株式会社,サービス,運輸業,5%
新潟県,三条市,セブン－イレブン中越栄善久寺店,小売業,食料品,2%
新潟県,三条市,セブン－イレブン中越栄町今井店,小売業,食料品,2%
新潟県,三条市,セブン－イレブン中越栄町北潟店,小売業,食料品,2%
新潟県,三条市,セブン－イレブン中越栄町店,小売業,食料品,2%
新潟県,三条市,塚野目油槽所,小売業,ガソリンスタンド,2%
新潟県,三条市,燕三条酒場 かきもと,サービス,飲食業,5%
新潟県,三条市,ＴＫＯ Ｓｅｌｅｃｔ Ｓｈｏｐ Ｃａｆｅ Ｂａｒ ＴＫＯ,サービス,飲食業,5%
新潟県,三条市,Ｄｒ．Ｄｒｉｖｅセルフ三条南ＳＳ,小売業,ガソリンスタンド,2%
新潟県,三条市,Ｄｒ．Ｄｒｉｖｅセルフこうや店,小売業,ガソリンスタンド,2%
新潟県,三条市,Ｄｒ．Ｄｒｉｖｅセルフ三条店,小売業,ガソリンスタンド,2%
新潟県,三条市,飛岡理容所,サービス,理容・美容業,5%
新潟県,三条市,トヨタカローラ新潟三条店,小売業,その他小売,5%
新潟県,三条市,トヨタレンタリース新潟三条店,サービス,その他サービス,2%
新潟県,三条市,ナインオブヘアー ナインオブヘアー,サービス,理容・美容業,5%
新潟県,三条市,ナインオブヘアー,サービス,理容・美容業,5%
新潟県,三条市,ｎｅａｌ ｓｔｒｅｅｔ,サービス,理容・美容業,5%
新潟県,三条市,ヌーチェ,サービス,理容・美容業,5%
新潟県,三条市,ハ―ツつかのめＳＳ,小売業,ガソリンスタンド,2%
新潟県,三条市,ハーティスヘアデザイン,サービス,理容・美容業,5%
新潟県,三条市,パティスリーＲＯＯＴＳ,小売業,食料品,5%
新潟県,三条市,パナ・コスモス イシマル,小売業,電化製品,5%
新潟県,三条市,花てらす,その他業種,ー,5%
新潟県,三条市,ｐａｌｅｔｔｅ ｅｔ ｒｉｚ,小売業,その他小売,5%
新潟県,三条市,ｍｏｔｈｅｒｎａｔｕｒｅ,その他業種,ー,5%
新潟県,三条市,東三条ＳＳ,小売業,ガソリンスタンド,2%
新潟県,三条市,日の出電器,小売業,電化製品,5%
新潟県,三条市,ＢＩＢＡＪＡＭＨＡＩＲ,サービス,理容・美容業,5%
新潟県,三条市,藤田自動車 本社工場,その他業種,ー,5%
新潟県,三条市,古沢金物店 金物のフルサワ,小売業,その他小売,5%
新潟県,三条市,フレッシュ梅津,小売業,総合（非専門）,5%
新潟県,三条市,フロー,サービス,理容・美容業,5%
新潟県,三条市,ヘアーサロンアベ,サービス,理容・美容業,5%
新潟県,三条市,Ｈａｉｒ ｓｔｏｒｙ ＲＥ Ｏ Ｈａｉｒ Ｓｔｏｒｙ ＲＥ Ｏ,サービス,理容・美容業,5%
新潟県,三条市,へぎ蕎麦処 むろしま へぎ蕎麦処むろしま,サービス,飲食業,5%
新潟県,三条市,庖丁工房タダフサファクトリーショップ,小売業,電化製品,5%
新潟県,三条市,ホームファッションすみや ホームファッションスミヤ,小売業,その他小売,5%
新潟県,三条市,ＶＯＧＵＥ,サービス,飲食業,5%
新潟県,三条市,星野園 星野園イオン三条店,小売業,食料品,5%
新潟県,三条市,星野園 星野園本店,小売業,食料品,5%
新潟県,三条市,星野園 星野園大崎店,小売業,食料品,5%
新潟県,三条市,ホテルニューグリーン燕三条,サービス,宿泊業,5%
新潟県,三条市,マインドパークイセヤ ＳＳ,小売業,ガソリンスタンド,2%
新潟県,三条市,マギーアマドレーヌ,サービス,飲食業,5%
新潟県,三条市,マギーアマドレーヌ マギーア マドレーヌ,小売業,食料品,5%
新潟県,三条市,マクドナルド８号線燕三条店,サービス,飲食業,2%
新潟県,三条市,マニッシュ,サービス,理容・美容業,5%
新潟県,三条市,真野電機店,小売業,電化製品,5%
新潟県,三条市,ＭａｈｏＲａ,サービス,理容・美容業,5%
新潟県,三条市,マルイ大崎店,小売業,食料品,5%
新潟県,三条市,マルイ三条月岡店,小売業,食料品,5%
新潟県,三条市,マルイ塚野目店,小売業,食料品,5%
新潟県,三条市,マルイ本成寺店,小売業,食料品,5%
新潟県,三条市,マルセン荒町店,小売業,総合（非専門）,5%
新潟県,三条市,マルセン興野店,小売業,総合（非専門）,5%
新潟県,三条市,三本電機店,小売業,電化製品,5%
新潟県,三条市,見桝屋庭園の郷保内店,その他業種,ー,5%
新潟県,三条市,本宮自動車工場,サービス,その他サービス,5%
新潟県,三条市,もろはし美術店,小売業,その他小売,5%
新潟県,三条市,野菜の食卓 ベジテーブル,サービス,飲食業,5%
新潟県,三条市,ヤマトヤ 旭町店,小売業,食料品,5%
新潟県,三条市,有限会社コジマオート,サービス,その他サービス,5%
新潟県,三条市,有限会社本宮自動車工場 有限会社 本宮自動車工場,サービス,その他サービス,5%
新潟県,三条市,遊プラザ栄,小売業,ガソリンスタンド,2%
新潟県,三条市,ゆうむ いん,サービス,その他サービス,5%
新潟県,三条市,ＹＵＭＥＳＳＡ,サービス,理容・美容業,5%
新潟県,三条市,横田精肉店,小売業,総合（非専門）,5%
新潟県,三条市,ベルジュ美容室,サービス,理容・美容業,5%
新潟県,三条市,嵐渓荘,サービス,宿泊業,5%
新潟県,三条市,理容室 たかはし,サービス,理容・美容業,5%
新潟県,三条市,わいわい肴屋 海老勢,サービス,飲食業,5%
新潟県,新発田市,アーキヘアーカリス,サービス,理容・美容業,5%
新潟県,新発田市,あかたにヒュッゲ,サービス,飲食業,5%
新潟県,新発田市,茜ドライビングサービス,サービス,その他サービス,5%
新潟県,新発田市,あげいし化粧品店,小売業,その他小売,5%
新潟県,新発田市,居酒屋 とらぞう 居酒屋とらぞう,サービス,飲食業,5%
新潟県,新発田市,出光金塚ＳＳ,小売業,ガソリンスタンド,2%
新潟県,新発田市,出光新発田ＳＳ,小売業,ガソリンスタンド,2%
新潟県,新発田市,出光新発田中央ＳＳ,小売業,ガソリンスタンド,2%
新潟県,新発田市,出光セルフ豊浦,小売業,ガソリンスタンド,2%
新潟県,新発田市,出光セルフ舟入ＳＳ,小売業,ガソリンスタンド,2%
新潟県,新発田市,エンゼルコレクション,小売業,衣料品,5%
新潟県,新発田市,ＯＴ Ｅ?ｓｈｉｂａｔａ ＯＴ Ｅ?ｓｈｉｂａｔａ,小売業,衣料品,5%
新潟県,新発田市,オートピアマスイＳＳ,小売業,ガソリンスタンド,2%
新潟県,新発田市,オリックスレンタカー新発田店,サービス,その他サービス,2%
新潟県,新発田市,カイツ自動車株式会社,小売業,衣料品,5%
新潟県,新発田市,セブン－イレブン下越加治川店,小売業,食料品,2%
新潟県,新発田市,カットショップサクマ,サービス,理容・美容業,5%
新潟県,新発田市,カレーハウスＣｏＣｏ壱番屋新発田インター店,サービス,飲食業,2%
新潟県,新発田市,川東ＳＳ,小売業,ガソリンスタンド,2%
新潟県,新発田市,牛角新発田店,サービス,飲食業,2%
新潟県,新発田市,Ｃｏｏ＆ＲＩＫＵイオン新発田店,小売業,その他小売,5%
新潟県,新発田市,グローバルサービス,サービス,その他サービス,5%
新潟県,新発田市,化粧品のあげいし,小売業,その他小売,5%
新潟県,新発田市,合同会社ＭＡＳＵＧＡＴＡ バーベキュー王国,サービス,飲食業,5%
新潟県,新発田市,小林商店,小売業,その他小売,5%
新潟県,新発田市,さるーん 新発田店,サービス,飲食業,5%
新潟県,新発田市,澤村酒店,小売業,その他小売,5%
新潟県,新発田市,サンチャン写真館 緑町本店,サービス,その他サービス,5%
新潟県,新発田市,セブン－イレブン紫雲寺藤塚浜店,小売業,食料品,2%
新潟県,新発田市,セブン－イレブン新発田五十公野店,小売業,食料品,2%
新潟県,新発田市,セブンーイレブン新発田カルチャーセンター前店,小売業,食料品,2%
新潟県,新発田市,新発田北ＳＳ,小売業,ガソリンスタンド,2%
新潟県,新発田市,新発田給油所,小売業,ガソリンスタンド,2%
新潟県,新発田市,新発田コンタクトレンズセンター,小売業,その他小売,5%
新潟県,新発田市,セブン－イレブン新発田城北町店,小売業,食料品,2%
新潟県,新発田市,セブン－イレブン新発田新富町２丁目店,小売業,食料品,2%
新潟県,新発田市,セブン－イレブン新発田住吉５丁目店,小売業,食料品,2%
新潟県,新発田市,セブン－イレブン新発田住吉店,小売業,食料品,2%
新潟県,新発田市,セブン－イレブン新発田月岡温泉店,小売業,食料品,2%
新潟県,新発田市,セブン－イレブン新発田東新町２丁目店,小売業,食料品,2%
新潟県,新発田市,セブン－イレブン新発田富塚町３丁目店,小売業,食料品,2%
新潟県,新発田市,セブン－イレブン新発田西大手町店,小売業,食料品,2%
新潟県,新発田市,新発田バイパス店,小売業,ガソリンスタンド,2%
新潟県,新発田市,セブン－イレブン新発田日渡店,小売業,食料品,2%
新潟県,新発田市,セブン－イレブン新発田舟入３丁目店,小売業,食料品,2%
新潟県,新発田市,セブンーイレブン新発田三日市店,小売業,食料品,2%
新潟県,新発田市,新発田南,小売業,ガソリンスタンド,2%
新潟県,新発田市,セブン－イレブン新発田南バイパス店,小売業,食料品,2%
新潟県,新発田市,セブン－イレブン新発田御幸町店,小売業,食料品,2%
新潟県,新発田市,セブン－イレブン新発田豊町４丁目店,小売業,食料品,2%
新潟県,新発田市,シブヤ電器,小売業,電化製品,5%
新潟県,新発田市,車検のコバック 新発田店,サービス,その他サービス,5%
新潟県,新発田市,シャシン村 新発田店,サービス,その他サービス,5%
新潟県,新発田市,新保酒店,小売業,その他小売,5%
新潟県,新発田市,スーパーいまがわ川東店,小売業,総合（非専門）,5%
新潟県,新発田市,スーパーいまがわ紫雲寺店,小売業,総合（非専門）,5%
新潟県,新発田市,すたみな太郎 新発田店,サービス,飲食業,5%
新潟県,新発田市,Ｓｍｏｏｔｈ【スムース】,サービス,理容・美容業,5%
新潟県,新発田市,整体すった家,サービス,その他サービス,5%
新潟県,新発田市,整体すった家,サービス,その他サービス,5%
新潟県,新発田市,曽我祐介商店,小売業,衣料品,5%
新潟県,新発田市,梵－ｓｏｙｏｇｉ－,サービス,理容・美容業,5%
新潟県,新発田市,梵－ｓｏｙｏｇｉ－,サービス,理容・美容業,5%
新潟県,新発田市,直売 新発田,小売業,ガソリンスタンド,2%
新潟県,新発田市,直売県央,小売業,ガソリンスタンド,2%
新潟県,新発田市,月岡ＳＳ,小売業,ガソリンスタンド,2%
新潟県,新発田市,月岡ＳＳ,小売業,ガソリンスタンド,2%
新潟県,新発田市,月岡,小売業,ガソリンスタンド,2%
新潟県,新発田市,電化の越中屋,小売業,電化製品,5%
新潟県,新発田市,Ｄｒ．Ｄｒｉｖｅ新発田南バイパス店,小売業,ガソリンスタンド,2%
新潟県,新発田市,Ｄｒ．Ｄｒｉｖｅ ルート７新発田店,小売業,ガソリンスタンド,2%
新潟県,新発田市,トヨタカローラ新潟新発田店,小売業,その他小売,5%
新潟県,新発田市,トヨタレンタリース新潟新発田店,サービス,その他サービス,2%
新潟県,新発田市,トラットリアオラ・ハラクチェ,サービス,飲食業,5%
新潟県,新発田市,トラベル２１イオン新発田店,サービス,その他サービス,5%
新潟県,新発田市,鳥はし,サービス,飲食業,5%
新潟県,新発田市,ＮＡＧＡＩロングオート 新発田店,その他業種,ー,5%
新潟県,新発田市,なんじゃ村新発田店,小売業,その他小売,5%
新潟県,新発田市,ネイルサロンコフレ,サービス,その他サービス,5%
新潟県,新発田市,農家レストランぶどう畑,サービス,飲食業,5%
新潟県,新発田市,ＯＮＥ ＷＯＲＬＤ,サービス,理容・美容業,5%
新潟県,新発田市,バーベキュー王国,サービス,飲食業,5%
新潟県,新発田市,パソコン修理のドクタードライバー,サービス,その他サービス,5%
新潟県,新発田市,パソコン修理のドクタードライバー,サービス,その他サービス,5%
新潟県,新発田市,パティスリーロレーヌ,小売業,食料品,5%
新潟県,新発田市,ハミングの宿 華灯,サービス,宿泊業,5%
新潟県,新発田市,Ｐａｒａｄｅ新発田店,小売業,その他小売,5%
新潟県,新発田市,ピザテン・フォー 新潟新発田店 ２,サービス,その他サービス,5%
新潟県,新発田市,百花の里 城山温泉,サービス,飲食業,5%
新潟県,新発田市,風鈴屋,サービス,宿泊業,5%
新潟県,新発田市,ぶっちゃ家,サービス,飲食業,5%
新潟県,新発田市,ヘアーオアシス アーバービー,サービス,理容・美容業,5%
新潟県,新発田市,ヘアーステージ ソレイユ,サービス,理容・美容業,5%
新潟県,新発田市,ベルシュヴー・ドゥー,サービス,理容・美容業,5%
新潟県,新発田市,ベルシュヴー・ヒサオ,サービス,理容・美容業,5%
新潟県,新発田市,ＢＥＬＬ ＭＥＲ【ベル メール】,サービス,理容・美容業,5%
新潟県,新発田市,ＨＯＴ ＢＯＸ,小売業,書籍・玩具・音楽ＣＤ,5%
新潟県,新発田市,ホテル ひさご荘,サービス,宿泊業,5%
新潟県,新発田市,ホテルニューあけぼの,サービス,宿泊業,5%
新潟県,新発田市,（株）ホテル摩周,サービス,宿泊業,5%
新潟県,新発田市,本町ＳＳ,小売業,ガソリンスタンド,2%
新潟県,新発田市,ほんま商店,サービス,飲食業,5%
新潟県,新発田市,マクドナルドイオンモール新発田店,サービス,飲食業,2%
新潟県,新発田市,マクドナルド新発田店,サービス,飲食業,2%
新潟県,新発田市,マクドナルド７号線新発田店,サービス,飲食業,2%
新潟県,新発田市,ＭＡＳＵＧＡＴＡ ねこの手号,小売業,食料品,5%
新潟県,新発田市,ＭＡＳＵＧＡＴＡ 白鳥の宿ますがた荘,サービス,宿泊業,5%
新潟県,新発田市,ますがた荘,サービス,宿泊業,5%
新潟県,新発田市,ますがた荘,サービス,宿泊業,5%
新潟県,新発田市,マツダオートザムシバタ,サービス,その他サービス,5%
新潟県,新発田市,ホテル 丸井,サービス,宿泊業,5%
新潟県,新発田市,ミツル電工,小売業,電化製品,5%
新潟県,新発田市,緑の森動物クリニック,サービス,その他サービス,5%
新潟県,新発田市,村上館湯伝,サービス,宿泊業,5%
新潟県,新発田市,モア美,小売業,衣料品,5%
新潟県,新発田市,モア美,小売業,衣料品,5%
新潟県,新発田市,焼肉 まんてん,サービス,飲食業,5%
新潟県,新発田市,ＹＡＭＡＳＨＩＴＡ 新発田店,小売業,家具・調度品,5%
新潟県,新発田市,有限会社斉藤畳店,サービス,その他サービス,5%
新潟県,新発田市,豊町,小売業,ガソリンスタンド,2%
新潟県,新発田市,ライフネット 今川,小売業,電化製品,5%
新潟県,新発田市,理容いとう,サービス,理容・美容業,5%
新潟県,新発田市,レトロガール イオンモール新発田店,小売業,衣料品,5%
新潟県,新発田市,六本木ｔｈｅカフェ,サービス,飲食業,5%
新潟県,新発田市,わくわくファーム新発田店,小売業,食料品,5%
新潟県,新発田市,わくわくファーム月岡店,小売業,食料品,5%
新潟県,新発田市,ＯＮＥ ＷＯＲＬＤ,サービス,理容・美容業,5%
新潟県,上越市,アイエムタクシー株式会社,サービス,運輸業,5%
新潟県,上越市,ａｏｉ＋,サービス,理容・美容業,5%
新潟県,上越市,Ａｏｉ ｈａｉｒ,サービス,理容・美容業,5%
新潟県,上越市,アットワーク,その他業種,ー,5%
新潟県,上越市,アミング上越店,小売業,その他小売,5%
新潟県,上越市,ＡＬＩＣＥ ｂｙ Ｈａｉｒ Ｍｏｒｅ,サービス,理容・美容業,5%
新潟県,上越市,飯塚文具店,小売業,その他小売,5%
新潟県,上越市,居酒屋 謙信,サービス,飲食業,5%
新潟県,上越市,イシダデンキ,小売業,電化製品,5%
新潟県,上越市,板倉,小売業,ガソリンスタンド,2%
新潟県,上越市,いちかわ,小売業,衣料品,5%
新潟県,上越市,イチコ幸店,小売業,食料品,5%
新潟県,上越市,イチコ高田西店,小売業,食料品,5%
新潟県,上越市,イチコ高田南店,小売業,食料品,5%
新潟県,上越市,イチコ直江津店,小売業,食料品,5%
新潟県,上越市,イチコ直江津西店,小売業,食料品,5%
新潟県,上越市,出光かすがやまＳＳ,小売業,ガソリンスタンド,2%
新潟県,上越市,出光上越北ＳＳ,小売業,ガソリンスタンド,2%
新潟県,上越市,出光セルフ柿崎ＳＳ,小売業,ガソリンスタンド,2%
新潟県,上越市,出光セルフ上越ＳＳ,小売業,ガソリンスタンド,2%
新潟県,上越市,出光セルフ高田ＳＳ,小売業,ガソリンスタンド,2%
新潟県,上越市,出光高田中央ＳＳ,小売業,ガソリンスタンド,2%
新潟県,上越市,出光中郷インターＳＳ,小売業,ガソリンスタンド,2%
新潟県,上越市,出光安塚ＳＳ,小売業,ガソリンスタンド,2%
新潟県,上越市,ｅプラザ大和店,小売業,電化製品,5%
新潟県,上越市,うしだ屋,サービス,その他サービス,5%
新潟県,上越市,海の幸味どころ軍ちゃん 直江津店,サービス,飲食業,5%
新潟県,上越市,Ａコープ安塚店,小売業,総合（非専門）,5%
新潟県,上越市,ｆｍｐ上越店,小売業,家具・調度品,5%
新潟県,上越市,大谷文具店,小売業,その他小売,5%
新潟県,上越市,お食事の館・旅人の宿わすけ,サービス,宿泊業,5%
新潟県,上越市,おそうじ本舗直江津店,サービス,その他サービス,5%
新潟県,上越市,お宝中古市場 上越店,小売業,その他小売,5%
新潟県,上越市,お庭工房,その他業種,ー,5%
新潟県,上越市,オフィスジルベルト,その他業種,ー,5%
新潟県,上越市,お仏壇・京仏具・法衣の久家堂,小売業,家具・調度品,5%
新潟県,上越市,オリックスレンタカー上越店,サービス,その他サービス,2%
新潟県,上越市,オリックスレンタカー上越妙高駅前店,サービス,その他サービス,2%
新潟県,上越市,加賀ＳＳ ゼネラルオート株式会社,小売業,ガソリンスタンド,2%
新潟県,上越市,貸衣装 京舞,サービス,その他サービス,5%
新潟県,上越市,かじや,その他業種,ー,5%
新潟県,上越市,カット・ゾーンハレルヤ,サービス,理容・美容業,5%
新潟県,上越市,カットサロンまるやま カットサロンまるやま,サービス,理容・美容業,5%
新潟県,上越市,割烹 橋立 割烹橋立,サービス,飲食業,5%
新潟県,上越市,カーテック,小売業,その他小売,5%
新潟県,上越市,金井電器商会,小売業,電化製品,5%
新潟県,上越市,かな泉,サービス,飲食業,5%
新潟県,上越市,カフェ＆ダイニング リラックス,サービス,飲食業,5%
新潟県,上越市,ｃａｆｅダイニングＣｏＣｏ,サービス,飲食業,5%
新潟県,上越市,株式会社 内藤倉吉商店 ブラーバ上越ＳＳ,小売業,ガソリンスタンド,2%
新潟県,上越市,株式会社アバンダンス,その他業種,ー,5%
新潟県,上越市,株式会社柿崎自動車学校,その他業種,ー,5%
新潟県,上越市,株式会社タチカワ 上越支店 丸山亮,その他業種,ー,5%
新潟県,上越市,かみじま美容室,サービス,理容・美容業,5%
新潟県,上越市,Ｃｕｌｔｓ,サービス,理容・美容業,5%
新潟県,上越市,カルビ屋三夢上越店,サービス,飲食業,5%
新潟県,上越市,カレーハウスＣＯＣＯ壱番屋上越アルカディアシティ店,サービス,飲食業,2%
新潟県,上越市,北日本補聴器センター上越店,小売業,その他小売,5%
新潟県,上越市,キマチ本町店,サービス,その他サービス,5%
新潟県,上越市,ギャラリー謙信庵,その他業種,ー,5%
新潟県,上越市,ＧＡＬＦＩＴ・ジニー直江津店,小売業,衣料品,5%
新潟県,上越市,牛角高田店,サービス,飲食業,2%
新潟県,上越市,牛角直江津店,サービス,飲食業,2%
新潟県,上越市,キューピットバレイ,サービス,その他サービス,5%
新潟県,上越市,ＣｕＢｉｓｍ Ｌａｂ,サービス,理容・美容業,5%
新潟県,上越市,セブン－イレブンくびき工業団地店,小売業,食料品,2%
新潟県,上越市,クラフトハウスかわかみ,小売業,その他小売,5%
新潟県,上越市,ケア・タク合同会社,サービス,運輸業,5%
新潟県,上越市,けいこばぁばの農園,小売業,食料品,5%
新潟県,上越市,小池新聞店,小売業,その他小売,5%
新潟県,上越市,神戸クックワールドビュッフェ上越店,サービス,飲食業,2%
新潟県,上越市,こやま,小売業,電化製品,5%
新潟県,上越市,肴菜や 肴菜や,サービス,飲食業,5%
新潟県,上越市,さるーん 上越店,サービス,飲食業,5%
新潟県,上越市,ｓａｌｏｎ ｄｅ Ｎｅｉ 寧 サロンドネイ,サービス,その他サービス,5%
新潟県,上越市,汐彩の湯 みかく,サービス,宿泊業,5%
新潟県,上越市,自然堂つるや薬局春日山店,小売業,その他小売,5%
新潟県,上越市,下荒浜ＳＳ,小売業,ガソリンスタンド,2%
新潟県,上越市,合名会社春陽館書店,小売業,書籍・玩具・音楽ＣＤ,5%
新潟県,上越市,セブン－イレブン上越飯店,小売業,食料品,2%
新潟県,上越市,セブン－イレブン上越板倉店,小売業,食料品,2%
新潟県,上越市,セブン－イレブン上越稲田店,小売業,食料品,2%
新潟県,上越市,上越営業所,小売業,ガソリンスタンド,2%
新潟県,上越市,上越営業所,小売業,ガソリンスタンド,2%
新潟県,上越市,上越大橋 ＳＳ,小売業,ガソリンスタンド,2%
新潟県,上越市,セブン－イレブン上越柿崎インター店,小売業,食料品,2%
新潟県,上越市,セブン－イレブン上越春日野店,小売業,食料品,2%
新潟県,上越市,セブン－イレブン上越かに池店,小売業,食料品,2%
新潟県,上越市,セブン－イレブン上越川原町店,小売業,食料品,2%
新潟県,上越市,セブン－イレブン上越教育大学前店,小売業,食料品,2%
新潟県,上越市,セブン－イレブン上越頸城下中島店,小売業,食料品,2%
新潟県,上越市,セブン－イレブン上越高土町店,小売業,食料品,2%
新潟県,上越市,セブン－イレブン上越五智１丁目店,小売業,食料品,2%
新潟県,上越市,セブン－イレブン上越小船津浜店,小売業,食料品,2%
新潟県,上越市,セブン－イレブン上越下稲塚店,小売業,食料品,2%
新潟県,上越市,セブンーイレブン上越下門前店,小売業,食料品,2%
新潟県,上越市,セブン－イレブン上越新光町店,小売業,食料品,2%
新潟県,上越市,セブン－イレブン上越大豆１丁目店,小売業,食料品,2%
新潟県,上越市,セブン－イレブン上越東雲町店,小売業,食料品,2%
新潟県,上越市,セブンーイレブン上越名立店,小売業,食料品,2%
新潟県,上越市,セブン－イレブン上越福橋店,小売業,食料品,2%
新潟県,上越市,セブンーイレブン上越本町７丁目店,小売業,食料品,2%
新潟県,上越市,セブン－イレブン上越南城店,小売業,食料品,2%
新潟県,上越市,上越安塚ＳＳ,小売業,ガソリンスタンド,2%
新潟県,上越市,セブン－イレブン上越大和店,小売業,食料品,2%
新潟県,上越市,上新バイパスＳＳ,小売業,ガソリンスタンド,2%
新潟県,上越市,城北自動車販売,小売業,その他小売,5%
新潟県,上越市,食卓市場 かきや,小売業,総合（非専門）,5%
新潟県,上越市,スイングシューズおおしま,小売業,衣料品,5%
新潟県,上越市,末野新田ＳＳ,小売業,ガソリンスタンド,2%
新潟県,上越市,杉田自動車整備工場,サービス,その他サービス,5%
新潟県,上越市,スタイリストコラボ,小売業,衣料品,5%
新潟県,上越市,ストックバスターズ上越店,小売業,その他小売,5%
新潟県,上越市,創庫生活館春日山店,小売業,その他小売,5%
新潟県,上越市,創庫生活館上越店,小売業,その他小売,5%
新潟県,上越市,曽根田ＳＳ,小売業,ガソリンスタンド,2%
新潟県,上越市,有限会社タイヤサポート 上越本店,小売業,その他小売,5%
新潟県,上越市,高田ＳＳ,小売業,ガソリンスタンド,2%
新潟県,上越市,高台の宿 三景,サービス,宿泊業,5%
新潟県,上越市,竹田酒造店,小売業,その他小売,5%
新潟県,上越市,武田電機商会,小売業,電化製品,5%
新潟県,上越市,タチカワ上越営業所（法人販売）,その他業種,ー,5%
新潟県,上越市,立原酒店,小売業,食料品,5%
新潟県,上越市,タックス上越 有限会社イワモト自動車販売,小売業,その他小売,5%
新潟県,上越市,ｔａｂｂｙ,サービス,理容・美容業,5%
新潟県,上越市,中華食房ミーシャ,サービス,飲食業,5%
新潟県,上越市,有限会社つかさ商会,小売業,電化製品,5%
新潟県,上越市,ｔｓｕｍｕｇｉ ｈａｉｒ,サービス,理容・美容業,5%
新潟県,上越市,Ｄｒ．Ｄｒｉｖｅセルフ上越店,小売業,ガソリンスタンド,2%
新潟県,上越市,Ｄｒ．Ｄｒｉｖｅセルフ大学前店,小売業,ガソリンスタンド,2%
新潟県,上越市,Ｄｒ．Ｄｒｉｖｅセルフ高田店,小売業,ガソリンスタンド,2%
新潟県,上越市,徳永自動車整備工場,サービス,その他サービス,5%
新潟県,上越市,東邦ラジオ商会,小売業,電化製品,5%
新潟県,上越市,トヨタ部品新潟共販上越営業所,その他業種,ー,5%
新潟県,上越市,トヨタレンタリース新潟上越妙高駅前店,サービス,その他サービス,2%
新潟県,上越市,ＴＲＹ（有）中央電気サービス,小売業,電化製品,5%
新潟県,上越市,ドラッグゲンちゃん,小売業,総合（非専門）,5%
新潟県,上越市,直江津タクシー株式会社,サービス,運輸業,5%
新潟県,上越市,名立ＳＳ,小売業,ガソリンスタンド,2%
新潟県,上越市,名立モーター商会,サービス,その他サービス,5%
新潟県,上越市,なんじゃ村上越インター店,小売業,その他小売,5%
新潟県,上越市,なんじゃ村上越店,小売業,その他小売,5%
新潟県,上越市,なんじゃ村南高田店,小売業,その他小売,5%
新潟県,上越市,西沢商店,小売業,食料品,5%
新潟県,上越市,西高田,小売業,ガソリンスタンド,2%
新潟県,上越市,ニシヤマ電化,小売業,電化製品,5%
新潟県,上越市,ネイチャーリングホテル米本陣,サービス,宿泊業,5%
新潟県,上越市,ネイルズアジュール アコーレ上越店,サービス,理容・美容業,5%
新潟県,上越市,アトムチェーン上越東店,小売業,電化製品,5%
新潟県,上越市,ｎｅｖｅｒｌａｎｄ,小売業,その他小売,5%
新潟県,上越市,ハセガワ電化株式会社直江津店,小売業,電化製品,5%
新潟県,上越市,パティスリーオラランティ,サービス,飲食業,5%
新潟県,上越市,パナ コスモス コヤマ,小売業,電化製品,5%
新潟県,上越市,パナコスモス タマヤ,小売業,電化製品,5%
新潟県,上越市,花地蔵,小売業,その他小売,5%
新潟県,上越市,浜焼太郎上越高田店,サービス,飲食業,5%
新潟県,上越市,ぱるえむ,小売業,電化製品,5%
新潟県,上越市,Ｐａｒａｄｅ 上越インター店,小売業,その他小売,5%
新潟県,上越市,Ｐａｒａｄｅ上越インター店,小売業,その他小売,5%
新潟県,上越市,バンテック新潟,小売業,その他小売,5%
新潟県,上越市,ビーチホテル竹清（たけせい）,サービス,その他サービス,5%
新潟県,上越市,ＢＥ’ＰＯＲＴ,サービス,その他サービス,5%
新潟県,上越市,ビックリペトロ上越,小売業,ガソリンスタンド,2%
新潟県,上越市,美容室ｓｏｒａ,サービス,理容・美容業,5%
新潟県,上越市,ファナー・イルーシー上越高田店,小売業,衣料品,5%
新潟県,上越市,ｆａｍｉｌｌｅ－ｋｙｏｂｉ,サービス,理容・美容業,5%
新潟県,上越市,冨喜寄 大町店,サービス,飲食業,5%
新潟県,上越市,フジイホームサービス,小売業,電化製品,5%
新潟県,上越市,ブラーバ上越ＳＳ,小売業,ガソリンスタンド,2%
新潟県,上越市,プリズム馬場電機,小売業,電化製品,5%
新潟県,上越市,Ｈａｉｒ Ｏａｓｉｓ,サービス,理容・美容業,5%
新潟県,上越市,Ｈａｉｒ Ｍｏｒｅ Ｅａｓｔ,サービス,理容・美容業,5%
新潟県,上越市,ベアトラック（ＢＥＡＲ ＴＲＡＣＫ）,小売業,衣料品,5%
新潟県,上越市,ＨＡＩＲＭＯＲＥ,サービス,理容・美容業,5%
新潟県,上越市,ＨＡＩＲＬＯＵＮＧＥＫｉｓｓ－Ａ－Ｃｏ．,サービス,理容・美容業,5%
新潟県,上越市,細谷理容室,サービス,理容・美容業,5%
新潟県,上越市,ボディメイクサロンロハス,サービス,理容・美容業,5%
新潟県,上越市,ホテル ハイマート,サービス,宿泊業,5%
新潟県,上越市,マクドナルド上越高田店,サービス,飲食業,2%
新潟県,上越市,マクドナルド上越高田西店,サービス,飲食業,2%
新潟県,上越市,マクドナルド上越店,サービス,飲食業,2%
新潟県,上越市,有限会社 松井酒舗,小売業,食料品,5%
新潟県,上越市,松村自動車工業,サービス,その他サービス,5%
新潟県,上越市,株式会社武蔵野酒造,小売業,食料品,5%
新潟県,上越市,八木酒舗,小売業,食料品,5%
新潟県,上越市,やまざくら,小売業,総合（非専門）,5%
新潟県,上越市,有限会社越後石油柿崎ＳＳ,小売業,ガソリンスタンド,2%
新潟県,上越市,有限会社小菅石油店高田ＳＳ,小売業,ガソリンスタンド,2%
新潟県,上越市,有限会社田中輪業,サービス,その他サービス,5%
新潟県,上越市,有限会社 宮川ケンザイ,サービス,その他サービス,5%
新潟県,上越市,四辻ＳＳ,小売業,ガソリンスタンド,2%
新潟県,上越市,米久肉店,小売業,食料品,5%
新潟県,上越市,よりあい処 わっしょい,サービス,飲食業,5%
新潟県,上越市,株式会社寺嶋商店,その他業種,ー,5%
新潟県,上越市,理容おきた,サービス,理容・美容業,5%
新潟県,上越市,理容コバヤシ,サービス,理容・美容業,5%
新潟県,上越市,旅館 越路荘,サービス,宿泊業,5%
新潟県,上越市,レジーナスイーツアンドベーカリー,サービス,飲食業,5%
新潟県,上越市,ワイナリーレストラン金石の音,サービス,飲食業,5%
新潟県,上越市,ワコールガーデン上越べる・あみラフィーネ店,小売業,衣料品,5%
新潟県,上越市,和彩家 きょうらく,サービス,飲食業,5%
新潟県,聖籠町,オリックスレンタカー東港店,サービス,その他サービス,2%
新潟県,聖籠町,ｓａｌｏｎ ｄｅ ＬＯＨＡＳ,サービス,理容・美容業,5%
新潟県,聖籠町,諏訪山ＳＳ,小売業,ガソリンスタンド,2%
新潟県,聖籠町,聖籠ＳＳ,小売業,ガソリンスタンド,2%
新潟県,聖籠町,聖篭ＳＳ,小売業,ガソリンスタンド,2%
新潟県,聖籠町,セブン－イレブン聖籠諏訪山店,小売業,食料品,2%
新潟県,聖籠町,聖篭タクシー,サービス,運輸業,5%
新潟県,聖籠町,セブン－イレブン聖籠蓮野インター店,小売業,食料品,2%
新潟県,聖籠町,セブン－イレブン聖籠真野店,小売業,食料品,2%
新潟県,聖籠町,ほうせい丸,サービス,飲食業,5%
新潟県,聖籠町,ルート７蓮野インター,小売業,ガソリンスタンド,2%
新潟県,関川村,あらかわ荘,サービス,宿泊業,5%
新潟県,関川村,出光下関ＳＳ,小売業,ガソリンスタンド,2%
新潟県,関川村,出光セルフ関川ＳＳ,小売業,ガソリンスタンド,2%
新潟県,関川村,四季の郷 喜久屋,サービス,宿泊業,5%
新潟県,関川村,下関ＳＳ,小売業,ガソリンスタンド,2%
新潟県,関川村,スーパーＫマート関川店,小売業,総合（非専門）,5%
新潟県,関川村,セブン－イレブン関川土沢店,小売業,食料品,2%
新潟県,関川村,高橋屋観山荘,サービス,宿泊業,5%
新潟県,胎内市,安城自動車,その他業種,ー,5%
新潟県,胎内市,出光乙ＳＳ,小売業,ガソリンスタンド,2%
新潟県,胎内市,黒川バイパスＳＳ,小売業,ガソリンスタンド,2%
新潟県,胎内市,女性専用お顔剃りサロン Ｃｈａｒｏ?ＯＤＡ,サービス,理容・美容業,5%
新潟県,胎内市,ＳＬＩＣＫ ＨＯＵＳＥ,小売業,その他小売,5%
新潟県,胎内市,胎内ＳＳ,小売業,ガソリンスタンド,2%
新潟県,胎内市,セブン－イレブン胎内黒川店,小売業,食料品,2%
新潟県,胎内市,セブン－イレブン胎内新和店,小売業,食料品,2%
新潟県,胎内市,セブンーイレブン胎内中条店,小売業,食料品,2%
新潟県,胎内市,十和自動車株式会社,サービス,その他サービス,5%
新潟県,胎内市,トヨタカローラ新潟中条店,小売業,その他小売,5%
新潟県,胎内市,中条ＳＳ 有限会社加藤興業,小売業,ガソリンスタンド,2%
新潟県,胎内市,中条バイパスＳＳ,小売業,ガソリンスタンド,2%
新潟県,胎内市,セブン－イレブン中条本郷店,小売業,食料品,2%
新潟県,胎内市,南波電気店,小売業,電化製品,5%
新潟県,胎内市,ＢｅａｕｔｙＤｅｓｉｇｎＬＡＬＵＣＥ,サービス,理容・美容業,5%
新潟県,胎内市,美容室 倉子,サービス,理容・美容業,5%
新潟県,胎内市,HairResortJUN,サービス,理容・美容業,5%
新潟県,胎内市,ミズサワ,小売業,電化製品,5%
新潟県,胎内市,やまだや,小売業,衣料品,5%
新潟県,胎内市,理容おだ,サービス,理容・美容業,5%
新潟県,胎内市,理容タカハシ,サービス,理容・美容業,5%
新潟県,胎内市,Ｌｉｎｘ ｈａｉｒ,サービス,理容・美容業,5%
新潟県,胎内市,ロイヤル胎内パークホテル,サービス,宿泊業,5%
新潟県,田上町,出光ときめき翠台ＳＳ,小売業,ガソリンスタンド,2%
新潟県,田上町,セブン－イレブン越後田上店,小売業,食料品,2%
新潟県,田上町,越後のお宿わか竹,サービス,宿泊業,5%
新潟県,田上町,大塚行政書士社労士事務所,サービス,その他サービス,5%
新潟県,田上町,セブン－イレブン加茂田上町店,小売業,食料品,2%
新潟県,田上町,京家 田上店,小売業,食料品,5%
新潟県,田上町,小池商店,小売業,総合（非専門）,5%
新潟県,田上町,田上ＳＳ,小売業,ガソリンスタンド,2%
新潟県,田上町,田上ＳＳ,小売業,ガソリンスタンド,2%
新潟県,田上町,田巻輪店,サービス,その他サービス,5%
新潟県,田上町,ノナカ自動車,サービス,その他サービス,5%
新潟県,田上町,ｈａｉｒ ＡＥＲ,サービス,理容・美容業,5%
新潟県,田上町,ホテル小柳,サービス,宿泊業,5%
新潟県,津南町,旭商事株式会社,小売業,食料品,5%
新潟県,津南町,味処か久栄,サービス,飲食業,5%
新潟県,津南町,出光秋山郷ＳＳ,小売業,ガソリンスタンド,2%
新潟県,津南町,大割野ＳＳ 株式会社大阪屋商店,小売業,ガソリンスタンド,2%
新潟県,津南町,風巻タイヤ商会,小売業,その他小売,5%
新潟県,津南町,サンバード・コトブキヤ,小売業,衣料品,5%
新潟県,津南町,シマダ理容所,サービス,理容・美容業,5%
新潟県,津南町,筒井電気商会,小売業,電化製品,5%
新潟県,津南町,セブン－イレブン津南町十二ノ木店,小売業,食料品,2%
新潟県,津南町,セブン－イレブン津南町正面店,小売業,食料品,2%
新潟県,津南町,てーぶるくろす 津南店,小売業,食料品,5%
新潟県,津南町,ニュー・グリーンピア津南,サービス,宿泊業,5%
新潟県,津南町,花とほたる湯のさと雪国,サービス,宿泊業,5%
新潟県,津南町,福原時計メガネ店,小売業,その他小売,5%
新潟県,津南町,ヘアーサロンじゅん,サービス,理容・美容業,5%
新潟県,津南町,ママのおやつ津南店,サービス,飲食業,5%
新潟県,津南町,メルシー大割野店,小売業,総合（非専門）,5%
新潟県,津南町,メルシー津南,小売業,総合（非専門）,5%
新潟県,燕市,ＥＡＲＬ ＧＲＥＹ アールグレイ,小売業,その他小売,5%
新潟県,燕市,アミング燕三条店,小売業,その他小売,5%
新潟県,燕市,（有）飯塚石油 桜町給油所,小売業,ガソリンスタンド,2%
新潟県,燕市,居酒屋 夕凪,サービス,飲食業,5%
新潟県,燕市,石焼ステーキ贅 県央店,サービス,飲食業,5%
新潟県,燕市,板垣電器商会,小売業,電化製品,5%
新潟県,燕市,１１６吉田店,小売業,ガソリンスタンド,2%
新潟県,燕市,出光分水ＳＳ,小売業,ガソリンスタンド,2%
新潟県,燕市,出光リベラルよしだＳＳ,小売業,ガソリンスタンド,2%
新潟県,燕市,Ｍ Ｒオート,小売業,その他小売,5%
新潟県,燕市,大岩時計店,小売業,その他小売,5%
新潟県,燕市,オートショップ二輪館,小売業,その他小売,5%
新潟県,燕市,小川屋,サービス,飲食業,5%
新潟県,燕市,セブン－イレブン下越吉田下粟生津店,小売業,食料品,2%
新潟県,燕市,セブン－イレブン下越吉田西太田店,小売業,食料品,2%
新潟県,燕市,株式会社あさのや,小売業,食料品,5%
新潟県,燕市,株式会社燕タクシー １４号車,サービス,運輸業,5%
新潟県,燕市,株式会社トーダイ,小売業,家具・調度品,5%
新潟県,燕市,株式会社 藤沢総業,サービス,その他サービス,5%
新潟県,燕市,髪家空音,サービス,理容・美容業,5%
新潟県,燕市,川本電器,小売業,電化製品,5%
新潟県,燕市,カンダストアー,小売業,総合（非専門）,5%
新潟県,燕市,牛角燕三条店,サービス,飲食業,2%
新潟県,燕市,空創旬菜雷神県央店,サービス,飲食業,5%
新潟県,燕市,クレープショップ フランボワーズ クレープショップフランボワーズ,サービス,飲食業,5%
新潟県,燕市,コウエイ,小売業,電化製品,5%
新潟県,燕市,酒スーパータカハシ 酒スーパー高橋,小売業,食料品,5%
新潟県,燕市,酒スーパーみどり 酒スーパーみどり,小売業,食料品,5%
新潟県,燕市,サンライズツバメＳＳ,小売業,ガソリンスタンド,2%
新潟県,燕市,寿司割烹まる田,サービス,飲食業,5%
新潟県,燕市,ストックバスターズ燕本店,小売業,その他小売,5%
新潟県,燕市,セルフ燕工業団地ＳＳ,小売業,ガソリンスタンド,2%
新潟県,燕市,セルフ燕吉田ＳＳ,小売業,ガソリンスタンド,2%
新潟県,燕市,セルフ燕吉田 フル,小売業,ガソリンスタンド,2%
新潟県,燕市,ソロットオーディオ,小売業,電化製品,5%
新潟県,燕市,株式会社タケダＴＡＫＥＤＡＤＥＳＩＧＮＰＲＯＪＥＣＴ,小売業,衣料品,5%
新潟県,燕市,燕営業所,小売業,ガソリンスタンド,2%
新潟県,燕市,セブン－イレブン燕井土巻店,小売業,食料品,2%
新潟県,燕市,セブン－イレブン燕笈ケ島店,小売業,食料品,2%
新潟県,燕市,燕北ＳＳ,小売業,ガソリンスタンド,2%
新潟県,燕市,燕健友館健和堂,サービス,理容・美容業,5%
新潟県,燕市,燕小高ＳＳ,小売業,ガソリンスタンド,2%
新潟県,燕市,セブン－イレブン燕桜町店,小売業,食料品,2%
新潟県,燕市,セブン－イレブン燕佐渡店,小売業,食料品,2%
新潟県,燕市,セブン－イレブン燕水道町店,小売業,食料品,2%
新潟県,燕市,セブン－イレブン燕中央通店,小売業,食料品,2%
新潟県,燕市,セブン－イレブン燕八王寺店,小売業,食料品,2%
新潟県,燕市,燕南ＳＳ,小売業,ガソリンスタンド,2%
新潟県,燕市,セブン－イレブン燕南７丁目店,小売業,食料品,2%
新潟県,燕市,セブン－イレブン燕吉田法花堂店,小売業,食料品,2%
新潟県,燕市,でんきと住まいのアサヒドウ,小売業,電化製品,5%
新潟県,燕市,藤次郎ナイフギャラリー,小売業,その他小売,5%
新潟県,燕市,なんじゃ村燕三条店,小売業,その他小売,5%
新潟県,燕市,なんじゃ村燕店,小売業,その他小売,5%
新潟県,燕市,なんじゃ村吉田店,小売業,その他小売,5%
新潟県,燕市,沼権ＳＳ,小売業,ガソリンスタンド,2%
新潟県,燕市,ネイルリノ,サービス,理容・美容業,5%
新潟県,燕市,野島自動車商会,その他業種,ー,5%
新潟県,燕市,ぱーまはうすのぶこ,サービス,理容・美容業,5%
新潟県,燕市,パシフィックモーター,サービス,その他サービス,5%
新潟県,燕市,長谷川自動車,その他業種,ー,5%
新潟県,燕市,八王寺ＳＳ,小売業,ガソリンスタンド,2%
新潟県,燕市,パナ・コスモス ウエキ,小売業,電化製品,5%
新潟県,燕市,パナ・コスモス オカムラ,小売業,電化製品,5%
新潟県,燕市,パナ・コスモス カネデン,小売業,電化製品,5%
新潟県,燕市,バンビ プライベート サロン,サービス,理容・美容業,5%
新潟県,燕市,ピザテン・フォー 新潟燕三条店 ２,サービス,その他サービス,5%
新潟県,燕市,美藤鍼灸院,サービス,その他サービス,5%
新潟県,燕市,美容室Ｌｉｔｔｌｅｍｅ,サービス,理容・美容業,5%
新潟県,燕市,ひろ里 ひろ里,小売業,食料品,5%
新潟県,燕市,ＦＩＮＤＬＯＯＰ,サービス,理容・美容業,5%
新潟県,燕市,ＦＡＣＴＯＲＹ ＦＲＯＮＴ,小売業,その他小売,5%
新潟県,燕市,深海電機,小売業,電化製品,5%
新潟県,燕市,藤井石油 燕油槽所,小売業,ガソリンスタンド,2%
新潟県,燕市,プライベートサロン アドール,サービス,理容・美容業,5%
新潟県,燕市,分水ＳＳ,小売業,ガソリンスタンド,2%
新潟県,燕市,セブン－イレブン分水学校町店,小売業,食料品,2%
新潟県,燕市,分水東ＳＳ,小売業,ガソリンスタンド,2%
新潟県,燕市,Ｈａｉｒ Ｓａｌｏｎ ＫＡＩＺＵ,サービス,理容・美容業,5%
新潟県,燕市,ヘアーサロンホリ,サービス,理容・美容業,5%
新潟県,燕市,星野電業社,小売業,電化製品,5%
新潟県,燕市,マクドナルド１１６吉田店,サービス,飲食業,2%
新潟県,燕市,松長ＳＳ,小売業,ガソリンスタンド,2%
新潟県,燕市,マルイ燕小池店,小売業,食料品,5%
新潟県,燕市,マルイ分水店,小売業,食料品,5%
新潟県,燕市,マルイ吉田店,小売業,食料品,5%
新潟県,燕市,まるかんのお店県央店,サービス,理容・美容業,5%
新潟県,燕市,丸山屋,小売業,総合（非専門）,5%
新潟県,燕市,三好屋電器,小売業,電化製品,5%
新潟県,燕市,向町ＳＳ,小売業,ガソリンスタンド,2%
新潟県,燕市,焼肉 虎,サービス,飲食業,5%
新潟県,燕市,山内会館,その他業種,ー,5%
新潟県,燕市,ヤマダガレージ,サービス,その他サービス,5%
新潟県,燕市,有 銀座美容商会,その他業種,ー,5%
新潟県,燕市,有 さくら電機商会,小売業,電化製品,5%
新潟県,燕市,横田ＳＳ,小売業,ガソリンスタンド,2%
新潟県,燕市,吉田ＳＳ,小売業,ガソリンスタンド,2%
新潟県,燕市,吉田新国道ＳＳ,小売業,ガソリンスタンド,2%
新潟県,燕市,ＬＡＶＡＮ,サービス,理容・美容業,5%
新潟県,燕市,リトルルーム美容室,サービス,理容・美容業,5%
新潟県,燕市,リロンデルアトリエ,サービス,理容・美容業,5%
新潟県,燕市,Ｒｅｖｅ想,小売業,食料品,5%
新潟県,燕市,レストハウス華苑 レストハウス 華苑,サービス,飲食業,5%
新潟県,燕市,れんずかんぱにー,小売業,その他小売,5%
新潟県,燕市,和食カフェ えん,サービス,飲食業,5%
新潟県,燕市,ワタナベ電気,小売業,電化製品,5%
新潟県,十日町市,アーリオ,サービス,飲食業,5%
新潟県,十日町市,井川自動車,その他業種,ー,5%
新潟県,十日町市,和泉屋,サービス,宿泊業,5%
新潟県,十日町市,出光十日町ＳＳ,小売業,ガソリンスタンド,2%
新潟県,十日町市,出光四日町ＳＳ,小売業,ガソリンスタンド,2%
新潟県,十日町市,ｅプラザひらさわ店,小売業,電化製品,5%
新潟県,十日町市,魚沼営業所,小売業,ガソリンスタンド,2%
新潟県,十日町市,ＡＬＥ ｂｅｅｒ＆ｐｉｚｚａ,サービス,飲食業,5%
新潟県,十日町市,越後十日町小嶋屋本店,サービス,飲食業,5%
新潟県,十日町市,セブンーイレブン越後中里村田沢店,小売業,食料品,2%
新潟県,十日町市,エビスヤ,小売業,その他小売,5%
新潟県,十日町市,大塚屋商店,小売業,総合（非専門）,5%
新潟県,十日町市,カネコ写真館,サービス,その他サービス,5%
新潟県,十日町市,釜と七厘,サービス,飲食業,5%
新潟県,十日町市,醸す森,サービス,宿泊業,5%
新潟県,十日町市,川西ＳＳ,小売業,ガソリンスタンド,2%
新潟県,十日町市,きもの 絹都 コモド,小売業,衣料品,5%
新潟県,十日町市,クラッチ ヘアデザイン,サービス,理容・美容業,5%
新潟県,十日町市,くりや商店,小売業,総合（非専門）,5%
新潟県,十日町市,ケーキハウスアプリコット,サービス,飲食業,5%
新潟県,十日町市,ゲストハウス ハチャネ,サービス,その他サービス,5%
新潟県,十日町市,サウンドエース,小売業,書籍・玩具・音楽ＣＤ,5%
新潟県,十日町市,酒の宿玉城屋,サービス,宿泊業,5%
新潟県,十日町市,サバス,サービス,飲食業,5%
新潟県,十日町市,サバス,サービス,飲食業,5%
新潟県,十日町市,三洋自動車（株）,小売業,その他小売,5%
新潟県,十日町市,シーエス川西,小売業,その他小売,5%
新潟県,十日町市,菓子工房シェ・ヤマザキ,小売業,食料品,5%
新潟県,十日町市,菓子工房シェ ヤマザキ,小売業,食料品,5%
新潟県,十日町市,十一屋商店,小売業,総合（非専門）,5%
新潟県,十日町市,食料品と惣菜の店だいも,小売業,総合（非専門）,5%
新潟県,十日町市,スタジオ ハトヤ,小売業,その他小売,5%
新潟県,十日町市,スポーツプラザ エビスヤ,小売業,その他小売,5%
新潟県,十日町市,関芳十日町ＳＳ,小売業,ガソリンスタンド,2%
新潟県,十日町市,せともの屋 みさ伝,小売業,その他小売,5%
新潟県,十日町市,タイセイ自動車 株,サービス,その他サービス,5%
新潟県,十日町市,大地の芸術祭 ＭＵＳＥＵＭＳＨＯＰ,小売業,その他小売,5%
新潟県,十日町市,タオルのかみしん,小売業,その他小売,5%
新潟県,十日町市,田村自動車,小売業,その他小売,5%
新潟県,十日町市,セブン－イレブン中越松代店,小売業,食料品,2%
新潟県,十日町市,妻有ビール,その他業種,ー,5%
新潟県,十日町市,でんきと住まいのユニックイワサキ,小売業,電化製品,5%
新潟県,十日町市,土市ＳＳ,小売業,ガソリンスタンド,2%
新潟県,十日町市,十日町下条ＳＳ,小売業,ガソリンスタンド,2%
新潟県,十日町市,十日町伊達ＳＳ 山松商店,小売業,ガソリンスタンド,2%
新潟県,十日町市,十日町春日町ＳＳ,小売業,ガソリンスタンド,2%
新潟県,十日町市,セブン－イレブン十日町下条店,小売業,食料品,2%
新潟県,十日町市,セブン－イレブン十日町高山店,小売業,食料品,2%
新潟県,十日町市,セブン－イレブン十日町千歳町２丁目店,小売業,食料品,2%
新潟県,十日町市,十日町中央ＳＳ,小売業,ガソリンスタンド,2%
新潟県,十日町市,セブン－イレブン十日町中条店,小売業,食料品,2%
新潟県,十日町市,セブン－イレブン十日町西店,小売業,食料品,2%
新潟県,十日町市,セブン－イレブン十日町本町店,小売業,食料品,2%
新潟県,十日町市,トヨタレンタリース新潟十日町店,サービス,その他サービス,2%
新潟県,十日町市,中里ＳＳ,小売業,ガソリンスタンド,2%
新潟県,十日町市,Ｐａｒａｄｅ十日町店,小売業,その他小売,5%
新潟県,十日町市,ひなの宿ちとせ,サービス,宿泊業,5%
新潟県,十日町市,ピュアブリッヂなかさとＳＳ,小売業,ガソリンスタンド,2%
新潟県,十日町市,美容室ＳＯＲＡ,サービス,理容・美容業,5%
新潟県,十日町市,Ｈａｉｒ Ｓａｌｏｎ Ｆａｌｎ,サービス,理容・美容業,5%
新潟県,十日町市,星峠宿 ＣＨＡＹＡ,サービス,飲食業,5%
新潟県,十日町市,ホテルしみず,サービス,宿泊業,5%
新潟県,十日町市,松乃寿司,サービス,飲食業,5%
新潟県,十日町市,マリーナ,小売業,貴金属・服飾品,5%
新潟県,十日町市,丸喜食料品店,小売業,総合（非専門）,5%
新潟県,十日町市,（有）マルミ電化サービス,小売業,電化製品,5%
新潟県,十日町市,ミールクラフト,小売業,食料品,5%
新潟県,十日町市,むらけん酒店,小売業,その他小売,5%
新潟県,十日町市,村山理容院,サービス,理容・美容業,5%
新潟県,十日町市,めがね工房ハトヤ,小売業,その他小売,5%
新潟県,十日町市,やきとり大吉,サービス,飲食業,5%
新潟県,十日町市,ヤナショウ,小売業,衣料品,5%
新潟県,十日町市,有限会社はとり,小売業,衣料品,5%
新潟県,十日町市,理容からさわ,サービス,理容・美容業,5%
新潟県,十日町市,理容フタバ,サービス,理容・美容業,5%
新潟県,長岡市,ＡａｌｌａＺ長岡,サービス,飲食業,5%
新潟県,長岡市,セブン－イレブンアオーレ長岡店,小売業,食料品,2%
新潟県,長岡市,Ａｃｃｕｅｉｌｌｉｒ ｇｒａｃｅ,サービス,理容・美容業,5%
新潟県,長岡市,あげ家 松兵衛,小売業,食料品,5%
新潟県,長岡市,アミング長岡店,小売業,その他小売,5%
新潟県,長岡市,ＡＬ ＣＥＰＰＯ サバン （アルチェッポサバン）,サービス,飲食業,5%
新潟県,長岡市,安田屋,小売業,総合（非専門）,5%
新潟県,長岡市,居酒屋 むら,サービス,飲食業,5%
新潟県,長岡市,石焼ステーキ贅 長岡アクロスプラザ店,サービス,飲食業,5%
新潟県,長岡市,石焼ステーキ贅 長岡古正寺店,サービス,飲食業,5%
新潟県,長岡市,出光表町ＳＳ,小売業,ガソリンスタンド,2%
新潟県,長岡市,出光くもいでＳＳ,小売業,ガソリンスタンド,2%
新潟県,長岡市,出光栄町ＳＳ,小売業,ガソリンスタンド,2%
新潟県,長岡市,出光セルフ江陽ＳＳ,小売業,ガソリンスタンド,2%
新潟県,長岡市,出光セルフひごしＳＳ,小売業,ガソリンスタンド,2%
新潟県,長岡市,出光栃尾ＳＳ,小売業,ガソリンスタンド,2%
新潟県,長岡市,出光栃尾西ＳＳ,小売業,ガソリンスタンド,2%
新潟県,長岡市,出光長岡インターＳＳ,小売業,ガソリンスタンド,2%
新潟県,長岡市,出光長岡中央ＳＳ,小売業,ガソリンスタンド,2%
新潟県,長岡市,出光南部今井町ＳＳ,小売業,ガソリンスタンド,2%
新潟県,長岡市,出光山古志ＳＳ,小売業,ガソリンスタンド,2%
新潟県,長岡市,ｅプラザ長岡栃尾店,小売業,電化製品,5%
新潟県,長岡市,ｅプラザ長岡光店,小売業,電化製品,5%
新潟県,長岡市,今町ＳＳ,小売業,ガソリンスタンド,2%
新潟県,長岡市,ｖａｒｉｅｒ,サービス,理容・美容業,5%
新潟県,長岡市,ＷＩＬＬ （ウィル）,サービス,理容・美容業,5%
新潟県,長岡市,ウルマ電機 下々条工場,小売業,その他小売,5%
新潟県,長岡市,ウルマ電機 宮内営業所,小売業,その他小売,5%
新潟県,長岡市,営業部,小売業,ガソリンスタンド,2%
新潟県,長岡市,営業部 卸,小売業,ガソリンスタンド,2%
新潟県,長岡市,営業部 長岡直売,小売業,ガソリンスタンド,2%
新潟県,長岡市,栄進堂,小売業,電化製品,5%
新潟県,長岡市,ＡＣＥ Ｈａｉｒ ＡＢＥ,サービス,理容・美容業,5%
新潟県,長岡市,江口電気商会,小売業,電化製品,5%
新潟県,長岡市,エコサロン,サービス,理容・美容業,5%
新潟県,長岡市,ＥＳＴＯＭＡＧＯ ｅｓｔｏｍａｇｏ,サービス,飲食業,5%
新潟県,長岡市,ＥＳ ＨＡＩＲ,サービス,理容・美容業,5%
新潟県,長岡市,越後十日町小嶋屋長岡店,サービス,飲食業,5%
新潟県,長岡市,株式会社 縁ｅｎｉｓｈｉ,サービス,その他サービス,5%
新潟県,長岡市,Ｍｎａｉｌ,サービス,理容・美容業,5%
新潟県,長岡市,おおかわ電気商会,小売業,電化製品,5%
新潟県,長岡市,大手交通 本社営業所,サービス,運輸業,5%
新潟県,長岡市,小国新町ＳＳ,小売業,ガソリンスタンド,2%
新潟県,長岡市,株式会社 小熊勇商店,小売業,食料品,5%
新潟県,長岡市,お米のたかさか,小売業,食料品,5%
新潟県,長岡市,お茶の覚張,小売業,食料品,5%
新潟県,長岡市,オリックスレンタカー長岡駅前店,サービス,その他サービス,2%
新潟県,長岡市,オリックスレンタカー長岡川崎店,サービス,その他サービス,2%
新潟県,長岡市,恩田電機商会山田店,小売業,電化製品,5%
新潟県,長岡市,ＣＡＲ ＢＥＡＵＴＹ ＰＲＯ ＷＡＴＡＮＡＢＥ,サービス,その他サービス,5%
新潟県,長岡市,カイロプラクティックヘルスケアセンター下山店,サービス,理容・美容業,5%
新潟県,長岡市,カザマ東神田,小売業,ガソリンスタンド,2%
新潟県,長岡市,ガスショップ栃尾店,サービス,その他サービス,5%
新潟県,長岡市,Ｃｕｔ Ｓａｌｏｎ ＡＴＡＲＵ Ｃｕｔ Ｓａｌｏｎ ＡＴＡＲＵ,サービス,理容・美容業,5%
新潟県,長岡市,要町ＳＳ,小売業,ガソリンスタンド,2%
新潟県,長岡市,カネウチスポーツ,小売業,その他小売,5%
新潟県,長岡市,Ｃａｆｆｅ＆Ｂａｒ ＰＡＳＳＡＧＥ,サービス,飲食業,5%
新潟県,長岡市,株式会社イマイエネルギー 長岡東バイパス営業所,小売業,ガソリンスタンド,2%
新潟県,長岡市,株式会社高田屋商店,小売業,食料品,5%
新潟県,長岡市,株式会社タチカワ 長岡支店 内藤孝夫,その他業種,ー,5%
新潟県,長岡市,（株式会社ティーエフニイガタ）美容室ＴＡＫＩ長岡東店,サービス,理容・美容業,5%
新潟県,長岡市,株式会社原田通機,サービス,その他サービス,5%
新潟県,長岡市,髪床らいと,サービス,理容・美容業,5%
新潟県,長岡市,カレーハウスＣＯＣＯ壱番屋イエローハットシティ長岡店,サービス,飲食業,2%
新潟県,長岡市,川崎電化商会 川崎電化商会,小売業,電化製品,5%
新潟県,長岡市,川庄米穀店,小売業,食料品,5%
新潟県,長岡市,カンダプロセス,サービス,その他サービス,5%
新潟県,長岡市,神林精肉店,小売業,食料品,5%
新潟県,長岡市,北日本補聴器センター長岡店,小売業,その他小売,5%
新潟県,長岡市,きもの京紅 長岡店,サービス,宿泊業,5%
新潟県,長岡市,牛角長岡店,サービス,飲食業,2%
新潟県,長岡市,Ｃｕｂｉｃ,サービス,理容・美容業,5%
新潟県,長岡市,くすり 資生堂化粧品扇長,小売業,その他小売,5%
新潟県,長岡市,グランピエール 大石,小売業,食料品,5%
新潟県,長岡市,ゲイムヘア,サービス,理容・美容業,5%
新潟県,長岡市,セブンーイレブンＫＯＹＯ立川綜合病院店,小売業,食料品,2%
新潟県,長岡市,コスモステージ三和,小売業,ガソリンスタンド,2%
新潟県,長岡市,ごっつぉ厨房 和楽 長岡店,サービス,飲食業,5%
新潟県,長岡市,ごっつお厨房和楽長岡店,サービス,飲食業,5%
新潟県,長岡市,こども服のお店Ｌｉｎｋ８２,小売業,衣料品,5%
新潟県,長岡市,米屋 おおくら,小売業,食料品,5%
新潟県,長岡市,さくらや釣具店,小売業,その他小売,5%
新潟県,長岡市,佐藤豆腐店,小売業,食料品,5%
新潟県,長岡市,Ｓａｌｕｄ Ｈａｉｒ ＳａｌｕｄＨａｉｒ,サービス,理容・美容業,5%
新潟県,長岡市,サルーン 長岡店,サービス,飲食業,5%
新潟県,長岡市,リサイクルショップサルフ,小売業,家具・調度品,5%
新潟県,長岡市,サロンドゥ・ディノ,サービス,理容・美容業,5%
新潟県,長岡市,ビジネスホテル サンパレス,サービス,宿泊業,5%
新潟県,長岡市,?Ｍｕ－ｔｅ,サービス,理容・美容業,5%
新潟県,長岡市,ｃｉｅｌ,サービス,理容・美容業,5%
新潟県,長岡市,地酒サンマート 地酒サンマート,小売業,食料品,5%
新潟県,長岡市,ＪｉＪＩ,サービス,理容・美容業,5%
新潟県,長岡市,渋海自動車,小売業,その他小売,5%
新潟県,長岡市,ジョイコン,小売業,その他小売,5%
新潟県,長岡市,ＪＩＮＲＯＫＵ,サービス,飲食業,5%
新潟県,長岡市,杉本米穀店,小売業,食料品,5%
新潟県,長岡市,炭吉商店 炭吉商店,小売業,食料品,5%
新潟県,長岡市,清造農園,小売業,食料品,5%
新潟県,長岡市,セシルヘアー Ｃ ＥＣＩＬＥ ＨＡＩＲ,サービス,理容・美容業,5%
新潟県,長岡市,セルフ寺泊大町ＳＳ,小売業,ガソリンスタンド,2%
新潟県,長岡市,セルフ長岡曙ＳＳ,小売業,ガソリンスタンド,2%
新潟県,長岡市,セルフ長岡大橋ＳＳ,小売業,ガソリンスタンド,2%
新潟県,長岡市,セルフ長岡バイパスＳＳ,小売業,ガソリンスタンド,2%
新潟県,長岡市,全農,小売業,ガソリンスタンド,2%
新潟県,長岡市,総合エネルギー 株 高見町ＳＳ,小売業,ガソリンスタンド,2%
新潟県,長岡市,総合電化正電,小売業,電化製品,5%
新潟県,長岡市,創作居酒屋繋,サービス,飲食業,5%
新潟県,長岡市,田覚商店,小売業,食料品,5%
新潟県,長岡市,たかさかＳＳ,小売業,ガソリンスタンド,2%
新潟県,長岡市,滝谷ＳＳ,小売業,ガソリンスタンド,2%
新潟県,長岡市,竹日電機商会,その他業種,ー,5%
新潟県,長岡市,タチカワ長岡支店（法人販売）,その他業種,ー,5%
新潟県,長岡市,田中清助商店 田中清助商店本店,小売業,食料品,5%
新潟県,長岡市,玉源,小売業,電化製品,5%
新潟県,長岡市,セブン－イレブン中越川口店,小売業,食料品,2%
新潟県,長岡市,セブン－イレブン中越中之島店,小売業,食料品,2%
新潟県,長岡市,中華大吉 今朝白店,サービス,飲食業,5%
新潟県,長岡市,中国酒ダイニング巴馬,サービス,飲食業,5%
新潟県,長岡市,鉄工町ＳＳ,小売業,ガソリンスタンド,2%
新潟県,長岡市,寺沢動物病院,その他業種,ー,5%
新潟県,長岡市,寺泊北新館,サービス,宿泊業,5%
新潟県,長岡市,寺泊Ｒ１１６セルフＳＳ,小売業,ガソリンスタンド,2%
新潟県,長岡市,セブン－イレブン寺泊大河津店,小売業,食料品,2%
新潟県,長岡市,寺泊倉庫,小売業,ガソリンスタンド,2%
新潟県,長岡市,寺泊東ＳＳ,小売業,ガソリンスタンド,2%
新潟県,長岡市,寺泊岬温泉ホテル飛鳥,サービス,宿泊業,5%
新潟県,長岡市,ＤＥＬＩ ＣＡＦＥ テッチーナ クッチーナ ＤＥＬＩ ＣＡＦＥ テッチーナ クッチーナ,サービス,飲食業,5%
新潟県,長岡市,電化のヤマギシ,小売業,電化製品,5%
新潟県,長岡市,でんきと住まいのオオツカ,小売業,電化製品,5%
新潟県,長岡市,でんきと住まいのさとう,小売業,電化製品,5%
新潟県,長岡市,でんきと住まいのただ,小売業,電化製品,5%
新潟県,長岡市,Ｄｒ．Ｄｒｉｖｅセルフ古正寺店,小売業,ガソリンスタンド,2%
新潟県,長岡市,Ｄｒ．Ｄｒｉｖｅセルフ長岡インター店,小売業,ガソリンスタンド,2%
新潟県,長岡市,Ｄｒ．Ｄｒｉｖｅセルフ七日町店,小売業,ガソリンスタンド,2%
新潟県,長岡市,ドクタードライブ長岡,小売業,ガソリンスタンド,2%
新潟県,長岡市,Ｄｒ．Ｄｒｉｖｅセルフ長岡蔵王ＳＳ,小売業,ガソリンスタンド,2%
新潟県,長岡市,Ｄｒ．Ｄｒｉｖｅ東長岡店,小売業,ガソリンスタンド,2%
新潟県,長岡市,栃尾ＳＳ,小売業,ガソリンスタンド,2%
新潟県,長岡市,トヨタ部品新潟共販長岡営業所,その他業種,ー,5%
新潟県,長岡市,トヨタレンタリース新潟長岡店,サービス,その他サービス,2%
新潟県,長岡市,トヨタレンタリース新潟長岡インター店,サービス,その他サービス,2%
新潟県,長岡市,とんかつ太郎 小国店 とんかつ太郎小国店,サービス,飲食業,5%
新潟県,長岡市,長岡曙ＳＳ,小売業,ガソリンスタンド,2%
新潟県,長岡市,セブン－イレブン長岡旭町店,小売業,食料品,2%
新潟県,長岡市,セブンーイレブン長岡新町店,小売業,食料品,2%
新潟県,長岡市,長岡営業所,小売業,ガソリンスタンド,2%
新潟県,長岡市,セブン－イレブン長岡駅東口通り店,小売業,食料品,2%
新潟県,長岡市,セブン－イレブン長岡大島本町３丁目店,小売業,食料品,2%
新潟県,長岡市,セブン－イレブン長岡小国町店,小売業,食料品,2%
新潟県,長岡市,セブンーイレブン長岡表町店,小売業,食料品,2%
新潟県,長岡市,セブン－イレブン長岡上岩井店,小売業,食料品,2%
新潟県,長岡市,セブン－イレブン長岡上富岡店,小売業,食料品,2%
新潟県,長岡市,セブン－イレブン長岡古正寺店,小売業,食料品,2%
新潟県,長岡市,セブン－イレブン長岡下々条店,小売業,食料品,2%
新潟県,長岡市,長岡商品センター,小売業,ガソリンスタンド,2%
新潟県,長岡市,セブン－イレブン長岡新組町店,小売業,食料品,2%
新潟県,長岡市,長岡新産ＳＳ,小売業,ガソリンスタンド,2%
新潟県,長岡市,長岡石材センター,小売業,その他小売,5%
新潟県,長岡市,セブン－イレブン長岡関原南店,小売業,食料品,2%
新潟県,長岡市,長岡タクシー 本社,サービス,運輸業,5%
新潟県,長岡市,セブン－イレブン長岡堤町店,小売業,食料品,2%
新潟県,長岡市,セブン－イレブン長岡寺島町店,小売業,食料品,2%
新潟県,長岡市,セブン－イレブン長岡中沢４丁目店,小売業,食料品,2%
新潟県,長岡市,セブン－イレブン長岡中島７丁目店,小売業,食料品,2%
新潟県,長岡市,セブン－イレブン長岡永田店,小売業,食料品,2%
新潟県,長岡市,セブン－イレブン長岡西千手店,小売業,食料品,2%
新潟県,長岡市,セブン－イレブン長岡日赤町１丁目店,小売業,食料品,2%
新潟県,長岡市,長岡ニュ―タウンＳＳ,小売業,ガソリンスタンド,2%
新潟県,長岡市,セブン－イレブン長岡蓮潟店,小売業,食料品,2%
新潟県,長岡市,長岡東バイパス,小売業,ガソリンスタンド,2%
新潟県,長岡市,長岡文化ＳＳ,小売業,ガソリンスタンド,2%
新潟県,長岡市,セブン－イレブン長岡北陽店,小売業,食料品,2%
新潟県,長岡市,セブン－イレブン長岡南七日町店,小売業,食料品,2%
新潟県,長岡市,セブン－イレブン長岡宮内駅前通り店,小売業,食料品,2%
新潟県,長岡市,セブン－イレブン長岡宮関店,小売業,食料品,2%
新潟県,長岡市,長岡野菜加工研究会,小売業,食料品,5%
新潟県,長岡市,中島ＳＳ,小売業,ガソリンスタンド,2%
新潟県,長岡市,中之島ＳＳ,小売業,ガソリンスタンド,2%
新潟県,長岡市,中之島東ＳＳ,小売業,ガソリンスタンド,2%
新潟県,長岡市,なんじゃ村旭岡店,小売業,その他小売,5%
新潟県,長岡市,なんじゃ村喜多町店,小売業,その他小売,5%
新潟県,長岡市,新潟中央部品長岡店,小売業,その他小売,5%
新潟県,長岡市,ニコラス,サービス,飲食業,5%
新潟県,長岡市,西脇理容所,サービス,理容・美容業,5%
新潟県,長岡市,ネイルスタジオＡ,サービス,理容・美容業,5%
新潟県,長岡市,ＮＯ（Ｎ）ＡＭＥ？,サービス,理容・美容業,5%
新潟県,長岡市,能登電気商会,小売業,電化製品,5%
新潟県,長岡市,蓮潟ＳＳ,小売業,ガソリンスタンド,2%
新潟県,長岡市,早川米穀店,小売業,食料品,5%
新潟県,長岡市,薔薇電化,小売業,電化製品,5%
新潟県,長岡市,Ｐａｒａｄｅ長岡アークガレリア店,小売業,その他小売,5%
新潟県,長岡市,Ｐａｒａｄｅ 長岡アークガレリア店,小売業,衣料品,5%
新潟県,長岡市,パワーフィッシング,小売業,その他小売,5%
新潟県,長岡市,パワーフィッシング,小売業,その他小売,5%
新潟県,長岡市,日越,小売業,その他小売,5%
新潟県,長岡市,ピュアやまざき,小売業,衣料品,5%
新潟県,長岡市,美容室おぐに,サービス,理容・美容業,5%
新潟県,長岡市,美容室ローランサン,サービス,理容・美容業,5%
新潟県,長岡市,廣田建具店,サービス,その他サービス,5%
新潟県,長岡市,ファーストコンタクト長岡店,小売業,貴金属・服飾品,5%
新潟県,長岡市,Ｂｏｏ ｓ Ｃａｆｅ,サービス,飲食業,5%
新潟県,長岡市,ｆｏｏｄ ｐａｎｔｒｙ 寺泊 ひろた,小売業,総合（非専門）,5%
新潟県,長岡市,フエキ・サウンド・クリエイト,サービス,その他サービス,5%
新潟県,長岡市,深澤理容所,サービス,理容・美容業,5%
新潟県,長岡市,福原ミート,小売業,食料品,5%
新潟県,長岡市,フジヤマ果実店,その他業種,ー,5%
新潟県,長岡市,豚専酒場 樹,サービス,飲食業,5%
新潟県,長岡市,ふとんのまるみや,小売業,家具・調度品,5%
新潟県,長岡市,ブラーバ千歳ＳＳ,小売業,ガソリンスタンド,2%
新潟県,長岡市,プライオリティ・オプティシャンズ,小売業,その他小売,5%
新潟県,長岡市,フランス酒場 ｍｅｌｉ?ｍｅｌｏ,サービス,飲食業,5%
新潟県,長岡市,ブルーコーン,その他業種,ー,5%
新潟県,長岡市,フレンチダイニング アシェット,サービス,飲食業,5%
新潟県,長岡市,ヘアーアンドフェイスカワサキ,サービス,理容・美容業,5%
新潟県,長岡市,Ｈａｉｒ ＳＴ ＯＧＯＳＥ,サービス,理容・美容業,5%
新潟県,長岡市,ｈａｉｒ ｇａｒｄｅｎ Ｒｏｌｄ 長岡店,サービス,理容・美容業,5%
新潟県,長岡市,Ｈａｉｒ ｓａｌｏｎ Ｏｋａｗａ,サービス,理容・美容業,5%
新潟県,長岡市,ヘアーサロンヤマザキ,サービス,理容・美容業,5%
新潟県,長岡市,ヘア×エステ ＧａＤａＹ,サービス,理容・美容業,5%
新潟県,長岡市,ヘアデザイン ジョイ,サービス,理容・美容業,5%
新潟県,長岡市,ベストメガネコンタクト,小売業,その他小売,5%
新潟県,長岡市,ほぐしの名人 長岡蔵王店,サービス,その他サービス,5%
新潟県,長岡市,ほぐしの名人 長岡美沢店,サービス,その他サービス,5%
新潟県,長岡市,ほぐしの名人 長岡アークガレリア店,サービス,その他サービス,5%
新潟県,長岡市,北陸ホームエネルギー,サービス,その他サービス,5%
新潟県,長岡市,ホワイトスピリッツセルフ長岡,小売業,ガソリンスタンド,2%
新潟県,長岡市,本田電機商会,小売業,電化製品,5%
新潟県,長岡市,ホンダワークス,サービス,その他サービス,5%
新潟県,長岡市,マクドナルドイオン長岡店,サービス,飲食業,2%
新潟県,長岡市,マクドナルド長岡リップス店,サービス,飲食業,2%
新潟県,長岡市,マクドナルド宮内原信店,サービス,飲食業,2%
新潟県,長岡市,マクドナルドリバーサイド千秋店,サービス,飲食業,2%
新潟県,長岡市,マリ－ナ長岡店,小売業,貴金属・服飾品,5%
新潟県,長岡市,マルイ新組店,小売業,食料品,5%
新潟県,長岡市,マルイ寺泊店,小売業,食料品,5%
新潟県,長岡市,マルイ栃尾店,小売業,食料品,5%
新潟県,長岡市,マルイ長岡学校町店,小売業,食料品,5%
新潟県,長岡市,マルイ中之島店,小売業,食料品,5%
新潟県,長岡市,マルイ与板店,小売業,食料品,5%
新潟県,長岡市,丸正無線電機商会,小売業,電化製品,5%
新潟県,長岡市,まんまらろ,サービス,飲食業,5%
新潟県,長岡市,水村電機,小売業,電化製品,5%
新潟県,長岡市,南長岡ＳＳ,小売業,ガソリンスタンド,2%
新潟県,長岡市,宮脇書店 長岡店,小売業,書籍・玩具・音楽ＣＤ,5%
新潟県,長岡市,もみかる長岡古正寺店,サービス,その他サービス,5%
新潟県,長岡市,山崎自動車,サービス,その他サービス,5%
新潟県,長岡市,やまたい酒店,小売業,その他小売,5%
新潟県,長岡市,山築,サービス,その他サービス,5%
新潟県,長岡市,ヤマトモータース,小売業,その他小売,5%
新潟県,長岡市,ゆいまーる古正寺店,サービス,その他サービス,5%
新潟県,長岡市,ゆいまーる川崎店,サービス,その他サービス,5%
新潟県,長岡市,有限会社 三和米穀,小売業,食料品,5%
新潟県,長岡市,有限会社五十嵐酒店,小売業,食料品,5%
新潟県,長岡市,有限会社加坪屋時計店,小売業,貴金属・服飾品,5%
新潟県,長岡市,有限会社タイヤプラザ長岡,小売業,その他小売,5%
新潟県,長岡市,有限会社太刀川写真館,サービス,その他サービス,5%
新潟県,長岡市,有限会社バイクワン,小売業,その他小売,5%
新潟県,長岡市,夢大陸 長岡店,小売業,その他小売,5%
新潟県,長岡市,腰痛ケアスタジオＬｉｎｅｓ．,サービス,理容・美容業,5%
新潟県,長岡市,吉田自動車,サービス,その他サービス,5%
新潟県,長岡市,らあめん天山 長岡店 らあめん天山 長岡店,サービス,飲食業,5%
新潟県,長岡市,ライトハウス,小売業,電化製品,5%
新潟県,長岡市,ライフナビ・ＥＮＤＯ,小売業,電化製品,5%
新潟県,長岡市,Ｌａｓｈｉｃ,サービス,理容・美容業,5%
新潟県,長岡市,Ｌａｚｕｌｙ Ｎａｉｌ,サービス,その他サービス,5%
新潟県,長岡市,ＬＡ ＰＯＲＴＡ ＢＬＵ,小売業,食料品,5%
新潟県,長岡市,Ｒｉｚｕｍｕ ｈａｉｒ ｓｈａｖｅ Ｒｉｚｕｍｕ ｈａｉｒ ｓｈａｖｅ,サービス,理容・美容業,5%
新潟県,長岡市,理容あづさ,サービス,理容・美容業,5%
新潟県,長岡市,リラックスルームスマイル,サービス,理容・美容業,5%
新潟県,長岡市,Ｌｉｎｋ８２,小売業,衣料品,5%
新潟県,長岡市,ルナ・ニシワキ,小売業,貴金属・服飾品,5%
新潟県,長岡市,ＬｏｃａｌＢａｒｂｅｒＣＯＮＴＯ,サービス,理容・美容業,5%
新潟県,長岡市,ローズマリーガーデン,サービス,飲食業,5%
新潟県,長岡市,和雑貨の店わがんせ,小売業,その他小売,5%
新潟県,長岡市,ワタナベ靴店,小売業,衣料品,5%
新潟県,長岡市,渡辺仁税理士事務所 渡辺仁税理士事務所,サービス,その他サービス,5%
新潟県,新潟市,アーベン,小売業,衣料品,5%
新潟県,新潟市,Ｉ．ｅｃｏ,サービス,その他サービス,5%
新潟県,新潟市,ＥＹＥＰＲＯＴＥＣＴＩＯＮ ｅｙｅｃｕｅ,小売業,その他小売,5%
新潟県,新潟市,秋吉 新潟西堀店,その他業種,ー,5%
新潟県,新潟市,朝日ライフサポート,サービス,その他サービス,5%
新潟県,新潟市,アシストＩＮＣ青山店,小売業,その他小売,5%
新潟県,新潟市,アップル車検新潟 巻店,その他業種,ー,5%
新潟県,新潟市,ＡＴＥＣ,サービス,その他サービス,5%
新潟県,新潟市,アミング亀貝店,小売業,その他小売,5%
新潟県,新潟市,アミング新潟店,小売業,その他小売,5%
新潟県,新潟市,アミング牡丹山店,小売業,その他小売,5%
新潟県,新潟市,綾子舞本舗タカハシ,小売業,食料品,5%
新潟県,新潟市,アルプスジュエリー Ｎｏ．１,小売業,その他小売,5%
新潟県,新潟市,安藤整体療術院,サービス,その他サービス,5%
新潟県,新潟市,池乗酒店,小売業,食料品,5%
新潟県,新潟市,石焼ステーキ 贅 小新店,サービス,飲食業,5%
新潟県,新潟市,石焼ステーキ贅 新潟松崎店,サービス,飲食業,5%
新潟県,新潟市,１１６セキヤＳＳ,小売業,ガソリンスタンド,2%
新潟県,新潟市,井ノ川漢方整体,サービス,その他サービス,5%
新潟県,新潟市,岩室ＳＳ,小売業,ガソリンスタンド,2%
新潟県,新潟市,ウエルアップＦＣ,小売業,ガソリンスタンド,2%
新潟県,新潟市,内野東ＳＳ,小売業,ガソリンスタンド,2%
新潟県,新潟市,エイブル・カー・ニイガタ,その他業種,ー,5%
新潟県,新潟市,エスダイヤモンドネイル,サービス,理容・美容業,5%
新潟県,新潟市,越後せんべい浜島,小売業,食料品,5%
新潟県,新潟市,越後茶屋 松崎店,サービス,飲食業,5%
新潟県,新潟市,越後茶屋 総本店,サービス,飲食業,5%
新潟県,新潟市,越前屋薬店,小売業,その他小売,5%
新潟県,新潟市,ａｉｍｅｒｆｅｅｌイオンモール新潟南店,小売業,衣料品,5%
新潟県,新潟市,大形ＳＳ,小売業,ガソリンスタンド,2%
新潟県,新潟市,オートサービス・イトウ,サービス,その他サービス,5%
新潟県,新潟市,大原ＳＳ,小売業,ガソリンスタンド,2%
新潟県,新潟市,お宝中古市場 赤道店,小売業,その他小売,5%
新潟県,新潟市,お宝中古市場 新潟本店,小売業,その他小売,5%
新潟県,新潟市,ＯＲＩＳ Ｈａｉｒ＆Ｍａｋｅ,サービス,理容・美容業,5%
新潟県,新潟市,カードラボ新潟店,小売業,書籍・玩具・音楽ＣＤ,5%
新潟県,新潟市,カーペディエム新潟,小売業,その他小売,5%
新潟県,新潟市,懐石秀石菴,サービス,飲食業,5%
新潟県,新潟市,（個人）楓タクシー,サービス,運輸業,5%
新潟県,新潟市,ＣＡＯＳ,サービス,理容・美容業,5%
新潟県,新潟市,ガソリンショップ新潟亀田,小売業,ガソリンスタンド,2%
新潟県,新潟市,ＣＵＴ,サービス,理容・美容業,5%
新潟県,新潟市,CutCut新潟南,サービス,理容・美容業,5%
新潟県,新潟市,株式会社小林石油ニュー白根ＳＳ,小売業,ガソリンスタンド,2%
新潟県,新潟市,株式会社タチカワ,小売業,その他小売,5%
新潟県,新潟市,株式会社ホクエー ショールーム,小売業,その他小売,5%
新潟県,新潟市,株式会社レリエンスメディケア,その他業種,ー,5%
新潟県,新潟市,カマラード,サービス,飲食業,5%
新潟県,新潟市,神谷内ＳＳ,小売業,ガソリンスタンド,2%
新潟県,新潟市,叶味家 本社 Ａ,サービス,飲食業,5%
新潟県,新潟市,亀田バイパスＳＳ,小売業,ガソリンスタンド,2%
新潟県,新潟市,ガールトーク,小売業,衣料品,5%
新潟県,新潟市,カワバタＳＳ,小売業,ガソリンスタンド,2%
新潟県,新潟市,カワムラスポーツ,小売業,その他小売,5%
新潟県,新潟市,キティホーク,小売業,その他小売,5%
新潟県,新潟市,きもの栗田イオン白根店,小売業,衣料品,5%
新潟県,新潟市,きもの処 姫胡桃,小売業,衣料品,5%
新潟県,新潟市,キャンアイドレッシー新潟南店,サービス,その他サービス,5%
新潟県,新潟市,Ｑｕｒｉｏｕｓ,小売業,衣料品,5%
新潟県,新潟市,共栄車体,その他業種,ー,5%
新潟県,新潟市,グッドライフ新潟,サービス,その他サービス,5%
新潟県,新潟市,クリスタルサロンかざま青山店,小売業,衣料品,5%
新潟県,新潟市,ＧＲＩＤ,小売業,その他小売,5%
新潟県,新潟市,グリーンランド・エデン ＮＯ１,小売業,その他小売,5%
新潟県,新潟市,クレール,サービス,理容・美容業,5%
新潟県,新潟市,競馬場前ＳＳ,小売業,ガソリンスタンド,2%
新潟県,新潟市,県庁前ＳＳ,小売業,ガソリンスタンド,2%
新潟県,新潟市,亀田袋津ＳＳ,小売業,ガソリンスタンド,2%
新潟県,新潟市,小金町ＳＳ,小売業,ガソリンスタンド,2%
新潟県,新潟市,コジマ電器,小売業,電化製品,5%
新潟県,新潟市,小島動物病院アニマルウェルネスセンター,その他業種,ー,5%
新潟県,新潟市,（個人）ＳＡＴＯＵタクシー,サービス,運輸業,5%
新潟県,新潟市,（個人）ゆたかタクシー,サービス,運輸業,5%
新潟県,新潟市,天野ＳＳ,小売業,ガソリンスタンド,2%
新潟県,新潟市,小須戸ＳＳ,小売業,ガソリンスタンド,2%
新潟県,新潟市,小須戸ＳＳ,小売業,ガソリンスタンド,2%
新潟県,新潟市,五頭の山茂登 新潟店,サービス,飲食業,5%
新潟県,新潟市,こども写真館トム・ソーヤー,サービス,その他サービス,5%
新潟県,新潟市,Ｃｏｌｏｒｅ,小売業,衣料品,5%
新潟県,新潟市,栄組自動車,サービス,その他サービス,5%
新潟県,新潟市,酒のわんず,小売業,食料品,5%
新潟県,新潟市,笹祝酒造,小売業,食料品,5%
新潟県,新潟市,笹山モータース,サービス,その他サービス,5%
新潟県,新潟市,Ｄｒ．Ｄｒｉｖｅサンロード荻川ＳＳ,小売業,ガソリンスタンド,2%
新潟県,新潟市,ｓｈｅｓｏ,小売業,衣料品,5%
新潟県,新潟市,ＣＩＡＩＬＥ ＨＡＩＲ ＤＥＳＩＧＮ ＣＩＡＩＬＥ,サービス,理容・美容業,5%
新潟県,新潟市,シエロ,その他業種,ー,5%
新潟県,新潟市,四季の味 志むら,サービス,飲食業,5%
新潟県,新潟市,紫竹ＳＳ,小売業,ガソリンスタンド,2%
新潟県,新潟市,地鳥庵 県庁前店,サービス,飲食業,5%
新潟県,新潟市,地鳥庵 中木戸店,サービス,飲食業,5%
新潟県,新潟市,信濃町ＳＳ,小売業,ガソリンスタンド,2%
新潟県,新潟市,島見自動車工業,その他業種,ー,5%
新潟県,新潟市,下木戸ＳＳ,小売業,ガソリンスタンド,2%
新潟県,新潟市,車検のコバック豊栄店,サービス,その他サービス,5%
新潟県,新潟市,社内口座,小売業,ガソリンスタンド,2%
新潟県,新潟市,Ｓｈｏｅｓ Ｓｈｏｐ Ｖａｌｓ’ ほんだい,小売業,その他小売,5%
新潟県,新潟市,趣味のきもの宇田,小売業,衣料品,5%
新潟県,新潟市,ジョイフル恵利 イオン新潟青山店,サービス,その他サービス,5%
新潟県,新潟市,白根ＳＳ ゼネラルオート株式会社,小売業,ガソリンスタンド,2%
新潟県,新潟市,白根 直売,小売業,ガソリンスタンド,2%
新潟県,新潟市,白根ＳＳ,小売業,ガソリンスタンド,2%
新潟県,新潟市,しろね動物病院,サービス,その他サービス,5%
新潟県,新潟市,新大前ＳＳ,小売業,ガソリンスタンド,2%
新潟県,新潟市,Ｄｒ．Ｄｒｉｖｅ新通セルフステーションＫｉＳＳ,小売業,ガソリンスタンド,2%
新潟県,新潟市,関屋,小売業,ガソリンスタンド,2%
新潟県,新潟市,スーパーウィング河渡ＳＳ,小売業,ガソリンスタンド,2%
新潟県,新潟市,ＳＮＡＣＫ やん,サービス,飲食業,5%
新潟県,新潟市,関新ＳＳ,小売業,ガソリンスタンド,2%
新潟県,新潟市,関根自動車,その他業種,ー,5%
新潟県,新潟市,セルフ五十嵐中島ＳＳ,小売業,ガソリンスタンド,2%
新潟県,新潟市,セルフ松崎ＳＳ,小売業,ガソリンスタンド,2%
新潟県,新潟市,そよ風タクシー,サービス,運輸業,5%
新潟県,新潟市,ターミナル・アートイン,サービス,宿泊業,5%
新潟県,新潟市,大郷ＳＳ,小売業,ガソリンスタンド,2%
新潟県,新潟市,代行帰宅便,サービス,運輸業,5%
新潟県,新潟市,田中屋本店イオン新潟青山店,小売業,食料品,5%
新潟県,新潟市,田中屋本店イオン新潟東店,小売業,食料品,5%
新潟県,新潟市,田中屋本店大学前店,小売業,食料品,5%
新潟県,新潟市,ダビアス新潟,その他業種,ー,5%
新潟県,新潟市,ターミナルイン,サービス,宿泊業,5%
新潟県,新潟市,Ｃｈａｉｉ,サービス,その他サービス,5%
新潟県,新潟市,中央代行新潟 ０１,サービス,その他サービス,5%
新潟県,新潟市,直売新潟,小売業,ガソリンスタンド,2%
新潟県,新潟市,直売部,小売業,ガソリンスタンド,2%
新潟県,新潟市,ｄｅａｆｌｏｒａ ｎａｉｌ ｓａｌｏｎ,サービス,飲食業,5%
新潟県,新潟市,寺山油槽所,小売業,ガソリンスタンド,2%
新潟県,新潟市,どうぶつの病院レガーロ,サービス,その他サービス,5%
新潟県,新潟市,動物病院ねこのて,その他業種,ー,5%
新潟県,新潟市,Ｄｒ．Ｄｒｉｖｅあぶみ店,小売業,ガソリンスタンド,2%
新潟県,新潟市,Ｄｒ．Ｄｒｉｖｅ駅南天神尾店,小売業,ガソリンスタンド,2%
新潟県,新潟市,Ｄｒ．Ｄｒｉｖｅ大堀ＳＳ,小売業,ガソリンスタンド,2%
新潟県,新潟市,Ｄｒ．Ｄｒｉｖｅ亀田大月店,小売業,ガソリンスタンド,2%
新潟県,新潟市,Ｄｒ．Ｄｒｉｖｅ空港前店,小売業,ガソリンスタンド,2%
新潟県,新潟市,Ｄｒ．Ｄｒｉｖｅ黒埼インター店,小売業,ガソリンスタンド,2%
新潟県,新潟市,Ｄｒ．Ｄｒｉｖｅ小針店,小売業,ガソリンスタンド,2%
新潟県,新潟市,Ｄｒ．Ｄｒｉｖｅ紫竹山ＳＳ,小売業,ガソリンスタンド,2%
新潟県,新潟市,Ｄｒ．Ｄｒｉｖｅセルフ青山店,小売業,ガソリンスタンド,2%
新潟県,新潟市,Ｄｒ．Ｄｒｉｖｅセルフ岡山店,小売業,ガソリンスタンド,2%
新潟県,新潟市,Ｄｒ．Ｄｒｉｖｅ小新インター店,小売業,ガソリンスタンド,2%
新潟県,新潟市,Ｄｒ．Ｄｒｉｖｅセルフ新大駅前店,小売業,ガソリンスタンド,2%
新潟県,新潟市,Ｄｒ．Ｄｒｉｖｅ出来島店,小売業,ガソリンスタンド,2%
新潟県,新潟市,Ｄｒ．Ｄｒｉｖｅセルフ長潟店,小売業,ガソリンスタンド,2%
新潟県,新潟市,Ｄｒ．Ｄｒｉｖｅセルフ中山店,小売業,ガソリンスタンド,2%
新潟県,新潟市,Ｄｒ．Ｄｒｉｖｅセルフ新潟駅南店,小売業,ガソリンスタンド,2%
新潟県,新潟市,Ｄｒ．Ｄｒｉｖｅセルフ新潟ＳＳ,小売業,ガソリンスタンド,2%
新潟県,新潟市,Ｄｒ．Ｄｒｉｖｅセルフ新津中央店,小売業,ガソリンスタンド,2%
新潟県,新潟市,Ｄｒ．Ｄｒｉｖｅセルフ西川店,小売業,ガソリンスタンド,2%
新潟県,新潟市,Ｄｒ．Ｄｒｉｖｅセルフ女池店,小売業,ガソリンスタンド,2%
新潟県,新潟市,Ｄｒ．Ｄｒｉｖｅセルフロードスワン店,小売業,ガソリンスタンド,2%
新潟県,新潟市,Ｄｒ．Ｄｒｉｖｅ竹尾店,小売業,ガソリンスタンド,2%
新潟県,新潟市,Ｄｒ．Ｄｒｉｖｅ中木戸ＳＳ,小売業,ガソリンスタンド,2%
新潟県,新潟市,Ｄｒ．Ｄｒｉｖｅ女池インターＳＳ,小売業,ガソリンスタンド,2%
新潟県,新潟市,Ｄｒ．Ｄｒｉｖｅセルフ物見山ＳＳ,小売業,ガソリンスタンド,2%
新潟県,新潟市,Ｄｒ．Ｄｒｉｖｅ八千代橋店,小売業,ガソリンスタンド,2%
新潟県,新潟市,Ｄｒ．Ｄｒｉｖｅルート８白根店,小売業,ガソリンスタンド,2%
新潟県,新潟市,トップオート,その他業種,ー,5%
新潟県,新潟市,富寿し 新潟駅前店,サービス,飲食業,5%
新潟県,新潟市,富寿し 新潟万代店,サービス,飲食業,5%
新潟県,新潟市,とやの動物病院,サービス,その他サービス,5%
新潟県,新潟市,豊栄中央ＳＳ,小売業,ガソリンスタンド,2%
新潟県,新潟市,トラベル２１ イオン新潟青山店,サービス,その他サービス,5%
新潟県,新潟市,トレド,小売業,家具・調度品,5%
新潟県,新潟市,長井自動車販売,小売業,その他小売,5%
新潟県,新潟市,株式会社ナカザワ新潟ガス,小売業,その他小売,5%
新潟県,新潟市,長戸呂,小売業,ガソリンスタンド,2%
新潟県,新潟市,中野山ＳＳ,小売業,ガソリンスタンド,2%
新潟県,新潟市,中野山ＳＳ,小売業,ガソリンスタンド,2%
新潟県,新潟市,なんじゃ村鐙店,小売業,その他小売,5%
新潟県,新潟市,なんじゃ村亀貝店,小売業,その他小売,5%
新潟県,新潟市,なんじゃ村小針店,小売業,その他小売,5%
新潟県,新潟市,なんじゃ村紫竹山店,小売業,その他小売,5%
新潟県,新潟市,なんじゃ村白根店,小売業,その他小売,5%
新潟県,新潟市,なんじゃ村関屋店,小売業,その他小売,5%
新潟県,新潟市,なんじゃ村寺尾店,小売業,その他小売,5%
新潟県,新潟市,なんじゃ村錦町店,小売業,その他小売,5%
新潟県,新潟市,なんじゃ村はなみずき店,小売業,その他小売,5%
新潟県,新潟市,なんじゃ村フレスポ赤道店,小売業,その他小売,5%
新潟県,新潟市,なんじゃ村巻店,小売業,その他小売,5%
新潟県,新潟市,ニイガタエイド青山店,小売業,その他小売,5%
新潟県,新潟市,ニイガタエイド白根店,小売業,その他小売,5%
新潟県,新潟市,ニイガタエイド新津店,小売業,その他小売,5%
新潟県,新潟市,にいがたエネルギー ＤＤセンター,小売業,ガソリンスタンド,2%
新潟県,新潟市,新潟小新ＳＳ,小売業,ガソリンスタンド,2%
新潟県,新潟市,新潟ターミナルホテル,サービス,宿泊業,5%
新潟県,新潟市,【新潟唐辛子工房】,小売業,食料品,5%
新潟県,新潟市,新潟白山ＳＳ,小売業,ガソリンスタンド,2%
新潟県,新潟市,株式会社新潟ふるさと村,小売業,食料品,5%
新潟県,新潟市,新潟ペイント工業株式会社,サービス,その他サービス,5%
新潟県,新潟市,新崎ＳＳ,小売業,ガソリンスタンド,2%
新潟県,新潟市,新津インターＳＳ,小売業,ガソリンスタンド,2%
新潟県,新潟市,新津ＳＳ,小売業,ガソリンスタンド,2%
新潟県,新潟市,新津中野ＳＳ,小売業,ガソリンスタンド,2%
新潟県,新潟市,新津バイパスＳＳ,小売業,ガソリンスタンド,2%
新潟県,新潟市,にいつフードセンター小須戸店,小売業,食料品,5%
新潟県,新潟市,にいつフードセンター三の町店,小売業,食料品,5%
新潟県,新潟市,にいつフードセンターパルス店,小売業,衣料品,5%
新潟県,新潟市,にいつフードセンターベルシティ店,小売業,食料品,5%
新潟県,新潟市,Ｎｉｃｏｒａ,サービス,理容・美容業,5%
新潟県,新潟市,西内野ＳＳ,小売業,ガソリンスタンド,2%
新潟県,新潟市,西川千日,小売業,ガソリンスタンド,2%
新潟県,新潟市,西川町ＳＳ,小売業,ガソリンスタンド,2%
新潟県,新潟市,西湊町ＳＳ,小売業,ガソリンスタンド,2%
新潟県,新潟市,日本料理 しまや,サービス,飲食業,5%
新潟県,新潟市,ニューウィング新津ＳＳ,小売業,ガソリンスタンド,2%
新潟県,新潟市,バー ア ヴァン アッシュ,サービス,飲食業,5%
新潟県,新潟市,配送センター,小売業,ガソリンスタンド,2%
新潟県,新潟市,ハイタイム,サービス,理容・美容業,5%
新潟県,新潟市,畑山整備,その他業種,ー,5%
新潟県,新潟市,パティスリーグレヌ,サービス,飲食業,5%
新潟県,新潟市,ｈａｎａ＊ｋｉｋｕ,小売業,その他小売,5%
新潟県,新潟市,パパママはうす,小売業,衣料品,5%
新潟県,新潟市,早川オート,その他業種,ー,5%
新潟県,新潟市,早通北ＳＳ,小売業,ガソリンスタンド,2%
新潟県,新潟市,早通南ＳＳ,小売業,ガソリンスタンド,2%
新潟県,新潟市,パールプラス新潟店,サービス,理容・美容業,5%
新潟県,新潟市,パレスオートセンター,サービス,その他サービス,5%
新潟県,新潟市,はんこ新潟,小売業,その他小売,5%
新潟県,新潟市,万代タクシー株式会社,サービス,運輸業,5%
新潟県,新潟市,ビーズ・クオーレ新潟南,サービス,理容・美容業,5%
新潟県,新潟市,ビーズネイル新潟南,サービス,理容・美容業,5%
新潟県,新潟市,東新津ＳＳ,小売業,ガソリンスタンド,2%
新潟県,新潟市,ピザテン・フォー 新潟白根能登店 ２,サービス,その他サービス,5%
新潟県,新潟市,ピザテン・フォー 新潟新津善道店 ２,サービス,その他サービス,5%
新潟県,新潟市,ピザテン・フォー 新潟巻店 ２,サービス,その他サービス,5%
新潟県,新潟市,ビストロ 椿,サービス,飲食業,5%
新潟県,新潟市,美容室 シャワー,サービス,理容・美容業,5%
新潟県,新潟市,美容室 プリ・グラン,サービス,理容・美容業,5%
新潟県,新潟市,美容室 ＡＱＵＡ,サービス,理容・美容業,5%
新潟県,新潟市,美容室 アンフィルルージュ,サービス,理容・美容業,5%
新潟県,新潟市,美容室 Ｅｍｉ,サービス,理容・美容業,5%
新潟県,新潟市,美容室サクライ,サービス,理容・美容業,5%
新潟県,新潟市,美容室t＆ｔ,サービス,理容・美容業,5%
新潟県,新潟市,美容室トラスト,サービス,理容・美容業,5%
新潟県,新潟市,美容室 Ｂｌｕｅ Ｄａｉｓｙ,サービス,理容・美容業,5%
新潟県,新潟市,美容室 Ｌａｐｉｓ,サービス,理容・美容業,5%
新潟県,新潟市,ＦＩＮＤ ファッション会館店,小売業,その他小売,5%
新潟県,新潟市,ファーゴ,サービス,理容・美容業,5%
新潟県,新潟市,フィックスダイヤモンド,小売業,貴金属・服飾品,5%
新潟県,新潟市,風伯 万代店,サービス,飲食業,5%
新潟県,新潟市,フォトスタジオプリンセス新潟青山イオン店,サービス,その他サービス,5%
新潟県,新潟市,藤政自動車,その他業種,ー,5%
新潟県,新潟市,富士屋,サービス,宿泊業,5%
新潟県,新潟市,フリーウェイ 新潟店,サービス,その他サービス,5%
新潟県,新潟市,フルサト代行,サービス,その他サービス,5%
新潟県,新潟市,フレッシュネスバーガービルボードプレイス,サービス,飲食業,2%
新潟県,新潟市,ｈａｉｒ ｃｒａｆｔ Ｃｒｉｓｐ,サービス,理容・美容業,5%
新潟県,新潟市,ヘアーサロンヨシザワ,サービス,理容・美容業,5%
新潟県,新潟市,ヘアメイクスプラッシュ,サービス,理容・美容業,5%
新潟県,新潟市,Ｈａｉｒ Ｗｏｒｋ’ｓ ｒ．Ｐｉｘｙ,サービス,理容・美容業,5%
新潟県,新潟市,ｂａｂｙ’ｓ ｂｒｅａｔｈ,サービス,その他サービス,5%
新潟県,新潟市,ベストチョイス,小売業,衣料品,5%
新潟県,新潟市,ペットサロンわんにゃん,サービス,その他サービス,5%
新潟県,新潟市,北越コーポレーション売店,小売業,総合（非専門）,5%
新潟県,新潟市,北陸自動車道 下り 黒埼パーキングエリアＳＳ,小売業,ガソリンスタンド,2%
新潟県,新潟市,星野モータース,サービス,その他サービス,5%
新潟県,新潟市,ポセイドン,サービス,飲食業,5%
新潟県,新潟市,ホテルディアモント新潟西,サービス,宿泊業,5%
新潟県,新潟市,ホワイトスピリッツセルフ木崎,小売業,ガソリンスタンド,2%
新潟県,新潟市,ホワイトスピリッツセルフこ～ど,小売業,ガソリンスタンド,2%
新潟県,新潟市,ホワイトスピリッツセルフ山木戸,小売業,ガソリンスタンド,2%
新潟県,新潟市,ぼんさい屋とき,小売業,その他小売,5%
新潟県,新潟市,本社,小売業,ガソリンスタンド,2%
新潟県,新潟市,本社,小売業,ガソリンスタンド,2%
新潟県,新潟市,ホンダドリーム新潟東,小売業,その他小売,5%
新潟県,新潟市,本間商事株式会社,小売業,その他小売,5%
新潟県,新潟市,巻白山ＳＳ,小売業,ガソリンスタンド,2%
新潟県,新潟市,マクドナルド青山フォーラム店,サービス,飲食業,2%
新潟県,新潟市,マクドナルドイオンモール新潟南店,サービス,飲食業,2%
新潟県,新潟市,マクドナルド河渡コメリ店,サービス,飲食業,2%
新潟県,新潟市,マクドナルド竹尾インター店,サービス,飲食業,2%
新潟県,新潟市,マクドナルドデッキー４０１店,サービス,飲食業,2%
新潟県,新潟市,マクドナルド豊栄ベイシア店,サービス,飲食業,2%
新潟県,新潟市,マクドナルド新潟アピタ店,サービス,飲食業,2%
新潟県,新潟市,マクドナルド新潟駅南店,サービス,飲食業,2%
新潟県,新潟市,マクドナルド新潟亀貝店,サービス,飲食業,2%
新潟県,新潟市,マクドナルド新潟万代店,サービス,飲食業,2%
新潟県,新潟市,マクドナルド８号線白根店,サービス,飲食業,2%
新潟県,新潟市,マクドナルドムサシ食品館新潟店,サービス,飲食業,2%
新潟県,新潟市,マクドナルド女池店,サービス,飲食業,2%
新潟県,新潟市,マクドナルド４９号横越店,サービス,飲食業,2%
新潟県,新潟市,マクドナルド４０３新津店,サービス,飲食業,2%
新潟県,新潟市,桝幸酒店,小売業,食料品,5%
新潟県,新潟市,マスターズ新潟,その他業種,ー,5%
新潟県,新潟市,マスヤ味方店,小売業,総合（非専門）,5%
新潟県,新潟市,マスヤ中之口店,小売業,総合（非専門）,5%
新潟県,新潟市,ｍｕｓｈｒｏｏｍ,サービス,飲食業,5%
新潟県,新潟市,マリーナ新潟店,小売業,貴金属・服飾品,5%
新潟県,新潟市,マルイチ風間自動車,サービス,その他サービス,5%
新潟県,新潟市,丸和自動車工業,サービス,その他サービス,5%
新潟県,新潟市,ミズカミ,小売業,家具・調度品,5%
新潟県,新潟市,宮脇書店 新潟東店,小売業,書籍・玩具・音楽ＣＤ,5%
新潟県,新潟市,女池倉庫,小売業,ガソリンスタンド,2%
新潟県,新潟市,メガネマート青山店,小売業,その他小売,5%
新潟県,新潟市,メガネマート空港通り店,小売業,その他小売,5%
新潟県,新潟市,メナードグラミーナ代行店,その他業種,ー,5%
新潟県,新潟市,メンズショップ カトウ,小売業,衣料品,5%
新潟県,新潟市,メンズショップ カネコ,小売業,衣料品,5%
新潟県,新潟市,モノクローム新潟,サービス,その他サービス,5%
新潟県,新潟市,森田自動車,その他業種,ー,5%
新潟県,新潟市,Ｍｏｎ ｌｏｕ ｌｏｕ,サービス,その他サービス,5%
新潟県,新潟市,焼肉たっちゃん,サービス,飲食業,5%
新潟県,新潟市,ヤナギヤ商会,小売業,電化製品,5%
新潟県,新潟市,山内葬祭 本社,その他業種,ー,5%
新潟県,新潟市,山木戸ＳＳ,小売業,ガソリンスタンド,2%
新潟県,新潟市,有限会社栗田呉服店,小売業,衣料品,5%
新潟県,新潟市,有限会社でんきらんどワタナベ,小売業,電化製品,5%
新潟県,新潟市,有限会社小菅石油店,小売業,ガソリンスタンド,2%
新潟県,新潟市,曽野木,小売業,ガソリンスタンド,2%
新潟県,新潟市,横木商事古津タンポポ,小売業,ガソリンスタンド,2%
新潟県,新潟市,ラビット 新潟小新インター店,小売業,その他小売,2%
新潟県,新潟市,Ｌａ ｍａｒｉｎａ,サービス,飲食業,5%
新潟県,新潟市,リバーサイド新潟ＳＳ,小売業,ガソリンスタンド,2%
新潟県,新潟市,旅館橋本屋,サービス,宿泊業,5%
新潟県,新潟市,ＲＯＯＴＳｍａｒｔｉｎ,サービス,理容・美容業,5%
新潟県,新潟市,Ｒｅｆｌｅｕｒｉｒ,サービス,その他サービス,5%
新潟県,新潟市,レトロガールイオンモール新潟南店,小売業,衣料品,5%
新潟県,新潟市,れんずかんぱにー大学前店,小売業,その他小売,5%
新潟県,新潟市,ロケット ランチャー,その他業種,ー,5%
新潟県,新潟市,ロビンソンサービス,サービス,その他サービス,5%
新潟県,新潟市,Ｙショップ新潟薬科大学店,小売業,食料品,5%
新潟県,新潟市,和が家,サービス,飲食業,5%
新潟県,新潟市,わくわくファーム豊栄店,小売業,食料品,5%
新潟県,新潟市,わくわくファーム新潟ふるさと村店,小売業,食料品,5%
新潟県,新潟市秋葉区,ＵＲＢＥＮＥ ＵＲＢＥＮＥ,小売業,衣料品,5%
新潟県,新潟市秋葉区,アイフォン修理ラボ 新津店,サービス,その他サービス,5%
新潟県,新潟市秋葉区,秋葉鳥金,サービス,飲食業,5%
新潟県,新潟市秋葉区,出光田家ＳＳ,小売業,ガソリンスタンド,2%
新潟県,新潟市秋葉区,出光新津中央ＳＳ,小売業,ガソリンスタンド,2%
新潟県,新潟市秋葉区,出光新津南ＳＳ,小売業,ガソリンスタンド,2%
新潟県,新潟市秋葉区,エステティックＭＯＲＩＺＵＭＩ,サービス,理容・美容業,5%
新潟県,新潟市秋葉区,小野 電気,小売業,電化製品,5%
新潟県,新潟市秋葉区,カイロプラクティック千野,サービス,理容・美容業,5%
新潟県,新潟市秋葉区,きものや絲,小売業,衣料品,5%
新潟県,新潟市秋葉区,Ｇａｌｌｅｒｙ Ｃａｆｅ ＶＵＣＡ ＧＡＬＬＥＲＹ ＣＡＦＥ ＶＵＣＡ,サービス,飲食業,5%
新潟県,新潟市秋葉区,髙野電器商会,小売業,電化製品,5%
新潟県,新潟市秋葉区,さるーん 新津店,サービス,飲食業,5%
新潟県,新潟市秋葉区,住吉屋,小売業,衣料品,5%
新潟県,新潟市秋葉区,電化ショップ ワタナベ,小売業,電化製品,5%
新潟県,新潟市秋葉区,電化のタザワ,小売業,電化製品,5%
新潟県,新潟市秋葉区,トヨタレンタリース新潟新津店,サービス,その他サービス,2%
新潟県,新潟市秋葉区,セブン－イレブン新潟荻島店,小売業,食料品,2%
新潟県,新潟市秋葉区,セブン－イレブン新潟車場店,小売業,食料品,2%
新潟県,新潟市秋葉区,セブン－イレブン新潟古田店,小売業,食料品,2%
新潟県,新潟市秋葉区,セブン－イレブン新潟さつき野店,小売業,食料品,2%
新潟県,新潟市秋葉区,セブン－イレブン新潟滝谷町店,小売業,食料品,2%
新潟県,新潟市秋葉区,セブン－イレブン新津東町店,小売業,食料品,2%
新潟県,新潟市秋葉区,パナ・コスモス タカハシ,小売業,電化製品,5%
新潟県,新潟市秋葉区,Ｐａｒａｄｅ新津店,小売業,その他小売,5%
新潟県,新潟市秋葉区,Ｂｅ ｈａｐｐｙ Ｌａｕｇｈ,サービス,理容・美容業,5%
新潟県,新潟市秋葉区,Ｂｅ ｈａｐｐｙ Ｌａｕｇｈ,サービス,理容・美容業,5%
新潟県,新潟市秋葉区,美車工房,サービス,その他サービス,5%
新潟県,新潟市秋葉区,ｈａｉｒＶａｔｓ,サービス,理容・美容業,5%
新潟県,新潟市秋葉区,ヘアー ジャンクション,サービス,理容・美容業,5%
新潟県,新潟市秋葉区,ＨＡＩＲ ＶＩＮＣＵＬＵＭ（ヘアーウィンクルム）,サービス,理容・美容業,5%
新潟県,新潟市秋葉区,ヘアーサロン クリヤマ,サービス,理容・美容業,5%
新潟県,新潟市秋葉区,ヘアーサロン クリヤマ,サービス,理容・美容業,5%
新潟県,新潟市秋葉区,オーベリー,サービス,理容・美容業,5%
新潟県,新潟市秋葉区,マスイ電器番場店,小売業,電化製品,5%
新潟県,新潟市秋葉区,マニュアルフィジオサロンあきは,サービス,その他サービス,5%
新潟県,新潟市秋葉区,ライフネット吉田,小売業,電化製品,5%
新潟県,新潟市北区,アオキハウジング,小売業,電化製品,5%
新潟県,新潟市北区,出光豊栄ＳＳ,小売業,ガソリンスタンド,2%
新潟県,新潟市北区,出光ニッシンＳＳ,小売業,ガソリンスタンド,2%
新潟県,新潟市北区,江口屋酒店,小売業,食料品,5%
新潟県,新潟市北区,オオワキでんき,小売業,電化製品,5%
新潟県,新潟市北区,株式会社 かみの井,小売業,総合（非専門）,5%
新潟県,新潟市北区,曽我農園直売所,その他業種,ー,5%
新潟県,新潟市北区,キリトリ,サービス,理容・美容業,5%
新潟県,新潟市北区,久代電器商会,小売業,電化製品,5%
新潟県,新潟市北区,幸田タクシー,サービス,運輸業,5%
新潟県,新潟市北区,コミコミ１９．８プロセスオート,小売業,その他小売,5%
新潟県,新潟市北区,太陽交通 １１４号,サービス,運輸業,5%
新潟県,新潟市北区,ＤＡＹＳＰＡ Ｋｏ ｏｌｉｎａ,サービス,理容・美容業,5%
新潟県,新潟市北区,セブン－イレブン豊栄駅北店,小売業,食料品,2%
新潟県,新潟市北区,セブン－イレブン豊栄太田店,小売業,食料品,2%
新潟県,新潟市北区,ｔｒａｔｔｏｒｉａ Ｎｏｒａ ｃｕｃｉｎａ ＮｏｒａＣｕｃｉｎａ豊栄本店,サービス,飲食業,5%
新潟県,新潟市北区,鳥安,サービス,飲食業,5%
新潟県,新潟市北区,中常楼,サービス,飲食業,5%
新潟県,新潟市北区,ナカノサービス,小売業,電化製品,5%
新潟県,新潟市北区,セブン－イレブン新潟神谷内店,小売業,食料品,2%
新潟県,新潟市北区,セブン－イレブン新潟木崎店,小売業,食料品,2%
新潟県,新潟市北区,セブン－イレブン新潟競馬場前店,小売業,食料品,2%
新潟県,新潟市北区,セブン－イレブン新潟すみれ野店,小売業,食料品,2%
新潟県,新潟市北区,セブン－イレブン新潟太夫浜店,小売業,食料品,2%
新潟県,新潟市北区,セブン－イレブン新潟豊栄インター店,小売業,食料品,2%
新潟県,新潟市北区,セブン－イレブン新潟濁川インター店,小売業,食料品,2%
新潟県,新潟市北区,セブン－イレブン新潟松浜６丁目店,小売業,食料品,2%
新潟県,新潟市北区,ハッピー,小売業,その他小売,5%
新潟県,新潟市北区,平田酒店,小売業,食料品,5%
新潟県,新潟市北区,フランス食堂清水,サービス,飲食業,5%
新潟県,新潟市北区,有限会社 新栄自動車工業,サービス,その他サービス,5%
新潟県,新潟市北区,有 藤政自動車,サービス,その他サービス,5%
新潟県,新潟市北区,夢ひとよ 呑み処夢ひとよ,サービス,飲食業,5%
新潟県,新潟市北区,米田塗装,その他業種,ー,5%
新潟県,新潟市北区,ライフネット タカノ,小売業,電化製品,5%
新潟県,新潟市北区,ライフネットガバキ,小売業,電化製品,5%
新潟県,新潟市北区,Ｒｅｎａｔｕｓ 豊栄店,サービス,その他サービス,5%
新潟県,新潟市江南区,アシスト,小売業,その他小売,5%
新潟県,新潟市江南区,出光亀田バイパスＳＳ,小売業,ガソリンスタンド,2%
新潟県,新潟市江南区,出光横越ＳＳ,小売業,ガソリンスタンド,2%
新潟県,新潟市江南区,出光横越二本木ＳＳ,小売業,ガソリンスタンド,2%
新潟県,新潟市江南区,稲田酒店,小売業,食料品,5%
新潟県,新潟市江南区,Ｗａｒｍｔｈ（ウォームス）,サービス,理容・美容業,5%
新潟県,新潟市江南区,エーアイディー 新潟店,小売業,家具・調度品,5%
新潟県,新潟市江南区,エヴァ 亀田店,サービス,理容・美容業,5%
新潟県,新潟市江南区,越後の海侍,サービス,飲食業,5%
新潟県,新潟市江南区,ＮＫ交通 ００２８号車,サービス,運輸業,5%
新潟県,新潟市江南区,ＯＡＳＩＳ,サービス,理容・美容業,5%
新潟県,新潟市江南区,オリックスレンタカー新潟亀田店,サービス,その他サービス,2%
新潟県,新潟市江南区,セブン－イレブン下越横越店,小売業,食料品,2%
新潟県,新潟市江南区,楓タクシー,サービス,運輸業,5%
新潟県,新潟市江南区,割烹やまよし,サービス,飲食業,5%
新潟県,新潟市江南区,カレーハウスＣＯＣＯ壱番屋新潟亀田店,サービス,飲食業,2%
新潟県,新潟市江南区,空創旬菜雷神亀田店,サービス,飲食業,5%
新潟県,新潟市江南区,栗原電器本田店,小売業,電化製品,5%
新潟県,新潟市江南区,ケーキハウスヨシダ,小売業,食料品,5%
新潟県,新潟市江南区,古泉電機商会,小売業,電化製品,5%
新潟県,新潟市江南区,サカイ電化センター,小売業,電化製品,5%
新潟県,新潟市江南区,佐藤ラジオテレビ商会,小売業,電化製品,5%
新潟県,新潟市江南区,シャレニーアピタ新潟亀田店,小売業,その他小売,5%
新潟県,新潟市江南区,でんきのイトウ,小売業,電化製品,5%
新潟県,新潟市江南区,唐人 横越店,サービス,飲食業,5%
新潟県,新潟市江南区,Ｄｏｕｃｅ ｒｅｐｏｓ ｄｏｕｃｅ ｒｅｐｏｓ,サービス,理容・美容業,5%
新潟県,新潟市江南区,トヨタカローラ新潟カーロッツ新潟,小売業,その他小売,5%
新潟県,新潟市江南区,トヨタカローラ新潟新潟亀田インター店,小売業,その他小売,5%
新潟県,新潟市江南区,トヨタレンタリース新潟新潟亀田インター店,サービス,その他サービス,2%
新潟県,新潟市江南区,セブン－イレブン新潟亀田大月店,小売業,食料品,2%
新潟県,新潟市江南区,セブン－イレブン新潟亀田四ツ興野店,小売業,食料品,2%
新潟県,新潟市江南区,セブン－イレブン新潟北山店,小売業,食料品,2%
新潟県,新潟市江南区,セブン－イレブン新潟曽川店,小売業,食料品,2%
新潟県,新潟市江南区,セブン－イレブン新潟曽野木団地店,小売業,食料品,2%
新潟県,新潟市江南区,新潟中央部品新潟店用品館,小売業,その他小売,5%
新潟県,新潟市江南区,セブンーイレブン新潟丸山店,小売業,食料品,2%
新潟県,新潟市江南区,セブン－イレブン新潟元町店,小売業,食料品,2%
新潟県,新潟市江南区,ｎｉｃｏ,サービス,理容・美容業,5%
新潟県,新潟市江南区,Ｐａｒａｄｅ横越店,小売業,その他小売,5%
新潟県,新潟市江南区,ひかり畑,サービス,飲食業,5%
新潟県,新潟市江南区,ビューティデザイン アンドナップ,サービス,理容・美容業,5%
新潟県,新潟市江南区,美容カイロプラクティック華健,サービス,理容・美容業,5%
新潟県,新潟市江南区,ｈａｉｒｒｏｏｍ ｔｉｌａ,サービス,理容・美容業,5%
新潟県,新潟市江南区,ＨｏｎｄａＣａｒｓ新潟南 亀田店,小売業,その他小売,5%
新潟県,新潟市江南区,マルコ無線電機商会,小売業,電化製品,5%
新潟県,新潟市江南区,マルホン電気商会,小売業,電化製品,5%
新潟県,新潟市江南区,麺者風天 亀田店,サービス,飲食業,5%
新潟県,新潟市江南区,ＹＡＭＡＳＨＩＴＡ 亀田店,小売業,家具・調度品,5%
新潟県,新潟市江南区,有 小菅自動車販売,サービス,その他サービス,5%
新潟県,新潟市江南区,有限会社松本電気商会,小売業,電化製品,5%
新潟県,新潟市江南区,リフレッシュサロン それいゆ リフレッシュサロン Ｓｏｌｅｉｌ?そ れ い ゆ?,サービス,その他サービス,5%
新潟県,新潟市江南区,リフレッシュサロンＳｏｌｅｉｌ?そ・れ・い・ゆ?,サービス,理容・美容業,5%
新潟県,新潟市江南区,ＲＩＬＡｈａｉｒ＆ｒｅｌａｘ,サービス,理容・美容業,5%
新潟県,新潟市江南区,Ｌ’ｅｔｏｆｆｅ,小売業,家具・調度品,5%
新潟県,新潟市江南区,ローストカフェ,サービス,飲食業,5%
新潟県,新潟市中央区,Ａｒｔ Ｃａｆｅ ＢＡＲ ぺがさす荘,サービス,飲食業,5%
新潟県,新潟市中央区,アーバネックスイン新潟,サービス,宿泊業,5%
新潟県,新潟市中央区,ｒ Ｐｉｘｙ Ｈａｉｒ ｗｏｒｋｓ ｒ Ｐｉｘｙ,サービス,理容・美容業,5%
新潟県,新潟市中央区,ｉＰｈｏｎｅ修理 アイサポ 新潟ラブラ万代店,小売業,電化製品,5%
新潟県,新潟市中央区,ＯＵＴＲＥ【アウトロー】,サービス,理容・美容業,5%
新潟県,新潟市中央区,青人窯,その他業種,ー,5%
新潟県,新潟市中央区,秋山 電気,小売業,電化製品,5%
新潟県,新潟市中央区,Ａｋｋｙ ｓ ＢＡＲ,サービス,飲食業,5%
新潟県,新潟市中央区,天晴れＧＯ ＧＯ キッチンカー,サービス,飲食業,2%
新潟県,新潟市中央区,ａｔｔｉｃ ｈａｉｒ,サービス,理容・美容業,5%
新潟県,新潟市中央区,アトリエ Ｆｕｌｕ Ｆｕｌｕ,小売業,その他小売,5%
新潟県,新潟市中央区,アトリエｍａｓａ,サービス,理容・美容業,5%
新潟県,新潟市中央区,＆ｎｉｃｈｅ,サービス,理容・美容業,5%
新潟県,新潟市中央区,飯原 酒店 飯原 酒店,小売業,食料品,5%
新潟県,新潟市中央区,イーンスパイア株式会社 イーンスパイア株式会社,サービス,その他サービス,5%
新潟県,新潟市中央区,居酒屋 ＥＮＣＯＵＮＴＥＲ！！,サービス,飲食業,5%
新潟県,新潟市中央区,居酒屋 げらげら！！,サービス,飲食業,5%
新潟県,新潟市中央区,居酒屋やぶさか,サービス,飲食業,5%
新潟県,新潟市中央区,居酒屋らくちゃん,サービス,飲食業,5%
新潟県,新潟市中央区,イタリア創作料理 酒場 頂 ?ＩＴＡＤＡＫＩ?,サービス,飲食業,5%
新潟県,新潟市中央区,出光泰平橋ＳＳ,小売業,ガソリンスタンド,2%
新潟県,新潟市中央区,出光新潟ＳＳ,小売業,ガソリンスタンド,2%
新潟県,新潟市中央区,出光西堀ＳＳ,小売業,ガソリンスタンド,2%
新潟県,新潟市中央区,出光ベーシック新潟ＳＳ,小売業,ガソリンスタンド,2%
新潟県,新潟市中央区,出光山二ツＳＳ,小売業,ガソリンスタンド,2%
新潟県,新潟市中央区,出光米山ＳＳ,小売業,ガソリンスタンド,2%
新潟県,新潟市中央区,イナガキ家電,小売業,電化製品,5%
新潟県,新潟市中央区,ｅプラザ新潟西堀店,小売業,電化製品,5%
新潟県,新潟市中央区,ｅプラザのぐち店,小売業,電化製品,5%
新潟県,新潟市中央区,１０１デザイン,小売業,家具・調度品,5%
新潟県,新潟市中央区,今代司酒造株式会社 今代司酒造直売店,小売業,食料品,5%
新潟県,新潟市中央区,イヤローブ,サービス,理容・美容業,5%
新潟県,新潟市中央区,Ｉ・ＲＯ・ＨＡ【イロハ】,サービス,理容・美容業,5%
新潟県,新潟市中央区,イワタ薬品株式会社 新潟営業所,小売業,その他小売,5%
新潟県,新潟市中央区,ｕｚｕｋｉｎａｉｌ,サービス,理容・美容業,5%
新潟県,新潟市中央区,ＥＶＡｈ エヴァ 鐙西店,サービス,理容・美容業,5%
新潟県,新潟市中央区,エヴァ 弁天橋店,サービス,理容・美容業,5%
新潟県,新潟市中央区,Ｓ．Ｈ．Ｓ 鳥屋野店,小売業,家具・調度品,5%
新潟県,新潟市中央区,越後せんべい浜島,小売業,食料品,5%
新潟県,新潟市中央区,越後せんべい 浜島 越後せんべい浜島,小売業,食料品,5%
新潟県,新潟市中央区,越後十日町小嶋屋新潟店,サービス,飲食業,5%
新潟県,新潟市中央区,Ｈｅｒｍｉｔａｇｅ Ｃｉｅｌ,サービス,理容・美容業,5%
新潟県,新潟市中央区,オアズヘアービィグラッド,サービス,理容・美容業,5%
新潟県,新潟市中央区,お菓子工房?ｋｕｕ?,小売業,食料品,5%
新潟県,新潟市中央区,ｖｉｎｏｌｅｎｔｏ,サービス,飲食業,5%
新潟県,新潟市中央区,オリエンタル整体院,サービス,その他サービス,5%
新潟県,新潟市中央区,オリックスレンタカー新潟駅北口店,サービス,その他サービス,2%
新潟県,新潟市中央区,オリックスレンタカー新潟駅万代口店,サービス,その他サービス,2%
新潟県,新潟市中央区,オリックスレンタカー新潟駅南口店,サービス,その他サービス,2%
新潟県,新潟市中央区,オリックスレンタカー新潟上所店,サービス,その他サービス,2%
新潟県,新潟市中央区,オリックスレンタカー新潟県庁前店,サービス,その他サービス,2%
新潟県,新潟市中央区,温野菜新潟新和店,サービス,飲食業,2%
新潟県,新潟市中央区,カードオブパラダイス桜木店,小売業,その他小売,5%
新潟県,新潟市中央区,カードラボ 新潟店,小売業,書籍・玩具・音楽ＣＤ,5%
新潟県,新潟市中央区,かおり屋,サービス,飲食業,5%
新潟県,新潟市中央区,かおるや東大通店,サービス,飲食業,5%
新潟県,新潟市中央区,割烹渡真,サービス,飲食業,5%
新潟県,新潟市中央区,ＫＡＤＯ,サービス,飲食業,5%
新潟県,新潟市中央区,カドフク,サービス,飲食業,5%
新潟県,新潟市中央区,カドフク,サービス,飲食業,5%
新潟県,新潟市中央区,株式会社天晴れ 天晴れ,サービス,飲食業,5%
新潟県,新潟市中央区,株式会社 大橋洋食器,小売業,その他小売,5%
新潟県,新潟市中央区,ＴＥＸＦＡＲＭ,サービス,その他サービス,5%
新潟県,新潟市中央区,株式会社天晴れ ヤサイ串巻マグロしゃぶしゃぶアッパレ,サービス,飲食業,5%
新潟県,新潟市中央区,株式会社天晴れ ホルモン酒場天晴れ精肉店,サービス,飲食業,5%
新潟県,新潟市中央区,株式会社大倉酒店,小売業,食料品,5%
新潟県,新潟市中央区,株式会社頸城建工 アクト万代店,小売業,総合（非専門）,5%
新潟県,新潟市中央区,株式会社ミズカミ,小売業,家具・調度品,5%
新潟県,新潟市中央区,株式会社やまざきコーポレイション,サービス,飲食業,5%
新潟県,新潟市中央区,ｋａｍｉｎｇ,サービス,理容・美容業,5%
新潟県,新潟市中央区,Ｋａｌｌｉｓｔｉ,サービス,理容・美容業,5%
新潟県,新潟市中央区,韓国家庭料理 多来,サービス,飲食業,5%
新潟県,新潟市中央区,カントリーホテル新潟,サービス,宿泊業,5%
新潟県,新潟市中央区,キーパーラボ新潟県庁前店,サービス,その他サービス,2%
新潟県,新潟市中央区,北日本補聴器センター新潟店,小売業,その他小売,5%
新潟県,新潟市中央区,喫茶 そらや,サービス,飲食業,5%
新潟県,新潟市中央区,キッチンバル Ｇｅｎ Ｓｕｎ,サービス,飲食業,5%
新潟県,新潟市中央区,モリパワー・キャリアアップスクール,その他業種,ー,5%
新潟県,新潟市中央区,牛角米山店,サービス,飲食業,2%
新潟県,新潟市中央区,ＧＬＡＭＯＵＲ,小売業,衣料品,5%
新潟県,新潟市中央区,ｇｌｉｎｔ美容室,サービス,理容・美容業,5%
新潟県,新潟市中央区,クレーシェル クレーシェル,小売業,食料品,5%
新潟県,新潟市中央区,クワトロ梨庵,サービス,飲食業,5%
新潟県,新潟市中央区,Ｋ－Ｗｉｎｄｓ,小売業,その他小売,5%
新潟県,新潟市中央区,ゲストハウス アンゴ荘,サービス,宿泊業,5%
新潟県,新潟市中央区,豪快やきとり さごっちゃん,サービス,飲食業,5%
新潟県,新潟市中央区,考古堂書店,小売業,書籍・玩具・音楽ＣＤ,5%
新潟県,新潟市中央区,紅茶のお店ひまわり,サービス,飲食業,5%
新潟県,新潟市中央区,ｃｏｃｏｅ Ｈａｉｒ＆Ｒｅｌａｘ （ココエ）,サービス,理容・美容業,5%
新潟県,新潟市中央区,金剛堂 新潟店,小売業,家具・調度品,5%
新潟県,新潟市中央区,ＴｈｅＬｉｆｆｅｙＴａｖｅｒｎ３,サービス,飲食業,5%
新潟県,新潟市中央区,ＴＨＩＲＴＥＥＮ１３,サービス,理容・美容業,5%
新潟県,新潟市中央区,酒井健康整体,サービス,その他サービス,5%
新潟県,新潟市中央区,酒と肴のぶ,サービス,飲食業,5%
新潟県,新潟市中央区,佐渡廻転寿司弁慶ピア万代店,サービス,飲食業,5%
新潟県,新潟市中央区,Ｔｈｅ Ｂａｒｂｅｒ ３７,サービス,その他サービス,5%
新潟県,新潟市中央区,さるーん 桜木店,サービス,飲食業,5%
新潟県,新潟市中央区,サロン ド セピア,サービス,理容・美容業,5%
新潟県,新潟市中央区,ＳｉｉＪｅ【シイジ】,サービス,理容・美容業,5%
新潟県,新潟市中央区,ジェレミー Ｊｅｌｅｍｙ,サービス,理容・美容業,5%
新潟県,新潟市中央区,視覚行動研究所,その他業種,ー,5%
新潟県,新潟市中央区,Ｃｉｃｉｃａ（シシカ）,サービス,理容・美容業,5%
新潟県,新潟市中央区,四川飯店 新潟,サービス,飲食業,5%
新潟県,新潟市中央区,自慢の一滴本舗 新潟醤油（株）,小売業,食料品,5%
新潟県,新潟市中央区,シャレニーデッキィ４０１店,小売業,その他小売,5%
新潟県,新潟市中央区,旬食酒好Ｙｕｕ,サービス,飲食業,5%
新潟県,新潟市中央区,Ｊｙｏｚｏ,サービス,飲食業,5%
新潟県,新潟市中央区,寝具工房よーくねった,小売業,その他小売,5%
新潟県,新潟市中央区,シングルイン新潟第一,サービス,宿泊業,5%
新潟県,新潟市中央区,シングルイン新潟第三,サービス,宿泊業,5%
新潟県,新潟市中央区,シングルイン新潟第二,サービス,宿泊業,5%
新潟県,新潟市中央区,シングルイン新潟第二新館,サービス,宿泊業,5%
新潟県,新潟市中央区,鮨弁慶海,サービス,飲食業,5%
新潟県,新潟市中央区,ＳＴＯＲＥｆｏｒＢｅｔｔｅｒｈｏｌｉｄａｙ,小売業,その他小売,5%
新潟県,新潟市中央区,ストレート 新潟店,小売業,その他小売,5%
新潟県,新潟市中央区,ＳＮＩＰＳＣＡＯＳ,サービス,理容・美容業,5%
新潟県,新潟市中央区,ＳＮＩＰＳＤＯＥＳ,サービス,理容・美容業,5%
新潟県,新潟市中央区,ＳＮＩＰＳＬＩＦＥＤＥＳＩＧＮ,サービス,理容・美容業,5%
新潟県,新潟市中央区,スマイリークレープ 新潟駅南口店,小売業,食料品,5%
新潟県,新潟市中央区,スマイルビューティ,サービス,理容・美容業,5%
新潟県,新潟市中央区,スワロー商事,サービス,その他サービス,5%
新潟県,新潟市中央区,せかい鮨,サービス,飲食業,5%
新潟県,新潟市中央区,草村動物病院,その他業種,ー,5%
新潟県,新潟市中央区,株式会社ダイヤモンドジュビリー,小売業,貴金属・服飾品,5%
新潟県,新潟市中央区,たちばなデッキィ４０１店,小売業,衣料品,5%
新潟県,新潟市中央区,ＤａｎｃｅＳｃｈｏｏｌＬｙｄｉａ,サービス,その他サービス,5%
新潟県,新潟市中央区,張園（ちょうえん）南店,サービス,飲食業,5%
新潟県,新潟市中央区,ティーズパートナー Ｈａｉｒ Ｐｌａｎｔ,サービス,理容・美容業,5%
新潟県,新潟市中央区,鉄板・炭焼ダイニング Ｓｅｉ （,サービス,飲食業,5%
新潟県,新潟市中央区,鉄板・炭焼ダイニング Ｓｅｉけや,サービス,飲食業,5%
新潟県,新潟市中央区,ＤＥＬＩ＆ＲＥＳＴＡＵＲＡＮＴｐｉａｔｔｏｇｉｏｒｎｉ,サービス,飲食業,5%
新潟県,新潟市中央区,電化のコヤマ,小売業,電化製品,5%
新潟県,新潟市中央区,天然酵母パン ミーア,小売業,食料品,5%
新潟県,新潟市中央区,デンジャラスチキン,サービス,飲食業,5%
新潟県,新潟市中央区,ＴＵＯ新潟青陵大学・短期大学生協,その他業種,ー,5%
新潟県,新潟市中央区,ドクターリッチＤｒＲｉｃｈ,サービス,その他サービス,5%
新潟県,新潟市中央区,ドスパラ新潟店,小売業,電化製品,5%
新潟県,新潟市中央区,富寿し 富寿し新潟万代店,サービス,飲食業,5%
新潟県,新潟市中央区,トヨタカローラ新潟新潟桜木店,小売業,その他小売,5%
新潟県,新潟市中央区,トヨタレンタリース新潟新潟駅南口店,サービス,その他サービス,2%
新潟県,新潟市中央区,トヨタレンタリース新潟万代店,サービス,その他サービス,2%
新潟県,新潟市中央区,トヨタレンタリース新潟女池インタ－店,サービス,その他サービス,2%
新潟県,新潟市中央区,とらのあな新潟店,小売業,書籍・玩具・音楽ＣＤ,5%
新潟県,新潟市中央区,ｔｒｕｎｃ ｎａｉｌ,サービス,その他サービス,5%
新潟県,新潟市中央区,鳥忠 明石,サービス,飲食業,5%
新潟県,新潟市中央区,なり－ｎｕｔｔａｒｉＮＡＲＩ－,サービス,その他サービス,5%
新潟県,新潟市中央区,セブン－イレブン新潟明石店,小売業,食料品,2%
新潟県,新潟市中央区,セブン－イレブン新潟愛宕店,小売業,食料品,2%
新潟県,新潟市中央区,セブン－イレブン新潟入船店,小売業,食料品,2%
新潟県,新潟市中央区,セブン－イレブン新潟駅ＣｏＣｏＬｏ西館店,小売業,食料品,2%
新潟県,新潟市中央区,セブン－イレブン新潟駅前店,小売業,食料品,2%
新潟県,新潟市中央区,セブン－イレブン新潟上所店,小売業,食料品,2%
新潟県,新潟市中央区,セブン－イレブン新潟上所２丁目店,小売業,食料品,2%
新潟県,新潟市中央区,セブン－イレブン新潟川岸町３丁目店,小売業,食料品,2%
新潟県,新潟市中央区,セブン－イレブン新潟神道寺店,小売業,食料品,2%
新潟県,新潟市中央区,新潟グランドホテル 日本料理レストラン 静香庵,サービス,宿泊業,5%
新潟県,新潟市中央区,新潟グランドホテル ティーラウンジ スパークル,サービス,宿泊業,5%
新潟県,新潟市中央区,セブン－イレブン新潟新和１丁目店,小売業,食料品,2%
新潟県,新潟市中央区,セブン－イレブン新潟紫竹山店,小売業,食料品,2%
新潟県,新潟市中央区,セブン－イレブン新潟市民病院前店,小売業,食料品,2%
新潟県,新潟市中央区,セブン－イレブン新潟スタジアム前店,小売業,食料品,2%
新潟県,新潟市中央区,新潟住まいのお金相談室,サービス,その他サービス,5%
新潟県,新潟市中央区,セブン－イレブン新潟住吉町店,小売業,食料品,2%
新潟県,新潟市中央区,新潟青陵大学・短期大学生協,その他業種,ー,5%
新潟県,新潟市中央区,セブン－イレブン新潟天神店,小売業,食料品,2%
新潟県,新潟市中央区,セブン－イレブン新潟鳥屋野店,小売業,食料品,2%
新潟県,新潟市中央区,セブン－イレブン新潟鳥屋野２丁目店,小売業,食料品,2%
新潟県,新潟市中央区,セブン－イレブン新潟ＮＥＸＴ２１店,小売業,食料品,2%
新潟県,新潟市中央区,セブン－イレブン新潟花園１丁目店,小売業,食料品,2%
新潟県,新潟市中央区,ＮＩＩＧＡＴＡ ＢＡＬ ＴＩＤＡ【ティダ】,サービス,飲食業,5%
新潟県,新潟市中央区,セブン－イレブン新潟万代４丁目店,小売業,食料品,2%
新潟県,新潟市中央区,セブン－イレブン新潟東出来島店,小売業,食料品,2%
新潟県,新潟市中央区,セブン－イレブン新潟船場店,小売業,食料品,2%
新潟県,新潟市中央区,セブン－イレブン新潟弁天１丁目店,小売業,食料品,2%
新潟県,新潟市中央区,セブン－イレブン新潟弁天橋店,小売業,食料品,2%
新潟県,新潟市中央区,セブン－イレブン新潟水島町店,小売業,食料品,2%
新潟県,新潟市中央区,セブン－イレブン新潟女池店,小売業,食料品,2%
新潟県,新潟市中央区,セブン－イレブン新潟女池西店,小売業,食料品,2%
新潟県,新潟市中央区,セブン－イレブン新潟本馬越店,小売業,食料品,2%
新潟県,新潟市中央区,セブン－イレブン新潟横七番町通店,小売業,食料品,2%
新潟県,新潟市中央区,セブン－イレブン新潟竜が島１丁目店,小売業,食料品,2%
新潟県,新潟市中央区,セブン－イレブン新潟和合町１丁目店,小売業,食料品,2%
新潟県,新潟市中央区,セブン－イレブン新潟和合町店,小売業,食料品,2%
新潟県,新潟市中央区,Ｎｉｃｏｒａ（ニコラ）,サービス,理容・美容業,5%
新潟県,新潟市中央区,ネイルズアジュール ＤｅＫＫＹ４０１店,サービス,理容・美容業,5%
新潟県,新潟市中央区,ｎｅｍｏｎ,小売業,衣料品,5%
新潟県,新潟市中央区,ノーザンアイランド,小売業,衣料品,5%
新潟県,新潟市中央区,ｂａｒｂｅｒ ｍｏ?ｚｏ,サービス,理容・美容業,5%
新潟県,新潟市中央区,花森自然形体院,サービス,その他サービス,5%
新潟県,新潟市中央区,バリニーズ アロマテラピーゆるり,サービス,その他サービス,5%
新潟県,新潟市中央区,パンション駅南,サービス,宿泊業,5%
新潟県,新潟市中央区,ＨＡＮＤｓ,サービス,理容・美容業,5%
新潟県,新潟市中央区,ＢＥＡＮＳ ＣＡＦＥ,サービス,飲食業,5%
新潟県,新潟市中央区,びすと炉 心平 びすと炉 心平,サービス,飲食業,5%
新潟県,新潟市中央区,ＢＩＳＴＲＯ ｆｌｅｕｆｌｅｕ,サービス,飲食業,5%
新潟県,新潟市中央区,びっくりドンキー 新潟和合店,サービス,飲食業,2%
新潟県,新潟市中央区,美容室ＯＫＵＲＡ Ｄｅｋｋｙ４０１店,サービス,理容・美容業,5%
新潟県,新潟市中央区,美容室ＯＫＵＲＡ 万代シルバーホテル店,サービス,理容・美容業,5%
新潟県,新潟市中央区,美容室はなこ,サービス,理容・美容業,5%
新潟県,新潟市中央区,ひらた整体院,サービス,その他サービス,5%
新潟県,新潟市中央区,ＦＩＮＤ ファッション会館店,小売業,その他小売,5%
新潟県,新潟市中央区,ブーランジェリーリリッカ,サービス,飲食業,5%
新潟県,新潟市中央区,フキ新潟 工事用,小売業,その他小売,5%
新潟県,新潟市中央区,富士メガネ新潟店,小売業,その他小売,5%
新潟県,新潟市中央区,福光産業関屋店,小売業,電化製品,5%
新潟県,新潟市中央区,Ｂｏｕｔｉｑｕｅ ｌａ ｃｏｍｐｔｉｎｅ,小売業,衣料品,5%
新潟県,新潟市中央区,ＰＲＩＶＩＬＥＧＥ ＮＩＩＧＡＴＡ,小売業,衣料品,5%
新潟県,新潟市中央区,ＢＬＥＵＡＮＤＣＯ．,小売業,衣料品,5%
新潟県,新潟市中央区,ブルーカフェ,サービス,飲食業,5%
新潟県,新潟市中央区,古川煙草専舗 アクセサリー,小売業,その他小売,5%
新潟県,新潟市中央区,フレッシュネスバーガーメディアシップ,サービス,飲食業,2%
新潟県,新潟市中央区,ＦＲＥＮＣＨ ＴＥＰＰＡＮ 静香庵,サービス,飲食業,5%
新潟県,新潟市中央区,ｈａｉｒ ｓａｌｏｎ ｄｅｒ ｓｃｈｒｉｔｔ,サービス,理容・美容業,5%
新潟県,新潟市中央区,ヘアーサロン ツチヤ,サービス,理容・美容業,5%
新潟県,新潟市中央区,ヘア ビューティグリーンローズ,サービス,理容・美容業,5%
新潟県,新潟市中央区,別館立ち食い弁慶,サービス,飲食業,5%
新潟県,新潟市中央区,弁天鳥金,サービス,飲食業,5%
新潟県,新潟市中央区,まつげサロンＷＩＬＬ 新潟駅南レクスン２店,サービス,理容・美容業,5%
新潟県,新潟市中央区,Ｍａｔｅ?Ｎ?Ｒａｗ,小売業,衣料品,5%
新潟県,新潟市中央区,マリヤ人形店,小売業,その他小売,5%
新潟県,新潟市中央区,マルイ女池店,小売業,食料品,5%
新潟県,新潟市中央区,Ｍｉｅｔｔａ Ｍｉｅｔｔａ,小売業,総合（非専門）,5%
新潟県,新潟市中央区,ＭＩＬＤ．（ミルト）,サービス,理容・美容業,5%
新潟県,新潟市中央区,無尽蔵 花園家,サービス,飲食業,5%
新潟県,新潟市中央区,Ｍｕｒａ’ｓ ｗａｒｕｎｇ,サービス,飲食業,5%
新潟県,新潟市中央区,Ｍａｙ Ｓｈｉｒａｚ Ｍａｙ Ｓｈｉｒａｚ,サービス,飲食業,5%
新潟県,新潟市中央区,もんじゃ とやの店,サービス,飲食業,5%
新潟県,新潟市中央区,焼肉 藤虎,サービス,飲食業,5%
新潟県,新潟市中央区,山下家具店 催事,小売業,家具・調度品,5%
新潟県,新潟市中央区,有限会社雅美堂 有限会社雅美堂,小売業,その他小売,5%
新潟県,新潟市中央区,ＹＯＧＡ ＳＰＡ ｙｏｇａｙｕＨ,サービス,飲食業,5%
新潟県,新潟市中央区,吉田フローリスト,小売業,その他小売,5%
新潟県,新潟市中央区,ＬＡ ＣＵＣＩＮＡ ＬＩＢＥＲＡ,サービス,飲食業,5%
新潟県,新潟市中央区,ライフネット 御園,小売業,電化製品,5%
新潟県,新潟市中央区,らしんばん 新潟店,小売業,その他小売,5%
新潟県,新潟市中央区,リカーズ ハセガワ リカーズ ハセガワ,小売業,食料品,5%
新潟県,新潟市中央区,リラクゼーションスペースＣｈａｉｉ リラクゼーションスペースＣｈａｉｉ,サービス,理容・美容業,5%
新潟県,新潟市中央区,ルドワ,サービス,理容・美容業,5%
新潟県,新潟市中央区,Ｒｅｆｌｅｕｒｉｒ Ｒｅｆｌｅｕｒｉｒ,サービス,理容・美容業,5%
新潟県,新潟市中央区,ｌｏｇ．,サービス,理容・美容業,5%
新潟県,新潟市中央区,ロケットランチャー,小売業,その他小売,5%
新潟県,新潟市中央区,わいんばーあべ,サービス,飲食業,5%
新潟県,新潟市西蒲区,アイヒコ理美容室,サービス,理容・美容業,5%
新潟県,新潟市西蒲区,灯りの食邸 ＫＯＫＡＪＩＹＡ,サービス,飲食業,5%
新潟県,新潟市西蒲区,イエストサービス 車検 点検,小売業,その他小売,5%
新潟県,新潟市西蒲区,石崎電器,小売業,電化製品,5%
新潟県,新潟市西蒲区,出光岩室国道ＳＳ,小売業,ガソリンスタンド,2%
新潟県,新潟市西蒲区,出光潟東ＳＳ,小売業,ガソリンスタンド,2%
新潟県,新潟市西蒲区,出光巻インターＳＳ,小売業,ガソリンスタンド,2%
新潟県,新潟市西蒲区,Ｗｅｓｔ ｂｏａｒｄ ｃｒｅｗ,小売業,その他小売,5%
新潟県,新潟市西蒲区,小川電器店,小売業,電化製品,5%
新潟県,新潟市西蒲区,オリックスレンタカー新潟西蒲店,サービス,その他サービス,2%
新潟県,新潟市西蒲区,セブン－イレブン下越西川押付店,小売業,食料品,2%
新潟県,新潟市西蒲区,セブン－イレブン下越巻店,小売業,食料品,2%
新潟県,新潟市西蒲区,加藤電器,小売業,電化製品,5%
新潟県,新潟市西蒲区,（株式会社ティーエフニイガタ）美容室ＴＡＫＩ巻駅前店,サービス,理容・美容業,5%
新潟県,新潟市西蒲区,髙志の宿 髙島屋,サービス,宿泊業,5%
新潟県,新潟市西蒲区,そら野マルシェ そら野テラス,小売業,その他小売,5%
新潟県,新潟市西蒲区,Ｔａｉｂｏｗ ｃｏｆｆｅｅ ｇｅｌａｔｏ ｓｏｆｔ,サービス,飲食業,5%
新潟県,新潟市西蒲区,でんきのドリームマキタ,小売業,電化製品,5%
新潟県,新潟市西蒲区,ＴＯＮＥＲＩＫＯ 農園のカフェ厨房 ＴＯＮＥＲＩＫＯ,サービス,飲食業,5%
新潟県,新潟市西蒲区,トヨタカローラ新潟巻店,小売業,その他小売,5%
新潟県,新潟市西蒲区,トヨタレンタリース新潟巻店,サービス,その他サービス,2%
新潟県,新潟市西蒲区,内藤電機 内藤電機,小売業,電化製品,5%
新潟県,新潟市西蒲区,中澤理髪店,サービス,理容・美容業,5%
新潟県,新潟市西蒲区,新潟市岩室観光施設いわむろや いわむろマルシェ,小売業,食料品,5%
新潟県,新潟市西蒲区,セブン－イレブン新潟曽根店,小売業,食料品,2%
新潟県,新潟市西蒲区,セブン－イレブン新潟松野尾店,小売業,食料品,2%
新潟県,新潟市西蒲区,ネイチャーアクアリウムギャラリー,小売業,その他小売,5%
新潟県,新潟市西蒲区,パナ・コスモス アマノ,小売業,電化製品,5%
新潟県,新潟市西蒲区,ビジョンカネコ,小売業,電化製品,5%
新潟県,新潟市西蒲区,美容室ＭＥＧＵ,サービス,理容・美容業,5%
新潟県,新潟市西蒲区,広木電器,小売業,電化製品,5%
新潟県,新潟市西蒲区,富士屋,サービス,宿泊業,5%
新潟県,新潟市西蒲区,ヘアーイン タイム,サービス,理容・美容業,5%
新潟県,新潟市西蒲区,ヘアーイン タイム,サービス,理容・美容業,5%
新潟県,新潟市西蒲区,ヘアーサロン天神,サービス,理容・美容業,5%
新潟県,新潟市西蒲区,ほぐしの名人 西蒲西川店,サービス,その他サービス,5%
新潟県,新潟市西蒲区,セブン－イレブン巻潟東インター店,小売業,食料品,2%
新潟県,新潟市西蒲区,マルイ巻店,小売業,食料品,5%
新潟県,新潟市西蒲区,ヤギサワデンキ,小売業,電化製品,5%
新潟県,新潟市西蒲区,吉川酒店,その他業種,ー,5%
新潟県,新潟市西蒲区,Ｌａ Ｂｉｓｔｅｃｃａ,サービス,飲食業,5%
新潟県,新潟市西蒲区,ラ ナチュリッチ,サービス,飲食業,5%
新潟県,新潟市西蒲区,理髪倶楽部ＴＡＧＡ,サービス,理容・美容業,5%
新潟県,新潟市西蒲区,理容オガワ,サービス,理容・美容業,5%
新潟県,新潟市西蒲区,ＬＥＡＣＥ,サービス,理容・美容業,5%
新潟県,新潟市西蒲区,ワイズヘアー巻店,サービス,理容・美容業,5%
新潟県,新潟市西区,ＡａｌｌａＺ新潟,サービス,飲食業,5%
新潟県,新潟市西区,アイティービューティー 就活写真のフォトリラックス,サービス,その他サービス,5%
新潟県,新潟市西区,Ａｓｏｃｉａ行政書士法務事務所 Ａｓｏｃｉａ行政書士法務事務所,サービス,その他サービス,5%
新潟県,新潟市西区,ａｍｐｌｉｆｉｅｒＨＡＩＲＳＴＵＤＩＯ,サービス,理容・美容業,5%
新潟県,新潟市西区,ＥｖｅＴｒｉｃｏ,サービス,理容・美容業,5%
新潟県,新潟市西区,居酒屋 カンゴシナ,サービス,飲食業,5%
新潟県,新潟市西区,居酒屋呑人,サービス,飲食業,5%
新潟県,新潟市西区,出光セルフ黒埼ＳＳ,小売業,ガソリンスタンド,2%
新潟県,新潟市西区,うめこまち,サービス,飲食業,5%
新潟県,新潟市西区,ＡＣコンタクト株式会社,小売業,その他小売,5%
新潟県,新潟市西区,カーペディエム新潟,小売業,その他小売,5%
新潟県,新潟市西区,カイロプラクティック中山,サービス,理容・美容業,5%
新潟県,新潟市西区,かとちゃり かとちゃり,小売業,その他小売,5%
新潟県,新潟市西区,株式会社頸城建工 アクト流通スタジオ,サービス,その他サービス,5%
新潟県,新潟市西区,株式会社頸城建工 アクト ｗｉｔｈ ＬＩＶＩＮＧ ＨＯＵＳＥ,小売業,総合（非専門）,5%
新潟県,新潟市西区,家寶,サービス,飲食業,5%
新潟県,新潟市西区,居酒屋 鳥太郎,サービス,飲食業,5%
新潟県,新潟市西区,からあげ専門店 とりっこ,サービス,飲食業,5%
新潟県,新潟市西区,カレーハウスＣＯＣＯ壱番屋新潟新通り店,サービス,飲食業,2%
新潟県,新潟市西区,牛角黒埼店,サービス,飲食業,2%
新潟県,新潟市西区,クリーニングショップラヴァージュ クリーニングショップ ラヴァージュ,サービス,その他サービス,5%
新潟県,新潟市西区,ゲストハウスＯＲＩ ＯＲＩ ゲストハウスＯＲＩ ＯＲＩ,サービス,宿泊業,5%
新潟県,新潟市西区,Ｋｅｔｔｌｅ,小売業,衣料品,5%
新潟県,新潟市西区,現庭,サービス,その他サービス,5%
新潟県,新潟市西区,神戸クックワールドビュッフェ新潟西店,サービス,飲食業,2%
新潟県,新潟市西区,こばりサイクル,小売業,その他小売,5%
新潟県,新潟市西区,ＳＨＩＮ （シン）,サービス,理容・美容業,5%
新潟県,新潟市西区,ＳＮＩＰＳＬＯＨＡＳ,サービス,理容・美容業,5%
新潟県,新潟市西区,ｓｏｆａ,サービス,理容・美容業,5%
新潟県,新潟市西区,ソフト整体１２ ソフト整体１２,サービス,その他サービス,5%
新潟県,新潟市西区,第三学生食堂,その他業種,ー,5%
新潟県,新潟市西区,太陽交通新潟 ２１３号,サービス,運輸業,5%
新潟県,新潟市西区,ＴＡＫＵＭＩ ｆｏｒ ｈａｉｒ,サービス,理容・美容業,5%
新潟県,新潟市西区,竹竜タクシー,サービス,運輸業,5%
新潟県,新潟市西区,ＤＩＧＷｅｌｆａｒｅＴａｘｉＤＩＧ福祉タクシー,サービス,運輸業,5%
新潟県,新潟市西区,トヨタカローラ新潟青山フォーラム店,小売業,その他小売,5%
新潟県,新潟市西区,トヨタレンタリース新潟青山店,サービス,その他サービス,2%
新潟県,新潟市西区,丼丸ＦＵＪＩ 小針店 丼丸ＦＵＪＩ小針店,サービス,飲食業,5%
新潟県,新潟市西区,和味屋 喜笑 ｋｉｓｈｏ,サービス,飲食業,5%
新潟県,新潟市西区,バーバー波打ちぎわ（バーバー ナミウチギワ）,サービス,理容・美容業,5%
新潟県,新潟市西区,セブン－イレブン新潟内野町店,小売業,食料品,2%
新潟県,新潟市西区,セブン－イレブン新潟上新栄町店,小売業,食料品,2%
新潟県,新潟市西区,セブン－イレブン新潟黒埼インター店,小売業,食料品,2%
新潟県,新潟市西区,セブン－イレブン新潟小新店,小売業,食料品,2%
新潟県,新潟市西区,セブン－イレブン新潟小新４丁目店,小売業,食料品,2%
新潟県,新潟市西区,セブン－イレブン新潟小針１丁目店,小売業,食料品,2%
新潟県,新潟市西区,セブン－イレブン新潟小針８丁目店,小売業,食料品,2%
新潟県,新潟市西区,セブン－イレブン新潟坂井店,小売業,食料品,2%
新潟県,新潟市西区,セブン－イレブン新潟坂井東店,小売業,食料品,2%
新潟県,新潟市西区,新潟情報サービス パソコン１１０番 西川,サービス,その他サービス,5%
新潟県,新潟市西区,セブン－イレブン新潟新通店,小売業,食料品,2%
新潟県,新潟市西区,セブン－イレブン新潟善久店,小売業,食料品,2%
新潟県,新潟市西区,セブン－イレブン新潟曽和インター店,小売業,食料品,2%
新潟県,新潟市西区,新潟大学生協 購買部,その他業種,ー,5%
新潟県,新潟市西区,セブン－イレブン新潟大学正門前店,小売業,食料品,2%
新潟県,新潟市西区,セブン－イレブン新潟大学前店,小売業,食料品,2%
新潟県,新潟市西区,セブン－イレブン新潟寺尾台２丁目店,小売業,食料品,2%
新潟県,新潟市西区,新潟美人研究所,サービス,理容・美容業,5%
新潟県,新潟市西区,セブン－イレブン新潟平島２丁目店,小売業,食料品,2%
新潟県,新潟市西区,セブン－イレブン新潟みずき野店,小売業,食料品,2%
新潟県,新潟市西区,セブン－イレブン新潟山田店,小売業,食料品,2%
新潟県,新潟市西区,ネイルズアジュール アピタ新潟西店,サービス,理容・美容業,5%
新潟県,新潟市西区,呑みやえん 呑みや えん,サービス,飲食業,5%
新潟県,新潟市西区,（個人） 梅郷タクシー,サービス,運輸業,5%
新潟県,新潟市西区,パソコンなんでも相談所,サービス,その他サービス,5%
新潟県,新潟市西区,パナ・コスモス キムラ,小売業,電化製品,5%
新潟県,新潟市西区,パナ・コスモスコダマ,小売業,電化製品,5%
新潟県,新潟市西区,パナコスモス コバヤシ,小売業,電化製品,5%
新潟県,新潟市西区,はりま屋,サービス,飲食業,5%
新潟県,新潟市西区,ｂｅーｃａｎ （ビーキャン）,サービス,理容・美容業,5%
新潟県,新潟市西区,美容室Ａｎｇｅ 美容室Ａｎｇｅ,サービス,理容・美容業,5%
新潟県,新潟市西区,フォトショップ サムセング,サービス,その他サービス,5%
新潟県,新潟市西区,福光産業 青山店,小売業,電化製品,5%
新潟県,新潟市西区,プリーズヘアー,サービス,理容・美容業,5%
新潟県,新潟市西区,Ｆｕｗａｒｉｃａ,サービス,理容・美容業,5%
新潟県,新潟市西区,ほぐしの名人 黒埼インター店,サービス,その他サービス,5%
新潟県,新潟市西区,マルイ寺尾台店,小売業,食料品,5%
新潟県,新潟市西区,みどりデザイン研究所,小売業,その他小売,5%
新潟県,新潟市西区,みやん化粧品店,小売業,その他小売,5%
新潟県,新潟市西区,麺者風天 小針店,サービス,飲食業,5%
新潟県,新潟市西区,やなぎやサイクル,小売業,その他小売,5%
新潟県,新潟市西区,結整体院【ユイセイタイイン】,サービス,その他サービス,5%
新潟県,新潟市西区,ライフネット イカラシ,小売業,電化製品,5%
新潟県,新潟市西区,ルイール,サービス,理容・美容業,5%
新潟県,新潟市西区,ロータスワタベ,サービス,その他サービス,5%
新潟県,新潟市東区,ａｔｅｌｉｅｒ ｋｉｙｏ,小売業,衣料品,5%
新潟県,新潟市東区,アトレ花かいどう店,小売業,食料品,5%
新潟県,新潟市東区,Ａｒｃｈｉａｒ,サービス,理容・美容業,5%
新潟県,新潟市東区,アルチア Ａｒｃｈｉａｒ,サービス,理容・美容業,5%
新潟県,新潟市東区,出光石山団地ＳＳ,小売業,ガソリンスタンド,2%
新潟県,新潟市東区,出光新潟バイパスＳＳ,小売業,ガソリンスタンド,2%
新潟県,新潟市東区,出光物見山ＳＳ,小売業,ガソリンスタンド,2%
新潟県,新潟市東区,出光山ノ下ＳＳ,小売業,ガソリンスタンド,2%
新潟県,新潟市東区,ｅプラザ石山店,小売業,電化製品,5%
新潟県,新潟市東区,ウィルハウス,その他業種,ー,5%
新潟県,新潟市東区,ＥＶＡｈ エヴァ 花かいどう店,サービス,理容・美容業,5%
新潟県,新潟市東区,エムズ ヘア スタイル,サービス,理容・美容業,5%
新潟県,新潟市東区,大橋タクシー,サービス,運輸業,5%
新潟県,新潟市東区,オリックスレンタカー新潟空港店,サービス,その他サービス,2%
新潟県,新潟市東区,オリックスレンタカー新潟紫竹店,サービス,その他サービス,2%
新潟県,新潟市東区,オリックスレンタカー新潟竹尾店,サービス,その他サービス,2%
新潟県,新潟市東区,ＣＡＲ ＢＯＸ,小売業,その他小売,5%
新潟県,新潟市東区,ガスショップ 大形店,小売業,その他小売,5%
新潟県,新潟市東区,ガスショップ 空港通店,小売業,その他小売,5%
新潟県,新潟市東区,株式会社タチカワ 新潟支店 和田勝太,その他業種,ー,5%
新潟県,新潟市東区,株式会社畑山整備 オートテクノ はたけやま,サービス,その他サービス,5%
新潟県,新潟市東区,株式会社フリ－スタイル,小売業,その他小売,5%
新潟県,新潟市東区,株式会社レリエンスメディカル,小売業,衣料品,5%
新潟県,新潟市東区,キーパーラボ新潟東店,サービス,その他サービス,2%
新潟県,新潟市東区,牛角赤道店,サービス,飲食業,2%
新潟県,新潟市東区,Ｃｏｏ＆ＲＩＫＵ新潟東店,小売業,その他小売,5%
新潟県,新潟市東区,空港通りの動物病院,サービス,その他サービス,5%
新潟県,新潟市東区,クールワークス,サービス,その他サービス,5%
新潟県,新潟市東区,クリニカルカイロプラクティックなかやま,サービス,理容・美容業,5%
新潟県,新潟市東区,サービスピットサガミ,小売業,その他小売,5%
新潟県,新潟市東区,Ｓｙａｎｔｙ,小売業,衣料品,5%
新潟県,新潟市東区,すたみな太郎 新潟店,サービス,飲食業,5%
新潟県,新潟市東区,Ｓｏｐｈｉａ,小売業,衣料品,5%
新潟県,新潟市東区,タチカワ新潟支店（法人販売）,その他業種,ー,5%
新潟県,新潟市東区,長者町調剤薬局,小売業,その他小売,5%
新潟県,新潟市東区,でんきハウス星野,小売業,電化製品,5%
新潟県,新潟市東区,でんきやＳＵＮ タナカ,小売業,電化製品,5%
新潟県,新潟市東区,トビヌケ新潟店,小売業,その他小売,5%
新潟県,新潟市東区,トヨタカローラ新潟大形店,小売業,その他小売,5%
新潟県,新潟市東区,トヨタ部品新潟共販新潟営業所,その他業種,ー,5%
新潟県,新潟市東区,トヨタレンタリース新潟竹尾インタ－店,サービス,その他サービス,2%
新潟県,新潟市東区,トヨタレンタリース新潟新潟空港店,サービス,その他サービス,2%
新潟県,新潟市東区,ナカヤマデンキ,小売業,電化製品,5%
新潟県,新潟市東区,セブン－イレブン新潟秋葉通店,小売業,食料品,2%
新潟県,新潟市東区,セブン－イレブン新潟海老ケ瀬インター店,小売業,食料品,2%
新潟県,新潟市東区,セブン－イレブン新潟逢谷内店,小売業,食料品,2%
新潟県,新潟市東区,セブン－イレブン新潟卸新町１丁目店,小売業,食料品,2%
新潟県,新潟市東区,セブン－イレブン新潟上木戸４丁目店,小売業,食料品,2%
新潟県,新潟市東区,セブン－イレブン新潟幸栄店,小売業,食料品,2%
新潟県,新潟市東区,セブン－イレブン新潟河渡店,小売業,食料品,2%
新潟県,新潟市東区,セブン－イレブン新潟向陽２丁目店,小売業,食料品,2%
新潟県,新潟市東区,新潟自動車学校 新潟自動車学校,サービス,その他サービス,5%
新潟県,新潟市東区,セブン－イレブン新潟下木戸店,小売業,食料品,2%
新潟県,新潟市東区,セブン－イレブン新潟下木戸２丁目店,小売業,食料品,2%
新潟県,新潟市東区,セブン－イレブン新潟泰平橋店,小売業,食料品,2%
新潟県,新潟市東区,セブン－イレブン新潟児池店,小売業,食料品,2%
新潟県,新潟市東区,ニイガタデンキ,小売業,電化製品,5%
新潟県,新潟市東区,セブン－イレブン新潟東明１丁目店,小売業,食料品,2%
新潟県,新潟市東区,セブン－イレブン新潟東明２丁目店,小売業,食料品,2%
新潟県,新潟市東区,セブン－イレブン新潟浜町店,小売業,食料品,2%
新潟県,新潟市東区,セブン－イレブン新潟東中野山店,小売業,食料品,2%
新潟県,新潟市東区,セブン－イレブン新潟松崎店,小売業,食料品,2%
新潟県,新潟市東区,セブン－イレブン新潟山木戸店,小売業,食料品,2%
新潟県,新潟市東区,セブン－イレブン新潟山木戸７丁目店,小売業,食料品,2%
新潟県,新潟市東区,セブン－イレブン新潟豊店,小売業,食料品,2%
新潟県,新潟市東区,セブン－イレブン新潟若葉町店,小売業,食料品,2%
新潟県,新潟市東区,美容室ハイタイム,サービス,理容・美容業,5%
新潟県,新潟市東区,パナ・トップ,小売業,電化製品,5%
新潟県,新潟市東区,はり灸院兪堂,サービス,理容・美容業,5%
新潟県,新潟市東区,Ｐａｒａｄｅ河渡店,小売業,その他小売,5%
新潟県,新潟市東区,ＢＭＯ新潟店,小売業,衣料品,5%
新潟県,新潟市東区,ヒーリングサロン ＭＡＮＯ（マーノ）,サービス,その他サービス,5%
新潟県,新潟市東区,美容室ＯＫＵＲＡ 河渡店,サービス,理容・美容業,5%
新潟県,新潟市東区,美容室ＦＥＭＭＥ,サービス,理容・美容業,5%
新潟県,新潟市東区,Ｆｒｅｅｄｏｍ,サービス,理容・美容業,5%
新潟県,新潟市東区,ヘアーサロンニノ,サービス,理容・美容業,5%
新潟県,新潟市東区,ヘアメイク スプラッシュ,サービス,理容・美容業,5%
新潟県,新潟市東区,ヘアメイクエース,サービス,理容・美容業,5%
新潟県,新潟市東区,丸屋本店 本店,小売業,食料品,5%
新潟県,新潟市東区,ＭＩＮＯＲＵ ＨＡＩＲＳＡＬＯＮ,サービス,理容・美容業,5%
新潟県,新潟市東区,ｍｏｎｔｅ ３ｒｄ ｍｏｎｔｅ,サービス,理容・美容業,5%
新潟県,新潟市東区,ヤマサ自転車店,小売業,その他小売,5%
新潟県,新潟市東区,山の下ペットクリニック,サービス,その他サービス,5%
新潟県,新潟市東区,ライフネット小林,小売業,電化製品,5%
新潟県,新潟市東区,Ｒｙｍ,サービス,理容・美容業,5%
新潟県,新潟市南区,アップル車検新潟 白根店,その他業種,ー,5%
新潟県,新潟市南区,石田電機商会,小売業,電化製品,5%
新潟県,新潟市南区,石焼ステーキ贅 新潟亀田店,サービス,飲食業,5%
新潟県,新潟市南区,出光臼井ＳＳ,小売業,ガソリンスタンド,2%
新潟県,新潟市南区,出光白根東ＳＳ,小売業,ガソリンスタンド,2%
新潟県,新潟市南区,エムズ ヘアプレゼンス,サービス,理容・美容業,5%
新潟県,新潟市南区,おさかな亭白根店,サービス,飲食業,5%
新潟県,新潟市南区,おそうじ工房新潟,サービス,その他サービス,5%
新潟県,新潟市南区,学生専門ＳＨＯＰマサヤ 白根店,小売業,衣料品,5%
新潟県,新潟市南区,株式会社朝倉家具,小売業,家具・調度品,5%
新潟県,新潟市南区,セブン－イレブン白根大通黄金店,小売業,食料品,2%
新潟県,新潟市南区,セブン－イレブン白根親和町店,小売業,食料品,2%
新潟県,新潟市南区,トヨタ部品新潟共販本社営業所,その他業種,ー,5%
新潟県,新潟市南区,セブン－イレブン新潟味方中央店,小売業,食料品,2%
新潟県,新潟市南区,セブン－イレブン新潟鯵潟店,小売業,食料品,2%
新潟県,新潟市南区,セブン－イレブン新潟臼井店,小売業,食料品,2%
新潟県,新潟市南区,新潟中央部品新潟店部品館,小売業,その他小売,5%
新潟県,新潟市南区,セブン－イレブン新潟戸石新田店,小売業,食料品,2%
新潟県,新潟市南区,新潟にこにこ市場 新潟にこにこ市場,小売業,食料品,5%
新潟県,新潟市南区,新潟日報ＮＩＣ黒埼南,サービス,飲食業,5%
新潟県,新潟市南区,ひまわり花壇,小売業,その他小売,5%
新潟県,新潟市南区,ブルーライン,サービス,運輸業,5%
新潟県,新潟市南区,麺屋Ｄｉｎｉｎｇ オールディーズ,サービス,飲食業,5%
新潟県,新潟市南区,山田七蔵茶舗,小売業,その他小売,5%
新潟県,新潟市南区,有限会社 保苅写真館,サービス,その他サービス,5%
新潟県,新潟市南区,有限会社雪国家,サービス,飲食業,5%
新潟県,新潟市南区,ＬＡＫＵＴＴＺＯＮＥ,サービス,理容・美容業,5%
新潟県,見附市,ＡＣＣＵＥＩＬＬＩＲ （アクイール）,サービス,理容・美容業,5%
新潟県,見附市,あわづや,小売業,食料品,5%
新潟県,見附市,出光セルフ見附ＳＳ,小売業,ガソリンスタンド,2%
新潟県,見附市,出光見附駅前ＳＳ,小売業,ガソリンスタンド,2%
新潟県,見附市,エム・ワールド,小売業,ガソリンスタンド,2%
新潟県,見附市,お食事処 ニュー小や松,サービス,飲食業,5%
新潟県,見附市,Ｏｐｔｉｃａｌ Ｉｎａｄａ 稲田眼鏡店,小売業,その他小売,5%
新潟県,見附市,寛,サービス,飲食業,5%
新潟県,見附市,ＣＬＩＰ ＨＡＩＲ＆ＲＥＬＡＸ,サービス,理容・美容業,5%
新潟県,見附市,ＣＯＩＦＦＵＲＥ ｆｉｌｓ,サービス,理容・美容業,5%
新潟県,見附市,産直マルシェ健幸めっけ,小売業,食料品,5%
新潟県,見附市,シンフォニーイケダヤ,サービス,理容・美容業,5%
新潟県,見附市,西洋和菓子ドルチェ小川,小売業,食料品,5%
新潟県,見附市,そば処 ほし乃,サービス,飲食業,5%
新潟県,見附市,高橋電機商会,小売業,電化製品,5%
新潟県,見附市,田の口屋,小売業,食料品,5%
新潟県,見附市,にぎやか鮮菜酒家 笑楽亭,サービス,飲食業,5%
新潟県,見附市,農家レストラン「もみの樹」,サービス,飲食業,5%
新潟県,見附市,早川屋旅館,サービス,宿泊業,5%
新潟県,見附市,Ｐａｒａｄｅ見附店,小売業,その他小売,5%
新潟県,見附市,ヒライデンキ,小売業,電化製品,5%
新潟県,見附市,プラント５見附店セルフＳＳ,小売業,ガソリンスタンド,2%
新潟県,見附市,ブルースカイジャパン,小売業,電化製品,5%
新潟県,見附市,ヘアーショップタサキ,サービス,理容・美容業,5%
新潟県,見附市,ヘアーメイク タカハシ,サービス,理容・美容業,5%
新潟県,見附市,ＨａｉｒＲｏｏｍ おおの,サービス,理容・美容業,5%
新潟県,見附市,ヘアモードウエダ,サービス,理容・美容業,5%
新潟県,見附市,ほぐしの名人 見附店,サービス,その他サービス,5%
新潟県,見附市,マクドナルド見附プラント５店,サービス,飲食業,2%
新潟県,見附市,マルイ今町国道店,小売業,食料品,5%
新潟県,見附市,マルイ見附店,小売業,食料品,5%
新潟県,見附市,見附居酒屋 集,サービス,飲食業,5%
新潟県,見附市,見附今町酒場 魚屋鳥助,サービス,飲食業,5%
新潟県,見附市,セブン－イレブン見附今町４丁目店,小売業,食料品,2%
新潟県,見附市,見附ＳＳ,小売業,ガソリンスタンド,2%
新潟県,見附市,セブン－イレブン見附上新田町店,小売業,食料品,2%
新潟県,見附市,見附葛巻ＳＳ,小売業,ガソリンスタンド,2%
新潟県,見附市,見附市役所通ＳＳ,小売業,ガソリンスタンド,2%
新潟県,見附市,セブン－イレブン見附新町３丁目店,小売業,食料品,2%
新潟県,見附市,セブン－イレブン見附本所店,小売業,食料品,2%
新潟県,見附市,見附南ＳＳ,小売業,ガソリンスタンド,2%
新潟県,見附市,見附元町,小売業,ガソリンスタンド,2%
新潟県,見附市,有限会社 角田新聞店 ＮＩＣ今町,その他業種,ー,5%
新潟県,見附市,有限会社紅竜飯店,サービス,飲食業,5%
新潟県,見附市,ＵＮＩ,サービス,理容・美容業,5%
新潟県,見附市,らあめん天山 見附店 らあめん天山 見附店,サービス,飲食業,5%
新潟県,見附市,レンタルブティック アーク,サービス,その他サービス,5%
新潟県,見附市,和食処海老名,サービス,飲食業,5%
新潟県,南魚沼市,ＡＯＫＩＫＡＥＮ 六日町本店,小売業,その他小売,5%
新潟県,南魚沼市,あざみ亭,サービス,宿泊業,5%
新潟県,南魚沼市,アルミュール,サービス,その他サービス,5%
新潟県,南魚沼市,五十沢ＳＳ,小売業,ガソリンスタンド,2%
新潟県,南魚沼市,井口鈑金,サービス,その他サービス,5%
新潟県,南魚沼市,石田電機商会,小売業,電化製品,5%
新潟県,南魚沼市,五日町ＳＳ,小売業,ガソリンスタンド,2%
新潟県,南魚沼市,出光五十沢ＳＳ,小売業,ガソリンスタンド,2%
新潟県,南魚沼市,出光セルフ塩沢ＳＳ,小売業,ガソリンスタンド,2%
新潟県,南魚沼市,出光セルフ六日町ＳＳ,小売業,ガソリンスタンド,2%
新潟県,南魚沼市,出光六日町ＳＳ,小売業,ガソリンスタンド,2%
新潟県,南魚沼市,出光大和ＳＳ,小売業,ガソリンスタンド,2%
新潟県,南魚沼市,ｅプラザ南魚沼店,小売業,電化製品,5%
新潟県,南魚沼市,Ｖｅｌｌ,サービス,理容・美容業,5%
新潟県,南魚沼市,ＷＡＬＫ,その他業種,ー,5%
新潟県,南魚沼市,魚沼スイーツガーデンナトゥーラ魚野の里,小売業,その他小売,5%
新潟県,南魚沼市,ＶＯＬＴＥＸ,サービス,飲食業,5%
新潟県,南魚沼市,浦佐ＳＳ,小売業,ガソリンスタンド,2%
新潟県,南魚沼市,セブン－イレブン浦佐駅前店,小売業,食料品,2%
新潟県,南魚沼市,オートボデーセキ,サービス,その他サービス,5%
新潟県,南魚沼市,ｏｒｉｅｎｔａｌ理容室,サービス,理容・美容業,5%
新潟県,南魚沼市,俺オレＯｌｅ,サービス,飲食業,5%
新潟県,南魚沼市,カーコンビニ?楽部ナカヤモータース 本店,サービス,その他サービス,5%
新潟県,南魚沼市,門山電機店,小売業,電化製品,5%
新潟県,南魚沼市,キューピット大和,小売業,総合（非専門）,5%
新潟県,南魚沼市,喰い処 飲み処 とん吉,サービス,飲食業,5%
新潟県,南魚沼市,クレブスポーツ 六日町,小売業,その他小売,5%
新潟県,南魚沼市,コーポレーション森,サービス,その他サービス,5%
新潟県,南魚沼市,ごちそうお肉ビストロくう海,サービス,飲食業,5%
新潟県,南魚沼市,雑貨と洋服やさんハイネ,小売業,衣料品,5%
新潟県,南魚沼市,佐藤時計店,小売業,その他小売,5%
新潟県,南魚沼市,塩沢ＳＳ 有限会社大塚金物店,小売業,ガソリンスタンド,2%
新潟県,南魚沼市,塩沢支店 直売,小売業,その他小売,5%
新潟県,南魚沼市,シャルム,サービス,その他サービス,5%
新潟県,南魚沼市,旬彩の庄坂戸城,サービス,宿泊業,5%
新潟県,南魚沼市,松月,小売業,食料品,5%
新潟県,南魚沼市,城内ＳＳ,小売業,ガソリンスタンド,2%
新潟県,南魚沼市,城内東ＳＳ,小売業,ガソリンスタンド,2%
新潟県,南魚沼市,城内麓ＳＳ,小売業,ガソリンスタンド,2%
新潟県,南魚沼市,ショッピングストアートダ,小売業,総合（非専門）,5%
新潟県,南魚沼市,芯菜箸 芯菜箸,サービス,飲食業,5%
新潟県,南魚沼市,スタイルメイク シーラ ＳＥＥ?ＬＡ,サービス,理容・美容業,5%
新潟県,南魚沼市,スタイルメイクシーラ,サービス,理容・美容業,5%
新潟県,南魚沼市,ＳＰＥＬＬ,サービス,理容・美容業,5%
新潟県,南魚沼市,スマイル車検六日町店,小売業,その他小売,5%
新潟県,南魚沼市,泉住,小売業,食料品,5%
新潟県,南魚沼市,ヒルサイドインセンタークラブ,サービス,その他サービス,5%
新潟県,南魚沼市,ｓｏｌｉｔｔｌｅ,小売業,衣料品,5%
新潟県,南魚沼市,大正や 大正や,小売業,総合（非専門）,5%
新潟県,南魚沼市,高正洋装店,小売業,衣料品,5%
新潟県,南魚沼市,田中屋旅館,サービス,宿泊業,5%
新潟県,南魚沼市,セブン－イレブン中越塩沢町店,小売業,食料品,2%
新潟県,南魚沼市,セブン－イレブン中越大和北里通り店,小売業,食料品,2%
新潟県,南魚沼市,てーぶるくろす 塩沢店,小売業,食料品,5%
新潟県,南魚沼市,でんきと住まいのかむ,小売業,電化製品,5%
新潟県,南魚沼市,ｆｕｗａｒｉ,サービス,理容・美容業,5%
新潟県,南魚沼市,トヨタレンタリース新潟六日町店,サービス,その他サービス,2%
新潟県,南魚沼市,仲又鈑金,サービス,その他サービス,5%
新潟県,南魚沼市,なにわ茶屋,サービス,飲食業,5%
新潟県,南魚沼市,Ｎｉｌｅ ｒｅｇｉａ Ｎａｉｌ ｒｅｇｉａ ｓｃｈｏｏｌ ｓａｌｏｎ,サービス,理容・美容業,5%
新潟県,南魚沼市,ノースポイントロッヂ,サービス,宿泊業,5%
新潟県,南魚沼市,ＨＩＧＨ ＰＵＳＨ ＨＩＧＨＰＵＳＨ ｓｋａｔｅｂｏａｒｄ ｓｎｏｗｂｏａｒｄ ｓｈｏｐ,小売業,その他小売,5%
新潟県,南魚沼市,ハックルベリー,サービス,飲食業,5%
新潟県,南魚沼市,はらぜん,小売業,総合（非専門）,5%
新潟県,南魚沼市,はりまやスーパープライス店 スーパープライス店,小売業,食料品,5%
新潟県,南魚沼市,はりまや石打店 石打店,小売業,食料品,5%
新潟県,南魚沼市,はりまや石打店,小売業,総合（非専門）,5%
新潟県,南魚沼市,はりまや塩沢店,小売業,総合（非専門）,5%
新潟県,南魚沼市,ピッツァ タルト,サービス,飲食業,5%
新潟県,南魚沼市,ピッツァ タルト,サービス,飲食業,5%
新潟県,南魚沼市,福井屋菓子店,小売業,食料品,5%
新潟県,南魚沼市,有 藤島コンタクトレンズ研究所,小売業,その他小売,5%
新潟県,南魚沼市,ヘアー・リラックス コスギ,サービス,理容・美容業,5%
新潟県,南魚沼市,ベルーガ上田,小売業,ガソリンスタンド,2%
新潟県,南魚沼市,ベルーガ塩沢ＳＳ,小売業,ガソリンスタンド,2%
新潟県,南魚沼市,ベルーガ中之島ＳＳ,小売業,ガソリンスタンド,2%
新潟県,南魚沼市,ペンションカム,サービス,宿泊業,5%
新潟県,南魚沼市,ペンションわかい,サービス,宿泊業,5%
新潟県,南魚沼市,舞子高原ホテル,サービス,その他サービス,5%
新潟県,南魚沼市,舞子リゾート,サービス,宿泊業,5%
新潟県,南魚沼市,マクドナルド１７号六日町店,サービス,飲食業,2%
新潟県,南魚沼市,丸山温泉古城館,サービス,宿泊業,5%
新潟県,南魚沼市,セブン－イレブン南魚沼青木新田店,小売業,食料品,2%
新潟県,南魚沼市,セブン－イレブン南魚沼泉店,小売業,食料品,2%
新潟県,南魚沼市,セブン－イレブン南魚沼坂戸店,小売業,食料品,2%
新潟県,南魚沼市,セブン－イレブン南魚沼竹俣新田店,小売業,食料品,2%
新潟県,南魚沼市,セブン－イレブン南魚沼寺尾店,小売業,食料品,2%
新潟県,南魚沼市,セブン－イレブン南魚沼余川店,小売業,食料品,2%
新潟県,南魚沼市,むいか温泉ホテル,サービス,その他サービス,5%
新潟県,南魚沼市,セブン－イレブン六日町駅西店,小売業,食料品,2%
新潟県,南魚沼市,六日町ＳＳ,小売業,ガソリンスタンド,2%
新潟県,南魚沼市,六日町ＳＳ,小売業,ガソリンスタンド,2%
新潟県,南魚沼市,村友産業,小売業,衣料品,5%
新潟県,南魚沼市,名月荘,サービス,宿泊業,5%
新潟県,南魚沼市,八ツ峰養魚,サービス,宿泊業,5%
新潟県,南魚沼市,やましろや,小売業,総合（非専門）,5%
新潟県,南魚沼市,大和ＳＳ,小売業,ガソリンスタンド,2%
新潟県,南魚沼市,やまとタクシー １号車,サービス,運輸業,5%
新潟県,南魚沼市,大和町ＳＳ,小売業,ガソリンスタンド,2%
新潟県,南魚沼市,雪国観光センター魚野の里,小売業,その他小売,5%
新潟県,南魚沼市,利七屋,小売業,食料品,5%
新潟県,南魚沼市,龍言,サービス,宿泊業,5%
新潟県,南魚沼市,理容いまなり,サービス,理容・美容業,5%
新潟県,南魚沼市,理容富士,サービス,理容・美容業,5%
新潟県,南魚沼市,ベアーズハウス,サービス,その他サービス,5%
新潟県,南魚沼市,ロッヂヤングメイト,サービス,宿泊業,5%
新潟県,南魚沼市,ワンコイン食堂 Ｓａｄａ波,サービス,飲食業,5%
新潟県,妙高市,アーデン妙高,サービス,宿泊業,5%
新潟県,妙高市,赤倉ワクイホテル,サービス,宿泊業,5%
新潟県,妙高市,鮎正宗酒造株式会社,小売業,食料品,5%
新潟県,妙高市,新井ＳＳ,小売業,ガソリンスタンド,2%
新潟県,妙高市,新井,小売業,ガソリンスタンド,2%
新潟県,妙高市,セブンーイレブン新井長森店,小売業,食料品,2%
新潟県,妙高市,新井斐太ＳＳ,小売業,ガソリンスタンド,2%
新潟県,妙高市,アルシア,サービス,その他サービス,5%
新潟県,妙高市,イチコ新井店,小売業,食料品,5%
新潟県,妙高市,出光新井国道ＳＳ,小売業,ガソリンスタンド,2%
新潟県,妙高市,ヱビスヤ薬局,小売業,その他小売,5%
新潟県,妙高市,お宿ふるや,サービス,宿泊業,5%
新潟県,妙高市,カナディアンハウス,サービス,飲食業,5%
新潟県,妙高市,かのうや 叶屋,小売業,その他小売,5%
新潟県,妙高市,株式会社東條造花店,サービス,その他サービス,5%
新潟県,妙高市,神の宮温泉 かわら亭,サービス,宿泊業,5%
新潟県,妙高市,上堀之内,小売業,ガソリンスタンド,2%
新潟県,妙高市,ゲストハウスボンク,サービス,その他サービス,5%
新潟県,妙高市,香嶽楼,サービス,宿泊業,5%
新潟県,妙高市,高原タクシー株式会社 １号車,サービス,運輸業,5%
新潟県,妙高市,高原ホテル対山,サービス,宿泊業,5%
新潟県,妙高市,ＳｈａｇｇｙＹａｋ,サービス,飲食業,5%
新潟県,妙高市,セブン－イレブン上越新井国賀店,小売業,食料品,2%
新潟県,妙高市,ＳｗｅｅｔｓＮｅｋｏｊｉ,サービス,飲食業,5%
新潟県,妙高市,空飛ブウサギ,サービス,宿泊業,5%
新潟県,妙高市,ソルティのもと,小売業,総合（非専門）,5%
新潟県,妙高市,第一スーパー 妙高店,小売業,食料品,5%
新潟県,妙高市,司自動車,サービス,その他サービス,5%
新潟県,妙高市,天空,サービス,飲食業,5%
新潟県,妙高市,Ｄｒ．Ｄｒｉｖｅセルフ新井店,小売業,ガソリンスタンド,2%
新潟県,妙高市,ＨａｐｐｙＰａｄｓ ＨａｐｐｙＰａｄｓ,サービス,宿泊業,5%
新潟県,妙高市,ＰＣフィールド,サービス,その他サービス,5%
新潟県,妙高市,ヘアデザインタカナミ,サービス,理容・美容業,5%
新潟県,妙高市,ペンション スノーグース,サービス,宿泊業,5%
新潟県,妙高市,ペンションあっとＨＯＭＥ,サービス,その他サービス,5%
新潟県,妙高市,ペンション天使の翼,サービス,宿泊業,5%
新潟県,妙高市,ホテル太閤,サービス,宿泊業,5%
新潟県,妙高市,マルニ 新井本店,小売業,衣料品,5%
新潟県,妙高市,美雪荘,サービス,飲食業,5%
新潟県,妙高市,妙高高原ＳＳ,小売業,ガソリンスタンド,2%
新潟県,妙高市,セブン－イレブン妙高高原店,小売業,食料品,2%
新潟県,妙高市,セブン－イレブン妙高下町店,小売業,食料品,2%
新潟県,妙高市,セブン－イレブン妙高関川町店,小売業,食料品,2%
新潟県,妙高市,セブン－イレブン妙高関山店,小売業,食料品,2%
新潟県,妙高市,セブン－イレブン妙高姫川原店,小売業,食料品,2%
新潟県,妙高市,妙高モータース,その他業種,ー,5%
新潟県,妙高市,妙高・山里の湯宿 香風館,サービス,宿泊業,5%
新潟県,妙高市,森の宿ビヨルク,サービス,その他サービス,5%
新潟県,妙高市,有限会社三和商事 学校町ＳＳ,小売業,ガソリンスタンド,2%
新潟県,妙高市,Ｌｏｄｇｅ Ｒａｖｅｎ,サービス,宿泊業,5%
新潟県,妙高市,ＬｏｄｇｅＲａｖｅｎ,サービス,その他サービス,5%
新潟県,妙高市,ロッヂトロンコ,サービス,宿泊業,5%
新潟県,村上市,朝日ＳＳ,小売業,ガソリンスタンド,2%
新潟県,村上市,朝日ＳＳ,小売業,ガソリンスタンド,2%
新潟県,村上市,アトリエ シュシュ,サービス,理容・美容業,5%
新潟県,村上市,アトリエ ル クール アトリエ ル クール,小売業,食料品,5%
新潟県,村上市,荒川支所前ＳＳ,小売業,ガソリンスタンド,2%
新潟県,村上市,Ａｎｔｉｑｕｅ Ｓａｌｏｎ,サービス,理容・美容業,5%
新潟県,村上市,イタリア家庭料理と洋食の店 Ｓｅｃｒｅｔ Ｆｒｕｉｔｓ,サービス,飲食業,5%
新潟県,村上市,出光シーサイドＳＳ,小売業,ガソリンスタンド,2%
新潟県,村上市,出光セルフ村上ＳＳ,小売業,ガソリンスタンド,2%
新潟県,村上市,岩船,小売業,ガソリンスタンド,2%
新潟県,村上市,内山スポーツ,小売業,その他小売,5%
新潟県,村上市,越後村上うおや,小売業,食料品,5%
新潟県,村上市,エルピ－ガス,小売業,ガソリンスタンド,2%
新潟県,村上市,大滝自動車工業,サービス,その他サービス,5%
新潟県,村上市,お菓子屋さんｎｉｃｏ,小売業,食料品,5%
新潟県,村上市,小国町健幸堂,サービス,その他サービス,5%
新潟県,村上市,奥村酒店,小売業,食料品,5%
新潟県,村上市,お食事処一休,サービス,飲食業,5%
新潟県,村上市,勝木ＳＳ,小売業,ガソリンスタンド,2%
新潟県,村上市,株式会社 吉野屋,小売業,食料品,5%
新潟県,村上市,放し飼い卵のオークリッチ,その他業種,ー,5%
新潟県,村上市,株式会社西坂家具店,小売業,家具・調度品,5%
新潟県,村上市,セブン－イレブン神林牧目店,小売業,食料品,2%
新潟県,村上市,革工房ＡＢＡＬＬＩ,小売業,その他小売,5%
新潟県,村上市,元祖きむらや,小売業,食料品,5%
新潟県,村上市,木野瀬酒店,小売業,その他小売,5%
新潟県,村上市,ぎふとｔｏｗｎ美越,小売業,総合（非専門）,5%
新潟県,村上市,キムラトコヤ,サービス,理容・美容業,5%
新潟県,村上市,業務,小売業,ガソリンスタンド,2%
新潟県,村上市,栗山輪店,小売業,その他小売,5%
新潟県,村上市,小杉漆器店,その他業種,ー,5%
新潟県,村上市,坂町ＳＳ,小売業,ガソリンスタンド,2%
新潟県,村上市,セブン－イレブン山北勝木店,小売業,食料品,2%
新潟県,村上市,地酒の店 たむら,小売業,食料品,5%
新潟県,村上市,四川飯店 村上,サービス,飲食業,5%
新潟県,村上市,食菜 和ごころ,サービス,飲食業,5%
新潟県,村上市,須貝忍理容室,サービス,理容・美容業,5%
新潟県,村上市,瀬波ビューホテル,サービス,宿泊業,5%
新潟県,村上市,総合食品さいとう,小売業,食料品,5%
新潟県,村上市,相馬電機商会,小売業,電化製品,5%
新潟県,村上市,大観荘せなみの湯,サービス,宿泊業,5%
新潟県,村上市,たこ焼きのたこ吉 たこ焼きのたこ吉,サービス,飲食業,5%
新潟県,村上市,椿の宿 吉田や,サービス,宿泊業,5%
新潟県,村上市,電政社,小売業,電化製品,5%
新潟県,村上市,富樫精肉店,その他業種,ー,5%
新潟県,村上市,トヨタレンタリース新潟村上店,サービス,その他サービス,2%
新潟県,村上市,ＤＲＵＧ ナカヤス,小売業,その他小売,5%
新潟県,村上市,ナカムラ自動車,サービス,その他サービス,5%
新潟県,村上市,なんじゃ村村上インター店,小売業,その他小売,5%
新潟県,村上市,なんじゃ村村上西店,小売業,その他小売,5%
新潟県,村上市,野天風呂 湯元龍泉 野天風呂 湯元 龍泉,サービス,その他サービス,5%
新潟県,村上市,パナ・コスモス シンキョウ,小売業,電化製品,5%
新潟県,村上市,花平クリーニング,サービス,その他サービス,5%
新潟県,村上市,Ｐａｒａｄｅ村上インター店,小売業,その他小売,5%
新潟県,村上市,美容室 十色,サービス,理容・美容業,5%
新潟県,村上市,美容室グランジュ 美容室グランジュ,サービス,理容・美容業,5%
新潟県,村上市,平方商事有限会社,小売業,ガソリンスタンド,2%
新潟県,村上市,藤井折箱屋,小売業,その他小売,5%
新潟県,村上市,藤井漆工株式会社,その他業種,ー,5%
新潟県,村上市,冨士美園 冨士美園,小売業,食料品,5%
新潟県,村上市,府屋ＳＳ,小売業,ガソリンスタンド,2%
新潟県,村上市,北越モーター,その他業種,ー,5%
新潟県,村上市,前田デンキ店,小売業,電化製品,5%
新潟県,村上市,マクドナルド７号線村上店,サービス,飲食業,2%
新潟県,村上市,ミネラル工房,その他業種,ー,5%
新潟県,村上市,村上ＳＳ,小売業,ガソリンスタンド,2%
新潟県,村上市,村上ＳＳ,小売業,ガソリンスタンド,2%
新潟県,村上市,セブン－イレブン村上荒川店,小売業,食料品,2%
新潟県,村上市,セブン－イレブン村上荒川山口店,小売業,食料品,2%
新潟県,村上市,村上インターチェンジＳＳ,小売業,ガソリンスタンド,2%
新潟県,村上市,セブン－イレブン村上インター店,小売業,食料品,2%
新潟県,村上市,村上ＳＳ,小売業,ガソリンスタンド,2%
新潟県,村上市,セブン－イレブン村上神林インター店,小売業,食料品,2%
新潟県,村上市,村上国道,小売業,ガソリンスタンド,2%
新潟県,村上市,村上国道ＳＳ,小売業,ガソリンスタンド,2%
新潟県,村上市,セブン－イレブン村上肴町店,小売業,食料品,2%
新潟県,村上市,セブン－イレブン村上山辺里インター店,小売業,食料品,2%
新潟県,村上市,セブン－イレブン村上山居町店,小売業,食料品,2%
新潟県,村上市,村上商工会議所,サービス,その他サービス,5%
新潟県,村上市,セブン－イレブン村上南町店,小売業,食料品,2%
新潟県,村上市,洋酒喫茶 木馬,サービス,飲食業,5%
新潟県,村上市,縁,サービス,理容・美容業,5%
新潟県,村上市,らーめん屋ひ１０４ らーめん屋ひ１０４,サービス,飲食業,5%
新潟県,村上市,ライフネットほんだ,小売業,電化製品,5%
新潟県,村上市,ライフネット光洋,小売業,電化製品,5%
新潟県,村上市,リペア クラフツ,サービス,その他サービス,5%
新潟県,弥彦村,阿部電器商会,小売業,電化製品,5%
新潟県,弥彦村,越後みそ西 弥彦笹屋店,小売業,食料品,5%
新潟県,弥彦村,カットスペース いしばし,サービス,理容・美容業,5%
新潟県,弥彦村,四季の宿みのや,サービス,宿泊業,5%
新潟県,弥彦村,上州苑 弥彦の奥湯 上州苑,サービス,宿泊業,5%
新潟県,弥彦村,麓ＳＳ,小売業,ガソリンスタンド,2%
新潟県,弥彦村,弥 彦,小売業,ガソリンスタンド,2%
新潟県,弥彦村,弥彦ＳＳ,小売業,ガソリンスタンド,2%
新潟県,弥彦村,セブン－イレブン弥彦大鳥居店,小売業,食料品,2%
新潟県,弥彦村,弥彦東ＳＳ,小売業,ガソリンスタンド,2%
新潟県,湯沢町,出光苗場ＳＳ,小売業,ガソリンスタンド,2%
新潟県,湯沢町,岩原ＳＳ,小売業,ガソリンスタンド,2%
新潟県,湯沢町,越後とんかつ人参亭,サービス,飲食業,5%
新潟県,湯沢町,越後のお宿いなもと,サービス,宿泊業,5%
新潟県,湯沢町,セブン－イレブン越後湯沢西口店,小売業,食料品,2%
新潟県,湯沢町,セブン－イレブン越後湯沢東口店,小売業,食料品,2%
新潟県,湯沢町,音羽屋旅館,サービス,宿泊業,5%
新潟県,湯沢町,温泉民宿 高野屋,サービス,宿泊業,5%
新潟県,湯沢町,貝掛温泉,サービス,宿泊業,5%
新潟県,湯沢町,ｋａｋａｉｉ ｋａｋａｉｉ,サービス,飲食業,5%
新潟県,湯沢町,四季ＹＵＺＡＷＡ ＱＵＡＴＴＲＯ（クワトロ）,サービス,宿泊業,5%
新潟県,湯沢町,コマツチェーン湯沢店,小売業,電化製品,5%
新潟県,湯沢町,さくら亭,サービス,宿泊業,5%
新潟県,湯沢町,ＳａｎｓａｎＹｕｚａｗａ,その他業種,ー,5%
新潟県,湯沢町,仙山亭,サービス,宿泊業,5%
新潟県,湯沢町,大源太青少年旅行村,サービス,その他サービス,5%
新潟県,湯沢町,セブン－イレブン中越湯沢神立店,小売業,食料品,2%
新潟県,湯沢町,ティアン,サービス,宿泊業,5%
新潟県,湯沢町,トヨタレンタリース新潟越後湯沢駅前店,サービス,その他サービス,2%
新潟県,湯沢町,湯沢ＳＳ,小売業,ガソリンスタンド,2%
新潟県,湯沢町,ｈａｉｒ ｇｒａｄ ＵＣＨＩＹＡＭＡ,サービス,理容・美容業,5%
新潟県,湯沢町,雪処ＳＥＳＳＩＯＮ,その他業種,ー,5%
新潟県,湯沢町,ペンション タケコシ,サービス,宿泊業,5%
新潟県,湯沢町,ホテルシャーレゆざわ銀水,サービス,宿泊業,5%
新潟県,湯沢町,焼 牛,サービス,飲食業,5%
新潟県,湯沢町,有限会社富士見屋酒店,小売業,その他小売,5%
新潟県,湯沢町,ユートピア苗場,サービス,その他サービス,5%
新潟県,湯沢町,湯沢グランドホテル,サービス,宿泊業,5%
新潟県,湯沢町,湯沢 玉城屋,サービス,宿泊業,5%
新潟県,湯沢町,湯沢 玉城屋,サービス,宿泊業,5%
新潟県,湯沢町,湯沢中里スキー場駅前リフト券売り場,サービス,その他サービス,5%
新潟県,湯沢町,湯沢中里スキー場 スキーセンター１Ｆレンタル,サービス,その他サービス,5%
新潟県,湯沢町,湯沢中里スキー場 スキーセンター３Ｆ売店,サービス,その他サービス,5%
新潟県,湯沢町,湯沢中里スキー場第３ロマンス前リフト券売,サービス,その他サービス,5%
新潟県,湯沢町,湯沢中里スキー場 中央レンタル店,サービス,その他サービス,5%
新潟県,湯沢町,湯沢中里スキー場 ＶＯＬＣＯＭ,サービス,その他サービス,5%
新潟県,湯沢町,湯沢中里スノーリゾート中里スキー学校,サービス,その他サービス,5%
新潟県,湯沢町,湯元眺望閣 湯居間蔵,サービス,宿泊業,5%
新潟県,湯沢町,ロッヂ政エ門,サービス,宿泊業,5%
