秋田県,秋田市,相席ダイニング イエローフラッグ,サービス,飲食業,5%
秋田県,秋田市,アイ・リフォーム株式会社,サービス,その他サービス,5%
秋田県,秋田市,アキタアニマル倶楽部,小売業,衣料品,5%
秋田県,秋田市,セブン－イレブン秋田新屋豊町店,小売業,食料品,2%
秋田県,秋田市,セブン－イレブン秋田泉北３丁目店,小売業,食料品,2%
秋田県,秋田市,セブン－イレブン秋田泉中央１丁目店,小売業,食料品,2%
秋田県,秋田市,秋田温泉さとみ,サービス,宿泊業,5%
秋田県,秋田市,秋田亀の丁ＳＳ,小売業,ガソリンスタンド,2%
秋田県,秋田市,セブン－イレブン秋田旭南１丁目店,小売業,食料品,2%
秋田県,秋田市,セブン－イレブン秋田御所野堤台店,小売業,食料品,2%
秋田県,秋田市,秋田コミニケーション株式会社 秋田店,小売業,その他小売,5%
秋田県,秋田市,有限会社秋田魁大畑専売所,その他業種,ー,5%
秋田県,秋田市,秋田山王ＳＳ,小売業,ガソリンスタンド,2%
秋田県,秋田市,セブン－イレブン秋田山王１丁目店,小売業,食料品,2%
秋田県,秋田市,セブン－イレブン秋田山王大通り店,小売業,食料品,2%
秋田県,秋田市,セブン－イレブン秋田山王５丁目店,小売業,食料品,2%
秋田県,秋田市,秋田事業本部,小売業,ガソリンスタンド,2%
秋田県,秋田市,秋田車両整備,サービス,その他サービス,5%
秋田県,秋田市,あきた乗馬クラブ,サービス,その他サービス,5%
秋田県,秋田市,セブン－イレブン秋田新国道寺内店,小売業,食料品,2%
秋田県,秋田市,アキタスポネット,小売業,その他小売,5%
秋田県,秋田市,セブン－イレブン秋田赤十字病院店,小売業,食料品,2%
秋田県,秋田市,セブン－イレブン秋田セリオンタワー前店,小売業,食料品,2%
秋田県,秋田市,セブン－イレブン秋田外旭川八柳２丁目店,小売業,食料品,2%
秋田県,秋田市,秋田大学病院前ＳＳ,小売業,ガソリンスタンド,2%
秋田県,秋田市,秋田中央ＳＳ,小売業,ガソリンスタンド,2%
秋田県,秋田市,セブン－イレブン秋田土崎港北７丁目店,小売業,食料品,2%
秋田県,秋田市,セブン－イレブン秋田手形西谷地店,小売業,食料品,2%
秋田県,秋田市,秋田トヨタ自動車 泉新国道店,小売業,その他小売,5%
秋田県,秋田市,秋田トヨタ自動車 仁井田店,小売業,その他小売,5%
秋田県,秋田市,秋田中野ＳＳ,小売業,ガソリンスタンド,2%
秋田県,秋田市,秋田日産自動車 秋田南店,その他業種,ー,5%
秋田県,秋田市,秋田日産自動車 臨海店,その他業種,ー,5%
秋田県,秋田市,秋田ノーザンハピネッツ 秋田ノーザンハピネッツ グッズ販売２,サービス,その他サービス,5%
秋田県,秋田市,セブン－イレブン秋田浜ナシ山店,小売業,食料品,2%
秋田県,秋田市,Ａｋｉｔａ ＢＭＷ,小売業,その他小売,5%
秋田県,秋田市,セブン－イレブン秋田東通仲町店,小売業,食料品,2%
秋田県,秋田市,セブン－イレブン秋田東通８丁目店,小売業,食料品,2%
秋田県,秋田市,セブン－イレブン秋田広面谷内佐渡店,小売業,食料品,2%
秋田県,秋田市,秋田巻き爪矯正院 秋田院,サービス,その他サービス,5%
秋田県,秋田市,秋田マルヘイ,小売業,ガソリンスタンド,2%
秋田県,秋田市,秋田南ＳＳ,小売業,ガソリンスタンド,2%
秋田県,秋田市,セブン－イレブン秋田南通宮田店,小売業,食料品,2%
秋田県,秋田市,秋田ヤクルト販売 秋田本店,小売業,食料品,5%
秋田県,秋田市,秋田ヤクルト販売 潟上センター,小売業,食料品,5%
秋田県,秋田市,秋田ヤクルト販売 卸町センター,小売業,食料品,5%
秋田県,秋田市,秋田ヤクルト販売 広面センター,小売業,食料品,5%
秋田県,秋田市,秋田ヤクルト販売 象潟センター,小売業,食料品,5%
秋田県,秋田市,秋田ヤクルト販売 大町センター,小売業,食料品,5%
秋田県,秋田市,秋田ヤクルト販売 泉センター,小売業,食料品,5%
秋田県,秋田市,秋田ヤクルト販売 船越センター,小売業,食料品,5%
秋田県,秋田市,セブン－イレブン秋田八橋新川向店,小売業,食料品,2%
秋田県,秋田市,セブン－イレブン秋田四ツ小屋店,小売業,食料品,2%
秋田県,秋田市,Ａｇｕ ｈａｉｒ Ａｇｕ ｈａｉｒ ｒｉｔｚ秋田山王,サービス,理容・美容業,5%
秋田県,秋田市,Ａｇｕ ｈａｉｒ Ａｇｕ ｈａｉｒ ｒｉｃｃａ御所野,サービス,理容・美容業,5%
秋田県,秋田市,Ａｇｕ ｈａｉｒ Ａｇｕ ｈａｉｒ ｒｅｖｅ秋田泉,サービス,理容・美容業,5%
秋田県,秋田市,旭川かもしかＳＳ,小売業,ガソリンスタンド,2%
秋田県,秋田市,ａｓｉａｇｕｒａ,サービス,飲食業,5%
秋田県,秋田市,頭のもみほぐし専門店ＢＲＡＩＮＳ?ＳＰＡ,サービス,その他サービス,5%
秋田県,秋田市,ａｒｃｈ,サービス,その他サービス,5%
秋田県,秋田市,アフターザサンセット,サービス,飲食業,5%
秋田県,秋田市,新波ＳＳ,小売業,ガソリンスタンド,2%
秋田県,秋田市,アルバートホテル秋田,サービス,宿泊業,5%
秋田県,秋田市,アロマテラピーショップＰｆｒｅ（ピーフレ）,その他業種,ー,5%
秋田県,秋田市,飯島ＳＳ,小売業,ガソリンスタンド,2%
秋田県,秋田市,イーホテル秋田,サービス,宿泊業,5%
秋田県,秋田市,出光秋田南インターＳＳ,小売業,ガソリンスタンド,2%
秋田県,秋田市,出光土崎ＳＳ,小売業,ガソリンスタンド,2%
秋田県,秋田市,出光７号線秋田北ＳＳ,小売業,ガソリンスタンド,2%
秋田県,秋田市,伊藤電機商会,小売業,電化製品,5%
秋田県,秋田市,ｗｉｔｈサム,サービス,その他サービス,5%
秋田県,秋田市,ＷＥＳＴ,小売業,家具・調度品,5%
秋田県,秋田市,ウエルネス小林動物病院,サービス,その他サービス,5%
秋田県,秋田市,エミール,小売業,その他小売,5%
秋田県,秋田市,エムズゴルフ工房,小売業,書籍・玩具・音楽ＣＤ,5%
秋田県,秋田市,大民石油 土崎油槽所,小売業,ガソリンスタンド,2%
秋田県,秋田市,オートセール,その他業種,ー,5%
秋田県,秋田市,お米の鈴忠 有限会社 鈴忠商店,小売業,食料品,5%
秋田県,秋田市,御野場ＳＳ,小売業,ガソリンスタンド,2%
秋田県,秋田市,Ｏ･ＨＡ･ＳＨＩ ＢＩＳＴＲＯ ８８バル,サービス,飲食業,5%
秋田県,秋田市,オルウィーヴ合同会社,サービス,その他サービス,5%
秋田県,秋田市,かぎしっぽ,小売業,衣料品,5%
秋田県,秋田市,加藤工業所,小売業,その他小売,5%
秋田県,秋田市,カニハンフーズ,小売業,食料品,5%
秋田県,秋田市,ｃａｆｅ ｃｏｎｏｈａ,サービス,飲食業,5%
秋田県,秋田市,株式会社フジイショウテン,小売業,食料品,5%
秋田県,秋田市,株 オルテクス,サービス,その他サービス,5%
秋田県,秋田市,株式会社インフォミディアリ,サービス,その他サービス,5%
秋田県,秋田市,株式会社希崎,小売業,その他小売,5%
秋田県,秋田市,株式会社佐孝石油飯島ＳＳ,小売業,ガソリンスタンド,2%
秋田県,秋田市,株式会社佐孝石油追分ＳＳ,小売業,ガソリンスタンド,2%
秋田県,秋田市,株式会社佐孝石油スーパーセルフサコー,小売業,ガソリンスタンド,2%
秋田県,秋田市,株式会社時幸堂,小売業,貴金属・服飾品,5%
秋田県,秋田市,株式会社タチカワ 秋田支店 伊藤洋平,その他業種,ー,5%
秋田県,秋田市,株式会社ビーカム,小売業,衣料品,5%
秋田県,秋田市,株式会社山本自動車整備工場,サービス,その他サービス,5%
秋田県,秋田市,株式会社ワイヤーオート,小売業,その他小売,5%
秋田県,秋田市,亀の町ベーカリー,サービス,飲食業,5%
秋田県,秋田市,カレーハウスＣｏＣｏ壱番屋秋田土崎店,サービス,飲食業,2%
秋田県,秋田市,カレーハウスＣｏＣｏ壱番屋秋田東通店,サービス,飲食業,2%
秋田県,秋田市,カレーハウスＣｏＣｏ壱番屋ラウンドワン秋田店,サービス,飲食業,2%
秋田県,秋田市,ガレージＫｅｎ,小売業,その他小売,5%
秋田県,秋田市,河辺ＳＳ,小売業,ガソリンスタンド,2%
秋田県,秋田市,喜久水庵秋田店,小売業,電化製品,5%
秋田県,秋田市,ｍａｃｈｉｙａｃａｆｅｗａｗａｗａ,サービス,飲食業,5%
秋田県,秋田市,喰い処 ふく田,サービス,飲食業,5%
秋田県,秋田市,ＧＬＡＭＯＵＲ,サービス,理容・美容業,5%
秋田県,秋田市,Ｋｌａｎｇ,小売業,その他小売,5%
秋田県,秋田市,グランマート泉店,小売業,食料品,5%
秋田県,秋田市,Ｑｒｅｅｑ,小売業,衣料品,5%
秋田県,秋田市,出光グリーントピア阿仁前田ＳＳ,小売業,ガソリンスタンド,2%
秋田県,秋田市,ｇｒｅｅｎｐｉｅｃｅ,小売業,その他小売,5%
秋田県,秋田市,くるまやＢｏｏＢｏｏ,小売業,その他小売,5%
秋田県,秋田市,港北ＳＳ,小売業,ガソリンスタンド,2%
秋田県,秋田市,珈琲工房ビーンズ,小売業,食料品,5%
秋田県,秋田市,珈琲工房ビーンズ,小売業,食料品,5%
秋田県,秋田市,有限会社コンタクトレンズセンターアゴラ,その他業種,ー,5%
秋田県,秋田市,酒場 戸隠,サービス,飲食業,5%
秋田県,秋田市,酒のソクハイ 秋田川反店,小売業,その他小売,5%
秋田県,秋田市,酒のソクハイ秋田本店,小売業,その他小売,5%
秋田県,秋田市,札幌かに本家 秋田店,サービス,飲食業,5%
秋田県,秋田市,札幌かに本家 秋田店,サービス,飲食業,5%
秋田県,秋田市,茶房 慧,サービス,飲食業,5%
秋田県,秋田市,ＳＵＭＭＩＴ,サービス,飲食業,5%
秋田県,秋田市,サロンドエゴット,サービス,理容・美容業,5%
秋田県,秋田市,サンライトチェーン,小売業,電化製品,5%
秋田県,秋田市,四季彩 はなれ,サービス,飲食業,5%
秋田県,秋田市,地酒専門店 酒のおがわ,小売業,食料品,5%
秋田県,秋田市,下北手ベース,小売業,総合（非専門）,5%
秋田県,秋田市,車検のコバック 秋田飯島店,サービス,その他サービス,5%
秋田県,秋田市,しゃぶしゃぶ温野菜秋田仁井田店,サービス,飲食業,2%
秋田県,秋田市,ｆｒｕｋｋｌｙ,サービス,飲食業,5%
秋田県,秋田市,ジョイフル恵利青い鳥秋田,サービス,その他サービス,5%
秋田県,秋田市,小金龍 土崎店,サービス,飲食業,5%
秋田県,秋田市,小金龍 茨島店,サービス,飲食業,5%
秋田県,秋田市,将軍野ＳＳ,小売業,ガソリンスタンド,2%
秋田県,秋田市,将軍野ＳＳ,小売業,ガソリンスタンド,2%
秋田県,秋田市,将軍野東ＳＳ,小売業,ガソリンスタンド,2%
秋田県,秋田市,新秋田空港ＳＳ,小売業,ガソリンスタンド,2%
秋田県,秋田市,新日本補聴器センター秋田店,小売業,その他小売,5%
秋田県,秋田市,鮨天駒,サービス,飲食業,5%
秋田県,秋田市,鈴木靴店,小売業,その他小売,5%
秋田県,秋田市,すたみな太郎 秋田御所野店,サービス,飲食業,5%
秋田県,秋田市,すまいるみるく秋田店,小売業,食料品,5%
秋田県,秋田市,３Ｃｓ,サービス,理容・美容業,5%
秋田県,秋田市,スロウフロウ株式会社,サービス,その他サービス,5%
秋田県,秋田市,せいわ電器,小売業,電化製品,5%
秋田県,秋田市,ＳＥＬＡヒラサワ,小売業,電化製品,5%
秋田県,秋田市,ＳＥＬＡモリヤ将軍野店,小売業,電化製品,5%
秋田県,秋田市,ＳＥＬＡモリヤ本店,小売業,電化製品,5%
秋田県,秋田市,ＳＥＬＡライト,小売業,電化製品,5%
秋田県,秋田市,センカ,サービス,その他サービス,5%
秋田県,秋田市,千秋,サービス,飲食業,5%
秋田県,秋田市,千秋なまはげＳＳ,小売業,ガソリンスタンド,2%
秋田県,秋田市,ＳＯＬＥＩＬ,サービス,飲食業,5%
秋田県,秋田市,ダイコク秋田－豊田商会,小売業,その他小売,2%
秋田県,秋田市,大黒屋,サービス,飲食業,5%
秋田県,秋田市,大同門 秋田店,サービス,飲食業,5%
秋田県,秋田市,太陽書店 零,小売業,書籍・玩具・音楽ＣＤ,5%
秋田県,秋田市,高重商店,小売業,その他小売,5%
秋田県,秋田市,タカヤナギグランマート泉店,小売業,食料品,5%
秋田県,秋田市,タカヤナギグランマート外旭川店,小売業,食料品,5%
秋田県,秋田市,タケダ電建,サービス,その他サービス,5%
秋田県,秋田市,タチカワ秋田支店（法人販売）,その他業種,ー,5%
秋田県,秋田市,チーズ＆ワイン アベ,小売業,食料品,5%
秋田県,秋田市,土崎ＳＳ,小売業,ガソリンスタンド,2%
秋田県,秋田市,土崎北ＳＳ,小売業,ガソリンスタンド,2%
秋田県,秋田市,ＴＲＥＥ,小売業,衣料品,5%
秋田県,秋田市,ＴＩＡＲＥ＊,小売業,衣料品,5%
秋田県,秋田市,ｔｉｋｉｉ,サービス,理容・美容業,5%
秋田県,秋田市,Ｄ－ｓｙｓｔｅｍ,サービス,その他サービス,5%
秋田県,秋田市,Ｄｅｎｋｉ館 サンカワ,小売業,電化製品,5%
秋田県,秋田市,富樫電機,小売業,電化製品,5%
秋田県,秋田市,時田電器センター,小売業,電化製品,5%
秋田県,秋田市,時計 メガネのコバヤシ 時計 メガネのコバヤシ,小売業,その他小売,5%
秋田県,秋田市,とっくりの木,サービス,飲食業,5%
秋田県,秋田市,トップアート秋田,サービス,理容・美容業,5%
秋田県,秋田市,とみや 秋田店,小売業,その他小売,5%
秋田県,秋田市,とんかつ かつ吉 山王店,サービス,飲食業,5%
秋田県,秋田市,とんかつかつ吉外旭川店,サービス,飲食業,5%
秋田県,秋田市,仲小路コーヒー＆ワイン,サービス,飲食業,5%
秋田県,秋田市,南部家敷 御野場店,サービス,飲食業,5%
秋田県,秋田市,南部家敷 外旭川店,サービス,飲食業,5%
秋田県,秋田市,南部家敷 茨島店,サービス,飲食業,5%
秋田県,秋田市,南部家敷 八橋店,サービス,飲食業,5%
秋田県,秋田市,出光仁井田ＳＳ,小売業,ガソリンスタンド,2%
秋田県,秋田市,ハートフル泉ＳＳ,小売業,ガソリンスタンド,2%
秋田県,秋田市,パープルヘブン秋田店,小売業,貴金属・服飾品,5%
秋田県,秋田市,ハックアカデミー,サービス,その他サービス,5%
秋田県,秋田市,ハックフィジカル,サービス,その他サービス,5%
秋田県,秋田市,ＰａｔｃｈｗｏｒｋＣａｆｅ,サービス,飲食業,5%
秋田県,秋田市,花徳 いとく新国道店,小売業,その他小売,5%
秋田県,秋田市,花徳 本店,小売業,その他小売,5%
秋田県,秋田市,パブ ＡＣＢ,サービス,飲食業,5%
秋田県,秋田市,Ｈａｙａｒｉｙａ秋田店,小売業,貴金属・服飾品,5%
秋田県,秋田市,パレアンヌ,小売業,その他小売,5%
秋田県,秋田市,パレアンヌ,その他業種,ー,5%
秋田県,秋田市,パレアンヌ パレアンヌ,小売業,その他小売,5%
秋田県,秋田市,ＢＥＥＲ ＦＬＩＧＨＴ,サービス,飲食業,5%
秋田県,秋田市,ピザテン・フォー 秋田飯島店 ２,サービス,その他サービス,5%
秋田県,秋田市,ビューティフルカーズ,サービス,その他サービス,5%
秋田県,秋田市,美容室 ブロッセ,サービス,理容・美容業,5%
秋田県,秋田市,美容室クルール,サービス,理容・美容業,5%
秋田県,秋田市,美容室リンク,サービス,理容・美容業,5%
秋田県,秋田市,平野自動車,その他業種,ー,5%
秋田県,秋田市,ひらのや書店,小売業,書籍・玩具・音楽ＣＤ,5%
秋田県,秋田市,広面ＳＳ,小売業,ガソリンスタンド,2%
秋田県,秋田市,広面なまはげＳＳ,小売業,ガソリンスタンド,2%
秋田県,秋田市,ひろこうじレンズセンター,小売業,その他小売,5%
秋田県,秋田市,ひろこうじレンズセンターフォンテ秋,小売業,その他小売,5%
秋田県,秋田市,ひろこうじレンズセンター フォンテ秋田店,小売業,その他小売,5%
秋田県,秋田市,フェイシャル＆ボディｈｉｒａｋｕ,サービス,理容・美容業,5%
秋田県,秋田市,セブン－イレブンフォンテ秋田店,小売業,食料品,2%
秋田県,秋田市,福ノ助,サービス,飲食業,5%
秋田県,秋田市,ｆｌｕｘ,小売業,電化製品,5%
秋田県,秋田市,ｆｌｕｘ,小売業,その他小売,5%
秋田県,秋田市,フラット７土崎みなと,小売業,その他小売,5%
秋田県,秋田市,プランタン秋田,サービス,理容・美容業,5%
秋田県,秋田市,ＦＲＵＴＴＯ,サービス,飲食業,5%
秋田県,秋田市,ｂｌｏｓｓｏｍ ｈａｉｒ ｍａｋｅ,サービス,理容・美容業,5%
秋田県,秋田市,ｂｌｏｓｓｏｍ ｈａｉｒ＆ｍａｋｅ,サービス,理容・美容業,5%
秋田県,秋田市,ＨＡＩＲ ＭＡＫＥ ｇｌｏｂｅ,サービス,理容・美容業,5%
秋田県,秋田市,ヘアーサロン ミリオン,サービス,理容・美容業,5%
秋田県,秋田市,Ｈａｉｒ’ｓ Ｋｉｔｃｈｅｎ,サービス,理容・美容業,5%
秋田県,秋田市,Ｈａｉｒ＆Ｒｅｌｉｆｅ Ａｎｎａｂｅｌ,サービス,理容・美容業,5%
秋田県,秋田市,ＨＡＩＲ ＤＥＳＩＧＮ Ｑｕｖｅｒｅ,サービス,理容・美容業,5%
秋田県,秋田市,ヘアメイクピカソ,サービス,理容・美容業,5%
秋田県,秋田市,ヘアーラボ ＲｉＱ,サービス,理容・美容業,5%
秋田県,秋田市,ベンリー秋田大町店,サービス,その他サービス,5%
秋田県,秋田市,ホームテック（株）,その他業種,ー,5%
秋田県,秋田市,ホープ,小売業,電化製品,5%
秋田県,秋田市,本社,小売業,ガソリンスタンド,2%
秋田県,秋田市,マクドナルド秋田新国道店,サービス,飲食業,2%
秋田県,秋田市,マクドナルド秋田仁井田店,サービス,飲食業,2%
秋田県,秋田市,マクドナルド秋田広面店,サービス,飲食業,2%
秋田県,秋田市,マクドナルドイオンモール秋田店,サービス,飲食業,2%
秋田県,秋田市,マクドナルドグランマート外旭川店,サービス,飲食業,2%
秋田県,秋田市,マクドナルド７号線秋田飯島店,サービス,飲食業,2%
秋田県,秋田市,マクドナルド茨島マックスバリュ店,サービス,飲食業,2%
秋田県,秋田市,マリー,小売業,その他小売,5%
秋田県,秋田市,まるさ佐藤,小売業,その他小売,5%
秋田県,秋田市,三笠写真館,サービス,その他サービス,5%
秋田県,秋田市,みずほ自動車,サービス,その他サービス,5%
秋田県,秋田市,出光明田ＳＳ,小売業,ガソリンスタンド,2%
秋田県,秋田市,向浜金属団地協同組合ＳＳ,小売業,ガソリンスタンド,2%
秋田県,秋田市,メガ土崎店,小売業,食料品,5%
秋田県,秋田市,メガ仁井田店,小売業,食料品,5%
秋田県,秋田市,メガネのＥｙｅｅｙｅ,小売業,貴金属・服飾品,5%
秋田県,秋田市,メガネのゴトウ,小売業,その他小売,5%
秋田県,秋田市,ｍｏｃｏ２,小売業,その他小売,5%
秋田県,秋田市,もちぬし電気,小売業,電化製品,5%
秋田県,秋田市,山手台ＳＳ,小売業,ガソリンスタンド,2%
秋田県,秋田市,山徳,小売業,電化製品,5%
秋田県,秋田市,ＹＡ－ＹＡ Ｔｕｒａｎｄｏｔ,サービス,飲食業,5%
秋田県,秋田市,有限会社アダムス,サービス,その他サービス,5%
秋田県,秋田市,有限会社さとう写真スタジオ,サービス,その他サービス,5%
秋田県,秋田市,有限会社シャトレー 美容室シャトレー,サービス,理容・美容業,5%
秋田県,秋田市,洋菓子のアンジェ,小売業,食料品,5%
秋田県,秋田市,酔って家,サービス,飲食業,5%
秋田県,秋田市,Ｒｉｓｔｏｒａｎｔｅ ＹＡＭＡＮ,サービス,飲食業,5%
秋田県,秋田市,理美容エステ Ｌｅ Ｌａｒｋ,サービス,理容・美容業,5%
秋田県,秋田市,理美容エステ Ｌｅ Ｌａｒｋ 中央高校前店,サービス,理容・美容業,5%
秋田県,秋田市,理美容エステ リラーク 八橋店,サービス,理容・美容業,5%
秋田県,秋田市,理美容エステリラーク中央高校前,サービス,理容・美容業,5%
秋田県,秋田市,Ｌｉｂｅｒｔａ,サービス,飲食業,5%
秋田県,秋田市,Ｒｅｍｏｖａｌ,小売業,書籍・玩具・音楽ＣＤ,5%
秋田県,秋田市,Ｒｅｌａｘｙ,サービス,理容・美容業,5%
秋田県,秋田市,Ｒｅｒｏｏｍ,サービス,理容・美容業,5%
秋田県,秋田市,臨海ＳＳ,小売業,ガソリンスタンド,2%
秋田県,秋田市,ルート１３秋田,小売業,ガソリンスタンド,2%
秋田県,秋田市,レストランＡ?１,サービス,飲食業,5%
秋田県,秋田市,ＲＯＶＥＲ,小売業,衣料品,5%
秋田県,秋田市,和田ＳＳ,小売業,ガソリンスタンド,2%
秋田県,秋田市,渡仲自動車工業株式会社,サービス,その他サービス,5%
秋田県,秋田市,ワタナベ燃料 スマイル灯油センター,小売業,その他小売,5%
秋田県,井川町,秋田日産自動車 南秋店,その他業種,ー,5%
秋田県,井川町,井川ＳＳ,小売業,ガソリンスタンド,2%
秋田県,井川町,井川さくらＳＳ,小売業,ガソリンスタンド,2%
秋田県,羽後町,阿部モーター商会,サービス,その他サービス,5%
秋田県,羽後町,セブン－イレブン羽後西馬音内店,小売業,食料品,2%
秋田県,羽後町,大野電器商会,小売業,電化製品,5%
秋田県,羽後町,ＳＥＬＡおおひなた,小売業,電化製品,5%
秋田県,羽後町,西馬音内セントラルＳＳ,小売業,ガソリンスタンド,2%
秋田県,羽後町,三輪ＳＳ,小売業,ガソリンスタンド,2%
秋田県,羽後町,ワインバ－蔵しこ,サービス,飲食業,5%
秋田県,大館市,赤から 大館店 赤から竹本大館店,サービス,飲食業,5%
秋田県,大館市,赤から大館店,サービス,飲食業,5%
秋田県,大館市,明石自動車工業,サービス,その他サービス,5%
秋田県,大館市,秋田トヨタ自動車 大館店,小売業,その他小売,5%
秋田県,大館市,秋田日産自動車 大館店,小売業,その他小売,5%
秋田県,大館市,出光大館西ＳＳ,小売業,ガソリンスタンド,2%
秋田県,大館市,出光大館ハチ公ＳＳ,小売業,ガソリンスタンド,2%
秋田県,大館市,出光大館東ＳＳ,小売業,ガソリンスタンド,2%
秋田県,大館市,出光セルフ大館北バイパスＳＳ,小売業,ガソリンスタンド,2%
秋田県,大館市,出光セルフ大館南ＳＳ,小売業,ガソリンスタンド,2%
秋田県,大館市,出光花岡ＳＳ,小売業,ガソリンスタンド,2%
秋田県,大館市,出光比内ＳＳ,小売業,ガソリンスタンド,2%
秋田県,大館市,インディゴガレージ,サービス,飲食業,5%
秋田県,大館市,ｖｏｇａ ｖｏｇａ,サービス,理容・美容業,5%
秋田県,大館市,大館駅前 ＳＳ,小売業,ガソリンスタンド,2%
秋田県,大館市,セブン－イレブン大館大田面店,小売業,食料品,2%
秋田県,大館市,セブン－イレブン大館市役所前店,小売業,食料品,2%
秋田県,大館市,大館西ＳＳ,小売業,ガソリンスタンド,2%
秋田県,大館市,大館南ＳＳ 大館南ＳＳ,小売業,ガソリンスタンド,2%
秋田県,大館市,大館ヤクルト販売,小売業,食料品,5%
秋田県,大館市,小笠原自動車,サービス,その他サービス,5%
秋田県,大館市,カジハタデンキ,小売業,電化製品,5%
秋田県,大館市,片山ＳＳ,小売業,ガソリンスタンド,2%
秋田県,大館市,株式会社秋田旅行センター大館店,サービス,その他サービス,5%
秋田県,大館市,株式会社フジトレーディング,その他業種,ー,5%
秋田県,大館市,株式会社二葉呉服店,小売業,衣料品,5%
秋田県,大館市,川口ＳＳ 株式会社セイワ,小売業,ガソリンスタンド,2%
秋田県,大館市,牛角大館店,サービス,飲食業,2%
秋田県,大館市,栗久,小売業,その他小売,5%
秋田県,大館市,三洋薬品ＨＢＣ株式会社 大館営業所,小売業,その他小売,5%
秋田県,大館市,秋北電機工業株式会社,小売業,その他小売,5%
秋田県,大館市,庄 北の鎌倉,サービス,飲食業,5%
秋田県,大館市,白沢ＳＳ,小売業,ガソリンスタンド,2%
秋田県,大館市,新日本補聴器センター大館店,小売業,その他小売,5%
秋田県,大館市,タヴェルナオリーヴ,サービス,飲食業,5%
秋田県,大館市,東北環境消毒有限会社,サービス,その他サービス,5%
秋田県,大館市,トマト オニオン 大館店 トマトアンドオニオン大館店,サービス,飲食業,2%
秋田県,大館市,トマトアンドオニオン大館店,サービス,飲食業,2%
秋田県,大館市,南大門 大館店,サービス,飲食業,5%
秋田県,大館市,２４セルフ比内 ２４セルフ比内ＳＳ,小売業,ガソリンスタンド,2%
秋田県,大館市,ニュー比内ＳＳ,小売業,ガソリンスタンド,2%
秋田県,大館市,ネクサスオート,小売業,その他小売,5%
秋田県,大館市,のみくいや重蔵,サービス,飲食業,5%
秋田県,大館市,芳賀電気 うえの,小売業,電化製品,5%
秋田県,大館市,花岡ＳＳ,小売業,ガソリンスタンド,2%
秋田県,大館市,花岡北ＳＳ,小売業,ガソリンスタンド,2%
秋田県,大館市,ピザテン・フォー 秋田大館店 ２,サービス,その他サービス,5%
秋田県,大館市,ビデオサウンド,小売業,電化製品,5%
秋田県,大館市,ｐｉｎｅｋｏｇ,サービス,理容・美容業,5%
秋田県,大館市,ＦＲＥＡＫＹ,サービス,その他サービス,5%
秋田県,大館市,北部板金塗装工場,サービス,運輸業,5%
秋田県,大館市,マクドナルド７号線大館店,サービス,飲食業,2%
秋田県,大館市,めがね職人のお店 プリーマ,小売業,その他小売,5%
秋田県,大館市,八代自動車鈑金塗装工業,サービス,その他サービス,5%
秋田県,大館市,吉田電機,小売業,電化製品,5%
秋田県,大館市,ｒｅｌａｘａｔｉｏｎ和屋,サービス,理容・美容業,5%
秋田県,大館市,レストラン ドルフィン,サービス,飲食業,5%
秋田県,大館市,ＷＡＳＡＢＩ,サービス,飲食業,5%
秋田県,大館市,ＷＡＳＡＢＩ,サービス,飲食業,5%
秋田県,男鹿市,五里合ＳＳ,小売業,ガソリンスタンド,2%
秋田県,男鹿市,男鹿自転舎,サービス,その他サービス,5%
秋田県,男鹿市,男鹿なび,サービス,飲食業,5%
秋田県,男鹿市,男鹿なまはげＳＳ,小売業,ガソリンスタンド,2%
秋田県,男鹿市,セブン－イレブン男鹿船川港店,小売業,食料品,2%
秋田県,男鹿市,セブン－イレブン男鹿船越内子店,小売業,食料品,2%
秋田県,男鹿市,株式会社船木モータース,小売業,その他小売,5%
秋田県,男鹿市,琴浜ＳＳ,小売業,ガソリンスタンド,2%
秋田県,男鹿市,サンロード男鹿ＳＳ,小売業,ガソリンスタンド,2%
秋田県,男鹿市,鶴田電機商会,小売業,電化製品,5%
秋田県,男鹿市,ドライブイン 灯台荘,小売業,その他小売,5%
秋田県,男鹿市,箱井ＳＳ,小売業,ガソリンスタンド,2%
秋田県,男鹿市,八望台入口ＳＳ,小売業,ガソリンスタンド,2%
秋田県,男鹿市,ピザテン・フォー 秋田男鹿店 ２,サービス,その他サービス,5%
秋田県,男鹿市,船越ＳＳ,小売業,ガソリンスタンド,2%
秋田県,男鹿市,船越バイパスＳＳ,小売業,ガソリンスタンド,2%
秋田県,男鹿市,プロステージ花壱番,小売業,その他小売,5%
秋田県,男鹿市,有限会社 小杉商店,小売業,電化製品,5%
秋田県,男鹿市,若美ＳＳ,小売業,ガソリンスタンド,2%
秋田県,潟上市,秋田日産自動車 秋田北店,小売業,その他小売,5%
秋田県,潟上市,飯田川バイパスＳＳ,小売業,ガソリンスタンド,2%
秋田県,潟上市,飯塚ＳＳ,小売業,ガソリンスタンド,2%
秋田県,潟上市,大久保ＳＳ,小売業,ガソリンスタンド,2%
秋田県,潟上市,セブン－イレブン潟上天王二田店,小売業,食料品,2%
秋田県,潟上市,株式会社ボデーショップ伊藤,小売業,その他小売,5%
秋田県,潟上市,菊地電気,小売業,電化製品,5%
秋田県,潟上市,昭和町ＳＳ,小売業,ガソリンスタンド,2%
秋田県,潟上市,菅英佃煮本舗,小売業,食料品,5%
秋田県,潟上市,天王ＳＳ,小売業,ガソリンスタンド,2%
秋田県,潟上市,セブン－イレブン天王追分店,小売業,食料品,2%
秋田県,潟上市,リラクゼーション＆カフェピッキオ,サービス,理容・美容業,5%
秋田県,鹿角市,アベナショナル,小売業,電化製品,5%
秋田県,鹿角市,ＩＲＩＳＥＲＳＰＡ,サービス,理容・美容業,5%
秋田県,鹿角市,大湯ＳＳ,小売業,ガソリンスタンド,2%
秋田県,鹿角市,大湯えんがわショップ,小売業,食料品,5%
秋田県,鹿角市,セブン－イレブン鹿角八幡平店,小売業,食料品,2%
秋田県,鹿角市,後生掛温泉旅館）,サービス,宿泊業,5%
秋田県,鹿角市,スーパーやましち,小売業,総合（非専門）,5%
秋田県,鹿角市,スゴウデンキ,小売業,電化製品,5%
秋田県,鹿角市,ＳＥＬＡこだて,小売業,電化製品,5%
秋田県,鹿角市,花輪ＳＳ,小売業,ガソリンスタンド,2%
秋田県,鹿角市,花輪北ＳＳ,小売業,ガソリンスタンド,2%
秋田県,鹿角市,ビューティスタジオシルク,サービス,理容・美容業,5%
秋田県,鹿角市,フォーラムゆぜ,小売業,電化製品,5%
秋田県,鹿角市,ホテルガーデンかわむら,サービス,宿泊業,5%
秋田県,鹿角市,ホテル茅茹荘,サービス,宿泊業,5%
秋田県,鹿角市,柳寿し,サービス,飲食業,5%
秋田県,鹿角市,龍門亭千葉旅館,サービス,宿泊業,5%
秋田県,鹿角市,りんごの里 平塚果樹園,小売業,その他小売,5%
秋田県,上小阿仁村,上小阿仁ＳＳ,小売業,ガソリンスタンド,2%
秋田県,上小阿仁村,上小阿仁ＳＳ,小売業,ガソリンスタンド,2%
秋田県,上小阿仁村,こあに薬局,小売業,その他小売,5%
秋田県,北秋田市,阿仁スキー場,サービス,運輸業,5%
秋田県,北秋田市,出光合川ＳＳ,小売業,ガソリンスタンド,2%
秋田県,北秋田市,魚住電器商会,小売業,電化製品,5%
秋田県,北秋田市,北秋田ＳＳ,小売業,ガソリンスタンド,2%
秋田県,北秋田市,ＳＥＬＡ ミウラ,小売業,電化製品,5%
秋田県,北秋田市,鷹ノ巣ＳＳ,小売業,ガソリンスタンド,2%
秋田県,北秋田市,鷹ノ巣中岱ＳＳ,小売業,ガソリンスタンド,2%
秋田県,北秋田市,トラベル北秋田 トラベル北秋田,サービス,その他サービス,5%
秋田県,北秋田市,ナガキ美容院,サービス,理容・美容業,5%
秋田県,北秋田市,晩梅,小売業,食料品,5%
秋田県,北秋田市,北欧の杜,小売業,ガソリンスタンド,2%
秋田県,北秋田市,マツダ石油ＳＳ,小売業,ガソリンスタンド,2%
秋田県,小坂町,出光公園通ＳＳ,小売業,ガソリンスタンド,2%
秋田県,小坂町,出光小坂ＳＳ,小売業,ガソリンスタンド,2%
秋田県,小坂町,ＡＥ株式会社工藤米治商店小坂営業所,小売業,その他小売,5%
秋田県,小坂町,ＡＥ株式会社工藤米治商店小坂ホームガス,小売業,その他小売,5%
秋田県,小坂町,小坂ゴールドパレス,サービス,宿泊業,5%
秋田県,小坂町,小坂新町ＳＳ,小売業,ガソリンスタンド,2%
秋田県,小坂町,小服縫店,小売業,衣料品,5%
秋田県,小坂町,十和田湖畔ＳＳ,小売業,ガソリンスタンド,2%
秋田県,小坂町,十和田湖レークビューホテル,サービス,宿泊業,5%
秋田県,小坂町,リカーショップたかはし リカーショップ たかはし,小売業,その他小売,5%
秋田県,五城目町,五城目ＳＳ,小売業,ガソリンスタンド,2%
秋田県,五城目町,セブン－イレブン五城目大川店,小売業,食料品,2%
秋田県,五城目町,湖東ＳＳ,小売業,ガソリンスタンド,2%
秋田県,五城目町,湖東ＳＳ 有限会社丸六物産,小売業,ガソリンスタンド,2%
秋田県,五城目町,佐藤木材容器,小売業,家具・調度品,5%
秋田県,五城目町,デジタルサポート,サービス,その他サービス,5%
秋田県,仙北市,あきた芸術村 温泉ゆぽぽ,サービス,宿泊業,5%
秋田県,仙北市,出光生保内ＳＳ,小売業,ガソリンスタンド,2%
秋田県,仙北市,出光角館西ＳＳ,小売業,ガソリンスタンド,2%
秋田県,仙北市,出光御所野ＳＳ,小売業,ガソリンスタンド,2%
秋田県,仙北市,ＳＢＴ朝陽自動車,サービス,その他サービス,5%
秋田県,仙北市,大村美術館,サービス,その他サービス,5%
秋田県,仙北市,角館温泉 花葉館,サービス,宿泊業,5%
秋田県,仙北市,角館きがた,サービス,その他サービス,5%
秋田県,仙北市,セブン－イレブン角館小館店,小売業,食料品,2%
秋田県,仙北市,角館第二ＳＳ,小売業,ガソリンスタンド,2%
秋田県,仙北市,川村自動車工業,サービス,その他サービス,5%
秋田県,仙北市,くら吉有限会社,その他業種,ー,5%
秋田県,仙北市,湖畔の杜レストラン ＯＲＡＥ,サービス,飲食業,5%
秋田県,仙北市,西明寺ＳＳ,小売業,ガソリンスタンド,2%
秋田県,仙北市,酒の伏見屋,小売業,食料品,5%
秋田県,仙北市,森湖休,サービス,宿泊業,5%
秋田県,仙北市,神代ＳＳ,小売業,ガソリンスタンド,2%
秋田県,仙北市,すまいるみるく角館店,小売業,食料品,5%
秋田県,仙北市,ＳＥＬＡ タカシゲ,小売業,電化製品,5%
秋田県,仙北市,タカヤナギグランマート田沢湖店,小売業,食料品,5%
秋田県,仙北市,タカヤナギワンダーモール,小売業,総合（非専門）,5%
秋田県,仙北市,田沢湖ＳＳ,小売業,ガソリンスタンド,2%
秋田県,仙北市,田沢湖高原リゾートホテル ニュースカイ,サービス,宿泊業,5%
秋田県,仙北市,田沢湖町ＳＳ,小売業,ガソリンスタンド,2%
秋田県,仙北市,田沢湖レストハウス,小売業,その他小売,5%
秋田県,仙北市,パナデン,小売業,電化製品,5%
秋田県,仙北市,ヒュッテ ビルケ,サービス,宿泊業,5%
秋田県,仙北市,ホテル湖心亭,サービス,宿泊業,5%
秋田県,仙北市,マルキ株式会社,その他業種,ー,5%
秋田県,仙北市,藤むら呉服店,小売業,衣料品,5%
秋田県,大仙市,秋田日産自動車 大曲店,小売業,その他小売,5%
秋田県,大仙市,秋田旅行センター イオンモール大曲店,サービス,その他サービス,5%
秋田県,大仙市,Ａｇｕ ｈａｉｒ Ａｇｕ ｈａｉｒ ｌｉｌｙ大曲,サービス,理容・美容業,5%
秋田県,大仙市,あじはなび,小売業,食料品,5%
秋田県,大仙市,荒川美容院,サービス,理容・美容業,5%
秋田県,大仙市,出光大曲北ＳＳ,小売業,ガソリンスタンド,2%
秋田県,大仙市,出光豊川ＳＳ,小売業,ガソリンスタンド,2%
秋田県,大仙市,セブン－イレブン大曲西根店,小売業,食料品,2%
秋田県,大仙市,ＯＢＪＥＴ Ｈａｉｒ＆Ｓａｌｏｎ,サービス,理容・美容業,5%
秋田県,大仙市,家具のマルタク,小売業,家具・調度品,5%
秋田県,大仙市,角間川ＳＳ,小売業,ガソリンスタンド,2%
秋田県,大仙市,菓子司つじや 中通本店,小売業,食料品,5%
秋田県,大仙市,神岡町ＳＳ,小売業,ガソリンスタンド,2%
秋田県,大仙市,カレーハウスＣｏＣｏ壱番屋大曲東川店,サービス,飲食業,2%
秋田県,大仙市,川口温泉 奥羽山荘,サービス,宿泊業,5%
秋田県,大仙市,協和ＳＳ,小売業,ガソリンスタンド,2%
秋田県,大仙市,黒澤時計店,小売業,貴金属・服飾品,5%
秋田県,大仙市,強首樅峰苑,サービス,宿泊業,5%
秋田県,大仙市,塩ホルモン炭樂,サービス,飲食業,5%
秋田県,大仙市,写真スタジオＣＯＣＣＯ,サービス,その他サービス,5%
秋田県,大仙市,神宮寺ＳＳ,小売業,ガソリンスタンド,2%
秋田県,大仙市,すまいるみるく大曲本店,小売業,食料品,5%
秋田県,大仙市,セルフ大曲バイパスＳＳ,小売業,ガソリンスタンド,2%
秋田県,大仙市,セブン－イレブン大仙大曲須和町１丁目店,小売業,食料品,2%
秋田県,大仙市,セブン－イレブン大仙長野店,小売業,食料品,2%
秋田県,大仙市,ダイニング＆バー ＢａｍＦｅｅｌ,サービス,飲食業,5%
秋田県,大仙市,タカヤナギグランマート白金店,小売業,食料品,5%
秋田県,大仙市,中国料理 鳳仙花,サービス,飲食業,5%
秋田県,大仙市,テクノショップＢｅ１,小売業,電化製品,5%
秋田県,大仙市,殿屋敷ＳＳ,小売業,ガソリンスタンド,2%
秋田県,大仙市,戸蒔ＳＳ,小売業,ガソリンスタンド,2%
秋田県,大仙市,株式会社とみや大仙店,小売業,その他小売,5%
秋田県,大仙市,中仙ＳＳ,小売業,ガソリンスタンド,2%
秋田県,大仙市,長野ＳＳ,小売業,ガソリンスタンド,2%
秋田県,大仙市,南部家敷 大曲店,サービス,飲食業,5%
秋田県,大仙市,二丁目ＳＳ,小売業,ガソリンスタンド,2%
秋田県,大仙市,ニュー大曲ＳＳ,小売業,ガソリンスタンド,2%
秋田県,大仙市,日の出 ＳＳ,小売業,ガソリンスタンド,2%
秋田県,大仙市,ヘアーサロンオノザキ,サービス,理容・美容業,5%
秋田県,大仙市,ホーム設備サービス,サービス,その他サービス,5%
秋田県,大仙市,マクドナルドイオン中仙店,サービス,飲食業,2%
秋田県,大仙市,マクドナルドイオンモール大曲店,サービス,飲食業,2%
秋田県,大仙市,ｍａｔｏｕ,サービス,理容・美容業,5%
秋田県,大仙市,有限会社アキモト酒店,小売業,食料品,5%
秋田県,大仙市,吉野石材店,サービス,その他サービス,5%
秋田県,大仙市,四ツ屋ＳＳ,小売業,ガソリンスタンド,2%
秋田県,大仙市,よつや大曲ＳＳ,小売業,ガソリンスタンド,2%
秋田県,大仙市,よつやタクシー,サービス,運輸業,5%
秋田県,大仙市,ライフスペースコマツ,小売業,電化製品,5%
秋田県,大仙市,ライフスペースコマツ,小売業,電化製品,5%
秋田県,大仙市,ＬＩＸＩＬリフォームショップ ライファ大曲,サービス,その他サービス,2%
秋田県,大仙市,和台所 花,サービス,飲食業,5%
秋田県,大仙市,有限会社ワタナベギフトセンター,小売業,その他小売,5%
秋田県,にかほ市,セブン－イレブン秋田にかほ象潟店,小売業,食料品,2%
秋田県,にかほ市,上浜ＳＳ,小売業,ガソリンスタンド,2%
秋田県,にかほ市,革工房ｋｎｃＬｅｔｈｅｒＦａｃｔｏｒｙ,小売業,衣料品,5%
秋田県,にかほ市,象潟夕日の宿さんねむ温泉,サービス,宿泊業,5%
秋田県,にかほ市,トムホームセンター,小売業,総合（非専門）,5%
秋田県,にかほ市,仁賀保ＳＳ,小売業,ガソリンスタンド,2%
秋田県,にかほ市,仁賀保北ＳＳ,小売業,ガソリンスタンド,2%
秋田県,にかほ市,ネイルサロンＦｌｏｒａ,サービス,理容・美容業,5%
秋田県,にかほ市,パインツリーイントムＳＳ株式会社須藤商店,小売業,ガソリンスタンド,2%
秋田県,にかほ市,平沢ＳＳ,小売業,ガソリンスタンド,2%
秋田県,にかほ市,ホーム電器,小売業,電化製品,5%
秋田県,能代市,ｅｙｅｌａｓｈｓａｌｏｎＬＡＤＥＮ,サービス,理容・美容業,5%
秋田県,能代市,青葉どうぶつ病院,サービス,その他サービス,5%
秋田県,能代市,秋田トヨタ自動車 能代店,小売業,その他小売,5%
秋田県,能代市,秋田日産自動車 能代店,その他業種,ー,5%
秋田県,能代市,居酒屋 くつろぎ,サービス,飲食業,5%
秋田県,能代市,出光大曲バイパスＳＳ,小売業,ガソリンスタンド,2%
秋田県,能代市,出光きみまち阪ＳＳ,小売業,ガソリンスタンド,2%
秋田県,能代市,出光東能代ＳＳ,小売業,ガソリンスタンド,2%
秋田県,能代市,出光ピットイン鷹巣,小売業,ガソリンスタンド,2%
秋田県,能代市,（株）秋田旅行センター,サービス,その他サービス,5%
秋田県,能代市,きみまち阪壱ノ座,サービス,宿泊業,5%
秋田県,能代市,ＳＡＶＯＹ,サービス,飲食業,5%
秋田県,能代市,酒場ばいお,サービス,飲食業,5%
秋田県,能代市,雑貨屋ｈｉｎａ,小売業,その他小売,5%
秋田県,能代市,自転車のおが,小売業,その他小売,5%
秋田県,能代市,杉浦電器商会,小売業,電化製品,5%
秋田県,能代市,ＳＥＬＡ ワカバヤシ,小売業,電化製品,5%
秋田県,能代市,出光中和通りＳＳ,小売業,ガソリンスタンド,2%
秋田県,能代市,ｄｅｆｅｒ,サービス,飲食業,5%
秋田県,能代市,ドラッグストアメガ 能代中央店,小売業,総合（非専門）,5%
秋田県,能代市,能代観光 タクシー事業部,サービス,運輸業,5%
秋田県,能代市,能代スポーツセンター,サービス,その他サービス,5%
秋田県,能代市,能代タウンホテル ミナミ,サービス,宿泊業,5%
秋田県,能代市,能代東ＳＳ,小売業,ガソリンスタンド,2%
秋田県,能代市,能代南ＳＳ,小売業,ガソリンスタンド,2%
秋田県,能代市,能代南バイパスＳＳ,小売業,ガソリンスタンド,2%
秋田県,能代市,能代明治町ＳＳ 有限会社瀬川油店,小売業,ガソリンスタンド,2%
秋田県,能代市,美と癒しｓａｌｏｎノン,サービス,理容・美容業,5%
秋田県,能代市,二ッ井ＳＳ,小売業,ガソリンスタンド,2%
秋田県,能代市,フトンショップミヤコシ,小売業,家具・調度品,5%
秋田県,能代市,Ｈｏｍｅ Ｂｏｕｎｄ,小売業,その他小売,5%
秋田県,能代市,ホテルニューグリーン能代,サービス,宿泊業,5%
秋田県,能代市,ホテルミナミ,サービス,宿泊業,5%
秋田県,能代市,丸亀原田デンキ,小売業,電化製品,5%
秋田県,能代市,道の駅ふたつい 福多珈琲 道の駅ふたつい店,小売業,総合（非専門）,5%
秋田県,能代市,向能代ＳＳ,小売業,ガソリンスタンド,2%
秋田県,能代市,メガ能代中央店,小売業,食料品,5%
秋田県,能代市,メガ能代中央店,小売業,食料品,5%
秋田県,能代市,有限会社時報堂,小売業,貴金属・服飾品,5%
秋田県,能代市,米代川ＳＳ,小売業,ガソリンスタンド,2%
秋田県,能代市,ｗａｒａ ｎｏ ｂａｇ,小売業,食料品,5%
秋田県,八郎潟町,小柳 商店,小売業,食料品,5%
秋田県,八郎潟町,車検のコバック 秋田八郎潟店,サービス,その他サービス,5%
秋田県,八郎潟町,八郎潟ＳＳ,小売業,ガソリンスタンド,2%
秋田県,八郎潟町,八郎潟ＳＳ,小売業,ガソリンスタンド,2%
秋田県,八峰町,八森ＳＳ,小売業,ガソリンスタンド,2%
秋田県,八峰町,八森いさりび温泉 ハタハタ館 ハタハタ館,サービス,宿泊業,5%
秋田県,八峰町,道の駅 八森,サービス,飲食業,5%
秋田県,八峰町,峰浜ＳＳ,小売業,ガソリンスタンド,2%
秋田県,藤里町,ホテルゆとりあ藤里,サービス,宿泊業,5%
秋田県,美郷町,出光ユーアポロ仙南ＳＳ,小売業,ガソリンスタンド,2%
秋田県,美郷町,出光六郷東根ＳＳ,小売業,ガソリンスタンド,2%
秋田県,美郷町,仕出し おだしま,サービス,飲食業,5%
秋田県,美郷町,匠詩恵,小売業,衣料品,5%
秋田県,美郷町,千畑ＳＳ,小売業,ガソリンスタンド,2%
秋田県,美郷町,中田工務店,サービス,その他サービス,5%
秋田県,美郷町,有限会社 中田工務店,サービス,その他サービス,5%
秋田県,美郷町,南部家敷 六郷店,サービス,飲食業,5%
秋田県,美郷町,モード高山,小売業,衣料品,5%
秋田県,美郷町,有限会社藤谷モータース,サービス,その他サービス,5%
秋田県,美郷町,六郷ＳＳ,小売業,ガソリンスタンド,2%
秋田県,美郷町,六郷ＳＳ,小売業,ガソリンスタンド,2%
秋田県,三種町,秋田イモビサービス,サービス,その他サービス,5%
秋田県,三種町,出光鹿渡ＳＳ,小売業,ガソリンスタンド,2%
秋田県,三種町,鹿渡ＳＳ,小売業,ガソリンスタンド,2%
秋田県,三種町,鹿渡ＳＳ,小売業,ガソリンスタンド,2%
秋田県,三種町,児玉商会 森岳駅前給油所,小売業,ガソリンスタンド,2%
秋田県,湯沢市,秋田トヨタ自動車 湯沢店,小売業,その他小売,5%
秋田県,湯沢市,秋田日産自動車 湯沢店,小売業,その他小売,5%
秋田県,湯沢市,阿部酒店,小売業,食料品,5%
秋田県,湯沢市,エスエスケイ制服の佐々木,小売業,衣料品,5%
秋田県,湯沢市,エスエム商会 元清水店屋内展示場,小売業,その他小売,5%
秋田県,湯沢市,お茶の富沢,小売業,食料品,5%
秋田県,湯沢市,かえで庵,サービス,飲食業,5%
秋田県,湯沢市,株式会社阿部健吉商店,小売業,その他小売,5%
秋田県,湯沢市,鎌切ＳＳ,小売業,ガソリンスタンド,2%
秋田県,湯沢市,川連南ＳＳ,小売業,ガソリンスタンド,2%
秋田県,湯沢市,グランマート湯沢インター店,小売業,食料品,5%
秋田県,湯沢市,珈琲焙煎工房バルーガ,サービス,飲食業,5%
秋田県,湯沢市,こまちの郷ＳＳ,小売業,ガソリンスタンド,2%
秋田県,湯沢市,佐藤伊右衛門商店,その他業種,ー,5%
秋田県,湯沢市,三共産業（株）湯沢支店,小売業,その他小売,5%
秋田県,湯沢市,東海林一義,小売業,その他小売,5%
秋田県,湯沢市,スタジオアクア,サービス,その他サービス,5%
秋田県,湯沢市,ＳＴＡＹ ＹＯＵＮＧ,小売業,衣料品,5%
秋田県,湯沢市,仙秋プラザＳＳ,小売業,ガソリンスタンド,2%
秋田県,湯沢市,株式会社タイヤショップ湯沢,小売業,その他小売,5%
秋田県,湯沢市,タカヤナギグランマート湯沢インター店,小売業,食料品,5%
秋田県,湯沢市,デンカプラザ わたなべ,小売業,電化製品,5%
秋田県,湯沢市,とことん山,サービス,宿泊業,5%
秋田県,湯沢市,とみや 湯沢店,小売業,その他小売,5%
秋田県,湯沢市,パナデンおおぬまでんき,小売業,電化製品,5%
秋田県,湯沢市,マルサンカバン店,その他業種,ー,5%
秋田県,湯沢市,丸大電機,小売業,電化製品,5%
秋田県,湯沢市,焼肉ダイニングおいしんぼ,サービス,飲食業,5%
秋田県,湯沢市,焼肉ダイニングおいしんぼ,サービス,飲食業,5%
秋田県,湯沢市,やまでん,小売業,電化製品,5%
秋田県,湯沢市,湯沢ＳＳ,小売業,ガソリンスタンド,2%
秋田県,湯沢市,湯沢ＳＳ,小売業,ガソリンスタンド,2%
秋田県,湯沢市,セブン－イレブン湯沢川連町店,小売業,食料品,2%
秋田県,湯沢市,湯沢北ＳＳ,小売業,ガソリンスタンド,2%
秋田県,湯沢市,セブン－イレブン湯沢千石町１丁目店,小売業,食料品,2%
秋田県,湯沢市,セブン－イレブン湯沢山田店,小売業,食料品,2%
秋田県,湯沢市,湯沢ロイヤルホテル,サービス,宿泊業,5%
秋田県,湯沢市,ＬＩＸＩＬリフォームショップ ライファ湯沢,サービス,その他サービス,2%
秋田県,湯沢市,レストラン ル・クロワッサン,サービス,飲食業,5%
秋田県,湯沢市,株式会社 渡辺小一郎商店,サービス,その他サービス,5%
秋田県,由利本荘市,秋田日産自動車 本荘店,小売業,その他小売,5%
秋田県,由利本荘市,阿部精肉店,小売業,食料品,5%
秋田県,由利本荘市,荒町ＳＳ,小売業,ガソリンスタンド,2%
秋田県,由利本荘市,出光矢島ＳＳ,小売業,ガソリンスタンド,2%
秋田県,由利本荘市,出光大内ＳＳ,小売業,ガソリンスタンド,2%
秋田県,由利本荘市,おれんじはうす トコ家,サービス,理容・美容業,5%
秋田県,由利本荘市,温活サロン ふわり,サービス,その他サービス,5%
秋田県,由利本荘市,木島酒店,小売業,食料品,5%
秋田県,由利本荘市,サンライトチェーン 本荘店 福岡電機,小売業,電化製品,5%
秋田県,由利本荘市,自然食堂パドマーニー,サービス,飲食業,5%
秋田県,由利本荘市,シブヤスタジオ,サービス,その他サービス,5%
秋田県,由利本荘市,鈴木不動産,小売業,総合（非専門）,5%
秋田県,由利本荘市,炭火焼肉酒家牛角由利本荘店,サービス,飲食業,2%
秋田県,由利本荘市,ＳＥＬＡササヤ,小売業,電化製品,5%
秋田県,由利本荘市,ＳＥＬＡササヤ本荘店,小売業,電化製品,5%
秋田県,由利本荘市,セルフステーション本荘,小売業,ガソリンスタンド,2%
秋田県,由利本荘市,タカヤナギグランマート石脇店,小売業,食料品,5%
秋田県,由利本荘市,タカヤナギグランマート一番堰店,小売業,食料品,5%
秋田県,由利本荘市,タカヤナギグランマート本荘南店,小売業,食料品,5%
秋田県,由利本荘市,天使のヒルネ,サービス,その他サービス,5%
秋田県,由利本荘市,トイショップ ｔｏｃｃａ,小売業,書籍・玩具・音楽ＣＤ,5%
秋田県,由利本荘市,南部家敷 本荘店,サービス,飲食業,5%
秋田県,由利本荘市,出光仁賀保ＳＳ,小売業,ガソリンスタンド,2%
秋田県,由利本荘市,西目ＳＳ,小売業,ガソリンスタンド,2%
秋田県,由利本荘市,西目中央ＳＳ,小売業,ガソリンスタンド,2%
秋田県,由利本荘市,ニュー矢島ＳＳ,小売業,ガソリンスタンド,2%
秋田県,由利本荘市,花友Ｐｒｉｍａｖｅｒａ,小売業,その他小売,5%
秋田県,由利本荘市,ＰＣＳＵＰＰＯＲＴ,サービス,その他サービス,5%
秋田県,由利本荘市,ピザテン・フォー 秋田本荘店 ２,サービス,その他サービス,5%
秋田県,由利本荘市,伏見ＳＳ,小売業,ガソリンスタンド,2%
秋田県,由利本荘市,ボナンザクリエイト,小売業,衣料品,5%
秋田県,由利本荘市,本荘ＳＳ,小売業,ガソリンスタンド,2%
秋田県,由利本荘市,本荘川口ＳＳ,小売業,ガソリンスタンド,2%
秋田県,由利本荘市,本荘石脇ＳＳ,小売業,ガソリンスタンド,2%
秋田県,由利本荘市,出光本荘栗山ＳＳ,小売業,ガソリンスタンド,2%
秋田県,由利本荘市,本荘御門ＳＳ,小売業,ガソリンスタンド,2%
秋田県,由利本荘市,本荘花畑 ＳＳ,小売業,ガソリンスタンド,2%
秋田県,由利本荘市,本荘東バイパスＳＳ,小売業,ガソリンスタンド,2%
秋田県,由利本荘市,マクドナルド１０５本荘店,サービス,飲食業,2%
秋田県,由利本荘市,マクドナルド本荘マックスバリュー店,サービス,飲食業,2%
秋田県,由利本荘市,まるみや,小売業,総合（非専門）,5%
秋田県,由利本荘市,三浦電器,小売業,電化製品,5%
秋田県,由利本荘市,道川ＳＳ,小売業,ガソリンスタンド,2%
秋田県,由利本荘市,むつ電器,小売業,電化製品,5%
秋田県,由利本荘市,モンマートみうら,その他業種,ー,5%
秋田県,由利本荘市,ヤマハＳＳ,小売業,ガソリンスタンド,2%
秋田県,由利本荘市,有限会社洋装店ありさか,小売業,衣料品,5%
秋田県,由利本荘市,セブン－イレブン由利本荘荒町店,小売業,食料品,2%
秋田県,由利本荘市,セブン－イレブン由利本荘石脇店,小売業,食料品,2%
秋田県,由利本荘市,セブン－イレブン由利本荘大内インター店,小売業,食料品,2%
秋田県,由利本荘市,セブン－イレブン由利本荘大内三川店,小売業,食料品,2%
秋田県,由利本荘市,セブン－イレブン由利本荘大門本町通店,小売業,食料品,2%
秋田県,由利本荘市,セブン－イレブン由利本荘蓼沼店,小売業,食料品,2%
秋田県,由利本荘市,セブン－イレブン由利本荘西目町店,小売業,食料品,2%
秋田県,由利本荘市,セブン－イレブン由利本荘本田仲町店,小売業,食料品,2%
秋田県,横手市,青山薬局 青山薬局,小売業,その他小売,5%
秋田県,横手市,秋田日産自動車 横手店,小売業,その他小売,5%
秋田県,横手市,Ａｇｕ ｈａｉｒ Ａｇｕ ｈａｉｒ ｅｄｅｎ秋田横手,サービス,理容・美容業,5%
秋田県,横手市,浅舞ＳＳ,小売業,ガソリンスタンド,2%
秋田県,横手市,いしとよ,小売業,その他小売,5%
秋田県,横手市,出光川西ＳＳ,小売業,ガソリンスタンド,2%
秋田県,横手市,えびすやクリーニング,サービス,その他サービス,5%
秋田県,横手市,えんどうでんき,小売業,電化製品,5%
秋田県,横手市,オイスターバー 寧お オイスターバー寧お,サービス,飲食業,5%
秋田県,横手市,大森ＳＳ,小売業,ガソリンスタンド,2%
秋田県,横手市,オプティカルギャラリー イクス 十文字店,小売業,その他小売,5%
秋田県,横手市,Ｃａｆｅ Ｂａｒ ＢＯＮＤＳ,サービス,飲食業,5%
秋田県,横手市,株式会社秋田旅行センター横手店,サービス,その他サービス,5%
秋田県,横手市,株式会社しゅうなん ダスキン秋南,サービス,その他サービス,2%
秋田県,横手市,菊地電器,小売業,電化製品,5%
秋田県,横手市,小松電化,小売業,電化製品,5%
秋田県,横手市,サロン ｍｉｋａｄｏ,サービス,飲食業,5%
秋田県,横手市,島田電化,小売業,電化製品,5%
秋田県,横手市,鮨割烹しめいち,サービス,飲食業,5%
秋田県,横手市,セブン－イレブン十文字町仁井田店,小売業,食料品,2%
秋田県,横手市,ＳＥＬＡしばた,小売業,電化製品,5%
秋田県,横手市,ＳＥＬＡたから,小売業,電化製品,5%
秋田県,横手市,セルフ横手バイパスＳＳ,小売業,ガソリンスタンド,2%
秋田県,横手市,高橋住設,小売業,電化製品,5%
秋田県,横手市,タカヤナギグランマート十文字店,小売業,食料品,5%
秋田県,横手市,タカヤナギグランマート横手店,小売業,食料品,5%
秋田県,横手市,田口デンキ,小売業,電化製品,5%
秋田県,横手市,千葉写真機店,その他業種,ー,5%
秋田県,横手市,ツチヤデンキ,小売業,電化製品,5%
秋田県,横手市,電器の柴田,小売業,電化製品,5%
秋田県,横手市,中野ＳＳ,小売業,ガソリンスタンド,2%
秋田県,横手市,南部家敷 横手店,サービス,飲食業,5%
秋田県,横手市,にしき茶屋,サービス,飲食業,5%
秋田県,横手市,ニュー横手ＳＳ,小売業,ガソリンスタンド,2%
秋田県,横手市,ピザテン・フォー 秋田十文字店 ２,サービス,その他サービス,5%
秋田県,横手市,日の丸醸造株式会社,小売業,食料品,5%
秋田県,横手市,平鹿ＳＳ,小売業,ガソリンスタンド,2%
秋田県,横手市,ファミリーカットサロンセブン,サービス,理容・美容業,5%
秋田県,横手市,ｈａｉｒ＋ｅｙｅｌａｓｈａｔｍｅ,サービス,理容・美容業,5%
秋田県,横手市,Ｈｏｓｔｅｌ＆ＢａｒＣＡＭＯＳＩＢＡ,サービス,その他サービス,5%
秋田県,横手市,マクドナルド１３号横手店,サービス,飲食業,2%
秋田県,横手市,マクドナルド横手南イオンスーパーセンター店,サービス,飲食業,2%
秋田県,横手市,増田ＳＳ,小売業,ガソリンスタンド,2%
秋田県,横手市,マルワカ ワカバヤシ眼鏡店 鍛冶町本店,小売業,貴金属・服飾品,5%
秋田県,横手市,みうらでんか,小売業,電化製品,5%
秋田県,横手市,ＭＩＸＸ,サービス,飲食業,5%
秋田県,横手市,メガネと補聴器のエルピス,小売業,その他小売,5%
秋田県,横手市,ｍｏｃｋ,サービス,飲食業,5%
秋田県,横手市,横手赤坂ＳＳ,小売業,ガソリンスタンド,2%
秋田県,横手市,セブン－イレブン横手浅舞店,小売業,食料品,2%
秋田県,横手市,セブン－イレブン横手雄物川店,小売業,食料品,2%
秋田県,横手市,セブン－イレブン横手上真山店,小売業,食料品,2%
秋田県,横手市,セブン－イレブン横手三ノ口店,小売業,食料品,2%
秋田県,横手市,横手東ＳＳ,小売業,ガソリンスタンド,2%
秋田県,横手市,セブン－イレブン横手婦気大堤店,小売業,食料品,2%
秋田県,横手市,セブン－イレブン横手平和町店,小売業,食料品,2%
秋田県,横手市,セブン－イレブン横手八幡店,小売業,食料品,2%
秋田県,横手市,横手四ノ口ＳＳ,小売業,ガソリンスタンド,2%
秋田県,横手市,レ・メエル,小売業,その他小売,5%
秋田県,横手市,蕗月堂 蕗月堂,小売業,食料品,5%
