熊本県,あさぎり町,あさぎり山荘ひばり,サービス,宿泊業,5%
熊本県,あさぎり町,アトム電器あさぎり町免田店,小売業,電化製品,5%
熊本県,あさぎり町,出光下乙ＳＳ,小売業,ガソリンスタンド,2%
熊本県,あさぎり町,尾崎デンキ,小売業,電化製品,5%
熊本県,あさぎり町,髪工房ふくだ 髪工房ふくだ,サービス,理容・美容業,5%
熊本県,あさぎり町,セブン－イレブン球磨あさぎり町店,小売業,食料品,2%
熊本県,あさぎり町,熊本ヤクルト 中球磨センター,小売業,食料品,5%
熊本県,あさぎり町,須恵ＳＳ,小売業,ガソリンスタンド,2%
熊本県,あさぎり町,錦ＳＳ,小売業,ガソリンスタンド,2%
熊本県,あさぎり町,明屋書店免田店,小売業,書籍・玩具・音楽ＣＤ,5%
熊本県,あさぎり町,ハロー免田店,小売業,食料品,5%
熊本県,あさぎり町,深田ＳＳ,小売業,ガソリンスタンド,2%
熊本県,あさぎり町,免田ＳＳ,小売業,ガソリンスタンド,2%
熊本県,あさぎり町,免田本町ＳＳ,小売業,ガソリンスタンド,2%
熊本県,芦北町,セブン－イレブン芦北田浦店,小売業,食料品,2%
熊本県,芦北町,セブン－イレブン芦北町店,小売業,食料品,2%
熊本県,芦北町,セブン－イレブン芦北湯浦店,小売業,食料品,2%
熊本県,芦北町,イタリア小料理コラッジオ,サービス,飲食業,5%
熊本県,芦北町,兼田酒店,小売業,総合（非専門）,5%
熊本県,芦北町,佐敷ＳＳ,小売業,ガソリンスタンド,2%
熊本県,芦北町,佐敷ＳＳ,小売業,ガソリンスタンド,2%
熊本県,芦北町,スーパーケント,小売業,総合（非専門）,5%
熊本県,芦北町,スーパーマーケットヒラキ店,小売業,総合（非専門）,5%
熊本県,芦北町,セルフ佐敷ＳＳ,小売業,ガソリンスタンド,2%
熊本県,芦北町,永田商店（湯浦ショッピングセンターペア内）,小売業,総合（非専門）,5%
熊本県,芦北町,ハートケア熊本,小売業,その他小売,5%
熊本県,芦北町,ヒライ田浦店,小売業,食料品,5%
熊本県,芦北町,湯浦ＳＳ,小売業,ガソリンスタンド,2%
熊本県,芦北町,湯浦ＳＳ,小売業,ガソリンスタンド,2%
熊本県,阿蘇市,朝日屋精肉店,小売業,食料品,5%
熊本県,阿蘇市,阿蘇ＳＳ,小売業,ガソリンスタンド,2%
熊本県,阿蘇市,あそ合カギ,サービス,その他サービス,5%
熊本県,阿蘇市,阿蘇内牧ＳＳ,小売業,ガソリンスタンド,2%
熊本県,阿蘇市,アソウト,小売業,食料品,5%
熊本県,阿蘇市,阿蘇お菓子工房たのや,小売業,食料品,5%
熊本県,阿蘇市,阿蘇さとう農園,小売業,食料品,5%
熊本県,阿蘇市,あそしな時計店,小売業,貴金属・服飾品,5%
熊本県,阿蘇市,合資会社 阿蘇銃砲火薬運動具店,小売業,その他小売,5%
熊本県,阿蘇市,阿蘇食品,小売業,食料品,5%
熊本県,阿蘇市,阿蘇神社前ＳＳ,小売業,ガソリンスタンド,2%
熊本県,阿蘇市,阿蘇ネイチャーランド,サービス,その他サービス,5%
熊本県,阿蘇市,阿蘇の司ビラパークホテル,サービス,宿泊業,5%
熊本県,阿蘇市,阿蘇プラザホテル,サービス,宿泊業,5%
熊本県,阿蘇市,あそ兵衛,サービス,宿泊業,5%
熊本県,阿蘇市,ＡＳＯＢＡＳＥＢＡＣＫＰＡＣＫＥＲＳ,サービス,その他サービス,5%
熊本県,阿蘇市,阿蘇料理 ひめ路,サービス,飲食業,5%
熊本県,阿蘇市,アリスのシャンピニオン,サービス,宿泊業,5%
熊本県,阿蘇市,ＥＡＳＴ,サービス,飲食業,5%
熊本県,阿蘇市,居酒屋 七福人,サービス,飲食業,5%
熊本県,阿蘇市,居酒屋一本,サービス,飲食業,5%
熊本県,阿蘇市,一の宮 ２,サービス,運輸業,5%
熊本県,阿蘇市,一角堂整体院,サービス,その他サービス,5%
熊本県,阿蘇市,井手酒店,小売業,食料品,5%
熊本県,阿蘇市,伊藤商事,小売業,その他小売,5%
熊本県,阿蘇市,井野書店,小売業,書籍・玩具・音楽ＣＤ,5%
熊本県,阿蘇市,株式会社衣料の久留米屋,小売業,衣料品,5%
熊本県,阿蘇市,岩崎写真館,サービス,その他サービス,5%
熊本県,阿蘇市,内牧バイパスＳＳ,小売業,ガソリンスタンド,2%
熊本県,阿蘇市,産庵,サービス,飲食業,5%
熊本県,阿蘇市,ｅｔｕ,小売業,その他小売,5%
熊本県,阿蘇市,美味しい隠れ宿ロワ,サービス,宿泊業,5%
熊本県,阿蘇市,ｏｌｍｏ ｃｏｐｐｉａ,サービス,飲食業,5%
熊本県,阿蘇市,御宿小笠原,サービス,宿泊業,5%
熊本県,阿蘇市,隠れ茶房 茶蔵カフェ,サービス,飲食業,5%
熊本県,阿蘇市,果実の国 カップルズ,サービス,その他サービス,5%
熊本県,阿蘇市,菓心なかむら,小売業,食料品,5%
熊本県,阿蘇市,株式会社 丸山農園,小売業,食料品,5%
熊本県,阿蘇市,株式会社阿蘇とり宮,小売業,食料品,5%
熊本県,阿蘇市,有限会社 鎌倉商店 ならびや,小売業,食料品,5%
熊本県,阿蘇市,株式会社菊池食品,小売業,食料品,5%
熊本県,阿蘇市,北風商店,小売業,衣料品,5%
熊本県,阿蘇市,久幸堂,小売業,食料品,5%
熊本県,阿蘇市,桐原商店,小売業,総合（非専門）,5%
熊本県,阿蘇市,熊本建材,小売業,その他小売,5%
熊本県,阿蘇市,熊本トヨタ自動車 阿蘇店,小売業,その他小売,5%
熊本県,阿蘇市,熊本トヨペット 阿蘇店,小売業,その他小売,5%
熊本県,阿蘇市,熊本トヨペット阿蘇店,小売業,その他小売,5%
熊本県,阿蘇市,Ｇｒａｎｄ,小売業,衣料品,5%
熊本県,阿蘇市,グリーンライフ・コガ,サービス,その他サービス,5%
熊本県,阿蘇市,ゲストハウス阿蘇楽（あそら）,サービス,その他サービス,5%
熊本県,阿蘇市,Ｎａｏ’ｓ ＢＡＳＥ,小売業,その他小売,5%
熊本県,阿蘇市,佐伯電化センター,小売業,電化製品,5%
熊本県,阿蘇市,さかいや,小売業,その他小売,5%
熊本県,阿蘇市,榊 商会,小売業,その他小売,5%
熊本県,阿蘇市,しまだ電器,小売業,電化製品,5%
熊本県,阿蘇市,尺間ら?めん,サービス,飲食業,5%
熊本県,阿蘇市,シャンブル・ドット アルムの森,サービス,宿泊業,5%
熊本県,阿蘇市,昭和館,サービス,飲食業,5%
熊本県,阿蘇市,親和苑,サービス,その他サービス,5%
熊本県,阿蘇市,杉田電器サービス,小売業,電化製品,5%
熊本県,阿蘇市,整体所よか,サービス,その他サービス,5%
熊本県,阿蘇市,セルフ信和ＡＳＯ－ＳＳ,小売業,ガソリンスタンド,2%
熊本県,阿蘇市,千年の蔵 さー蔵,サービス,飲食業,5%
熊本県,阿蘇市,総合自動車坂梨,サービス,その他サービス,5%
熊本県,阿蘇市,蘇山郷,サービス,宿泊業,5%
熊本県,阿蘇市,蕎麦処 阿蘇の風,サービス,飲食業,5%
熊本県,阿蘇市,大観荘,サービス,宿泊業,5%
熊本県,阿蘇市,大福ずし,サービス,飲食業,5%
熊本県,阿蘇市,タイヤガーデンさいとう,小売業,その他小売,5%
熊本県,阿蘇市,たておか豆腐店,サービス,飲食業,5%
熊本県,阿蘇市,谷崎商店,小売業,食料品,5%
熊本県,阿蘇市,つけもの処健蔵,小売業,食料品,5%
熊本県,阿蘇市,テラサワ,小売業,食料品,5%
熊本県,阿蘇市,ＤＯＧＰａｌａｃｅｒｅｓｏｒｔ阿蘇乙姫,サービス,その他サービス,5%
熊本県,阿蘇市,トヨタレンタリース熊本 阿蘇駅前店,サービス,その他サービス,2%
熊本県,阿蘇市,トヨタレンタリース熊本 阿蘇駅前店,サービス,その他サービス,2%
熊本県,阿蘇市,ｔｏｎｔｏｎ,小売業,食料品,5%
熊本県,阿蘇市,中山モータース,サービス,その他サービス,5%
熊本県,阿蘇市,菜の花,サービス,飲食業,5%
熊本県,阿蘇市,ニュー草千里,小売業,その他小売,5%
熊本県,阿蘇市,野の花の宿 阿蘇の四季,サービス,宿泊業,5%
熊本県,阿蘇市,有限会社お菓子の味幸,小売業,食料品,5%
熊本県,阿蘇市,美容室ハルシオン,サービス,理容・美容業,5%
熊本県,阿蘇市,ＰＥＯＮＹ,小売業,衣料品,5%
熊本県,阿蘇市,Ｂｉｓｔｒｏ ＭＯＮＴ ビストロ モン ＢｉｓｔｒｏＭＯＮＴ,サービス,飲食業,5%
熊本県,阿蘇市,福ふく,サービス,飲食業,5%
熊本県,阿蘇市,豊前屋,小売業,食料品,5%
熊本県,阿蘇市,ブティツクアミ,小売業,衣料品,5%
熊本県,阿蘇市,ペンション かかしのかくれ家,サービス,宿泊業,5%
熊本県,阿蘇市,ペンションもしもしピエロ,サービス,宿泊業,5%
熊本県,阿蘇市,ＮＰＯ法人九州バイオマスフォーラム 特定非営利活動法人九州バイオマスフォーラム,その他業種,ー,5%
熊本県,阿蘇市,ＨＯＰＥ代行,サービス,その他サービス,5%
熊本県,阿蘇市,ぼくのお宿風の音,サービス,宿泊業,5%
熊本県,阿蘇市,ホテル サンクラウン大阿蘇,サービス,宿泊業,5%
熊本県,阿蘇市,マツダ,小売業,衣料品,5%
熊本県,阿蘇市,有 松本自動車整備工場,サービス,その他サービス,5%
熊本県,阿蘇市,緑の資産,サービス,飲食業,5%
熊本県,阿蘇市,宮川時計店,小売業,貴金属・服飾品,5%
熊本県,阿蘇市,民宿 あそげん,サービス,宿泊業,5%
熊本県,阿蘇市,ムチマ電器,小売業,電化製品,5%
熊本県,阿蘇市,森万十,小売業,食料品,5%
熊本県,阿蘇市,森本金物店,小売業,その他小売,5%
熊本県,阿蘇市,やよい食堂,サービス,飲食業,5%
熊本県,阿蘇市,有限会社 村本設備工業,サービス,その他サービス,5%
熊本県,阿蘇市,有限会社 丹波屋,小売業,その他小売,5%
熊本県,阿蘇市,有限会社 千代の屋,小売業,食料品,5%
熊本県,阿蘇市,有限会社 プリンセスフラワーズ,サービス,その他サービス,5%
熊本県,阿蘇市,有限会社阿蘇天然アイス,小売業,食料品,5%
熊本県,阿蘇市,有限会社小園商店,小売業,食料品,5%
熊本県,阿蘇市,有限会社ヤマベ印刷,サービス,その他サービス,5%
熊本県,阿蘇市,有限会社 阿蘇印刷,サービス,その他サービス,5%
熊本県,阿蘇市,湯の宿 入船,サービス,宿泊業,5%
熊本県,阿蘇市,夢☆大地グリーンバレー,サービス,その他サービス,5%
熊本県,阿蘇市,溶岩石窯ピッツァ轍,サービス,飲食業,5%
熊本県,阿蘇市,吉本商会,小売業,総合（非専門）,5%
熊本県,阿蘇市,璃庵,サービス,飲食業,5%
熊本県,阿蘇市,旅館 金時,サービス,宿泊業,5%
熊本県,阿蘇市,レインボー内牧,サービス,その他サービス,5%
熊本県,阿蘇市,レインボー西町店,サービス,その他サービス,5%
熊本県,阿蘇市,和楽,サービス,飲食業,5%
熊本県,天草市,愛甲電器,小売業,電化製品,5%
熊本県,天草市,天草有明ＳＳ,小売業,ガソリンスタンド,2%
熊本県,天草市,セブン－イレブン天草亀場店,小売業,食料品,2%
熊本県,天草市,セブン－イレブン天草小松原町店,小売業,食料品,2%
熊本県,天草市,セブン－イレブン天草栄町店,小売業,食料品,2%
熊本県,天草市,天草潮屋,その他業種,ー,5%
熊本県,天草市,セブン－イレブン天草知ケ崎店,小売業,食料品,2%
熊本県,天草市,天草石油 本社,小売業,ガソリンスタンド,2%
熊本県,天草市,天草瀬戸ＳＳ,小売業,ガソリンスタンド,2%
熊本県,天草市,天草生うに本舗丸健水産,サービス,飲食業,5%
熊本県,天草市,「天草農工房 ふぁお」の宿,サービス,宿泊業,5%
熊本県,天草市,天草プラザホテル,サービス,宿泊業,5%
熊本県,天草市,セブン－イレブン天草本渡広瀬店,小売業,食料品,2%
熊本県,天草市,天草レストハウス結乃里,サービス,宿泊業,5%
熊本県,天草市,アラキ自動車サービス,サービス,その他サービス,5%
熊本県,天草市,居酒屋蔵,サービス,飲食業,5%
熊本県,天草市,一望舎,サービス,その他サービス,5%
熊本県,天草市,出光大浜ＳＳ,小売業,ガソリンスタンド,2%
熊本県,天草市,出光御領ＳＳ,小売業,ガソリンスタンド,2%
熊本県,天草市,出光下田ＳＳ,小売業,ガソリンスタンド,2%
熊本県,天草市,イルカウォッチング受付予約センタ,サービス,その他サービス,5%
熊本県,天草市,イルカウォッチング受付予約センター イルカウォッチング受付予約センター,サービス,その他サービス,5%
熊本県,天草市,ＷＡＶＥ ＡＣＴ,小売業,書籍・玩具・音楽ＣＤ,5%
熊本県,天草市,浦本デンキ店,小売業,電化製品,5%
熊本県,天草市,栄美屋旅館,サービス,宿泊業,5%
熊本県,天草市,岡東給油所,小売業,ガソリンスタンド,2%
熊本県,天草市,鬼池ＳＳ,小売業,ガソリンスタンド,2%
熊本県,天草市,魚貫ＳＳ,小売業,ガソリンスタンド,2%
熊本県,天草市,かぎのロッキー。,小売業,その他小売,5%
熊本県,天草市,家具プラザ山下,小売業,家具・調度品,5%
熊本県,天草市,カーポートウェーブ,小売業,その他小売,5%
熊本県,天草市,ガラス工房カリヒロ,その他業種,ー,5%
熊本県,天草市,河浦ＳＳ,小売業,ガソリンスタンド,2%
熊本県,天草市,菊陽テクノ給油所,小売業,ガソリンスタンド,2%
熊本県,天草市,久玉ＳＳ,小売業,ガソリンスタンド,2%
熊本県,天草市,熊本トヨタ自動車天草店,小売業,その他小売,5%
熊本県,天草市,熊本トヨペット天草店,小売業,その他小売,5%
熊本県,天草市,熊本ヤクルト 天草牛深センター,小売業,食料品,5%
熊本県,天草市,倉岳ＳＳ,小売業,ガソリンスタンド,2%
熊本県,天草市,耕栄自動車工業,サービス,その他サービス,5%
熊本県,天草市,コミュニティー天草ＳＳ,小売業,ガソリンスタンド,2%
熊本県,天草市,コヤマデンキ,小売業,電化製品,5%
熊本県,天草市,佐々木車輌整備工場,サービス,その他サービス,5%
熊本県,天草市,茶寮やまと家,サービス,飲食業,5%
熊本県,天草市,サロンドフルベール天草浄南店,サービス,理容・美容業,5%
熊本県,天草市,サンキョウデンキ,小売業,電化製品,5%
熊本県,天草市,サンキョウデンキ,小売業,電化製品,5%
熊本県,天草市,志柿ＳＳ,小売業,ガソリンスタンド,2%
熊本県,天草市,じゅうじゅう,サービス,飲食業,5%
熊本県,天草市,深夜食堂 からたち,サービス,飲食業,5%
熊本県,天草市,スーパーゼロ,小売業,総合（非専門）,5%
熊本県,天草市,セルフ亀川ＳＳ,小売業,ガソリンスタンド,2%
熊本県,天草市,セルフ亀川ＳＳ Ｓ,小売業,ガソリンスタンド,2%
熊本県,天草市,セルフ亀場,小売業,ガソリンスタンド,2%
熊本県,天草市,高浜ＳＳ 有限会社力丸産業,小売業,ガソリンスタンド,2%
熊本県,天草市,食べる生活百貨店,小売業,食料品,5%
熊本県,天草市,イタリア料理 ラ モト イタリア料理 ラ モト,サービス,飲食業,5%
熊本県,天草市,Ｃ．ｂｅａｕｔｙ,サービス,理容・美容業,5%
熊本県,天草市,堤田本店,小売業,総合（非専門）,5%
熊本県,天草市,デ・ジャ・ブー （ＤＥ・ＪＡ・ＶＵ）,サービス,理容・美容業,5%
熊本県,天草市,テイクタイム,小売業,衣料品,5%
熊本県,天草市,デジタブルデザイン,サービス,その他サービス,5%
熊本県,天草市,トヨタレンタリース熊本天草店,サービス,その他サービス,2%
熊本県,天草市,トヨタレンタリース熊本 天草店,サービス,その他サービス,2%
熊本県,天草市,どん丼食堂本渡亀川店,サービス,飲食業,5%
熊本県,天草市,中野電器,小売業,電化製品,5%
熊本県,天草市,和み宿 新和荘海心,サービス,宿泊業,5%
熊本県,天草市,（株）ブライダルマックス,サービス,理容・美容業,5%
熊本県,天草市,パナランド 正和,小売業,電化製品,5%
熊本県,天草市,パナランド タナカ,小売業,電化製品,5%
熊本県,天草市,パナランド 森山,小売業,電化製品,5%
熊本県,天草市,パナランド天草,小売業,電化製品,5%
熊本県,天草市,パナランド エイコウ,小売業,電化製品,5%
熊本県,天草市,パナランドオカベ,小売業,電化製品,5%
熊本県,天草市,パナランド オクムラ,小売業,電化製品,5%
熊本県,天草市,パナランドクサズミ,小売業,電化製品,5%
熊本県,天草市,パナランドしんわ,小売業,電化製品,5%
熊本県,天草市,パナランド 田中,小売業,電化製品,5%
熊本県,天草市,パナランド ヒロタ,小売業,電化製品,5%
熊本県,天草市,パナランド ヨシダ,小売業,電化製品,5%
熊本県,天草市,美容室キャラバン 美容室 キャラバン,サービス,理容・美容業,5%
熊本県,天草市,瓢六,サービス,飲食業,5%
熊本県,天草市,ヒライ本渡馬場店,小売業,食料品,5%
熊本県,天草市,深海ＳＳ,小売業,ガソリンスタンド,2%
熊本県,天草市,福伸 はなれ利久,サービス,飲食業,5%
熊本県,天草市,ブティック マルヨシ,小売業,衣料品,5%
熊本県,天草市,プラザホテルアネックス,サービス,宿泊業,5%
熊本県,天草市,ホテルサンロード,サービス,宿泊業,5%
熊本県,天草市,マクドナルドイオン天草店,サービス,飲食業,2%
熊本県,天草市,マクドナルド３２４本渡店,サービス,飲食業,2%
熊本県,天草市,マツヤスポーツ,小売業,総合（非専門）,5%
熊本県,天草市,合資会社丸三電器,小売業,電化製品,5%
熊本県,天草市,水の平焼,その他業種,ー,5%
熊本県,天草市,光延農園,小売業,その他小売,5%
熊本県,天草市,三葉旅館,サービス,宿泊業,5%
熊本県,天草市,港町ＳＳ,小売業,ガソリンスタンド,2%
熊本県,天草市,焼肉なべしま 天草店,サービス,飲食業,5%
熊本県,天草市,有限会社家具プラザ山下,小売業,家具・調度品,5%
熊本県,天草市,有限会社イタガキ,その他業種,ー,5%
熊本県,天草市,有限会社本渡モータース,サービス,その他サービス,5%
熊本県,天草市,有限会社渡辺自動車,サービス,その他サービス,5%
熊本県,天草市,楽園珈琲,サービス,飲食業,5%
熊本県,天草市,楽園珈琲,サービス,飲食業,5%
熊本県,天草市,リカーフーズべっき,小売業,総合（非専門）,5%
熊本県,天草市,若松電化,小売業,電化製品,5%
熊本県,荒尾市,あっぱれ家荒尾,サービス,飲食業,5%
熊本県,荒尾市,セブン－イレブン荒尾打越店,小売業,食料品,2%
熊本県,荒尾市,セブン－イレブン荒尾金山店,小売業,食料品,2%
熊本県,荒尾市,セブン－イレブン荒尾蔵満店,小売業,食料品,2%
熊本県,荒尾市,セブン－イレブン荒尾市役所通り店,小売業,食料品,2%
熊本県,荒尾市,セブン－イレブン荒尾庄山店,小売業,食料品,2%
熊本県,荒尾市,セブン－イレブン荒尾野原店,小売業,食料品,2%
熊本県,荒尾市,セブン－イレブン荒尾東屋形店,小売業,食料品,2%
熊本県,荒尾市,セブン－イレブン荒尾本村店,小売業,食料品,2%
熊本県,荒尾市,セブン－イレブン荒尾緑ケ丘店,小売業,食料品,2%
熊本県,荒尾市,セブン－イレブン荒尾山の手店,小売業,食料品,2%
熊本県,荒尾市,セブン－イレブン荒尾四ツ山２丁目店,小売業,食料品,2%
熊本県,荒尾市,エステティックサロン シェ－ン,サービス,理容・美容業,5%
熊本県,荒尾市,ｅｆ ｈａｉｒｓｈｏｐ,サービス,理容・美容業,5%
熊本県,荒尾市,エンター珈琲,サービス,飲食業,5%
熊本県,荒尾市,オート・テック,サービス,その他サービス,5%
熊本県,荒尾市,株式会社荒尾自動車学園,サービス,その他サービス,5%
熊本県,荒尾市,さくら不動産,サービス,その他サービス,5%
熊本県,荒尾市,桜山ＳＳ,小売業,ガソリンスタンド,2%
熊本県,荒尾市,三巧時計眼鏡店,小売業,その他小売,5%
熊本県,荒尾市,しゃぶ厘 しゃぶ厘,サービス,飲食業,5%
熊本県,荒尾市,社労士事務所ＮＯＡＨ,サービス,その他サービス,5%
熊本県,荒尾市,旬彩グリルソラリ,サービス,飲食業,5%
熊本県,荒尾市,スクデット,サービス,理容・美容業,5%
熊本県,荒尾市,整体整顔足管理 ＨＩＲＯ,その他業種,ー,5%
熊本県,荒尾市,セブンプラザ野原店,小売業,電化製品,5%
熊本県,荒尾市,セルフステーションアクシス荒尾,小売業,ガソリンスタンド,2%
熊本県,荒尾市,総合衣料アサヒダ,小売業,衣料品,5%
熊本県,荒尾市,ｔａｉｌｓ ｈａｉｒ,サービス,理容・美容業,5%
熊本県,荒尾市,電’Ｓ井川,小売業,電化製品,5%
熊本県,荒尾市,電’ｓ栗山電気店,小売業,電化製品,5%
熊本県,荒尾市,ＴＯＭＯ,小売業,その他小売,5%
熊本県,荒尾市,美容ピュア荒尾店,サービス,理容・美容業,5%
熊本県,荒尾市,ヒライ荒尾店,小売業,食料品,5%
熊本県,荒尾市,平山印房,サービス,その他サービス,5%
熊本県,荒尾市,ＢＯＯＫＳあんとくあらお店,小売業,書籍・玩具・音楽ＣＤ,5%
熊本県,荒尾市,ＢＬＵＥＭＯＯＮ,サービス,その他サービス,5%
熊本県,荒尾市,ＢＬＵＥ ＭＯＯＮ ＢＬＵＥ ＭＯＯＮ,サービス,その他サービス,5%
熊本県,荒尾市,Ｕｎｉｑｕｅ,サービス,理容・美容業,5%
熊本県,荒尾市,ボディバランスココ,サービス,理容・美容業,5%
熊本県,荒尾市,マクドナルド荒尾ゆめタウン店,サービス,飲食業,2%
熊本県,荒尾市,マクドナルド有明プラザ店,サービス,飲食業,2%
熊本県,荒尾市,マクドナルドグリーンランド店,サービス,飲食業,2%
熊本県,荒尾市,明林堂書店ゆめタウンあらお店,小売業,その他小売,5%
熊本県,荒尾市,ｍｏｃａ ｃａｆｅ,サービス,飲食業,5%
熊本県,荒尾市,ｍｏｃａ ｃａｆｅ ｍｏｃａ ｃａｆｅ,サービス,飲食業,5%
熊本県,荒尾市,祐菓子,サービス,飲食業,5%
熊本県,荒尾市,吉田 安夫,小売業,その他小売,5%
熊本県,荒尾市,ｗｉｌｄｓｔｒａｗｂｅｒｒｙ,サービス,理容・美容業,5%
熊本県,荒尾市,Ｗａｎ ｌｏｖｅ,サービス,その他サービス,5%
熊本県,五木村,五木ＳＳ,小売業,ガソリンスタンド,2%
熊本県,五木村,いつき電化サロン,小売業,電化製品,5%
熊本県,五木村,渓流ヴィラＩＴＳＵＫＩ,サービス,宿泊業,5%
熊本県,五木村,早田石油いつきＳＳ,小売業,ガソリンスタンド,2%
熊本県,宇城市,一休本舗 松橋店,小売業,食料品,5%
熊本県,宇城市,威風堂々松橋,サービス,飲食業,5%
熊本県,宇城市,セブンーイレブン宇城きらら１丁目店,小売業,食料品,2%
熊本県,宇城市,セブンーイレブン宇城不知火店,小売業,食料品,2%
熊本県,宇城市,セブン－イレブン宇城豊野町山崎店,小売業,食料品,2%
熊本県,宇城市,セブン－イレブン宇城氷川インター入口店,小売業,食料品,2%
熊本県,宇城市,セブン－イレブン宇城松橋久具店,小売業,食料品,2%
熊本県,宇城市,セブンーイレブン宇城松橋南田店,小売業,食料品,2%
熊本県,宇城市,セブン－イレブン宇城南豊崎店,小売業,食料品,2%
熊本県,宇城市,元気焼肉 ＯＨ！スマイル,サービス,飲食業,5%
熊本県,宇城市,セブン－イレブン小川江頭店,小売業,食料品,2%
熊本県,宇城市,小川ＳＳ,小売業,ガソリンスタンド,2%
熊本県,宇城市,小川ＳＳ,小売業,ガソリンスタンド,2%
熊本県,宇城市,お仏壇・墓石の千寿松橋店,小売業,その他小売,5%
熊本県,宇城市,くまもと菓房松橋店,小売業,食料品,5%
熊本県,宇城市,熊本トヨタ自動車宇城店,小売業,その他小売,5%
熊本県,宇城市,熊本トヨペット宇城店,小売業,その他小売,5%
熊本県,宇城市,セブン－イレブン熊本松橋東店,小売業,食料品,2%
熊本県,宇城市,熊本ヤクルト 小川センター,小売業,食料品,5%
熊本県,宇城市,クランベリー美容室,サービス,理容・美容業,5%
熊本県,宇城市,光学堂メガネ店,小売業,その他小売,5%
熊本県,宇城市,合資会社 松本硝子店,小売業,その他小売,5%
熊本県,宇城市,小倉興産ロジサービス 熊本営業所,小売業,その他小売,5%
熊本県,宇城市,ＫＯＲＩＫＡ,その他業種,ー,5%
熊本県,宇城市,財木屋商店ざいぎやでんか,小売業,電化製品,5%
熊本県,宇城市,十徳や 松橋店,サービス,飲食業,5%
熊本県,宇城市,セレモニーやまおく宇土,小売業,その他小売,5%
熊本県,宇城市,タノウエ電器,小売業,電化製品,5%
熊本県,宇城市,でんきハウスナカヤ,小売業,電化製品,5%
熊本県,宇城市,豊福ＳＳ,小売業,ガソリンスタンド,2%
熊本県,宇城市,ビーライン 松橋店,小売業,その他小売,5%
熊本県,宇城市,ヒライ小川店,小売業,食料品,5%
熊本県,宇城市,ヒライ松橋中央店,小売業,食料品,5%
熊本県,宇城市,ＨａｉｒＰｒｏｄｕｃｅＦａｍ,サービス,理容・美容業,5%
熊本県,宇城市,ＢＶＥ 小川店 ー 油外 ー,小売業,ガソリンスタンド,2%
熊本県,宇城市,マクドナルド３号線小川町店,サービス,飲食業,2%
熊本県,宇城市,松橋給油所,小売業,ガソリンスタンド,2%
熊本県,宇城市,松橋中央給油所,小売業,ガソリンスタンド,2%
熊本県,宇城市,明林堂書店松橋店,小売業,その他小売,5%
熊本県,宇城市,ＭＥＬＴ,小売業,その他小売,5%
熊本県,宇城市,焼肉なべしま 松橋店,サービス,飲食業,5%
熊本県,宇城市,有限会社うさぎのかごや,サービス,運輸業,5%
熊本県,宇城市,リカー＆フーズうえむら,小売業,総合（非専門）,5%
熊本県,宇城市,ＲＥＣＴＯ美容室,サービス,理容・美容業,5%
熊本県,宇城市,レストランルボンヌ,サービス,飲食業,5%
熊本県,宇城市,レディクレア,サービス,理容・美容業,5%
熊本県,宇土市,一休本舗 宇土店,小売業,食料品,5%
熊本県,宇土市,出光加納商店走潟ＳＳ,小売業,ガソリンスタンド,2%
熊本県,宇土市,宇土ＳＳ,小売業,ガソリンスタンド,2%
熊本県,宇土市,セブン－イレブン宇土馬之瀬町店,小売業,食料品,2%
熊本県,宇土市,宇土駅前ＳＳ,小売業,ガソリンスタンド,2%
熊本県,宇土市,セブン－イレブン宇土城塚町店,小売業,食料品,2%
熊本県,宇土市,宇土センターホテル,サービス,宿泊業,5%
熊本県,宇土市,宇土立岡ＳＳ,小売業,ガソリンスタンド,2%
熊本県,宇土市,セブン－イレブン宇土本町４丁目店,小売業,食料品,2%
熊本県,宇土市,セブン－イレブン宇土松山町店,小売業,食料品,2%
熊本県,宇土市,セブン－イレブン宇土南段原町店,小売業,食料品,2%
熊本県,宇土市,ＳＧ,サービス,その他サービス,5%
熊本県,宇土市,菓子工房リトルハウス,小売業,食料品,5%
熊本県,宇土市,キクチめがね宇土シティモール店,小売業,その他小売,5%
熊本県,宇土市,熊本ヤクルト 宇城センター,小売業,食料品,5%
熊本県,宇土市,合資会社きぬや呉服店,小売業,衣料品,5%
熊本県,宇土市,ＳＡＫＯＤＡ 熊本店,小売業,その他小売,5%
熊本県,宇土市,ＳＡＫＯＤＡ ホームファニシングス熊本店,小売業,その他小売,5%
熊本県,宇土市,田代電器,小売業,電化製品,5%
熊本県,宇土市,電気プラザアキタ,小売業,電化製品,5%
熊本県,宇土市,ヒライ宇土店,小売業,食料品,5%
熊本県,宇土市,ヘアーサロン トップヘアー２１,サービス,理容・美容業,5%
熊本県,宇土市,ヘアープロデュース ＪＡＰＡＮ,サービス,理容・美容業,5%
熊本県,宇土市,牧尾クリーニング,サービス,その他サービス,5%
熊本県,宇土市,マクドナルドクロス２１ＵＴＯ店,サービス,飲食業,2%
熊本県,宇土市,山本釣具センター 宇土店,小売業,その他小売,5%
熊本県,産山村,産山ＳＳ,小売業,ガソリンスタンド,2%
熊本県,大津町,大津ＳＳ,小売業,ガソリンスタンド,2%
熊本県,大津町,大津ＳＳ,小売業,ガソリンスタンド,2%
熊本県,大津町,大津バイパスＳＳ,小売業,ガソリンスタンド,2%
熊本県,大津町,株式会社佛壇の古屋鋪 大津店,小売業,家具・調度品,5%
熊本県,大津町,カレーハウスＣｏＣｏ壱番屋大津バイパス店,サービス,飲食業,2%
熊本県,大津町,セブン－イレブン熊本大津下町店,小売業,食料品,2%
熊本県,大津町,セブン－イレブン熊本大津郵便局前店,小売業,食料品,2%
熊本県,大津町,熊本トヨタ自動車大津店,小売業,その他小売,5%
熊本県,大津町,合同会社リゴウサービス 大津高校売店,小売業,食料品,5%
熊本県,大津町,炭火焼肉 縁花,サービス,飲食業,5%
熊本県,大津町,すみれ薬局熊本大津駅前,その他業種,ー,5%
熊本県,大津町,ダイニングキッチンちゃあ,サービス,飲食業,5%
熊本県,大津町,徳や十兵衛 大津店,サービス,飲食業,5%
熊本県,大津町,ドラッグ新生堂 大津店,小売業,その他小売,5%
熊本県,大津町,錦野ＳＳ,小売業,ガソリンスタンド,2%
熊本県,大津町,浜 食品,小売業,総合（非専門）,5%
熊本県,大津町,ピザテン・フォー 熊本大津店 ２,サービス,その他サービス,5%
熊本県,大津町,本格派痩身サロン美痩身～ｂｉｓｏｓｈｉｎ～,サービス,理容・美容業,5%
熊本県,大津町,ヒライ室店,小売業,食料品,5%
熊本県,大津町,ファミリー電器,小売業,電化製品,5%
熊本県,大津町,ファミリー電器,小売業,電化製品,5%
熊本県,大津町,ｂｌｕｅ，ｉｎｃ．,小売業,電化製品,5%
熊本県,大津町,ヘアーサロンＩＳＨＩＨＡＲＡ,サービス,理容・美容業,5%
熊本県,大津町,ホテルビスタ熊本空港,サービス,宿泊業,5%
熊本県,大津町,ホンダ工場前ＳＳ,小売業,ガソリンスタンド,2%
熊本県,大津町,真木ＳＳ,小売業,ガソリンスタンド,2%
熊本県,大津町,マクドナルド熊本大津店,サービス,飲食業,2%
熊本県,大津町,光多制服 大津店,小売業,衣料品,5%
熊本県,大津町,焼肉楠の家 大津店,サービス,飲食業,5%
熊本県,大津町,焼肉なべしま 大津店,サービス,飲食業,5%
熊本県,小国町,小国ＳＳ,小売業,ガソリンスタンド,2%
熊本県,小国町,おぐに天然食 ほこすぎ,サービス,飲食業,5%
熊本県,小国町,合資会社七福醤油店,小売業,食料品,5%
熊本県,小国町,高村電器,小売業,電化製品,5%
熊本県,小国町,杖立ＳＳ,小売業,ガソリンスタンド,2%
熊本県,小国町,杖立観光ホテルひぜんや,サービス,宿泊業,5%
熊本県,小国町,杖立渓流の宿 大自然,サービス,宿泊業,5%
熊本県,小国町,手打そば優心,サービス,飲食業,5%
熊本県,小国町,華柚,サービス,宿泊業,5%
熊本県,小国町,旅館山翠,サービス,宿泊業,5%
熊本県,小国町,旅館日田屋,サービス,宿泊業,5%
熊本県,嘉島町,セブン－イレブン嘉島上仲間店,小売業,食料品,2%
熊本県,嘉島町,セブン－イレブン嘉島バイパス店,小売業,食料品,2%
熊本県,嘉島町,トヨタ部品熊本共販本社営業所,その他業種,ー,5%
熊本県,嘉島町,ナンコウＳＳ,小売業,ガソリンスタンド,2%
熊本県,嘉島町,ホビーゾーン熊本店,小売業,書籍・玩具・音楽ＣＤ,5%
熊本県,嘉島町,マクドナルドイオンモール熊本店,サービス,飲食業,2%
熊本県,嘉島町,セブン－イレブン山鹿古閑店,小売業,食料品,2%
熊本県,嘉島町,セブン－イレブン山鹿嶋の本店,小売業,食料品,2%
熊本県,嘉島町,らーめん陽向,サービス,飲食業,5%
熊本県,上天草市,天草石油松島ＳＳ,小売業,ガソリンスタンド,2%
熊本県,上天草市,天草松島ＳＳ,小売業,ガソリンスタンド,2%
熊本県,上天草市,今泉ＳＳ,小売業,ガソリンスタンド,2%
熊本県,上天草市,海彩,サービス,飲食業,5%
熊本県,上天草市,セブン－イレブン上天草大矢野上店,小売業,食料品,2%
熊本県,上天草市,セブン－イレブン上天草大矢野中店,小売業,食料品,2%
熊本県,上天草市,川島屋 川島屋２号橋店,小売業,その他小売,5%
熊本県,上天草市,白岳北ＳＳ,小売業,ガソリンスタンド,2%
熊本県,上天草市,天風庵 ピープル,サービス,宿泊業,5%
熊本県,上天草市,トータル電器,小売業,電化製品,5%
熊本県,上天草市,登立ＳＳ,小売業,ガソリンスタンド,2%
熊本県,上天草市,バーバーショップ一海,サービス,理容・美容業,5%
熊本県,上天草市,美容室ＳＫＩＰ,サービス,理容・美容業,5%
熊本県,上天草市,ヒライ天草２号橋店,小売業,食料品,5%
熊本県,上天草市,ヒライ大矢野店,小売業,食料品,5%
熊本県,上天草市,Ｆｅｓｔａ ｄｅｌ ｍａｒｅ,サービス,飲食業,5%
熊本県,上天草市,二間戸ＳＳ,小売業,ガソリンスタンド,2%
熊本県,上天草市,ホテル松泉閣ろまん館,サービス,宿泊業,5%
熊本県,上天草市,松岡真珠,小売業,貴金属・服飾品,5%
熊本県,上天草市,松島ＳＳ,小売業,ガソリンスタンド,2%
熊本県,上天草市,山本釣具センター 大矢野店,小売業,その他小売,5%
熊本県,上天草市,有限会社ニシカワ,小売業,衣料品,5%
熊本県,上天草市,有限会社東川自動車 有限会社 東川自動車,サービス,その他サービス,5%
熊本県,上天草市,龍ヶ岳ＳＳ,小売業,ガソリンスタンド,2%
熊本県,菊池市,伊萩ＳＳ,小売業,ガソリンスタンド,2%
熊本県,菊池市,Ａコープ旭志,小売業,総合（非専門）,5%
熊本県,菊池市,ＦＡＤ建築事務所,サービス,その他サービス,5%
熊本県,菊池市,エフスタイル,サービス,その他サービス,5%
熊本県,菊池市,セブン－イレブン菊池七城甲佐町店,小売業,食料品,2%
熊本県,菊池市,セブン－イレブン菊池中央店,小売業,食料品,2%
熊本県,菊池市,セブン－イレブン菊池西寺店,小売業,食料品,2%
熊本県,菊池市,セブン－イレブン菊池花房台店,小売業,食料品,2%
熊本県,菊池市,九州セブン観光バス,サービス,その他サービス,5%
熊本県,菊池市,ＫＩＹＯＲＡきくち,サービス,その他サービス,5%
熊本県,菊池市,グッデイ 菊池店,小売業,その他小売,5%
熊本県,菊池市,株式会社サンデーファーム,サービス,その他サービス,5%
熊本県,菊池市,セブン－イレブン泗水田島店,小売業,食料品,2%
熊本県,菊池市,セブン－イレブン泗水富の原店,小売業,食料品,2%
熊本県,菊池市,セブン－イレブン泗水吉富店,小売業,食料品,2%
熊本県,菊池市,七城ＳＳ,小売業,ガソリンスタンド,2%
熊本県,菊池市,十徳や 菊池店,サービス,飲食業,5%
熊本県,菊池市,新中華 菊池中央店,サービス,飲食業,5%
熊本県,菊池市,デンキのもりやま,小売業,電化製品,5%
熊本県,菊池市,でんきハウス イワシタ,小売業,電化製品,5%
熊本県,菊池市,中尾金物店,小売業,電化製品,5%
熊本県,菊池市,なかやま電器,小売業,電化製品,5%
熊本県,菊池市,日新電機商会,小売業,電化製品,5%
熊本県,菊池市,ひえだデンキ,小売業,電化製品,5%
熊本県,菊池市,ピザテン・フォー 熊本菊池店 ２,サービス,その他サービス,5%
熊本県,菊池市,ヒライキャニオン菊池店,小売業,食料品,5%
熊本県,菊池市,古本デンキ商会,小売業,電化製品,5%
熊本県,菊池市,ペンション花の木,サービス,宿泊業,5%
熊本県,菊池市,光多制服 菊池店,小売業,衣料品,5%
熊本県,菊池市,宮本電興社,小売業,電化製品,5%
熊本県,菊池市,有限会社佐とう製茶マルショク泗水店,その他業種,ー,5%
熊本県,菊池市,有限会社花房自動車,サービス,その他サービス,5%
熊本県,菊池市,隈府ＳＳ,小売業,ガソリンスタンド,2%
熊本県,菊池市,室客室露天風呂付 ペットと泊まれる宿 Ｗａ！王国狗の郷,サービス,宿泊業,5%
熊本県,菊池市,渡辺商店,小売業,食料品,5%
熊本県,菊陽町,藍ｎｅｋｏ屋,小売業,衣料品,5%
熊本県,菊陽町,ＡＳＳＯＲＴ,サービス,理容・美容業,5%
熊本県,菊陽町,アロマハ－ブカレッジ ルク－ル,小売業,衣料品,5%
熊本県,菊陽町,お仏壇・墓石の千寿菊陽店,小売業,その他小売,5%
熊本県,菊陽町,セブン－イレブン菊陽沖野２丁目店,小売業,食料品,2%
熊本県,菊陽町,セブン－イレブン菊陽境松店,小売業,食料品,2%
熊本県,菊陽町,セブン－イレブン菊陽新山１丁目店,小売業,食料品,2%
熊本県,菊陽町,セブンーイレブン菊陽津久礼店,小売業,食料品,2%
熊本県,菊陽町,菊陽バイパスＳＳ,小売業,ガソリンスタンド,2%
熊本県,菊陽町,菊陽バイパスＳＳ,小売業,ガソリンスタンド,2%
熊本県,菊陽町,セブン－イレブン菊陽バイパス店,小売業,食料品,2%
熊本県,菊陽町,セブン－イレブン菊陽原水店,小売業,食料品,2%
熊本県,菊陽町,空港通りＳＳ 有限会社高木石油,小売業,ガソリンスタンド,2%
熊本県,菊陽町,セブン－イレブン熊本合志店,小売業,食料品,2%
熊本県,菊陽町,熊本トヨペット 菊陽店,小売業,その他小売,5%
熊本県,菊陽町,熊本トヨペットＢｅＭａＸ光の森店,小売業,その他小売,5%
熊本県,菊陽町,熊本ヤクルト 菊陽センター,小売業,食料品,5%
熊本県,菊陽町,グランド工房 東熊本店,小売業,その他小売,5%
熊本県,菊陽町,ぐるぐる倉庫 菊陽店,小売業,その他小売,5%
熊本県,菊陽町,ケイズコーヒー,小売業,その他小売,5%
熊本県,菊陽町,酒菜 居路里 光の森店,サービス,飲食業,5%
熊本県,菊陽町,ＳｔｕｄｉｏＧＲＥＡＭ,サービス,その他サービス,5%
熊本県,菊陽町,ＳＴＥＡＫ ＢＡＲ ＧＡＢＵＲＩ ステーキバー ガブリ,サービス,飲食業,5%
熊本県,菊陽町,生活彩家尚絅大学武蔵ヶ丘店,小売業,総合（非専門）,2%
熊本県,菊陽町,セルフ菊陽ＳＳ,小売業,ガソリンスタンド,2%
熊本県,菊陽町,田崎給油所,小売業,ガソリンスタンド,2%
熊本県,菊陽町,ＴＪ天気予報 熊本店,サービス,理容・美容業,5%
熊本県,菊陽町,デサキ熊本菊陽店,小売業,その他小売,5%
熊本県,菊陽町,鉄板 ＨＡＣＨＩＲＯＫＵ 光の森,サービス,飲食業,5%
熊本県,菊陽町,Ｄｕｎｅ ｍｏｔｏ,小売業,その他小売,5%
熊本県,菊陽町,てんしの森,サービス,飲食業,5%
熊本県,菊陽町,東京・銀座リエジュ 菊陽店,小売業,貴金属・服飾品,5%
熊本県,菊陽町,野田家具 花ゆら,小売業,家具・調度品,5%
熊本県,菊陽町,ＰＡＢＬＯ ｍｉｎｉ ゆめタウン光の森店,サービス,飲食業,5%
熊本県,菊陽町,光の森ＳＳ,小売業,ガソリンスタンド,2%
熊本県,菊陽町,日焼けサロン Ｂ?ＤＡＳＨ,サービス,その他サービス,5%
熊本県,菊陽町,ヒライ菊陽バイパス店,小売業,食料品,5%
熊本県,菊陽町,ファインヘアー,サービス,理容・美容業,5%
熊本県,菊陽町,フレッシュパーク,小売業,食料品,5%
熊本県,菊陽町,Ｈａｉｒ ｉｎ Ｑｕｅｓｔ,サービス,理容・美容業,5%
熊本県,菊陽町,Ｈａｉｒ＆ＤｅｓｉｇｎＰｒｉｍｏ,サービス,理容・美容業,5%
熊本県,菊陽町,ｍｙｃｈａｉｒｂｏｏｋｓ,小売業,書籍・玩具・音楽ＣＤ,5%
熊本県,菊陽町,マクドナルドイオン菊陽店,サービス,飲食業,2%
熊本県,菊陽町,マクドナルド菊陽光の森店,サービス,飲食業,2%
熊本県,菊陽町,マクドナルド光の森ゆめタウン店,サービス,飲食業,2%
熊本県,菊陽町,まるふくモータース,その他業種,ー,5%
熊本県,菊陽町,光多制服 光の森店,小売業,衣料品,5%
熊本県,菊陽町,無法松 熊本インター店,小売業,その他小売,5%
熊本県,菊陽町,メガネの大宝堂 光の森店,小売業,その他小売,5%
熊本県,菊陽町,メガネの大宝堂 光の森店,小売業,その他小売,5%
熊本県,菊陽町,麺許皆伝津久礼店,サービス,飲食業,5%
熊本県,菊陽町,ゆめタウン光の森コスメティックオオツカアルビオン,サービス,理容・美容業,5%
熊本県,菊陽町,ゆめタウン光の森コスメティックオオツカデコルテ・ジルスチュアート,サービス,理容・美容業,5%
熊本県,菊陽町,ゆめタウン光の森ハビタ光の森店,サービス,理容・美容業,5%
熊本県,菊陽町,夜カフェ６,サービス,飲食業,5%
熊本県,菊陽町,リラクゼーションサロン Ｌｉｌａｃ リラクゼーションサロン Ｌｉｌａｃ,サービス,理容・美容業,5%
熊本県,玉東町,セブン－イレブン玉東山口店,小売業,食料品,2%
熊本県,玉東町,コノＣＡＦＥ,サービス,飲食業,5%
熊本県,玉東町,タカキ電器,小売業,電化製品,5%
熊本県,玉東町,西川自動車株式会社,サービス,その他サービス,5%
熊本県,玉東町,ぷらっとぎょくとう ぷらっとぎょくとう,小売業,食料品,5%
熊本県,球磨村,神瀬ＳＳ,小売業,ガソリンスタンド,2%
熊本県,球磨村,Ｒａｆｔｉｎｇ ＮａｕｇｈｔｙＢｏｙｓ ラフティング ノーティーボーイズ,サービス,その他サービス,5%
熊本県,球磨村,ラフティングノーティーボーイズ,サービス,その他サービス,5%
熊本県,熊本市,ＡＲＣＨ ｏｆ ｈａｉｒ ｋｕｍａｍｏｔｏ,サービス,理容・美容業,5%
熊本県,熊本市,アイウエアショップ Ｖｉｓｉｏ,小売業,その他小売,5%
熊本県,熊本市,アイ・エヌ・ジー,小売業,その他小売,5%
熊本県,熊本市,ＡＩセルフうえき,小売業,ガソリンスタンド,2%
熊本県,熊本市,ａｉｌｌｕｇｉｂ,小売業,衣料品,5%
熊本県,熊本市,麻生田ＳＳ,小売業,ガソリンスタンド,2%
熊本県,熊本市,アトリエ・シゲスミス,小売業,貴金属・服飾品,5%
熊本県,熊本市,ＡＮＥＬ,その他業種,ー,5%
熊本県,熊本市,ＡＢＵＲＩＹＡ 熊本店,サービス,飲食業,5%
熊本県,熊本市,ＡＬＭＡ,サービス,理容・美容業,5%
熊本県,熊本市,アロマセラピー・ｆｏｏｃａ,サービス,その他サービス,5%
熊本県,熊本市,アンデス物産,小売業,その他小売,5%
熊本県,熊本市,井川電気商会,小売業,電化製品,5%
熊本県,熊本市,イデックスセルフ植木,小売業,ガソリンスタンド,2%
熊本県,熊本市,出光託麻ＳＳ,小売業,ガソリンスタンド,2%
熊本県,熊本市,出光田迎ＳＳ,小売業,ガソリンスタンド,2%
熊本県,熊本市,出光東バイパス御幸ＳＳ,小売業,ガソリンスタンド,2%
熊本県,熊本市,今田自動車工場,その他業種,ー,5%
熊本県,熊本市,いやし処ふぅふぅ,サービス,理容・美容業,5%
熊本県,熊本市,Ｉｎｓｐｉｒａｔｕ,その他業種,ー,5%
熊本県,熊本市,有限会社 ウイングナカヤマ,小売業,その他小売,5%
熊本県,熊本市,ＨＳＫ,サービス,その他サービス,5%
熊本県,熊本市,エクストールイン熊本銀座通,サービス,宿泊業,5%
熊本県,熊本市,エクストールイン熊本水前寺,サービス,宿泊業,5%
熊本県,熊本市,えこる熊本店,小売業,その他小売,5%
熊本県,熊本市,エステＷＡＭマリエール店,サービス,理容・美容業,5%
熊本県,熊本市,エフスタジオ,サービス,その他サービス,5%
熊本県,熊本市,エムクチュール,サービス,理容・美容業,5%
熊本県,熊本市,エリオットベイ,小売業,衣料品,5%
熊本県,熊本市,大阿蘇車体整備工場,サービス,その他サービス,5%
熊本県,熊本市,オートショップ ドルチェ,小売業,その他小売,5%
熊本県,熊本市,おかむら写真館,サービス,その他サービス,5%
熊本県,熊本市,おちゃいち山陽堂,小売業,食料品,5%
熊本県,熊本市,ｏｇｇｉＭＩＬＡＮＯ,小売業,衣料品,5%
熊本県,熊本市,おでん まつむら,サービス,飲食業,5%
熊本県,熊本市,お仏壇・墓石の千寿江津店,小売業,その他小売,5%
熊本県,熊本市,お仏壇・墓石の千寿ギャラリー伽羅店,小売業,その他小売,5%
熊本県,熊本市,お仏壇・墓石の千寿南高江店,小売業,その他小売,5%
熊本県,熊本市,株式会社オーリック,小売業,食料品,5%
熊本県,熊本市,ｋｅｒｎｅｌ,小売業,その他小売,5%
熊本県,熊本市,懐食 田しろ,サービス,飲食業,5%
熊本県,熊本市,かぎのパトロールカー０１,サービス,その他サービス,5%
熊本県,熊本市,カセル 熊本支店,その他業種,ー,5%
熊本県,熊本市,カットハウスモア上通店,サービス,理容・美容業,5%
熊本県,熊本市,カットハウスモア下通店,サービス,理容・美容業,5%
熊本県,熊本市,鹿子木ＳＳ,小売業,ガソリンスタンド,2%
熊本県,熊本市,ＢＡＲ Ｊｏｕｅｒ,サービス,飲食業,5%
熊本県,熊本市,ＣＡＦＥ ＬＩＳＴＡ,サービス,その他サービス,5%
熊本県,熊本市,株式会社 糸久,小売業,衣料品,5%
熊本県,熊本市,上代ＳＳ,小売業,ガソリンスタンド,2%
熊本県,熊本市,河内ＳＳ,小売業,ガソリンスタンド,2%
熊本県,熊本市,川口ＳＳ,小売業,ガソリンスタンド,2%
熊本県,熊本市,河内ＳＳ,小売業,ガソリンスタンド,2%
熊本県,熊本市,河内ＳＳ,小売業,ガソリンスタンド,2%
熊本県,熊本市,Ｑｅｅ,小売業,衣料品,5%
熊本県,熊本市,きものと洋品 タクマ,小売業,衣料品,5%
熊本県,熊本市,キャピッククマモト,その他業種,ー,5%
熊本県,熊本市,キャンマークステーション,小売業,衣料品,5%
熊本県,熊本市,清田自動車 ＢＰセンター,サービス,その他サービス,5%
熊本県,熊本市,清田自動車 本店,サービス,その他サービス,5%
熊本県,熊本市,キンコーズ熊本市役所前店,サービス,その他サービス,5%
熊本県,熊本市,熊本インターＳＳ,小売業,ガソリンスタンド,2%
熊本県,熊本市,熊本インターＳＳ,小売業,ガソリンスタンド,2%
熊本県,熊本市,熊本おひさま校,サービス,その他サービス,5%
熊本県,熊本市,熊本グリーンホテル,サービス,宿泊業,5%
熊本県,熊本市,熊本県物産館 １,小売業,食料品,5%
熊本県,熊本市,熊本県物産館 ３,小売業,食料品,5%
熊本県,熊本市,熊本県物産館 ２,小売業,食料品,5%
熊本県,熊本市,熊本県物産館 ４,小売業,食料品,5%
熊本県,熊本市,熊本タクシー株式会社,サービス,運輸業,5%
熊本県,熊本市,熊本トヨペット 本社,小売業,その他小売,5%
熊本県,熊本市,クラン雑貨店 新外,小売業,その他小売,5%
熊本県,熊本市,グリーンチェッカー迎町ＳＳ,小売業,ガソリンスタンド,2%
熊本県,熊本市,ぐるぐる倉庫 植木店,小売業,その他小売,5%
熊本県,熊本市,ぐるぐる倉庫熊本店,小売業,その他小売,5%
熊本県,熊本市,健軍ＳＳ,小売業,ガソリンスタンド,2%
熊本県,熊本市,県庁通りＳＳ,小売業,ガソリンスタンド,2%
熊本県,熊本市,上妻八百屋,小売業,食料品,5%
熊本県,熊本市,個人 今村（良）タクシー,サービス,運輸業,5%
熊本県,熊本市,個人タクシー 古閑,サービス,運輸業,5%
熊本県,熊本市,個人 藤岡（勝）タクシー,サービス,運輸業,5%
熊本県,熊本市,個人 森田タクシー,サービス,運輸業,5%
熊本県,熊本市,コトリーブ,サービス,理容・美容業,5%
熊本県,熊本市,小料理 ひとくち,サービス,飲食業,5%
熊本県,熊本市,ＣＯＮＦＩＡＮＣＥ,小売業,衣料品,5%
熊本県,熊本市,ＺＩＯＮ,小売業,その他小売,5%
熊本県,熊本市,サイクルショップＷＢＬ,小売業,その他小売,5%
熊本県,熊本市,斉藤時計店,小売業,貴金属・服飾品,5%
熊本県,熊本市,坂田自動車商会,小売業,その他小売,5%
熊本県,熊本市,さくら塗装,その他業種,ー,5%
熊本県,熊本市,ＴＨＥ ＳＵＮＳＨＩＮＥ＆ＬＯＶＥＲＳ,サービス,理容・美容業,5%
熊本県,熊本市,ザ ランチ,小売業,衣料品,5%
熊本県,熊本市,サンエス設備機器株式会社,小売業,その他小売,5%
熊本県,熊本市,サンゴルフ,小売業,その他小売,5%
熊本県,熊本市,ＪＫＰｌａｎｅｔ熊本上通店,小売業,貴金属・服飾品,5%
熊本県,熊本市,島崎ＳＳ,小売業,ガソリンスタンド,2%
熊本県,熊本市,清水ＳＳ,小売業,ガソリンスタンド,2%
熊本県,熊本市,シモカワ 子飼店,小売業,その他小売,5%
熊本県,熊本市,Ｓｈａｎｔｉ,サービス,理容・美容業,5%
熊本県,熊本市,ジョイフル恵利熊本,サービス,その他サービス,5%
熊本県,熊本市,城東町ＳＳ,小売業,ガソリンスタンド,2%
熊本県,熊本市,城南ＳＳ,小売業,ガソリンスタンド,2%
熊本県,熊本市,白金 西熊本店,サービス,理容・美容業,5%
熊本県,熊本市,ビューティ＆リラクｓｗｉｔｃｈ,サービス,理容・美容業,5%
熊本県,熊本市,水道町ＳＳ,小売業,ガソリンスタンド,2%
熊本県,熊本市,スタジオデイズ,サービス,その他サービス,5%
熊本県,熊本市,銭塘ＳＳ,小売業,ガソリンスタンド,2%
熊本県,熊本市,セルフ植木給油所,小売業,ガソリンスタンド,2%
熊本県,熊本市,セルフ画図ＳＳ,小売業,ガソリンスタンド,2%
熊本県,熊本市,セルフステーション川尻,小売業,ガソリンスタンド,2%
熊本県,熊本市,セルフステーション熊本インター,小売業,ガソリンスタンド,2%
熊本県,熊本市,セルフ富合ＳＳ,小売業,ガソリンスタンド,2%
熊本県,熊本市,セルフ野口ＳＳ,小売業,ガソリンスタンド,2%
熊本県,熊本市,熊本総合市場ＳＳ,小売業,ガソリンスタンド,2%
熊本県,熊本市,染元 大総,小売業,その他小売,5%
熊本県,熊本市,第２サンライズホテル,サービス,宿泊業,5%
熊本県,熊本市,託麻薬房,小売業,その他小売,5%
熊本県,熊本市,セルフ田底ＳＳ,小売業,ガソリンスタンド,2%
熊本県,熊本市,竜田ＳＳ,小売業,ガソリンスタンド,2%
熊本県,熊本市,田原坂Ｓ ＳＳ,小売業,ガソリンスタンド,2%
熊本県,熊本市,タマユラ,小売業,貴金属・服飾品,5%
熊本県,熊本市,田迎ＳＳ,小売業,ガソリンスタンド,2%
熊本県,熊本市,ｔｅａｑｕｅ ｈａｉｒ ａｔｅｌｉｅｒ,サービス,理容・美容業,5%
熊本県,熊本市,中国四川料理 秀峰 本店,サービス,飲食業,5%
熊本県,熊本市,築地ＳＳ,小売業,ガソリンスタンド,2%
熊本県,熊本市,月出ＳＳ,小売業,ガソリンスタンド,2%
熊本県,熊本市,鶴重,サービス,飲食業,5%
熊本県,熊本市,ＴＭファクトリー,サービス,その他サービス,5%
熊本県,熊本市,ＤＩＳＣＯＶＥＲ ＢＡＬＬＯＯＮ,小売業,書籍・玩具・音楽ＣＤ,5%
熊本県,熊本市,Ｔ－ＦＬＯＷＥＲＳＧＩＦＴ＆ＣＡＦＥ,サービス,飲食業,5%
熊本県,熊本市,Ｔ－ＦＬＯＷＥＲＳ,小売業,その他小売,5%
熊本県,熊本市,デコラーレ,小売業,食料品,5%
熊本県,熊本市,ｔｅｒｒａ,小売業,衣料品,5%
熊本県,熊本市,デルソル,小売業,衣料品,5%
熊本県,熊本市,でんきのサントップ 城南店,小売業,電化製品,5%
熊本県,熊本市,天明ＳＳ,小売業,ガソリンスタンド,2%
熊本県,熊本市,東京神田屋,小売業,貴金属・服飾品,5%
熊本県,熊本市,東京神田屋,小売業,貴金属・服飾品,5%
熊本県,熊本市,トータルスタジオフォセット イオンタウン西熊本店,サービス,その他サービス,5%
熊本県,熊本市,トータルスタジオフォセット 東バイパス店,サービス,その他サービス,5%
熊本県,熊本市,トータルビューティーサロンベリーナ,サービス,理容・美容業,5%
熊本県,熊本市,ＴＲＵＣＫ,サービス,理容・美容業,5%
熊本県,熊本市,とりにてぃーへあーすたじお,サービス,理容・美容業,5%
熊本県,熊本市,９ ｈａｉｒ ｄｅｓｉｇｎ,サービス,理容・美容業,5%
熊本県,熊本市,中川輪業,小売業,その他小売,5%
熊本県,熊本市,長嶺ＳＳ 有限会社松村興産,小売業,ガソリンスタンド,2%
熊本県,熊本市,西浦,サービス,その他サービス,5%
熊本県,熊本市,にじの葬祭,サービス,その他サービス,5%
熊本県,熊本市,ＮＩＦＴＹａｕｚｚ,サービス,理容・美容業,5%
熊本県,熊本市,ＮＩＦＴＹｃｈｉｒｅｎ,サービス,理容・美容業,5%
熊本県,熊本市,ｎｉｍｓｐａ,サービス,その他サービス,5%
熊本県,熊本市,Ｎｅｗ Ｗａｖｅ ＴＥＴＥ 上通店,サービス,理容・美容業,5%
熊本県,熊本市,Ｎｅｗ Ｗａｖｅ ＴＥＴＥ 下通店,サービス,理容・美容業,5%
熊本県,熊本市,ネオクリエイト,サービス,その他サービス,5%
熊本県,熊本市,猫ちゃタクシー,サービス,運輸業,5%
熊本県,熊本市,ノックフー福来楼,小売業,衣料品,5%
熊本県,熊本市,はいさい,サービス,理容・美容業,5%
熊本県,熊本市,バウライン,サービス,その他サービス,5%
熊本県,熊本市,株式会社バカンスプロジェクト,サービス,その他サービス,5%
熊本県,熊本市,萩原町ＳＳ,小売業,ガソリンスタンド,2%
熊本県,熊本市,八景水谷ＳＳ,小売業,ガソリンスタンド,2%
熊本県,熊本市,橋口石彫工業 富合店,小売業,その他小売,5%
熊本県,熊本市,畠口ＳＳ,小売業,ガソリンスタンド,2%
熊本県,熊本市,ＢＡＣＫＷＯＯＤＳ,小売業,衣料品,5%
熊本県,熊本市,パディーマーケット,小売業,総合（非専門）,5%
熊本県,熊本市,ハナヤスポーツ,小売業,その他小売,5%
熊本県,熊本市,ハヤカワスポーツ上通本店,小売業,その他小売,5%
熊本県,熊本市,薔薇亭,サービス,飲食業,5%
熊本県,熊本市,明屋書店サンロードシティ熊本店,小売業,書籍・玩具・音楽ＣＤ,5%
熊本県,熊本市,ハローデイさくらの森店,小売業,食料品,5%
熊本県,熊本市,ハローデイ長嶺店,小売業,食料品,5%
熊本県,熊本市,ハローデイ南熊本店,小売業,食料品,5%
熊本県,熊本市,ひぐちタクシー,サービス,運輸業,5%
熊本県,熊本市,肥後ト－ヨ－住器,小売業,その他小売,2%
熊本県,熊本市,Ｂ．ＴＵＢＥ,小売業,衣料品,5%
熊本県,熊本市,ビュ－ティ＆リラクｓｗｉｔｃｈ,サービス,理容・美容業,5%
熊本県,熊本市,ビューティポケット熊本店,小売業,その他小売,5%
熊本県,熊本市,美容総合ディーラー 三粧,小売業,その他小売,5%
熊本県,熊本市,広丁フォト,サービス,その他サービス,5%
熊本県,熊本市,ピンクピンク,小売業,衣料品,5%
熊本県,熊本市,ファーストフレームキュウシュウ,小売業,その他小売,5%
熊本県,熊本市,ファッションスポット ラヴィエ,小売業,衣料品,5%
熊本県,熊本市,ファッションマエダ,小売業,衣料品,5%
熊本県,熊本市,ＦａｍｉｌｙＰｌａｃｅ,サービス,理容・美容業,5%
熊本県,熊本市,風水倶楽部,その他業種,ー,5%
熊本県,熊本市,ＦＯＳＳＥＴＴＥ イオンタウン西熊本店,サービス,その他サービス,5%
熊本県,熊本市,ＦＯＳＳＥＴＴＥ 東バイパス店,サービス,その他サービス,5%
熊本県,熊本市,ＰＨＯＴＯＣＡＭＥＲＲＹ,小売業,衣料品,5%
熊本県,熊本市,ふぐの山田,サービス,飲食業,5%
熊本県,熊本市,プラムハウス,小売業,家具・調度品,5%
熊本県,熊本市,ＦＬＡＶＯＲ 尾ノ上店,小売業,衣料品,5%
熊本県,熊本市,ｆｌａｖｏｒ 本店,小売業,衣料品,5%
熊本県,熊本市,フレグランス ナオミ,小売業,衣料品,5%
熊本県,熊本市,ブローニュの森,小売業,食料品,5%
熊本県,熊本市,ＰＲＯＳＴ ＯＮＥ,小売業,その他小売,5%
熊本県,熊本市,ＨＡＩＲ ＤＥＳＩＧＮ ｉｉｎｅ,サービス,理容・美容業,5%
熊本県,熊本市,ヘアー オブ リンク,サービス,理容・美容業,5%
熊本県,熊本市,ヘアメイクル－ジュ鹿子木店,サービス,理容・美容業,5%
熊本県,熊本市,ヘア－メ－カ－ｎｏｖａ,サービス,理容・美容業,5%
熊本県,熊本市,ヘイスト オートモービル,サービス,その他サービス,5%
熊本県,熊本市,ＰＥＮＮＥＹ’Ｓ,小売業,衣料品,5%
熊本県,熊本市,ホームシックファニチャー,小売業,家具・調度品,5%
熊本県,熊本市,北部町ＳＳ,小売業,ガソリンスタンド,2%
熊本県,熊本市,ホテルオークス,サービス,宿泊業,5%
熊本県,熊本市,ホリスティックアニマルケア ポウ,小売業,その他小売,5%
熊本県,熊本市,ｗｈｉｔｅ ｓｔｏｎｅ,サービス,理容・美容業,5%
熊本県,熊本市,マクドナルド上熊本店,サービス,飲食業,2%
熊本県,熊本市,マクドナルド北熊本店,サービス,飲食業,2%
熊本県,熊本市,マクドナルド熊本日赤通り店,サービス,飲食業,2%
熊本県,熊本市,マクドナルド熊本東バイパス店,サービス,飲食業,2%
熊本県,熊本市,マクドナルド熊本平成大通り店,サービス,飲食業,2%
熊本県,熊本市,マクドナルド３号線植木店,サービス,飲食業,2%
熊本県,熊本市,マクドナルド３号線南高江店,サービス,飲食業,2%
熊本県,熊本市,マクドナルドサンピアンゆめタウン店,サービス,飲食業,2%
熊本県,熊本市,マクドナルド白山通り店,サービス,飲食業,2%
熊本県,熊本市,マクドナルド浜線バイパス店,サービス,飲食業,2%
熊本県,熊本市,マクドナルドはませんゆめタウン店,サービス,飲食業,2%
熊本県,熊本市,マクドナルド益城熊本空港インター店,サービス,飲食業,2%
熊本県,熊本市,マクドナルドゆめマート城山店,サービス,飲食業,2%
熊本県,熊本市,松尾ＳＳ,小売業,ガソリンスタンド,2%
熊本県,熊本市,マックドック,小売業,電化製品,5%
熊本県,熊本市,マツセ写真館,サービス,その他サービス,5%
熊本県,熊本市,まどパン,小売業,食料品,5%
熊本県,熊本市,ＭａｍａＡｎｇｅｌ＊ｓ,サービス,飲食業,5%
熊本県,熊本市,味噌天神店給油所,小売業,ガソリンスタンド,2%
熊本県,熊本市,光多制服 尾ノ上店,小売業,衣料品,5%
熊本県,熊本市,光多制服 川尻店,小売業,衣料品,5%
熊本県,熊本市,光多制服 神水店,小売業,衣料品,5%
熊本県,熊本市,光多制服 下通り店,小売業,衣料品,5%
熊本県,熊本市,光多制服 託麻店,小売業,衣料品,5%
熊本県,熊本市,南熊本中央ＳＳ,小売業,ガソリンスタンド,2%
熊本県,熊本市,村上（春）タクシー,サービス,運輸業,5%
熊本県,熊本市,村田正喜畳店,小売業,その他小売,5%
熊本県,熊本市,明林堂書店麻生田店,小売業,その他小売,5%
熊本県,熊本市,明林堂書店サンピアン店,小売業,その他小売,5%
熊本県,熊本市,明林堂書店長嶺店,小売業,その他小売,5%
熊本県,熊本市,明林堂書店白山店,小売業,その他小売,5%
熊本県,熊本市,明林堂書店武蔵ヶ丘店,小売業,その他小売,5%
熊本県,熊本市,メガネの大宝堂 上通本店,小売業,その他小売,5%
熊本県,熊本市,メガネの大宝堂 健軍店,小売業,その他小売,5%
熊本県,熊本市,メガネの２１ 三郎店,小売業,その他小売,5%
熊本県,熊本市,モイスティーヌ 平成大通りサロン,サービス,理容・美容業,5%
熊本県,熊本市,ＭＯＴＥＬ,小売業,衣料品,5%
熊本県,熊本市,焼鳥・鳥唐 えびす丸,サービス,飲食業,5%
熊本県,熊本市,焼肉楠の家 帯山店,サービス,飲食業,5%
熊本県,熊本市,焼肉なべしま 麻生田店,サービス,飲食業,5%
熊本県,熊本市,焼肉なべしま 上熊本店,サービス,飲食業,5%
熊本県,熊本市,焼肉なべしま 熊本インター店,サービス,飲食業,5%
熊本県,熊本市,焼肉なべしま 健軍店,サービス,飲食業,5%
熊本県,熊本市,焼肉なべしま 十禅寺店,サービス,飲食業,5%
熊本県,熊本市,焼肉なべしま 田井島店,サービス,飲食業,5%
熊本県,熊本市,焼肉なべしま 田崎店,サービス,飲食業,5%
熊本県,熊本市,ヤングプラザ丸伊,小売業,その他小売,5%
熊本県,熊本市,有限会社アール,小売業,その他小売,5%
熊本県,熊本市,有限会社ギフト百貨大黒屋,小売業,総合（非専門）,5%
熊本県,熊本市,熊飽車体,サービス,その他サービス,5%
熊本県,熊本市,弓削 ＳＳ,小売業,ガソリンスタンド,2%
熊本県,熊本市,ＵＮＩＯＮ ＥＸＣＨＡＮＧＥ,小売業,衣料品,5%
熊本県,熊本市,吉住塗装工場,その他業種,ー,5%
熊本県,熊本市,夜カフェ② 蓮台寺店,サービス,飲食業,5%
熊本県,熊本市,ラゲッジマーケット イワサキカバン,小売業,衣料品,5%
熊本県,熊本市,リオネットセンター長嶺,小売業,その他小売,5%
熊本県,熊本市,ＲｉｔｏＨＬｏｃｕｓ,その他業種,ー,5%
熊本県,熊本市,竜之介動物病院,サービス,その他サービス,5%
熊本県,熊本市,ＲＩＮＮＥ ｈａｉｒ＆ｍａｋｅ,サービス,理容・美容業,5%
熊本県,熊本市,ＲＯＫＵＲＯＫＵ,サービス,飲食業,5%
熊本県,熊本市,ワイズデイ,小売業,家具・調度品,5%
熊本県,熊本市,ｏｎｅ ｗｏｒｌｄ ｐｒｉｃｅ,小売業,衣料品,5%
熊本県,熊本市北区,ＥＹＥｓ,その他業種,ー,5%
熊本県,熊本市北区,アガぺむさし塚駅前薬局,小売業,その他小売,5%
熊本県,熊本市北区,Ａｎｖｉｎ,小売業,その他小売,5%
熊本県,熊本市北区,出光植木ＳＳ,小売業,ガソリンスタンド,2%
熊本県,熊本市北区,出光植木インターＳＳ,小売業,ガソリンスタンド,2%
熊本県,熊本市北区,セブン－イレブン植木岩野店,小売業,食料品,2%
熊本県,熊本市北区,セブン－イレブン植木インター店,小売業,食料品,2%
熊本県,熊本市北区,セブン－イレブン植木松原店,小売業,食料品,2%
熊本県,熊本市北区,セブン－イレブン植木宮原店,小売業,食料品,2%
熊本県,熊本市北区,ｕｒａｄａｎａｓｔｙｌｅｔｈｅｖｉｌｌａｇｅ,サービス,理容・美容業,5%
熊本県,熊本市北区,カレーハウスＣＯＣＯ壱番屋熊本植木店,サービス,飲食業,2%
熊本県,熊本市北区,カレーハウスＣＯＣＯ壱番屋熊本高平店,サービス,飲食業,2%
熊本県,熊本市北区,キナッセ植木店,小売業,衣料品,5%
熊本県,熊本市北区,グッデイ 植木店,小売業,その他小売,5%
熊本県,熊本市北区,靴のテヅカ 飛田店,小売業,衣料品,5%
熊本県,熊本市北区,セブン－イレブン熊本兎谷店,小売業,食料品,2%
熊本県,熊本市北区,セブン－イレブン熊本北津留団地前店,小売業,食料品,2%
熊本県,熊本市北区,セブン－イレブン熊本楠団地店,小売業,食料品,2%
熊本県,熊本市北区,セブン－イレブン熊本楠６丁目店,小売業,食料品,2%
熊本県,熊本市北区,セブン－イレブン熊本清水亀井店,小売業,食料品,2%
熊本県,熊本市北区,セブン－イレブン熊本清水新地３丁目店,小売業,食料品,2%
熊本県,熊本市北区,セブン－イレブン熊本清水バイパス店,小売業,食料品,2%
熊本県,熊本市北区,セブン－イレブン熊本清水本町店,小売業,食料品,2%
熊本県,熊本市北区,セブン－イレブン熊本下硯川店,小売業,食料品,2%
熊本県,熊本市北区,セブン－イレブン熊本新地団地前店,小売業,食料品,2%
熊本県,熊本市北区,セブン－イレブン熊本高平店,小売業,食料品,2%
熊本県,熊本市北区,セブン－イレブン熊本龍田小学校前店,小売業,食料品,2%
熊本県,熊本市北区,セブン－イレブン熊本龍田７丁目店,小売業,食料品,2%
熊本県,熊本市北区,セブン－イレブン熊本田原坂店,小売業,食料品,2%
熊本県,熊本市北区,セブン－イレブン熊本鶴羽田店,小売業,食料品,2%
熊本県,熊本市北区,熊本トヨペット 清水店,小売業,その他小売,5%
熊本県,熊本市北区,熊本トヨペット清水店,小売業,その他小売,5%
熊本県,熊本市北区,セブン－イレブン熊本飛田３丁目店,小売業,食料品,2%
熊本県,熊本市北区,セブン－イレブン熊本武蔵ヶ丘４丁目店,小売業,食料品,2%
熊本県,熊本市北区,セブン－イレブン熊本武蔵ケ丘６丁目店,小売業,食料品,2%
熊本県,熊本市北区,熊本ヤクルト 植木センター,小売業,食料品,5%
熊本県,熊本市北区,セブン－イレブン熊本四方寄町店,小売業,食料品,2%
熊本県,熊本市北区,玄窯,その他業種,ー,5%
熊本県,熊本市北区,元気もりもりダイニング武蔵ヶ丘店,小売業,食料品,5%
熊本県,熊本市北区,さかな屋えうら,小売業,食料品,5%
熊本県,熊本市北区,四季彩厨房はなうさぎ,サービス,飲食業,5%
熊本県,熊本市北区,手芸マキ ムサシプラザ店,小売業,その他小売,5%
熊本県,熊本市北区,照電社,小売業,電化製品,5%
熊本県,熊本市北区,スナップオンシントウ,小売業,その他小売,2%
熊本県,熊本市北区,セルフ植木給油所,小売業,ガソリンスタンド,2%
熊本県,熊本市北区,大漁居酒屋 えじま,サービス,飲食業,5%
熊本県,熊本市北区,ＴＡＯＣＡＦＥ,サービス,飲食業,5%
熊本県,熊本市北区,鷹の家旅館,サービス,宿泊業,5%
熊本県,熊本市北区,中古パソコン市場 光の森店,小売業,電化製品,5%
熊本県,熊本市北区,ディスカウントスーパーフクダ,小売業,総合（非専門）,5%
熊本県,熊本市北区,Ｔｉｃｋｌｅ,小売業,衣料品,5%
熊本県,熊本市北区,テラコッタ テラコッタ,小売業,食料品,5%
熊本県,熊本市北区,デリヘアー,サービス,理容・美容業,5%
熊本県,熊本市北区,セブン－イレブンテレビ熊本前店,小売業,食料品,2%
熊本県,熊本市北区,でんきハウスソノダ,小売業,電化製品,5%
熊本県,熊本市北区,でんきハウス村上,小売業,電化製品,5%
熊本県,熊本市北区,徳や十兵衛 堀川店,サービス,飲食業,5%
熊本県,熊本市北区,ドッグサロン リブズ,小売業,その他小売,5%
熊本県,熊本市北区,トヨタレンタリース熊本北熊本店,サービス,その他サービス,2%
熊本県,熊本市北区,鶏ぼし,サービス,飲食業,5%
熊本県,熊本市北区,中川輪業,小売業,その他小売,5%
熊本県,熊本市北区,農歩屋,小売業,衣料品,5%
熊本県,熊本市北区,ハウスサポーターズ,サービス,その他サービス,5%
熊本県,熊本市北区,ＨＡＰＰＹ ＴＩＭＥ ＤＩＲＥＣＴＩＯＮ ＨＡＰＰＹ ＴＩＭＥ ＤＩＲＥＣＴＩＯＮ麻生田店,小売業,家具・調度品,5%
熊本県,熊本市北区,花 花整骨院 花 花整骨院,サービス,その他サービス,5%
熊本県,熊本市北区,ビーライン 植木店,小売業,その他小売,5%
熊本県,熊本市北区,ＨＥＲＯ海 光の森店,サービス,飲食業,5%
熊本県,熊本市北区,ピザポケット 清水店,小売業,食料品,5%
熊本県,熊本市北区,ピザポケット 武蔵ヶ丘店,小売業,その他小売,5%
熊本県,熊本市北区,ひのき酵素風呂 和,サービス,その他サービス,5%
熊本県,熊本市北区,ヒライ麻生田店,小売業,食料品,5%
熊本県,熊本市北区,ヒライ植木店,小売業,食料品,5%
熊本県,熊本市北区,ヒライ清水バイパス店,小売業,食料品,5%
熊本県,熊本市北区,ヒライ硯川店,小売業,食料品,5%
熊本県,熊本市北区,ヒライ田原坂公園前店,小売業,食料品,5%
熊本県,熊本市北区,ＦＡＲＭＹ ＨＯＲＭＹ 光の森店,小売業,衣料品,5%
熊本県,熊本市北区,ｆｅｖｒｉｅｒ,小売業,その他小売,5%
熊本県,熊本市北区,ＦｌｏｗｅｒｓｈｏｐＧｒｅｅｎ＆Ｒｅｄ,小売業,その他小売,5%
熊本県,熊本市北区,ヘアーサロンみつざき,サービス,理容・美容業,5%
熊本県,熊本市北区,ポプラ武蔵ヶ丘1丁目店,小売業,総合（非専門）,2%
熊本県,熊本市北区,無法松 熊本北店,小売業,その他小売,5%
熊本県,熊本市北区,焼肉 ぱいんひる,サービス,飲食業,5%
熊本県,熊本市北区,焼肉なべしま 熊本麻生田店,サービス,飲食業,5%
熊本県,熊本市北区,焼肉ぱいんひる,サービス,飲食業,5%
熊本県,熊本市北区,山中自動車整備工場,サービス,その他サービス,5%
熊本県,熊本市北区,山本釣具センター菊陽バイパス店,小売業,その他小売,5%
熊本県,熊本市北区,有限会社草野企画 餃子屋弐ノ弐 清水工場,サービス,飲食業,5%
熊本県,熊本市北区,有限会社シンコー電装,その他業種,ー,5%
熊本県,熊本市北区,ヨシカワ,小売業,電化製品,5%
熊本県,熊本市北区,リペア倶楽部,サービス,その他サービス,5%
熊本県,熊本市北区,リペア?楽部,サービス,その他サービス,5%
熊本県,熊本市北区,ヘヴンズドア,サービス,その他サービス,5%
熊本県,熊本市北区,ロイヤルスタジオ Ｒ店,サービス,その他サービス,5%
熊本県,熊本市中央区,アイウエアショップ Ｖｉｓｉｏ,小売業,その他小売,5%
熊本県,熊本市中央区,ｉＥＬｉｓ,サービス,その他サービス,5%
熊本県,熊本市中央区,Ａｇｕ ｈａｉｒ Ａｇｕ ｈａｉｒ ｄｉｏ熊本,サービス,理容・美容業,5%
熊本県,熊本市中央区,Ａｇｕ ｈａｉｒ Ａｇｕ ｈａｉｒ ｇａｒｄｅｎ熊本,サービス,理容・美容業,5%
熊本県,熊本市中央区,味処お川,サービス,飲食業,5%
熊本県,熊本市中央区,Ｈ（アッシュ）,サービス,飲食業,5%
熊本県,熊本市中央区,あとりえさくま,小売業,衣料品,5%
熊本県,熊本市中央区,ａｂｒａｃａｄａｂｒａ,小売業,衣料品,5%
熊本県,熊本市中央区,炙り焼き 火蓮 火蓮 離れ 火蓮,サービス,飲食業,5%
熊本県,熊本市中央区,ＡＭＭＹ,サービス,理容・美容業,5%
熊本県,熊本市中央区,ａｍｉｃｏｆｆｅｅ,サービス,飲食業,5%
熊本県,熊本市中央区,荒川食料品店,小売業,食料品,5%
熊本県,熊本市中央区,ａｒｔｉ,サービス,理容・美容業,5%
熊本県,熊本市中央区,ｉｋｕｒａ,サービス,飲食業,5%
熊本県,熊本市中央区,ＩＫＥＤＡＹＡ,サービス,その他サービス,5%
熊本県,熊本市中央区,池田屋醸造合名会社,小売業,食料品,5%
熊本県,熊本市中央区,居酒屋葵,サービス,飲食業,5%
熊本県,熊本市中央区,居酒屋達,サービス,飲食業,5%
熊本県,熊本市中央区,居酒屋やおっぱ 国府店,サービス,飲食業,5%
熊本県,熊本市中央区,伊和膳 黒木,サービス,飲食業,5%
熊本県,熊本市中央区,一代屋本店,サービス,飲食業,5%
熊本県,熊本市中央区,一休本舗 水前寺店,小売業,食料品,5%
熊本県,熊本市中央区,出光日赤病院前ＳＳ,小売業,ガソリンスタンド,2%
熊本県,熊本市中央区,糸石家（屋外）,小売業,食料品,5%
熊本県,熊本市中央区,ｉｎ ｔｈｅ ｓｕｎ,小売業,その他小売,5%
熊本県,熊本市中央区,ｖｅｒｔｉｇｏ,小売業,衣料品,5%
熊本県,熊本市中央区,ヴィサージュ,サービス,理容・美容業,5%
熊本県,熊本市中央区,ヴェスティート熊本店,小売業,衣料品,5%
熊本県,熊本市中央区,ウエダ不動産事ム所,小売業,衣料品,5%
熊本県,熊本市中央区,ウエディングマイン 熊本本店,サービス,その他サービス,5%
熊本県,熊本市中央区,馬桜 銀座通り店,サービス,飲食業,5%
熊本県,熊本市中央区,馬桜 下通店,サービス,飲食業,5%
熊本県,熊本市中央区,株式会社エス・エス・齊藤 白山店,小売業,その他小売,5%
熊本県,熊本市中央区,Ｐｅｒｓｅｐｈｏｎｅ,サービス,その他サービス,5%
熊本県,熊本市中央区,エステ ＷＡＭ 上通り店,サービス,理容・美容業,5%
熊本県,熊本市中央区,エステ ＷＡＭ 熊本店,サービス,理容・美容業,5%
熊本県,熊本市中央区,エステ ＷＡＭ 水前寺店,サービス,理容・美容業,5%
熊本県,熊本市中央区,Ｎ．ＧＲＥＥＮ,小売業,衣料品,5%
熊本県,熊本市中央区,ｆｆ ｈａｉｒ 【エフエフヘアー】,サービス,理容・美容業,5%
熊本県,熊本市中央区,ＥＬＩＴＩＳ,サービス,理容・美容業,5%
熊本県,熊本市中央区,エルフペットクリニック,サービス,その他サービス,5%
熊本県,熊本市中央区,大賀薬局 帯山店,小売業,その他小売,5%
熊本県,熊本市中央区,オーダーメードパン屋,小売業,食料品,5%
熊本県,熊本市中央区,お菓子の店 モンレーブ,小売業,食料品,5%
熊本県,熊本市中央区,お好み焼きええじゃろ,サービス,飲食業,5%
熊本県,熊本市中央区,Ｏｆｆ Ｇｒｉｄ Ｃａｆｅ Ｃｅｎｃｈａｌｌｏｒｅｓ Ｃｅｎｃｈａｌｌｏｒｅｓ,サービス,飲食業,5%
熊本県,熊本市中央区,オプティーク ショップ フレム,小売業,その他小売,5%
熊本県,熊本市中央区,おやまのやおや ＯＹＡＭＡｎｏＹＡＯＹＡ,小売業,食料品,5%
熊本県,熊本市中央区,オリックスレンタカー熊本慶徳校電停前店,サービス,その他サービス,2%
熊本県,熊本市中央区,Ｏｒｇａｎ ｐｒｏｄｕｃｅｄ ｂｙ ＡＴＥＮＡ,サービス,理容・美容業,5%
熊本県,熊本市中央区,ＯＲＡＮＧＥＣＯＵＮＴＹ,小売業,衣料品,5%
熊本県,熊本市中央区,カードショップ＠ほ?む。熊本店,小売業,その他小売,5%
熊本県,熊本市中央区,株式会社 川上酒店 川上酒店,小売業,食料品,5%
熊本県,熊本市中央区,株式会社菊田靴店 キクタシューズ,小売業,その他小売,5%
熊本県,熊本市中央区,株式会社メガネの大宝堂 上通本店補聴器フロア,小売業,その他小売,5%
熊本県,熊本市中央区,株式会社芳田園,その他業種,ー,5%
熊本県,熊本市中央区,上通写真館,小売業,その他小売,5%
熊本県,熊本市中央区,カラオケ ハーモット下通店,サービス,その他サービス,5%
熊本県,熊本市中央区,カレーハウスＣＯＣＯ壱番屋熊本上通店,サービス,飲食業,2%
熊本県,熊本市中央区,カレーハウスＣＯＣＯ壱番屋熊本新市街店,サービス,飲食業,2%
熊本県,熊本市中央区,カレーハウスＣｏＣｏ壱番屋熊本東バイパス店,サービス,飲食業,2%
熊本県,熊本市中央区,革研究所熊本東区店,サービス,その他サービス,5%
熊本県,熊本市中央区,ｃａｍｐａｇｎｅ カンパーニュ,サービス,飲食業,5%
熊本県,熊本市中央区,漢方上通薬品,小売業,その他小売,5%
熊本県,熊本市中央区,キーメーカー,サービス,その他サービス,5%
熊本県,熊本市中央区,季肴酒 松と椛,サービス,飲食業,5%
熊本県,熊本市中央区,季節料理とお酒 日々季 日々季,サービス,飲食業,5%
熊本県,熊本市中央区,生そば 川しま,サービス,飲食業,5%
熊本県,熊本市中央区,木村屋酒店,小売業,食料品,5%
熊本県,熊本市中央区,ギャラリーヤマダ,小売業,貴金属・服飾品,5%
熊本県,熊本市中央区,牛角熊本琴平店,サービス,飲食業,2%
熊本県,熊本市中央区,九丁目酒場 幸村商店,サービス,飲食業,5%
熊本県,熊本市中央区,キンコーズ 熊本市役所,その他業種,ー,5%
熊本県,熊本市中央区,くしあげ専門店 龍頭,サービス,飲食業,5%
熊本県,熊本市中央区,串焼き 一月三日 串焼き一月三日,サービス,飲食業,5%
熊本県,熊本市中央区,楠の家 帯山店,サービス,飲食業,5%
熊本県,熊本市中央区,くすりの薬師堂,小売業,その他小売,5%
熊本県,熊本市中央区,ＧｏｏｄＰｈｏｎｅ,サービス,その他サービス,5%
熊本県,熊本市中央区,靴のテヅカ 渡鹿店,小売業,衣料品,5%
熊本県,熊本市中央区,熊本支店,その他業種,ー,5%
熊本県,熊本市中央区,熊本 炉端 安坐,サービス,飲食業,5%
熊本県,熊本市中央区,熊本アニソンバーとらい★あんぐる,サービス,飲食業,5%
熊本県,熊本市中央区,セブン－イレブン熊本帯山５丁目店,小売業,食料品,2%
熊本県,熊本市中央区,セブン－イレブン熊本帯山４丁目店,小売業,食料品,2%
熊本県,熊本市中央区,セブン－イレブン熊本帯山６丁目店,小売業,食料品,2%
熊本県,熊本市中央区,セブン－イレブン熊本上水前寺店,小売業,食料品,2%
熊本県,熊本市中央区,セブン－イレブン熊本上水前寺２丁目店,小売業,食料品,2%
熊本県,熊本市中央区,熊本カラー現像所,小売業,その他小売,5%
熊本県,熊本市中央区,セブン－イレブン熊本辛島店,小売業,食料品,2%
熊本県,熊本市中央区,セブン－イレブン熊本辛島東店,小売業,食料品,2%
熊本県,熊本市中央区,セブン－イレブン熊本北水前寺店,小売業,食料品,2%
熊本県,熊本市中央区,セブン－イレブン熊本九品寺４丁目店,小売業,食料品,2%
熊本県,熊本市中央区,セブン－イレブン熊本九品寺６丁目店,小売業,食料品,2%
熊本県,熊本市中央区,セブン－イレブン熊本黒髪５丁目店,小売業,食料品,2%
熊本県,熊本市中央区,セブン－イレブン熊本黒髪２丁目店,小売業,食料品,2%
熊本県,熊本市中央区,セブン－イレブン熊本神水１丁目店,小売業,食料品,2%
熊本県,熊本市中央区,セブン－イレブン熊本競輪場通り店,小売業,食料品,2%
熊本県,熊本市中央区,熊本県物産館,小売業,食料品,5%
熊本県,熊本市中央区,セブン－イレブン熊本壺川１丁目店,小売業,食料品,2%
熊本県,熊本市中央区,セブン－イレブン熊本米屋町店,小売業,食料品,2%
熊本県,熊本市中央区,セブン－イレブン熊本細工町店,小売業,食料品,2%
熊本県,熊本市中央区,セブン－イレブン熊本下通アーケード店,小売業,食料品,2%
熊本県,熊本市中央区,セブン－イレブン熊本下通１丁目店,小売業,食料品,2%
熊本県,熊本市中央区,セブン－イレブン熊本新大江店,小売業,食料品,2%
熊本県,熊本市中央区,セブン－イレブン熊本新町３丁目店,小売業,食料品,2%
熊本県,熊本市中央区,セブン－イレブン熊本水前寺１丁目店,小売業,食料品,2%
熊本県,熊本市中央区,セブン－イレブン熊本水前寺公園店,小売業,食料品,2%
熊本県,熊本市中央区,セブン－イレブン熊本竜田口店,小売業,食料品,2%
熊本県,熊本市中央区,セブン－イレブン熊本坪井３丁目店,小売業,食料品,2%
熊本県,熊本市中央区,熊本トヨペット 中央店,小売業,その他小売,5%
熊本県,熊本市中央区,熊本トヨペット中央店,小売業,その他小売,5%
熊本県,熊本市中央区,セブン－イレブン熊本渡鹿５丁目店,小売業,食料品,2%
熊本県,熊本市中央区,セブン－イレブン熊本渡鹿３丁目店,小売業,食料品,2%
熊本県,熊本市中央区,セブンーイレブン熊本萩原町店,小売業,食料品,2%
熊本県,熊本市中央区,セブン－イレブン熊本花畑町店,小売業,食料品,2%
熊本県,熊本市中央区,セブン－イレブン熊本本荘５丁目店,小売業,食料品,2%
熊本県,熊本市中央区,セブン－イレブン熊本迎町１丁目店,小売業,食料品,2%
熊本県,熊本市中央区,セブン－イレブン熊本明午橋通り店,小売業,食料品,2%
熊本県,熊本市中央区,熊本ヤクルト 西部センター,小売業,食料品,5%
熊本県,熊本市中央区,熊本ヤクルト 銀座通センター,小売業,食料品,5%
熊本県,熊本市中央区,熊本ゆきざき,小売業,貴金属・服飾品,5%
熊本県,熊本市中央区,セブン－イレブン熊本横手１丁目店,小売業,食料品,2%
熊本県,熊本市中央区,セブン－イレブン熊本横手２丁目店,小売業,食料品,2%
熊本県,熊本市中央区,くらしのうつわ月まち,その他業種,ー,5%
熊本県,熊本市中央区,ＧＬＡＳＳ ＷＯＮＤＥＲ,サービス,飲食業,5%
熊本県,熊本市中央区,クラブ バルカン,サービス,飲食業,5%
熊本県,熊本市中央区,グラムツー,サービス,理容・美容業,5%
熊本県,熊本市中央区,グランシャリオ,サービス,飲食業,5%
熊本県,熊本市中央区,ＧＲＥＥＮＲＯＯＭＳ,小売業,衣料品,5%
熊本県,熊本市中央区,ＣＯＵＬＥＵＲ,サービス,理容・美容業,5%
熊本県,熊本市中央区,ＣＬＡＲＯ,小売業,その他小売,5%
熊本県,熊本市中央区,黒がらかぶ料理 美食 みやじ,サービス,飲食業,5%
熊本県,熊本市中央区,黒木税理士事務所,サービス,その他サービス,5%
熊本県,熊本市中央区,ＫＢｅａｕｔｙＬａｂｏ熊本店,サービス,理容・美容業,5%
熊本県,熊本市中央区,Ｋ帯堂,サービス,その他サービス,5%
熊本県,熊本市中央区,阿蘇び心熊本店,サービス,その他サービス,5%
熊本県,熊本市中央区,ＧｅｔＢｕｒｇｅｒ,サービス,飲食業,5%
熊本県,熊本市中央区,元気ダイニング帯山店,小売業,食料品,5%
熊本県,熊本市中央区,県庁前ＳＳ,小売業,ガソリンスタンド,2%
熊本県,熊本市中央区,Ｃｏａｔｏｌｉｅ,サービス,その他サービス,5%
熊本県,熊本市中央区,株式会社皇帝塩本舗,小売業,食料品,2%
熊本県,熊本市中央区,黒龍紅 新市街店,サービス,飲食業,5%
熊本県,熊本市中央区,個室居酒屋 柏,サービス,飲食業,5%
熊本県,熊本市中央区,焼肉食べ放題 もつ焼きジョニー,サービス,飲食業,5%
熊本県,熊本市中央区,ＣＯＮＡ 熊本店,サービス,飲食業,5%
熊本県,熊本市中央区,５００円ワインバル ルパン,サービス,飲食業,5%
熊本県,熊本市中央区,こめとく,小売業,総合（非専門）,5%
熊本県,熊本市中央区,ハヌル,サービス,飲食業,5%
熊本県,熊本市中央区,酒とめし ＲＩＫＩ（リキ）,サービス,飲食業,5%
熊本県,熊本市中央区,Ｓａｚａｅ,サービス,飲食業,5%
熊本県,熊本市中央区,サザンクロス 熊本,サービス,飲食業,5%
熊本県,熊本市中央区,座敷 僚華,サービス,飲食業,5%
熊本県,熊本市中央区,さとだ電器商会,小売業,電化製品,5%
熊本県,熊本市中央区,さぷれ,小売業,その他小売,5%
熊本県,熊本市中央区,ＴＨＥ１０ＴＨＦＬＯＯＲ（ＳＡＲＡＸＪＩＪＩ）,小売業,衣料品,5%
熊本県,熊本市中央区,サロンドミュウ,サービス,理容・美容業,5%
熊本県,熊本市中央区,＃３,サービス,理容・美容業,5%
熊本県,熊本市中央区,サンリーブドラッグ サンリーブドラッグ,小売業,その他小売,5%
熊本県,熊本市中央区,シエスタ,サービス,理容・美容業,5%
熊本県,熊本市中央区,写真の司,小売業,その他小売,5%
熊本県,熊本市中央区,Ｊａｎｉ スリランカキッチン,サービス,飲食業,5%
熊本県,熊本市中央区,Ｊａｐａｎｅｓｅ Ｃｕｉｓｉｎｅ 菜な 菜な熊本店,サービス,飲食業,5%
熊本県,熊本市中央区,手芸マキ くまなん店,サービス,飲食業,5%
熊本県,熊本市中央区,手芸マキ 熊本店,小売業,その他小売,5%
熊本県,熊本市中央区,十徳や 水前寺店,サービス,飲食業,5%
熊本県,熊本市中央区,焼酎居酒屋カミナリ酒場 カミナリ酒場,サービス,飲食業,5%
熊本県,熊本市中央区,助産院メルティングタッチ,サービス,その他サービス,5%
熊本県,熊本市中央区,ＪＯＮＡＴＨＡＮ,サービス,理容・美容業,5%
熊本県,熊本市中央区,Ｃｙｒａｎｏ ｄｅ Ｂｅｒｇｅｒａｃ,小売業,衣料品,5%
熊本県,熊本市中央区,ＪＩＬＬｈａｉｒ,サービス,理容・美容業,5%
熊本県,熊本市中央区,新生堂薬局 国府店,小売業,その他小売,5%
熊本県,熊本市中央区,新町串乃助,サービス,飲食業,5%
熊本県,熊本市中央区,ｓｕｉｔｅ,サービス,理容・美容業,5%
熊本県,熊本市中央区,高橋刃物店,その他業種,ー,5%
熊本県,熊本市中央区,水前寺ハイボール エキチカ 水前寺ハイボール エキチカ,サービス,飲食業,5%
熊本県,熊本市中央区,スーパーストアダイノブ萩原店,小売業,食料品,5%
熊本県,熊本市中央区,ステーキマニア上通り店,サービス,飲食業,5%
熊本県,熊本市中央区,ＳＴＯＮＥ ＢＬＥＳＳ,小売業,貴金属・服飾品,5%
熊本県,熊本市中央区,ＳＴＲＩＫＥ,小売業,衣料品,5%
熊本県,熊本市中央区,スーパーコンボ渡鹿店,小売業,総合（非専門）,5%
熊本県,熊本市中央区,（有）スポーツサイクル クシ,小売業,その他小売,5%
熊本県,熊本市中央区,Ｓ－ＢＲＡＩＮ,小売業,衣料品,5%
熊本県,熊本市中央区,炭火 焼鳥 鶫 ーｔｓｕｇｕｍｉー 鶫 熊本店,サービス,飲食業,5%
熊本県,熊本市中央区,生活彩家熊本託麻台リハビリテーション病院店,小売業,総合（非専門）,2%
熊本県,熊本市中央区,生活彩家尚絅九品寺店,小売業,総合（非専門）,2%
熊本県,熊本市中央区,セルフ世安ＳＳ,小売業,ガソリンスタンド,2%
熊本県,熊本市中央区,染物と宿の中島屋,サービス,その他サービス,5%
熊本県,熊本市中央区,ＳＯＲＲＩＳＯ,サービス,飲食業,5%
熊本県,熊本市中央区,Ｄａｒｔｓ Ｓｈｏｐ ＴｉＴＯ 熊本店,小売業,その他小売,5%
熊本県,熊本市中央区,たいちろう,サービス,飲食業,5%
熊本県,熊本市中央区,米乃蔵,サービス,飲食業,5%
熊本県,熊本市中央区,タカチホカメラ 上通店,小売業,その他小売,5%
熊本県,熊本市中央区,タカハシ弓具店 熊本本店,小売業,その他小売,5%
熊本県,熊本市中央区,田北米穀店,小売業,食料品,5%
熊本県,熊本市中央区,タマユラ,小売業,貴金属・服飾品,5%
熊本県,熊本市中央区,ｂ‐ｍａｘ,サービス,その他サービス,5%
熊本県,熊本市中央区,アトリエ・ｎｅｓｔ,小売業,衣料品,5%
熊本県,熊本市中央区,株 地の塩社 アンテナショップ 水粧館,小売業,その他小売,5%
熊本県,熊本市中央区,ｃｈｉｖｅ,サービス,理容・美容業,5%
熊本県,熊本市中央区,Ｃｈａｒｃｏａｌ Ｇｒｉｌｌ 西銀 ぼたん 西銀ぼたん,サービス,飲食業,5%
熊本県,熊本市中央区,ちゃんぽん醤 ひしお 本店,サービス,飲食業,5%
熊本県,熊本市中央区,ＴＷＯＦＡＣＥ,小売業,衣料品,5%
熊本県,熊本市中央区,堤写真館,サービス,その他サービス,5%
熊本県,熊本市中央区,Ｄ?Ｂｏｙ ＡＬＩＣＥ 下通店,サービス,理容・美容業,5%
熊本県,熊本市中央区,ｄｕｄｅ ｈａｉｒ ｄｅｓｉｇｎ,サービス,理容・美容業,5%
熊本県,熊本市中央区,Ｔｅｒｒａ,小売業,衣料品,5%
熊本県,熊本市中央区,ＤｅｌｉｓｈＳＡＮＤＷＩＣＨ,サービス,飲食業,5%
熊本県,熊本市中央区,ＴＥＲＵ,サービス,飲食業,5%
熊本県,熊本市中央区,電気プラザ寺本,小売業,電化製品,5%
熊本県,熊本市中央区,燈えん房 とうえんぼう,サービス,飲食業,5%
熊本県,熊本市中央区,徳光屋茶舗,小売業,食料品,5%
熊本県,熊本市中央区,土間土間熊本店,サービス,飲食業,2%
熊本県,熊本市中央区,富田商店,小売業,食料品,5%
熊本県,熊本市中央区,とめ手羽 熊本店,サービス,飲食業,5%
熊本県,熊本市中央区,トヨタレンタリース熊本 熊本県庁前店,サービス,その他サービス,2%
熊本県,熊本市中央区,トヨタレンタリース熊本大甲橋店,サービス,その他サービス,2%
熊本県,熊本市中央区,トヨタレンタリース熊本 熊本県庁前店,サービス,その他サービス,2%
熊本県,熊本市中央区,トヨタレンタリース熊本 大甲橋店,サービス,その他サービス,2%
熊本県,熊本市中央区,とら【ＴＯＲＡ】,サービス,飲食業,5%
熊本県,熊本市中央区,ドラッグ新生堂 水前寺駅店,小売業,その他小売,5%
熊本県,熊本市中央区,鳥基地 平,サービス,飲食業,5%
熊本県,熊本市中央区,鶏城 ?ＴＲＩＣＫＹ?,サービス,飲食業,5%
熊本県,熊本市中央区,鶏バル ＨＩＧＯＹＡ 熊本店,サービス,飲食業,5%
熊本県,熊本市中央区,ドレスショップＫＩＮＡ,小売業,衣料品,5%
熊本県,熊本市中央区,ナミベリーダンススタジオ,サービス,その他サービス,5%
熊本県,熊本市中央区,西本清隆事務所,サービス,その他サービス,5%
熊本県,熊本市中央区,二十四節季 菜な みずき 菜なみずき,サービス,飲食業,5%
熊本県,熊本市中央区,ＮＩＦＴＹ ａｕｚｚ,サービス,理容・美容業,5%
熊本県,熊本市中央区,ＮＩＦＴＹ ｃｈｉｒｅｎ 【ニフティ チレン】,サービス,理容・美容業,5%
熊本県,熊本市中央区,ＮＩＦＴＹｃｈｉｒｅｎ,サービス,理容・美容業,5%
熊本県,熊本市中央区,Ｄｉｓｄｉｒｅｎａ,サービス,その他サービス,5%
熊本県,熊本市中央区,郷彩 根っこ,サービス,飲食業,5%
熊本県,熊本市中央区,有限会社ノエビア県庁前販社,その他業種,ー,5%
熊本県,熊本市中央区,ＢＡＲ ｍａｒｋ Ｊ,サービス,飲食業,5%
熊本県,熊本市中央区,Ｂａｒ ｅａｕ,サービス,飲食業,5%
熊本県,熊本市中央区,ＢＡＲ ＬＥ ＣＯＥＵＲ ＢＡＲ ＬＥ ＣＯＥＵＲ,サービス,飲食業,5%
熊本県,熊本市中央区,バイクストアファブリカ,小売業,その他小売,5%
熊本県,熊本市中央区,はいさい,サービス,理容・美容業,5%
熊本県,熊本市中央区,ＨＡＷＥＬＫＡ 【ハヴェルカ】,サービス,理容・美容業,5%
熊本県,熊本市中央区,萩原センター,小売業,食料品,5%
熊本県,熊本市中央区,パソコン市場 熊本店 パソコン館,小売業,電化製品,5%
熊本県,熊本市中央区,八王寺センター,小売業,食料品,5%
熊本県,熊本市中央区,ｐｕｔｒｉ,サービス,理容・美容業,5%
熊本県,熊本市中央区,パナランド うらかわ,小売業,電化製品,5%
熊本県,熊本市中央区,馬肉郷土料理けんぞう,サービス,飲食業,5%
熊本県,熊本市中央区,ハヤカワ運動具店,小売業,その他小売,5%
熊本県,熊本市中央区,Ｂａｌｌｏｎ Ｄ＇ｏｒ,小売業,衣料品,5%
熊本県,熊本市中央区,ＨＥＲＯ海 手取本町店,サービス,飲食業,5%
熊本県,熊本市中央区,ＨＥＲＯ海 西銀座通店,サービス,飲食業,5%
熊本県,熊本市中央区,肥後ダイニングそろ 肥後ダイニング そろ,サービス,飲食業,5%
熊本県,熊本市中央区,ピザ ワインバー ル パン,サービス,飲食業,5%
熊本県,熊本市中央区,ＨＩＳＡＫＩ ＦＵＪＩＴＡＫＥ ＨＩＳＡＫＩ ＦＵＪＩＴＡＫＥ１,サービス,理容・美容業,5%
熊本県,熊本市中央区,ピザポケット 水前寺店,小売業,その他小売,5%
熊本県,熊本市中央区,ピザポケット 世安店,小売業,その他小売,5%
熊本県,熊本市中央区,ピザポケット 黒髪店,小売業,その他小売,5%
熊本県,熊本市中央区,ひづき,サービス,飲食業,5%
熊本県,熊本市中央区,ピッツェリアダロッコ,サービス,飲食業,5%
熊本県,熊本市中央区,ＰＢ－１ 熊本店,小売業,衣料品,5%
熊本県,熊本市中央区,ＰｕｒｅＺｏｏ,サービス,理容・美容業,5%
熊本県,熊本市中央区,美容室ピカイチ 上通店,サービス,理容・美容業,5%
熊本県,熊本市中央区,ひょご鳥 本店,サービス,飲食業,5%
熊本県,熊本市中央区,ヒライ九品寺店,小売業,食料品,5%
熊本県,熊本市中央区,ヒライ浄行寺店,小売業,食料品,5%
熊本県,熊本市中央区,ファミリーばんざい健康食堂 ファミリーばんざい健康食堂,サービス,飲食業,5%
熊本県,熊本市中央区,Ｆａｍｏｒｉｅｎｔａｌｂｉｓｔｒｏｃａｆｅ,サービス,飲食業,5%
熊本県,熊本市中央区,ブージーアップ,サービス,理容・美容業,5%
熊本県,熊本市中央区,ｆａｋｅｊａｍ,小売業,衣料品,5%
熊本県,熊本市中央区,Ｐｉｎｏ （ピノ）,サービス,飲食業,5%
熊本県,熊本市中央区,ＦＯＲＭＯＳＡ,サービス,理容・美容業,5%
熊本県,熊本市中央区,福祉タクシーｃａｉｔｏ かいと 福祉タクシーｃａｉｔｏ,サービス,運輸業,5%
熊本県,熊本市中央区,福祉タクシーｃａｉｔｏ,サービス,運輸業,5%
熊本県,熊本市中央区,福田商店ＮａｓｔｙＳｔｒｅｅｔ,小売業,書籍・玩具・音楽ＣＤ,5%
熊本県,熊本市中央区,フクノカミ,サービス,理容・美容業,5%
熊本県,熊本市中央区,ふくろう庵,サービス,飲食業,5%
熊本県,熊本市中央区,ｐｒｏｕｄ 【プラウド】,サービス,理容・美容業,5%
熊本県,熊本市中央区,ＦＬＡＳＨＳＥＣＯＮＤ,小売業,衣料品,5%
熊本県,熊本市中央区,ＦＬＡＶＥＤＯ ｐａｒ Ｌｉｓｅｔｔｅ,サービス,飲食業,5%
熊本県,熊本市中央区,フリベリー不動産株式会社,その他業種,ー,5%
熊本県,熊本市中央区,プリマヴェーラ,サービス,飲食業,5%
熊本県,熊本市中央区,ＦｒｏｍＮａｔｕｒｅ,小売業,その他小売,5%
熊本県,熊本市中央区,フロラクロマヘアサロン,サービス,理容・美容業,5%
熊本県,熊本市中央区,ブンゾー,サービス,飲食業,5%
熊本県,熊本市中央区,Ｈａｉｒ ｓ ｂ?３ ｈａｉｒ ｓ ｂ?３,サービス,理容・美容業,5%
熊本県,熊本市中央区,ｈａｉｒ ｍａｋｅ ｆａｒｄ ｈａｉｒ ｍａｋｅ ｆａｒｄ ヘアメイク ファルド,サービス,理容・美容業,5%
熊本県,熊本市中央区,ＢＥＨＯＩＭＩ,サービス,その他サービス,5%
熊本県,熊本市中央区,ベホイミ新屋敷店,サービス,その他サービス,5%
熊本県,熊本市中央区,弁当の信長,小売業,食料品,5%
熊本県,熊本市中央区,Ｐｏｔ・Ｂｅｌｌｙ,小売業,その他小売,5%
熊本県,熊本市中央区,ポプラ熊本大学前店,小売業,総合（非専門）,2%
熊本県,熊本市中央区,ホワイエ アグレアーブル ＦＯＹＥＲ ａｇｒｅａｂｌｅ,小売業,その他小売,5%
熊本県,熊本市中央区,ＷＨＩＴＥ ＭＯＤＥ ＣＡＦＥ （ホワイトモードカフェ）,サービス,飲食業,5%
熊本県,熊本市中央区,ＢＯＮ ＥＴＯ ｉｎｔｅｒｉｏｒ,小売業,家具・調度品,5%
熊本県,熊本市中央区,ホンダウイングビッツ,小売業,その他小売,5%
熊本県,熊本市中央区,マイジム,その他業種,ー,5%
熊本県,熊本市中央区,益雪かまぼこ店,その他業種,ー,5%
熊本県,熊本市中央区,街のかかりつけ整体院,サービス,その他サービス,5%
熊本県,熊本市中央区,ママイクコ 熊本,小売業,総合（非専門）,5%
熊本県,熊本市中央区,味籠 （みかご）,サービス,飲食業,5%
熊本県,熊本市中央区,ＭＯＶＥ ＨＡＩＲ Ｐｕｒｅ,サービス,理容・美容業,5%
熊本県,熊本市中央区,ＭＯＶＥ ＨＡＩＲ ｗｉｌｌ,サービス,理容・美容業,5%
熊本県,熊本市中央区,むつ五郎,サービス,飲食業,5%
熊本県,熊本市中央区,むろや 玩具屋 むろや 玩具屋,小売業,その他小売,5%
熊本県,熊本市中央区,メガネの大宝堂 ｅｙｅｗｅａｒｓｈｏｐ Ｖｉｓｉｏ,小売業,その他小売,5%
熊本県,熊本市中央区,メガネの大宝堂上通本店 上通本店,小売業,その他小売,5%
熊本県,熊本市中央区,メガネの大宝堂 上通店,小売業,その他小売,5%
熊本県,熊本市中央区,モイスティーヌ熊本横手サロン,サービス,理容・美容業,5%
熊本県,熊本市中央区,やおっぱ花畑,小売業,食料品,5%
熊本県,熊本市中央区,焼鳥 縁火（えにしび）,サービス,飲食業,5%
熊本県,熊本市中央区,焼き鳥 集家,サービス,飲食業,5%
熊本県,熊本市中央区,焼鳥 とり藏,サービス,飲食業,5%
熊本県,熊本市中央区,焼きとりの軍ろく,サービス,飲食業,5%
熊本県,熊本市中央区,焼肉すどう,サービス,飲食業,5%
熊本県,熊本市中央区,焼肉屋 元気カルビ,サービス,飲食業,5%
熊本県,熊本市中央区,有限会社車輪館オクムラ しゃりんかん,小売業,その他小売,5%
熊本県,熊本市中央区,有限会社フアッションマエダ,小売業,衣料品,5%
熊本県,熊本市中央区,有限会社山本薬品,小売業,その他小売,5%
熊本県,熊本市中央区,有限会社レボルーション ＲＥＶＯＬＵＴＩＯＮ熊本店,小売業,衣料品,5%
熊本県,熊本市中央区,ｕｎｉｔｅｄ・ｐｅｏｐｌｅ,サービス,理容・美容業,5%
熊本県,熊本市中央区,ゆめタウン大江ハビタ大江店,サービス,理容・美容業,5%
熊本県,熊本市中央区,夢菜や 僚華,サービス,飲食業,5%
熊本県,熊本市中央区,洋食屋出田,サービス,飲食業,5%
熊本県,熊本市中央区,世安湯,サービス,その他サービス,5%
熊本県,熊本市中央区,ライフたなか,小売業,電化製品,5%
熊本県,熊本市中央区,ラコピィン熊本店,サービス,理容・美容業,5%
熊本県,熊本市中央区,らしんばん 熊本店,小売業,その他小売,5%
熊本県,熊本市中央区,ランバーファクトリー,その他業種,ー,5%
熊本県,熊本市中央区,Ｌｅｅ 熊本ＣＯＣＯＳＡ店,小売業,衣料品,5%
熊本県,熊本市中央区,離宮,サービス,飲食業,5%
熊本県,熊本市中央区,リバーサイドホテル熊本,サービス,宿泊業,5%
熊本県,熊本市中央区,Ｌ：ｂｅｌｌｅ,サービス,理容・美容業,5%
熊本県,熊本市中央区,りんといと,小売業,食料品,5%
熊本県,熊本市中央区,ＲＡＹ＆ＡＢＩＯＮ,サービス,理容・美容業,5%
熊本県,熊本市中央区,ローマ軒 熊本下通り店,サービス,飲食業,5%
熊本県,熊本市中央区,路地裏ごはん きむら,サービス,飲食業,5%
熊本県,熊本市中央区,ロジエ,小売業,衣料品,5%
熊本県,熊本市中央区,ロッサ 熊本店,小売業,衣料品,5%
熊本県,熊本市中央区,和酒バー 凛音,サービス,飲食業,5%
熊本県,熊本市西区,旭タクシー株式会社,サービス,運輸業,5%
熊本県,熊本市西区,石本電器,小売業,電化製品,5%
熊本県,熊本市西区,ＩＫＫＥＩＢＩＫＥＷＯＲＫＳ,小売業,その他小売,5%
熊本県,熊本市西区,オリックスレンタカー熊本駅新幹線口店,サービス,その他サービス,2%
熊本県,熊本市西区,河童,小売業,衣料品,5%
熊本県,熊本市西区,株式会社ミハナタクシー １２４,サービス,運輸業,5%
熊本県,熊本市西区,セブン－イレブン上熊本２丁目店,小売業,食料品,2%
熊本県,熊本市西区,協同組合河内ショッピングセンター,小売業,食料品,5%
熊本県,熊本市西区,清正グループ ３１５,サービス,運輸業,5%
熊本県,熊本市西区,セブン－イレブン熊本春日４丁目店,小売業,食料品,2%
熊本県,熊本市西区,くまもと菓房 肥後よかモン市場店,小売業,食料品,5%
熊本県,熊本市西区,セブン－イレブン熊本上代１丁目店,小売業,食料品,2%
熊本県,熊本市西区,セブン－イレブン熊本上代２丁目店,小売業,食料品,2%
熊本県,熊本市西区,熊本港物産館,小売業,食料品,5%
熊本県,熊本市西区,セブン－イレブン熊本城山下代町店,小売業,食料品,2%
熊本県,熊本市西区,セブン－イレブン熊本城山半田店,小売業,食料品,2%
熊本県,熊本市西区,セブン－イレブン熊本崇城大学前店,小売業,食料品,2%
熊本県,熊本市西区,熊本トヨタ自動車上熊本店,小売業,その他小売,5%
熊本県,熊本市西区,セブン－イレブン熊本野中１丁目店,小売業,食料品,2%
熊本県,熊本市西区,セブン－イレブン熊本花園１丁目店,小売業,食料品,2%
熊本県,熊本市西区,セブン－イレブン熊本松尾町店,小売業,食料品,2%
熊本県,熊本市西区,熊本ヤクルト 三和センター,小売業,食料品,5%
熊本県,熊本市西区,ＫＵＭＡＭＯＴＯ腰痛・肩こりケアセンター,サービス,理容・美容業,5%
熊本県,熊本市西区,セブン－イレブン熊本蓮台寺１丁目店,小売業,食料品,2%
熊本県,熊本市西区,クレナイホテル,サービス,宿泊業,5%
熊本県,熊本市西区,上妻八百屋 有限会社上商,小売業,食料品,5%
熊本県,熊本市西区,ｓｉｇｎｓｐｌｕｓ,サービス,理容・美容業,5%
熊本県,熊本市西区,サカイ電器,小売業,電化製品,5%
熊本県,熊本市西区,島崎給油所,小売業,ガソリンスタンド,2%
熊本県,熊本市西区,十徳や 田崎市場通店,サービス,飲食業,5%
熊本県,熊本市西区,新生堂薬局 田崎店,小売業,その他小売,5%
熊本県,熊本市西区,スーパーコンボ 田崎市場通り店,小売業,総合（非専門）,5%
熊本県,熊本市西区,整体アムレッグ 上熊本店,サービス,その他サービス,5%
熊本県,熊本市西区,高橋中古タイヤセンター,小売業,その他小売,5%
熊本県,熊本市西区,トヨタレンタリース熊本 熊本新幹線口店,サービス,その他サービス,2%
熊本県,熊本市西区,トヨタレンタリース熊本熊本駅前店,サービス,その他サービス,2%
熊本県,熊本市西区,トヨタレンタリース熊本 熊本駅前店,サービス,その他サービス,2%
熊本県,熊本市西区,トヨタレンタリース熊本 熊本新幹線口店,サービス,その他サービス,2%
熊本県,熊本市西区,ニューオータニホテルズ ザ・ニューホテル熊本,サービス,宿泊業,5%
熊本県,熊本市西区,博多麺王 田崎,サービス,飲食業,5%
熊本県,熊本市西区,パナランド 五木,小売業,電化製品,5%
熊本県,熊本市西区,パナランドチクシ,小売業,電化製品,5%
熊本県,熊本市西区,ビート,サービス,理容・美容業,5%
熊本県,熊本市西区,ＨＥＲＯ海 熊本駅店,サービス,飲食業,5%
熊本県,熊本市西区,ＨＥＲＯ寿司 ＨＥＲＯ寿司 田崎店,サービス,飲食業,5%
熊本県,熊本市西区,ｐｉｖｅｒｔ,その他業種,ー,5%
熊本県,熊本市西区,ピザポケット 上熊本店,小売業,その他小売,5%
熊本県,熊本市西区,ピザポケット 力合店,小売業,その他小売,5%
熊本県,熊本市西区,ヒライ上代店,小売業,食料品,5%
熊本県,熊本市西区,ヒライ京町台店,小売業,食料品,5%
熊本県,熊本市西区,ヒライ崇城大通り店,小売業,食料品,5%
熊本県,熊本市西区,ヒライ高橋店,小売業,食料品,5%
熊本県,熊本市西区,プチブランシュ,小売業,衣料品,5%
熊本県,熊本市西区,ヘアースポットｉｎｇ,サービス,理容・美容業,5%
熊本県,熊本市西区,補聴器専門店 しゅう 補聴器専門店しゅう,小売業,その他小売,5%
熊本県,熊本市西区,マンマ,サービス,理容・美容業,5%
熊本県,熊本市西区,村上自動車整備工場,サービス,その他サービス,5%
熊本県,熊本市西区,モッコスからあげＨａｃｈｉ．,サービス,飲食業,5%
熊本県,熊本市西区,焼肉なべしま 上熊本店,サービス,飲食業,5%
熊本県,熊本市西区,焼肉なべしま 熊本田崎店,サービス,飲食業,5%
熊本県,熊本市西区,有限会社岬鮨,サービス,飲食業,5%
熊本県,熊本市西区,ｒｅｌｕｍｅ,サービス,理容・美容業,5%
熊本県,熊本市東区,ａｋａｉーｉｔｏ,サービス,理容・美容業,5%
熊本県,熊本市東区,ＡＳ ＧＲＯＷ ＨＡＩＲ,サービス,理容・美容業,5%
熊本県,熊本市東区,ＵＮＳＥＵＬＥ,サービス,理容・美容業,5%
熊本県,熊本市東区,アントルメ菓樹,小売業,食料品,5%
熊本県,熊本市東区,石原家電サービスセンター,小売業,電化製品,5%
熊本県,熊本市東区,一休本舗 託麻東店,小売業,食料品,5%
熊本県,熊本市東区,一休本舗 花立店,小売業,食料品,5%
熊本県,熊本市東区,ウィルドラッグ,小売業,その他小売,5%
熊本県,熊本市東区,上田電気商会,小売業,電化製品,5%
熊本県,熊本市東区,小笠原写真館,サービス,その他サービス,5%
熊本県,熊本市東区,お菓子のアトリエかぎしっぽ,小売業,食料品,5%
熊本県,熊本市東区,小佐田電機商会,小売業,電化製品,5%
熊本県,熊本市東区,おしゃれ工房 ゆめタウンサンピアン店,小売業,電化製品,5%
熊本県,熊本市東区,介護用品専門店サプリホーム,小売業,その他小売,5%
熊本県,熊本市東区,カーケア小山,小売業,ガソリンスタンド,2%
熊本県,熊本市東区,ＫＡＴＳＵＫＩ 熊本店,小売業,貴金属・服飾品,5%
熊本県,熊本市東区,カットインピエール 尾ノ上店,サービス,理容・美容業,5%
熊本県,熊本市東区,ｃｕｔ ｃｌｕｂ ｆｅｅｌ,サービス,理容・美容業,5%
熊本県,熊本市東区,紙風せん,サービス,飲食業,5%
熊本県,熊本市東区,カレーハウスＣｏＣｏ壱番屋熊本戸島店,サービス,飲食業,2%
熊本県,熊本市東区,ｇａＲｏｎ,小売業,衣料品,5%
熊本県,熊本市東区,いきなり団子のかんしょや,小売業,食料品,5%
熊本県,熊本市東区,Ｃｏｏ＆ＲＩＫＵ熊本店,小売業,その他小売,5%
熊本県,熊本市東区,ＫＵＴＳＵＬＯＧＹ,小売業,衣料品,5%
熊本県,熊本市東区,セブン－イレブン熊本石原３丁目店,小売業,食料品,2%
熊本県,熊本市東区,セブン－イレブン熊本インター北店,小売業,食料品,2%
熊本県,熊本市東区,セブンーイレブン熊本インター店,小売業,食料品,2%
熊本県,熊本市東区,セブン－イレブン熊本画図重富店,小売業,食料品,2%
熊本県,熊本市東区,セブン－イレブン熊本画図所島店,小売業,食料品,2%
熊本県,熊本市東区,セブン－イレブン熊本江津２丁目店,小売業,食料品,2%
熊本県,熊本市東区,セブン－イレブン熊本小山店,小売業,食料品,2%
熊本県,熊本市東区,くまもと菓房 東バイパス店,小売業,食料品,5%
熊本県,熊本市東区,くまもと菓房 戸島本店,小売業,食料品,5%
熊本県,熊本市東区,くまもと菓房 佐土原店,小売業,食料品,5%
熊本県,熊本市東区,セブン－イレブン熊本上南部店,小売業,食料品,2%
熊本県,熊本市東区,セブン－イレブン熊本空港通り店,小売業,食料品,2%
熊本県,熊本市東区,セブン－イレブン熊本健軍本町店,小売業,食料品,2%
熊本県,熊本市東区,セブン－イレブン熊本湖東３丁目店,小売業,食料品,2%
熊本県,熊本市東区,セブン－イレブン熊本下南部３丁目店,小売業,食料品,2%
熊本県,熊本市東区,セブン－イレブン熊本下南部店,小売業,食料品,2%
熊本県,熊本市東区,セブン－イレブン熊本セイラタウン店,小売業,食料品,2%
熊本県,熊本市東区,セブン－イレブン熊本総合運動公園前店,小売業,食料品,2%
熊本県,熊本市東区,セブン－イレブン熊本戸島東店,小売業,食料品,2%
熊本県,熊本市東区,熊本トヨタ自動車 くまもと中央店,小売業,その他小売,5%
熊本県,熊本市東区,熊本トヨタ自動車健軍店,小売業,その他小売,5%
熊本県,熊本市東区,熊本トヨタ自動車東バイパス店,小売業,その他小売,5%
熊本県,熊本市東区,熊本トヨタ自動車レクサス熊本東,小売業,その他小売,5%
熊本県,熊本市東区,熊本トヨペット 新外店,小売業,その他小売,5%
熊本県,熊本市東区,熊本トヨペット新外店,小売業,その他小売,5%
熊本県,熊本市東区,セブン－イレブン熊本長嶺東１丁目店,小売業,食料品,2%
熊本県,熊本市東区,セブン－イレブン熊本花立６丁目店,小売業,食料品,2%
熊本県,熊本市東区,熊本ヤクルト 新大江センター,小売業,食料品,5%
熊本県,熊本市東区,熊本ヤクルト 健軍センター,小売業,食料品,5%
熊本県,熊本市東区,熊本ヤクルト 熊本ヤクルト株式会社,小売業,食料品,5%
熊本県,熊本市東区,セブン－イレブン熊本若葉２丁目店,小売業,食料品,2%
熊本県,熊本市東区,Ｃｌｕｂ ｈｏｕｓｅ,小売業,衣料品,5%
熊本県,熊本市東区,くりの実カフェ,サービス,飲食業,5%
熊本県,熊本市東区,元気ダイニング東町店,小売業,食料品,5%
熊本県,熊本市東区,小糸伸輔の店 店外催事用,小売業,衣料品,5%
熊本県,熊本市東区,こうき屋,サービス,飲食業,5%
熊本県,熊本市東区,こうりゅう熊本店,小売業,その他小売,5%
熊本県,熊本市東区,こだわり家 Ｋｉｔｃｈｅｎ Ｌａｂ 無垢,サービス,飲食業,5%
熊本県,熊本市東区,ＧーＰａｌｅｔｔｅ,サービス,理容・美容業,5%
熊本県,熊本市東区,Ｓｅａ?Ｌａ Ｂｅａｕｔｙ,サービス,理容・美容業,5%
熊本県,熊本市東区,ジェームス東バイパス店,小売業,その他小売,2%
熊本県,熊本市東区,ＪＥＷＥＬＲＹＳＩＭＯＮ,小売業,貴金属・服飾品,5%
熊本県,熊本市東区,十徳や 健軍本町店,サービス,飲食業,5%
熊本県,熊本市東区,十徳や 新外店,サービス,飲食業,5%
熊本県,熊本市東区,ＪＵＭＥＡＵＸ,サービス,理容・美容業,5%
熊本県,熊本市東区,旬彩旬魚 悠旗 （ゆうき）,サービス,飲食業,5%
熊本県,熊本市東区,ＪＯＡＮ ＢＢＱ ＧＡＲＤＥＮ ＳＡＤＯＷＡＲＡ ＢＡＳＥ,サービス,飲食業,5%
熊本県,熊本市東区,新生堂薬局 尾ノ上店,小売業,その他小売,5%
熊本県,熊本市東区,すたみな太郎 熊本インター店,サービス,飲食業,5%
熊本県,熊本市東区,ステーキマニア浜線店,サービス,飲食業,5%
熊本県,熊本市東区,ストレート 熊本店,小売業,その他小売,5%
熊本県,熊本市東区,スポーツハヤカワ サンピアン店,小売業,その他小売,5%
熊本県,熊本市東区,炭火焼肉炙り番や 東町店,サービス,飲食業,5%
熊本県,熊本市東区,ｓｕｍｉｌｅ 【スミレ】,サービス,理容・美容業,5%
熊本県,熊本市東区,セキュリティＡ・Ｚ,サービス,その他サービス,5%
熊本県,熊本市東区,セルフ益城空港インター給油所,小売業,ガソリンスタンド,2%
熊本県,熊本市東区,大漁活魚ほうらい茶屋,サービス,飲食業,5%
熊本県,熊本市東区,Ｄ?Ｂｏｙ 健軍店,サービス,理容・美容業,5%
熊本県,熊本市東区,Ｄ?Ｂｏｙ ＰＡＲＴＹ 長嶺店,サービス,理容・美容業,5%
熊本県,熊本市東区,てぃてぃ,サービス,飲食業,5%
熊本県,熊本市東区,でんきのゆうでん長嶺東店,小売業,電化製品,5%
熊本県,熊本市東区,電気プラザなんば,小売業,電化製品,5%
熊本県,熊本市東区,電気プラザほんだ 長嶺店,小売業,電化製品,5%
熊本県,熊本市東区,株式会社 トヨタレンタリース熊本,サービス,その他サービス,2%
熊本県,熊本市東区,トヨタレンタリース熊本熊本インター店,サービス,その他サービス,2%
熊本県,熊本市東区,トヨタレンタリース熊本健軍店,サービス,その他サービス,2%
熊本県,熊本市東区,トヨタレンタリース熊本,サービス,その他サービス,2%
熊本県,熊本市東区,トヨタレンタリース熊本 熊本インター店,サービス,その他サービス,2%
熊本県,熊本市東区,トヨタレンタリース熊本 健軍店,サービス,その他サービス,2%
熊本県,熊本市東区,ＴｒｉｎｉｔｙＨａｉｒｓｔｕｄｉｏ,サービス,理容・美容業,5%
熊本県,熊本市東区,ニュー魚かし,サービス,飲食業,5%
熊本県,熊本市東区,ｎａｉｌ ｓａｌｏｎ Ｃ ｅｓｔ ｊｏｌｉ ｎａｉｌｓａｌｏｎ Ｃ ｅｓｔ ｊｏｌｉ,サービス,理容・美容業,5%
熊本県,熊本市東区,パナランド なべた,小売業,電化製品,5%
熊本県,熊本市東区,ハム工房赤ずきん,小売業,食料品,5%
熊本県,熊本市東区,ハヤカワスポーツ 熊本営業部,小売業,その他小売,5%
熊本県,熊本市東区,ＢＭＯ熊本保田窪店,小売業,衣料品,5%
熊本県,熊本市東区,ＢＬＳｃｏｆｆｅｅαｔｅｌｉｅｒ,サービス,飲食業,5%
熊本県,熊本市東区,ビーライン 小山店,小売業,その他小売,5%
熊本県,熊本市東区,ｂｉｏ天粧錦ヶ丘 ビオ天粧錦ヶ丘,小売業,食料品,5%
熊本県,熊本市東区,ピザポケット 健軍店,小売業,その他小売,5%
熊本県,熊本市東区,ピザポケット 月出店,小売業,その他小売,5%
熊本県,熊本市東区,美容室おぷしょん,サービス,理容・美容業,5%
熊本県,熊本市東区,ヒライ江津店,小売業,食料品,5%
熊本県,熊本市東区,ヒライ佐土原店,小売業,食料品,5%
熊本県,熊本市東区,ヒライ月出店,小売業,食料品,5%
熊本県,熊本市東区,ヒライ戸島店,小売業,食料品,5%
熊本県,熊本市東区,ヒライパークドーム前店,小売業,食料品,5%
熊本県,熊本市東区,ヒライ八反田店,小売業,食料品,5%
熊本県,熊本市東区,ファミリースペース東京塚,サービス,その他サービス,5%
熊本県,熊本市東区,フジイの唐あげ 移動販売用,サービス,飲食業,5%
熊本県,熊本市東区,有限会社フジモト創社,サービス,その他サービス,5%
熊本県,熊本市東区,プライベートサロン ヴェール,サービス,理容・美容業,5%
熊本県,熊本市東区,ｆｒｉｓｅ,サービス,理容・美容業,5%
熊本県,熊本市東区,ｐｒｉｍｒｏｓｅ,小売業,その他小売,5%
熊本県,熊本市東区,縮毛矯正専門店 ＡＤＯＲＥＲ【ア,サービス,理容・美容業,5%
熊本県,熊本市東区,ヘアーハウスキュート ＱｕｕＴｏ,サービス,理容・美容業,5%
熊本県,熊本市東区,ベニフィット,その他業種,ー,5%
熊本県,熊本市東区,ほぐし処 一蓮,サービス,その他サービス,5%
熊本県,熊本市東区,ホームシック ファニチャー,小売業,家具・調度品,5%
熊本県,熊本市東区,ホーム電化,小売業,電化製品,5%
熊本県,熊本市東区,ｈｏｌｏ ｈｏｌｏ,サービス,理容・美容業,5%
熊本県,熊本市東区,本家かまどや尾ノ上３丁目店,サービス,飲食業,5%
熊本県,熊本市東区,ホンダドリーム 熊本,小売業,その他小売,5%
熊本県,熊本市東区,ＭａｃＤｏｃ ｊｐ,小売業,電化製品,5%
熊本県,熊本市東区,丸勢 ショッピング丸勢健軍店,小売業,食料品,5%
熊本県,熊本市東区,丸乃屋塩からあげ月出店,小売業,食料品,5%
熊本県,熊本市東区,ミックフードサービス,サービス,飲食業,5%
熊本県,熊本市東区,メガネの大宝堂 健軍店,小売業,その他小売,5%
熊本県,熊本市東区,やおっぱ 花立 花立店,小売業,食料品,5%
熊本県,熊本市東区,焼肉なべしま 熊本インター店,サービス,飲食業,5%
熊本県,熊本市東区,焼肉なべしま 熊本健軍店,サービス,飲食業,5%
熊本県,熊本市東区,有限会社アール バイクショップＲ,小売業,その他小売,5%
熊本県,熊本市東区,有限会社マツ島,サービス,飲食業,5%
熊本県,熊本市東区,ゆめタウンサンピアンハビタサンピアン店,サービス,理容・美容業,5%
熊本県,熊本市東区,ｆｌｏｗｅｒ＆ｇｒｅｅｎＬａｇｕｒｕ,小売業,その他小売,5%
熊本県,熊本市東区,利庵 お弁当の利庵,サービス,飲食業,2%
熊本県,熊本市東区,ＲＩＮＮＥ,サービス,理容・美容業,5%
熊本県,熊本市東区,レストラン野っぽ,サービス,飲食業,2%
熊本県,熊本市東区,ロイヤルスタジオ 新南部店,サービス,その他サービス,5%
熊本県,熊本市東区,ローリンバーガー,サービス,飲食業,5%
熊本県,熊本市東区,わんこの家,小売業,その他小売,5%
熊本県,熊本市南区,ａｌｌｙｍａｒｒｙ,その他業種,ー,5%
熊本県,熊本市南区,ＡＤｖａｎ ｃｅ,小売業,その他小売,5%
熊本県,熊本市南区,ＡＮＴＥＮＮＡＤＥＣＯ,小売業,衣料品,5%
熊本県,熊本市南区,イデックス富合ＳＳ,小売業,ガソリンスタンド,2%
熊本県,熊本市南区,出光浜線ＳＳ,小売業,ガソリンスタンド,2%
熊本県,熊本市南区,ｖｅｎｔｉ,サービス,理容・美容業,5%
熊本県,熊本市南区,うなぎのとくなが近見店,サービス,飲食業,5%
熊本県,熊本市南区,エステ ＷＡＭ 熊本南店,サービス,理容・美容業,5%
熊本県,熊本市南区,ＮＯＪ熊本店,サービス,その他サービス,5%
熊本県,熊本市南区,Ｍ’ｓオートプレイス,サービス,その他サービス,5%
熊本県,熊本市南区,オカザキサイクル,小売業,その他小売,5%
熊本県,熊本市南区,おしゃれ工房 ゆめタウンはません店,小売業,電化製品,5%
熊本県,熊本市南区,お茶の大和,小売業,食料品,5%
熊本県,熊本市南区,かぎ工房 ふかがわ 素敵 快適館 ふかがわ,小売業,その他小売,5%
熊本県,熊本市南区,カメヤ,小売業,電化製品,5%
熊本県,熊本市南区,カレーハウスＣＯＣＯ壱番屋熊本近見町店,サービス,飲食業,2%
熊本県,熊本市南区,靴のテヅカ ミスピカソ 熊本店,小売業,衣料品,5%
熊本県,熊本市南区,熊本トヨタ自動車株式会社,小売業,その他小売,5%
熊本県,熊本市南区,セブンーイレブン熊本江越１丁目店,小売業,食料品,2%
熊本県,熊本市南区,セブン－イレブン熊本城南千町店,小売業,食料品,2%
熊本県,熊本市南区,セブン－イレブン熊本城南舞原店,小売業,食料品,2%
熊本県,熊本市南区,セブン－イレブン熊本白藤１丁目店,小売業,食料品,2%
熊本県,熊本市南区,セブン－イレブン熊本銭塘町店,小売業,食料品,2%
熊本県,熊本市南区,セブン－イレブン熊本近見２丁目店,小売業,食料品,2%
熊本県,熊本市南区,セブン－イレブン熊本近見６丁目店,小売業,食料品,2%
熊本県,熊本市南区,セブン－イレブン熊本富合釈迦堂店,小売業,食料品,2%
熊本県,熊本市南区,セブン－イレブン熊本富合町店,小売業,食料品,2%
熊本県,熊本市南区,セブン－イレブン熊本富合南田尻店,小売業,食料品,2%
熊本県,熊本市南区,熊本トヨタ自動車本店,小売業,その他小売,5%
熊本県,熊本市南区,熊本トヨペット 浜線店,小売業,その他小売,5%
熊本県,熊本市南区,熊本トヨペット ＢｅＭａｘ本店,小売業,その他小売,5%
熊本県,熊本市南区,熊本トヨペット 本店,小売業,その他小売,5%
熊本県,熊本市南区,熊本トヨペット株式会社,小売業,その他小売,5%
熊本県,熊本市南区,熊本トヨペット浜線店,小売業,その他小売,5%
熊本県,熊本市南区,熊本トヨペットＢｅＭａＸ本店,小売業,その他小売,5%
熊本県,熊本市南区,熊本トヨペット本店,小売業,その他小売,5%
熊本県,熊本市南区,セブンーイレブン熊本平成大通り店,小売業,食料品,2%
熊本県,熊本市南区,セブン－イレブン熊本南高江店,小売業,食料品,2%
熊本県,熊本市南区,セブン－イレブン熊本御幸西店,小売業,食料品,2%
熊本県,熊本市南区,セブン－イレブン熊本御幸笛田店,小売業,食料品,2%
熊本県,熊本市南区,セブン－イレブン熊本御幸笛田６丁目店,小売業,食料品,2%
熊本県,熊本市南区,熊本ヤクルト 力合センター,小売業,食料品,5%
熊本県,熊本市南区,熊本ヤクルト 城南配送センター,小売業,食料品,5%
熊本県,熊本市南区,セブン－イレブン熊本流通団地店,小売業,食料品,2%
熊本県,熊本市南区,ＣＲＥＢＩＡ,サービス,理容・美容業,5%
熊本県,熊本市南区,ケイツーガレージ,小売業,その他小売,5%
熊本県,熊本市南区,ゴルフドゥ熊本南店,小売業,その他小売,2%
熊本県,熊本市南区,さかな市場十徳や けやき通店,サービス,飲食業,5%
熊本県,熊本市南区,サトナガウェルビー サトナガウェルビー,小売業,その他小売,5%
熊本県,熊本市南区,サンエコライフ富合店,小売業,電化製品,5%
熊本県,熊本市南区,下川,小売業,その他小売,5%
熊本県,熊本市南区,下松仏壇店,小売業,家具・調度品,5%
熊本県,熊本市南区,ｊａｃｋａｒｏｐｅ,サービス,その他サービス,5%
熊本県,熊本市南区,十徳や 近見店,サービス,飲食業,5%
熊本県,熊本市南区,城南給油所,小売業,ガソリンスタンド,2%
熊本県,熊本市南区,セブン－イレブン城南バイパス店,小売業,食料品,2%
熊本県,熊本市南区,食の幸 みのり,サービス,飲食業,5%
熊本県,熊本市南区,スーパーストアダイノブ城南店,小売業,食料品,5%
熊本県,熊本市南区,すたみな太郎 熊本浜線店,サービス,飲食業,5%
熊本県,熊本市南区,スポーツハヤカワ クリスタルモール店,小売業,その他小売,5%
熊本県,熊本市南区,チカミノアゲピザ,サービス,飲食業,5%
熊本県,熊本市南区,ＴＶＲ株式会社,その他業種,ー,5%
熊本県,熊本市南区,でんきのサントップ城南店,小売業,電化製品,5%
熊本県,熊本市南区,電気プラザほんだ力合店,小売業,電化製品,5%
熊本県,熊本市南区,トヨタレンタリース熊本近見店,サービス,その他サービス,2%
熊本県,熊本市南区,トヨタレンタリース熊本 近見店,サービス,その他サービス,2%
熊本県,熊本市南区,９ ｈａｉｒ ｄｅｓｉｇｎ ９ ｈａｉｒ ｄｅｓｉｇｎ,サービス,理容・美容業,5%
熊本県,熊本市南区,ＮＥＶＥＲＬＡＮＤ 平成店,サービス,理容・美容業,5%
熊本県,熊本市南区,ハートフルサロンひかり,サービス,理容・美容業,5%
熊本県,熊本市南区,パッチワークキルトスタジオＭＡＲＩＫＯ,その他業種,ー,5%
熊本県,熊本市南区,ＴＲＥＮＴＥＥＴＵＮ,小売業,食料品,5%
熊本県,熊本市南区,パナソニックの店 エースデンキ,小売業,電化製品,5%
熊本県,熊本市南区,ＢＥＡＣＨ ＬＩＮＥ ＢＩＣＹＣＬＥ,小売業,その他小売,5%
熊本県,熊本市南区,ビーライン 近見店,小売業,その他小売,5%
熊本県,熊本市南区,ビーライン 浜線店,小売業,その他小売,5%
熊本県,熊本市南区,ピザポケット 田迎店,小売業,その他小売,5%
熊本県,熊本市南区,美容ピュア 熊本はません店,サービス,理容・美容業,5%
熊本県,熊本市南区,ヒライ島町店,小売業,食料品,5%
熊本県,熊本市南区,ヒライ田迎けやき通り店,小売業,食料品,5%
熊本県,熊本市南区,ヒライ近見店,小売業,食料品,5%
熊本県,熊本市南区,ヒライ天明奥古閑店,小売業,食料品,5%
熊本県,熊本市南区,ヒライ富合基地前店,小売業,食料品,5%
熊本県,熊本市南区,ヒライ富合店,小売業,食料品,5%
熊本県,熊本市南区,ブイワン西本,小売業,電化製品,5%
熊本県,熊本市南区,フォセットイオンタウン西熊本店,小売業,その他小売,5%
熊本県,熊本市南区,美容室ニュアンス,サービス,理容・美容業,5%
熊本県,熊本市南区,（資）正清電器,小売業,電化製品,5%
熊本県,熊本市南区,無法松 田井島店,小売業,その他小売,5%
熊本県,熊本市南区,無法松 田井島店,小売業,その他小売,5%
熊本県,熊本市南区,モイスティーヌＰｒｉｎｃｅｓｓ近見店,小売業,その他小売,5%
熊本県,熊本市南区,モイスティーヌＰｒｉｎｃｅｓｓ近見店,その他業種,ー,5%
熊本県,熊本市南区,元三茶屋寛蔵,サービス,飲食業,5%
熊本県,熊本市南区,モリタゴルフ 熊本店Ｇ,小売業,その他小売,5%
熊本県,熊本市南区,モリタゴルフ 熊本店,小売業,その他小売,5%
熊本県,熊本市南区,モリタゴルフ熊本店,小売業,その他小売,5%
熊本県,熊本市南区,焼肉なべしま 熊本十禅寺店,サービス,飲食業,5%
熊本県,熊本市南区,焼肉なべしま 田井島店,サービス,飲食業,5%
熊本県,熊本市南区,有限会社シングル商会,小売業,その他小売,5%
熊本県,熊本市南区,有限会社九州インターネットサービス,小売業,電化製品,5%
熊本県,熊本市南区,有限会社三粧 有限会社 三粧,サービス,理容・美容業,5%
熊本県,熊本市南区,有限会社車輪館オクムラ しゃりんかん 浜線店,小売業,その他小売,5%
熊本県,熊本市南区,有限会社 真珠のファースト,小売業,貴金属・服飾品,5%
熊本県,熊本市南区,有限会社メガネのあらき,その他業種,ー,5%
熊本県,熊本市南区,ゆめタウンはませんハビタはません店,サービス,理容・美容業,5%
熊本県,熊本市南区,よしかわクリーニング,サービス,その他サービス,5%
熊本県,熊本市南区,Ｌａｐｉｓ,サービス,その他サービス,5%
熊本県,熊本市南区,ＲＩＮ ＢＥＬＬＥ ＨＡＩＲ,サービス,理容・美容業,5%
熊本県,熊本市南区,ロイヤルスタジオ 浜線店,その他業種,ー,5%
熊本県,熊本市南区,和食さつき 和食さつき,サービス,飲食業,5%
熊本県,熊本市南区,ＯＮＥ＋ＯＮＥＳＴＯＲＥ,小売業,衣料品,5%
熊本県,甲佐町,株式会社坂本白蟻工業,サービス,その他サービス,5%
熊本県,甲佐町,ｇｒａｎｋｓ,小売業,その他小売,5%
熊本県,甲佐町,セブン－イレブン甲佐糸田店,小売業,食料品,2%
熊本県,甲佐町,セントラルＳＳ,小売業,ガソリンスタンド,2%
熊本県,甲佐町,田上モータース,サービス,その他サービス,5%
熊本県,甲佐町,（資）土田時計電器店,小売業,電化製品,5%
熊本県,合志市,新居商店,小売業,総合（非専門）,5%
熊本県,合志市,アレーズ光の森,小売業,衣料品,5%
熊本県,合志市,ａｎｄＴ,サービス,理容・美容業,5%
熊本県,合志市,出光須屋ＳＳ,小売業,ガソリンスタンド,2%
熊本県,合志市,出光ソレイユ菊鹿線ＳＳ,小売業,ガソリンスタンド,2%
熊本県,合志市,インマイライフ,小売業,その他小売,5%
熊本県,合志市,うつわ屋,小売業,その他小売,5%
熊本県,合志市,ＥＴＥＲＮＩＴＹｎａｉｌ,サービス,その他サービス,5%
熊本県,合志市,エノウ電器,小売業,電化製品,5%
熊本県,合志市,カレーハウスＣｏＣｏ壱番屋熊本合志南口店,サービス,飲食業,2%
熊本県,合志市,菊池高木ＳＳ,小売業,ガソリンスタンド,2%
熊本県,合志市,清正グループ ２０５,サービス,運輸業,5%
熊本県,合志市,セブン－イレブン熊本カントリーパーク前店,小売業,食料品,2%
熊本県,合志市,合志ＳＳ,小売業,ガソリンスタンド,2%
熊本県,合志市,セブン－イレブン合志幾久富店,小売業,食料品,2%
熊本県,合志市,セブン－イレブン合志木原野店,小売業,食料品,2%
熊本県,合志市,セブン－イレブン合志黒石原店,小売業,食料品,2%
熊本県,合志市,セブン－イレブン合志新須屋駅前店,小売業,食料品,2%
熊本県,合志市,セブン－イレブン合志須屋南店,小売業,食料品,2%
熊本県,合志市,セブン－イレブン合志西南中入口店,小売業,食料品,2%
熊本県,合志市,セブン－イレブン合志竹迫店,小売業,食料品,2%
熊本県,合志市,セブン－イレブン合志三ツ石駅前店,小売業,食料品,2%
熊本県,合志市,セブン－イレブン合志ユーパレス弁天前店,小売業,食料品,2%
熊本県,合志市,シティコンタクト 合志店,小売業,その他小売,5%
熊本県,合志市,須屋ＳＳ,小売業,ガソリンスタンド,2%
熊本県,合志市,テクノワーク,小売業,その他小売,5%
熊本県,合志市,鉄板焼 太郎 アンビー熊本店,サービス,飲食業,5%
熊本県,合志市,でんきのサントップ,小売業,電化製品,5%
熊本県,合志市,パークサイドＳＳ,小売業,ガソリンスタンド,2%
熊本県,合志市,ハローデイ菊南店,小売業,食料品,5%
熊本県,合志市,Ｐ－ｎｕｔ．ｈａｉｒ,サービス,理容・美容業,5%
熊本県,合志市,ビーライン 合志店,小売業,その他小売,5%
熊本県,合志市,ヒライ黒石店,小売業,食料品,5%
熊本県,合志市,ヒライ合志店,小売業,食料品,5%
熊本県,合志市,トータルサロン福屋。,サービス,理容・美容業,5%
熊本県,合志市,ＦＬＡＶＯＲ 合志店,小売業,衣料品,5%
熊本県,合志市,ｈａｉｒａｎｄｍａｋｅＬｕｃｉＡｍｏｂ,サービス,理容・美容業,5%
熊本県,合志市,Ｈａｉｒ Ｃｕｏｒｅ,サービス,理容・美容業,5%
熊本県,合志市,ポップ・スタイル株式会社,その他業種,ー,5%
熊本県,相良村,相良ＳＳ,小売業,ガソリンスタンド,2%
熊本県,高森町,阿蘇観光タクシー 熊本５００あ５５１６,サービス,運輸業,5%
熊本県,高森町,阿蘇観光タクシー 熊本５００あ４２２６,サービス,運輸業,5%
熊本県,高森町,阿蘇観光タクシー 熊本５００あ２３５１,サービス,運輸業,5%
熊本県,高森町,飯塚モータース,小売業,その他小売,5%
熊本県,高森町,黒柴コーヒー,サービス,飲食業,5%
熊本県,高森町,スーパーみついアスカ店,小売業,総合（非専門）,5%
熊本県,高森町,高森ＳＳ,小売業,ガソリンスタンド,2%
熊本県,玉名市,池田電器,小売業,電化製品,5%
熊本県,玉名市,石貫ＳＳ,小売業,ガソリンスタンド,2%
熊本県,玉名市,一般社団法人玉名観光協会 観光ほっとプラザたまララ,小売業,その他小売,5%
熊本県,玉名市,出光玉名ＳＳ,小売業,ガソリンスタンド,2%
熊本県,玉名市,小天給油所,小売業,ガソリンスタンド,2%
熊本県,玉名市,カットハウスジュラン,サービス,理容・美容業,5%
熊本県,玉名市,加登屋無線電機商会,小売業,電化製品,5%
熊本県,玉名市,カフェ ハート・フル,サービス,飲食業,5%
熊本県,玉名市,株式会社 木村写真館,サービス,その他サービス,5%
熊本県,玉名市,カレーハウスＣｏＣｏ壱番屋熊本玉名店,サービス,飲食業,2%
熊本県,玉名市,川口自動車整備工場 川口自動車整備工場,サービス,その他サービス,5%
熊本県,玉名市,韓国焼肉まだん,サービス,飲食業,5%
熊本県,玉名市,菊川商店,小売業,総合（非専門）,5%
熊本県,玉名市,木村海苔売店,小売業,食料品,5%
熊本県,玉名市,九州看護福祉大学内 売店,小売業,衣料品,5%
熊本県,玉名市,グッデイ 玉名店,小売業,その他小売,5%
熊本県,玉名市,熊本トヨタ自動車 玉名店,小売業,その他小売,5%
熊本県,玉名市,熊本トヨペット玉名店,小売業,その他小売,5%
熊本県,玉名市,熊本ヤクルト 玉名センター,小売業,食料品,5%
熊本県,玉名市,車倶楽部,サービス,その他サービス,5%
熊本県,玉名市,黄金館,サービス,宿泊業,5%
熊本県,玉名市,ゴルフショップナンバーワン,小売業,その他小売,5%
熊本県,玉名市,さつき別荘,サービス,宿泊業,5%
熊本県,玉名市,サンパル玉名ＳＳ,小売業,ガソリンスタンド,2%
熊本県,玉名市,ＳＲＥＤ 【スレッド】,サービス,理容・美容業,5%
熊本県,玉名市,創作料理じゅんの里,サービス,飲食業,5%
熊本県,玉名市,岱電トラストグッドホーム,サービス,その他サービス,5%
熊本県,玉名市,セブン－イレブン岱明町高道店,小売業,食料品,2%
熊本県,玉名市,セブン－イレブン玉名伊倉店,小売業,食料品,2%
熊本県,玉名市,セブン－イレブン玉名岩崎店,小売業,食料品,2%
熊本県,玉名市,玉名大倉給油所,小売業,ガソリンスタンド,2%
熊本県,玉名市,たまな自然食品店,小売業,食料品,5%
熊本県,玉名市,セブン－イレブン玉名寺田店,小売業,食料品,2%
熊本県,玉名市,セブン－イレブン玉名中店,小売業,食料品,2%
熊本県,玉名市,玉名東ＳＳ,小売業,ガソリンスタンド,2%
熊本県,玉名市,セブン－イレブン玉名山田店,小売業,食料品,2%
熊本県,玉名市,でんきハウスマキシマ,小売業,電化製品,5%
熊本県,玉名市,電気プラザにしやま,小売業,電化製品,5%
熊本県,玉名市,セブン－イレブン天水小天店,小売業,食料品,2%
熊本県,玉名市,天水町ＳＳ,小売業,ガソリンスタンド,2%
熊本県,玉名市,德永自動車,サービス,その他サービス,5%
熊本県,玉名市,ＴＯＭＩＳＡＬＯＮ岩崎店,サービス,理容・美容業,5%
熊本県,玉名市,トヨタレンタリース熊本玉名店,サービス,その他サービス,2%
熊本県,玉名市,Ｂａｒ ｓｏｆａ,サービス,飲食業,5%
熊本県,玉名市,パナックス タナカ,小売業,電化製品,5%
熊本県,玉名市,花屋 Ｒａｕｎｉ,小売業,その他小売,5%
熊本県,玉名市,ビーライン 玉名店,小売業,その他小売,5%
熊本県,玉名市,ヒライ岱明店,小売業,食料品,5%
熊本県,玉名市,ヒライ岱明町高道店,小売業,食料品,5%
熊本県,玉名市,ヒライ天水店,小売業,食料品,5%
熊本県,玉名市,株 藤木水産,小売業,食料品,5%
熊本県,玉名市,Ｂｌｉｔｅ,サービス,その他サービス,5%
熊本県,玉名市,牧野ＳＳ 牧野石油,小売業,ガソリンスタンド,2%
熊本県,玉名市,マクドナルド玉名店,サービス,飲食業,2%
熊本県,玉名市,まるかんのお店ひかり玉名店,小売業,その他小売,5%
熊本県,玉名市,まんじゅう乃池田堂,小売業,食料品,5%
熊本県,玉名市,三原衣料 玉名店,小売業,衣料品,5%
熊本県,玉名市,メガネの大宝堂 玉名店,小売業,その他小売,5%
熊本県,玉名市,メガネの大宝堂 玉名店,小売業,その他小売,5%
熊本県,玉名市,ＭＯＴＯＤＡ ＤＥＳＩＧＮ ＭＯＴＯＤＡ ＤＥＳＩＧＮ,サービス,その他サービス,5%
熊本県,玉名市,森山モータース,小売業,その他小売,5%
熊本県,玉名市,柳屋茶舗 高瀬本店,小売業,食料品,5%
熊本県,玉名市,山もみじの宿 八芳園,サービス,宿泊業,5%
熊本県,玉名市,有限会社オルガン,小売業,衣料品,5%
熊本県,玉名市,有限会社古都 古都,サービス,飲食業,5%
熊本県,玉名市,有限会社ナガタ板金,小売業,衣料品,5%
熊本県,玉名市,横島ＳＳ,小売業,ガソリンスタンド,2%
熊本県,玉名市,横島１０番ＳＳ,小売業,ガソリンスタンド,2%
熊本県,玉名市,セブン－イレブン横島外平店,小売業,食料品,2%
熊本県,多良木町,ＣａｆｅＲｏｓｙ,小売業,衣料品,5%
熊本県,多良木町,久米ＳＳ,小売業,ガソリンスタンド,2%
熊本県,多良木町,セルフたらぎ,小売業,ガソリンスタンド,2%
熊本県,多良木町,多良木駅通りＳＳ,小売業,ガソリンスタンド,2%
熊本県,多良木町,多良木西ＳＳ,小売業,ガソリンスタンド,2%
熊本県,多良木町,那須宝来堂,サービス,飲食業,5%
熊本県,多良木町,那須宝来堂,サービス,飲食業,5%
熊本県,多良木町,株式会社人吉石油多良木営業所,小売業,その他小売,5%
熊本県,多良木町,丸昭建材 多良木店,サービス,その他サービス,5%
熊本県,長洲町,寺本電気商会,小売業,電化製品,5%
熊本県,長洲町,電気プラザさかなし,小売業,電化製品,5%
熊本県,長洲町,長洲ＳＳ,小売業,ガソリンスタンド,2%
熊本県,長洲町,長洲本社ＳＳ,小売業,ガソリンスタンド,2%
熊本県,長洲町,セブン－イレブン長洲町長洲店,小売業,食料品,2%
熊本県,長洲町,ルシェルブルー,サービス,飲食業,5%
熊本県,南関町,セブン－イレブン九州道玉名ＰＡ上り店,小売業,食料品,2%
熊本県,南関町,くしげＳＳ,小売業,ガソリンスタンド,2%
熊本県,南関町,南関ＳＳ,小売業,ガソリンスタンド,2%
熊本県,南関町,南関西ＳＳ,小売業,ガソリンスタンド,2%
熊本県,南関町,三池焼,その他業種,ー,5%
熊本県,錦町,イスミ 錦店,小売業,食料品,5%
熊本県,錦町,イスミ錦店,小売業,食料品,5%
熊本県,錦町,セブン－イレブン球磨錦町店,小売業,食料品,2%
熊本県,錦町,Ｓｌａｐｓｔｉｃｋ－Ｐｈｏｔｏ,サービス,その他サービス,5%
熊本県,錦町,セルフにしき,小売業,ガソリンスタンド,2%
熊本県,錦町,明屋書店シティ店,小売業,書籍・玩具・音楽ＣＤ,5%
熊本県,錦町,ヒライ球磨錦町店,小売業,食料品,5%
熊本県,錦町,有限会社フルフル,小売業,家具・調度品,5%
熊本県,西原村,出光西原ＳＳ,小売業,ガソリンスタンド,2%
熊本県,西原村,ＯＲＴＯ,サービス,飲食業,5%
熊本県,西原村,ｓａｍｕｌｏ合同会社,小売業,貴金属・服飾品,5%
熊本県,西原村,３１０食堂,サービス,飲食業,5%
熊本県,西原村,笑家,サービス,飲食業,5%
熊本県,西原村,高遊原店,小売業,総合（非専門）,5%
熊本県,西原村,旅宿ラッシー,サービス,宿泊業,5%
熊本県,西原村,旅宿ラッシー,サービス,宿泊業,5%
熊本県,西原村,旅宿ラッシー,サービス,宿泊業,5%
熊本県,西原村,ｃｈａｎｇーｐｌａｎｔ,サービス,飲食業,5%
熊本県,西原村,ヒライ西原店,小売業,食料品,5%
熊本県,西原村,わらび餅工房旬香,サービス,飲食業,5%
熊本県,氷川町,カワマタシステムズ,小売業,電化製品,5%
熊本県,氷川町,なかじま動物病院,サービス,その他サービス,5%
熊本県,氷川町,セブンーイレブン氷川鹿島店,小売業,食料品,2%
熊本県,氷川町,氷川町竜北物産館,小売業,食料品,5%
熊本県,氷川町,セブン－イレブン氷川宮原店,小売業,食料品,2%
熊本県,氷川町,夢元,サービス,飲食業,5%
熊本県,氷川町,セブン－イレブン八代氷川町店,小売業,食料品,2%
熊本県,人吉市,アンジェリーク平安,サービス,宿泊業,5%
熊本県,人吉市,イスミ 本店,小売業,食料品,5%
熊本県,人吉市,イスミインター店,小売業,食料品,5%
熊本県,人吉市,イスミ本店,小売業,食料品,5%
熊本県,人吉市,出光人吉ＳＳ,小売業,ガソリンスタンド,2%
熊本県,人吉市,お仏壇のやまぐち,小売業,その他小売,5%
熊本県,人吉市,おもちゃと人形のコグマランド,小売業,その他小売,5%
熊本県,人吉市,㈱ふじき本店,その他業種,ー,5%
熊本県,人吉市,かめ家 ダイニング,サービス,飲食業,5%
熊本県,人吉市,がんばるでんき,小売業,電化製品,5%
熊本県,人吉市,球磨焼酎ミュージアム白岳伝承蔵,小売業,その他小売,5%
熊本県,人吉市,くまもと菓房人吉店,小売業,食料品,5%
熊本県,人吉市,熊本トヨタ自動車人吉店,小売業,その他小売,5%
熊本県,人吉市,熊本トヨペット人吉店,小売業,その他小売,5%
熊本県,人吉市,熊本ヤクルト 人吉センター,小売業,食料品,5%
熊本県,人吉市,合資会社緑屋本店,小売業,食料品,5%
熊本県,人吉市,国際観光旅館 鍋屋本館,小売業,ガソリンスタンド,2%
熊本県,人吉市,五島デンキ商会,小売業,電化製品,5%
熊本県,人吉市,シシリアン．,サービス,飲食業,5%
熊本県,人吉市,シャリバリ レディース,小売業,衣料品,5%
熊本県,人吉市,シューズナポリ 靴 バッグナポリ,小売業,その他小売,5%
熊本県,人吉市,Ｓｉｍｐｌｅ Ｓｌｅｅｐ,サービス,宿泊業,5%
熊本県,人吉市,ステーションビジネスホテル天守閣,サービス,その他サービス,5%
熊本県,人吉市,清流山水花 あゆの里,サービス,宿泊業,5%
熊本県,人吉市,セレモニーやまおく人吉,小売業,その他小売,5%
熊本県,人吉市,繊月酒造,小売業,食料品,5%
熊本県,人吉市,チャイルドブティックミルク,小売業,衣料品,5%
熊本県,人吉市,永池デンキ商会,小売業,電化製品,5%
熊本県,人吉市,国際観光旅館鍋屋本館,サービス,宿泊業,5%
熊本県,人吉市,ラフティングハッピーサプライズ,サービス,その他サービス,5%
熊本県,人吉市,パナランドヤマモト,小売業,電化製品,5%
熊本県,人吉市,ビジネスホテル人吉,サービス,宿泊業,5%
熊本県,人吉市,人吉温泉しらさぎ荘,サービス,宿泊業,5%
熊本県,人吉市,人吉温泉物産館,小売業,その他小売,5%
熊本県,人吉市,セブン－イレブン人吉瓦屋町店,小売業,食料品,2%
熊本県,人吉市,セブン－イレブン人吉蟹作町店,小売業,食料品,2%
熊本県,人吉市,人吉給油所,小売業,ガソリンスタンド,2%
熊本県,人吉市,セブン－イレブン人吉下青井町店,小売業,食料品,2%
熊本県,人吉市,セブン－イレブン人吉下林店,小売業,食料品,2%
熊本県,人吉市,セブン－イレブン人吉下原田町店,小売業,食料品,2%
熊本県,人吉市,セブン－イレブン人吉鶴田町店,小売業,食料品,2%
熊本県,人吉市,セブン－イレブン人吉西間上町店,小売業,食料品,2%
熊本県,人吉市,人吉旅館,サービス,宿泊業,5%
熊本県,人吉市,ヒライ人吉相良町店,小売業,食料品,5%
熊本県,人吉市,フカミ寝具センター,小売業,総合（非専門）,5%
熊本県,人吉市,ブックマーケット エーツー 人吉店,小売業,書籍・玩具・音楽ＣＤ,5%
熊本県,人吉市,文具のオカモト,小売業,その他小売,5%
熊本県,人吉市,まちなかホテル丸一,サービス,宿泊業,5%
熊本県,人吉市,まめこや,サービス,飲食業,5%
熊本県,人吉市,丸恵本館,サービス,宿泊業,5%
熊本県,人吉市,丸昭建材 人吉店,小売業,その他小売,5%
熊本県,人吉市,光多制服 人吉店,小売業,衣料品,5%
熊本県,人吉市,焼肉なべしま 人吉店,サービス,飲食業,5%
熊本県,人吉市,矢黒ＳＳ,小売業,ガソリンスタンド,2%
熊本県,人吉市,ユキ電化,小売業,電化製品,5%
熊本県,人吉市,芳野旅館,サービス,宿泊業,5%
熊本県,人吉市,料理とビール きらく,サービス,飲食業,5%
熊本県,人吉市,旅館 翠嵐楼,サービス,宿泊業,5%
熊本県,益城町,オリックスレンタカー熊本空港益城店,サービス,その他サービス,2%
熊本県,益城町,家族風、酒肴の店 赤ちょうちん,サービス,飲食業,5%
熊本県,益城町,清正グループ １０８,サービス,運輸業,5%
熊本県,益城町,徳や十兵衛 益城店,サービス,飲食業,5%
熊本県,益城町,トヨタレンタリース熊本代車センター,サービス,その他サービス,2%
熊本県,益城町,Ｈａｉｒ ｄｅｓｉｇｎ Ｙｕｔｃｈｉ Ｈａｉｒ ｄｅｓｉｇｎ Ｙｕｔｃｈｉ,サービス,理容・美容業,5%
熊本県,益城町,ヘアーメイク むーぶ,サービス,理容・美容業,5%
熊本県,益城町,マツオ自動車工業,サービス,その他サービス,5%
熊本県,益城町,輸送団地ＳＳ,小売業,ガソリンスタンド,2%
熊本県,益城町,吉田自動車 ＢＩＧ ＢＩＫＥＲＳ 吉田自動車 ＢＩＧ ＢＩＫＥＲＳ,小売業,その他小売,5%
熊本県,美里町,出光亀山石油中央ＳＳ,小売業,ガソリンスタンド,2%
熊本県,美里町,桑野ＳＳ,小売業,ガソリンスタンド,2%
熊本県,美里町,ＳＡＵＳＡＧＥ ＦＥＳＴ,サービス,飲食業,5%
熊本県,美里町,美里町給油所,小売業,ガソリンスタンド,2%
熊本県,美里町,吉竹電気店,小売業,電化製品,5%
熊本県,美里町,レストラン木香里,サービス,飲食業,5%
熊本県,水上村,水上ＳＳ,小売業,ガソリンスタンド,2%
熊本県,水俣市,喜楽食堂,サービス,飲食業,5%
熊本県,水俣市,熊本トヨタ自動車水俣店,小売業,その他小売,5%
熊本県,水俣市,熊本トヨペット 水俣店,小売業,その他小売,5%
熊本県,水俣市,熊本トヨペット水俣店,小売業,その他小売,5%
熊本県,水俣市,ゲストハウス 湯治屋,サービス,宿泊業,5%
熊本県,水俣市,産九電化,小売業,電化製品,5%
熊本県,水俣市,セブン－イレブン新水俣駅前店,小売業,食料品,2%
熊本県,水俣市,大松電気,小売業,電化製品,5%
熊本県,水俣市,ＴＩＡＲＡ?Ｈａｉｒ Ｍａｋｅ?,サービス,理容・美容業,5%
熊本県,水俣市,ＴＳＳ住器,小売業,その他小売,2%
熊本県,水俣市,ビストロ バンボッシュ,サービス,飲食業,5%
熊本県,水俣市,ビストロバンボッシュ ビストロバンボッシュ,サービス,飲食業,5%
熊本県,水俣市,ヒライ水俣店,小売業,食料品,5%
熊本県,水俣市,前川家具店,小売業,家具・調度品,5%
熊本県,水俣市,水俣市場ＳＳ,小売業,ガソリンスタンド,2%
熊本県,水俣市,水俣ＳＳ,小売業,ガソリンスタンド,2%
熊本県,水俣市,セブン－イレブン水俣ひばりケ丘店,小売業,食料品,2%
熊本県,水俣市,ムグルマ電器,小売業,電化製品,5%
熊本県,水俣市,湯宿 鶴水荘,サービス,宿泊業,5%
熊本県,水俣市,和風ダイニング 遊食三昧,サービス,飲食業,5%
熊本県,南阿蘇村,カークリーン下田,サービス,その他サービス,5%
熊本県,南阿蘇村,カチーナトレーディング,小売業,衣料品,5%
熊本県,南阿蘇村,カフェ山猫軒,サービス,飲食業,5%
熊本県,南阿蘇村,カフェ山猫軒,サービス,飲食業,5%
熊本県,南阿蘇村,カフェ山猫軒,サービス,飲食業,5%
熊本県,南阿蘇村,きのこ亭,サービス,飲食業,5%
熊本県,南阿蘇村,キャラメル プディング,小売業,食料品,5%
熊本県,南阿蘇村,スーパーみつい中松店,小売業,総合（非専門）,5%
熊本県,南阿蘇村,立野ＳＳ,小売業,ガソリンスタンド,2%
熊本県,南阿蘇村,ちきゅうや,サービス,飲食業,5%
熊本県,南阿蘇村,でんきハウスウエダ,小売業,電化製品,5%
熊本県,南阿蘇村,でんきハウスウエダ,小売業,電化製品,5%
熊本県,南阿蘇村,でんきハウスウエダ 有限会社ウエダ電器,小売業,電化製品,5%
熊本県,南阿蘇村,白水温泉竹の倉山荘,サービス,宿泊業,5%
熊本県,南阿蘇村,ヒライ阿蘇立野店,小売業,食料品,5%
熊本県,南阿蘇村,別邸蘇庵,サービス,宿泊業,5%
熊本県,南阿蘇村,ペンション アンジェリカ,サービス,宿泊業,5%
熊本県,南阿蘇村,ペンション 木の実,サービス,宿泊業,5%
熊本県,南阿蘇村,南阿蘇,小売業,ガソリンスタンド,2%
熊本県,南阿蘇村,南阿蘇ＳＳ,小売業,ガソリンスタンド,2%
熊本県,南阿蘇村,南阿蘇ルナ天文台・オーベルジュ森のアトリエ,サービス,宿泊業,5%
熊本県,南阿蘇村,了廣寺 宿坊,サービス,宿泊業,5%
熊本県,南阿蘇村,旅館心乃間間,サービス,その他サービス,5%
熊本県,南阿蘇村,旅館心乃間間,サービス,宿泊業,5%
熊本県,南阿蘇村,Ｗａｋｋａ,サービス,その他サービス,5%
熊本県,南小国町,お宿 のし湯,サービス,宿泊業,5%
熊本県,南小国町,お宿のし湯,サービス,宿泊業,5%
熊本県,南小国町,お宿華坊,サービス,宿泊業,5%
熊本県,南小国町,株式会社ダイジン自動車,サービス,その他サービス,5%
熊本県,南小国町,黒川荘,サービス,宿泊業,5%
熊本県,南小国町,有限会社黒川荘,サービス,宿泊業,5%
熊本県,南小国町,黒川森のコテージ,サービス,宿泊業,5%
熊本県,南小国町,里の湯 和らく,サービス,宿泊業,5%
熊本県,南小国町,白玉っ子甘味茶屋 白玉っ子,サービス,飲食業,5%
熊本県,南小国町,静寂な森の宿 山しのぶ,サービス,宿泊業,5%
熊本県,南小国町,瀬の本ＳＳ,小売業,ガソリンスタンド,2%
熊本県,南小国町,蕎麦菜,サービス,飲食業,5%
熊本県,南小国町,つけものやのおつけもの,小売業,食料品,5%
熊本県,南小国町,華匠庵,サービス,宿泊業,5%
熊本県,南小国町,離れ宿 山咲,サービス,宿泊業,5%
熊本県,南小国町,秘境白川源泉山荘 竹ふえ,サービス,宿泊業,5%
熊本県,南小国町,ふじ屋,サービス,宿泊業,5%
熊本県,南小国町,ポーランの笛,サービス,その他サービス,5%
熊本県,南小国町,帆山亭,サービス,宿泊業,5%
熊本県,南小国町,南小国給油所,小売業,ガソリンスタンド,2%
熊本県,南小国町,夢龍胆,サービス,宿泊業,5%
熊本県,南小国町,旅館 南城苑,サービス,宿泊業,5%
熊本県,南小国町,旅館壱の井,サービス,その他サービス,5%
熊本県,南小国町,旅館湯之迫,サービス,宿泊業,5%
熊本県,南小国町,旅館湯本荘,サービス,宿泊業,5%
熊本県,御船町,一休本舗 御船店,小売業,食料品,5%
熊本県,御船町,ｏｒｉｒｉ－ｍｆｇ,小売業,家具・調度品,5%
熊本県,御船町,熊本ヤクルト 御船センター,小売業,食料品,5%
熊本県,御船町,フランクール,その他業種,ー,5%
熊本県,御船町,御船ＳＳ,小売業,ガソリンスタンド,2%
熊本県,御船町,有限会社成瀬でんき,小売業,電化製品,5%
熊本県,御船町,有限会社成瀬でんき,小売業,電化製品,5%
熊本県,八代市,アルマ つのだ本店,小売業,食料品,5%
熊本県,八代市,泉町給油所,小売業,ガソリンスタンド,2%
熊本県,八代市,一休本舗 海士ヶ江店,小売業,食料品,5%
熊本県,八代市,出光郡築ＳＳ,小売業,ガソリンスタンド,2%
熊本県,八代市,出光千丁新牟田ＳＳ,小売業,ガソリンスタンド,2%
熊本県,八代市,有限会社稲崎石油 鏡ＳＳ,小売業,ガソリンスタンド,2%
熊本県,八代市,井原モータース,サービス,その他サービス,5%
熊本県,八代市,ＩＮよりふじ,小売業,電化製品,5%
熊本県,八代市,上塚釣具店,小売業,その他小売,5%
熊本県,八代市,ウエムラ電機,小売業,電化製品,5%
熊本県,八代市,エコ電ＳＢＱ八代店,小売業,電化製品,5%
熊本県,八代市,エステ ＷＡＭ 八代店,サービス,理容・美容業,5%
熊本県,八代市,オガタ電器,小売業,電化製品,5%
熊本県,八代市,沖田商店 沖田商店,小売業,その他小売,5%
熊本県,八代市,オステリアルミニ,サービス,飲食業,5%
熊本県,八代市,お仏壇・墓石の千寿八代店,小売業,その他小売,5%
熊本県,八代市,鏡町ＳＳ,小売業,ガソリンスタンド,2%
熊本県,八代市,ｃａｆｅ ｂａｒ ＺＡＰ,サービス,飲食業,5%
熊本県,八代市,株式会社佛壇の古屋鋪 八代店,小売業,家具・調度品,5%
熊本県,八代市,かや亭,サービス,飲食業,5%
熊本県,八代市,ガレージ ヴォーグ,小売業,その他小売,5%
熊本県,八代市,カレーハウスＣｏＣｏ壱番屋八代松江町店,サービス,飲食業,2%
熊本県,八代市,河野プロパン瓦斯,小売業,その他小売,5%
熊本県,八代市,ギフトのデパート アムローズ,小売業,その他小売,5%
熊本県,八代市,ギャンｈａｉｒ,サービス,理容・美容業,5%
熊本県,八代市,くすりの白十字,小売業,その他小売,5%
熊本県,八代市,熊本菓房八代店,小売業,食料品,5%
熊本県,八代市,熊本トヨタ自動車八代店,小売業,その他小売,5%
熊本県,八代市,熊本トヨペット八代店,小売業,その他小売,5%
熊本県,八代市,熊本ヤクルト 八代高田センター,小売業,食料品,5%
熊本県,八代市,グリーンヒル動物病院,その他業種,ー,5%
熊本県,八代市,くわさき洋装店,小売業,衣料品,5%
熊本県,八代市,合資会社油屋呉服店,小売業,衣料品,5%
熊本県,八代市,ＫｏＫＩＮ ＫｏＫＩＮ,小売業,総合（非専門）,5%
熊本県,八代市,ＳＡＩｓ,サービス,理容・美容業,5%
熊本県,八代市,株式会社ＳＵＮーＲＩＳＥ,小売業,その他小売,5%
熊本県,八代市,シーライン八代ＳＳ,小売業,ガソリンスタンド,2%
熊本県,八代市,ジェイツ－リスト九州 ゆめタウン八代店,サービス,その他サービス,5%
熊本県,八代市,シエスタルーム,小売業,総合（非専門）,5%
熊本県,八代市,嶋田車体,サービス,その他サービス,5%
熊本県,八代市,ＪＵＳＴ ＡＵＴＯＭＯＢＩＬＥ,小売業,その他小売,5%
熊本県,八代市,セブン－イレブン新八代駅前店,小売業,食料品,2%
熊本県,八代市,ＳＫＡ,サービス,理容・美容業,5%
熊本県,八代市,寿司日本料理葵,サービス,飲食業,5%
熊本県,八代市,スナック かすみ草,サービス,飲食業,5%
熊本県,八代市,生鮮センター古城店Ｄａウィン,小売業,総合（非専門）,5%
熊本県,八代市,セルフ坂本ＳＳ,小売業,ガソリンスタンド,2%
熊本県,八代市,セレモニーやまおく八代,小売業,その他小売,5%
熊本県,八代市,橙,サービス,飲食業,5%
熊本県,八代市,橙,サービス,飲食業,5%
熊本県,八代市,たくみ動物病院,サービス,その他サービス,5%
熊本県,八代市,田中町ＳＳ,小売業,ガソリンスタンド,2%
熊本県,八代市,ディスカウント たかしま,小売業,その他小売,5%
熊本県,八代市,でんきハウスいづみ,小売業,電化製品,5%
熊本県,八代市,Ｄｒ．Ｄｒｉｖｅゼロワン・コーダＳＳ,小売業,ガソリンスタンド,2%
熊本県,八代市,Ｄｒ．Ｄｒｉｖｅゼロワン・ムギシマＳＳ,小売業,ガソリンスタンド,2%
熊本県,八代市,トヨタレンタリース熊本八代店,サービス,その他サービス,2%
熊本県,八代市,西本電気店,小売業,電化製品,5%
熊本県,八代市,ｎａｉｌ ｓａｌｏｎ ＬＡＲＧＥ,サービス,その他サービス,5%
熊本県,八代市,Ｂａｒ ＯＮＥ ＰＥＡＣＥ,サービス,飲食業,5%
熊本県,八代市,ＨＡＰＰＹＴＩＭＥＤＩＲＥＣＴＩＯＮ,小売業,家具・調度品,5%
熊本県,八代市,ハヤカワ八代店,小売業,その他小売,5%
熊本県,八代市,久武電設,小売業,電化製品,5%
熊本県,八代市,日奈久温泉 柳屋旅館,サービス,宿泊業,5%
熊本県,八代市,美容室ピカイチ,サービス,理容・美容業,5%
熊本県,八代市,ヒライ八代鏡店,小売業,食料品,5%
熊本県,八代市,ヒライ八代南店,小売業,食料品,5%
熊本県,八代市,ふく福 八代店,サービス,飲食業,5%
熊本県,八代市,フレッシュしみず,小売業,総合（非専門）,5%
熊本県,八代市,ＨＡＩＲ ＤＥＳＩＧＮ Ｒｅｔｒｅａｔ,サービス,理容・美容業,5%
熊本県,八代市,ベルハウス,小売業,電化製品,5%
熊本県,八代市,便利屋！お助け本舗 熊本八代店,サービス,その他サービス,5%
熊本県,八代市,本社２,小売業,ガソリンスタンド,2%
熊本県,八代市,本社１,小売業,ガソリンスタンド,2%
熊本県,八代市,本社,小売業,ガソリンスタンド,2%
熊本県,八代市,本社ダミー,小売業,ガソリンスタンド,2%
熊本県,八代市,マクドナルド八代インター店,サービス,飲食業,2%
熊本県,八代市,マクドナルド八代松江店,サービス,飲食業,2%
熊本県,八代市,マンガ倉庫 八代店,小売業,その他小売,5%
熊本県,八代市,港町ＳＳ,小売業,ガソリンスタンド,2%
熊本県,八代市,宮本商店,サービス,その他サービス,5%
熊本県,八代市,明林堂書店八代旭中央店,小売業,その他小売,5%
熊本県,八代市,めがねの開眼堂 鏡店,小売業,その他小売,5%
熊本県,八代市,めがねの開眼堂 本町店,小売業,その他小売,5%
熊本県,八代市,めがねの開眼堂 田中町店,小売業,その他小売,5%
熊本県,八代市,めがねの開眼堂 本町店,小売業,その他小売,5%
熊本県,八代市,焼肉なべしま 八代店,サービス,飲食業,5%
熊本県,八代市,セブン－イレブン八代旭中央通り店,小売業,食料品,2%
熊本県,八代市,セブン－イレブン八代海士江町店,小売業,食料品,2%
熊本県,八代市,八代荒瀬ＳＳ,小売業,ガソリンスタンド,2%
熊本県,八代市,セブン－イレブン八代井上町店,小売業,食料品,2%
熊本県,八代市,セブン－イレブン八代インター店,小売業,食料品,2%
熊本県,八代市,セブン－イレブン八代植柳下町店,小売業,食料品,2%
熊本県,八代市,セブン－イレブン八代大手町店,小売業,食料品,2%
熊本県,八代市,セブン－イレブン八代鏡店,小売業,食料品,2%
熊本県,八代市,セブン－イレブン八代鏡町両出店,小売業,食料品,2%
熊本県,八代市,セブン－イレブン八代上片町店,小売業,食料品,2%
熊本県,八代市,セブン－イレブン八代北新地店,小売業,食料品,2%
熊本県,八代市,セブン－イレブン八代高下西町店,小売業,食料品,2%
熊本県,八代市,セブン－イレブン八代古閑浜店,小売業,食料品,2%
熊本県,八代市,やつしろコンタクト,小売業,その他小売,5%
熊本県,八代市,やつしろコンタクト,小売業,その他小売,5%
熊本県,八代市,セブン－イレブン八代敷川内町店,小売業,食料品,2%
熊本県,八代市,セブン－イレブン八代千丁町店,小売業,食料品,2%
熊本県,八代市,セブン－イレブン八代田中北町店,小売業,食料品,2%
熊本県,八代市,八代田中西町ＳＳ,小売業,ガソリンスタンド,2%
熊本県,八代市,セブン－イレブン八代田中西町店,小売業,食料品,2%
熊本県,八代市,セブン－イレブン八代築添町店,小売業,食料品,2%
熊本県,八代市,セブン－イレブン八代永碇店,小売業,食料品,2%
熊本県,八代市,セブン－イレブン八代八幡町店,小売業,食料品,2%
熊本県,八代市,セブン－イレブン八代古城町店,小売業,食料品,2%
熊本県,八代市,セブン－イレブン八代松高小学校前店,小売業,食料品,2%
熊本県,八代市,セブン－イレブン八代横手新町店,小売業,食料品,2%
熊本県,八代市,セブン－イレブン八代葭牟田店,小売業,食料品,2%
熊本県,八代市,有限会社 中川商会,小売業,食料品,5%
熊本県,八代市,有限会社あたらし屋旅館,その他業種,ー,5%
熊本県,八代市,有限会社魚弘,小売業,食料品,5%
熊本県,八代市,夢林檎美容室,サービス,理容・美容業,5%
熊本県,八代市,ラジオ．クロネコ,小売業,電化製品,5%
熊本県,八代市,リエジュゆめタウン八代店,小売業,貴金属・服飾品,5%
熊本県,山江村,セブン－イレブン九州道山江ＳＡ下り店,小売業,食料品,2%
熊本県,山江村,セブン－イレブン九州道山江ＳＡ上り店,小売業,食料品,2%
熊本県,山江村,山江温泉ほたる,サービス,宿泊業,5%
熊本県,山鹿市,アウトレットカーセレクト,サービス,その他サービス,2%
熊本県,山鹿市,ａｎｄ ＣＡＦＥ,サービス,飲食業,5%
熊本県,山鹿市,ａｎｄ ＣＡＦＥ,サービス,飲食業,5%
熊本県,山鹿市,イーケーカンパニー株式会社,サービス,その他サービス,5%
熊本県,山鹿市,出光セルフ山鹿ＳＳ,小売業,ガソリンスタンド,2%
熊本県,山鹿市,有働自動車鈑金塗装,サービス,その他サービス,5%
熊本県,山鹿市,エガミ屋,小売業,貴金属・服飾品,5%
熊本県,山鹿市,エステサロンシュシュ,サービス,理容・美容業,5%
熊本県,山鹿市,海鮮レストランやまがや,小売業,食料品,5%
熊本県,山鹿市,鹿央町ＳＳ,小売業,ガソリンスタンド,2%
熊本県,山鹿市,鹿央町広ＳＳ,小売業,ガソリンスタンド,2%
熊本県,山鹿市,家族湯旅館いまむら,サービス,宿泊業,5%
熊本県,山鹿市,鹿北ＳＳ,小売業,ガソリンスタンド,2%
熊本県,山鹿市,セブン－イレブン鹿本高橋店,小売業,食料品,2%
熊本県,山鹿市,セブン－イレブン鹿本御宇田店,小売業,食料品,2%
熊本県,山鹿市,かもとＳＳ 株式会社山鹿ホールディングス,小売業,ガソリンスタンド,2%
熊本県,山鹿市,カレーハウスＣｏＣｏ壱番屋熊本山鹿店,サービス,飲食業,2%
熊本県,山鹿市,来民ＳＳ,小売業,ガソリンスタンド,2%
熊本県,山鹿市,熊本トヨタ自動車山鹿店,小売業,その他小売,5%
熊本県,山鹿市,熊本トヨペット 山鹿店,小売業,その他小売,5%
熊本県,山鹿市,蔵ＢＵＺＥＮ,サービス,飲食業,5%
熊本県,山鹿市,有限会社 こだわり亭,サービス,飲食業,5%
熊本県,山鹿市,Ｃ＆Ｓのなか,小売業,総合（非専門）,5%
熊本県,山鹿市,セルフ山鹿ＳＳ,小売業,ガソリンスタンド,2%
熊本県,山鹿市,染、手作り工房かみや,小売業,その他小売,5%
熊本県,山鹿市,中村 スポーツ 中村 スポーツ,小売業,その他小売,5%
熊本県,山鹿市,パナランド まえかわ,小売業,電化製品,5%
熊本県,山鹿市,美容ピュア山鹿店,サービス,理容・美容業,5%
熊本県,山鹿市,ヒライ山鹿店,小売業,食料品,5%
熊本県,山鹿市,ホ－ム電器,小売業,電化製品,5%
熊本県,山鹿市,マクドナルド３号線山鹿店,サービス,飲食業,2%
熊本県,山鹿市,無法松 山鹿店,小売業,その他小売,5%
熊本県,山鹿市,セブン－イレブン山鹿大橋通店,小売業,食料品,2%
熊本県,山鹿市,山鹿温泉 清流荘,サービス,宿泊業,5%
熊本県,山鹿市,山鹿温泉 眺山庭,サービス,宿泊業,5%
熊本県,山鹿市,セブン－イレブン山鹿鹿校通店,小売業,食料品,2%
熊本県,山鹿市,山鹿下町ＳＳ,小売業,ガソリンスタンド,2%
熊本県,山鹿市,山鹿中央通ＳＳ,小売業,ガソリンスタンド,2%
熊本県,山鹿市,セブン－イレブン山鹿中央通り店,小売業,食料品,2%
熊本県,山鹿市,やまが野火焼 ろくよう窯,小売業,その他小売,5%
熊本県,山鹿市,山鹿日置ＳＳ,小売業,ガソリンスタンド,2%
熊本県,山鹿市,セブン－イレブン山鹿三岳店,小売業,食料品,2%
熊本県,山鹿市,ヤマノテ,小売業,その他小売,5%
熊本県,山鹿市,山懐の宿 一木一草,サービス,宿泊業,5%
熊本県,山鹿市,有限会社友枝モータース,サービス,その他サービス,5%
熊本県,山鹿市,有限会社原田食品製造所,小売業,食料品,5%
熊本県,山鹿市,夢大地食菜館,小売業,総合（非専門）,5%
熊本県,山鹿市,夢大地食菜館 三岳店,小売業,総合（非専門）,5%
熊本県,山鹿市,夢大地食菜館 米田店,小売業,総合（非専門）,5%
熊本県,山鹿市,ＲＩＣＨＨＡＩＲＤＥＳＩＧＮ,サービス,理容・美容業,5%
熊本県,山都町,セレモニーやまおく矢部,小売業,その他小売,5%
熊本県,山都町,通潤酒造,小売業,その他小売,5%
熊本県,山都町,プラザカイ,小売業,電化製品,5%
熊本県,山都町,ふれあいショップセイワ,小売業,総合（非専門）,5%
熊本県,山都町,馬見原バイパスＳＳ,小売業,ガソリンスタンド,2%
熊本県,山都町,萬石酒販有限会社 酒のヤマト,小売業,食料品,5%
熊本県,山都町,矢部ＳＳ,小売業,ガソリンスタンド,2%
熊本県,山都町,矢部ＳＳ,小売業,ガソリンスタンド,2%
熊本県,湯前町,庄籠製菓舗,小売業,食料品,5%
熊本県,湯前町,ナガマツ電器,小売業,電化製品,5%
熊本県,湯前町,湯前ＳＳ,小売業,ガソリンスタンド,2%
熊本県,苓北町,一力,サービス,飲食業,5%
熊本県,苓北町,草場ＳＳ,小売業,ガソリンスタンド,2%
熊本県,苓北町,坂田無線商会,小売業,電化製品,5%
熊本県,苓北町,セルフ苓北給油所,小売業,ガソリンスタンド,2%
熊本県,苓北町,民宿 大漁丸,サービス,宿泊業,5%
熊本県,苓北町,有限会社苓北真珠,その他業種,ー,5%
熊本県,苓北町,ユ－マ－トひらた,小売業,総合（非専門）,5%
熊本県,和水町,ｋｉｎｏｎ ｃａｆｅ＆ａｒｔｓ,サービス,飲食業,5%
熊本県,和水町,クリエイト,小売業,電化製品,5%
熊本県,和水町,旬彩ＳＯＢＡ常次郎庵,サービス,飲食業,5%
熊本県,和水町,ナゴミマルシェ菊屋 みかん店,小売業,食料品,5%
熊本県,和水町,ナゴミマルシェ菊屋 りんご店,小売業,食料品,5%
熊本県,和水町,ぱんのわ ぱんのわ,小売業,食料品,5%
熊本県,和水町,三加和ＳＳ,小売業,ガソリンスタンド,2%
