富山県,朝日町,朝日インタ－ＳＳ,小売業,ガソリンスタンド,2%
富山県,朝日町,出光朝日ＳＳ,小売業,ガソリンスタンド,2%
富山県,朝日町,出光朝日国道ＳＳ,小売業,ガソリンスタンド,2%
富山県,朝日町,小川温泉ホテルおがわ,サービス,宿泊業,5%
富山県,朝日町,黒東タクシー ６０１号,サービス,その他サービス,5%
富山県,朝日町,電化ショップしみず 電化ショップしみず,小売業,電化製品,5%
富山県,朝日町,セブン－イレブン富山朝日町月山店,小売業,食料品,2%
富山県,朝日町,坂東電器,小売業,電化製品,5%
富山県,朝日町,堀川オートサービス,サービス,その他サービス,5%
富山県,朝日町,堀川オートサービス,小売業,その他小売,5%
富山県,朝日町,ワークショップ イワタ,小売業,衣料品,5%
富山県,射水市,アーノス,サービス,理容・美容業,5%
富山県,射水市,アイビー動物病院,サービス,その他サービス,5%
富山県,射水市,赤ちゃんデパート水谷 アルプラザ小杉店,小売業,衣料品,5%
富山県,射水市,秋吉 新湊店,サービス,飲食業,5%
富山県,射水市,秋吉 太閤山店,サービス,飲食業,5%
富山県,射水市,あまおか寝具店,小売業,衣料品,5%
富山県,射水市,Ａｙｕ夢Ｓｈｏｐ,小売業,電化製品,5%
富山県,射水市,アン・ルージュ,サービス,理容・美容業,5%
富山県,射水市,アン ルージュ,サービス,理容・美容業,5%
富山県,射水市,出光大島ＳＳ,小売業,ガソリンスタンド,2%
富山県,射水市,出光大島企業団地ＳＳ,小売業,ガソリンスタンド,2%
富山県,射水市,出光白石ＳＳ,小売業,ガソリンスタンド,2%
富山県,射水市,出光新湊バイパスＳＳ,小売業,ガソリンスタンド,2%
富山県,射水市,出光作道ＳＳ,小売業,ガソリンスタンド,2%
富山県,射水市,セブン－イレブン射水小杉インター店,小売業,食料品,2%
富山県,射水市,セブン－イレブン射水七美店,小売業,食料品,2%
富山県,射水市,セブン－イレブン射水昭和通店,小売業,食料品,2%
富山県,射水市,セブン－イレブン射水太閤山東店,小売業,食料品,2%
富山県,射水市,セブン－イレブン射水作道店,小売業,食料品,2%
富山県,射水市,セブン－イレブン射水ひばり店,小売業,食料品,2%
富山県,射水市,セブン－イレブン射水ひばり元町店,小売業,食料品,2%
富山県,射水市,セブン－イレブン射水広上店,小売業,食料品,2%
富山県,射水市,セブン－イレブン射水朴木口店,小売業,食料品,2%
富山県,射水市,セブン－イレブン射水八塚店,小売業,食料品,2%
富山県,射水市,セブン－イレブン射水鷲塚店,小売業,食料品,2%
富山県,射水市,魚源,小売業,食料品,5%
富山県,射水市,エステティック・ジュビラン,サービス,理容・美容業,5%
富山県,射水市,エスポワール大門ＳＳ,小売業,ガソリンスタンド,2%
富山県,射水市,エスポワール大島ＳＳ,小売業,ガソリンスタンド,2%
富山県,射水市,ＥｎｅＪｅｔ太閤山ＳＳ,小売業,ガソリンスタンド,2%
富山県,射水市,大島ＳＳ,小売業,ガソリンスタンド,2%
富山県,射水市,エステサロンリセットアイ,サービス,理容・美容業,5%
富山県,射水市,オカノ自動車整備工場,サービス,その他サービス,5%
富山県,射水市,オネスト小杉 ＳＳ,小売業,ガソリンスタンド,2%
富山県,射水市,家具再生工房,小売業,家具・調度品,5%
富山県,射水市,笠井電機錦町店,小売業,電化製品,5%
富山県,射水市,菓子処あん,小売業,食料品,5%
富山県,射水市,カネソ小杉営業所,小売業,その他小売,5%
富山県,射水市,株式会社小杉稔商店,小売業,その他小売,5%
富山県,射水市,ガラスのピラミッド,サービス,その他サービス,5%
富山県,射水市,カワサキプラザ富山,小売業,その他小売,5%
富山県,射水市,クリア家具 富山射水店,小売業,家具・調度品,5%
富山県,射水市,グローヴ,サービス,理容・美容業,5%
富山県,射水市,光学堂 アプリオ店,小売業,貴金属・服飾品,5%
富山県,射水市,こえだでんき,小売業,電化製品,5%
富山県,射水市,ここから,サービス,その他サービス,5%
富山県,射水市,小杉カントリークラブ,サービス,その他サービス,5%
富山県,射水市,小杉光電社,小売業,電化製品,5%
富山県,射水市,小杉光電社太閤山店,小売業,電化製品,5%
富山県,射水市,米三アプリオ店,小売業,家具・調度品,5%
富山県,射水市,菜香,サービス,飲食業,5%
富山県,射水市,酒のカワサキグループ ブラボー店,小売業,食料品,5%
富山県,射水市,Ｓａｙａ 射水店,サービス,理容・美容業,5%
富山県,射水市,社労士オフィス・イイダ,サービス,その他サービス,5%
富山県,射水市,翔叶,サービス,飲食業,5%
富山県,射水市,新港の森ＳＳ,小売業,ガソリンスタンド,2%
富山県,射水市,新鮮市場 射北店,小売業,食料品,5%
富山県,射水市,有限会社シンプロ,小売業,その他小売,5%
富山県,射水市,新湊ＳＳ,小売業,ガソリンスタンド,2%
富山県,射水市,新村電化,小売業,電化製品,5%
富山県,射水市,太閤山ＳＳ,小売業,ガソリンスタンド,2%
富山県,射水市,大門ＳＳ,小売業,ガソリンスタンド,2%
富山県,射水市,大門タクシー ５０１号,サービス,その他サービス,5%
富山県,射水市,太陽堂,小売業,貴金属・服飾品,5%
富山県,射水市,高原自動車 株式会社,小売業,その他小売,5%
富山県,射水市,竹内彩古堂,小売業,家具・調度品,5%
富山県,射水市,たま家,サービス,飲食業,5%
富山県,射水市,ＣＨＡＳＥ Ｇｙｍ,サービス,その他サービス,5%
富山県,射水市,ツインカムさわはし,小売業,電化製品,5%
富山県,射水市,作道ＳＳ,小売業,ガソリンスタンド,2%
富山県,射水市,トータルビューティハウス ミヤラビ Ｔｏｔａｌ Ｂｅａｕｔｙ Ｈｏｕｓｅ ｍｉｙａｒａｂｉ,サービス,理容・美容業,5%
富山県,射水市,Ｄｒ．Ｄｒｉｖｅくろかわ店,小売業,ガソリンスタンド,2%
富山県,射水市,床屋 ＨＯＭＥ?ＢＡＳＥ,サービス,理容・美容業,5%
富山県,射水市,戸田電化,小売業,電化製品,5%
富山県,射水市,利波電機商会,小売業,電化製品,5%
富山県,射水市,富山らーめん王国まるたかや射水店,サービス,飲食業,5%
富山県,射水市,中谷小杉ＳＳ,小売業,ガソリンスタンド,2%
富山県,射水市,株式会社中村燃料商店 大島事業所,小売業,その他小売,5%
富山県,射水市,日本海産商株式会社富山営業所,小売業,その他小売,5%
富山県,射水市,Ｎ．ＩＮＧ．かもの,小売業,電化製品,5%
富山県,射水市,ネイル＆カラーサロンステラ,サービス,理容・美容業,5%
富山県,射水市,ｂａｒｂｅｒＬａｍｐ,サービス,理容・美容業,5%
富山県,射水市,８番らーめん小杉店,サービス,飲食業,2%
富山県,射水市,８番らーめん新湊店,サービス,飲食業,2%
富山県,射水市,８番らーめん太閤山店,サービス,飲食業,2%
富山県,射水市,パティスリール・クール,小売業,食料品,5%
富山県,射水市,パワープラスヘア,サービス,理容・美容業,5%
富山県,射水市,ひまわりＳＳ,小売業,ガソリンスタンド,2%
富山県,射水市,ｆａｃｅ ｂｏｄｙ Ｒｅ Ａｎｔｏ,サービス,その他サービス,5%
富山県,射水市,ブティック レスピラール,小売業,衣料品,5%
富山県,射水市,ブリヂストン富山臨港タイヤセンター,小売業,その他小売,5%
富山県,射水市,ふわりカイロプラクティック,サービス,理容・美容業,5%
富山県,射水市,ヘアースタジオ ミナミ,サービス,理容・美容業,5%
富山県,射水市,ｈａｉｒｒｏｏｍｍｉｓｓａ,サービス,理容・美容業,5%
富山県,射水市,ほしの薬局,小売業,その他小売,5%
富山県,射水市,ボディケア華,サービス,その他サービス,5%
富山県,射水市,ポプラ小杉インター店,小売業,その他小売,2%
富山県,射水市,マイム犬猫病院,サービス,その他サービス,5%
富山県,射水市,マクドナルド大島イータウン前店,サービス,飲食業,2%
富山県,射水市,マクドナルド小杉アルプラザ店,サービス,飲食業,2%
富山県,射水市,マリアシェル,小売業,衣料品,5%
富山県,射水市,丸昌昆布加工所,小売業,食料品,5%
富山県,射水市,ミートハウス 山ちゃん,サービス,飲食業,5%
富山県,射水市,道の駅 カモンパーク新湊,小売業,家具・調度品,5%
富山県,射水市,メガネのハラダ 小杉店,小売業,貴金属・服飾品,5%
富山県,射水市,メガネハウスイータウン,小売業,その他小売,5%
富山県,射水市,メガネハウス小杉,小売業,その他小売,5%
富山県,射水市,Ｍｏｓｈｋｉｎａ,サービス,その他サービス,5%
富山県,射水市,モリナガ酒 釣具店,小売業,その他小売,5%
富山県,射水市,ヤスブン小杉店,小売業,食料品,5%
富山県,射水市,山岡石材工業 射水店,小売業,その他小売,5%
富山県,射水市,有限会社 小杉タクシー,サービス,その他サービス,5%
富山県,射水市,ＹＵＩＣＨＩＲＯ ＨＡＩＲＨＯＵＳＥ ＹＵＩＣＨＩＲＯ ＨＡＩＲＨＯＵＳＥ,サービス,理容・美容業,5%
富山県,射水市,リラクゼーションサロン Ａｍｏｌｉｒ,サービス,その他サービス,5%
富山県,射水市,ｒｅｌａｘａｔｉｏｎｒｏｏｍｇｒｅｅｎ,サービス,理容・美容業,5%
富山県,射水市,リリーベリー,サービス,飲食業,5%
富山県,射水市,Ｌｉｌｏｕ ｈａｉｒ．,サービス,理容・美容業,5%
富山県,射水市,る ふっくらん,小売業,食料品,5%
富山県,射水市,Ｌｕｚ ｆｏｒ ｈａｉｒ,サービス,理容・美容業,5%
富山県,射水市,ロードイン 朴木,小売業,食料品,5%
富山県,射水市,Ｒｏｌｄ ｐｏｉｒｅ,サービス,理容・美容業,5%
富山県,射水市,Ｒｏｌｄｐｏｉｒｅ,サービス,理容・美容業,5%
富山県,魚津市,あいる あいる,サービス,その他サービス,5%
富山県,魚津市,秋吉 小さか店,サービス,飲食業,5%
富山県,魚津市,アメリカンスクエア マツヤ 魚津店,小売業,衣料品,5%
富山県,魚津市,イシサキデンキ,小売業,電化製品,5%
富山県,魚津市,イシサキデンキ,小売業,電化製品,5%
富山県,魚津市,出光魚津ＳＳ,小売業,ガソリンスタンド,2%
富山県,魚津市,イマージュ 魚津店,小売業,その他小売,5%
富山県,魚津市,魚津ＳＳ,小売業,ガソリンスタンド,2%
富山県,魚津市,魚津ＳＳ 有限会社山崎石油,小売業,ガソリンスタンド,2%
富山県,魚津市,魚津東ＳＳ,小売業,ガソリンスタンド,2%
富山県,魚津市,富山石油株式会社魚津ＳＳ,小売業,ガソリンスタンド,2%
富山県,魚津市,セブン－イレブン魚津インター店,小売業,食料品,2%
富山県,魚津市,セブン－イレブン魚津江口店,小売業,食料品,2%
富山県,魚津市,セブン－イレブン魚津上村木店,小売業,食料品,2%
富山県,魚津市,セブン－イレブン魚津吉島２丁目店,小売業,食料品,2%
富山県,魚津市,魚津交通,サービス,その他サービス,5%
富山県,魚津市,セブン－イレブン魚津持光寺店,小売業,食料品,2%
富山県,魚津市,セブン－イレブン魚津釈迦堂１丁目店,小売業,食料品,2%
富山県,魚津市,魚津ダイニング 三三五五,サービス,飲食業,5%
富山県,魚津市,魚津バイパス ＳＳ,小売業,ガソリンスタンド,2%
富山県,魚津市,魚津東ＳＳ,小売業,ガソリンスタンド,2%
富山県,魚津市,魚津本店 一笑庵,小売業,食料品,5%
富山県,魚津市,魚津マンテンホテル駅前,サービス,宿泊業,5%
富山県,魚津市,牛島屋 魚津店,小売業,衣料品,5%
富山県,魚津市,オセル・ヘアデザイナーズ,サービス,理容・美容業,5%
富山県,魚津市,お宿いけがみ,サービス,その他サービス,5%
富山県,魚津市,温野菜魚津店,サービス,飲食業,2%
富山県,魚津市,ｃａｆｅ Ｒａｙ,サービス,飲食業,5%
富山県,魚津市,カレーハウスＣｏＣｏ壱番屋魚津吉島店,サービス,飲食業,2%
富山県,魚津市,河内屋本店,小売業,食料品,5%
富山県,魚津市,きくら美容室 魚津店,サービス,理容・美容業,5%
富山県,魚津市,北山鉱泉 元祖 仁右衞門家,サービス,宿泊業,5%
富山県,魚津市,金太郎温泉,サービス,宿泊業,5%
富山県,魚津市,ＫＬＥＵＲ,小売業,衣料品,5%
富山県,魚津市,ＫＬＥＵＲ ＫＬＥＵＲ,小売業,衣料品,5%
富山県,魚津市,ぐる屋,サービス,飲食業,5%
富山県,魚津市,株式会社工房ヤマセン辻佛檀,小売業,家具・調度品,5%
富山県,魚津市,米三魚津店,小売業,家具・調度品,5%
富山県,魚津市,菜香厨房 魚津店,サービス,飲食業,5%
富山県,魚津市,酒場 みやっち食堂,サービス,飲食業,5%
富山県,魚津市,酒場みやっち食堂,サービス,飲食業,5%
富山県,魚津市,Ｓａｌｏｎ Ｆａｖｅｕｒ,小売業,電化製品,5%
富山県,魚津市,ｊａｎｅ ｓ ｖｉｎｔａｇｅ,小売業,衣料品,5%
富山県,魚津市,ジータ,小売業,衣料品,5%
富山県,魚津市,シャンデールサロン ヴィーレ,小売業,その他小売,5%
富山県,魚津市,シャンデールサロン ラスール,小売業,その他小売,5%
富山県,魚津市,心月,サービス,理容・美容業,5%
富山県,魚津市,スカイホテル魚津,サービス,宿泊業,5%
富山県,魚津市,スカイホテル魚津アネックス,サービス,宿泊業,5%
富山県,魚津市,スティルヘアー ササキ,サービス,理容・美容業,5%
富山県,魚津市,スパーク,小売業,衣料品,5%
富山県,魚津市,炭火焼肉 米沢亭 魚津店,サービス,飲食業,5%
富山県,魚津市,炭火焼肉 米沢亭 魚津店,サービス,飲食業,5%
富山県,魚津市,セレモニーセンター新川,サービス,その他サービス,5%
富山県,魚津市,株 セントラル自動車,サービス,その他サービス,5%
富山県,魚津市,太陽スポーツ 魚津店,小売業,その他小売,5%
富山県,魚津市,竹田電器商会,小売業,電化製品,5%
富山県,魚津市,太助鮨,サービス,飲食業,5%
富山県,魚津市,立山酒店 北鬼江店,小売業,食料品,5%
富山県,魚津市,立山酒店 サンプラザ店,小売業,食料品,5%
富山県,魚津市,立山酒店 中央店,小売業,食料品,5%
富山県,魚津市,辻わくわくランド,サービス,その他サービス,5%
富山県,魚津市,Ｄｅａｒ Ｆｒｉｅｎｄｓ モフモフ,サービス,理容・美容業,5%
富山県,魚津市,ＤＩＶＡ,小売業,衣料品,5%
富山県,魚津市,富山第一ドライ 魚津工場店,サービス,その他サービス,5%
富山県,魚津市,富山ダイハツ販売魚津店,小売業,その他小売,5%
富山県,魚津市,Ｔｒａｔｔｏｒｉａ Ｌａ Ｌｕｃｅ,サービス,飲食業,5%
富山県,魚津市,ニュ－イングランド たかしま,小売業,電化製品,5%
富山県,魚津市,人形のまきの家,小売業,家具・調度品,5%
富山県,魚津市,ネッツトヨタ富山魚津店,小売業,その他小売,5%
富山県,魚津市,ＰＡＲＱＳ ｕｏｚｕ,小売業,衣料品,5%
富山県,魚津市,ＢＡＲＢＥＲ ＳＨＯＰ,サービス,理容・美容業,5%
富山県,魚津市,８番らーめん魚津店,サービス,飲食業,2%
富山県,魚津市,浜多屋 本店,サービス,飲食業,5%
富山県,魚津市,ｈａｍａｄａｙａＬＡＢＯ,サービス,飲食業,5%
富山県,魚津市,ＰＡＲＡＤＩＳ,サービス,理容・美容業,5%
富山県,魚津市,ＰＡＲＡＤＩＳ,サービス,理容・美容業,5%
富山県,魚津市,Ｐａｒａｄｅ魚津店,小売業,その他小売,5%
富山県,魚津市,はんこはんず 魚津店,小売業,その他小売,5%
富山県,魚津市,バーンズ魚津店,サービス,飲食業,5%
富山県,魚津市,ピザテン・フォー 富山魚津店 ２,サービス,その他サービス,5%
富山県,魚津市,美容室 多い夢,サービス,理容・美容業,5%
富山県,魚津市,美容室ファブリス,サービス,理容・美容業,5%
富山県,魚津市,ＢＯＯＫ・ＯＦＦ魚津店,小売業,その他小売,2%
富山県,魚津市,ＢＯＯＫＳなかだ／ｏｆｆｉｃｅＶｏｘ魚津店,小売業,書籍・玩具・音楽ＣＤ,5%
富山県,魚津市,ＦＬＡＧＳＨＩＰ,小売業,衣料品,5%
富山県,魚津市,ペヨーテ,サービス,飲食業,5%
富山県,魚津市,北陸補聴器センター魚津店,小売業,その他小売,5%
富山県,魚津市,ホテル グランミラージュ,サービス,宿泊業,5%
富山県,魚津市,マクドナルド魚津店,サービス,飲食業,2%
富山県,魚津市,まちかどイタリアンｆｒｏｎｔａｌｅ,サービス,飲食業,5%
富山県,魚津市,丸本酒店,小売業,食料品,5%
富山県,魚津市,宮本みそ店,小売業,その他小売,5%
富山県,魚津市,メガネのハラダ 魚津店,小売業,貴金属・服飾品,5%
富山県,魚津市,メガネハウス魚津,小売業,その他小売,5%
富山県,魚津市,有限会社ギャラップ関口自動車,サービス,その他サービス,5%
富山県,魚津市,らーめん世界富山魚津店,サービス,飲食業,5%
富山県,魚津市,Ｌｕｘｕｒｙ ｐｕｂ 杏ｓ,サービス,飲食業,5%
富山県,魚津市,リカー フーズ キノシタ,小売業,食料品,5%
富山県,魚津市,Ｒｅ：Ｂｏｄｙ,サービス,その他サービス,5%
富山県,小矢部市,秋吉 小矢部店,サービス,飲食業,5%
富山県,小矢部市,石尾電機商会,小売業,電化製品,5%
富山県,小矢部市,石動ＳＳ,小売業,ガソリンスタンド,2%
富山県,小矢部市,出光小矢部ＳＳ,小売業,ガソリンスタンド,2%
富山県,小矢部市,太田商会,小売業,その他小売,5%
富山県,小矢部市,小矢部ＳＳ,小売業,ガソリンスタンド,2%
富山県,小矢部市,小矢部ＳＳ,小売業,ガソリンスタンド,2%
富山県,小矢部市,小矢部インターＳＳ,小売業,ガソリンスタンド,2%
富山県,小矢部市,オヤベエースＳＳ アブラ商事株式会社,小売業,ガソリンスタンド,2%
富山県,小矢部市,セブン－イレブン小矢部市役所前店,小売業,食料品,2%
富山県,小矢部市,セブン－イレブン小矢部芹川店,小売業,食料品,2%
富山県,小矢部市,セブン－イレブン小矢部津沢店,小売業,食料品,2%
富山県,小矢部市,Ｋｉｉｒａ Ｈａｉｒ,サービス,理容・美容業,5%
富山県,小矢部市,ｃａｓｅ,サービス,飲食業,5%
富山県,小矢部市,三栄自動車 本社,小売業,その他小売,5%
富山県,小矢部市,ｓｔｕｄｉｏ－ｔａｏ,小売業,衣料品,5%
富山県,小矢部市,セルフ埴生ＳＳ,小売業,ガソリンスタンド,2%
富山県,小矢部市,滝乃荘,サービス,宿泊業,5%
富山県,小矢部市,多田自動車工業,サービス,その他サービス,5%
富山県,小矢部市,津沢ＳＳ,小売業,ガソリンスタンド,2%
富山県,小矢部市,有 殿山自動車,サービス,その他サービス,5%
富山県,小矢部市,なかがわ珈琲,小売業,食料品,5%
富山県,小矢部市,ニューイングランドおりた,小売業,電化製品,5%
富山県,小矢部市,ＪＭ／ＮＵＭＡＤＡＴＡＴＡＭＩＮＡＩＳＯ,小売業,その他小売,5%
富山県,小矢部市,バイエルンスポーツ,サービス,その他サービス,5%
富山県,小矢部市,８番らーめん小矢部店,サービス,飲食業,2%
富山県,小矢部市,Ｍａｒｃａｓｓｉｎ,サービス,飲食業,5%
富山県,小矢部市,むらにしでんき,小売業,電化製品,5%
富山県,小矢部市,有限会社山本実燃料店 有限会社山本実燃料店,小売業,その他小売,2%
富山県,小矢部市,（有）米永商会,小売業,その他小売,5%
富山県,上市町,イイダ パドラ,小売業,衣料品,5%
富山県,上市町,株式会社おみでんき,小売業,電化製品,5%
富山県,上市町,金沢ジンズシ,サービス,飲食業,5%
富山県,上市町,上市ＳＳ,小売業,ガソリンスタンド,2%
富山県,上市町,かみいち総合病院売店,小売業,その他小売,5%
富山県,上市町,上市東ＳＳ,小売業,ガソリンスタンド,2%
富山県,上市町,クリーニング ラボ,サービス,その他サービス,5%
富山県,上市町,クロダ電機 立山インター店,小売業,電化製品,5%
富山県,上市町,クロポッケ,サービス,飲食業,5%
富山県,上市町,ＣＯＳＭＥＴＩＣＳ ドカイ,小売業,その他小売,5%
富山県,上市町,三栄時計,小売業,貴金属・服飾品,5%
富山県,上市町,三栄時計 パル店,小売業,貴金属・服飾品,5%
富山県,上市町,シャンデールサロン ほがらか,小売業,衣料品,5%
富山県,上市町,シャンデールサロン ほほえみ,小売業,衣料品,5%
富山県,上市町,シャンデールサロン 夢歩,小売業,衣料品,5%
富山県,上市町,ＳＨＯＥＳ＆ＢＡＧ ヒライ,小売業,衣料品,5%
富山県,上市町,立山酒店 上市パル店,小売業,食料品,5%
富山県,上市町,つるぎ水産株式会社 湯崎乃屋鮮魚店,小売業,食料品,5%
富山県,上市町,株式会社ＴＡＭ,小売業,電化製品,5%
富山県,上市町,鉄板本舗 ココノ音,サービス,飲食業,5%
富山県,上市町,Ｈｅａｒｔ Ｆｉｒｓｔ ウイング,小売業,衣料品,5%
富山県,上市町,花マツ,小売業,その他小売,5%
富山県,上市町,ＶＩＳＩＯＮ マツオカ,小売業,電化製品,5%
富山県,上市町,百歳工房 坪川昆布,小売業,食料品,5%
富山県,上市町,ふれあい元気市場つるぎ,小売業,その他小売,5%
富山県,上市町,ｐｒａｙｔｏｎａｍ,小売業,衣料品,5%
富山県,上市町,ポプラ上市広野店,小売業,その他小売,2%
富山県,上市町,ポプラ上市森尻店,小売業,その他小売,2%
富山県,上市町,マクドナルド上市ガイナシティ店,サービス,飲食業,2%
富山県,上市町,森尻ＳＳ,小売業,ガソリンスタンド,2%
富山県,上市町,焼キトリ ハナマル,サービス,飲食業,5%
富山県,上市町,ヤマソ商店,小売業,その他小売,5%
富山県,上市町,有限会社広野自動車,サービス,その他サービス,5%
富山県,黒部市,四十物昆布,小売業,食料品,5%
富山県,黒部市,浅野ヒッタ家具工業株式会社,小売業,家具・調度品,5%
富山県,黒部市,味処かつま 味処かつま,サービス,飲食業,5%
富山県,黒部市,安達屋,サービス,飲食業,5%
富山県,黒部市,アロマ＆ヨガルブトン黒部スタジオ,サービス,その他サービス,5%
富山県,黒部市,淡雪,サービス,宿泊業,5%
富山県,黒部市,囲酒家 八方,サービス,飲食業,5%
富山県,黒部市,石田マリーンＳＳ,小売業,ガソリンスタンド,2%
富山県,黒部市,出光大町ＳＳ,小売業,ガソリンスタンド,2%
富山県,黒部市,出光黒部ＳＳ,小売業,ガソリンスタンド,2%
富山県,黒部市,出光黒部インター前ＳＳ,小売業,ガソリンスタンド,2%
富山県,黒部市,出光若栗ＳＳ,小売業,ガソリンスタンド,2%
富山県,黒部市,宇奈月国際ホテル 売店,サービス,宿泊業,5%
富山県,黒部市,宇奈月の里,サービス,宿泊業,5%
富山県,黒部市,うなづき薬局,小売業,その他小売,5%
富山県,黒部市,江口自動車,サービス,その他サービス,5%
富山県,黒部市,延対寺荘,サービス,宿泊業,5%
富山県,黒部市,延楽,サービス,宿泊業,5%
富山県,黒部市,大越仏壇黒部店,小売業,家具・調度品,5%
富山県,黒部市,オートオアシス北辰くろべ中央,小売業,ガソリンスタンド,2%
富山県,黒部市,お酒のお宿 喜泉,サービス,宿泊業,5%
富山県,黒部市,株式会社高岡商店,小売業,食料品,5%
富山県,黒部市,株式会社ニイカワポータル,サービス,その他サービス,5%
富山県,黒部市,ＫＩＫＩ,小売業,衣料品,5%
富山県,黒部市,黒部ＳＳ,小売業,ガソリンスタンド,2%
富山県,黒部市,黒部ＳＳ,小売業,ガソリンスタンド,2%
富山県,黒部市,黒部ＳＳ,小売業,ガソリンスタンド,2%
富山県,黒部市,黒部北ＳＳ,小売業,ガソリンスタンド,2%
富山県,黒部市,セブン－イレブン黒部沓掛店,小売業,食料品,2%
富山県,黒部市,セブン－イレブン黒部田家店,小売業,食料品,2%
富山県,黒部市,セブン－イレブン黒部堀切店,小売業,食料品,2%
富山県,黒部市,セブン－イレブン黒部牧野西店,小売業,食料品,2%
富山県,黒部市,セブン－イレブン黒部三日市店,小売業,食料品,2%
富山県,黒部市,ケーキ工房せせらぎ,小売業,食料品,5%
富山県,黒部市,魚の駅 生地 できたて館,サービス,飲食業,5%
富山県,黒部市,魚の駅 生地 とれたて館,小売業,食料品,5%
富山県,黒部市,桜井ＳＳ,小売業,ガソリンスタンド,2%
富山県,黒部市,桜井ＳＳ,小売業,ガソリンスタンド,2%
富山県,黒部市,サロン・ド・Ｓｕｇｉｉ,小売業,貴金属・服飾品,5%
富山県,黒部市,三渓社,サービス,運輸業,5%
富山県,黒部市,サンポート たかやま,小売業,電化製品,5%
富山県,黒部市,サン柳亭,サービス,宿泊業,5%
富山県,黒部市,シャト－,サービス,宿泊業,5%
富山県,黒部市,シャンデールサロン 恵里夢,小売業,その他小売,5%
富山県,黒部市,シャンデールサロン おうれん,小売業,その他小売,5%
富山県,黒部市,シャンデールサロン 紙ふうせん,小売業,その他小売,5%
富山県,黒部市,シャンデールサロン 結雲,小売業,その他小売,5%
富山県,黒部市,（株）昌栄堂,小売業,食料品,5%
富山県,黒部市,スーパーマーケットジャンプ 黒部店,小売業,食料品,5%
富山県,黒部市,電化のオオツボ,小売業,電化製品,5%
富山県,黒部市,富山トヨペットＧスクエア黒部店,小売業,その他小売,5%
富山県,黒部市,トヨタレンタリース富山黒部宇奈月温泉駅前店,サービス,その他サービス,2%
富山県,黒部市,ハセガワ,小売業,電化製品,5%
富山県,黒部市,８番らーめん黒部店,サービス,飲食業,2%
富山県,黒部市,パナタウンみやざき,小売業,電化製品,5%
富山県,黒部市,Ｐａｒａｄｅ黒部店,小売業,その他小売,5%
富山県,黒部市,バーンズ黒部店,サービス,飲食業,5%
富山県,黒部市,ファッションモアーズオギノ,小売業,衣料品,5%
富山県,黒部市,ファッションオギノラシュール,小売業,衣料品,5%
富山県,黒部市,ファリーヌ,サービス,飲食業,5%
富山県,黒部市,ｆａｎｔａｓｉａ ｄｉ ＡＲＣＯ,サービス,飲食業,5%
富山県,黒部市,フォーレモリ,サービス,その他サービス,5%
富山県,黒部市,ＢＯＯＫＳなかだ黒部店,小売業,書籍・玩具・音楽ＣＤ,5%
富山県,黒部市,Ｂｕｒｍａ－Ｓｈａｖｅ,小売業,衣料品,5%
富山県,黒部市,ボディーショップ エス クリエーターズ,サービス,その他サービス,5%
富山県,黒部市,ホテル黒部,サービス,宿泊業,5%
富山県,黒部市,ホテル桃源,サービス,宿泊業,5%
富山県,黒部市,ポプラ宇奈月温泉店,小売業,その他小売,2%
富山県,黒部市,マクドナルド１５０黒部店,サービス,飲食業,2%
富山県,黒部市,まつざかや,小売業,その他小売,5%
富山県,黒部市,水の時計,小売業,食料品,5%
富山県,黒部市,ム－ンライト,サービス,宿泊業,5%
富山県,黒部市,名水の里やすらぎの宿 芳の屋,サービス,宿泊業,5%
富山県,黒部市,メガネのシブタニ,小売業,貴金属・服飾品,5%
富山県,黒部市,メガネのハラダ黒部店,小売業,貴金属・服飾品,5%
富山県,黒部市,メガネハウス黒部,小売業,その他小売,5%
富山県,黒部市,もみかる黒部店,サービス,その他サービス,5%
富山県,黒部市,山岡石材工業 黒部店,小売業,その他小売,5%
富山県,黒部市,山谷書店,小売業,書籍・玩具・音楽ＣＤ,5%
富山県,黒部市,有限会社花水木,小売業,その他小売,5%
富山県,黒部市,吉田タイヤ,小売業,その他小売,5%
富山県,黒部市,ラ・ルージュ,サービス,理容・美容業,5%
富山県,黒部市,雷鳥,サービス,宿泊業,5%
富山県,黒部市,レッドシティー,小売業,その他小売,5%
富山県,黒部市,有 若林カーサービス,サービス,その他サービス,5%
富山県,高岡市,アートワークスタディオ・アン,サービス,その他サービス,5%
富山県,高岡市,アイルック７５３,小売業,貴金属・服飾品,5%
富山県,高岡市,赤祖父ＳＳ,小売業,ガソリンスタンド,2%
富山県,高岡市,秋吉 高岡駅前店,サービス,飲食業,5%
富山県,高岡市,ボディエステティックアクアオーラ高岡店,サービス,理容・美容業,5%
富山県,高岡市,アクセス,小売業,その他小売,5%
富山県,高岡市,Ａｇｕ ｈａｉｒ Ａｇｕ ｈａｉｒ ｌｕｎａ富山高岡,サービス,理容・美容業,5%
富山県,高岡市,あさひＣｉｔｙ Ｉｎｎ,サービス,宿泊業,5%
富山県,高岡市,ａｔｅｌｉｅｒ ｅＭｕ,小売業,衣料品,5%
富山県,高岡市,雨晴ＳＳ,小売業,ガソリンスタンド,2%
富山県,高岡市,ＡＭＡＮＤＡ ＡＭＡＮＤＡ,サービス,理容・美容業,5%
富山県,高岡市,アミング高岡店,小売業,その他小売,5%
富山県,高岡市,ＡＭＥＬＩＥ,サービス,理容・美容業,5%
富山県,高岡市,アメリカンスクエアマツヤ 高岡店,小売業,衣料品,5%
富山県,高岡市,アルプス,小売業,貴金属・服飾品,5%
富山県,高岡市,ａｒＢｅｌｌｅｔ ｏｆ ｈａｉｒ,サービス,理容・美容業,5%
富山県,高岡市,アレス動物医療センター,サービス,その他サービス,5%
富山県,高岡市,アレス動物病院,サービス,その他サービス,5%
富山県,高岡市,ａｎ ａｍｉ,サービス,理容・美容業,5%
富山県,高岡市,ａｎ ａｍｉ,サービス,理容・美容業,5%
富山県,高岡市,ｅｎ ｃａｃｈｅｔｔｅ,サービス,理容・美容業,5%
富山県,高岡市,あんてぃーく凛,小売業,その他小売,5%
富山県,高岡市,粋鮨 高岡店,サービス,飲食業,5%
富山県,高岡市,居酒屋あじと 居酒屋あじと,サービス,飲食業,5%
富山県,高岡市,居酒屋たかまさ,サービス,飲食業,5%
富山県,高岡市,居酒屋まんまる,サービス,飲食業,2%
富山県,高岡市,いそべ家具,小売業,家具・調度品,5%
富山県,高岡市,一文銭,サービス,飲食業,5%
富山県,高岡市,１９ＨＩＴＯＹＡＳＵＭ高岡戸出店,サービス,飲食業,5%
富山県,高岡市,いっぽ堂,サービス,飲食業,5%
富山県,高岡市,出光一宮ＳＳ,小売業,ガソリンスタンド,2%
富山県,高岡市,出光高岡インターＳＳ,小売業,ガソリンスタンド,2%
富山県,高岡市,出光伏木ＳＳ,小売業,ガソリンスタンド,2%
富山県,高岡市,出光二上ＳＳ,小売業,ガソリンスタンド,2%
富山県,高岡市,出光横田ＳＳ,小売業,ガソリンスタンド,2%
富山県,高岡市,衣料の髙島屋,小売業,衣料品,5%
富山県,高岡市,ＪＭ／ＩＮＳＰＥＣＴ,小売業,衣料品,5%
富山県,高岡市,インド料理ガンディー,サービス,飲食業,5%
富山県,高岡市,インド料理デリー あわら店,サービス,飲食業,5%
富山県,高岡市,インド料理デリー 駅南店,サービス,飲食業,5%
富山県,高岡市,ヴィラン,サービス,飲食業,5%
富山県,高岡市,ウェルカム石油荻布,小売業,ガソリンスタンド,2%
富山県,高岡市,牛島屋 高岡店,小売業,衣料品,5%
富山県,高岡市,ウール,小売業,衣料品,5%
富山県,高岡市,Ｓ．ｈｉｒｏｚ,サービス,理容・美容業,5%
富山県,高岡市,Ｅｓｔｈｅｔｉｃ ｓａｌｏｎ ａｉｍｅｒ ｂｙ Ｒｏｌｄ ａｉｍｅｒ高岡店,サービス,理容・美容業,5%
富山県,高岡市,越中居酒屋かざくら 高岡大和前店,サービス,飲食業,5%
富山県,高岡市,江出の月本舗 志乃原,小売業,食料品,5%
富山県,高岡市,江畑自動車工業所,小売業,その他小売,5%
富山県,高岡市,えぶち菓子舗,小売業,食料品,5%
富山県,高岡市,エル サカエ 高岡本店,小売業,貴金属・服飾品,5%
富山県,高岡市,荒井電機,小売業,電化製品,5%
富山県,高岡市,ＥＮＤＯＲ ＥＮＤＯＲ,小売業,衣料品,5%
富山県,高岡市,井波写真館,サービス,その他サービス,5%
富山県,高岡市,（株）大越仏壇 本店,小売業,家具・調度品,5%
富山県,高岡市,大野屋 大野屋,小売業,食料品,5%
富山県,高岡市,大矢服装,小売業,衣料品,5%
富山県,高岡市,お好み焼きｒｕｒｕ,サービス,飲食業,5%
富山県,高岡市,オータニ,小売業,家具・調度品,5%
富山県,高岡市,ｏｆｆｉｃｅＶｏｘ野村店,小売業,その他小売,5%
富山県,高岡市,雑貨屋 ｏｒａｃｈａ,小売業,衣料品,5%
富山県,高岡市,オリックスレンタカー新高岡駅前店,サービス,その他サービス,2%
富山県,高岡市,カーコンビニ倶楽部 カートーク,サービス,その他サービス,5%
富山県,高岡市,カード高岡支店カード,小売業,ガソリンスタンド,2%
富山県,高岡市,カジュアルダイニング Ｂｏｎ,サービス,宿泊業,5%
富山県,高岡市,カットワークスタイチ,サービス,理容・美容業,5%
富山県,高岡市,カナモリ ゴルフ部 駅南店,小売業,その他小売,5%
富山県,高岡市,カネソ 高岡展示場,小売業,その他小売,5%
富山県,高岡市,カフェジュニアクルン高岡店,サービス,飲食業,5%
富山県,高岡市,株式会社 清水車両整備工場,サービス,その他サービス,5%
富山県,高岡市,株式会社エヌケイディー,小売業,衣料品,5%
富山県,高岡市,株式会社コンショク,サービス,その他サービス,5%
富山県,高岡市,株式会社柴田漆器店,サービス,その他サービス,5%
富山県,高岡市,株式会社刃物屋トギノン 株式会社刃物屋トギノン 富山営業所,小売業,その他小売,5%
富山県,高岡市,株）ヤナギヤ洋服店,小売業,衣料品,5%
富山県,高岡市,上四屋ＳＳ,小売業,ガソリンスタンド,2%
富山県,高岡市,かめ蔵,サービス,飲食業,5%
富山県,高岡市,雅覧堂,小売業,家具・調度品,5%
富山県,高岡市,カルバン高岡店,小売業,その他小売,5%
富山県,高岡市,カレーハウスＣｏＣｏ壱番屋高岡横田本町店,サービス,飲食業,2%
富山県,高岡市,カンコーメイト,小売業,衣料品,5%
富山県,高岡市,きくら美容室タピス店,サービス,理容・美容業,5%
富山県,高岡市,きくら美容室野村店,サービス,理容・美容業,5%
富山県,高岡市,北島 ＳＳ,小売業,ガソリンスタンド,2%
富山県,高岡市,木谷サイクル,小売業,その他小売,5%
富山県,高岡市,キタノ商事,小売業,書籍・玩具・音楽ＣＤ,5%
富山県,高岡市,北山ナーセリー 高岡店,小売業,その他小売,5%
富山県,高岡市,Ｋｉｍｏｎｏ佳扇 高岡セリオ店,小売業,衣料品,5%
富山県,高岡市,ｃａｎｖａｓ,サービス,理容・美容業,5%
富山県,高岡市,九谷屋,小売業,その他小売,5%
富山県,高岡市,国沢タンス本店,小売業,家具・調度品,5%
富山県,高岡市,くぼつり具センター高岡店,小売業,その他小売,5%
富山県,高岡市,クラシコ,サービス,その他サービス,5%
富山県,高岡市,クラブ 帝,サービス,飲食業,5%
富山県,高岡市,グルメプラザ・マルシン高岡店,小売業,食料品,5%
富山県,高岡市,セブン－イレブンクルン高岡店,小売業,食料品,2%
富山県,高岡市,クロロフィル美顔教室よねむら,小売業,その他小売,5%
富山県,高岡市,ＫＨＥＩＲ カフェ,サービス,飲食業,5%
富山県,高岡市,公益財団法人高岡地域地場産業センター,サービス,その他サービス,5%
富山県,高岡市,高福タイヤ商會,小売業,その他小売,5%
富山県,高岡市,ｃｏｃｏｎ,サービス,理容・美容業,5%
富山県,高岡市,コーニッシュ,小売業,衣料品,5%
富山県,高岡市,米三 高岡サティ店,小売業,家具・調度品,5%
富山県,高岡市,ＣＯＭＰ・ＯＦＦ高岡鐘紡店,小売業,その他小売,5%
富山県,高岡市,ＣＯＭＰ・ＯＦＦ高岡西町店,小売業,その他小売,5%
富山県,高岡市,菜香厨房 高岡駅前店,サービス,飲食業,5%
富山県,高岡市,菜香厨房 高岡御旅屋通り店,サービス,飲食業,5%
富山県,高岡市,さかい自動車,サービス,その他サービス,5%
富山県,高岡市,坂井電化設備,小売業,その他小売,5%
富山県,高岡市,酒蔵 盛盛,サービス,飲食業,5%
富山県,高岡市,酒蔵 盛盛,サービス,飲食業,5%
富山県,高岡市,株式会社坂中商店,小売業,その他小売,5%
富山県,高岡市,茶寮 柿里,サービス,飲食業,5%
富山県,高岡市,シェアラ 高岡店,小売業,その他小売,5%
富山県,高岡市,Ｊ・サービス,小売業,その他小売,5%
富山県,高岡市,シェラ優華 高岡,サービス,理容・美容業,5%
富山県,高岡市,自家焙煎珈琲 くらうん,サービス,飲食業,5%
富山県,高岡市,漆器くにもと,小売業,家具・調度品,5%
富山県,高岡市,しばたでんき,小売業,電化製品,5%
富山県,高岡市,しぶや整体院,サービス,その他サービス,5%
富山県,高岡市,清水屋家具店,小売業,家具・調度品,5%
富山県,高岡市,ジュエリーアトリエハナシマ,小売業,貴金属・服飾品,5%
富山県,高岡市,ジュンコ タピス店,小売業,衣料品,5%
富山県,高岡市,ジョイカル 高岡福岡店,小売業,その他小売,5%
富山県,高岡市,高岡城東ＳＳ,小売業,ガソリンスタンド,2%
富山県,高岡市,昇龍香房,サービス,飲食業,5%
富山県,高岡市,白川屋酒店,小売業,食料品,5%
富山県,高岡市,新鮮市場高岡駅南店,小売業,食料品,5%
富山県,高岡市,新鮮市場ハンター福田店,小売業,食料品,5%
富山県,高岡市,新鮮市場四屋店,小売業,食料品,5%
富山県,高岡市,新鮮館せきもと,小売業,その他小売,5%
富山県,高岡市,有限会社新湊タイヤ商会,小売業,その他小売,5%
富山県,高岡市,スーパーほしば,小売業,その他小売,5%
富山県,高岡市,スカイ源明,小売業,電化製品,5%
富山県,高岡市,すし貫,サービス,飲食業,5%
富山県,高岡市,すし食いねぇ！高岡南店,サービス,飲食業,5%
富山県,高岡市,すしダイニング,サービス,飲食業,5%
富山県,高岡市,すたみな太郎 高岡店,サービス,飲食業,5%
富山県,高岡市,炭火焼鳥ちゃーぶだい,サービス,飲食業,5%
富山県,高岡市,炭焼山海料理 しな乃,サービス,飲食業,5%
富山県,高岡市,セルフ高岡長慶寺ＳＳ 江幡石油店,小売業,ガソリンスタンド,2%
富山県,高岡市,セルフ ワーキ志貴野ＳＳ,小売業,ガソリンスタンド,2%
富山県,高岡市,セレモニーセンター高岡,サービス,その他サービス,5%
富山県,高岡市,ソフトバンク 戸出,小売業,その他小売,5%
富山県,高岡市,醍醐ＳＳ,小売業,ガソリンスタンド,2%
富山県,高岡市,大国屋,小売業,家具・調度品,5%
富山県,高岡市,ダイナミックヤギヤＳＳ,小売業,ガソリンスタンド,2%
富山県,高岡市,ダイワ自動車,サービス,その他サービス,5%
富山県,高岡市,セブン－イレブン高岡赤祖父店,小売業,食料品,2%
富山県,高岡市,高岡駅南ＳＳ,小売業,ガソリンスタンド,2%
富山県,高岡市,セブン－イレブン高岡駅南４丁目店,小売業,食料品,2%
富山県,高岡市,高岡カントリー倶楽部,サービス,その他サービス,5%
富山県,高岡市,セブン－イレブン高岡佐野店,小売業,食料品,2%
富山県,高岡市,高岡支店,小売業,ガソリンスタンド,2%
富山県,高岡市,高岡市民病院売店,小売業,その他小売,5%
富山県,高岡市,セブン－イレブン高岡下麻生店,小売業,食料品,2%
富山県,高岡市,セブン－イレブン高岡下老子店,小売業,食料品,2%
富山県,高岡市,セブン－イレブン高岡城東店,小売業,食料品,2%
富山県,高岡市,高岡中央商会,小売業,その他小売,5%
富山県,高岡市,高岡中央商会,小売業,その他小売,5%
富山県,高岡市,高岡長慶寺ＳＳ 株式会社江幡石油店,小売業,ガソリンスタンド,2%
富山県,高岡市,セブン－イレブン高岡戸出狼店,小売業,食料品,2%
富山県,高岡市,セブン－イレブン高岡内免３丁目店,小売業,食料品,2%
富山県,高岡市,セブン－イレブン高岡中曽根店,小売業,食料品,2%
富山県,高岡市,セブン－イレブン高岡能町店,小売業,食料品,2%
富山県,高岡市,セブン－イレブン高岡野村北店,小売業,食料品,2%
富山県,高岡市,セブン－イレブン高岡東海老坂店,小売業,食料品,2%
富山県,高岡市,高岡仏壇仏具センター,小売業,家具・調度品,5%
富山県,高岡市,セブン－イレブン高岡本郷２丁目店,小売業,食料品,2%
富山県,高岡市,セブン－イレブン高岡牧野大橋店,小売業,食料品,2%
富山県,高岡市,高岡マンテンホテル駅前,サービス,宿泊業,5%
富山県,高岡市,セブン－イレブン高岡米島店,小売業,食料品,2%
富山県,高岡市,セブン－イレブン高岡蓮花寺店,小売業,食料品,2%
富山県,高岡市,セブン－イレブン高岡六家店,小売業,食料品,2%
富山県,高岡市,タカハタ化粧品店,小売業,その他小売,5%
富山県,高岡市,タカバメガネ オタヤ店,小売業,貴金属・服飾品,5%
富山県,高岡市,タカバメガネ 美幸店,小売業,貴金属・服飾品,5%
富山県,高岡市,匠の山海,サービス,飲食業,5%
富山県,高岡市,竹中銅器,小売業,家具・調度品,5%
富山県,高岡市,竹本タイヤ商会,小売業,その他小売,5%
富山県,高岡市,田子電機商会,小売業,電化製品,5%
富山県,高岡市,［ＨＣ］田代電化,小売業,電化製品,5%
富山県,高岡市,たなべ酒店,小売業,食料品,5%
富山県,高岡市,タナベ自動車,サービス,その他サービス,5%
富山県,高岡市,地中海クラブ,サービス,飲食業,5%
富山県,高岡市,チャイニーズデイズ,サービス,飲食業,5%
富山県,高岡市,ＣＨＡＰＴＥＲ,小売業,衣料品,5%
富山県,高岡市,ちゃんぽん亭総本家高岡江尻店 ちゃんぽん亭総本家高岡江尻店,サービス,飲食業,5%
富山県,高岡市,Ｄｅａｒ ＯＡＳＩＳ,サービス,理容・美容業,5%
富山県,高岡市,ＴＭコーポレーション富山 ＴＭコーポレーション富山,小売業,ガソリンスタンド,2%
富山県,高岡市,TMC高岡南,小売業,ガソリンスタンド,2%
富山県,高岡市,Ｔ’ｓＨＡｉＲＩＮＡＧＡＫＩ,サービス,理容・美容業,5%
富山県,高岡市,Ｄ－ＳＴＯＲＥ,小売業,衣料品,5%
富山県,高岡市,てば壱 高岡内免店,サービス,飲食業,5%
富山県,高岡市,デュプレックス,小売業,衣料品,5%
富山県,高岡市,戸出ＳＳ,小売業,ガソリンスタンド,2%
富山県,高岡市,戸出ＳＳ,小売業,ガソリンスタンド,2%
富山県,高岡市,戸出合同ガス協業組合,小売業,その他小売,5%
富山県,高岡市,戸出タクシー ４０５号,サービス,その他サービス,5%
富山県,高岡市,銅器の竹中,小売業,家具・調度品,5%
富山県,高岡市,東京堂,小売業,電化製品,5%
富山県,高岡市,動夢,サービス,その他サービス,5%
富山県,高岡市,Ｄｒ．Ｄｒｉｖｅ 野村店,小売業,ガソリンスタンド,2%
富山県,高岡市,富山ダイハツ販売アクセル高岡店,小売業,その他小売,5%
富山県,高岡市,富山ダイハツ販売高岡店,小売業,その他小売,5%
富山県,高岡市,富山ダイハツ販売高岡南店,小売業,その他小売,5%
富山県,高岡市,富山トヨペットくるる高岡店,小売業,その他小売,5%
富山県,高岡市,富山トヨペットＧスクエア高岡中央店,小売業,その他小売,5%
富山県,高岡市,富山トヨペットＧスクエア高岡駅南店,小売業,その他小売,5%
富山県,高岡市,トヨタレンタリース富山新高岡駅前店,サービス,その他サービス,2%
富山県,高岡市,トヨタレンタリース富山高岡店,サービス,その他サービス,2%
富山県,高岡市,ドライブショップ カーライフ,小売業,その他小売,5%
富山県,高岡市,なかしまファミリーヘアーサロン,サービス,理容・美容業,5%
富山県,高岡市,中田ＳＳ,小売業,ガソリンスタンド,2%
富山県,高岡市,株式会社中村燃料商店 高岡本社,小売業,その他小売,5%
富山県,高岡市,なかやす酒販,小売業,食料品,5%
富山県,高岡市,なかやす酒販 エスポアなかやす,小売業,食料品,5%
富山県,高岡市,西高岡ＳＳ,小売業,ガソリンスタンド,2%
富山県,高岡市,ｎｉｎｏ ｈａｉｒ,サービス,理容・美容業,5%
富山県,高岡市,日本海産商 本社,小売業,ガソリンスタンド,2%
富山県,高岡市,ニュ－イングランド せきや,小売業,電化製品,5%
富山県,高岡市,ニューイングランドあかし,小売業,電化製品,5%
富山県,高岡市,Ｎ．ＩＮＧ．きょうどう,小売業,電化製品,5%
富山県,高岡市,ニューイングランドうえの,小売業,電化製品,5%
富山県,高岡市,ニューイングランドくした,小売業,電化製品,5%
富山県,高岡市,ニューイングランドくりもと,小売業,電化製品,5%
富山県,高岡市,ニューイングランド・しんや,小売業,電化製品,5%
富山県,高岡市,ニューイングランドなかよし,小売業,電化製品,5%
富山県,高岡市,ニュー高岡ＳＳ,小売業,ガソリンスタンド,2%
富山県,高岡市,ｎａｉｌｓａｌｏｎｍａｕｒｕｕｒｕ,サービス,理容・美容業,5%
富山県,高岡市,Ｎａｉｌ Ｓｐａｃｅ ＣＯＶＯ Ｎａｉｌ Ｓｐａｃｅ ＣＯＶＯ,サービス,その他サービス,5%
富山県,高岡市,ネッツトヨタ富山高岡店,小売業,その他小売,5%
富山県,高岡市,ネッツトヨタ富山高岡西店,小売業,その他小売,5%
富山県,高岡市,ネッツトヨタノヴェルとやまＳｅｕｌ高岡店,小売業,その他小売,5%
富山県,高岡市,野村ＳＳ,小売業,ガソリンスタンド,2%
富山県,高岡市,ＢＡＲ ＢＥＲ ＳＨＯＰ Ｏｌｄ Ｎｅｗ ｂａｒｂｅｒｓｈｏｐｓ ｏｌｄｎｅｗ,サービス,理容・美容業,5%
富山県,高岡市,ハーブメロディ,小売業,食料品,5%
富山県,高岡市,ＢＩＣＹＣＬＥＬＡＮＤＭ－２,小売業,その他小売,5%
富山県,高岡市,博労本町ＳＳ 中村石油,小売業,ガソリンスタンド,2%
富山県,高岡市,ｂａｚｂａｚ,小売業,家具・調度品,5%
富山県,高岡市,ハスミ店,小売業,その他小売,5%
富山県,高岡市,８番らーめん赤祖父店,サービス,飲食業,2%
富山県,高岡市,８番らーめん北島店,サービス,飲食業,2%
富山県,高岡市,８番らーめん佐野店,サービス,飲食業,2%
富山県,高岡市,８番らーめん高岡熊野店,サービス,飲食業,2%
富山県,高岡市,８番らーめん高岡万葉店,サービス,飲食業,2%
富山県,高岡市,８番らーめん戸出店,サービス,飲食業,2%
富山県,高岡市,８番らーめん中川店,サービス,飲食業,2%
富山県,高岡市,ハチロショップ,小売業,電化製品,5%
富山県,高岡市,ＨＡＰＰＹ ＤＩＮＮＩＮＧ ｊｏｉｅ,サービス,飲食業,5%
富山県,高岡市,羽広整体院 羽広整体院,サービス,その他サービス,5%
富山県,高岡市,Ｂａｂｏｏｓｈｋａ Ｂａｂｏｏｓｈｋａ,小売業,衣料品,5%
富山県,高岡市,林 時計店 林時計店,小売業,その他小売,5%
富山県,高岡市,Ｐａｒａｄｅ高岡店,小売業,その他小売,5%
富山県,高岡市,バーンズ 高岡四屋店,サービス,飲食業,5%
富山県,高岡市,バーンズ高岡駅南店,サービス,飲食業,5%
富山県,高岡市,ビズリアライズ株式会社,サービス,その他サービス,5%
富山県,高岡市,びっくりドンキー高岡四屋店,サービス,飲食業,2%
富山県,高岡市,ピッツェリア 野村店,サービス,飲食業,5%
富山県,高岡市,美容室 Ｐｒｉｔｉ,サービス,理容・美容業,5%
富山県,高岡市,美容室アイムズ,サービス,理容・美容業,5%
富山県,高岡市,美容室ちょっきん,サービス,理容・美容業,5%
富山県,高岡市,ＦＩＧＡＲＯ,サービス,理容・美容業,5%
富山県,高岡市,ＦＩＸＥＲ,小売業,衣料品,5%
富山県,高岡市,フィッシュクラフト マツモト,小売業,その他小売,5%
富山県,高岡市,風来坊 高岡店,サービス,飲食業,5%
富山県,高岡市,フェルヴェール 本店,小売業,食料品,5%
富山県,高岡市,フェルヴェール 本店,小売業,食料品,5%
富山県,高岡市,福岡ＳＳ,小売業,ガソリンスタンド,2%
富山県,高岡市,伏木ＳＳ,小売業,ガソリンスタンド,2%
富山県,高岡市,二塚ＳＳ,小売業,ガソリンスタンド,2%
富山県,高岡市,二塚サイクル,小売業,その他小売,5%
富山県,高岡市,ＢＯＯＫ・ＯＦＦ高岡鐘紡店,小売業,その他小売,2%
富山県,高岡市,ＢＯＯＫ・ＯＦＦ高岡西町店,小売業,その他小売,2%
富山県,高岡市,ブライダルハウスことぶき高岡店,サービス,その他サービス,5%
富山県,高岡市,ブランシェ高岡店,小売業,その他小売,5%
富山県,高岡市,Ｂｌｏｏｍ,サービス,その他サービス,5%
富山県,高岡市,ブルーコムブルー デュプレックス,小売業,衣料品,5%
富山県,高岡市,古村電機,小売業,電化製品,5%
富山県,高岡市,フレッシュ佐武,小売業,食料品,5%
富山県,高岡市,プロジェクトＫ,サービス,その他サービス,5%
富山県,高岡市,不破福寿堂,小売業,食料品,5%
富山県,高岡市,ヘアーサロンみずほ,サービス,理容・美容業,5%
富山県,高岡市,Ｈａｉｒ Ｓｕ Ｓｕ,サービス,理容・美容業,5%
富山県,高岡市,ヘアーファクトリーＥ ヘアーファクトリーＥ イ ーダッシュ,サービス,理容・美容業,5%
富山県,高岡市,ＨａｉｒｄｒｅｓｓｉｎｇＣｏｔｏ,サービス,理容・美容業,5%
富山県,高岡市,ＨＡＩＲＭＡＫＥＳＴＵＤＩＯ ｎ,サービス,理容・美容業,5%
富山県,高岡市,べー ウエスト,サービス,理容・美容業,5%
富山県,高岡市,ベビープラザ サカヰヤ,小売業,書籍・玩具・音楽ＣＤ,5%
富山県,高岡市,ヘルシードラッグ ホシノ,小売業,その他小売,5%
富山県,高岡市,弁慶鐘紡町店,小売業,衣料品,5%
富山県,高岡市,弁慶 豊田店,小売業,衣料品,5%
富山県,高岡市,弁慶野村店,小売業,衣料品,5%
富山県,高岡市,ペントハウス,サービス,飲食業,5%
富山県,高岡市,北雄ホームサービス,小売業,その他小売,5%
富山県,高岡市,北陸健康センター、アラピア,サービス,その他サービス,5%
富山県,高岡市,北陸補聴器センター高岡店,小売業,その他小売,5%
富山県,高岡市,ホテルＫ＆Ｇ高岡,サービス,宿泊業,5%
富山県,高岡市,ポプラ戸出春日店,小売業,その他小売,2%
富山県,高岡市,本社倉庫,小売業,ガソリンスタンド,2%
富山県,高岡市,マクドナルドイオンモール高岡店,サービス,飲食業,2%
富山県,高岡市,マクドナルド１５６戸出店,サービス,飲食業,2%
富山県,高岡市,マクドナルド高岡駅南店,サービス,飲食業,2%
富山県,高岡市,マクドナルド高岡中曽根店,サービス,飲食業,2%
富山県,高岡市,マツイ時計店,小売業,貴金属・服飾品,5%
富山県,高岡市,ＭＡＮＯＡｈａｉｒｓｔｕｄｉｏ,サービス,理容・美容業,5%
富山県,高岡市,丸の内電機,小売業,電化製品,5%
富山県,高岡市,味喜寿し,サービス,飲食業,5%
富山県,高岡市,御車山会館ギャラリーショップ,小売業,家具・調度品,5%
富山県,高岡市,道の駅 万葉の里高岡,サービス,その他サービス,5%
富山県,高岡市,宮腰,サービス,その他サービス,5%
富山県,高岡市,宮田町ＳＳ,小売業,ガソリンスタンド,2%
富山県,高岡市,美幸飯店 佐野店,サービス,飲食業,5%
富山県,高岡市,ＭＥＩーＳＵＮ ＣＯＦＦＥＥ,サービス,飲食業,5%
富山県,高岡市,銘店くるん,小売業,食料品,5%
富山県,高岡市,メガネのハラダ 横田店,小売業,貴金属・服飾品,5%
富山県,高岡市,メガネのハラダ 野村店,小売業,貴金属・服飾品,5%
富山県,高岡市,メガネのハラダ広小路店,小売業,貴金属・服飾品,5%
富山県,高岡市,メガネハウス高岡駅南,小売業,その他小売,5%
富山県,高岡市,メガネハウス高岡野村,小売業,その他小売,5%
富山県,高岡市,メガネハウス高岡横田,小売業,その他小売,5%
富山県,高岡市,メガネハウス姫野,小売業,その他小売,5%
富山県,高岡市,Ｍｅｎ ｓｈａｉｒＤｅｓｉｇｎＯＳＨＩＭＡ Ｍｅｎ ｓｈａｉｒＤｅｓｉｇｎＯＳＨＩＭＡ,サービス,理容・美容業,5%
富山県,高岡市,もみかる 高岡リラックス館,サービス,理容・美容業,5%
富山県,高岡市,もみかる 高岡駅南店,サービス,理容・美容業,5%
富山県,高岡市,もみかる 高岡戸出店,サービス,その他サービス,5%
富山県,高岡市,もみかる高岡駅南店,サービス,理容・美容業,5%
富山県,高岡市,もみかる高岡駅南リラックス館,サービス,理容・美容業,5%
富山県,高岡市,モメンタムファクトリー・オリイ,小売業,その他小売,5%
富山県,高岡市,ヤスブン 野村店,小売業,食料品,5%
富山県,高岡市,山岡石材工業,小売業,その他小売,5%
富山県,高岡市,山岡石材工業 二上店,小売業,その他小売,5%
富山県,高岡市,山田電化設備,小売業,電化製品,5%
富山県,高岡市,山田電業,小売業,電化製品,5%
富山県,高岡市,有限会社ホンダヒガシ,小売業,その他小売,5%
富山県,高岡市,有限会社ＭＩＳＨＩＭＡ高岡店,小売業,その他小売,5%
富山県,高岡市,有限会社コンフォート,サービス,その他サービス,5%
富山県,高岡市,有限会社高岡タイヤ商会,小売業,その他小売,5%
富山県,高岡市,有限会社ホンゴウ商事 ベストワーク ホンゴー,小売業,衣料品,5%
富山県,高岡市,（株）ユニフォームニシジマ,小売業,衣料品,5%
富山県,高岡市,高岡横田ＳＳ,小売業,ガソリンスタンド,2%
富山県,高岡市,横田ＳＳ,小売業,ガソリンスタンド,2%
富山県,高岡市,よつや動物病院,サービス,その他サービス,5%
富山県,高岡市,ＲＨＩＮＯ ＳＴＯＲＥ,小売業,衣料品,5%
富山県,高岡市,ＲＨＩＮＯＳＴＯＲＥ,小売業,衣料品,5%
富山県,高岡市,Ｌｉｆｅ Ｔｉｍｅ Ｐｉｙｏｋｏ,小売業,衣料品,5%
富山県,高岡市,Ｌａｔｔｉｃｅｗｏｒｋ ＢＲＥＷＩＮＧ,サービス,飲食業,5%
富山県,高岡市,ＬＡＦＯＲＴＵＮＡ,サービス,飲食業,5%
富山県,高岡市,ＬＩＢＥＲＴＹ,サービス,理容・美容業,5%
富山県,高岡市,株式会社リビック富山 高岡営業所,小売業,その他小売,5%
富山県,高岡市,ＲＩＶＥＲＯ,サービス,理容・美容業,5%
富山県,高岡市,ｒｉｐｏｓａｒｅ,サービス,飲食業,5%
富山県,高岡市,Ｒｕａｎａｒｅｅ,小売業,衣料品,5%
富山県,高岡市,レクサス,サービス,飲食業,5%
富山県,高岡市,Ｒｏｌｄ ｃｈｅｒｉ,サービス,理容・美容業,5%
富山県,高岡市,ワーキ志貴野ＳＳ,小売業,ガソリンスタンド,2%
富山県,高岡市,若林電気株式会社,小売業,電化製品,5%
富山県,高岡市,脇田屋,サービス,飲食業,5%
富山県,高岡市,和光商事株式会社,小売業,その他小売,5%
富山県,高岡市,ワコールショップ パル,小売業,衣料品,5%
富山県,高岡市,和洋酒店清都,小売業,食料品,5%
富山県,立山町,出光有峰口ＳＳ,小売業,ガソリンスタンド,2%
富山県,立山町,岩峅寺ＳＳ,小売業,ガソリンスタンド,2%
富山県,立山町,お食事 喫茶 あおき,サービス,飲食業,5%
富山県,立山町,おにぎりの志鷹,サービス,飲食業,5%
富山県,立山町,カイロプラクティックＫｉｒａｒａ,サービス,理容・美容業,5%
富山県,立山町,グリーンパーク吉峰,サービス,宿泊業,5%
富山県,立山町,黒部平駅構内売店,小売業,その他小売,5%
富山県,立山町,剣山荘,サービス,宿泊業,5%
富山県,立山町,五百石ＳＳ,小売業,ガソリンスタンド,2%
富山県,立山町,３ｒｄ ｅｙｅ ３ｒｄ ｅｙｅ,サービス,理容・美容業,5%
富山県,立山町,Ｊ－Ｓｔｙｌｅ 富山立山店,サービス,その他サービス,5%
富山県,立山町,シャンデール 来人喜人サロン,小売業,衣料品,5%
富山県,立山町,シャンデールサロン みらころ シャンデールサロンみらころ,小売業,衣料品,5%
富山県,立山町,常願寺ゴルフ,サービス,その他サービス,5%
富山県,立山町,スーパーセンターシマヤ立山店,小売業,食料品,5%
富山県,立山町,生活彩家中越合金鋳工店,小売業,その他小売,2%
富山県,立山町,そば処 おきな,サービス,飲食業,5%
富山県,立山町,大観峰駅構内売店,小売業,その他小売,5%
富山県,立山町,立山ＳＳ,小売業,ガソリンスタンド,2%
富山県,立山町,立山あるぺん村,小売業,その他小売,5%
富山県,立山町,セブン－イレブン立山あるぺん村店,小売業,食料品,2%
富山県,立山町,セブン－イレブン立山インター店,小売業,食料品,2%
富山県,立山町,立山駅構内売店,小売業,その他小売,5%
富山県,立山町,立山黒部アルペンルート 黒部平駅,サービス,その他サービス,5%
富山県,立山町,立山黒部アルペンルート 大観峰駅,サービス,その他サービス,5%
富山県,立山町,立山黒部アルペンルート 立山駅,サービス,その他サービス,5%
富山県,立山町,立山黒部アルペンルート 立山バスセンター,サービス,その他サービス,5%
富山県,立山町,立山黒部アルペンルート 美女平駅,サービス,その他サービス,5%
富山県,立山町,立山黒部アルペンルート黒部湖駅,サービス,その他サービス,5%
富山県,立山町,立山黒部アルペンルート室堂駅,サービス,その他サービス,5%
富山県,立山町,剣,サービス,宿泊業,5%
富山県,立山町,ニュ－立山ＳＳ,小売業,ガソリンスタンド,2%
富山県,立山町,美女平駅構内売店,小売業,その他小売,5%
富山県,立山町,ホテル 立山,サービス,宿泊業,5%
富山県,立山町,ＨＯＲＩ美容室,サービス,理容・美容業,5%
富山県,立山町,本社倉庫,小売業,ガソリンスタンド,2%
富山県,立山町,有限会社ホンダフレンドリー福田,小売業,その他小売,5%
富山県,立山町,弥陀ケ原ホテル,サービス,宿泊業,5%
富山県,立山町,弥陀ヶ原ホテル〔売店〕,小売業,家具・調度品,5%
富山県,立山町,弥陀ヶ原ホテル〔レストラン〕,サービス,飲食業,5%
富山県,立山町,利田ＳＳ,小売業,ガソリンスタンド,2%
富山県,立山町,レストラン黒部平,サービス,飲食業,5%
富山県,立山町,ローズガーデン,小売業,家具・調度品,5%
富山県,砺波市,秋吉 となみ店,サービス,飲食業,5%
富山県,砺波市,秋吉 となみ店,サービス,その他サービス,5%
富山県,砺波市,天野餅店,小売業,食料品,5%
富山県,砺波市,石黒自動車工業株式会社 砺波支店,サービス,その他サービス,5%
富山県,砺波市,石焼ステーキ贅富山砺波店,サービス,飲食業,5%
富山県,砺波市,１９ＨＩＴＯＹＡＳＵＭＩ砺波店,サービス,飲食業,5%
富山県,砺波市,ヴァローレ庄川店,小売業,食料品,5%
富山県,砺波市,ヴァローレ砺波店,小売業,食料品,5%
富山県,砺波市,ＷＯＲＭＳ,サービス,理容・美容業,5%
富山県,砺波市,ＥｎｅＪｅｔニュー砺波ＳＳ,小売業,ガソリンスタンド,2%
富山県,砺波市,御菓蔵直売店,小売業,食料品,5%
富山県,砺波市,カイロ＊エステゆ～あん,サービス,理容・美容業,5%
富山県,砺波市,柿里花御堂,サービス,飲食業,5%
富山県,砺波市,カレーハウスＣｏＣｏ壱番屋アピタ砺波店,サービス,飲食業,2%
富山県,砺波市,きわみ?ｋｉｗａｍｉ?,サービス,理容・美容業,5%
富山県,砺波市,窪田電気商会,小売業,電化製品,5%
富山県,砺波市,グルメどころ タベタリーテ,サービス,飲食業,5%
富山県,砺波市,黒田鮮魚店,小売業,食料品,5%
富山県,砺波市,こきりこ,サービス,宿泊業,5%
富山県,砺波市,ここの音たこ楽 ここの音たこ楽,サービス,飲食業,5%
富山県,砺波市,菜香厨房 砺波店,サービス,飲食業,5%
富山県,砺波市,茶寮 柿里,サービス,飲食業,5%
富山県,砺波市,ＳＵＮＴＲＩＣＫ,サービス,飲食業,5%
富山県,砺波市,ＪＡとなみ野 生活総合課,小売業,その他小売,5%
富山県,砺波市,ＳＨＯＥＳ ＳＨＯＰ ＴＡＫＡＹＡ,小売業,衣料品,5%
富山県,砺波市,じゅん,小売業,その他小売,5%
富山県,砺波市,庄川温泉風流味道座敷ゆめつづり,サービス,宿泊業,5%
富山県,砺波市,翔凜館,サービス,その他サービス,5%
富山県,砺波市,食・酒処ほたる,サービス,飲食業,5%
富山県,砺波市,スーパーセンターシマヤ砺波店,小売業,食料品,5%
富山県,砺波市,スカイラボ,サービス,その他サービス,5%
富山県,砺波市,スポーツキャプテン,小売業,その他小売,5%
富山県,砺波市,スポーツキャプテン 砺波店,小売業,衣料品,5%
富山県,砺波市,生活彩家ホスピタルヴァローレ店,小売業,その他小売,2%
富山県,砺波市,ＺＥＰＰＥＴＴＯ,サービス,理容・美容業,5%
富山県,砺波市,セレモニーセンター礪波,サービス,その他サービス,5%
富山県,砺波市,千代ＳＳ,小売業,ガソリンスタンド,2%
富山県,砺波市,ソムリエ・ヨシオカ,小売業,食料品,5%
富山県,砺波市,太陽スポーツ 砺波店,小売業,その他小売,5%
富山県,砺波市,鷹屋商店,小売業,衣料品,5%
富山県,砺波市,チュ－リップパ－ク ＳＳ,小売業,ガソリンスタンド,2%
富山県,砺波市,Ｄｅａｒ ＮＥＸＵＳ Ｄｅａｒ ＮＥＸＵＳ,サービス,理容・美容業,5%
富山県,砺波市,寺燃料店,小売業,その他小売,5%
富山県,砺波市,戸出屋釣具店,小売業,その他小売,5%
富山県,砺波市,砺波インターＣＳ,小売業,ガソリンスタンド,2%
富山県,砺波市,セブン－イレブン砺波インター店,小売業,食料品,2%
富山県,砺波市,セブン－イレブン砺波表町店,小売業,食料品,2%
富山県,砺波市,セブン－イレブン砺波千代店,小売業,食料品,2%
富山県,砺波市,トナミ電化センター,小売業,電化製品,5%
富山県,砺波市,セブン－イレブン砺波中神店,小売業,食料品,2%
富山県,砺波市,セブン－イレブン砺波苗加店,小売業,食料品,2%
富山県,砺波市,セブン－イレブン砺波三島町店,小売業,食料品,2%
富山県,砺波市,富山 柿里,サービス,飲食業,5%
富山県,砺波市,富山ダイハツ販売砺波店,小売業,その他小売,5%
富山県,砺波市,富山トヨペットＧスクエア砺波店,小売業,その他小売,5%
富山県,砺波市,鳥越の宿 三楽園,サービス,宿泊業,5%
富山県,砺波市,Ｎｅｗｉｎｇｌａｎｄかわしま,小売業,電化製品,5%
富山県,砺波市,ニューイングランドだいぞう,小売業,電化製品,5%
富山県,砺波市,ｎａｉｌ ｐｌａｃｅ Ｍｙｕ,サービス,理容・美容業,5%
富山県,砺波市,ネッツトヨタ富山砺波店,小売業,その他小売,5%
富山県,砺波市,８番らーめん砺波店,サービス,飲食業,2%
富山県,砺波市,ＨＥＡＲＴＳ,小売業,衣料品,5%
富山県,砺波市,花御堂,サービス,飲食業,5%
富山県,砺波市,Ｐａｒａｄｅ砺波店,小売業,その他小売,5%
富山県,砺波市,ｈｉｋａｒｉ Ｒｅｌａｘ Ｈａｉｒ Ｓａｌｏｎ ｈｉｋａｒｉ,サービス,理容・美容業,5%
富山県,砺波市,ピザテン・フォー 富山砺波店 １,サービス,その他サービス,5%
富山県,砺波市,人肌の宿 川金,サービス,宿泊業,5%
富山県,砺波市,ふたつわ食品 太田工場,小売業,食料品,5%
富山県,砺波市,ＢＯＯＫ・ＯＦＦトナミ店,小売業,その他小売,2%
富山県,砺波市,ＢＯＯＫＳなかだ／ｏｆｆｉｃｅＶｏｘ砺波店,小売業,書籍・玩具・音楽ＣＤ,5%
富山県,砺波市,ヘアーサロンゲンツウ ｈａｉｒ ｓａｌｏｎ Ｇｅｎｔｓｕ,サービス,理容・美容業,5%
富山県,砺波市,ヘアーサロンゲンツウ,サービス,理容・美容業,5%
富山県,砺波市,Ｈａｉｒ ｎｏｎｏーｒｉｒｉ,サービス,理容・美容業,5%
富山県,砺波市,弁慶砺波店,小売業,衣料品,5%
富山県,砺波市,ポプラ高波店,小売業,その他小売,2%
富山県,砺波市,ｖｏｌｅｒｏ,サービス,理容・美容業,5%
富山県,砺波市,マクドナルド１５６砺波店,サービス,飲食業,2%
富山県,砺波市,道の駅 となみ野の郷,小売業,食料品,5%
富山県,砺波市,昔ながらの台処 色菜場,サービス,飲食業,5%
富山県,砺波市,メガネのハラダ 礪波店,小売業,貴金属・服飾品,5%
富山県,砺波市,メガネハウス砺波,小売業,その他小売,5%
富山県,砺波市,めがねプロ,小売業,その他小売,5%
富山県,砺波市,ＭＯＤＥ,小売業,衣料品,5%
富山県,砺波市,山岡石材工業 砺波店,小売業,その他小売,5%
富山県,砺波市,有限会社 鍋田自動車,小売業,その他小売,5%
富山県,砺波市,余西商会,小売業,その他小売,5%
富山県,砺波市,ＲＩＣＯＲＲＲＯＢＥ,サービス,その他サービス,5%
富山県,砺波市,渡辺フォト企画株式会社 写友光房,サービス,その他サービス,5%
富山県,富山市,あ！！ホルモン,サービス,飲食業,5%
富山県,富山市,アーク自動車,サービス,その他サービス,5%
富山県,富山市,アーティ,サービス,その他サービス,5%
富山県,富山市,アーティ 山室店,サービス,その他サービス,5%
富山県,富山市,アートスペースカワモト,サービス,その他サービス,5%
富山県,富山市,アールグレイ 小泉町,小売業,その他小売,5%
富山県,富山市,Ｉ’ｓ Ｎｅｗ Ｙｏｒｋ ＴＯＹＡＭＡ,サービス,理容・美容業,5%
富山県,富山市,アイソシエ ＪＪハシヅメ眼鏡 豊田店,小売業,貴金属・服飾品,5%
富山県,富山市,ｅｙｅｄｅａｌ,サービス,理容・美容業,5%
富山県,富山市,ｅｙｅ ｄｅｓｉｇｎ Ｍｏｉ,サービス,理容・美容業,5%
富山県,富山市,ｉ－ｂｏｒｎ,サービス,その他サービス,5%
富山県,富山市,ＩＶＯＲＹ,小売業,衣料品,5%
富山県,富山市,Ｉ’ｍ ヘアークリエーティヴ,サービス,理容・美容業,5%
富山県,富山市,Ｉ’ｍ ヘアークリエーティヴ,サービス,理容・美容業,5%
富山県,富山市,ＡＵＮＩＬ,サービス,理容・美容業,5%
富山県,富山市,アオヤギ食堂,サービス,飲食業,5%
富山県,富山市,アオヤギ食堂,サービス,飲食業,5%
富山県,富山市,秋吉 大沢野店,サービス,飲食業,5%
富山県,富山市,秋吉 桜町店,サービス,飲食業,5%
富山県,富山市,秋吉 総曲輪店,サービス,飲食業,5%
富山県,富山市,秋吉 富山駅前店,サービス,飲食業,5%
富山県,富山市,秋吉 八尾店,サービス,飲食業,5%
富山県,富山市,ＡＣＴＩＶＥ ＣＹＣＬＥ ８８４ ＡＣＴＩＶＥ ＣＹＣＬＥ ８８４,小売業,その他小売,5%
富山県,富山市,Ａｇｕ ｈａｉｒ Ａｇｕ ｈａｉｒ ｍａｒｅ天正寺,サービス,理容・美容業,5%
富山県,富山市,Ａｇｕ ｈａｉｒ Ａｇｕ ｈａｉｒ ｓｈｉｎｅ富山,サービス,理容・美容業,5%
富山県,富山市,Ａｚｉｚｉ,小売業,貴金属・服飾品,5%
富山県,富山市,Ａｊｉｔｏ ｏｆ ｈａｉｒ,サービス,理容・美容業,5%
富山県,富山市,味の十字屋 とやマルシェ店,小売業,食料品,5%
富山県,富山市,味のなかだ とやマルシェ店,小売業,食料品,5%
富山県,富山市,ＡｔｏＺｈａｉｒ,サービス,理容・美容業,5%
富山県,富山市,ＡＺＡＬＥＡ,小売業,衣料品,5%
富山県,富山市,逢月,サービス,飲食業,5%
富山県,富山市,アットイーズ,小売業,衣料品,5%
富山県,富山市,アップガレージ富山店,小売業,その他小売,2%
富山県,富山市,あっぷるぐりむ呉羽店,サービス,飲食業,5%
富山県,富山市,アップルサンショウ栄町店,小売業,食料品,5%
富山県,富山市,アップルサンショウ新根塚町店,小売業,食料品,5%
富山県,富山市,ａｔｅｌｉｅｒ ａｙａｎａｓ,サービス,理容・美容業,5%
富山県,富山市,アトリエ・いざわ,サービス,理容・美容業,5%
富山県,富山市,アトリエ Ｎｏｅｌ,サービス,理容・美容業,5%
富山県,富山市,あとりえティンカーベル,サービス,理容・美容業,5%
富山県,富山市,炙り庵 とやま鮨,サービス,飲食業,5%
富山県,富山市,アプリコット花金 とやマルシェ店,小売業,その他小売,5%
富山県,富山市,ａｍａｒｅｎａ,サービス,理容・美容業,5%
富山県,富山市,アミュ－ズ本郷町ＳＳ,小売業,ガソリンスタンド,2%
富山県,富山市,アミング藤の木店,小売業,その他小売,5%
富山県,富山市,アミング婦中店,小売業,その他小売,5%
富山県,富山市,亜米横館,小売業,衣料品,5%
富山県,富山市,アメリカンスクエア マツヤ１,小売業,衣料品,5%
富山県,富山市,アユーラ,サービス,理容・美容業,5%
富山県,富山市,アリーナ ヘア アリーナヘア,サービス,理容・美容業,5%
富山県,富山市,アリーナヘア,サービス,理容・美容業,5%
富山県,富山市,アルカリ マリエとやま店,小売業,衣料品,5%
富山県,富山市,アールグレイ 小泉町,小売業,その他小売,5%
富山県,富山市,［ＨＣ］アルバ大黒,小売業,電化製品,5%
富山県,富山市,アルペン,サービス,宿泊業,5%
富山県,富山市,ＡＸＣ ＴＯＹＡＭＡ,サービス,理容・美容業,5%
富山県,富山市,ａｎｇａｇａ,サービス,理容・美容業,5%
富山県,富山市,アングラーズ 富山店,小売業,その他小売,5%
富山県,富山市,アングラーズ 富山根塚店,小売業,その他小売,5%
富山県,富山市,アンスペック,小売業,衣料品,5%
富山県,富山市,アンチーブ,小売業,衣料品,5%
富山県,富山市,アンド,小売業,その他小売,5%
富山県,富山市,ＡＮＤ ＬＩＦＥ,サービス,飲食業,5%
富山県,富山市,アンハーバー,サービス,理容・美容業,5%
富山県,富山市,アンハーバー,サービス,理容・美容業,5%
富山県,富山市,粋鮨 富山店,サービス,飲食業,5%
富山県,富山市,池田屋安兵衛商店,小売業,食料品,5%
富山県,富山市,石金ＳＳ,小売業,ガソリンスタンド,2%
富山県,富山市,石焼ステーキ贅 富山高岡店,サービス,飲食業,5%
富山県,富山市,石焼ステーキ 贅 富山西店,サービス,飲食業,5%
富山県,富山市,石焼ステーキ 贅 富山山室店,サービス,飲食業,5%
富山県,富山市,イースタン自動車,サービス,その他サービス,5%
富山県,富山市,和泉クリーニング店,サービス,その他サービス,5%
富山県,富山市,Ｉｓｏｙａ Ｉｓｏｙａ,小売業,食料品,5%
富山県,富山市,イタリア料理ケンタロウ,サービス,飲食業,5%
富山県,富山市,株式会社市川,小売業,その他小売,5%
富山県,富山市,１０２Ｗｏｒｋｓ,小売業,その他小売,5%
富山県,富山市,出光安養寺ＳＳ,小売業,ガソリンスタンド,2%
富山県,富山市,出光梅沢町ＳＳ,小売業,ガソリンスタンド,2%
富山県,富山市,出光越前町ＳＳ,小売業,ガソリンスタンド,2%
富山県,富山市,出光大塚ＳＳ,小売業,ガソリンスタンド,2%
富山県,富山市,出光天正寺ＳＳ,小売業,ガソリンスタンド,2%
富山県,富山市,出光富山南ＳＳ,小売業,ガソリンスタンド,2%
富山県,富山市,出光不二越ＳＳ,小売業,ガソリンスタンド,2%
富山県,富山市,出光八尾ＳＳ,小売業,ガソリンスタンド,2%
富山県,富山市,イートン ハウス,小売業,衣料品,5%
富山県,富山市,イートンハウス 富山店,小売業,衣料品,5%
富山県,富山市,井上神通堂,小売業,貴金属・服飾品,5%
富山県,富山市,猪谷ＳＳ,小売業,ガソリンスタンド,2%
富山県,富山市,今井商店,小売業,食料品,5%
富山県,富山市,癒しの家 みなみ,サービス,その他サービス,5%
富山県,富山市,癒しのお香 香華楽,サービス,その他サービス,5%
富山県,富山市,彩鶏食堂,サービス,飲食業,5%
富山県,富山市,岩瀬ＳＳ,小売業,ガソリンスタンド,2%
富山県,富山市,インセンス富山婦中店,小売業,衣料品,5%
富山県,富山市,インディオファクトリー,小売業,その他小売,5%
富山県,富山市,インド料理デリー 山室店,サービス,飲食業,5%
富山県,富山市,インド料理デリー 根塚店,サービス,飲食業,5%
富山県,富山市,ＩＮＦＡＣＥＳ,小売業,衣料品,5%
富山県,富山市,ヴァンキッシュ富山,サービス,その他サービス,5%
富山県,富山市,ＶＡＮＱＵＩＳＨ富山,サービス,その他サービス,5%
富山県,富山市,ヴィニ ラコント,サービス,飲食業,5%
富山県,富山市,ヴィラ・グランディス 富山店,サービス,その他サービス,5%
富山県,富山市,ウィリーピート,小売業,その他小売,5%
富山県,富山市,ウィリーピート,小売業,その他小売,5%
富山県,富山市,Ｖｅｎｉｆｅｅｌ,小売業,衣料品,5%
富山県,富山市,うお清,サービス,飲食業,5%
富山県,富山市,魚富,サービス,飲食業,5%
富山県,富山市,牛島,小売業,電化製品,5%
富山県,富山市,Ｄｒ．Ｄｒｉｖｅ富山牛島店,小売業,ガソリンスタンド,2%
富山県,富山市,牛島屋 牛島屋 本店,小売業,衣料品,5%
富山県,富山市,牛島屋 舞夢館,小売業,衣料品,5%
富山県,富山市,内幸町雲鶴,サービス,飲食業,5%
富山県,富山市,内山工業,サービス,その他サービス,5%
富山県,富山市,株式会社うまや,小売業,衣料品,5%
富山県,富山市,海幸山幸 越中茶屋 とやマルシェ店,サービス,飲食業,5%
富山県,富山市,梅かま とやマルシェ店,小売業,食料品,5%
富山県,富山市,ＵＬＵＷＡＴＵＡＭＩＧＯ,サービス,飲食業,5%
富山県,富山市,Ａ－ｓｐｅｃ ＥＮＴＥＲＰＲＩＳＥ,小売業,その他小売,5%
富山県,富山市,エールロビン,小売業,衣料品,5%
富山県,富山市,ＳＴ ＬＥＡＴＨＡＣ,小売業,衣料品,5%
富山県,富山市,ＳＴ ＬＥＡＴＨＡＣ,小売業,衣料品,5%
富山県,富山市,エステサロン スタジオＣＲＹＳＴＡＬ,サービス,その他サービス,5%
富山県,富山市,ボディエステティックアクアオーラ,サービス,理容・美容業,5%
富山県,富山市,エスデン稲林店,小売業,電化製品,5%
富山県,富山市,ＳＢＳ富山 ＳＢＳ富山,小売業,その他小売,5%
富山県,富山市,エスポワ－ル大沢野ＳＳ,小売業,ガソリンスタンド,2%
富山県,富山市,エスポワ－ル呉羽茶屋町ＳＳ,小売業,ガソリンスタンド,2%
富山県,富山市,エスポワ－ル笹津ＳＳ,小売業,ガソリンスタンド,2%
富山県,富山市,エスポワール三郷ＳＳ,小売業,ガソリンスタンド,2%
富山県,富山市,エスポワ－ルトヨタＳＳ,小売業,ガソリンスタンド,2%
富山県,富山市,越前町すし人,サービス,飲食業,5%
富山県,富山市,越中舞華,サービス,飲食業,5%
富山県,富山市,ＥｎｅＪｅｔ新庄銀座ＳＳ 南礪石油株式会社,小売業,ガソリンスタンド,2%
富山県,富山市,ＥｎｅＪｅｔ富山南インターＳＳ,小売業,ガソリンスタンド,2%
富山県,富山市,ＥｎｅＪｅｔ中川原ＳＳ,小売業,ガソリンスタンド,2%
富山県,富山市,ＥｎｅＪｅｔニュー富山ＳＳ,小売業,ガソリンスタンド,2%
富山県,富山市,ＥｎｅＪｅｔ羽根ＳＳ 株式会社光神,小売業,ガソリンスタンド,2%
富山県,富山市,ＥｎｅＪｅｔ藤木ＳＳ,小売業,ガソリンスタンド,2%
富山県,富山市,ＥｎｅＪｅｔ婦中町ＳＳ,小売業,ガソリンスタンド,2%
富山県,富山市,ＥｎｅＪｅｔ本郷町ＳＳ,小売業,ガソリンスタンド,2%
富山県,富山市,ＥｎｅＪｅｔ四方荒屋ＳＳ 南礪石油株式会社,小売業,ガソリンスタンド,2%
富山県,富山市,ｅｎｏｔｅｃａ 祐,サービス,飲食業,5%
富山県,富山市,ＥＶＥＲ ＧＲＥＥＮ,小売業,衣料品,5%
富山県,富山市,エル・サカエ アピア店,小売業,貴金属・服飾品,5%
富山県,富山市,エル・サカエ グリーンモール 山室店,小売業,貴金属・服飾品,5%
富山県,富山市,エル・サカエ 総曲輪店,小売業,貴金属・服飾品,5%
富山県,富山市,エルサカエ 富山総本店,小売業,貴金属・服飾品,5%
富山県,富山市,エルサカエ フェリオ店,小売業,貴金属・服飾品,5%
富山県,富山市,艶次郎,サービス,飲食業,5%
富山県,富山市,ＥＮＺＯ,サービス,飲食業,5%
富山県,富山市,ｅｎｎｅ,サービス,理容・美容業,5%
富山県,富山市,ＯＡＳＩＳ,サービス,理容・美容業,5%
富山県,富山市,Ｏｖｉ,小売業,衣料品,5%
富山県,富山市,大内電機商会,小売業,電化製品,5%
富山県,富山市,オークスカナルパークホテル 富山,サービス,宿泊業,5%
富山県,富山市,オークスカナルパークホテル 富山,サービス,宿泊業,5%
富山県,富山市,大越仏壇富山店,小売業,家具・調度品,5%
富山県,富山市,大杉ＳＳ,小売業,ガソリンスタンド,2%
富山県,富山市,太田口通りカレー,サービス,飲食業,5%
富山県,富山市,ＡＯ大久保ＳＳ,小売業,ガソリンスタンド,2%
富山県,富山市,大野菓子店,小売業,食料品,5%
富山県,富山市,大町 月見,サービス,飲食業,5%
富山県,富山市,御菓蔵 とやマルシェ店,小売業,食料品,5%
富山県,富山市,岡万 マリエとやま店,サービス,飲食業,5%
富山県,富山市,おかもと呉服店,小売業,衣料品,5%
富山県,富山市,オークス（株）フラワー事業部,小売業,その他小売,5%
富山県,富山市,オークスカナルパークホテル富山 婚礼宴会,サービス,その他サービス,5%
富山県,富山市,オークスカナルパークホテル富山 婚礼宴会,サービス,その他サービス,5%
富山県,富山市,奥田ＳＳ 南礪石油ＫＫ,小売業,ガソリンスタンド,2%
富山県,富山市,おくりもの屋,小売業,その他小売,5%
富山県,富山市,お座敷とやま鮨,サービス,飲食業,5%
富山県,富山市,ｏｆｆｉｃｅＶｏｘ五福店,小売業,その他小売,5%
富山県,富山市,ｏｆｆｉｃｅＶｏｘ豊田店,小売業,その他小売,5%
富山県,富山市,オフコセト,小売業,その他小売,5%
富山県,富山市,ｏｌａｂｏ【オラボ】,サービス,理容・美容業,5%
富山県,富山市,オリックスレンタカー富山駅北口店,サービス,その他サービス,2%
富山県,富山市,オリックスレンタカー富山駅南口店,サービス,その他サービス,2%
富山県,富山市,オリックスレンタカー富山空港受付カウンター,サービス,その他サービス,2%
富山県,富山市,女傳蒲鉾 とやマルシェ店,小売業,食料品,5%
富山県,富山市,温野菜上飯野店,サービス,飲食業,2%
富山県,富山市,温野菜二口店,サービス,飲食業,2%
富山県,富山市,ｃａｓａ ｈｉｒｕ ｇａｒｄｅｎ,サービス,理容・美容業,5%
富山県,富山市,海産物販売北水 とやマルシェ店,小売業,食料品,5%
富山県,富山市,懐石松や 富山エクセルホテル東急店,サービス,宿泊業,5%
富山県,富山市,懐石椿亭,サービス,飲食業,5%
富山県,富山市,廻転 とやま鮨,サービス,飲食業,5%
富山県,富山市,回転寿司とらふぐ,サービス,飲食業,5%
富山県,富山市,廻転とやま鮨 富山駅前店,サービス,飲食業,5%
富山県,富山市,カイロプラクティックｓｍｉｌｅ,サービス,理容・美容業,5%
富山県,富山市,カウニス ｎａｉｌｓ ｋａｕｎｉｓ,サービス,理容・美容業,5%
富山県,富山市,加賀の工芸匠の会,小売業,その他小売,5%
富山県,富山市,加賀棒茶丸八製茶場 とやマルシェ店,小売業,食料品,5%
富山県,富山市,額 美和食,サービス,飲食業,5%
富山県,富山市,貸衣裳の和楽 貸衣裳の和楽,サービス,その他サービス,5%
富山県,富山市,菓子工房 こうげん,小売業,食料品,5%
富山県,富山市,菓子司 林昌堂,小売業,食料品,5%
富山県,富山市,カット イン サクセス 経堂店,サービス,理容・美容業,5%
富山県,富山市,カット イン サクセス 西町店,サービス,理容・美容業,5%
富山県,富山市,かど屋,サービス,飲食業,5%
富山県,富山市,金沢マンテンホテル,サービス,宿泊業,5%
富山県,富山市,Ｃａｒｎａｔｉｏｎ,小売業,衣料品,5%
富山県,富山市,かねまつ マリエとやま店,小売業,衣料品,5%
富山県,富山市,かねまつ マリエとやま店,小売業,衣料品,5%
富山県,富山市,ｃａｆｅトワイエ,サービス,飲食業,5%
富山県,富山市,カフェ・ラルゴ,サービス,宿泊業,5%
富山県,富山市,ｃａｆｅ＆ｂａｒ Ｙ’ｓ,サービス,飲食業,5%
富山県,富山市,カフェトワイエ,サービス,飲食業,5%
富山県,富山市,株式会社佐波 富山支店,サービス,その他サービス,5%
富山県,富山市,株式会社アンスイ,サービス,その他サービス,5%
富山県,富山市,株式会社 牛島,小売業,電化製品,5%
富山県,富山市,［ＨＣ］株式会社菊屋電機商会,小売業,電化製品,5%
富山県,富山市,株式会社呉東カーセンター,サービス,その他サービス,5%
富山県,富山市,株式会社サンシックス 富山オフィス,サービス,その他サービス,5%
富山県,富山市,［ＨＣ］株式会社デンキハウス,小売業,電化製品,5%
富山県,富山市,株式会社ペイフォワード,サービス,その他サービス,5%
富山県,富山市,ＫＡＨＵＮＥ【カフネ】,サービス,理容・美容業,5%
富山県,富山市,がブリチキン 富山駅前店,サービス,飲食業,5%
富山県,富山市,ＣＯＬＯＲ,サービス,理容・美容業,5%
富山県,富山市,カルバン新庄銀座店,小売業,その他小売,5%
富山県,富山市,カルバン富山本店,小売業,その他小売,5%
富山県,富山市,Ｃａｌｍ ｈａｉｒ,サービス,理容・美容業,5%
富山県,富山市,ガレージエレマ,小売業,その他小売,5%
富山県,富山市,カレーハウスＣｏＣｏ壱番屋富山西呉羽店,サービス,飲食業,2%
富山県,富山市,漢方こうのとり,小売業,その他小売,5%
富山県,富山市,きくら美容室 富山南店,サービス,理容・美容業,5%
富山県,富山市,きくら美容室 本店,サービス,理容・美容業,5%
富山県,富山市,きくら美容室アピア店,サービス,理容・美容業,5%
富山県,富山市,きくら美容室山室店,サービス,理容・美容業,5%
富山県,富山市,キタガワモデル,小売業,その他小売,5%
富山県,富山市,吉風家,サービス,飲食業,5%
富山県,富山市,ｋｉｔＥＮ カフェさくらとねこと,サービス,飲食業,5%
富山県,富山市,ｋｉｔＥＮ わくわく空間ｋｉｔＥＮ,サービス,その他サービス,5%
富山県,富山市,きはち屋 富山駅前店,サービス,飲食業,5%
富山県,富山市,Ｋｉｍｏｎｏ 佳扇 富山店,小売業,衣料品,5%
富山県,富山市,きものの蔵島屋,小売業,衣料品,5%
富山県,富山市,キャピックトヤマ,サービス,その他サービス,5%
富山県,富山市,ＧＡＬＬＥＲＹＫＵＧＯ,サービス,その他サービス,5%
富山県,富山市,牛角布瀬けやき通り店,サービス,飲食業,2%
富山県,富山市,Ｋｙｏｔａｎｉ,小売業,衣料品,5%
富山県,富山市,キョーエイ 大沢野店,小売業,食料品,5%
富山県,富山市,キョーエイ キャロット１店,小売業,食料品,5%
富山県,富山市,キョーエイ 月岡店,小売業,食料品,5%
富山県,富山市,キリイ電器,小売業,電化製品,5%
富山県,富山市,キルキル?着るきる生きる?,小売業,衣料品,5%
富山県,富山市,ｋｉｌｔｏ．,サービス,理容・美容業,5%
富山県,富山市,キレイ堂,小売業,家具・調度品,5%
富山県,富山市,Ｃｏｏ＆ＲＩＫＵ富山店,小売業,その他小売,5%
富山県,富山市,久郷ＳＳ,小売業,ガソリンスタンド,2%
富山県,富山市,靴下屋 マリエとやま店,小売業,衣料品,2%
富山県,富山市,グッドライフサービス,サービス,その他サービス,5%
富山県,富山市,雲井商店 雲井商店,小売業,その他小売,5%
富山県,富山市,ｇｒｏｕｎｄＨ 理容室 ｇｒｏｕｎｄＨ,サービス,理容・美容業,5%
富山県,富山市,クラシコ,サービス,その他サービス,5%
富山県,富山市,ＧｌａｓｓＷｏｒｋｓ西村青,サービス,その他サービス,5%
富山県,富山市,ｇｒａｓｓｙ,小売業,衣料品,5%
富山県,富山市,クラブ 司,サービス,飲食業,5%
富山県,富山市,グランブルー,小売業,衣料品,5%
富山県,富山市,クリーニング フクサワ,サービス,その他サービス,5%
富山県,富山市,グリーンマーケット 富山南店 グリーンマーケット富山南店,小売業,その他小売,5%
富山県,富山市,ｃｌｅｃａｒｅ,サービス,理容・美容業,5%
富山県,富山市,グリュッケンベルグ,サービス,飲食業,5%
富山県,富山市,グリーングローブ,小売業,その他小売,5%
富山県,富山市,グリーンルーム,小売業,衣料品,5%
富山県,富山市,グルメプラザ・マルシン富山店,小売業,食料品,5%
富山県,富山市,ｃｒａｎｅ,小売業,衣料品,5%
富山県,富山市,呉羽ＳＳ,小売業,ガソリンスタンド,2%
富山県,富山市,くれはコンタクトセンター Ｋ,小売業,貴金属・服飾品,5%
富山県,富山市,くれは製菓,小売業,食料品,5%
富山県,富山市,呉羽ハイツ,サービス,宿泊業,5%
富山県,富山市,グローブ・ココ,小売業,衣料品,5%
富山県,富山市,黒瀬ＳＳ 南礪石油株式会社,小売業,ガソリンスタンド,2%
富山県,富山市,ＫＵＲＯＢＵＴＡレンタカー,サービス,その他サービス,5%
富山県,富山市,くろべ,サービス,宿泊業,5%
富山県,富山市,クロロフイル富山美顔教室,小売業,その他小売,5%
富山県,富山市,ケイ・ウノ 富山店,小売業,貴金属・服飾品,5%
富山県,富山市,コアフュール マツオ,サービス,理容・美容業,5%
富山県,富山市,コアフュール・まつお,サービス,理容・美容業,5%
富山県,富山市,光学堂眼鏡店 総曲輪店,小売業,貴金属・服飾品,5%
富山県,富山市,Ｃｏｆｆｅｅ ＭｉｃＴ,サービス,飲食業,5%
富山県,富山市,小顔ケアサロン Ｍ,サービス,その他サービス,5%
富山県,富山市,茸山ドライブイン,サービス,飲食業,5%
富山県,富山市,互光自動車,サービス,その他サービス,5%
富山県,富山市,５５１０８こことわ,サービス,その他サービス,5%
富山県,富山市,ＧＯＳＨＵ とやマルシェ店,サービス,飲食業,5%
富山県,富山市,個人 Ｖ ＴＡＸＩ 富山市,サービス,運輸業,5%
富山県,富山市,（個人）ニュータクシー,サービス,その他サービス,5%
富山県,富山市,（個人）ひかりタクシー,サービス,運輸業,5%
富山県,富山市,コスミックハ－ト山室ＳＳ株式会社日鉱産業,小売業,ガソリンスタンド,2%
富山県,富山市,ｃｏｔｅａｃｏｔｅ,小売業,衣料品,5%
富山県,富山市,ＣＯＫＫＩＰＡＮ,小売業,食料品,5%
富山県,富山市,ゴッツォーネ,サービス,飲食業,5%
富山県,富山市,小林ふとん店,小売業,家具・調度品,5%
富山県,富山市,珈琲の木,小売業,食料品,5%
富山県,富山市,五万石,サービス,飲食業,5%
富山県,富山市,五万石 本店,サービス,飲食業,5%
富山県,富山市,五万石フーズサービス,小売業,食料品,5%
富山県,富山市,（株）米三,小売業,家具・調度品,5%
富山県,富山市,米三営業サービス部,小売業,家具・調度品,5%
富山県,富山市,米三 Ｄスクエア,小売業,家具・調度品,5%
富山県,富山市,米三 富山南店,小売業,家具・調度品,5%
富山県,富山市,ころがし,小売業,その他小売,5%
富山県,富山市,コンセプトホテル和休,サービス,宿泊業,5%
富山県,富山市,ＴＨＥ ＫＩＳＳ マリエとやま店,小売業,貴金属・服飾品,5%
富山県,富山市,サイクルショップ伊藤,小売業,その他小売,5%
富山県,富山市,サイクルローマン本店,小売業,その他小売,5%
富山県,富山市,菜香厨房 富山店,サービス,飲食業,5%
富山県,富山市,酒井コンピュータサービス,サービス,その他サービス,5%
富山県,富山市,栄町リブラン総本店,小売業,食料品,5%
富山県,富山市,酒商 田尻本店,小売業,食料品,5%
富山県,富山市,サクセス,サービス,理容・美容業,5%
富山県,富山市,サクセス ａｇｒｅｅ ａｂｌｅ,サービス,理容・美容業,5%
富山県,富山市,酒のカワサキグループ ウハウハ店,小売業,食料品,5%
富山県,富山市,酒のソクハイ 桜木町店,小売業,その他小売,5%
富山県,富山市,ささら屋 とやマルシェ店,小売業,食料品,5%
富山県,富山市,茶房ＰＯＰＯ 茶房ｐｏｐｏ,サービス,飲食業,5%
富山県,富山市,Ｓａｙａ,サービス,理容・美容業,5%
富山県,富山市,ｓａｌｏｎ ｄｅ Ｇｒｅｃｏ,サービス,理容・美容業,5%
富山県,富山市,ＳＡＬＯＮＤＥＲＵＥ,サービス,その他サービス,5%
富山県,富山市,サロン ＬａＬａ,サービス,理容・美容業,5%
富山県,富山市,サロン 松花,小売業,衣料品,5%
富山県,富山市,サロン・ＬａＬａ,サービス,理容・美容業,5%
富山県,富山市,サンカレー＆Ｃａｒｎｅ,サービス,飲食業,5%
富山県,富山市,さんじゅうまる,サービス,飲食業,5%
富山県,富山市,サンデンチェーン中央店,小売業,電化製品,5%
富山県,富山市,サンデンチェーンホソダ,小売業,電化製品,5%
富山県,富山市,山王ペットクリニック,サービス,その他サービス,5%
富山県,富山市,Ｓｙｍｐａ 富山店,小売業,貴金属・服飾品,5%
富山県,富山市,サンピネ,小売業,衣料品,5%
富山県,富山市,三洋薬品ＨＢＣ株式会社 富山営業所,小売業,その他小売,5%
富山県,富山市,三和インフォメーションビーエムエス,小売業,電化製品,5%
富山県,富山市,しあわせ創庫,サービス,その他サービス,5%
富山県,富山市,シーズ,小売業,食料品,5%
富山県,富山市,シーベレット富山婦中店,小売業,衣料品,5%
富山県,富山市,ＪＲ西日本レンタカー＆リース株式会社 富山駅前第一駐車場,サービス,運輸業,5%
富山県,富山市,ＪＪソシエハシヅメ クレッシェンド婦中店,小売業,貴金属・服飾品,5%
富山県,富山市,ＪＪ天正寺コンタクト,小売業,貴金属・服飾品,5%
富山県,富山市,ＪＪハシヅメ眼鏡院 新庄経堂店,小売業,貴金属・服飾品,5%
富山県,富山市,ＪＪハシヅメ眼鏡院 クレッシェンド婦中店,小売業,貴金属・服飾品,5%
富山県,富山市,Ｊ－Ｓｔｙｌｅ 富山今泉店,サービス,その他サービス,5%
富山県,富山市,Ｊ－Ｓｔｙｌｅ 富山呉羽町店,サービス,その他サービス,5%
富山県,富山市,ジェームス富山東店,小売業,その他小売,2%
富山県,富山市,ＪＪハシヅメ眼鏡院 本店,小売業,貴金属・服飾品,5%
富山県,富山市,ＣＨＡＩＮＯＮ,サービス,理容・美容業,5%
富山県,富山市,ジェリーズ,サービス,飲食業,5%
富山県,富山市,ｃｈｅｒｉｍｂｏａｔ,サービス,理容・美容業,5%
富山県,富山市,四川乃華富山飯野店,サービス,飲食業,5%
富山県,富山市,四川乃華二口店,サービス,飲食業,5%
富山県,富山市,シップス,サービス,理容・美容業,5%
富山県,富山市,シップス イール,サービス,理容・美容業,5%
富山県,富山市,シップス ラグーン,サービス,理容・美容業,5%
富山県,富山市,ジーニーズ・フォーシーズン 太郎丸店,サービス,理容・美容業,5%
富山県,富山市,ジーニーズ４シーズン太田口通り,サービス,理容・美容業,5%
富山県,富山市,ジーニーズ４シーズン太田口通り店,サービス,理容・美容業,5%
富山県,富山市,ジーニーズ４シーズン太郎丸店,サービス,理容・美容業,5%
富山県,富山市,Ｇｙｐｓｏ【ジプソ】,サービス,理容・美容業,5%
富山県,富山市,清水町ＳＳ,小売業,ガソリンスタンド,2%
富山県,富山市,示野珈琲 マリエとやま店,サービス,飲食業,5%
富山県,富山市,下赤江ＳＳ 東亜石油販売株式会社,小売業,ガソリンスタンド,2%
富山県,富山市,小吃 荒町店,サービス,飲食業,5%
富山県,富山市,弱酸性美容室ラテラル,サービス,理容・美容業,5%
富山県,富山市,釋永岳,サービス,その他サービス,5%
富山県,富山市,シャポー ファッション サイト ＳＡＩＴＯ,小売業,衣料品,5%
富山県,富山市,写楽,サービス,飲食業,5%
富山県,富山市,シャルムユニフォーム,小売業,衣料品,5%
富山県,富山市,シャンデールサロン 魚津 有限会社ノーブルローズ,小売業,衣料品,5%
富山県,富山市,シャンデールサロン 花かご,小売業,衣料品,5%
富山県,富山市,シャンデールサロン 響,小売業,衣料品,5%
富山県,富山市,シャンデールサロン 街なか,小売業,衣料品,5%
富山県,富山市,シャンデールサロン 和十七,小売業,衣料品,5%
富山県,富山市,シャンデール 桃李サロン,小売業,衣料品,5%
富山県,富山市,ＪＯＵＩＲＨＡＩＲ,サービス,理容・美容業,5%
富山県,富山市,ジュエリーブティック ＡＯＢＡ,小売業,貴金属・服飾品,5%
富山県,富山市,ジュエリーブティック ＡＯＢＡ,小売業,貴金属・服飾品,5%
富山県,富山市,ＡｋａｒｉＶｉｎｔａｇｅ,小売業,衣料品,5%
富山県,富山市,ジュンコ 山室店,小売業,衣料品,5%
富山県,富山市,ジュンコグリーンバレー大沢野店,小売業,衣料品,5%
富山県,富山市,旬菜 靜加,サービス,飲食業,5%
富山県,富山市,旬善 葉椀,サービス,飲食業,5%
富山県,富山市,旬鮮酒場山ちゃん,サービス,飲食業,5%
富山県,富山市,順風屋 とやマルシェ店,小売業,食料品,5%
富山県,富山市,ジョイフルクボＳＳ,小売業,ガソリンスタンド,2%
富山県,富山市,ジョイフル４１５ＳＳ,小売業,ガソリンスタンド,2%
富山県,富山市,松電舎,小売業,その他小売,5%
富山県,富山市,食・癒・宴のスパ・アルプス,サービス,その他サービス,5%
富山県,富山市,食彩 えん,サービス,飲食業,5%
富山県,富山市,食堂天保,サービス,飲食業,5%
富山県,富山市,食楽 彩,サービス,飲食業,5%
富山県,富山市,白えび専門店 白えび屋 とやマルシェ店,小売業,食料品,5%
富山県,富山市,白えび亭 とやマルシェ店,サービス,飲食業,5%
富山県,富山市,新光モータース,サービス,その他サービス,5%
富山県,富山市,新庄ＳＳ,小売業,ガソリンスタンド,2%
富山県,富山市,新庄東ＳＳ 南砺石油,小売業,ガソリンスタンド,2%
富山県,富山市,神通町ＳＳ,小売業,ガソリンスタンド,2%
富山県,富山市,Ｓｙｍｐｏｓｉｕｍ,サービス,飲食業,5%
富山県,富山市,しんめい動物病院,サービス,その他サービス,5%
富山県,富山市,スーパーフレック,小売業,その他小売,5%
富山県,富山市,末弘軒,サービス,飲食業,5%
富山県,富山市,末弘軒 本店,サービス,飲食業,5%
富山県,富山市,菅原昌仁税理士事務所 菅原昌仁税理士事務所,サービス,その他サービス,5%
富山県,富山市,杉本電機商会,小売業,電化製品,5%
富山県,富山市,ＳｋｉｎＣａｒｅＳａｌｏｎＡＵＲＯＲＡ,サービス,理容・美容業,5%
富山県,富山市,スクールエー 富山店,小売業,衣料品,5%
富山県,富山市,スクールショップみやざき,小売業,衣料品,5%
富山県,富山市,寿司栄掛尾店,サービス,飲食業,5%
富山県,富山市,寿司栄 華やぎ,サービス,飲食業,5%
富山県,富山市,鮨蒲本舗 河内屋 かまぼこ専門店 お土産店 とやマルシェ店,小売業,食料品,5%
富山県,富山市,すし食いねえ！富山天正寺店,サービス,飲食業,5%
富山県,富山市,すし食いねぇ！富山天正寺店,サービス,飲食業,5%
富山県,富山市,鮨し人,サービス,飲食業,5%
富山県,富山市,寿し処 佐々木,サービス,飲食業,5%
富山県,富山市,有限会社寿し処佐々木,サービス,飲食業,5%
富山県,富山市,すし福ちゃん,サービス,飲食業,5%
富山県,富山市,すし琉之輔,サービス,飲食業,5%
富山県,富山市,寿々屋 とやマルシェ店,小売業,食料品,5%
富山県,富山市,スタイリストゴトウ富山二口店,小売業,その他小売,5%
富山県,富山市,すたみな太郎 富山南店,サービス,飲食業,5%
富山県,富山市,ステーキハウスヌキエ,サービス,飲食業,5%
富山県,富山市,スポーツのマンゾク,小売業,その他小売,5%
富山県,富山市,スマイル吉岡ＳＳ,小売業,ガソリンスタンド,2%
富山県,富山市,ＴＨＲＩＦＴＥＲＳＦａｍ富山黒瀬店,小売業,その他小売,5%
富山県,富山市,諏訪川原ＳＳ,小売業,ガソリンスタンド,2%
富山県,富山市,生活彩家済生会富山病院店,小売業,その他小売,2%
富山県,富山市,生活彩家富山国際学園店,小売業,その他小売,2%
富山県,富山市,靜月,サービス,飲食業,5%
富山県,富山市,整体院京谷 富山店,サービス,その他サービス,5%
富山県,富山市,精文館書店,小売業,書籍・玩具・音楽ＣＤ,5%
富山県,富山市,精文館書店 精文館書店,小売業,書籍・玩具・音楽ＣＤ,5%
富山県,富山市,清明堂書店 マリエとやま店,小売業,その他小売,5%
富山県,富山市,瀬戸,小売業,その他小売,5%
富山県,富山市,瀬戸 大泉店,小売業,その他小売,5%
富山県,富山市,瀬戸 奥田店,小売業,その他小売,5%
富山県,富山市,セプト,小売業,衣料品,5%
富山県,富山市,セポスターチス マリエとやま店,小売業,衣料品,5%
富山県,富山市,ｃｈｅｒｐｉｅｒｒｅ,サービス,理容・美容業,5%
富山県,富山市,セレモニーセンター礪波,サービス,その他サービス,5%
富山県,富山市,セレモニーセンター新川,サービス,その他サービス,5%
富山県,富山市,セレモニーセンター金沢,サービス,その他サービス,5%
富山県,富山市,セレモニーセンター高岡,サービス,その他サービス,5%
富山県,富山市,セレモニーセンター富山,サービス,その他サービス,5%
富山県,富山市,セレモニーセンター富山,サービス,その他サービス,5%
富山県,富山市,ゼロワン,サービス,飲食業,5%
富山県,富山市,鮮心 よこた,サービス,飲食業,5%
富山県,富山市,そば処 大庵,サービス,飲食業,5%
富山県,富山市,ソフトバンク 大広田,小売業,その他小売,5%
富山県,富山市,ソフトバンク 呉羽,小売業,その他小売,5%
富山県,富山市,ソフトバンク アピタ富山,小売業,その他小売,5%
富山県,富山市,第３ＰＬＡＣＥ,サービス,理容・美容業,5%
富山県,富山市,大衆個室居酒屋 本気家分家,サービス,飲食業,5%
富山県,富山市,ダイニング＆カフェ 呉音,サービス,飲食業,5%
富山県,富山市,ダイニングバー ＳＨＡＲＥ,サービス,飲食業,5%
富山県,富山市,鯛家,サービス,宿泊業,5%
富山県,富山市,タイヤ２４００プラス,小売業,その他小売,5%
富山県,富山市,太陽スポーツ 富山店,小売業,その他小売,5%
富山県,富山市,ＴＡＫＡＯ 高雄自動車,サービス,その他サービス,5%
富山県,富山市,高岡仏壇仏具センター 高岡仏壇仏具センター 今泉店,小売業,その他小売,5%
富山県,富山市,高岡マンテンホテル 駅前,サービス,宿泊業,5%
富山県,富山市,たかた でんき,小売業,電化製品,5%
富山県,富山市,たかはしサイクル,小売業,その他小売,5%
富山県,富山市,高原鉱泉 高原鉱泉,サービス,その他サービス,5%
富山県,富山市,高森自動車販売,サービス,その他サービス,5%
富山県,富山市,高芳 ます寿し店 高芳鱒寿し店,小売業,食料品,5%
富山県,富山市,たからや分店 ひで,小売業,食料品,5%
富山県,富山市,たつみ自動車,サービス,その他サービス,5%
富山県,富山市,立山黒部 とやマルシェ店,小売業,食料品,5%
富山県,富山市,立山酒店 粟島店,小売業,食料品,5%
富山県,富山市,谷自動車整備工場,サービス,その他サービス,5%
富山県,富山市,谷自動車整備工場,サービス,その他サービス,5%
富山県,富山市,ＴＡＰＩＴＡＰＩ,サービス,飲食業,5%
富山県,富山市,玉旭酒造 玉生酒本店,小売業,食料品,5%
富山県,富山市,ちゃぶ有,サービス,飲食業,5%
富山県,富山市,チャンピオンカレー富山新庄店,サービス,飲食業,5%
富山県,富山市,中央電機商会,小売業,電化製品,5%
富山県,富山市,中央ドライ,サービス,その他サービス,5%
富山県,富山市,ＣＨＩＬＬＩＮＧ ＳＴＹＬＥ,小売業,その他小売,5%
富山県,富山市,チロル,小売業,その他小売,5%
富山県,富山市,月見 本店 月見本店,サービス,飲食業,5%
富山県,富山市,土田コンタクトレンズセンター,小売業,その他小売,5%
富山県,富山市,ＴＭ＆ＳＯＮＳレディス２Ｆ,小売業,衣料品,5%
富山県,富山市,ＴＩＥＲＲＡ Ｃａｆｅ,サービス,飲食業,5%
富山県,富山市,Ｔｉｐｓ,サービス,理容・美容業,5%
富山県,富山市,ディライト花園町店,サービス,理容・美容業,5%
富山県,富山市,Ｄ－Ｒ,サービス,理容・美容業,5%
富山県,富山市,手打ち蕎麦 和叶,サービス,飲食業,5%
富山県,富山市,テキサスハンズ 富山婦中店,小売業,食料品,5%
富山県,富山市,デジタルライフサポート,サービス,その他サービス,5%
富山県,富山市,テックみなみ,サービス,その他サービス,5%
富山県,富山市,てば壱,サービス,飲食業,5%
富山県,富山市,寺島酒店,小売業,その他小売,5%
富山県,富山市,電化のシゲル,小売業,電化製品,5%
富山県,富山市,ネットワークタカマツ,小売業,電化製品,5%
富山県,富山市,デンキペ－ジ みつはし,小売業,電化製品,5%
富山県,富山市,でんきやＳＵＮはまもと,小売業,電化製品,5%
富山県,富山市,天ぷら小泉たかの,サービス,飲食業,5%
富山県,富山市,天よし,サービス,飲食業,5%
富山県,富山市,天米 掛尾店,サービス,飲食業,5%
富山県,富山市,ド・オーロ,小売業,衣料品,5%
富山県,富山市,ドゥ ファミリー,小売業,衣料品,5%
富山県,富山市,東亜配送センタ－,小売業,ガソリンスタンド,2%
富山県,富山市,燈花,サービス,飲食業,5%
富山県,富山市,トータルヒーリング メアリスト,サービス,理容・美容業,5%
富山県,富山市,アユーラ アユーラ,サービス,理容・美容業,5%
富山県,富山市,トートーカフェ,サービス,飲食業,5%
富山県,富山市,ドギーパラダイス,小売業,その他小売,5%
富山県,富山市,特撰弁当白えび亭 とやマルシェ店,小売業,食料品,5%
富山県,富山市,登山用品のオクトス富山店,小売業,その他小売,5%
富山県,富山市,栃山栄電社,小売業,電化製品,5%
富山県,富山市,ととやま,小売業,家具・調度品,5%
富山県,富山市,砺波平安閣,サービス,その他サービス,5%
富山県,富山市,とべーぐる ファニチャーパークケースリー店,サービス,飲食業,5%
富山県,富山市,冨尾自動車,サービス,その他サービス,5%
富山県,富山市,富タク旅行,サービス,その他サービス,5%
富山県,富山市,富乃恵 とやマルシェ店,小売業,食料品,5%
富山県,富山市,富山ＳＳ,小売業,ガソリンスタンド,2%
富山県,富山市,セブン－イレブン富山赤田北店,小売業,食料品,2%
富山県,富山市,セブン－イレブン富山石坂店,小売業,食料品,2%
富山県,富山市,富山インターＳＳ,小売業,ガソリンスタンド,2%
富山県,富山市,セブン－イレブン富山インター南店,小売業,食料品,2%
富山県,富山市,富山駅前 ＳＳ,小売業,ガソリンスタンド,2%
富山県,富山市,富山ＯＡスクール,サービス,その他サービス,5%
富山県,富山市,セブン－イレブン富山小倉店,小売業,食料品,2%
富山県,富山市,富山柿里,サービス,飲食業,5%
富山県,富山市,富山学生協 １,小売業,ガソリンスタンド,2%
富山県,富山市,セブン－イレブン富山掛尾店,小売業,食料品,2%
富山県,富山市,セブン－イレブン富山上飯野店,小売業,食料品,2%
富山県,富山市,セブン－イレブン富山上田島店,小売業,食料品,2%
富山県,富山市,セブン－イレブン富山上袋店,小売業,食料品,2%
富山県,富山市,セブン－イレブン富山上二杉店,小売業,食料品,2%
富山県,富山市,セブン－イレブン富山上本町店,小売業,食料品,2%
富山県,富山市,富山空港前ＳＳ,小売業,ガソリンスタンド,2%
富山県,富山市,セブン－イレブン富山窪新町店,小売業,食料品,2%
富山県,富山市,セブン－イレブン富山黒崎店,小売業,食料品,2%
富山県,富山市,富山県美術館ミュージアムショップ,小売業,その他小売,5%
富山県,富山市,富山交通 整備工場,サービス,その他サービス,5%
富山県,富山市,富山サイクリングセンター,小売業,その他小売,5%
富山県,富山市,富山さかな処 みのり家,サービス,飲食業,5%
富山県,富山市,セブン－イレブン富山地角店,小売業,食料品,2%
富山県,富山市,とやま地酒本舗「蔵の香」 とやマルシェ店,小売業,その他小売,5%
富山県,富山市,富山市自然活用村古洞の森,サービス,宿泊業,5%
富山県,富山市,セブン－イレブン富山下飯野店,小売業,食料品,2%
富山県,富山市,セブン－イレブン富山下くつわだ店,小売業,食料品,2%
富山県,富山市,セブン－イレブン富山城址公園前店,小売業,食料品,2%
富山県,富山市,セブン－イレブン富山城南公園前店,小売業,食料品,2%
富山県,富山市,富山大学杉谷キャンパス売店,小売業,書籍・玩具・音楽ＣＤ,5%
富山県,富山市,富山ダイハツ販売 グランジュエル富山今泉,小売業,その他小売,5%
富山県,富山市,富山ダイハツ販売アクセル富山店,小売業,その他小売,5%
富山県,富山市,富山ダイハツ販売富山店,小売業,その他小売,5%
富山県,富山市,富山ダイハツ販売富山南店,小売業,その他小売,5%
富山県,富山市,富山タウンホテル,サービス,宿泊業,5%
富山県,富山市,セブン－イレブン富山太郎丸西町店,小売業,食料品,2%
富山県,富山市,富山中央税理士法人 いいもり事務所,サービス,その他サービス,5%
富山県,富山市,セブン－イレブン富山つばめ野店,小売業,食料品,2%
富山県,富山市,セブン－イレブン富山天正寺店,小売業,食料品,2%
富山県,富山市,セブン－イレブン富山豊田本町１丁目店,小売業,食料品,2%
富山県,富山市,富山トヨペットくるる富山店,小売業,その他小売,5%
富山県,富山市,富山トヨペットくるる富山店テクノショッ,小売業,その他小売,5%
富山県,富山市,富山トヨペットＧスクエア稲荷店,小売業,その他小売,5%
富山県,富山市,富山トヨペットＧスクエア富山本店,小売業,その他小売,5%
富山県,富山市,富山トヨペットＧスクエア富山インター店,小売業,その他小売,5%
富山県,富山市,セブン－イレブン富山中市店,小売業,食料品,2%
富山県,富山市,セブン－イレブン富山中川原店,小売業,食料品,2%
富山県,富山市,セブン－イレブン富山西荒屋店,小売業,食料品,2%
富山県,富山市,セブン－イレブン富山西大泉店,小売業,食料品,2%
富山県,富山市,セブン－イレブン富山西大沢店,小売業,食料品,2%
富山県,富山市,富山の味早瀬 とやマルシェ店,小売業,食料品,5%
富山県,富山市,セブン－イレブン富山速星店,小売業,食料品,2%
富山県,富山市,富山百貨サクラスイーツ＆ポエム マリエとやま店,小売業,食料品,5%
富山県,富山市,セブン－イレブン富山藤木店,小売業,食料品,2%
富山県,富山市,セブン－イレブン富山附属学園前店,小売業,食料品,2%
富山県,富山市,セブン－イレブン富山二口町４丁目店,小売業,食料品,2%
富山県,富山市,富山豚食堂かつたま,サービス,飲食業,5%
富山県,富山市,セブン－イレブン富山婦中鉄工業団地前店,小売業,食料品,2%
富山県,富山市,セブン－イレブン富山古里小学校前店,小売業,食料品,2%
富山県,富山市,セブン－イレブン富山古沢店,小売業,食料品,2%
富山県,富山市,セブン－イレブン富山堀川町店,小売業,食料品,2%
富山県,富山市,セブン－イレブン富山本郷西部店,小売業,食料品,2%
富山県,富山市,セブン－イレブン富山本郷町店,小売業,食料品,2%
富山県,富山市,セブン－イレブン富山町村１丁目店,小売業,食料品,2%
富山県,富山市,富山マンテンホテル,サービス,宿泊業,5%
富山県,富山市,セブン－イレブン富山水橋辻ヶ堂店,小売業,食料品,2%
富山県,富山市,とやま銘菓 とやマルシェ店,小売業,食料品,5%
富山県,富山市,富山ヤクルト販売,小売業,食料品,5%
富山県,富山市,富山ヤクルト販売 砺波センター,小売業,食料品,5%
富山県,富山市,富山ヤクルト販売 滑川センター,小売業,食料品,5%
富山県,富山市,富山ヤクルト販売 名水の里黒部店,小売業,食料品,5%
富山県,富山市,富山ヤクルト販売 富山中央センター,小売業,食料品,5%
富山県,富山市,富山ヤクルト販売 新湊センター,小売業,食料品,5%
富山県,富山市,富山ヤクルト販売 豊田センター,小売業,食料品,5%
富山県,富山市,富山ヤクルト販売 大沢野センター,小売業,食料品,5%
富山県,富山市,富山ヤクルト販売 八尾センター,小売業,食料品,5%
富山県,富山市,富山ヤクルト販売 福岡センター,小売業,食料品,5%
富山県,富山市,富山ヤクルト販売 ヤクルトビル前店,小売業,食料品,5%
富山県,富山市,富山ヤクルト販売 流杉センター,小売業,食料品,5%
富山県,富山市,富山ヤクルト販売 入善センター,小売業,食料品,5%
富山県,富山市,富山ヤクルト販売 氷見センター,小売業,食料品,5%
富山県,富山市,富山ヤクルト販売 不二越店,小売業,食料品,5%
富山県,富山市,富山ヤクルト販売 高岡中央センター,小売業,食料品,5%
富山県,富山市,富山ヤクルト販売 高岡北部センター,小売業,食料品,5%
富山県,富山市,富山ヤクルト販売 五福センター,小売業,食料品,5%
富山県,富山市,富山ヤクルト販売 上市センター,小売業,食料品,5%
富山県,富山市,富山ヤクルト販売 立山センター,小売業,食料品,5%
富山県,富山市,富山ヤクルト販売 魚津センター,小売業,食料品,5%
富山県,富山市,富山ヤクルト販売 きららか射水店,小売業,食料品,5%
富山県,富山市,富山ヤクルト販売 高岡東部センター,小売業,食料品,5%
富山県,富山市,富山ヤクルト販売 小矢部センター,小売業,食料品,5%
富山県,富山市,富山ヤクルト販売 伏木センター,小売業,食料品,5%
富山県,富山市,富山ヤクルト販売 糸魚川,小売業,食料品,5%
富山県,富山市,セブン－イレブン富山八尾井田店,小売業,食料品,2%
富山県,富山市,セブンーイレブン富山八尾新田店,小売業,食料品,2%
富山県,富山市,セブン－イレブン富山四方荒屋店,小売業,食料品,2%
富山県,富山市,富山らーめん王国まるたかや駅前店,サービス,飲食業,5%
富山県,富山市,トヨタレンタリース富山双代町店,サービス,その他サービス,2%
富山県,富山市,トヨタレンタリース富山富山駅前店,サービス,その他サービス,2%
富山県,富山市,トヨタレンタリース富山富山空港店,サービス,その他サービス,2%
富山県,富山市,トヨタレンタリース富山富山店,サービス,その他サービス,2%
富山県,富山市,トヨタレンタリース富山二口店,サービス,その他サービス,2%
富山県,富山市,ドラゴンレッドリバー マリエとやま店,サービス,飲食業,2%
富山県,富山市,トラットリア ジュスティーノ,サービス,飲食業,5%
富山県,富山市,ＴＲＡＴＴＯＲＩＡＥＮＺＯ,サービス,飲食業,5%
富山県,富山市,ＴＲＵＮＫ１５,小売業,衣料品,5%
富山県,富山市,カギのサプライズ,サービス,その他サービス,5%
富山県,富山市,トレンディー赤田ＳＳ株式会社日鉱産業,小売業,ガソリンスタンド,2%
富山県,富山市,とんかつ粟島,サービス,飲食業,5%
富山県,富山市,トンカツＤＡＩＮＩＮＧ ビリケンさん,サービス,飲食業,5%
富山県,富山市,トンカツＤＡＩＮＩＮＧ ビリケンさん 萬や,サービス,飲食業,5%
富山県,富山市,問屋センターＳＳ,小売業,ガソリンスタンド,2%
富山県,富山市,ナイン自動車,サービス,その他サービス,5%
富山県,富山市,長江東生園,小売業,食料品,5%
富山県,富山市,中田図書販売株式会社,小売業,書籍・玩具・音楽ＣＤ,5%
富山県,富山市,中野新町ＳＳ,小売業,ガソリンスタンド,2%
富山県,富山市,株式会社中村燃料商店 富山営業所,小売業,その他小売,5%
富山県,富山市,なご鶏,サービス,飲食業,5%
富山県,富山市,和処てつ,サービス,飲食業,5%
富山県,富山市,Ｎａｔｕｒａｌ Ｌａｂｏ．,サービス,理容・美容業,5%
富山県,富山市,Ｎａｐｓ Ｎｏｔｅ,小売業,衣料品,5%
富山県,富山市,七越 とやマルシェ店,サービス,飲食業,5%
富山県,富山市,鯰第一温泉 ふじのや,サービス,宿泊業,5%
富山県,富山市,なんでも鑑定局 富山本店,小売業,その他小売,5%
富山県,富山市,２５ｎｉｃｏ,サービス,理容・美容業,5%
富山県,富山市,ｎｉｃｏｔｔ（ニコット）,サービス,理容・美容業,5%
富山県,富山市,西町大喜とやマルシェ店,サービス,飲食業,5%
富山県,富山市,二代目赤鍋屋,サービス,飲食業,5%
富山県,富山市,日本酒スローフード とやま方舟 とやマルシェ店,サービス,飲食業,5%
富山県,富山市,日本料理 かわうち,サービス,飲食業,5%
富山県,富山市,日本料理山崎,サービス,飲食業,5%
富山県,富山市,ニューイングランド ますやま,小売業,電化製品,5%
富山県,富山市,楡原ＳＳ,小売業,ガソリンスタンド,2%
富山県,富山市,喰い呑み処ぬくぬく,サービス,飲食業,5%
富山県,富山市,布市ＳＳ 南礪石油株式会社,小売業,ガソリンスタンド,2%
富山県,富山市,ネイルサロン エミリオ,サービス,その他サービス,5%
富山県,富山市,ＮａｉｌＳａｌｏｎ ｄｏｋｕｉｃｈｉｇｏ,サービス,理容・美容業,5%
富山県,富山市,ＮＥＯＣＬＡＳＳＩＣ,サービス,飲食業,5%
富山県,富山市,ＮＥＸＵＳ,サービス,理容・美容業,5%
富山県,富山市,ネクスト ワン 株,サービス,その他サービス,5%
富山県,富山市,Ｄｒ．Ｄｒｉｖｅ根塚店,小売業,ガソリンスタンド,2%
富山県,富山市,ネッツトヨタ富山 本店,小売業,その他小売,5%
富山県,富山市,ネッツトヨタ富山 Ｕ－Ｃａｒステーション,小売業,その他小売,5%
富山県,富山市,ネッツトヨタ富山富山西店,小売業,その他小売,5%
富山県,富山市,ネッツトヨタ富山富山南店,小売業,その他小売,5%
富山県,富山市,ネッツトヨタノヴェルとやま掛尾店,小売業,その他小売,5%
富山県,富山市,ネッツトヨタノヴェルとやまボデーセンター,小売業,その他小売,5%
富山県,富山市,ネッツトヨタノヴェルとやま本社,小売業,その他小売,5%
富山県,富山市,ネッツトヨタノヴェルとやまＵ－Ｃａｒラン,小売業,その他小売,5%
富山県,富山市,ネッツトヨタノヴェルとやまＹ－Ｔｏｗｎ山,小売業,その他小売,5%
富山県,富山市,ネットワークタカマツ 荏原店,小売業,電化製品,5%
富山県,富山市,ネットワークタカマツ,小売業,電化製品,5%
富山県,富山市,ネットワークタカマツ荏原店,小売業,電化製品,5%
富山県,富山市,能作 マリエとやま店,小売業,その他小売,5%
富山県,富山市,ＮＯＳＡＫＡ富山店,小売業,衣料品,5%
富山県,富山市,Ｂａｒ Ａｓｔｅｒ,サービス,飲食業,5%
富山県,富山市,ＰＡＲＱＳ ｔｏｙａｍａ,小売業,衣料品,5%
富山県,富山市,ＰＡＲＱＳ ＭＥＮ’Ｓ,小売業,衣料品,5%
富山県,富山市,バークレー マリエとやま店,小売業,その他小売,5%
富山県,富山市,ｂｕｒｄｅｎ,小売業,衣料品,5%
富山県,富山市,ＢＡＲＢＡＲサポーズ ｂａｒｂｅｒｓｕｐｐｏｓｅ,サービス,理容・美容業,5%
富山県,富山市,ＢａｒｂｅｒｓｈｏｐＴｓ,サービス,理容・美容業,5%
富山県,富山市,パーマネントデザインショップ,小売業,家具・調度品,5%
富山県,富山市,ＢＡＲ みやた,サービス,飲食業,5%
富山県,富山市,バーラウンジ プッチ,サービス,飲食業,5%
富山県,富山市,パールクリーニング,サービス,その他サービス,5%
富山県,富山市,ハウジングスタジオＫＡＴＯ,小売業,電化製品,5%
富山県,富山市,博多ラーメンばたやん 駅前店,サービス,飲食業,5%
富山県,富山市,ＰＡＲＱＳ,小売業,衣料品,5%
富山県,富山市,ハシヅメ ブライダルサロン,小売業,貴金属・服飾品,5%
富山県,富山市,ハシヅメ眼鏡店 新根塚店,小売業,貴金属・服飾品,5%
富山県,富山市,ｈａｚｅｒｕ ｃｏｆｆｅｅ ｈａｚｅｒｕ ｃｏｆｆｅｅ,サービス,飲食業,5%
富山県,富山市,８番らーめん安養寺店,サービス,飲食業,2%
富山県,富山市,８番らーめん飯野あらや店,サービス,飲食業,2%
富山県,富山市,８番らーめん大泉店,サービス,飲食業,2%
富山県,富山市,８番らーめん大沢野店,サービス,飲食業,2%
富山県,富山市,８番らーめん奥田店,サービス,飲食業,2%
富山県,富山市,８番らーめん呉羽本郷店,サービス,飲食業,2%
富山県,富山市,８番らーめん黒瀬店,サービス,飲食業,2%
富山県,富山市,８番らーめん新庄店,サービス,飲食業,2%
富山県,富山市,８番らーめん太郎丸店,サービス,飲食業,2%
富山県,富山市,８番らーめん富山呉羽店,サービス,飲食業,2%
富山県,富山市,８番らーめん中川原店,サービス,飲食業,2%
富山県,富山市,８番らーめん羽根店,サービス,飲食業,2%
富山県,富山市,８番らーめん八尾店,サービス,飲食業,2%
富山県,富山市,八ぶんめ,サービス,飲食業,5%
富山県,富山市,ハッピー食堂 中央通り店,サービス,飲食業,5%
富山県,富山市,ハーティ 富山店,小売業,その他小売,5%
富山県,富山市,パティスリーミレジム,小売業,食料品,5%
富山県,富山市,花園町ＳＳ,小売業,ガソリンスタンド,2%
富山県,富山市,パナパック・にしだ,小売業,電化製品,5%
富山県,富山市,花メイト,小売業,その他小売,5%
富山県,富山市,花メイト,小売業,その他小売,5%
富山県,富山市,はなれ,サービス,飲食業,5%
富山県,富山市,ＨＯＮＥＹ Ａｎｉｍａｌ Ｃｌｉ,サービス,その他サービス,5%
富山県,富山市,浜多屋 あまよっと横丁店,サービス,飲食業,5%
富山県,富山市,浜とみ,サービス,飲食業,5%
富山県,富山市,速星中ＳＳ,小売業,ガソリンスタンド,2%
富山県,富山市,パラディアーナ,小売業,衣料品,5%
富山県,富山市,バルバンコ,サービス,飲食業,5%
富山県,富山市,Ｐａｒａｄｅ今泉店,小売業,その他小売,5%
富山県,富山市,Ｐａｒａｄｅ北の森店,小売業,その他小売,5%
富山県,富山市,Ｐａｒａｄｅ総曲輪店,小売業,その他小売,5%
富山県,富山市,Ｐａｒａｄｅ天正寺店,小売業,その他小売,5%
富山県,富山市,Ｐａｒａｄｅ富山羽根店,小売業,その他小売,5%
富山県,富山市,Ｐａｒａｄｅ,小売業,衣料品,5%
富山県,富山市,ＰａｉｎＡｌｌｉｅｒ パンアリエ,小売業,食料品,5%
富山県,富山市,パンオーレ掛尾店,小売業,食料品,5%
富山県,富山市,バーンズ飯野店,サービス,飲食業,5%
富山県,富山市,バーンズ呉羽店,サービス,飲食業,5%
富山県,富山市,バーンズ黒瀬店,サービス,飲食業,5%
富山県,富山市,ハンプティーダンプティー富山掛尾店,小売業,その他小売,5%
富山県,富山市,ＢＭＯ富山呉羽店,小売業,衣料品,5%
富山県,富山市,ピーク富山ファボーレ店,小売業,衣料品,5%
富山県,富山市,Ｐｃ’ｓ ａｔａｍａｎｏｉｅ,サービス,理容・美容業,5%
富山県,富山市,ｐｉｉｓｕ,小売業,衣料品,5%
富山県,富山市,美環,サービス,その他サービス,5%
富山県,富山市,ビストロ Ｄｏｎｎａ？,サービス,飲食業,5%
富山県,富山市,ビスページ富山婦中店,小売業,衣料品,5%
富山県,富山市,びっくりドンキー本郷店,サービス,飲食業,2%
富山県,富山市,ｐｉｚｚａ ｉｓｍ,サービス,飲食業,5%
富山県,富山市,ひばり快腸堂 ひばり快腸堂,小売業,その他小売,5%
富山県,富山市,１００円ショップポピア 婦中ショッピングセンターパピ店,小売業,その他小売,5%
富山県,富山市,百万石銘店 とやマルシェ店,小売業,食料品,5%
富山県,富山市,ＰｕｒｅＮａｉｌ マリエとやま店,サービス,理容・美容業,5%
富山県,富山市,Ｂｅａｕｔｙ ｓａｌｏｎ あや,サービス,理容・美容業,5%
富山県,富山市,Ｈｕｔｔｅ,小売業,衣料品,5%
富山県,富山市,ビューティプラザ はまざき 本店,小売業,その他小売,5%
富山県,富山市,美容室ウィズ 水橋店,サービス,理容・美容業,5%
富山県,富山市,美容室デジール,サービス,理容・美容業,5%
富山県,富山市,美容室ヘアーメイクリミックス 新,サービス,理容・美容業,5%
富山県,富山市,ＨＩＲＡＴＡ,小売業,その他小売,5%
富山県,富山市,ひらのでんか,小売業,電化製品,5%
富山県,富山市,平野電機,小売業,電化製品,5%
富山県,富山市,ＨＩＲＯ Ｇｒａｎｄ ｊｅｔｅ,サービス,理容・美容業,5%
富山県,富山市,Ｈ！ＲＯＣＯＮ 富山ＣｉＣ店,小売業,その他小売,5%
富山県,富山市,廣瀬動物病院,サービス,その他サービス,5%
富山県,富山市,廣瀬洋服店,小売業,衣料品,5%
富山県,富山市,ファッションギャラリー・プロムナード,小売業,衣料品,5%
富山県,富山市,ファッションサロン・グレース,小売業,衣料品,5%
富山県,富山市,ファッションサロングレースインテック店,小売業,衣料品,5%
富山県,富山市,ファニチャーパーク Ｋ３,小売業,家具・調度品,5%
富山県,富山市,ファブリックジャム 富山店,小売業,衣料品,5%
富山県,富山市,ファミリーパークウエストＳＳ,小売業,ガソリンスタンド,2%
富山県,富山市,ＦａｒｍｚｕＴｉｓｃｈ,サービス,飲食業,5%
富山県,富山市,ｈｕａｌｉ ｎａｉｌ,サービス,理容・美容業,5%
富山県,富山市,Ｆｕｎ Ｔｉｍｅ,サービス,飲食業,5%
富山県,富山市,Ｆｅｅｌさかがみ,小売業,衣料品,5%
富山県,富山市,Ｆｉｃｕｓ【フィカス】,サービス,理容・美容業,5%
富山県,富山市,フェスタ４１金泉寺ＳＳ,小売業,ガソリンスタンド,2%
富山県,富山市,フェリーチェ,サービス,理容・美容業,5%
富山県,富山市,フェルヴェール富山駅店,サービス,飲食業,5%
富山県,富山市,フォルムプラス マリエとやま店,小売業,衣料品,5%
富山県,富山市,ＶＯＮＤＯＴ,小売業,衣料品,5%
富山県,富山市,藤ノ木ＳＳ,小売業,ガソリンスタンド,2%
富山県,富山市,ＦＵＪＩＲＥＸ,サービス,その他サービス,5%
富山県,富山市,ＢＯＯＫ・ＯＦＦ富山黒瀬店,小売業,その他小売,2%
富山県,富山市,ＢＯＯＫ・ＯＦＦ富山山室店,小売業,その他小売,2%
富山県,富山市,ＢＯＯＫＳなかだ大沢野店,小売業,書籍・玩具・音楽ＣＤ,5%
富山県,富山市,ＢＯＯＫＳなかだ奥田店,小売業,書籍・玩具・音楽ＣＤ,5%
富山県,富山市,ＢＯＯＫＳなかだ掛尾本店,小売業,書籍・玩具・音楽ＣＤ,5%
富山県,富山市,ＢＯＯＫＳなかだ北の森店,小売業,書籍・玩具・音楽ＣＤ,5%
富山県,富山市,ＢＯＯＫＳなかだＣｏｍｉｃ－Ｌａｂｏ,小売業,書籍・玩具・音楽ＣＤ,5%
富山県,富山市,ＢＯＯＫＳなかだファボーレ店,小売業,書籍・玩具・音楽ＣＤ,5%
富山県,富山市,ＢＯＯＫＳなかだ婦中店,小売業,書籍・玩具・音楽ＣＤ,5%
富山県,富山市,ブティック Ｒｅｉ,小売業,衣料品,5%
富山県,富山市,プティボヌール,サービス,飲食業,5%
富山県,富山市,ぶどう不動産,サービス,その他サービス,5%
富山県,富山市,ブライダルハウスことぶき富山店,サービス,その他サービス,5%
富山県,富山市,Ｂｒｏｗｎｉｅ,サービス,理容・美容業,5%
富山県,富山市,フラワーショップ イランイラン,小売業,その他小売,5%
富山県,富山市,ブランシェ 富山店,小売業,その他小売,5%
富山県,富山市,ＦＲＡＮＧＩＰＡＮＩ中央通り本店,サービス,飲食業,5%
富山県,富山市,プリーズインターＳＳ,小売業,ガソリンスタンド,2%
富山県,富山市,ｐｕｌｉｔｏ,サービス,理容・美容業,5%
富山県,富山市,ブリヂストン金屋タイヤセンター,小売業,その他小売,5%
富山県,富山市,ＢＲＩＤＧＥｈａｉｒｗｏｒｋｓ,サービス,理容・美容業,5%
富山県,富山市,フルーツよしおか,小売業,食料品,5%
富山県,富山市,Ｂｌｕｅ Ｍｏｏｎ Ｋ ｓ,小売業,その他小売,5%
富山県,富山市,フルールリブラン きときと市場とやマルシェ店,小売業,食料品,5%
富山県,富山市,ふるかじ２?１４,サービス,飲食業,5%
富山県,富山市,古里ＳＳ,小売業,ガソリンスタンド,2%
富山県,富山市,ふるまいや とやマルシェ店,小売業,その他小売,5%
富山県,富山市,フレッシュネスバーガー富山婦中町,サービス,飲食業,2%
富山県,富山市,ｆｒｉｅｎｄｓ,サービス,理容・美容業,5%
富山県,富山市,フレンチキッス フレンチ キッス,小売業,その他小売,5%
富山県,富山市,ｆｌｏｗ,サービス,理容・美容業,5%
富山県,富山市,プロント マリエとやま店,サービス,飲食業,2%
富山県,富山市,ＨＡＩＲ ＳＮＵＧ,サービス,理容・美容業,5%
富山県,富山市,Ｈａｉｒ Ｂｌｅｓｓ,サービス,理容・美容業,5%
富山県,富山市,ｈａｉｒ ｒｏｏｍ ｐａｔｉｎａ ｖｅｉｌ,サービス,理容・美容業,5%
富山県,富山市,Ｈａｉｒ ＲＯＪＪ,サービス,理容・美容業,5%
富山県,富山市,ｈａｉｒ ｇａｒｄｅｎ Ｒｏｌｄ 黒瀬店,サービス,理容・美容業,5%
富山県,富山市,ｈａｉｒｃｒａｆｔＬａＢ,サービス,理容・美容業,5%
富山県,富山市,Ｈａｉｒ ｓａｌｏｎ Ｒｅｆｕａ,サービス,理容・美容業,5%
富山県,富山市,Ｈａｉｒ Ｓｔｕｄｉｏ Ｌｉｅｎ,サービス,理容・美容業,5%
富山県,富山市,ヘアーメイク アンシャンテ,サービス,理容・美容業,5%
富山県,富山市,ヘアーガーデン フィカス,サービス,理容・美容業,5%
富山県,富山市,ｈａｉｒｇａｒｄｅｎＲｏｌｄ,サービス,理容・美容業,5%
富山県,富山市,ＨＡＩＲcopain,サービス,その他サービス,5%
富山県,富山市,ｈａｉｒ’ｓ ｍｉｎｔ,サービス,理容・美容業,5%
富山県,富山市,ヘアーメイクプラセール,サービス,理容・美容業,5%
富山県,富山市,ｈａｉｒｒｏｏｍＣｏｔｔａｎ,サービス,理容・美容業,5%
富山県,富山市,ベーシック,サービス,理容・美容業,5%
富山県,富山市,ＰＥＰＩＮ,サービス,飲食業,5%
富山県,富山市,ヘルス ビューティーはなの木 はなの木薬局アピタ富山店,小売業,その他小売,5%
富山県,富山市,Ｖｅｒｔ富山店,サービス,理容・美容業,5%
富山県,富山市,ベルフォンス,小売業,食料品,5%
富山県,富山市,弁慶掛尾店,小売業,衣料品,5%
富山県,富山市,弁慶豊田店,小売業,衣料品,5%
富山県,富山市,ペンションホワイトベル,サービス,宿泊業,5%
富山県,富山市,ＢＯＵＺ,小売業,その他小売,5%
富山県,富山市,法優法律事務所,サービス,その他サービス,5%
富山県,富山市,Ｂｏｙｓ ＆ Ｇｉｒｌｓ,サービス,飲食業,5%
富山県,富山市,北陸塩業株式会社,小売業,食料品,5%
富山県,富山市,北陸車研工業株式会社,サービス,その他サービス,5%
富山県,富山市,北陸酒販株式会社,小売業,食料品,5%
富山県,富山市,北陸ビーエスタイヤ販売 富山営業所,小売業,その他小売,5%
富山県,富山市,北陸補聴器センター富山店,小売業,その他小売,5%
富山県,富山市,ＰＯＣＯ Ａ ＰＯＣＯ,サービス,理容・美容業,5%
富山県,富山市,ほし乃,サービス,飲食業,5%
富山県,富山市,北国観光 富山支店,サービス,その他サービス,5%
富山県,富山市,ホテル 立山,サービス,宿泊業,5%
富山県,富山市,ホテル古志,サービス,宿泊業,5%
富山県,富山市,㈱ホテル祥園,サービス,宿泊業,5%
富山県,富山市,仄香,サービス,飲食業,5%
富山県,富山市,ホームマート・ピエザ,小売業,家具・調度品,5%
富山県,富山市,ポルコロッソ,サービス,理容・美容業,5%
富山県,富山市,ボンジュールＳＡＫＡＴＡ 富山駅前店,サービス,飲食業,5%
富山県,富山市,本町ＳＳ,小売業,ガソリンスタンド,2%
富山県,富山市,マイルストーンズ,小売業,衣料品,5%
富山県,富山市,マクドナルド呉羽店,サービス,飲食業,2%
富山県,富山市,マクドナルド五福アリス店,サービス,飲食業,2%
富山県,富山市,マクドナルド下赤江店,サービス,飲食業,2%
富山県,富山市,マクドナルド富山インター店,サービス,飲食業,2%
富山県,富山市,マクドナルド富山空港通り店,サービス,飲食業,2%
富山県,富山市,マクドナルド富山中川原店,サービス,飲食業,2%
富山県,富山市,マクドナルド富山東アピタ店,サービス,飲食業,2%
富山県,富山市,マクドナルド８号線田尻店,サービス,飲食業,2%
富山県,富山市,マクドナルドフューチャーシティファボーレ店,サービス,飲食業,2%
富山県,富山市,マクドナルド４１号荒川店,サービス,飲食業,2%
富山県,富山市,マクドナルド４１号大沢野店,サービス,飲食業,2%
富山県,富山市,鱒寿し本舗 株 今井商店,小売業,食料品,5%
富山県,富山市,ますのすしミュージアム,小売業,食料品,5%
富山県,富山市,ＭＡＴＳＵＩ ＋ ＥＵＲＯＰＡ,小売業,衣料品,5%
富山県,富山市,ＭＡＴＳＵＩ ＋ ＥＵＲＯＰＡ,小売業,衣料品,5%
富山県,富山市,株式会社 まつ川,小売業,食料品,5%
富山県,富山市,マッチングサポート,サービス,その他サービス,5%
富山県,富山市,ＭＡＴＳＵＹＡ ２Ｆ,小売業,衣料品,5%
富山県,富山市,マツヤグループ,小売業,衣料品,5%
富山県,富山市,マリブ,サービス,宿泊業,5%
富山県,富山市,まるたかや 赤田店,サービス,飲食業,5%
富山県,富山市,まるたかや 牛島店,サービス,飲食業,5%
富山県,富山市,まるたかや 新庄店,サービス,飲食業,5%
富山県,富山市,まるたかや 豊田店,サービス,飲食業,5%
富山県,富山市,マルナミ,小売業,その他小売,5%
富山県,富山市,丸二電器商会,小売業,電化製品,5%
富山県,富山市,マルヒヤ,小売業,書籍・玩具・音楽ＣＤ,5%
富山県,富山市,マルフジ,小売業,電化製品,5%
富山県,富山市,マンガ倉庫 富山店,小売業,書籍・玩具・音楽ＣＤ,5%
富山県,富山市,三沢電機商会,小売業,電化製品,5%
富山県,富山市,水上芳一商店,小売業,食料品,5%
富山県,富山市,水橋ＳＳ 有限会社角川石油店,小売業,ガソリンスタンド,2%
富山県,富山市,味噌家 武べゑ,サービス,飲食業,5%
富山県,富山市,弥陀ケ原ホテル,サービス,宿泊業,5%
富山県,富山市,南富山ＳＳ,小売業,ガソリンスタンド,2%
富山県,富山市,宮田自動車工業,サービス,その他サービス,5%
富山県,富山市,宮田旅館,サービス,宿泊業,5%
富山県,富山市,ミュージックマインド,小売業,書籍・玩具・音楽ＣＤ,5%
富山県,富山市,Mule HAIR,サービス,理容・美容業,5%
富山県,富山市,ムッシュー ジー Ｍｏｎｓｉｅｕｒ Ｊ,小売業,食料品,5%
富山県,富山市,ＭＯＯＮ ｔｈｅ ＭＯＯＮ ２ｎｄ,サービス,飲食業,5%
富山県,富山市,メイクス,小売業,衣料品,5%
富山県,富山市,メガネのハラダ,小売業,その他小売,5%
富山県,富山市,メガネのハラダ,小売業,その他小売,5%
富山県,富山市,メガネのハラダ 大町店,小売業,貴金属・服飾品,5%
富山県,富山市,メガネのハラダ 北の森店,小売業,貴金属・服飾品,5%
富山県,富山市,メガネのハラダ 呉羽店,小売業,貴金属・服飾品,5%
富山県,富山市,メガネのハラダ 下赤江店,小売業,貴金属・服飾品,5%
富山県,富山市,メガネのハラダ 新庄店,小売業,貴金属・服飾品,5%
富山県,富山市,メガネのハラダ 総曲輪店,小売業,貴金属・服飾品,5%
富山県,富山市,メガネのハラダ 中教院前店,小売業,貴金属・服飾品,5%
富山県,富山市,メガネのハラダ 中川原店,小売業,貴金属・服飾品,5%
富山県,富山市,メガネのハラダ 婦中店,小売業,貴金属・服飾品,5%
富山県,富山市,メガネのハラダ 本店,小売業,貴金属・服飾品,5%
富山県,富山市,メガネのハラダ 本店,小売業,貴金属・服飾品,5%
富山県,富山市,メガネハウス上飯野,小売業,その他小売,5%
富山県,富山市,メガネハウス富山奥田,小売業,その他小売,5%
富山県,富山市,メガネハウス富山北,小売業,その他小売,5%
富山県,富山市,メガネハウス富山下堀,小売業,その他小売,5%
富山県,富山市,メガネハウス富山大泉,小売業,その他小売,5%
富山県,富山市,メガネハウス富山本店,小売業,その他小売,5%
富山県,富山市,メガネハウス富山南,小売業,その他小売,5%
富山県,富山市,メガネハウス富山山室,小売業,その他小売,5%
富山県,富山市,メガネハウス婦中,小売業,その他小売,5%
富山県,富山市,メガネハウス水橋ミューズ,小売業,その他小売,5%
富山県,富山市,麺王,サービス,飲食業,5%
富山県,富山市,メンズ脱毛ＭＡＸ富山店,サービス,理容・美容業,5%
富山県,富山市,ヘアースタジオ フォーティーワン,サービス,理容・美容業,5%
富山県,富山市,めん家 めん家,サービス,飲食業,5%
富山県,富山市,麺家いろは ＣｉＣ店,サービス,飲食業,5%
富山県,富山市,Ｍｏｒｎｉｎｇ Ｇｌｏｗ,小売業,衣料品,5%
富山県,富山市,ＭＯＭＩ＆ＴＯＹ’Ｓ マリエとやま店,サービス,飲食業,2%
富山県,富山市,もみかる 富山田中町店,サービス,理容・美容業,5%
富山県,富山市,もみかる 富山本店,サービス,理容・美容業,5%
富山県,富山市,もみかる 山室店,サービス,理容・美容業,5%
富山県,富山市,もみかる 上飯野店,サービス,その他サービス,5%
富山県,富山市,もみケア富山,サービス,その他サービス,5%
富山県,富山市,ＭＯＹＵ ８６ 滝内厚子,小売業,その他小売,5%
富山県,富山市,森元プロパン店,小売業,その他小売,5%
富山県,富山市,やかもち蔵,小売業,食料品,5%
富山県,富山市,焼肉 牛若,サービス,飲食業,5%
富山県,富山市,焼肉牛寅二口店,サービス,飲食業,5%
富山県,富山市,焼肉ハウス 梨花苑,サービス,飲食業,5%
富山県,富山市,焼肉家こげたん 富山上飯野店,サービス,飲食業,5%
富山県,富山市,焼肉家こげたん 富山呉羽店,サービス,飲食業,5%
富山県,富山市,焼肉家こげたん 富山二口店,サービス,飲食業,5%
富山県,富山市,八尾井田ＳＳ,小売業,ガソリンスタンド,2%
富山県,富山市,八尾燃商有限会社,小売業,ガソリンスタンド,2%
富山県,富山市,ｙａｃｃｈｉ,小売業,衣料品,5%
富山県,富山市,ヤットルゾー 五條,サービス,飲食業,5%
富山県,富山市,山岡石材工業 富山営業部,小売業,その他小売,5%
富山県,富山市,山岡石材工業 富山西番店,小売業,その他小売,5%
富山県,富山市,山岡石材工業 富山婦中店,小売業,その他小売,5%
富山県,富山市,山岡石材工業 富山山室店,小売業,その他小売,5%
富山県,富山市,山岸金物店,小売業,家具・調度品,5%
富山県,富山市,山口自動車工業 株,サービス,その他サービス,5%
富山県,富山市,山口書店,小売業,書籍・玩具・音楽ＣＤ,5%
富山県,富山市,山田温泉 玄猿楼,サービス,宿泊業,5%
富山県,富山市,やまむろ動物病院,サービス,その他サービス,5%
富山県,富山市,（有）月世界本舗,小売業,食料品,5%
富山県,富山市,有限会社 河合デンキ,小売業,電化製品,5%
富山県,富山市,有限会社浅野電機商会 浅野電機,小売業,電化製品,5%
富山県,富山市,有 イワキ自動車サービス,サービス,その他サービス,5%
富山県,富山市,有 エールロビン,小売業,衣料品,5%
富山県,富山市,（有）川上商店,サービス,飲食業,5%
富山県,富山市,［ＨＣ］有限会社電化のナカジマ,小売業,電化製品,5%
富山県,富山市,有限会社富山サイクリングセンター,小売業,その他小売,5%
富山県,富山市,［ＨＣ］（有）丸山電機,小売業,電化製品,5%
富山県,富山市,有限会社横江写真館,サービス,その他サービス,5%
富山県,富山市,有限会社若葉モータース,サービス,その他サービス,5%
富山県,富山市,ゆうらくざ・いいざわ,小売業,電化製品,5%
富山県,富山市,ゆうらくざこんぱす,小売業,電化製品,5%
富山県,富山市,ゆうらくざたかぎ,小売業,電化製品,5%
富山県,富山市,ゆうらくざ・たがみ,小売業,電化製品,5%
富山県,富山市,ゆうらくざ つじさわ,小売業,電化製品,5%
富山県,富山市,ゆうらくざ・つじさわ,小売業,電化製品,5%
富山県,富山市,ゆうらくざ・まるやま,小売業,電化製品,5%
富山県,富山市,ゆうらくざ・やまもと,小売業,電化製品,5%
富山県,富山市,ＵＳ．ＭＡＴＳＵＹＡ,小売業,衣料品,5%
富山県,富山市,ユーエスファニチャー 上本町店,小売業,家具・調度品,5%
富山県,富山市,ユニテ,サービス,その他サービス,5%
富山県,富山市,ユニフォームスタジオコパン富山店,小売業,衣料品,5%
富山県,富山市,輸入家具のユーエスファニチャー,小売業,家具・調度品,5%
富山県,富山市,夢酒バル ロジウラ,サービス,飲食業,5%
富山県,富山市,洋食 だんらんや,サービス,飲食業,5%
富山県,富山市,洋食 だんらんや,サービス,飲食業,5%
富山県,富山市,株式会社吉田住宅設備,小売業,その他小売,5%
富山県,富山市,吉田陶器店,小売業,その他小売,5%
富山県,富山市,吉田屋鱒寿し本舗,サービス,飲食業,5%
富山県,富山市,四ツ葉町ＳＳ,小売業,ガソリンスタンド,2%
富山県,富山市,米沢亭 富山店,サービス,飲食業,5%
富山県,富山市,米沢亭 富山羽根店,サービス,飲食業,5%
富山県,富山市,よねみち商会,小売業,衣料品,5%
富山県,富山市,Ｌａ Ｓｅｅｄ,サービス,その他サービス,5%
富山県,富山市,ラ・ポンテ,小売業,貴金属・服飾品,5%
富山県,富山市,らーめん世界富山呉羽店,サービス,飲食業,5%
富山県,富山市,らぁめん めん丸 新庄銀座店,サービス,飲食業,5%
富山県,富山市,ラヴィヘアスペース,サービス,理容・美容業,5%
富山県,富山市,ラウンジバー ハーベスト,サービス,飲食業,5%
富山県,富山市,らくやん天正寺店,サービス,その他サービス,5%
富山県,富山市,らくやん富山インター店,サービス,その他サービス,5%
富山県,富山市,らくやん山室店,サービス,その他サービス,5%
富山県,富山市,ラケットショップ富山,小売業,その他小売,5%
富山県,富山市,ラケットスペース,小売業,その他小売,5%
富山県,富山市,ラフォルマ,サービス,理容・美容業,5%
富山県,富山市,ラ・メゾン ド ジュン,小売業,食料品,5%
富山県,富山市,ラ・モード・シャロン,小売業,衣料品,5%
富山県,富山市,ランプジャック掛尾 ステージ２,小売業,その他小売,5%
富山県,富山市,ランプジャック掛尾 ステージ１,小売業,その他小売,5%
富山県,富山市,ランプジャック掛尾 ステージ１［マービス,小売業,その他小売,5%
富山県,富山市,ＲＡＭＰＪＡＣＫ 掛尾店ステージ２,小売業,その他小売,5%
富山県,富山市,ＲＡＭＰＪＡＣＫ 掛尾店ステージ１,小売業,その他小売,5%
富山県,富山市,Ｒｅ－ｗｏｒｋｓ,サービス,その他サービス,5%
富山県,富山市,Ｌｉｅｎ,サービス,飲食業,5%
富山県,富山市,リーガルシューズ,小売業,衣料品,5%
富山県,富山市,ＲＥＧＡＬＳＨＯＥＳ富山店,小売業,その他小売,2%
富山県,富山市,リカーランド ドリーム フジサワ酒店,小売業,食料品,5%
富山県,富山市,リカープラザことぶきや婦中店,小売業,食料品,5%
富山県,富山市,ｒｅ－ｇａｌａ,サービス,理容・美容業,5%
富山県,富山市,リサイクルきもの たんす屋 富山店,小売業,衣料品,5%
富山県,富山市,リッジラインボルダリングジム,サービス,その他サービス,5%
富山県,富山市,リバーリトリート 雅楽倶,サービス,宿泊業,5%
富山県,富山市,リバーリトリート雅楽倶 フロント,サービス,宿泊業,5%
富山県,富山市,リバーリトリート雅楽倶 ラウンジ,サービス,宿泊業,5%
富山県,富山市,リバーリトリート雅楽倶 レストラン,サービス,宿泊業,5%
富山県,富山市,株式会社リビック富山 富山営業所,小売業,その他小売,5%
富山県,富山市,株式会社リビック富山 富山営業所２,小売業,その他小売,5%
富山県,富山市,リプラス マリエとやま店,サービス,理容・美容業,5%
富山県,富山市,リブラン 赤田店,小売業,食料品,5%
富山県,富山市,リブラン 北本店,小売業,食料品,5%
富山県,富山市,リブラン 空港通り店,小売業,食料品,5%
富山県,富山市,リブラン 五福店,小売業,食料品,5%
富山県,富山市,リブラン 婦中店,小売業,食料品,5%
富山県,富山市,ＰＥＡＰＡＩＲ ＣＬＵＢ Ｒｅｐａｉｒ Ｃｌｕｂ,サービス,その他サービス,5%
富山県,富山市,リュテス マリエとやま店,小売業,その他小売,5%
富山県,富山市,理容 うめざわ,サービス,理容・美容業,5%
富山県,富山市,理容室いもり,サービス,理容・美容業,5%
富山県,富山市,リラクゼーションサロンＴａｇｅ,サービス,その他サービス,5%
富山県,富山市,リラクゼーションスペース ラフィネ マリエとやま店,サービス,その他サービス,5%
富山県,富山市,輪玖,サービス,理容・美容業,5%
富山県,富山市,Ｌｕ Ｐａｒｑｓ,サービス,飲食業,5%
富山県,富山市,Ｒｏｕｔｅ４６,サービス,飲食業,5%
富山県,富山市,ｒｕｓｃｅｌｌｏ,サービス,飲食業,5%
富山県,富山市,ル・セジュール ド ジュン,小売業,食料品,5%
富山県,富山市,ルネファミーユ マリエとやま店,小売業,その他小売,5%
富山県,富山市,ル・パティシェ ジュン,小売業,食料品,5%
富山県,富山市,Ｌａｂｏｕｒ ｌａｂｏｒａｔｏｒｙ,小売業,家具・調度品,5%
富山県,富山市,ＬＥＡＴＨＡＣ,小売業,衣料品,5%
富山県,富山市,Ｌｅｇｉｔ,サービス,理容・美容業,5%
富山県,富山市,ＬＥＤＭＡＴＩＣＳ,小売業,その他小売,5%
富山県,富山市,ＬＥＤＭＡＴＩＣＳ,小売業,その他小売,5%
富山県,富山市,Ｌｅｄｙ 【レディ】,サービス,理容・美容業,5%
富山県,富山市,ＲｅｐｔｉｍｅＤｅｓｉｇｎ,小売業,その他小売,5%
富山県,富山市,ローザ大成堂,小売業,貴金属・服飾品,5%
富山県,富山市,ローズドメイ,小売業,衣料品,5%
富山県,富山市,Ｒｏｌｄ ｓｏｅｕｒ,サービス,理容・美容業,5%
富山県,富山市,Ｒｏｌｄ ｆｉｏｒａ,サービス,理容・美容業,5%
富山県,富山市,Ｒｏｌｄ ｌｅｖｅｎｄｅ,サービス,理容・美容業,5%
富山県,富山市,ワーム薬品株式会社 ワーム薬品株式会社 水橋店,小売業,その他小売,5%
富山県,富山市,ワイズドギー 富山店,サービス,その他サービス,5%
富山県,富山市,ＷＩＮＩＳＴＡ,サービス,飲食業,5%
富山県,富山市,我家的厨房 Ｂｉｇ５,サービス,飲食業,5%
富山県,富山市,和気あいあい,サービス,飲食業,5%
富山県,富山市,和気アイアイ,サービス,飲食業,5%
富山県,富山市,和具 ペリカン堂,小売業,その他小売,5%
富山県,富山市,和合ＳＳ,小売業,ガソリンスタンド,2%
富山県,富山市,和食飲楽だいこくや マリエとやま店,サービス,飲食業,5%
富山県,富山市,ワシントン靴店 今泉店,小売業,衣料品,5%
富山県,富山市,ワシントン靴店 呉羽店,小売業,衣料品,5%
富山県,富山市,ワシントン靴店 富山南店,小売業,衣料品,5%
富山県,富山市,ワシントン靴店 配送センター,小売業,衣料品,5%
富山県,富山市,ワシントン靴店 南店,小売業,衣料品,5%
富山県,富山市,和洋旬菜 新,サービス,飲食業,5%
富山県,富山市,笑色,サービス,飲食業,5%
富山県,富山市,ワンダフル工房赤田店,小売業,ガソリンスタンド,2%
富山県,富山市,ワンダフル工房窪店,小売業,ガソリンスタンド,2%
富山県,富山市,ワンダフル工房布瀬店,小売業,ガソリンスタンド,2%
富山県,富山市,ワンダフル工房 本社,小売業,ガソリンスタンド,2%
富山県,富山市,ワンダフルセルフ富山東,小売業,ガソリンスタンド,2%
富山県,富山市,ワンダフルセルフ古沢,小売業,ガソリンスタンド,2%
富山県,富山市,ワンダフルセルフ本郷,小売業,ガソリンスタンド,2%
富山県,富山市,ワンダフルセルフ町村,小売業,ガソリンスタンド,2%
富山県,滑川市,Ａｉ ｃａｆｅ,サービス,飲食業,5%
富山県,滑川市,秋吉滑川店,サービス,飲食業,5%
富山県,滑川市,（株）浅野モータース,サービス,その他サービス,5%
富山県,滑川市,出光滑川ＳＳ,小売業,ガソリンスタンド,2%
富山県,滑川市,出光滑川中央ＳＳ,小売業,ガソリンスタンド,2%
富山県,滑川市,ＶＩＮＣＥＮＴ,小売業,衣料品,5%
富山県,滑川市,ＥｎｅＪｅｔ早月ＳＳ,小売業,ガソリンスタンド,2%
富山県,滑川市,カネソ 滑川営業所,小売業,その他小売,5%
富山県,滑川市,ＣＡＦＥ ＳＨＵ ＢＥＡＮＳ ＣＡＦＥ ＳＨＵ ＢＥＡＮＳ,サービス,飲食業,5%
富山県,滑川市,ガレージアシスト,小売業,その他小売,5%
富山県,滑川市,ｇＲｉｎ Ｈａｉｒ,サービス,理容・美容業,5%
富山県,滑川市,菜香厨房 滑川店,サービス,飲食業,5%
富山県,滑川市,シャンデールサロン 夢かぐら,小売業,その他小売,5%
富山県,滑川市,スーパーしまかわ,小売業,その他小売,5%
富山県,滑川市,スカイホテル滑川,サービス,宿泊業,5%
富山県,滑川市,宅配のあったかご飯 いなほ屋,小売業,食料品,5%
富山県,滑川市,立山酒店 滑川店,小売業,食料品,5%
富山県,滑川市,ＣＨＩＭＵＧＵＫＵＲＵ,サービス,理容・美容業,5%
富山県,滑川市,てっぱん居酒屋 まるさん,サービス,飲食業,5%
富山県,滑川市,ドッグサロン アントン,サービス,その他サービス,5%
富山県,滑川市,ＴＯＭＩＹＡ ｏｂｅｎｔｏ＆ｃａｆｅ,サービス,飲食業,5%
富山県,滑川市,ドリトル動物病院,サービス,その他サービス,5%
富山県,滑川市,滑川ＳＳ,小売業,ガソリンスタンド,2%
富山県,滑川市,滑川ＳＳ,小売業,ガソリンスタンド,2%
富山県,滑川市,セブン－イレブン滑川上島店,小売業,食料品,2%
富山県,滑川市,セブン－イレブン滑川中村店,小売業,食料品,2%
富山県,滑川市,セブン－イレブン滑川早月店,小売業,食料品,2%
富山県,滑川市,セブンーイレブン滑川柳原店,小売業,食料品,2%
富山県,滑川市,ＮＥＴ?ＳＰＯＴでんき村,小売業,電化製品,5%
富山県,滑川市,８番らーめん滑川店,サービス,飲食業,2%
富山県,滑川市,８番らーめん早月店,サービス,飲食業,2%
富山県,滑川市,ピザテン・フォー 富山滑川店 ２,サービス,その他サービス,5%
富山県,滑川市,ひろまる,サービス,飲食業,5%
富山県,滑川市,Ｈａｉｒ Ｓａｌｏｎ ＧＲＯＷ,サービス,理容・美容業,5%
富山県,滑川市,ＭＯＧＡ,サービス,理容・美容業,5%
富山県,滑川市,ペットショップマーチ滑川店,小売業,その他小売,5%
富山県,滑川市,ＰｏｍｍＥ ＰｏｉｓｏＮ,サービス,理容・美容業,5%
富山県,滑川市,本社,小売業,ガソリンスタンド,2%
富山県,滑川市,マクドナルド滑川パスタ店,サービス,飲食業,2%
富山県,滑川市,マコトントコ,小売業,家具・調度品,5%
富山県,滑川市,まるまん エール店,小売業,食料品,5%
富山県,滑川市,まるまん パスタ店,小売業,食料品,5%
富山県,滑川市,メガネのハラダ 滑川店,小売業,貴金属・服飾品,5%
富山県,滑川市,メガネハウス滑川,小売業,その他小売,5%
富山県,滑川市,森本自動車有限会社 滑川店,サービス,その他サービス,5%
富山県,滑川市,ゆうらくざ・いしかわ,小売業,電化製品,5%
富山県,滑川市,リバーサイド早月ＳＳ株式会社日鉱産業,小売業,ガソリンスタンド,2%
富山県,滑川市,有限会社リビック松島,小売業,その他小売,5%
富山県,南砺市,あさのや,小売業,衣料品,5%
富山県,南砺市,あづちや,小売業,貴金属・服飾品,5%
富山県,南砺市,お土産・お休み処あらい,サービス,飲食業,5%
富山県,南砺市,池田 塔 木彫刻工房,小売業,その他小売,5%
富山県,南砺市,石黒自動車工業 株式会社,サービス,その他サービス,5%
富山県,南砺市,有限会社石黒種麹店,小売業,食料品,5%
富山県,南砺市,石崎家具,小売業,家具・調度品,5%
富山県,南砺市,１９ＨＩＴＯＹＡＳＵＭＩ南砺店,サービス,飲食業,5%
富山県,南砺市,出光井波ＳＳ,小売業,ガソリンスタンド,2%
富山県,南砺市,出光福光旭町ＳＳ,小売業,ガソリンスタンド,2%
富山県,南砺市,井波国道ＳＳ,小売業,ガソリンスタンド,2%
富山県,南砺市,エールラポア,サービス,理容・美容業,5%
富山県,南砺市,エル・プライム なかだ,小売業,電化製品,5%
富山県,南砺市,櫻明堂,小売業,家具・調度品,5%
富山県,南砺市,お酒とギフト かたやま,小売業,食料品,5%
富山県,南砺市,理容 Ｃｈｉｃ Ｗｏｒｋ ｓ Ｏｔｔｏ オット,サービス,理容・美容業,5%
富山県,南砺市,お土産お休み処 あらい,小売業,その他小売,5%
富山県,南砺市,オヤマ自動車,サービス,その他サービス,5%
富山県,南砺市,カーリボン竹原自動車,サービス,その他サービス,5%
富山県,南砺市,金田城端ＳＳ,小売業,ガソリンスタンド,2%
富山県,南砺市,かぶらや,小売業,食料品,5%
富山県,南砺市,上平ＳＳ,小売業,ガソリンスタンド,2%
富山県,南砺市,カメラのマツエ,小売業,その他小売,5%
富山県,南砺市,川合田温泉山田家,サービス,宿泊業,5%
富山県,南砺市,かわい洋装,小売業,衣料品,5%
富山県,南砺市,季味の庵,サービス,飲食業,5%
富山県,南砺市,きよべ呉服店,小売業,衣料品,5%
富山県,南砺市,靴のタルミ 本店,小売業,その他小売,5%
富山県,南砺市,靴のタルミ 楽蔵店,小売業,その他小売,5%
富山県,南砺市,拳カイロプラクティック 拳カイロプラクティック２,サービス,その他サービス,5%
富山県,南砺市,高文堂書店 高文堂書店,小売業,書籍・玩具・音楽ＣＤ,5%
富山県,南砺市,五箇山荘,サービス,宿泊業,5%
富山県,南砺市,呉服安谷,小売業,衣料品,5%
富山県,南砺市,菜彩や フジタストア,小売業,その他小売,5%
富山県,南砺市,桜ヶ池 クアガーデン,サービス,宿泊業,5%
富山県,南砺市,里山のオーベルジュ 薪の音,サービス,宿泊業,5%
富山県,南砺市,サンテボーテ,サービス,理容・美容業,5%
富山県,南砺市,蛇の目寿し,サービス,飲食業,5%
富山県,南砺市,ジョアンナ靴カバン店,小売業,その他小売,5%
富山県,南砺市,城端ＳＳ,小売業,ガソリンスタンド,2%
富山県,南砺市,西洋菓子ＴＡＫＥＵＭＡ,サービス,その他サービス,5%
富山県,南砺市,セルフ福野東部ＳＳ,小売業,ガソリンスタンド,2%
富山県,南砺市,総合衣料 池田屋,小売業,衣料品,5%
富山県,南砺市,タイヤガーデン 福光,小売業,その他小売,5%
富山県,南砺市,たいらスノーボードスクール,サービス,その他サービス,5%
富山県,南砺市,ＢＥＤＡＮＤＣＲＡＦＴ,サービス,その他サービス,5%
富山県,南砺市,タカシマ電化,小売業,電化製品,5%
富山県,南砺市,タカズーリ喜多,サービス,その他サービス,5%
富山県,南砺市,竹原文林堂,小売業,家具・調度品,5%
富山県,南砺市,たこ楽福光店,サービス,飲食業,5%
富山県,南砺市,たんぱ薬局,小売業,その他小売,5%
富山県,南砺市,中華菜館 チュー福光店,サービス,飲食業,5%
富山県,南砺市,チューモク株式会社石油部,小売業,ガソリンスタンド,2%
富山県,南砺市,珍品堂,小売業,その他小売,5%
富山県,南砺市,鶴見燃料店,小売業,その他小売,5%
富山県,南砺市,ティーエスヨシモト,サービス,その他サービス,5%
富山県,南砺市,テ－ラ－モリタ,小売業,衣料品,5%
富山県,南砺市,となみ衛星通信テレビ 株,サービス,その他サービス,5%
富山県,南砺市,トミイ写真館,小売業,その他小売,5%
富山県,南砺市,セブン－イレブン南砺角田店,小売業,食料品,2%
富山県,南砺市,なんと動物病院,サービス,その他サービス,5%
富山県,南砺市,セブン－イレブン南砺二日町店,小売業,食料品,2%
富山県,南砺市,セブン－イレブン南砺やかた店,小売業,食料品,2%
富山県,南砺市,Ｎ．ＩＮＧ．たかた,小売業,電化製品,5%
富山県,南砺市,Ｎ．ＩＮＧ．マルエイ,小売業,電化製品,5%
富山県,南砺市,Ｎｅｗｉｎｇｌａｎｄやまでん,小売業,電化製品,5%
富山県,南砺市,ニューイングランドいしだ,小売業,電化製品,5%
富山県,南砺市,野村プロパン,小売業,その他小売,5%
富山県,南砺市,８番らーめん福光店,サービス,飲食業,2%
富山県,南砺市,はな牛 はな牛,サービス,飲食業,5%
富山県,南砺市,坂東寝具店,小売業,その他小売,5%
富山県,南砺市,福野ＳＳ 石井石油有限会社,小売業,ガソリンスタンド,2%
富山県,南砺市,福野東部ＳＳ,小売業,ガソリンスタンド,2%
富山県,南砺市,福光ＳＳ 南礪石油株式会社,小売業,ガソリンスタンド,2%
富山県,南砺市,福光ＳＳ,小売業,ガソリンスタンド,2%
富山県,南砺市,福光農業協同組合 生活自燃部,サービス,その他サービス,5%
富山県,南砺市,福光農業協同組合 生活部,小売業,その他小売,5%
富山県,南砺市,福光バイパスＳＳ,小売業,ガソリンスタンド,2%
富山県,南砺市,ふくみつ華山温泉,サービス,宿泊業,5%
富山県,南砺市,ふとんの大井,小売業,家具・調度品,5%
富山県,南砺市,Ｈａｉｒ ｎｏｎｏーｒｉｒｉ Ｐｕｃｃｉ,サービス,理容・美容業,5%
富山県,南砺市,ｍｅａｔ ｍｅｅｔ ｃａｆｅ 勝乃屋,サービス,飲食業,5%
富山県,南砺市,みたに美容室 みたに美容室,サービス,理容・美容業,5%
富山県,南砺市,道の駅 いなみ木彫りの里,サービス,その他サービス,5%
富山県,南砺市,ミッシュ ローゼ ミッシュローゼ砺波店,小売業,食料品,5%
富山県,南砺市,ｍｅｔｉｏ,小売業,衣料品,5%
富山県,南砺市,メディカルトリマーサロン ピュア,サービス,その他サービス,5%
富山県,南砺市,麺屋ひろまる,サービス,飲食業,5%
富山県,南砺市,有限会社 福野タイヤ商会,小売業,その他小売,5%
富山県,南砺市,有限会社 村上自動車整備工場,小売業,その他小売,5%
富山県,南砺市,（有）ニシムラ電化,小売業,電化製品,5%
富山県,南砺市,有限会社吉田モータース,サービス,その他サービス,5%
富山県,南砺市,よしのや旅館,サービス,宿泊業,5%
富山県,入善町,出光入善ＳＳ,小売業,ガソリンスタンド,2%
富山県,入善町,Ｃａｒ Ｈｏｓｐｉｔａｌ フナミ,サービス,その他サービス,5%
富山県,入善町,きもの京山 きもの京山入善店,小売業,衣料品,5%
富山県,入善町,ＣＬＵＢ ＣＵＴ ＨＯＵＳＥ,サービス,理容・美容業,5%
富山県,入善町,黒部フリートＳＳ,小売業,ガソリンスタンド,2%
富山県,入善町,こども服ちゃけ,小売業,衣料品,5%
富山県,入善町,彩泉,小売業,家具・調度品,5%
富山県,入善町,Ｊｕｌｙ １ｓｔ,サービス,理容・美容業,5%
富山県,入善町,とるくや,サービス,飲食業,5%
富山県,入善町,入善ＳＳ,小売業,ガソリンスタンド,2%
富山県,入善町,セブン－イレブン入善椚山店,小売業,食料品,2%
富山県,入善町,バーデン明日,サービス,宿泊業,5%
富山県,入善町,８番らーめん入善店,サービス,飲食業,2%
富山県,入善町,ピザテン・フォー 富山入善店 ２,サービス,その他サービス,5%
富山県,入善町,Ｂ’ビーダッシュ,小売業,衣料品,5%
富山県,入善町,藤塚モータース,小売業,その他小売,5%
富山県,入善町,Ｐｒｉｖａｔｅ Ｓａｌｏｎ Ｋ,サービス,その他サービス,5%
富山県,入善町,Ｈａｉｒ Ｍａｋｅ ＡＢＨＡＶＡ,サービス,理容・美容業,5%
富山県,入善町,マクドナルド８号線入善店,サービス,飲食業,2%
富山県,入善町,丸善醤油株式会社,小売業,食料品,5%
富山県,入善町,メガネハウス入善,小売業,その他小売,5%
富山県,入善町,株式会社リビック富山 入善営業所,小売業,その他小売,5%
富山県,入善町,株式会社リビック富山 入善営業所２,小売業,その他小売,5%
富山県,入善町,リールミチイチ,小売業,貴金属・服飾品,5%
富山県,入善町,ワシントン靴店 入善店,小売業,衣料品,5%
富山県,氷見市,秋吉 氷見店,サービス,飲食業,5%
富山県,氷見市,出光氷見バイパスＳＳ,小売業,ガソリンスタンド,2%
富山県,氷見市,ウイズ ヤマイチ 本店,小売業,貴金属・服飾品,5%
富山県,氷見市,江政 番屋街店,小売業,食料品,5%
富山県,氷見市,大野ＳＳ,小売業,ガソリンスタンド,2%
富山県,氷見市,おしゃれの店ムカイ,小売業,その他小売,5%
富山県,氷見市,おたんちん,サービス,飲食業,5%
富山県,氷見市,おもちゃのベル,小売業,書籍・玩具・音楽ＣＤ,5%
富山県,氷見市,株式会社 高澤酒造場,小売業,その他小売,5%
富山県,氷見市,（株）氷見前寿し,サービス,飲食業,5%
富山県,氷見市,菓子処山崎,小売業,食料品,5%
富山県,氷見市,［ＨＣ］株式会社紅井電機商会,小売業,電化製品,5%
富山県,氷見市,河元サイクル商会,小売業,その他小売,5%
富山県,氷見市,きときと寿し 氷見本店,サービス,飲食業,5%
富山県,氷見市,キュービック,サービス,理容・美容業,5%
富山県,氷見市,久保,小売業,電化製品,5%
富山県,氷見市,くぼつり具センター,小売業,その他小売,5%
富山県,氷見市,幸町ＳＳ,小売業,ガソリンスタンド,2%
富山県,氷見市,酒のスーパーマックス,小売業,食料品,5%
富山県,氷見市,株式会社三ノ宮燃料,小売業,その他小売,5%
富山県,氷見市,シーサイドハウス ボルカノ,サービス,飲食業,5%
富山県,氷見市,Ｊ－Ｓｔｙｌｅ 富山氷見店,サービス,その他サービス,5%
富山県,氷見市,シャトル 氷見店,小売業,その他小売,5%
富山県,氷見市,城山,サービス,宿泊業,5%
富山県,氷見市,新鮮市場ハッピータウン店,小売業,食料品,5%
富山県,氷見市,新鮮市場プラファ店,小売業,食料品,5%
富山県,氷見市,スカイオガワ,小売業,電化製品,5%
富山県,氷見市,ソフトバンク 氷見,小売業,その他小売,5%
富山県,氷見市,田中屋,小売業,その他小売,5%
富山県,氷見市,つりや ひみ番屋街店,小売業,食料品,5%
富山県,氷見市,ツルセモータース,小売業,その他小売,5%
富山県,氷見市,小林電機商会,小売業,電化製品,5%
富山県,氷見市,ニューイングランドあめだ,小売業,電化製品,5%
富山県,氷見市,Ｎ．ＩＮＧ．せと,小売業,電化製品,5%
富山県,氷見市,ＨＯＵＳＥＨＯＬＤ,サービス,その他サービス,5%
富山県,氷見市,８番らーめん氷見朝日丘店,サービス,飲食業,2%
富山県,氷見市,パピーくらぶ,小売業,その他小売,5%
富山県,氷見市,ＨＡＬＥ Ｒｕ ｈａｉｒ ＨＡＬＥ Ｒｕ ｈａｉｒ,サービス,理容・美容業,5%
富山県,氷見市,Ｂｅｅｒ Ｃａｆｅ ブルーミン,サービス,飲食業,5%
富山県,氷見市,日名田屋餅店,小売業,食料品,5%
富山県,氷見市,氷見 ＳＳ,小売業,ガソリンスタンド,2%
富山県,氷見市,セブン－イレブン氷見インター店,小売業,食料品,2%
富山県,氷見市,氷見うどん美濃屋,サービス,飲食業,5%
富山県,氷見市,氷見大電,小売業,電化製品,5%
富山県,氷見市,氷見温泉郷くつろぎの宿 うみあかり,サービス,宿泊業,5%
富山県,氷見市,セブン－イレブン氷見加納店,小売業,食料品,2%
富山県,氷見市,セブン－イレブン氷見加納南店,小売業,食料品,2%
富山県,氷見市,セブン－イレブン氷見上泉店,小売業,食料品,2%
富山県,氷見市,セブン－イレブン氷見窪店,小売業,食料品,2%
富山県,氷見市,氷見バイパスＳＳ,小売業,ガソリンスタンド,2%
富山県,氷見市,触坂ＳＳ,小売業,ガソリンスタンド,2%
富山県,氷見市,ホユルＳＰＡ,サービス,理容・美容業,5%
富山県,氷見市,［ＨＣ］みずかみ電器,小売業,電化製品,5%
富山県,氷見市,向ストア,小売業,その他小売,5%
富山県,氷見市,メガネのハラダ 氷見店,小売業,貴金属・服飾品,5%
富山県,氷見市,メガネハウス氷見,小売業,その他小売,5%
富山県,氷見市,森山電機,小売業,電化製品,5%
富山県,氷見市,山岡石材工業 氷見店,小売業,その他小売,5%
富山県,氷見市,山岸ちまき本舗,小売業,食料品,5%
富山県,氷見市,（有）こーざぶろー,サービス,宿泊業,5%
富山県,氷見市,三権商店,小売業,その他小売,5%
富山県,氷見市,リブラン プラファ店,小売業,食料品,5%
富山県,氷見市,料理旅館 はしもと屋,サービス,宿泊業,5%
富山県,氷見市,ＪＭ／レストラン トロイカ,サービス,飲食業,5%
富山県,舟橋村,ｄａｉｔａｋａｓｅｊｅｗｅｌｒｙ,小売業,衣料品,5%
富山県,舟橋村,山口モータース,小売業,その他小売,5%
