宮城県,石巻市,アイアートシステム,その他業種,ー,5%
宮城県,石巻市,愛情たらこのみなと,小売業,食料品,5%
宮城県,石巻市,ＡｃｔｉｖｅＬｉｆｅ?ＹＡＤＯ?,サービス,宿泊業,5%
宮城県,石巻市,Ａｇｕ ｈａｉｒ Ａｇｕ ｈａｉｒ ｇｒｏｗ石巻蛇田,サービス,理容・美容業,5%
宮城県,石巻市,味彩絆本店,サービス,飲食業,5%
宮城県,石巻市,味道一平,サービス,飲食業,5%
宮城県,石巻市,あ．たのも,サービス,その他サービス,5%
宮城県,石巻市,鮎川ＳＳ,小売業,ガソリンスタンド,2%
宮城県,石巻市,アラキデンキ,小売業,電化製品,5%
宮城県,石巻市,蟻坂デンキ,小売業,電化製品,5%
宮城県,石巻市,アロマテラピーハウスｎａｄｅｎａｄｅ,その他業種,ー,5%
宮城県,石巻市,石川 食 石川,サービス,飲食業,5%
宮城県,石巻市,セブン－イレブン石巻あゆみ野店,小売業,食料品,2%
宮城県,石巻市,セブン－イレブン石巻大街道南店,小売業,食料品,2%
宮城県,石巻市,セブン－イレブン石巻鹿妻店,小売業,食料品,2%
宮城県,石巻市,セブン－イレブン石巻門脇二番谷地店,小売業,食料品,2%
宮城県,石巻市,石巻河北ＳＳ,小売業,ガソリンスタンド,2%
宮城県,石巻市,セブン－イレブン石巻向陽町店,小売業,食料品,2%
宮城県,石巻市,石巻国道ＳＳ,小売業,ガソリンスタンド,2%
宮城県,石巻市,セブン－イレブン石巻河南インター店,小売業,食料品,2%
宮城県,石巻市,セブン－イレブン石巻しらさぎ台店,小売業,食料品,2%
宮城県,石巻市,セブン－イレブン石巻水明町店,小売業,食料品,2%
宮城県,石巻市,セブン－イレブン石巻貞山１丁目店,小売業,食料品,2%
宮城県,石巻市,セブン－イレブン石巻中里５丁目店,小売業,食料品,2%
宮城県,石巻市,セブン－イレブン石巻湊筒場店,小売業,食料品,2%
宮城県,石巻市,セブン－イレブン石巻南中里３丁目店,小売業,食料品,2%
宮城県,石巻市,セブン－イレブン石巻吉野町２丁目店,小売業,食料品,2%
宮城県,石巻市,セブン－イレブン石巻渡波店,小売業,食料品,2%
宮城県,石巻市,一本堂 石巻あけぼの店,小売業,食料品,5%
宮城県,石巻市,上野コーヒー,小売業,食料品,5%
宮城県,石巻市,ウジエスーパー飯野川店,小売業,食料品,5%
宮城県,石巻市,ウジエスーパー広渕店,小売業,食料品,5%
宮城県,石巻市,ウジエスーパー桃生店,小売業,食料品,5%
宮城県,石巻市,ウジエスーパー山下店,小売業,食料品,5%
宮城県,石巻市,ウジエスーパーＵマート石巻店,小売業,食料品,5%
宮城県,石巻市,エコ市場石巻蛇田店,小売業,その他小売,5%
宮城県,石巻市,ａｉｍｅｒｆｅｅｌイオンモール石巻店,小売業,衣料品,5%
宮城県,石巻市,大街道,小売業,ガソリンスタンド,2%
宮城県,石巻市,カガク興商株式会社２,小売業,その他小売,5%
宮城県,石巻市,セブン－イレブン河南伊勢前店,小売業,食料品,2%
宮城県,石巻市,セブン－イレブン河南広渕店,小売業,食料品,2%
宮城県,石巻市,セブン－イレブン河南前谷地店,小売業,食料品,2%
宮城県,石巻市,株式会社三立 石巻店,小売業,その他小売,5%
宮城県,石巻市,河北インターＳＳ,小売業,ガソリンスタンド,2%
宮城県,石巻市,神割崎ＳＳ,小売業,ガソリンスタンド,2%
宮城県,石巻市,カレーハウスＣｏＣｏ壱番屋石巻蛇田店,サービス,飲食業,2%
宮城県,石巻市,河合塾マナビス石巻校,その他業種,ー,2%
宮城県,石巻市,河南ＳＳ カンノ興商,小売業,ガソリンスタンド,2%
宮城県,石巻市,キッチンマルエ青葉店,小売業,総合（非専門）,5%
宮城県,石巻市,牛たん炭焼利久石巻山下店,サービス,飲食業,5%
宮城県,石巻市,牛たんほづみ,サービス,飲食業,5%
宮城県,石巻市,給分浜ＳＳ 有限会社スダ石油,小売業,ガソリンスタンド,2%
宮城県,石巻市,金港堂 石巻店,小売業,書籍・玩具・音楽ＣＤ,5%
宮城県,石巻市,Ｃｏｏ＆ＲＩＫＵ石巻店,小売業,その他小売,5%
宮城県,石巻市,グリーンサム,小売業,その他小売,5%
宮城県,石巻市,Ｋｏｕｓｏ Ｓｐａ Ｍａｓｈａ Ｋｏｕｓｏｓｐａ Ｍａｓｈａ,サービス,理容・美容業,5%
宮城県,石巻市,米工房大内産業,その他業種,ー,5%
宮城県,石巻市,コンノデンキ,小売業,電化製品,5%
宮城県,石巻市,ササキスポーツ,小売業,その他小売,5%
宮城県,石巻市,ｘａｎａ,サービス,飲食業,5%
宮城県,石巻市,三洋薬品ＨＢＣ株式会社 石巻営業所,小売業,その他小売,5%
宮城県,石巻市,シーガル石巻店,小売業,書籍・玩具・音楽ＣＤ,5%
宮城県,石巻市,ＣＤＩキャリアスクール石巻校,その他業種,ー,5%
宮城県,石巻市,Ｃｈｅｒｉｒ,サービス,理容・美容業,5%
宮城県,石巻市,シーガル 石巻店,小売業,書籍・玩具・音楽ＣＤ,5%
宮城県,石巻市,シャディギフト館石巻店 石巻店,小売業,その他小売,5%
宮城県,石巻市,首藤でんき,小売業,電化製品,5%
宮城県,石巻市,白浜,小売業,ガソリンスタンド,2%
宮城県,石巻市,株式会社スズキアルミ建材,小売業,その他小売,5%
宮城県,石巻市,スタジオＫワークス,小売業,その他小売,5%
宮城県,石巻市,セルフさくら町ＳＳ,小売業,ガソリンスタンド,2%
宮城県,石巻市,仙臺ホルモンガッツ石巻蛇田店,サービス,飲食業,5%
宮城県,石巻市,髙橋生花本店,小売業,その他小売,5%
宮城県,石巻市,ダブルストーン石巻みなと店,小売業,衣料品,5%
宮城県,石巻市,タルタルーガ,サービス,飲食業,5%
宮城県,石巻市,銚子屋,サービス,飲食業,5%
宮城県,石巻市,津田電器,小売業,電化製品,5%
宮城県,石巻市,でんき倶楽部,小売業,電化製品,5%
宮城県,石巻市,トヨタレンタリース仙台新石巻店,サービス,その他サービス,2%
宮城県,石巻市,トヨタレンタリース宮城石巻駅前店,サービス,その他サービス,2%
宮城県,石巻市,トヨタレンタリース宮城石巻店,サービス,その他サービス,2%
宮城県,石巻市,トヨタレンタリース仙台 新石巻店,サービス,運輸業,5%
宮城県,石巻市,なりさわ花屋,小売業,その他小売,5%
宮城県,石巻市,ｎａｉｌｓａｌｏｎＣｌａｉｒｅ,その他業種,ー,5%
宮城県,石巻市,ＮａｉｌＳａｌｏｎＬｉｌｙｅｔｔｏ,その他業種,ー,5%
宮城県,石巻市,はいからや 石巻店,小売業,衣料品,5%
宮城県,石巻市,ＰＩＲＡＴＥＳ,小売業,衣料品,5%
宮城県,石巻市,橋浦ＳＳ,小売業,ガソリンスタンド,2%
宮城県,石巻市,出光橋浦ＳＳ,小売業,ガソリンスタンド,2%
宮城県,石巻市,有限会社蜂谷自動車部品商会,小売業,その他小売,5%
宮城県,石巻市,白光電機,小売業,電化製品,5%
宮城県,石巻市,パン工房ＯＪ６０,小売業,食料品,5%
宮城県,石巻市,パンセ 石巻本店,小売業,食料品,5%
宮城県,石巻市,Ｂ・Ｂスポーツ,小売業,衣料品,5%
宮城県,石巻市,びっくりドンキー 石巻店,サービス,飲食業,2%
宮城県,石巻市,広渕ＳＳ,小売業,ガソリンスタンド,2%
宮城県,石巻市,楓楸栞,サービス,飲食業,5%
宮城県,石巻市,楓楸栞 イベント,サービス,飲食業,5%
宮城県,石巻市,フェヴリエ,小売業,食料品,5%
宮城県,石巻市,富久屋,小売業,衣料品,5%
宮城県,石巻市,ブックオフ石巻蛇田店,小売業,その他小売,2%
宮城県,石巻市,ホテルパシフィック,サービス,宿泊業,5%
宮城県,石巻市,マクドナルドイオンモール石巻店,サービス,飲食業,2%
宮城県,石巻市,マクドナルド石巻蛇田店,サービス,飲食業,2%
宮城県,石巻市,マクドナルド４５号石巻店,サービス,飲食業,2%
宮城県,石巻市,みやぎチェーン白光電機 水押店,小売業,電化製品,5%
宮城県,石巻市,桃生ＳＳ 鈴木商店,小売業,ガソリンスタンド,2%
宮城県,石巻市,森田電機商会,小売業,電化製品,5%
宮城県,石巻市,守谷フルーツ バイパス店,小売業,食料品,5%
宮城県,石巻市,焼肉 幸楽,サービス,飲食業,5%
宮城県,石巻市,やきにくや,サービス,飲食業,5%
宮城県,石巻市,ＵＫ宮城,小売業,その他小売,5%
宮城県,石巻市,有限会社アメリカ屋,その他業種,ー,5%
宮城県,石巻市,有限会社海馬工苑 石巻営業所,その他業種,ー,5%
宮城県,石巻市,有限会社スポーツショップマツムラ,小売業,その他小売,5%
宮城県,石巻市,有限会社竹寿司,サービス,飲食業,5%
宮城県,石巻市,遊電館飯野川店,小売業,電化製品,5%
宮城県,石巻市,ユノメ家具Ｚ 石巻店,小売業,家具・調度品,5%
宮城県,石巻市,ライフスタイルショップ伊藤家具,小売業,家具・調度品,5%
宮城県,石巻市,Ｌｉｖｉｎｇ Ｆｏｏｄ Ｃａｆｅ ｅｎ Ｌｉｖｉｎｇ Ｆｏｏｄ Ｃａｆｅ ｅｎ,サービス,飲食業,5%
宮城県,石巻市,レ・セパージュ,サービス,飲食業,5%
宮城県,岩沼市,Ｅｙｅ Ｌａｓｈ ＬＵＡＮＡ,サービス,理容・美容業,5%
宮城県,岩沼市,Ａｇｕ ｈａｉｒ Ａｇｕ ｈａｉｒ ｂｏｕｑｕｅｔ岩沼,サービス,理容・美容業,5%
宮城県,岩沼市,まこと寿し,サービス,飲食業,5%
宮城県,岩沼市,岩沼ＳＳ,小売業,ガソリンスタンド,2%
宮城県,岩沼市,セブン－イレブン岩沼相の原２丁目店,小売業,食料品,2%
宮城県,岩沼市,セブン－イレブン岩沼阿武隈２丁目店,小売業,食料品,2%
宮城県,岩沼市,セブン－イレブン岩沼小川店,小売業,食料品,2%
宮城県,岩沼市,セブン－イレブン岩沼梶橋店,小売業,食料品,2%
宮城県,岩沼市,セブン－イレブン岩沼桜２丁目店,小売業,食料品,2%
宮城県,岩沼市,セブン－イレブン岩沼武隈店,小売業,食料品,2%
宮城県,岩沼市,オーディン岩沼バイパス店,小売業,その他小売,5%
宮城県,岩沼市,笠原アニマルメディカルセンター,サービス,その他サービス,5%
宮城県,岩沼市,カサハラアニマルメディカルセンター,サービス,その他サービス,5%
宮城県,岩沼市,株式会社岡文,小売業,書籍・玩具・音楽ＣＤ,5%
宮城県,岩沼市,（株）たたみ工房ゆさ,サービス,その他サービス,5%
宮城県,岩沼市,鎌田電機,小売業,電化製品,5%
宮城県,岩沼市,牛たん炭焼利久,サービス,飲食業,5%
宮城県,岩沼市,古民芸・骨董・つどい,サービス,その他サービス,5%
宮城県,岩沼市,スーパービッグ 相の原店,小売業,食料品,5%
宮城県,岩沼市,せきや薬局,小売業,その他小売,5%
宮城県,岩沼市,せきや薬局,その他業種,ー,5%
宮城県,岩沼市,仙台バス株式会社,サービス,運輸業,5%
宮城県,岩沼市,ドゥ ラパン ドゥラパン,サービス,飲食業,5%
宮城県,岩沼市,ｄｏｇｈｏｕｓｅ ＨＵＧ,サービス,その他サービス,5%
宮城県,岩沼市,トヨタレンタリース仙台岩沼店,サービス,その他サービス,2%
宮城県,岩沼市,トヨタレンタリース仙台 岩沼営業所,サービス,運輸業,5%
宮城県,岩沼市,ブックオフ岩沼バイパス店,小売業,その他小売,2%
宮城県,岩沼市,ホテル原田,サービス,宿泊業,5%
宮城県,岩沼市,マクドナルド岩沼西ヨークベニマル店,サービス,飲食業,2%
宮城県,岩沼市,ママの店 桑原工場店,サービス,その他サービス,5%
宮城県,岩沼市,民泊岩沼,サービス,その他サービス,5%
宮城県,岩沼市,有限会社オオサコ自動車,サービス,その他サービス,5%
宮城県,大河原町,岩間光熱店,小売業,電化製品,5%
宮城県,大河原町,エコ市場大河原店,小売業,その他小売,5%
宮城県,大河原町,大河原ＳＳ,小売業,ガソリンスタンド,2%
宮城県,大河原町,セブン－イレブン大河原駅前店,小売業,食料品,2%
宮城県,大河原町,セブン－イレブン大河原高砂町店,小売業,食料品,2%
宮城県,大河原町,セブン－イレブン大河原西桜町店,小売業,食料品,2%
宮城県,大河原町,大河原ばるＥ－ｔｏ,サービス,飲食業,5%
宮城県,大河原町,セブン－イレブン大河原東新町店,小売業,食料品,2%
宮城県,大河原町,セブン－イレブン大河原広表店,小売業,食料品,2%
宮城県,大河原町,菓匠三全 大河原バイパス店,小売業,食料品,5%
宮城県,大河原町,菓匠三全 栄町店,小売業,食料品,5%
宮城県,大河原町,カットサロン ミヤコ,サービス,理容・美容業,5%
宮城県,大河原町,木村電器商会,小売業,電化製品,5%
宮城県,大河原町,金港堂 大河原店,小売業,書籍・玩具・音楽ＣＤ,5%
宮城県,大河原町,晒よし飴本舗市場家,小売業,食料品,5%
宮城県,大河原町,サン・マルシェ 大河原店,小売業,食料品,5%
宮城県,大河原町,サン・マルシェ 大河原店,小売業,食料品,5%
宮城県,大河原町,シーガル大河原店,小売業,書籍・玩具・音楽ＣＤ,5%
宮城県,大河原町,スーパービッグ 大河原店,小売業,食料品,5%
宮城県,大河原町,ステーキハンバーグ サラダバーけん 大河原店,サービス,飲食業,5%
宮城県,大河原町,セルフ小島ＳＳ,小売業,ガソリンスタンド,2%
宮城県,大河原町,田仲電気商会,小売業,電化製品,5%
宮城県,大河原町,電化のマルタツ,小売業,電化製品,5%
宮城県,大河原町,ネッツトヨタ宮城 大河原店,小売業,その他小売,5%
宮城県,大河原町,はるも動物病院,サービス,その他サービス,5%
宮城県,大河原町,ブックオフ４号宮城大河原店,小売業,その他小売,2%
宮城県,大河原町,ブルスタ大河原店,サービス,飲食業,5%
宮城県,大河原町,フレスコキクチ 大河原店,小売業,食料品,5%
宮城県,大河原町,マクドナルド大河原店,サービス,飲食業,2%
宮城県,大河原町,セブン－イレブン宮城大河原バイパス店,小売業,食料品,2%
宮城県,大河原町,セブン－イレブンみやぎ県南中核病院店,小売業,食料品,2%
宮城県,大河原町,宮城トヨタ自動車大河原店,小売業,その他小売,5%
宮城県,大河原町,遊電館大河原店,小売業,電化製品,5%
宮城県,大河原町,吉田カメラ大河原店,サービス,その他サービス,5%
宮城県,大河原町,ランドマーク不動産,サービス,その他サービス,5%
宮城県,大河原町,ｒｅｌａｘａｔｉｏｎｓａｌｏｎｂｉｔｏａ,サービス,理容・美容業,5%
宮城県,大河原町,レストラン ラ ナチュール,サービス,飲食業,5%
宮城県,大崎市,アイ電器商会,小売業,電化製品,5%
宮城県,大崎市,ｅｙｅｂｉｓ,サービス,理容・美容業,5%
宮城県,大崎市,Ａｇｕ ｈａｉｒ Ａｇｕ ｈａｉｒ ｈｉｌｌｓ宮城古川,サービス,理容・美容業,5%
宮城県,大崎市,Ａｇｕ ｈａｉｒ Ａｇｕ ｈａｉｒ ａｂｂｅｙ宮城古川,サービス,理容・美容業,5%
宮城県,大崎市,アサヒ薬局,小売業,その他小売,5%
宮城県,大崎市,安部美容院,サービス,理容・美容業,5%
宮城県,大崎市,あろう動物病院,サービス,その他サービス,5%
宮城県,大崎市,安全三和タクシー ６,サービス,運輸業,5%
宮城県,大崎市,安全タクシー １,サービス,運輸業,5%
宮城県,大崎市,石崎屋,小売業,食料品,5%
宮城県,大崎市,一力タクシー １号車,サービス,運輸業,5%
宮城県,大崎市,出光鳴子ＳＳ,小売業,ガソリンスタンド,2%
宮城県,大崎市,岩出山ＳＳ,小売業,ガソリンスタンド,2%
宮城県,大崎市,インドレストラン ガネーシャ古川店,サービス,飲食業,5%
宮城県,大崎市,ウジエスーパー岩出山店,小売業,食料品,5%
宮城県,大崎市,ウジエスーパー田尻店,小売業,食料品,5%
宮城県,大崎市,ウジエスーパー中里店,小売業,食料品,5%
宮城県,大崎市,ウジエスーパー古川バイパス店,小売業,食料品,5%
宮城県,大崎市,ウラバタケＣａｆｅ ウラバタケｃａｆｅ,サービス,飲食業,5%
宮城県,大崎市,ＷＯＬＦ ＰＡＣＫ,小売業,衣料品,5%
宮城県,大崎市,越後屋旅館,サービス,宿泊業,5%
宮城県,大崎市,越後屋旅館,サービス,宿泊業,5%
宮城県,大崎市,ＥｎｅＪｅｔ岩出山バイパスＳＳ,小売業,ガソリンスタンド,2%
宮城県,大崎市,ＥｎｅＪｅｔ古川インターＳＳ,小売業,ガソリンスタンド,2%
宮城県,大崎市,セブン－イレブン大崎岩出山店,小売業,食料品,2%
宮城県,大崎市,セブン－イレブン大崎鹿島台店,小売業,食料品,2%
宮城県,大崎市,セブン－イレブン大崎鹿島台平渡店,小売業,食料品,2%
宮城県,大崎市,セブン－イレブン大崎上古川店,小売業,食料品,2%
宮城県,大崎市,セブン－イレブン大崎市役所前店,小売業,食料品,2%
宮城県,大崎市,セブン－イレブン大崎古川飯川店,小売業,食料品,2%
宮城県,大崎市,セブン－イレブン大崎古川新田店,小売業,食料品,2%
宮城県,大崎市,セブン－イレブン大崎古川福沼２丁目店,小売業,食料品,2%
宮城県,大崎市,セブン－イレブン大崎古川南町２丁目店,小売業,食料品,2%
宮城県,大崎市,大崎ペット斎場,その他業種,ー,5%
宮城県,大崎市,セブン－イレブン大崎松山店,小売業,食料品,2%
宮城県,大崎市,オーディン 古川バイパス店,小売業,その他小売,5%
宮城県,大崎市,オーディン古川店,小売業,その他小売,5%
宮城県,大崎市,鬼首ＳＳ,小売業,ガソリンスタンド,2%
宮城県,大崎市,海山 古川店,サービス,飲食業,5%
宮城県,大崎市,貸切露天風呂の宿 扇屋,サービス,宿泊業,5%
宮城県,大崎市,鹿島台ＳＳ 鈴掛石油,小売業,ガソリンスタンド,2%
宮城県,大崎市,鹿島台ＳＳ,小売業,ガソリンスタンド,2%
宮城県,大崎市,鹿島台ＳＳ,小売業,ガソリンスタンド,2%
宮城県,大崎市,鹿島台SS,小売業,ガソリンスタンド,2%
宮城県,大崎市,セブン－イレブン鹿島台バイパス店,小売業,食料品,2%
宮城県,大崎市,菓匠三全 古川台町店,小売業,食料品,5%
宮城県,大崎市,株式会社三立 古川店,小売業,その他小売,5%
宮城県,大崎市,株式会社ホリマン,小売業,ガソリンスタンド,2%
宮城県,大崎市,髪‐ａｒｔＦ,サービス,理容・美容業,5%
宮城県,大崎市,雅朧,サービス,飲食業,5%
宮城県,大崎市,河合塾マナビス古川駅前校,その他業種,ー,2%
宮城県,大崎市,川渡ＳＳ 有限会社鈴木商店,小売業,ガソリンスタンド,2%
宮城県,大崎市,共和タクシー １,サービス,運輸業,5%
宮城県,大崎市,キング釣具店,小売業,その他小売,5%
宮城県,大崎市,佐々木自転車店,小売業,電化製品,5%
宮城県,大崎市,佐藤自動車整備工場,サービス,その他サービス,5%
宮城県,大崎市,佐藤モータース,その他業種,ー,5%
宮城県,大崎市,佐藤屋,小売業,衣料品,5%
宮城県,大崎市,三本木バイパス北ＳＳ,小売業,ガソリンスタンド,2%
宮城県,大崎市,三友薬品消毒,その他業種,ー,5%
宮城県,大崎市,三洋薬品ＨＢＣ株式会社 古川営業所,小売業,その他小売,5%
宮城県,大崎市,旬菜酒楽 かぐら,サービス,飲食業,5%
宮城県,大崎市,旬彩亭 秀,サービス,飲食業,5%
宮城県,大崎市,菅原電化設備,小売業,電化製品,5%
宮城県,大崎市,スキンケアハウスＴＡＭＡＮＯ アメニティハウスＴＡＭＡＮＯ,小売業,その他小売,5%
宮城県,大崎市,有限会社 鈴木商店,小売業,その他小売,5%
宮城県,大崎市,住まいのリフォーム専門店 東北リファイメント,サービス,その他サービス,5%
宮城県,大崎市,蕎麦カフェ田伝 本店,サービス,飲食業,5%
宮城県,大崎市,ソマキミュージック,小売業,その他小売,5%
宮城県,大崎市,ＴｉＲＥ ＷｉＴＨ,小売業,その他小売,5%
宮城県,大崎市,たこボーイ たこボーイ,小売業,食料品,5%
宮城県,大崎市,伊達なアンパイア,小売業,書籍・玩具・音楽ＣＤ,5%
宮城県,大崎市,ダブルストーン古川店,小売業,衣料品,5%
宮城県,大崎市,ＴＡＭＡＮＯ,小売業,その他小売,5%
宮城県,大崎市,株式会社千葉愍治商店 古川ＳＳ,小売業,ガソリンスタンド,2%
宮城県,大崎市,手島魚屋,小売業,食料品,5%
宮城県,大崎市,ドッググルーミング ホテル わんわん倶楽部 ドッググルーミング ホテルわんわん倶楽部,サービス,その他サービス,5%
宮城県,大崎市,ドッググルーミング ホテル わんわん倶楽部,サービス,その他サービス,5%
宮城県,大崎市,トヨタレンタリース仙台新古川店,サービス,その他サービス,2%
宮城県,大崎市,トヨタレンタリース宮城新幹線古川駅前,サービス,その他サービス,2%
宮城県,大崎市,トヨタレンタリース仙台 新古川営業所,サービス,運輸業,5%
宮城県,大崎市,トヨタレンタリース宮城 古川営業所,その他業種,ー,5%
宮城県,大崎市,ＮＡＫＡＺＡＴＯ ｈａｉｒ ｒｅｌａｘａｔｉｏｎ ＮＡＫＡＺＡＴＯ ｈａｉｒ ｒｅｌａｘａｔｉｏｎ,サービス,理容・美容業,5%
宮城県,大崎市,中村自動車商会,サービス,その他サービス,5%
宮城県,大崎市,鳴子東ＳＳ,小売業,ガソリンスタンド,2%
宮城県,大崎市,西古川３４７ＳＳ,小売業,ガソリンスタンド,2%
宮城県,大崎市,ニシマキパピルス,小売業,その他小売,5%
宮城県,大崎市,ネッツトヨタ宮城古川店,小売業,その他小売,5%
宮城県,大崎市,農活,小売業,食料品,5%
宮城県,大崎市,ハートフルランド ジャージー牧場 本店,小売業,食料品,5%
宮城県,大崎市,はいからや 本店,小売業,衣料品,5%
宮城県,大崎市,パソコン・アシスト宮城,サービス,その他サービス,5%
宮城県,大崎市,Ｐｉｅｃｅｓ,サービス,理容・美容業,5%
宮城県,大崎市,東多賀の湯,サービス,宿泊業,5%
宮城県,大崎市,ヒシヌマ,小売業,電化製品,5%
宮城県,大崎市,びっくりドンキー 古川店,サービス,飲食業,2%
宮城県,大崎市,ひまわり交通,サービス,運輸業,5%
宮城県,大崎市,美容室 Ｓポワール,サービス,理容・美容業,5%
宮城県,大崎市,ブックオフ古川バイパス店,小売業,その他小売,2%
宮城県,大崎市,ブックマーケット 古川店,小売業,書籍・玩具・音楽ＣＤ,5%
宮城県,大崎市,ブライダル衣裳絹,サービス,その他サービス,5%
宮城県,大崎市,古川ＳＳ,小売業,ガソリンスタンド,2%
宮城県,大崎市,セブン－イレブン古川荒谷店,小売業,食料品,2%
宮城県,大崎市,セブン－イレブン古川稲葉２丁目店,小売業,食料品,2%
宮城県,大崎市,古川インタ－ ＳＳ,小売業,ガソリンスタンド,2%
宮城県,大崎市,セブン－イレブン古川インター店,小売業,食料品,2%
宮城県,大崎市,セブン－イレブン古川駅東３丁目店,小売業,食料品,2%
宮城県,大崎市,セブン－イレブン古川駅南３丁目店,小売業,食料品,2%
宮城県,大崎市,古川観光タクシー １,サービス,運輸業,5%
宮城県,大崎市,セブン－イレブン古川北町１丁目店,小売業,食料品,2%
宮城県,大崎市,セブン－イレブン古川小稲葉町店,小売業,食料品,2%
宮城県,大崎市,セブン－イレブン古川新鶴巻店,小売業,食料品,2%
宮城県,大崎市,セブン－イレブン古川李埣店,小売業,食料品,2%
宮城県,大崎市,セブン－イレブン古川西館３丁目店,小売業,食料品,2%
宮城県,大崎市,セブン－イレブン古川バイパス店,小売業,食料品,2%
宮城県,大崎市,古川バイパス南ＳＳ,小売業,ガソリンスタンド,2%
宮城県,大崎市,セブン－イレブン古川福浦１丁目店,小売業,食料品,2%
宮城県,大崎市,セブン－イレブン古川穂波７丁目店,小売業,食料品,2%
宮城県,大崎市,ブロッサム,小売業,衣料品,5%
宮城県,大崎市,ボディーショップ西村,サービス,その他サービス,5%
宮城県,大崎市,マクドナルドイオン古川店,サービス,飲食業,2%
宮城県,大崎市,マクドナルド４号線古川荒谷店,サービス,飲食業,2%
宮城県,大崎市,マクドナルド４号線古川店,サービス,飲食業,2%
宮城県,大崎市,ＭＯＴＨＥＲ ＰＯＲＴ ＣＯＦＦＥＥ リオーネ古川店,サービス,飲食業,5%
宮城県,大崎市,松本タクシー １,サービス,運輸業,5%
宮城県,大崎市,松山ＳＳ,小売業,ガソリンスタンド,2%
宮城県,大崎市,丸高自動車,サービス,その他サービス,5%
宮城県,大崎市,マルフジ,小売業,総合（非専門）,5%
宮城県,大崎市,（株）丸山工業,サービス,その他サービス,5%
宮城県,大崎市,セブン－イレブン宮城三本木店,小売業,食料品,2%
宮城県,大崎市,宮城トヨタ自動車古川店,小売業,その他小売,5%
宮城県,大崎市,宮脇書店 鹿島台店,小売業,書籍・玩具・音楽ＣＤ,5%
宮城県,大崎市,ムック,小売業,総合（非専門）,5%
宮城県,大崎市,名湯秘湯うなぎ湯の宿旬樹庵琢ひで,サービス,宿泊業,5%
宮城県,大崎市,本宮ラジオ店,小売業,電化製品,5%
宮城県,大崎市,ユーキオート,サービス,その他サービス,5%
宮城県,大崎市,有限会社佐々木タイヤサービス,小売業,その他小売,5%
宮城県,大崎市,（有）旅館なんぶ屋,サービス,宿泊業,5%
宮城県,大崎市,有限会社玉野化粧品店 アメニティハウスたまの,小売業,その他小売,5%
宮城県,大崎市,ゆさや旅館,サービス,宿泊業,5%
宮城県,大崎市,旅館ゆさ,サービス,宿泊業,5%
宮城県,大郷町,出光大郷ＳＳ,小売業,ガソリンスタンド,2%
宮城県,大郷町,セブン－イレブン大郷大松沢店,小売業,食料品,2%
宮城県,大郷町,セブン－イレブン大郷町川内店,小売業,食料品,2%
宮城県,大郷町,大郷バイパスＳＳ,小売業,ガソリンスタンド,2%
宮城県,大郷町,大郷バイパスＴＳ セルフ,小売業,ガソリンスタンド,2%
宮城県,大郷町,ＦｒｅｓｈＭａｒｔ元気屋大郷店,小売業,総合（非専門）,5%
宮城県,大衡村,セブン－イレブン宮城大衡大童店,小売業,食料品,2%
宮城県,大衡村,ルート４大衡,小売業,ガソリンスタンド,2%
宮城県,女川町,女川海の膳 ニューこのり 女川海の膳 ニューこのり,サービス,飲食業,5%
宮城県,女川町,セブン－イレブン女川バイパス店,小売業,食料品,2%
宮城県,女川町,潮プランニング,サービス,運輸業,5%
宮城県,女川町,Ｇｏｚａｉｎｎ Ｇｏｚａｉｎｎ,サービス,飲食業,5%
宮城県,女川町,パナック・きむら,小売業,電化製品,5%
宮城県,女川町,ホテルサンライズ,サービス,宿泊業,5%
宮城県,女川町,ＭＡＲＵＳＡＮ,小売業,衣料品,5%
宮城県,女川町,セブン－イレブン宮城女川店,小売業,食料品,2%
宮城県,女川町,宮城ダイビングサービスハイブリッジ ハイブリッジ,サービス,その他サービス,5%
宮城県,角田市,あいづや,小売業,電化製品,5%
宮城県,角田市,大槻電化センター,小売業,電化製品,5%
宮城県,角田市,快眠ひろば,小売業,その他小売,5%
宮城県,角田市,角田ＳＳ,小売業,ガソリンスタンド,2%
宮城県,角田市,角田ＳＳ,小売業,ガソリンスタンド,2%
宮城県,角田市,セブン－イレブン角田江尻店,小売業,食料品,2%
宮城県,角田市,セブン－イレブン角田中島下店,小売業,食料品,2%
宮城県,角田市,セブン－イレブン角田錦町店,小売業,食料品,2%
宮城県,角田市,セブン－イレブン角田西田町店,小売業,食料品,2%
宮城県,角田市,角田バイパスＳＳ,小売業,ガソリンスタンド,2%
宮城県,角田市,角田ＳＳ 本社,小売業,ガソリンスタンド,2%
宮城県,角田市,セブン－イレブン角田横倉店,小売業,食料品,2%
宮城県,角田市,金津ＳＳ 有限会社サトウ,小売業,ガソリンスタンド,2%
宮城県,角田市,セルフ角田バイパスＳＳ,小売業,ガソリンスタンド,2%
宮城県,角田市,ビッグイン佐倉ＳＳ,小売業,ガソリンスタンド,2%
宮城県,角田市,フレスコキクチ 角田店,小売業,食料品,5%
宮城県,角田市,ほっと・タイム角田店,サービス,その他サービス,5%
宮城県,角田市,宮城トヨタ自動車角田店,小売業,その他小売,5%
宮城県,角田市,ミヤデン大内,小売業,電化製品,5%
宮城県,角田市,らーめん せん家 角田店,サービス,飲食業,5%
宮城県,加美町,ウジエスーパー小野田店,小売業,食料品,5%
宮城県,加美町,ウジエスーパー中新田店,小売業,食料品,5%
宮城県,加美町,うつわ村,小売業,家具・調度品,5%
宮城県,加美町,小野田ＳＳ 株式会社浅野石油,小売業,ガソリンスタンド,2%
宮城県,加美町,小野田ＳＳ 有限会社佐々木総販,小売業,ガソリンスタンド,2%
宮城県,加美町,株 中文,小売業,その他小売,5%
宮城県,加美町,セブン－イレブン加美赤塚店,小売業,食料品,2%
宮城県,加美町,セブン－イレブン加美バッハホール前店,小売業,食料品,2%
宮城県,加美町,セブン－イレブン加美町平柳店,小売業,食料品,2%
宮城県,加美町,加美宮崎ＳＳ,小売業,ガソリンスタンド,2%
宮城県,加美町,スズキショップ大崎大崎電装株式会社,サービス,その他サービス,5%
宮城県,加美町,瀬戸電化サービス,小売業,電化製品,5%
宮城県,加美町,セルフ中新田ＳＳ,小売業,ガソリンスタンド,2%
宮城県,加美町,中新田ＳＳ 株式会社浅野石油,小売業,ガソリンスタンド,2%
宮城県,加美町,パナック・りょうごく,小売業,電化製品,5%
宮城県,加美町,東小野田ＳＳ 株式会社浅野石油,小売業,ガソリンスタンド,2%
宮城県,加美町,セブン－イレブン宮城中新田矢越店,小売業,食料品,2%
宮城県,加美町,やくらいＳＳ 有限会社佐々木総販,小売業,ガソリンスタンド,2%
宮城県,加美町,有限会社ホームベース,小売業,その他小売,5%
宮城県,川崎町,青根温泉 一棟温泉宿 星月,サービス,宿泊業,5%
宮城県,川崎町,株式会社タケヤ交通,サービス,運輸業,5%
宮城県,川崎町,釜房渓流つり,サービス,その他サービス,5%
宮城県,川崎町,川崎ボデー,サービス,その他サービス,5%
宮城県,川崎町,観山聴月,サービス,宿泊業,5%
宮城県,川崎町,サン・マルシェ 川崎店,小売業,食料品,5%
宮城県,川崎町,山景の宿 流辿 売店,サービス,宿泊業,5%
宮城県,川崎町,山景の宿 流辿,サービス,宿泊業,5%
宮城県,川崎町,Ｔロッジ青根,サービス,宿泊業,5%
宮城県,川崎町,ＰＡＬ ＳＨＯＰ オオタ,小売業,電化製品,5%
宮城県,川崎町,セブン－イレブン宮城川崎湖畔公園前店,小売業,食料品,2%
宮城県,川崎町,杜の公園ＳＳ,小売業,ガソリンスタンド,2%
宮城県,栗原市,一迫ＳＳ,小売業,ガソリンスタンド,2%
宮城県,栗原市,一迫ＳＳ,小売業,ガソリンスタンド,2%
宮城県,栗原市,セブンーイレブン一迫柳目店,小売業,食料品,2%
宮城県,栗原市,岩ヶ崎ＳＳ,小売業,ガソリンスタンド,2%
宮城県,栗原市,岩渕輪業商会 岩渕輪業商会,小売業,その他小売,5%
宮城県,栗原市,ウジエスーパー栗駒店,小売業,食料品,5%
宮城県,栗原市,ウジエスーパー築館店,小売業,食料品,5%
宮城県,栗原市,ウジエスーパー若柳店,小売業,食料品,5%
宮城県,栗原市,大江電気商会,小売業,電化製品,5%
宮城県,栗原市,ガストーネ,小売業,衣料品,5%
宮城県,栗原市,株式会社三和商会 ホリデー車検栗原,小売業,その他小売,2%
宮城県,栗原市,カントリーストア,サービス,飲食業,5%
宮城県,栗原市,金成ＳＳ,小売業,ガソリンスタンド,2%
宮城県,栗原市,セブン－イレブン金成インター東店,小売業,食料品,2%
宮城県,栗原市,出光栗駒ＳＳ,小売業,ガソリンスタンド,2%
宮城県,栗原市,セブンーイレブン栗駒岩ケ崎四日町店,小売業,食料品,2%
宮城県,栗原市,セブン－イレブン栗原栗駒中野店,小売業,食料品,2%
宮城県,栗原市,セブン－イレブン栗原築館下宮野店,小売業,食料品,2%
宮城県,栗原市,Ｇｅｎｋｉ市場よねくら,小売業,総合（非専門）,5%
宮城県,栗原市,小林商店,小売業,その他小売,5%
宮城県,栗原市,今辰,小売業,その他小売,5%
宮城県,栗原市,さぶん酒店,小売業,その他小売,5%
宮城県,栗原市,菅原デンソー,サービス,その他サービス,5%
宮城県,栗原市,炭屋,小売業,総合（非専門）,5%
宮城県,栗原市,セブン－イレブン瀬峰藤沢下田店,小売業,食料品,2%
宮城県,栗原市,セルフ一迫ＳＳ,小売業,ガソリンスタンド,2%
宮城県,栗原市,セルフ築館インターＳＳ,小売業,ガソリンスタンド,2%
宮城県,栗原市,タイヤショップゴリラ,サービス,その他サービス,5%
宮城県,栗原市,高清水ＳＳ,小売業,ガソリンスタンド,2%
宮城県,栗原市,セブン－イレブン築館インター店,小売業,食料品,2%
宮城県,栗原市,築館ＳＳ,小売業,ガソリンスタンド,2%
宮城県,栗原市,築館西ＳＳ,小売業,ガソリンスタンド,2%
宮城県,栗原市,電化プラザスズキ,小売業,電化製品,5%
宮城県,栗原市,トヨタレンタリース宮城新幹線くりこま高,サービス,その他サービス,2%
宮城県,栗原市,トヨタレンタリース宮城 くりこま高原駅前,その他業種,ー,5%
宮城県,栗原市,ＨＡＲＢＥＲ,サービス,理容・美容業,5%
宮城県,栗原市,ファーストガレージ,小売業,電化製品,5%
宮城県,栗原市,かのてい電機,小売業,電化製品,5%
宮城県,栗原市,ぷりんと博士宮城北店,サービス,その他サービス,5%
宮城県,栗原市,みやぎチェーン瀬峰よしの店,小売業,電化製品,5%
宮城県,栗原市,セブン－イレブン宮城築館店,小売業,食料品,2%
宮城県,栗原市,宮城トヨタ自動車築館店,小売業,その他小売,5%
宮城県,栗原市,みやぎ冨美野,サービス,飲食業,5%
宮城県,栗原市,有限会社鳥恵 有限会社鳥恵,小売業,食料品,5%
宮城県,栗原市,理容さとう 理容さとう,サービス,理容・美容業,5%
宮城県,栗原市,若柳ＳＳ,小売業,ガソリンスタンド,2%
宮城県,栗原市,出光若柳北ＳＳ,小売業,ガソリンスタンド,2%
宮城県,栗原市,セブン－イレブン若柳新堤下店,小売業,食料品,2%
宮城県,栗原市,出光若柳南ＳＳ,小売業,ガソリンスタンド,2%
宮城県,気仙沼市,アンカーコーヒー 内湾店,サービス,飲食業,5%
宮城県,気仙沼市,アンカーコーヒー 内湾店,サービス,飲食業,5%
宮城県,気仙沼市,アンカーコーヒー マザーポート店,サービス,飲食業,5%
宮城県,気仙沼市,出光本吉ＳＳ,小売業,ガソリンスタンド,2%
宮城県,気仙沼市,駅前ストアー階上店,小売業,食料品,5%
宮城県,気仙沼市,駅前ストアー松川店,小売業,食料品,5%
宮城県,気仙沼市,大谷ＳＳ,小売業,ガソリンスタンド,2%
宮城県,気仙沼市,大谷ＳＳ 有限会社カネダイ,小売業,ガソリンスタンド,2%
宮城県,気仙沼市,角星直販課,小売業,食料品,5%
宮城県,気仙沼市,カットサロン髪ｉｎｇ,サービス,理容・美容業,5%
宮城県,気仙沼市,ＡＥ株式会社千葉金,小売業,その他小売,5%
宮城県,気仙沼市,出光唐桑ＳＳ,小売業,ガソリンスタンド,2%
宮城県,気仙沼市,唐桑只越ＳＳ,小売業,ガソリンスタンド,2%
宮城県,気仙沼市,菅野自動車,サービス,その他サービス,5%
宮城県,気仙沼市,吉花堂,小売業,その他小売,5%
宮城県,気仙沼市,セブン－イレブン気仙沼上田中店,小売業,食料品,2%
宮城県,気仙沼市,セブン－イレブン気仙沼神山店,小売業,食料品,2%
宮城県,気仙沼市,セブン－イレブン気仙沼唐桑町店,小売業,食料品,2%
宮城県,気仙沼市,気仙沼さかなの駅,その他業種,ー,5%
宮城県,気仙沼市,セブン－イレブン気仙沼鹿折店,小売業,食料品,2%
宮城県,気仙沼市,気仙沼スズキ販売,その他業種,ー,5%
宮城県,気仙沼市,セブン－イレブン気仙沼長磯店,小売業,食料品,2%
宮城県,気仙沼市,セブン－イレブン気仙沼東新城３丁目店,小売業,食料品,2%
宮城県,気仙沼市,セブン－イレブン気仙沼東八幡前店,小売業,食料品,2%
宮城県,気仙沼市,気仙沼プラザホテル,サービス,宿泊業,5%
宮城県,気仙沼市,セブン－イレブン気仙沼松川店,小売業,食料品,2%
宮城県,気仙沼市,セブン－イレブン気仙沼松崎片浜店,小売業,食料品,2%
宮城県,気仙沼市,セブン－イレブン気仙沼三日町店,小売業,食料品,2%
宮城県,気仙沼市,セブン－イレブン気仙沼南町店,小売業,食料品,2%
宮城県,気仙沼市,咲幸物産株式会社,その他業種,ー,5%
宮城県,気仙沼市,シーガル気仙沼店,小売業,書籍・玩具・音楽ＣＤ,5%
宮城県,気仙沼市,気仙沼新富寿し,サービス,飲食業,5%
宮城県,気仙沼市,スーパー片浜屋田中前店,小売業,食料品,5%
宮城県,気仙沼市,スーパー片浜屋はまなす店,小売業,食料品,5%
宮城県,気仙沼市,スーパー片浜屋古町店,小売業,食料品,5%
宮城県,気仙沼市,スマイルステーション丸和ＳＳ,小売業,ガソリンスタンド,2%
宮城県,気仙沼市,たかはしきもの工房,小売業,衣料品,5%
宮城県,気仙沼市,天婦羅 丸子,サービス,飲食業,5%
宮城県,気仙沼市,巴鮨,サービス,飲食業,5%
宮城県,気仙沼市,トヨタレンタリース宮城気仙沼店,サービス,その他サービス,2%
宮城県,気仙沼市,トヨタレンタリース宮城 気仙沼店,その他業種,ー,5%
宮城県,気仙沼市,長磯ＳＳ,小売業,ガソリンスタンド,2%
宮城県,気仙沼市,ハウディおのや 気仙沼店 気仙沼店,小売業,衣料品,5%
宮城県,気仙沼市,パナック・ささき,小売業,電化製品,5%
宮城県,気仙沼市,美容室ｃｏｓｍｏ,サービス,理容・美容業,5%
宮城県,気仙沼市,ＢＲＵＮＣＨ,サービス,飲食業,5%
宮城県,気仙沼市,ヘアーサロン キャット,サービス,理容・美容業,5%
宮城県,気仙沼市,ホテル一景閣,サービス,宿泊業,2%
宮城県,気仙沼市,マイ・リビング小野寺,小売業,家具・調度品,5%
宮城県,気仙沼市,マイヤ気仙沼北店,小売業,食料品,5%
宮城県,気仙沼市,馬籠ＳＳ,小売業,ガソリンスタンド,2%
宮城県,気仙沼市,マトン牧場,サービス,飲食業,5%
宮城県,気仙沼市,宮城トヨタ自動車気仙沼店,小売業,その他小売,5%
宮城県,気仙沼市,メモリアルステージ 石彩館 気仙沼店,小売業,その他小売,5%
宮城県,気仙沼市,本吉ＳＳ,小売業,ガソリンスタンド,2%
宮城県,気仙沼市,セブン－イレブン本吉津谷バイパス店,小売業,食料品,2%
宮城県,気仙沼市,有限会社千葉電気,小売業,電化製品,5%
宮城県,気仙沼市,ゆう寿司バイパス店,サービス,飲食業,5%
宮城県,気仙沼市,旅館 海光館,サービス,宿泊業,5%
宮城県,気仙沼市,Ｌｏｃａｌｅ,サービス,飲食業,5%
宮城県,気仙沼市,渡辺無線,小売業,電化製品,5%
宮城県,蔵王町,株式会社 エムズ,小売業,その他小売,5%
宮城県,蔵王町,出光円田ＳＳ,小売業,ガソリンスタンド,2%
宮城県,蔵王町,かっぱの宿旅館三治郎,サービス,宿泊業,5%
宮城県,蔵王町,ｃａｆｅ ｆｕａ,サービス,飲食業,5%
宮城県,蔵王町,古品こけし アンティークの店 ＯＺＥＫＩＹＡ,小売業,その他小売,5%
宮城県,蔵王町,セブン－イレブン蔵王遠刈田店,小売業,食料品,2%
宮城県,蔵王町,株式会社旬樹庵げんぶ館さんさ亭,サービス,宿泊業,5%
宮城県,蔵王町,台灣喫茶慢瑤茶,サービス,飲食業,5%
宮城県,蔵王町,たびの邸宅 蔵王みやぎ,サービス,宿泊業,5%
宮城県,蔵王町,竹泉荘Ｍｔ．Ｚａｏ Ｏｎｓｅｎ Ｒｅｓ＆,サービス,宿泊業,5%
宮城県,蔵王町,Ｔロッジ遠刈田ＧＲＡＮ,サービス,宿泊業,5%
宮城県,蔵王町,遠刈田ＳＳ,小売業,ガソリンスタンド,2%
宮城県,蔵王町,セブン－イレブン遠刈田温泉店,小売業,食料品,2%
宮城県,蔵王町,バーデン家壮鳳,サービス,宿泊業,5%
宮城県,蔵王町,ｆａｓｈｉｏｎ ｉｎ津田屋,小売業,衣料品,5%
宮城県,蔵王町,フレスコキクチ 蔵王店,小売業,食料品,5%
宮城県,蔵王町,宮バイパスＳＳ,小売業,ガソリンスタンド,2%
宮城県,蔵王町,元窯・花＊花,その他業種,ー,5%
宮城県,蔵王町,森のソーセージレストラン ベルツ,サービス,飲食業,5%
宮城県,塩竈市,アーバ・すずき,小売業,電化製品,5%
宮城県,塩竈市,石田電気商会,小売業,電化製品,5%
宮城県,塩竈市,出光栄町ＳＳ,小売業,ガソリンスタンド,2%
宮城県,塩竈市,上の原ＳＳ,小売業,ガソリンスタンド,2%
宮城県,塩竈市,魚 叶 渡邉商店,その他業種,ー,5%
宮城県,塩竈市,ウジエスーパー塩釜店,小売業,食料品,5%
宮城県,塩竈市,浦霞醸造元,小売業,食料品,5%
宮城県,塩竈市,株式会社エイト,サービス,その他サービス,5%
宮城県,塩竈市,オートペイント ゼロ,サービス,その他サービス,5%
宮城県,塩竈市,お菓子な店ティファニー 藤倉店,小売業,食料品,5%
宮城県,塩竈市,カネイソ商店,その他業種,ー,5%
宮城県,塩竈市,京都苑,サービス,飲食業,5%
宮城県,塩竈市,クリーニングタカノ ＹＢ塩釜店,サービス,その他サービス,5%
宮城県,塩竈市,櫻井サイクル商会,サービス,その他サービス,5%
宮城県,塩竈市,塩釜ＳＳ,小売業,ガソリンスタンド,2%
宮城県,塩竈市,セブン－イレブン塩釜駅前通店,小売業,食料品,2%
宮城県,塩竈市,セブン－イレブン塩釜庚塚店,小売業,食料品,2%
宮城県,塩竈市,セブン－イレブン塩釜新浜町２丁目店,小売業,食料品,2%
宮城県,塩竈市,塩竈仲卸市場マイ海鮮丼コーナー,サービス,飲食業,5%
宮城県,塩竈市,セブン－イレブン塩釜南錦町店,小売業,食料品,2%
宮城県,塩竈市,シャンドマルス ヤマギシ,小売業,食料品,5%
宮城県,塩竈市,新浜ＳＳ 株式会社辰巳商会,小売業,ガソリンスタンド,2%
宮城県,塩竈市,スキル住宅設備サービス,サービス,その他サービス,5%
宮城県,塩竈市,武田の笹かまぼこ,小売業,その他小売,5%
宮城県,塩竈市,ダブルストーン塩釜店,小売業,衣料品,5%
宮城県,塩竈市,たまご工房 たまご焼,サービス,飲食業,5%
宮城県,塩竈市,手島商店,その他業種,ー,5%
宮城県,塩竈市,土井精菓,小売業,食料品,5%
宮城県,塩竈市,トヨタレンタリース仙台塩釜店,サービス,その他サービス,2%
宮城県,塩竈市,トヨタレンタリース仙台 塩釜店,サービス,運輸業,5%
宮城県,塩竈市,ニュー新浜ＳＳ,小売業,ガソリンスタンド,2%
宮城県,塩竈市,ＮＯＶＥＬ ノヴェル塩釜店,サービス,理容・美容業,5%
宮城県,塩竈市,ＨｉｒｏｙｕｋｉＳｈｉｓｈｉｄｏ ａｒｂｅｒｓｈｏｐＦｕｋｕｎｏｋａｍｉ 理容室福の髪,サービス,理容・美容業,5%
宮城県,塩竈市,藤倉ＳＳ,小売業,ガソリンスタンド,2%
宮城県,塩竈市,ヘアーサロン福の髪 別館,サービス,理容・美容業,5%
宮城県,塩竈市,マクドナルド４５号塩釜店,サービス,飲食業,2%
宮城県,塩竈市,鮪のまるはる佐藤商店,小売業,食料品,5%
宮城県,塩竈市,マコト電気商会,小売業,電化製品,5%
宮城県,塩竈市,マルセン自動車整備工場,その他業種,ー,5%
宮城県,塩竈市,マルタカ水上商店,小売業,食料品,5%
宮城県,塩竈市,丸豊 佐久間商店,小売業,食料品,5%
宮城県,塩竈市,マルミヤフーズ工場直売所,小売業,食料品,5%
宮城県,塩竈市,ＭＩＡＳＣＡＬＬＡ塩釜店,小売業,衣料品,5%
宮城県,塩竈市,メガネギャラントリー,小売業,その他小売,5%
宮城県,塩竈市,有限会社すし哲,サービス,飲食業,5%
宮城県,塩竈市,有限会社亘理屋,小売業,食料品,5%
宮城県,七ヶ浜町,アーバ・とおやま,小売業,電化製品,5%
宮城県,七ヶ浜町,アーバ・マルリュウ,小売業,電化製品,5%
宮城県,七ヶ浜町,サーフサイドセルフ七ヶ浜ＳＳ,小売業,ガソリンスタンド,2%
宮城県,七ヶ浜町,七ヶ浜ＳＳ,小売業,ガソリンスタンド,2%
宮城県,七ヶ浜町,花渕ＳＳ,小売業,ガソリンスタンド,2%
宮城県,七ヶ浜町,セブン－イレブン宮城七ヶ浜店,小売業,食料品,2%
宮城県,七ヶ浜町,みやぎチェーン多賀城店,小売業,電化製品,5%
宮城県,柴田町,大河原ＳＳ,小売業,ガソリンスタンド,2%
宮城県,柴田町,おおの電器,小売業,電化製品,5%
宮城県,柴田町,カーケアセンター船岡ＳＳ,小売業,ガソリンスタンド,2%
宮城県,柴田町,菓匠三全 船岡駅前店,小売業,食料品,5%
宮城県,柴田町,かとう動物病院,サービス,その他サービス,5%
宮城県,柴田町,かとう動物病院,サービス,その他サービス,5%
宮城県,柴田町,斎藤デンキ,小売業,電化製品,5%
宮城県,柴田町,サヤマデンキ,小売業,電化製品,5%
宮城県,柴田町,セブン－イレブン柴田槻木上町店,小売業,食料品,2%
宮城県,柴田町,セブン－イレブン柴田船岡上大原店,小売業,食料品,2%
宮城県,柴田町,セブン－イレブン柴田船岡中央３丁目店,小売業,食料品,2%
宮城県,柴田町,セブン－イレブン柴田四日市場店,小売業,食料品,2%
宮城県,柴田町,長生館仙南治療院,サービス,その他サービス,5%
宮城県,柴田町,トヨタレンタリース宮城船岡駅前,サービス,その他サービス,2%
宮城県,柴田町,トヨタレンタリース宮城 柴田店,その他業種,ー,5%
宮城県,柴田町,東船岡ＳＳ,小売業,ガソリンスタンド,2%
宮城県,柴田町,ブエナビスタ,サービス,飲食業,5%
宮城県,柴田町,ホテル原田ｉｎさくら,サービス,宿泊業,5%
宮城県,柴田町,堀内商店,小売業,その他小売,5%
宮城県,柴田町,マクドナルドザ・ビッグ柴田店,サービス,飲食業,2%
宮城県,柴田町,マルエス 時計 宝石 メガネ マルエス 時計 宝石 メガネ,小売業,貴金属・服飾品,5%
宮城県,柴田町,柚子のあぜ道雨乞のかえる,サービス,その他サービス,5%
宮城県,白石市,イメージサトウ,サービス,その他サービス,5%
宮城県,白石市,いやし空間 ギャラリー美器,小売業,総合（非専門）,5%
宮城県,白石市,小原ＳＳ,小売業,ガソリンスタンド,2%
宮城県,白石市,菓匠三全 白石本町店,小売業,食料品,5%
宮城県,白石市,クサカ家電サービス,その他業種,ー,5%
宮城県,白石市,セブン－イレブン白石蔵王駅前店,小売業,食料品,2%
宮城県,白石市,白石城ＳＳ フル,小売業,ガソリンスタンド,2%
宮城県,白石市,白石中央ＳＳ,小売業,ガソリンスタンド,2%
宮城県,白石市,セブン－イレブン白石馬場前店,小売業,食料品,2%
宮城県,白石市,セブン－イレブン白石福岡店,小売業,食料品,2%
宮城県,白石市,すゞきや旅館,サービス,飲食業,5%
宮城県,白石市,セルフ白石城ＳＳ,小売業,ガソリンスタンド,2%
宮城県,白石市,セルフニュー小原ＳＳ,小売業,ガソリンスタンド,2%
宮城県,白石市,竹鶏ファーム,小売業,食料品,5%
宮城県,白石市,戸塚電機商会,小売業,電化製品,5%
宮城県,白石市,箱崎動物病院,サービス,その他サービス,5%
宮城県,白石市,パシフィックホテル白石,サービス,宿泊業,5%
宮城県,白石市,はたけなか製麺,小売業,食料品,5%
宮城県,白石市,平間商店ＳＳ 有限会社平間栄商店,小売業,ガソリンスタンド,2%
宮城県,白石市,フレスコキクチ 白石店,小売業,食料品,5%
宮城県,白石市,ほっと・タイム白石店,サービス,その他サービス,5%
宮城県,白石市,マクドナルド４号線白石店,サービス,飲食業,2%
宮城県,白石市,丸山蔵王,小売業,ガソリンスタンド,2%
宮城県,白石市,丸山白石インター,小売業,ガソリンスタンド,2%
宮城県,白石市,宮城トヨタ自動車白石店,小売業,その他小売,5%
宮城県,白石市,ミヤデン 三栄,小売業,電化製品,5%
宮城県,仙台市,アーパス,サービス,その他サービス,5%
宮城県,仙台市,Ｒ４８栗生ＳＳ,小売業,ガソリンスタンド,2%
宮城県,仙台市,アーロンチェアの庄文堂,小売業,家具・調度品,5%
宮城県,仙台市,アイエ書店株式会社,小売業,書籍・玩具・音楽ＣＤ,5%
宮城県,仙台市,ｉ．ｓｍｉｌｅ,サービス,その他サービス,5%
宮城県,仙台市,あすと長町整骨院,サービス,その他サービス,5%
宮城県,仙台市,愛子ＳＳ,小売業,ガソリンスタンド,2%
宮城県,仙台市,愛子街道ＳＳ,小売業,ガソリンスタンド,2%
宮城県,仙台市,Ｄｒ．Ｄｒｉｖｅ愛子店,小売業,ガソリンスタンド,2%
宮城県,仙台市,愛子バイパスＳＳ,小売業,ガソリンスタンド,2%
宮城県,仙台市,アルテジア,その他業種,ー,5%
宮城県,仙台市,アレックス動物病院,サービス,その他サービス,5%
宮城県,仙台市,Ａｎｇｅ Ｃｉｅｌ,サービス,理容・美容業,5%
宮城県,仙台市,ａｎｔｅｌｏｐｅ,小売業,衣料品,5%
宮城県,仙台市,飯塚千隼公認会計士・税理士事務所,サービス,その他サービス,5%
宮城県,仙台市,池田酒店,小売業,食料品,5%
宮城県,仙台市,泉自動車学校,サービス,その他サービス,5%
宮城県,仙台市,泉中央ＳＳ,小売業,ガソリンスタンド,2%
宮城県,仙台市,市名坂ＳＳ,小売業,ガソリンスタンド,2%
宮城県,仙台市,一番町ギター,小売業,書籍・玩具・音楽ＣＤ,5%
宮城県,仙台市,一心堂,サービス,その他サービス,5%
宮城県,仙台市,出光赤石ＳＳ,小売業,ガソリンスタンド,2%
宮城県,仙台市,出光萩野町ＳＳ,小売業,ガソリンスタンド,2%
宮城県,仙台市,イノセンスプラス,サービス,その他サービス,5%
宮城県,仙台市,ＩＢＩＺＡ ＡＬＣＯＶＥ,サービス,理容・美容業,5%
宮城県,仙台市,いろり酒場 たら福 広瀬通店,サービス,飲食業,5%
宮城県,仙台市,いろり酒場 たら福 文横店,サービス,飲食業,5%
宮城県,仙台市,岩沼屋ホテル,サービス,宿泊業,5%
宮城県,仙台市,Ｗｅｌｃｏｍｅ ｔｏ ｔｈｅ Ｍｏｏｎ．,サービス,飲食業,5%
宮城県,仙台市,ウジエスーパー明石南店,小売業,食料品,5%
宮城県,仙台市,ウジエスーパー小田原店,小売業,食料品,5%
宮城県,仙台市,ウジエスーパー長町店,小売業,食料品,5%
宮城県,仙台市,ウジエスーパー中山店,小売業,食料品,5%
宮城県,仙台市,ウジエスーパー西多賀店,小売業,食料品,5%
宮城県,仙台市,ウジエスーパー袋原店,小売業,食料品,5%
宮城県,仙台市,うまいものあり おおみ矢 稲荷小路店,サービス,飲食業,5%
宮城県,仙台市,うまいものあり おおみ矢 仙台駅前店,サービス,飲食業,5%
宮城県,仙台市,旨いもん 角屋,サービス,飲食業,5%
宮城県,仙台市,エイトステップ,サービス,その他サービス,5%
宮城県,仙台市,Ａ．ｇａｒｄｅｎ,小売業,衣料品,5%
宮城県,仙台市,ＳＯＳ２４,サービス,その他サービス,5%
宮城県,仙台市,ＥｎｅＪｅｔ仙台ＢＰＳＳ,小売業,ガソリンスタンド,2%
宮城県,仙台市,エビス動物病院,サービス,その他サービス,5%
宮城県,仙台市,Ｆｆａｂｒｉｋ,サービス,その他サービス,5%
宮城県,仙台市,Ｍ＆Ｋロックセンター,サービス,その他サービス,5%
宮城県,仙台市,エルプラス,その他業種,ー,5%
宮城県,仙台市,大石屋サトー,小売業,総合（非専門）,5%
宮城県,仙台市,大内タクシー,サービス,その他サービス,5%
宮城県,仙台市,オートウェイズ,サービス,その他サービス,5%
宮城県,仙台市,オートフレンド,サービス,その他サービス,5%
宮城県,仙台市,ＯＧＡＴＡ ｓｈｏｐ,小売業,家具・調度品,5%
宮城県,仙台市,落合ＳＳ,小売業,ガソリンスタンド,2%
宮城県,仙台市,落合ＳＳ,小売業,ガソリンスタンド,2%
宮城県,仙台市,おばんざい しづ川,サービス,飲食業,5%
宮城県,仙台市,オリーブ動物病院,サービス,その他サービス,5%
宮城県,仙台市,オルテリフォーム,サービス,その他サービス,5%
宮城県,仙台市,オレンジ動物病院,サービス,その他サービス,5%
宮城県,仙台市,カーテックラボ,サービス,その他サービス,5%
宮城県,仙台市,Ｇａｒｄｅｎ Ｇｏｔｕｋｏｌａ,小売業,その他小売,5%
宮城県,仙台市,カートライス,小売業,その他小売,5%
宮城県,仙台市,カードラボ仙台店,小売業,書籍・玩具・音楽ＣＤ,5%
宮城県,仙台市,カードラボデュエマ仙台店,小売業,書籍・玩具・音楽ＣＤ,5%
宮城県,仙台市,カーリペアクラブ,サービス,その他サービス,5%
宮城県,仙台市,篝火の湯 緑水亭,サービス,宿泊業,5%
宮城県,仙台市,角いち,サービス,飲食業,5%
宮城県,仙台市,かつどんのかつどん家 １,サービス,飲食業,5%
宮城県,仙台市,ガトーあらまき,サービス,その他サービス,5%
宮城県,仙台市,Ｃａｆｅ＆ＤｏｇｓＢＯＷＥＹＥＳ,小売業,その他小売,5%
宮城県,仙台市,株式会社ティーエフコーポレーション,サービス,飲食業,5%
宮城県,仙台市,株式会社保坂,サービス,その他サービス,2%
宮城県,仙台市,株式会社リーデックス,小売業,その他小売,5%
宮城県,仙台市,ＣＡＦＵＮＥ,サービス,理容・美容業,5%
宮城県,仙台市,萱場商店,小売業,その他小売,5%
宮城県,仙台市,革工房 Ｊ ｓ ＬＥＡＴＨＥＲ,小売業,その他小売,5%
宮城県,仙台市,Ｃｈｉａｒａ,サービス,理容・美容業,5%
宮城県,仙台市,菊地電機住宅設備,小売業,その他小売,5%
宮城県,仙台市,ＫＩＳＥＩ北仙台店,サービス,理容・美容業,5%
宮城県,仙台市,ＫＩＳＥＩ幸町店,サービス,理容・美容業,5%
宮城県,仙台市,季節料理いわさき,サービス,飲食業,5%
宮城県,仙台市,きもの屋 泉中央店,小売業,衣料品,5%
宮城県,仙台市,きもの屋 長町店,小売業,衣料品,5%
宮城県,仙台市,牛たん炭焼 仁,サービス,飲食業,5%
宮城県,仙台市,キリンビアフェスタ,サービス,飲食業,5%
宮城県,仙台市,キリンビアポート仙台,サービス,飲食業,5%
宮城県,仙台市,Ｋｉｌｕｔｏ ｈａｉｒ ａｎｄ ｌｉｆｅ,サービス,理容・美容業,5%
宮城県,仙台市,クオリティアップアローズ,サービス,その他サービス,5%
宮城県,仙台市,串揚げ油食来駅前朝市店,サービス,飲食業,5%
宮城県,仙台市,串揚酒場 油食来,サービス,飲食業,5%
宮城県,仙台市,久保田タクシー,サービス,運輸業,5%
宮城県,仙台市,Ｋ Ｇａｒａｇｅ,その他業種,ー,5%
宮城県,仙台市,Ｋボディーワークス,サービス,その他サービス,5%
宮城県,仙台市,気仙沼 分一八,サービス,飲食業,5%
宮城県,仙台市,ケンオート,小売業,その他小売,5%
宮城県,仙台市,ＧＯＡＬＤ ＧＲＡＣＥ,サービス,その他サービス,5%
宮城県,仙台市,児島ジーンズ仙台,小売業,衣料品,5%
宮城県,仙台市,個人 アイキタクシー,サービス,運輸業,5%
宮城県,仙台市,小平畳店,サービス,その他サービス,5%
宮城県,仙台市,コテツ,サービス,飲食業,5%
宮城県,仙台市,コピン,小売業,その他小売,5%
宮城県,仙台市,（個）優光タクシー,サービス,運輸業,5%
宮城県,仙台市,ザ・ガーデン 中山店,小売業,その他小売,5%
宮城県,仙台市,佐市本店,小売業,食料品,5%
宮城県,仙台市,財務リスクコンサルティング株式会社,サービス,その他サービス,5%
宮城県,仙台市,佐貴タクシー,サービス,運輸業,5%
宮城県,仙台市,咲蔵 仙台店,サービス,飲食業,5%
宮城県,仙台市,佐幸タクシー,サービス,その他サービス,5%
宮城県,仙台市,薩摩黒家,サービス,飲食業,5%
宮城県,仙台市,サンマリ 国見店,小売業,食料品,5%
宮城県,仙台市,サンマリ 向山店,小売業,食料品,5%
宮城県,仙台市,サンマリ沖野店,小売業,食料品,5%
宮城県,仙台市,サンリツ楽器 一番町センター,サービス,その他サービス,5%
宮城県,仙台市,サンリツ楽器 仙台本店,小売業,書籍・玩具・音楽ＣＤ,5%
宮城県,仙台市,サンリツ楽器 ピアノパーク,小売業,書籍・玩具・音楽ＣＤ,5%
宮城県,仙台市,四季彩／別邸 仙台店,サービス,飲食業,5%
宮城県,仙台市,四季創旬あゆ川,サービス,飲食業,5%
宮城県,仙台市,鴫原質店,小売業,総合（非専門）,5%
宮城県,仙台市,古道具紫山,小売業,その他小売,5%
宮城県,仙台市,自然・食彩・浪漫 びわね,サービス,飲食業,5%
宮城県,仙台市,清水小路ＳＳ,小売業,ガソリンスタンド,2%
宮城県,仙台市,車検専門店 ＲＡＫＵＤＡ 太白店,サービス,その他サービス,5%
宮城県,仙台市,車検専門店 ＲＡＫＵＤＡ 宮城店,サービス,その他サービス,5%
宮城県,仙台市,ジョイフル恵利 仙台店,サービス,その他サービス,5%
宮城県,仙台市,定禅寺通ＳＳ,小売業,ガソリンスタンド,2%
宮城県,仙台市,シルクロード ｏｕ,小売業,衣料品,5%
宮城県,仙台市,スイーツアトリエ楓菓,小売業,食料品,5%
宮城県,仙台市,スーパービッグ原町店,小売業,食料品,5%
宮城県,仙台市,スーパービッグ 吉成店,小売業,食料品,5%
宮城県,仙台市,スーパービッグ 六丁の目店,小売業,食料品,5%
宮城県,仙台市,鮨 江なみ,サービス,飲食業,5%
宮城県,仙台市,鈴木整体院 仙台駅前院,サービス,その他サービス,5%
宮城県,仙台市,鈴木接骨院落合院,サービス,その他サービス,5%
宮城県,仙台市,鈴木（吉）タクシー,サービス,運輸業,5%
宮城県,仙台市,すずらん介護タクシー２,サービス,運輸業,5%
宮城県,仙台市,スマイリングスタジオ,サービス,その他サービス,5%
宮城県,仙台市,スマホスピタル 仙台店,サービス,その他サービス,5%
宮城県,仙台市,炭火串焼 梟,サービス,飲食業,5%
宮城県,仙台市,炭火焼 大黒ホルモン,サービス,飲食業,5%
宮城県,仙台市,炭焼牛たん東山仙台本店別館,サービス,飲食業,5%
宮城県,仙台市,スリープショップまくら屋 仙台店,小売業,その他小売,5%
宮城県,仙台市,セガフレード・ザネッティ・エスプレッソ 仙台五橋公園店,サービス,飲食業,5%
宮城県,仙台市,セガフレード・ザネッティ・エスプレッソ 仙台南町通り店,サービス,飲食業,5%
宮城県,仙台市,セカンドステージ,サービス,その他サービス,5%
宮城県,仙台市,セルフステーション泉セントラル,小売業,ガソリンスタンド,2%
宮城県,仙台市,セルフステーション小鶴新田,小売業,ガソリンスタンド,2%
宮城県,仙台市,セルフステーション中山,小売業,ガソリンスタンド,2%
宮城県,仙台市,セルフステーション中山台,小売業,ガソリンスタンド,2%
宮城県,仙台市,セルフステーションパークタウン,小売業,ガソリンスタンド,2%
宮城県,仙台市,Ｓｅｒｅｎｄｉｐｉｔｙ,サービス,理容・美容業,5%
宮城県,仙台市,仙浩タクシー,サービス,運輸業,5%
宮城県,仙台市,仙台家系ラーメン一翔 南仙台店,サービス,飲食業,5%
宮城県,仙台市,仙台市場ＳＳ,小売業,ガソリンスタンド,2%
宮城県,仙台市,仙台営業所,小売業,ガソリンスタンド,2%
宮城県,仙台市,Ｄｒ．Ｄｒｉｖｅ仙台卸町店,小売業,ガソリンスタンド,2%
宮城県,仙台市,仙台卸商センターＳＳ,小売業,ガソリンスタンド,2%
宮城県,仙台市,仙台餃子 風泉,サービス,飲食業,5%
宮城県,仙台市,仙台東口かえで整骨院,サービス,その他サービス,5%
宮城県,仙台市,仙台スポーツ,小売業,その他小売,5%
宮城県,仙台市,仙台中央卸売市場ＳＳ,小売業,ガソリンスタンド,2%
宮城県,仙台市,仙台パドック,サービス,その他サービス,5%
宮城県,仙台市,仙台ＷｉＦｉレンタル．ｃｏｍ,サービス,その他サービス,5%
宮城県,仙台市,総合ミシン,小売業,その他小売,5%
宮城県,仙台市,Ｓｏｒａ ｈａｉｒ－ｒｅｌａｘ,サービス,理容・美容業,5%
宮城県,仙台市,大衆酒場 つばめの巣,サービス,飲食業,5%
宮城県,仙台市,第二流通ＳＳ,小売業,ガソリンスタンド,2%
宮城県,仙台市,高砂ＳＳ,小売業,ガソリンスタンド,2%
宮城県,仙台市,高砂屋,小売業,食料品,5%
宮城県,仙台市,多佳羅タクシー,サービス,運輸業,5%
宮城県,仙台市,たく河原町整体院 若林区本院,サービス,その他サービス,5%
宮城県,仙台市,多田石材店 仙台店,小売業,その他小売,5%
宮城県,仙台市,伊達のいろり焼 蔵の庄 一番町本店,サービス,飲食業,5%
宮城県,仙台市,伊達のいろり焼 蔵の庄 総本店,サービス,飲食業,5%
宮城県,仙台市,伊達のいろり焼 Ｙａｍａｔｏ,サービス,飲食業,5%
宮城県,仙台市,田中勝米穀燃料店,サービス,その他サービス,5%
宮城県,仙台市,Ｔａｎａｇｏｋｏｒｏ,小売業,その他小売,5%
宮城県,仙台市,ＤＴＳ珈琲 東仙台店,サービス,飲食業,5%
宮城県,仙台市,たまき庵,サービス,その他サービス,5%
宮城県,仙台市,中央広告社,サービス,その他サービス,5%
宮城県,仙台市,ＴＡＧＥ－ｃｏｍｍｕｎｉｔｙ,サービス,その他サービス,5%
宮城県,仙台市,デザインＫ 泉中央店,サービス,理容・美容業,5%
宮城県,仙台市,デザインＫ 長町南店,サービス,理容・美容業,5%
宮城県,仙台市,ＤＵＡＬＣＡＲＥｂｅｌｌｕｓ,サービス,理容・美容業,5%
宮城県,仙台市,テンテンテン,小売業,その他小売,5%
宮城県,仙台市,東北営業所,小売業,ガソリンスタンド,2%
宮城県,仙台市,ｔｏｔｏｍａぱん,サービス,飲食業,5%
宮城県,仙台市,ド－モ,サービス,その他サービス,5%
宮城県,仙台市,ｔｒｉｍｅｓ,サービス,その他サービス,5%
宮城県,仙台市,Ｎｉｇｈｔ Ｃａｆｅ ＯＲＡＮＧＥ,サービス,飲食業,5%
宮城県,仙台市,中田店,サービス,理容・美容業,5%
宮城県,仙台市,西仙台タクシー,サービス,その他サービス,5%
宮城県,仙台市,西多賀大菊ＳＳ,小売業,ガソリンスタンド,2%
宮城県,仙台市,日生ホーム,小売業,その他小売,5%
宮城県,仙台市,ニネルショッピングストア,小売業,食料品,5%
宮城県,仙台市,ニュ－向山ＳＳ,小売業,ガソリンスタンド,2%
宮城県,仙台市,人形の佳月仙台店,小売業,その他小売,5%
宮城県,仙台市,ｎａｉｌ ｓａｌｏｎ Ｒ’ａｌｌ,サービス,理容・美容業,5%
宮城県,仙台市,根岸オート２８６バイパス店,小売業,その他小売,5%
宮城県,仙台市,根白石ＳＳ 有限会社ワシオ金物店,小売業,ガソリンスタンド,2%
宮城県,仙台市,燃料部 配送センタ－,小売業,ガソリンスタンド,2%
宮城県,仙台市,野尻交流カフェ ばんどころ,サービス,飲食業,5%
宮城県,仙台市,Ｂａｒ Ａｓｈｉｒ,サービス,飲食業,5%
宮城県,仙台市,ＢＡＲ＆ＥＶＥＮＴＨＯＬＥ Ｔｉｋｉ－Ｐｏｔｏ,サービス,飲食業,5%
宮城県,仙台市,ＢＡＲ＆Ｄｉｎｉｎｇ９ １／２＋Ｔｅｒｒａｃｅ,サービス,飲食業,5%
宮城県,仙台市,ＢＡＣＡＲＯ風見鶏,サービス,飲食業,5%
宮城県,仙台市,バーバーショップキング,サービス,理容・美容業,5%
宮城県,仙台市,Ｂａｒ ｂｅｒ Ｓｈｏｐ ＭＩＲＲＯＲＺ,サービス,理容・美容業,5%
宮城県,仙台市,はせがわ動物病院,サービス,その他サービス,5%
宮城県,仙台市,パソコンドック２４ 仙台駅東口店,サービス,その他サービス,5%
宮城県,仙台市,パーソナル腸活ＲＯＯＴ,サービス,理容・美容業,5%
宮城県,仙台市,ハタチラボ 仙台店,サービス,その他サービス,5%
宮城県,仙台市,パッションヘアライオン,サービス,理容・美容業,5%
宮城県,仙台市,パテスリー・ロッシェ,小売業,食料品,5%
宮城県,仙台市,ハムステッドティールーム,サービス,飲食業,5%
宮城県,仙台市,早坂（善）タクシー,サービス,運輸業,5%
宮城県,仙台市,ぱれっと動物病院,サービス,その他サービス,5%
宮城県,仙台市,ハンナファーム,小売業,その他小売,5%
宮城県,仙台市,販売促進サービス オーダースーツ,小売業,その他小売,5%
宮城県,仙台市,万民酒家中華玄武,サービス,飲食業,5%
宮城県,仙台市,ｐｑｄ,小売業,衣料品,5%
宮城県,仙台市,東仙台ＳＳ,小売業,ガソリンスタンド,2%
宮城県,仙台市,東中田タクシー,サービス,運輸業,5%
宮城県,仙台市,東八番丁ＳＳ,小売業,ガソリンスタンド,2%
宮城県,仙台市,Ｐ ｓｕｇａｒ Ｌａｂ．,サービス,その他サービス,5%
宮城県,仙台市,陽だまり工房若林支店,サービス,その他サービス,5%
宮城県,仙台市,ＢＩＧＢＯＳＳ仙台店,小売業,その他小売,5%
宮城県,仙台市,ビックママスタジオ,サービス,その他サービス,5%
宮城県,仙台市,ＢｉＢｉ犬猫病院,サービス,その他サービス,5%
宮城県,仙台市,ファイング 仙台店,サービス,その他サービス,5%
宮城県,仙台市,ｔｈｅ ｆｉｒｓｔ ｓｔｙｌｅ,小売業,その他小売,5%
宮城県,仙台市,フォトスタジオプリンセス仙台店,サービス,その他サービス,5%
宮城県,仙台市,ＦＵＫＡＮＥ,小売業,貴金属・服飾品,5%
宮城県,仙台市,藤吉畳店 １,その他業種,ー,5%
宮城県,仙台市,ふそう堂,小売業,その他小売,5%
宮城県,仙台市,ブックオフ仙台泉バイパス店,小売業,その他小売,2%
宮城県,仙台市,ブックオフ仙台高砂店,小売業,その他小売,2%
宮城県,仙台市,フットサロン 踏,小売業,その他小売,5%
宮城県,仙台市,ブティックＨａｎａ,小売業,衣料品,5%
宮城県,仙台市,ブライダルハウス仙台,その他業種,ー,5%
宮城県,仙台市,ＦＬＡＧ ＳＴＯＲＥ,小売業,衣料品,5%
宮城県,仙台市,フラネ アンド プレミアム,小売業,家具・調度品,5%
宮城県,仙台市,古着屋と越後や,小売業,その他小売,5%
宮城県,仙台市,フレッシュフードモリヤ旭ヶ丘店,小売業,食料品,5%
宮城県,仙台市,フレッシュフードモリヤ 今泉店,小売業,食料品,5%
宮城県,仙台市,フレッシュフードモリヤ 落合店,小売業,食料品,5%
宮城県,仙台市,フレッシュフードモリヤ 大学病院前店,小売業,食料品,5%
宮城県,仙台市,ＦＬＡＷＬＥＳＳ仙台,サービス,理容・美容業,5%
宮城県,仙台市,ヘアーギャラリー Ｔ’ｓ,サービス,理容・美容業,5%
宮城県,仙台市,ｈａｉｒ・ｍａｋｅ ａｒｄｍｅｎｔｏ,サービス,理容・美容業,5%
宮城県,仙台市,ｈａｉｒ ｓｔｕｄｉｏ Ｒｏｍｅｏ,サービス,理容・美容業,5%
宮城県,仙台市,ペットエコ 中山店,小売業,その他小売,5%
宮城県,仙台市,ベローチェ仙台泉中央店,サービス,飲食業,5%
宮城県,仙台市,ベローチェ仙台一番町一丁目店,サービス,飲食業,5%
宮城県,仙台市,ベローチェ仙台一番町店,サービス,飲食業,5%
宮城県,仙台市,ベローチェ仙台駅東口駅前店,サービス,飲食業,5%
宮城県,仙台市,ベローチェ仙台定禅寺通店,サービス,飲食業,5%
宮城県,仙台市,ベローチェ仙台広瀬通駅前店,サービス,飲食業,5%
宮城県,仙台市,ベローチェ仙台南町通り店,サービス,飲食業,5%
宮城県,仙台市,ベローチェぶらんどーむ一番町店,サービス,飲食業,5%
宮城県,仙台市,宝石・貴金属ローザス,小売業,貴金属・服飾品,5%
宮城県,仙台市,宝石堂仙台 宝石堂仙台,小売業,その他小売,5%
宮城県,仙台市,北海道の味 吉丸,サービス,飲食業,5%
宮城県,仙台市,ホテル グリーンアーバ,サービス,宿泊業,5%
宮城県,仙台市,ホテル グリーンシティ,サービス,宿泊業,5%
宮城県,仙台市,ホテル グリーンパレス,サービス,宿泊業,5%
宮城県,仙台市,ホテル グリーンマーク,サービス,宿泊業,5%
宮城県,仙台市,ホテル グリーンライン,サービス,宿泊業,5%
宮城県,仙台市,ホテル グリーンウエル,サービス,宿泊業,5%
宮城県,仙台市,ホテル グリーンセレク,サービス,宿泊業,5%
宮城県,仙台市,ホテル グリーンパーク,サービス,宿泊業,5%
宮城県,仙台市,ホテルグリーンウィズ,サービス,宿泊業,5%
宮城県,仙台市,ホテルグリーンパシフィック,サービス,宿泊業,5%
宮城県,仙台市,ホテルニュー水戸屋,サービス,宿泊業,5%
宮城県,仙台市,ホテル華乃湯,サービス,宿泊業,5%
宮城県,仙台市,ホテルプレミアムグリーンソブリン,サービス,宿泊業,5%
宮城県,仙台市,ホテルプレミアムグリーンヒルズ,サービス,宿泊業,5%
宮城県,仙台市,ホルモン焼肉がっ！！ちゃん 落合駅前店,サービス,飲食業,5%
宮城県,仙台市,ホルモン焼肉 ガっ！！ちゃん 上杉店,サービス,飲食業,5%
宮城県,仙台市,ボンソワール,サービス,飲食業,5%
宮城県,仙台市,マクドナルドイオン仙台中山店,サービス,飲食業,2%
宮城県,仙台市,マクドナルド泉中山店,サービス,飲食業,2%
宮城県,仙台市,マクドナルド市名坂店,サービス,飲食業,2%
宮城県,仙台市,マクドナルド市名坂ヨークタウン店,サービス,飲食業,2%
宮城県,仙台市,マクドナルドザ・モール仙台長町店,サービス,飲食業,2%
宮城県,仙台市,マクドナルド新田東ヨークタウン店,サービス,飲食業,2%
宮城県,仙台市,マクドナルド仙台黒松店,サービス,飲食業,2%
宮城県,仙台市,マクドナルド仙台六丁の目店,サービス,飲食業,2%
宮城県,仙台市,マクドナルド中田ヤマザワ店,サービス,飲食業,2%
宮城県,仙台市,マクドナルド南吉成ヨークベニマル店,サービス,飲食業,2%
宮城県,仙台市,マクドナルド４号線仙台松森店,サービス,飲食業,2%
宮城県,仙台市,マクドナルド４８号愛子ヨークタウン店,サービス,飲食業,2%
宮城県,仙台市,松尾弦楽器 仙台店,小売業,その他小売,5%
宮城県,仙台市,マックスフリッツ仙台,小売業,衣料品,5%
宮城県,仙台市,Ｍａｒｉｅ Ｊｏｓｅｐｈｅ,小売業,衣料品,5%
宮城県,仙台市,マルチュウ,小売業,衣料品,5%
宮城県,仙台市,丸山動物病院,サービス,その他サービス,5%
宮城県,仙台市,萬代,サービス,飲食業,5%
宮城県,仙台市,万代 仙台長町南店,小売業,その他小売,5%
宮城県,仙台市,ＭＥＡＴ ＭＡＮ 仙台,サービス,飲食業,5%
宮城県,仙台市,三上タクシー,サービス,運輸業,5%
宮城県,仙台市,ＭＩＳＡ：ＮＯＥＳＴＨＥＴＩＣ,サービス,理容・美容業,5%
宮城県,仙台市,湊の小十郎,サービス,飲食業,5%
宮城県,仙台市,南仙台ＳＳ,小売業,ガソリンスタンド,2%
宮城県,仙台市,ミネテクノ,サービス,公共料金,5%
宮城県,仙台市,蓑むらかた,サービス,飲食業,5%
宮城県,仙台市,ミヤギオート 幸町営業所,サービス,その他サービス,5%
宮城県,仙台市,ミヤギオート 本社,サービス,その他サービス,5%
宮城県,仙台市,みやぎ台店,小売業,総合（非専門）,5%
宮城県,仙台市,ミヤショー,サービス,その他サービス,5%
宮城県,仙台市,宮脇書店 仙台鈎取店,小売業,書籍・玩具・音楽ＣＤ,5%
宮城県,仙台市,みょうがや,サービス,飲食業,5%
宮城県,仙台市,未来タクシー,サービス,運輸業,5%
宮城県,仙台市,ｍｉｒｏｋｕ 五橋店,小売業,食料品,5%
宮城県,仙台市,ｍｉｒｏｋｕ 八幡町店,小売業,食料品,5%
宮城県,仙台市,麦倉みさき,サービス,理容・美容業,5%
宮城県,仙台市,ムードセンターまつむら,小売業,書籍・玩具・音楽ＣＤ,5%
宮城県,仙台市,メンタルケアラボ仙台,その他業種,ー,5%
宮城県,仙台市,茂庭ＳＳ,小売業,ガソリンスタンド,2%
宮城県,仙台市,茂庭バイパスＳＳ,小売業,ガソリンスタンド,2%
宮城県,仙台市,ＥｎｅＪｅｔ茂庭生出ＳＳ,小売業,ガソリンスタンド,2%
宮城県,仙台市,やきとり 五りん,サービス,飲食業,5%
宮城県,仙台市,やきとり大吉 長町南店,サービス,飲食業,5%
宮城県,仙台市,焼きとん 肉喰是,サービス,飲食業,5%
宮城県,仙台市,焼肉・ホルモンかないや,サービス,飲食業,5%
宮城県,仙台市,焼肉レストランひがしやま仙台駅前店,サービス,飲食業,5%
宮城県,仙台市,焼肉レストランひがしやま六丁の目店,サービス,飲食業,5%
宮城県,仙台市,ヤマダブレードサービス,サービス,その他サービス,5%
宮城県,仙台市,ゆいまーる,小売業,その他小売,5%
宮城県,仙台市,祐紀会 １,小売業,貴金属・服飾品,5%
宮城県,仙台市,有限会社岩沼屋ホテル,サービス,宿泊業,5%
宮城県,仙台市,Ｙｏｕ Ｏｎｅ,サービス,その他サービス,5%
宮城県,仙台市,湯の原ホテル,サービス,宿泊業,5%
宮城県,仙台市,湯向ＳＳ,小売業,ガソリンスタンド,2%
宮城県,仙台市,吉成店,サービス,理容・美容業,5%
宮城県,仙台市,Ｌａ楽リゾートホテルグリーングリーン,サービス,宿泊業,5%
宮城県,仙台市,ＲｅａｌＭｏｎｋｅｙ,小売業,その他小売,5%
宮城県,仙台市,りす整体院,サービス,その他サービス,5%
宮城県,仙台市,Ｌｉｔａ ４Ｆ,サービス,理容・美容業,5%
宮城県,仙台市,理容ヤング ２,サービス,理容・美容業,5%
宮城県,仙台市,りりーあっぷ,サービス,飲食業,5%
宮城県,仙台市,ＬＯＯＳＥ カクテルバー,サービス,飲食業,5%
宮城県,仙台市,簾の家,サービス,飲食業,5%
宮城県,仙台市,ロココ南小泉ＳＳ,小売業,ガソリンスタンド,2%
宮城県,仙台市,ロペシティ 仙台南店,サービス,その他サービス,5%
宮城県,仙台市,ワイン食堂ｅｎｊｉ,サービス,飲食業,5%
宮城県,仙台市,和幸タクシー,サービス,運輸業,5%
宮城県,仙台市,和菜 しば田,サービス,飲食業,5%
宮城県,仙台市,渡晴タクシー,小売業,貴金属・服飾品,5%
宮城県,仙台市,ワタベ生花店,小売業,その他小売,5%
宮城県,仙台市,ワンダーボックス,小売業,電化製品,5%
宮城県,仙台市青葉区,Ｒｂｙｃｏｃｏｒｙｎｅ,小売業,衣料品,5%
宮城県,仙台市青葉区,相崎旅館,サービス,宿泊業,5%
宮城県,仙台市青葉区,アイシステム株式会社,サービス,その他サービス,5%
宮城県,仙台市青葉区,アイマジックピュア仙台一番町店,サービス,理容・美容業,5%
宮城県,仙台市青葉区,アイマジックピュア仙台駅前店,サービス,理容・美容業,5%
宮城県,仙台市青葉区,藜,サービス,飲食業,5%
宮城県,仙台市青葉区,赤猿,サービス,飲食業,5%
宮城県,仙台市青葉区,ＡＫＩＴＡ ＤＩＮＩＮＧ なまはげ仙台店,サービス,飲食業,5%
宮城県,仙台市青葉区,Ａｇｕ ｈａｉｒ Ａｇｕ ｈａｉｒ ｈａｉｌ仙台中山台,サービス,理容・美容業,5%
宮城県,仙台市青葉区,Ａｇｕ ｈａｉｒ Ａｇｕ ｈａｉｒ ｃｈｉａｒｏ勾当台公園,サービス,理容・美容業,5%
宮城県,仙台市青葉区,Ａｇｕ ｈａｉｒ Ａｇｕ ｈａｉｒ ｊｉｌｌ一番町,サービス,理容・美容業,5%
宮城県,仙台市青葉区,Ａｇｕ ｈａｉｒ Ａｇｕ ｈａｉｒ ｅｔｅ青葉通り,サービス,理容・美容業,5%
宮城県,仙台市青葉区,Ａｇｕ ｈａｉｒ Ａｇｕ ｈａｉｒ ａｔｅｌｉｅｒ仙台,サービス,理容・美容業,5%
宮城県,仙台市青葉区,Ａｇｕ ｈａｉｒ Ａｇｕ ｈａｉｒ ｄａｉｓｙ仙台駅前,サービス,理容・美容業,5%
宮城県,仙台市青葉区,Ａｇｕ ｈａｉｒ Ａｇｕ ｈａｉｒ ｇｉｆｔ 仙台,サービス,理容・美容業,5%
宮城県,仙台市青葉区,Ａｇｕ ｈａｉｒ Ａｇｕ ｈａｉｒ ｇｉｆｔ仙台,サービス,理容・美容業,5%
宮城県,仙台市青葉区,Ａｇｕ ｈａｉｒ Ａｇｕ ｈａｉｒ ｒｅｇａｌｏ仙台,サービス,理容・美容業,5%
宮城県,仙台市青葉区,アジアンキッチン 仙台駅前,サービス,飲食業,5%
宮城県,仙台市青葉区,アジアンキッチン 仙台東映プラザ,サービス,飲食業,5%
宮城県,仙台市青葉区,あじはますし,サービス,飲食業,5%
宮城県,仙台市青葉区,Ｌ’ＡＺＵＲ,小売業,衣料品,5%
宮城県,仙台市青葉区,アッラグリッリア,サービス,飲食業,5%
宮城県,仙台市青葉区,ａｔｔｉｃ ｂａｒ＆ｄｉｎｉｎｇ,サービス,飲食業,5%
宮城県,仙台市青葉区,アトリエアルティオ,その他業種,ー,5%
宮城県,仙台市青葉区,アネラ,サービス,理容・美容業,5%
宮城県,仙台市青葉区,ア－バ・かわむら,小売業,電化製品,5%
宮城県,仙台市青葉区,ａｍ ｈａｉｒ ｄｅｓｉｇｎ,サービス,理容・美容業,5%
宮城県,仙台市青葉区,荒巻ＳＳ,小売業,ガソリンスタンド,2%
宮城県,仙台市青葉区,ＡＲＧＥＮＴＯ,サービス,飲食業,5%
宮城県,仙台市青葉区,ＡＲＰＥＧＧＩＯ,サービス,飲食業,5%
宮城県,仙台市青葉区,アレックス,小売業,貴金属・服飾品,5%
宮城県,仙台市青葉区,＆ｇｓｈａｒｅｓａｌｏｎ,サービス,理容・美容業,5%
宮城県,仙台市青葉区,Ａｎｔｉｃａ,サービス,理容・美容業,5%
宮城県,仙台市青葉区,Ｕｎ ｔｈｅ ａｕ ｌａｉｔ,サービス,その他サービス,5%
宮城県,仙台市青葉区,ＡＮＮＡｖｉｎｔａｇｅ,小売業,衣料品,5%
宮城県,仙台市青葉区,Ａｎｌｉ,サービス,理容・美容業,5%
宮城県,仙台市青葉区,ＩＯＲＩ,小売業,衣料品,5%
宮城県,仙台市青葉区,居酒屋 仙きち,サービス,飲食業,5%
宮城県,仙台市青葉区,居酒屋 鳥幸,サービス,飲食業,5%
宮城県,仙台市青葉区,石窯パン工房ばーすでい愛子店,小売業,食料品,5%
宮城県,仙台市青葉区,石橋楽器 仙台店,小売業,その他小売,5%
宮城県,仙台市青葉区,石橋楽器 仙台店,小売業,その他小売,5%
宮城県,仙台市青葉区,石橋楽器店仙台店,小売業,その他小売,5%
宮城県,仙台市青葉区,いすず美容室 いすず美容室,サービス,理容・美容業,5%
宮城県,仙台市青葉区,いたがき 朝市店,小売業,食料品,5%
宮城県,仙台市青葉区,いたがき 東一番町店,小売業,食料品,5%
宮城県,仙台市青葉区,１ＴＯ２ＢＬＤＧ,サービス,飲食業,5%
宮城県,仙台市青葉区,一番町大学入口店,その他業種,ー,5%
宮城県,仙台市青葉区,ＩＣＨＩＲＹＵ,サービス,飲食業,5%
宮城県,仙台市青葉区,ｉｄｅａｌ ｈａｉｒ,サービス,理容・美容業,5%
宮城県,仙台市青葉区,出光北九番丁ＳＳ,小売業,ガソリンスタンド,2%
宮城県,仙台市青葉区,癒し工房どんぐり,サービス,その他サービス,5%
宮城県,仙台市青葉区,癒し工房どんぐり,サービス,その他サービス,5%
宮城県,仙台市青葉区,いわい洋菓子柏木店,小売業,食料品,5%
宮城県,仙台市青葉区,ｉｎｄｉｖｉｄｕｅｌ ｎａｉｌ,サービス,その他サービス,5%
宮城県,仙台市青葉区,ｗｉｔｈＤＯＧ,サービス,その他サービス,5%
宮城県,仙台市青葉区,烏蘭 ーウーランー,サービス,その他サービス,5%
宮城県,仙台市青葉区,器と雑貨 ボタニカル,小売業,家具・調度品,5%
宮城県,仙台市青葉区,うどん もつ鍋也 真,サービス,飲食業,5%
宮城県,仙台市青葉区,ｕｎｕｍ,小売業,衣料品,5%
宮城県,仙台市青葉区,旨い肴と炭火のお店はれた,サービス,飲食業,5%
宮城県,仙台市青葉区,海乃家カドヤ,サービス,飲食業,5%
宮城県,仙台市青葉区,英会話プライマリー,サービス,その他サービス,5%
宮城県,仙台市青葉区,エスカイヤクラブ 仙台店,サービス,飲食業,5%
宮城県,仙台市青葉区,エスプリ 仙台エーラク,サービス,飲食業,5%
宮城県,仙台市青葉区,ＨＧ 仙台店,小売業,衣料品,5%
宮城県,仙台市青葉区,えんの字,サービス,飲食業,5%
宮城県,仙台市青葉区,ＥＮＮＬＩＶＩＮＧＷＯＲＫＳ,小売業,衣料品,5%
宮城県,仙台市青葉区,Ｏｕｐｅ,サービス,飲食業,5%
宮城県,仙台市青葉区,ＯＰＥＮ ＴＯＷＮ,サービス,その他サービス,5%
宮城県,仙台市青葉区,おしか半島,サービス,飲食業,5%
宮城県,仙台市青葉区,牡鹿半島 仙台駅前店,サービス,飲食業,5%
宮城県,仙台市青葉区,オステリアダクリハラ,サービス,飲食業,5%
宮城県,仙台市青葉区,オゾンコミュニティ 仙台フォーラス,小売業,衣料品,5%
宮城県,仙台市青葉区,おはし二日町,サービス,飲食業,5%
宮城県,仙台市青葉区,おはな,サービス,飲食業,5%
宮城県,仙台市青葉区,オペラブライダル仙台店,小売業,貴金属・服飾品,5%
宮城県,仙台市青葉区,加圧メンテナンスラボ仙台,サービス,その他サービス,5%
宮城県,仙台市青葉区,カードラボ 仙台店,小売業,書籍・玩具・音楽ＣＤ,5%
宮城県,仙台市青葉区,カードラボ デュエマ仙台店,小売業,書籍・玩具・音楽ＣＤ,5%
宮城県,仙台市青葉区,ＧＩＲＬ【ガール】,サービス,理容・美容業,5%
宮城県,仙台市青葉区,有限会社 海鮮炭火焼き ちそう亭別館,サービス,飲食業,5%
宮城県,仙台市青葉区,街道青葉,サービス,飲食業,5%
宮城県,仙台市青葉区,買取クラシック仙台,小売業,衣料品,5%
宮城県,仙台市青葉区,花蔵,サービス,飲食業,5%
宮城県,仙台市青葉区,隠れ家サロンアンシャンテ,サービス,理容・美容業,5%
宮城県,仙台市青葉区,菓匠三全 大町店,小売業,食料品,5%
宮城県,仙台市青葉区,菓匠三全 吉成店,小売業,食料品,5%
宮城県,仙台市青葉区,ＫａｚｕｏＩｋｅｄａ,サービス,理容・美容業,5%
宮城県,仙台市青葉区,風,サービス,飲食業,5%
宮城県,仙台市青葉区,カットショップココナッツボーイ カットショップ ココナッツボーイ,サービス,理容・美容業,5%
宮城県,仙台市青葉区,家庭割烹 ささ膳,サービス,飲食業,5%
宮城県,仙台市青葉区,Ｃａｐｉｔｏｒｏ,サービス,飲食業,5%
宮城県,仙台市青葉区,ｃａｆｅ＆ｍａｒｋｅｔくまと文鳥,サービス,飲食業,5%
宮城県,仙台市青葉区,株式会社今野魚店,その他業種,ー,5%
宮城県,仙台市青葉区,株式会社小西造型,サービス,その他サービス,5%
宮城県,仙台市青葉区,株式会社仙台かき徳,小売業,食料品,5%
宮城県,仙台市青葉区,株式会社タチカワ 仙台支店 成澤宏理,その他業種,ー,5%
宮城県,仙台市青葉区,株式会社ベーセーベージェー,小売業,衣料品,5%
宮城県,仙台市青葉区,株式会社マグネットデザイン,サービス,その他サービス,5%
宮城県,仙台市青葉区,株式会社杜の家,サービス,その他サービス,5%
宮城県,仙台市青葉区,渡邉商事,その他業種,ー,2%
宮城県,仙台市青葉区,かまくら仙台店,サービス,飲食業,5%
宮城県,仙台市青葉区,カラオケ＆ダンス ボギーズ,サービス,飲食業,5%
宮城県,仙台市青葉区,カラオケルーム櫓茶屋 仙台東映プラザ,サービス,飲食業,5%
宮城県,仙台市青葉区,ｃａｒｄｅａ,サービス,理容・美容業,5%
宮城県,仙台市青葉区,カレーハウスＣＯＣＯ壱番屋仙台サンモール一番町店,サービス,飲食業,2%
宮城県,仙台市青葉区,ｃｕｒｒｅｎｔ,サービス,飲食業,5%
宮城県,仙台市青葉区,河合塾マナビス上杉校,その他業種,ー,2%
宮城県,仙台市青葉区,河合塾マナビス仙台本町校,その他業種,ー,2%
宮城県,仙台市青葉区,韓国料理ＭＵＢＡ,サービス,飲食業,5%
宮城県,仙台市青葉区,菅野タクシー,サービス,運輸業,5%
宮城県,仙台市青葉区,カンノ薬局,小売業,その他小売,5%
宮城県,仙台市青葉区,漢方の桃苑堂,小売業,その他小売,5%
宮城県,仙台市青葉区,キクチ,小売業,その他小売,5%
宮城県,仙台市青葉区,株式会社菊地電機住宅設備,小売業,電化製品,5%
宮城県,仙台市青葉区,季節料理いわさき,サービス,飲食業,5%
宮城県,仙台市青葉区,喫茶ビジュゥ,サービス,飲食業,5%
宮城県,仙台市青葉区,ＫｉｔｃｈｅｎＣｌｕｂ Ｄｕｎｋ,サービス,飲食業,5%
宮城県,仙台市青葉区,ＫｉｔｃｈｅｎＣｌｕｂＤｕｎｋ,サービス,飲食業,5%
宮城県,仙台市青葉区,狐崎漁港 晴れの日,サービス,飲食業,5%
宮城県,仙台市青葉区,絹の店クボ,小売業,衣料品,5%
宮城県,仙台市青葉区,紀文寿司,サービス,飲食業,5%
宮城県,仙台市青葉区,牛たん炭焼利久一番町やなぎ町店,サービス,飲食業,5%
宮城県,仙台市青葉区,牛たん炭焼利久仙台西口本店,サービス,飲食業,5%
宮城県,仙台市青葉区,牛たん炭焼利久名掛丁店,サービス,飲食業,5%
宮城県,仙台市青葉区,牛たん炭焼利久本町店,サービス,飲食業,5%
宮城県,仙台市青葉区,ＣＵＴＩＥ ＤＯＧ ＣＵＴＩＥ ＤＯＧ ｂｙ Ｅｍｉｋｏ Ｙａｂｕｋｉ,サービス,その他サービス,5%
宮城県,仙台市青葉区,喜良久亭,サービス,飲食業,5%
宮城県,仙台市青葉区,銀座酒場Ｂｏｕｑｕｅｔ,サービス,飲食業,5%
宮城県,仙台市青葉区,串焼楽酒ＭＯＪＡ 国分町店,サービス,飲食業,5%
宮城県,仙台市青葉区,串焼楽酒ＭＯＪＡ 名掛丁店,サービス,飲食業,5%
宮城県,仙台市青葉区,ＧｏｏｄＤａｙ東北,サービス,その他サービス,5%
宮城県,仙台市青葉区,Ｇｒａａｌ,サービス,飲食業,5%
宮城県,仙台市青葉区,ｃｕｒａｇｅ． クラゲ,サービス,飲食業,5%
宮城県,仙台市青葉区,くらし座,小売業,家具・調度品,5%
宮城県,仙台市青葉区,クリア株式会社,サービス,その他サービス,5%
宮城県,仙台市青葉区,クリヤコーヒーロースターズ,サービス,飲食業,5%
宮城県,仙台市青葉区,ぐりるぼんてん仙台駅前店,サービス,飲食業,5%
宮城県,仙台市青葉区,クリーニングタカノ 定禅寺通り店,サービス,その他サービス,5%
宮城県,仙台市青葉区,ＱＷＡＭＰ,サービス,理容・美容業,5%
宮城県,仙台市青葉区,Ｋ ｓ ｇａｒｄｅｎ こもれび,小売業,その他小売,5%
宮城県,仙台市青葉区,欅産業 北仙台ショールーム,小売業,その他小売,5%
宮城県,仙台市青葉区,株式会社健生,サービス,理容・美容業,5%
宮城県,仙台市青葉区,ｃｏｙｅｎ,サービス,理容・美容業,5%
宮城県,仙台市青葉区,珈琲飲み処 いりたてや 珈琲飲み処いりたてや,サービス,飲食業,5%
宮城県,仙台市青葉区,珈琲まめ坊 本店,サービス,飲食業,5%
宮城県,仙台市青葉区,国語専門塾ｔｈｉｎｋ,その他業種,ー,5%
宮城県,仙台市青葉区,ｃｏ?ｔａｒｏ,小売業,食料品,5%
宮城県,仙台市青葉区,ことぶきや,サービス,飲食業,5%
宮城県,仙台市青葉区,コポ 仙台店,小売業,衣料品,5%
宮城県,仙台市青葉区,コミック バスター仙台国分町店,サービス,その他サービス,2%
宮城県,仙台市青葉区,ＣＩＲＣＵＳ,サービス,飲食業,5%
宮城県,仙台市青葉区,肴・ハイボールＢＡＲ サライ,サービス,飲食業,5%
宮城県,仙台市青葉区,肴処やおよろず,サービス,飲食業,5%
宮城県,仙台市青葉区,坐カフェ,小売業,食料品,5%
宮城県,仙台市青葉区,坂本商会,小売業,電化製品,5%
宮城県,仙台市青葉区,株式会社佐勘金物店,小売業,電化製品,5%
宮城県,仙台市青葉区,櫻下緑化園,サービス,その他サービス,5%
宮城県,仙台市青葉区,櫻下緑化園,サービス,その他サービス,5%
宮城県,仙台市青葉区,酒のソクハイ国分町本店,小売業,その他小売,5%
宮城県,仙台市青葉区,酒のソクハイ 広瀬通店,小売業,その他小売,5%
宮城県,仙台市青葉区,ＺＡＺＡ【ザザ】,サービス,理容・美容業,5%
宮城県,仙台市青葉区,佐々木サイクル商会,小売業,その他小売,5%
宮城県,仙台市青葉区,ＴＨＥ ＳＴＲＩＫＥ ｓｋａｔｅ ａｎｄ ｔａｃｋｌｅ ｓｈｏｐ,小売業,その他小売,5%
宮城県,仙台市青葉区,札幌かに本家 仙台店,サービス,飲食業,5%
宮城県,仙台市青葉区,ＳＡＡＤ 仙台青葉通店,小売業,貴金属・服飾品,5%
宮城県,仙台市青葉区,ＳＡＡＤ 仙台一番町店,小売業,貴金属・服飾品,5%
宮城県,仙台市青葉区,サバイディ＆ティー,サービス,その他サービス,5%
宮城県,仙台市青葉区,ｃａｓａ＋,サービス,理容・美容業,5%
宮城県,仙台市青葉区,ｓａＲｏｎ ｄｅ ＲｏｎＲｏｎ,サービス,飲食業,5%
宮城県,仙台市青葉区,Ｓａｌｏｎ ｄｅ ＥＭＭＡ,サービス,理容・美容業,5%
宮城県,仙台市青葉区,ｓａｌｏｎ ｄｅ ＥＭＭＡ Ｓａｌｏｎ ｄｅ ＥＭＭＡ,サービス,理容・美容業,5%
宮城県,仙台市青葉区,ｓａＲｏｎ ｄｅ ＲｏｎＲｏｎ,サービス,飲食業,5%
宮城県,仙台市青葉区,ザ・ワインバー 仙台駅前,サービス,飲食業,5%
宮城県,仙台市青葉区,三水苑 国分町にごう,サービス,飲食業,5%
宮城県,仙台市青葉区,三洋薬品ＨＢＣ株式会社 仙台営業所,小売業,その他小売,5%
宮城県,仙台市青葉区,シーガル仙台駅前店,小売業,書籍・玩具・音楽ＣＤ,5%
宮城県,仙台市青葉区,ＪＤＳｏｕｎｄ,サービス,その他サービス,5%
宮城県,仙台市青葉区,貝と魚と炭びシェルまる,サービス,飲食業,5%
宮城県,仙台市青葉区,シーガル 仙台駅前店,小売業,書籍・玩具・音楽ＣＤ,5%
宮城県,仙台市青葉区,ｇｉｓｅｌｅ【ジゼル】,サービス,理容・美容業,5%
宮城県,仙台市青葉区,自然 食彩 浪漫 おしか,サービス,飲食業,5%
宮城県,仙台市青葉区,自然 食彩 浪漫 びわね,サービス,飲食業,5%
宮城県,仙台市青葉区,Ｓｈａｕｌａ,サービス,飲食業,5%
宮城県,仙台市青葉区,小姐颱風 仙台駅前,サービス,飲食業,5%
宮城県,仙台市青葉区,写楽 仙台別館店,サービス,飲食業,5%
宮城県,仙台市青葉区,旬海さとう,サービス,飲食業,5%
宮城県,仙台市青葉区,旬菜食健 ひな野 クリスロード店,サービス,飲食業,5%
宮城県,仙台市青葉区,旬菜鮮魚おかげさん,サービス,飲食業,5%
宮城県,仙台市青葉区,旬菜雅,サービス,飲食業,5%
宮城県,仙台市青葉区,旬味食彩 佳乃,サービス,飲食業,5%
宮城県,仙台市青葉区,勝山館 醇泉,サービス,飲食業,5%
宮城県,仙台市青葉区,東海林呉服店,小売業,衣料品,5%
宮城県,仙台市青葉区,庄子商店,小売業,食料品,5%
宮城県,仙台市青葉区,笑家,サービス,飲食業,5%
宮城県,仙台市青葉区,食彩 ろまん 仙台 花寅,サービス,飲食業,5%
宮城県,仙台市青葉区,食事と酒しなと,サービス,飲食業,5%
宮城県,仙台市青葉区,食堂かふぇ空飛ぶ猫,サービス,飲食業,5%
宮城県,仙台市青葉区,Ｓｈｉｒｕｂｅ,小売業,衣料品,5%
宮城県,仙台市青葉区,ＴＨＩＮＫ,サービス,飲食業,5%
宮城県,仙台市青葉区,スーパービッグ 吉成店,小売業,食料品,5%
宮城県,仙台市青葉区,すき焼きしゃぶしゃぶ専門店あづま,サービス,飲食業,5%
宮城県,仙台市青葉区,すき焼き・しゃぶしゃぶ専門店あづま,サービス,飲食業,5%
宮城県,仙台市青葉区,寿司本 寿司本,サービス,飲食業,5%
宮城県,仙台市青葉区,すし 幸村,サービス,飲食業,5%
宮城県,仙台市青葉区,ＳＵＺＵＴＡＮ仙台ダイエージョリー店,小売業,衣料品,5%
宮城県,仙台市青葉区,鈴電,小売業,電化製品,5%
宮城県,仙台市青葉区,株式会社すずや穀物 仙台朝市店,小売業,食料品,5%
宮城県,仙台市青葉区,スタジオビーツー 五橋店,サービス,その他サービス,5%
宮城県,仙台市青葉区,スタジオフェリーク仙台店,サービス,その他サービス,5%
宮城県,仙台市青葉区,スタジオフォトキューブ,サービス,その他サービス,5%
宮城県,仙台市青葉区,スタジオマカナ,サービス,その他サービス,5%
宮城県,仙台市青葉区,株式会社ステージライン,その他業種,ー,5%
宮城県,仙台市青葉区,すてーき 広尾,サービス,飲食業,5%
宮城県,仙台市青葉区,ストア・ジューゴノヴ,小売業,書籍・玩具・音楽ＣＤ,5%
宮城県,仙台市青葉区,炭火焼鳥わこん,サービス,飲食業,5%
宮城県,仙台市青葉区,炭火焼肉 大黒さん,サービス,飲食業,5%
宮城県,仙台市青葉区,スリープショップまくら屋,小売業,その他小売,5%
宮城県,仙台市青葉区,整体クラド,サービス,理容・美容業,5%
宮城県,仙台市青葉区,アロマコンディショニングサロンＣｅｓｃＫｒｏｏｓｅ,サービス,その他サービス,5%
宮城県,仙台市青葉区,セラヴィ,小売業,衣料品,5%
宮城県,仙台市青葉区,仙台 ｕｍｅ,サービス,飲食業,5%
宮城県,仙台市青葉区,セブン－イレブン仙台あおば通店,小売業,食料品,2%
宮城県,仙台市青葉区,セブン－イレブン仙台旭ケ丘２丁目店,小売業,食料品,2%
宮城県,仙台市青葉区,セブン－イレブン仙台愛子駅前店,小売業,食料品,2%
宮城県,仙台市青葉区,セブン－イレブン仙台愛子東店,小売業,食料品,2%
宮城県,仙台市青葉区,セブン－イレブン仙台荒巻神明町店,小売業,食料品,2%
宮城県,仙台市青葉区,セブン－イレブン仙台荒巻本沢店,小売業,食料品,2%
宮城県,仙台市青葉区,セブン－イレブン仙台一番町１丁目店,小売業,食料品,2%
宮城県,仙台市青葉区,セブン－イレブン仙台一番町３丁目店,小売業,食料品,2%
宮城県,仙台市青葉区,セブン－イレブン仙台一番町４丁目店,小売業,食料品,2%
宮城県,仙台市青葉区,セブン－イレブン仙台五橋駅前店,小売業,食料品,2%
宮城県,仙台市青葉区,セブン－イレブン仙台芋沢店,小売業,食料品,2%
宮城県,仙台市青葉区,セブン－イレブン仙台小田原５丁目店,小売業,食料品,2%
宮城県,仙台市青葉区,セブン－イレブン仙台小田原八丁目店,小売業,食料品,2%
宮城県,仙台市青葉区,セブン－イレブン仙台落合６丁目店,小売業,食料品,2%
宮城県,仙台市青葉区,セブン－イレブン仙台折立店,小売業,食料品,2%
宮城県,仙台市青葉区,セブン－イレブン仙台花京院１丁目店,小売業,食料品,2%
宮城県,仙台市青葉区,セブン－イレブン仙台花京院スクエア店,小売業,食料品,2%
宮城県,仙台市青葉区,セブン－イレブン仙台花京院店,小売業,食料品,2%
宮城県,仙台市青葉区,セブン－イレブン仙台柏木店,小売業,食料品,2%
宮城県,仙台市青葉区,セブン－イレブン仙台上杉勾当台通り店,小売業,食料品,2%
宮城県,仙台市青葉区,セブン－イレブン仙台上杉３丁目店,小売業,食料品,2%
宮城県,仙台市青葉区,セブン－イレブン仙台川内店,小売業,食料品,2%
宮城県,仙台市青葉区,セブン－イレブン仙台川平５丁目店,小売業,食料品,2%
宮城県,仙台市青葉区,セブン－イレブン仙台北一番丁通店,小売業,食料品,2%
宮城県,仙台市青葉区,セブン－イレブン仙台木町通２丁目店,小売業,食料品,2%
宮城県,仙台市青葉区,仙台牛焼肉盛岡手打冷麺牛々,サービス,飲食業,5%
宮城県,仙台市青葉区,仙台銀座のミートマン,サービス,飲食業,5%
宮城県,仙台市青葉区,セブン－イレブン仙台国見１丁目店,小売業,食料品,2%
宮城県,仙台市青葉区,セブン－イレブン仙台国見ケ丘１丁目店,小売業,食料品,2%
宮城県,仙台市青葉区,セブン－イレブン仙台熊ヶ根店,小売業,食料品,2%
宮城県,仙台市青葉区,セブン－イレブン仙台国分町１丁目店,小売業,食料品,2%
宮城県,仙台市青葉区,セブン－イレブン仙台国分町２丁目店,小売業,食料品,2%
宮城県,仙台市青葉区,セブン－イレブン仙台米ケ袋１丁目店,小売業,食料品,2%
宮城県,仙台市青葉区,セブン－イレブン仙台桜ケ丘６丁目店,小売業,食料品,2%
宮城県,仙台市青葉区,セブン－イレブン仙台三条町店,小売業,食料品,2%
宮城県,仙台市青葉区,セブン－イレブン仙台定禅寺通店,小売業,食料品,2%
宮城県,仙台市青葉区,仙台セントラルＳＳ,小売業,ガソリンスタンド,2%
宮城県,仙台市青葉区,セブン－イレブン仙台台原駅前店,小売業,食料品,2%
宮城県,仙台市青葉区,セブン－イレブン仙台高松１丁目店,小売業,食料品,2%
宮城県,仙台市青葉区,セブン－イレブン仙台中央３丁目店,小売業,食料品,2%
宮城県,仙台市青葉区,セブン－イレブン仙台中央２丁目店,小売業,食料品,2%
宮城県,仙台市青葉区,セブン－イレブン仙台中央４丁目店,小売業,食料品,2%
宮城県,仙台市青葉区,セブン－イレブン仙台通町２丁目店,小売業,食料品,2%
宮城県,仙台市青葉区,セブン－イレブン仙台中山吉成店,小売業,食料品,2%
宮城県,仙台市青葉区,セブン－イレブン仙台錦ケ丘店,小売業,食料品,2%
宮城県,仙台市青葉区,仙台の台所牡鹿半島,サービス,飲食業,5%
宮城県,仙台市青葉区,仙台バスツアーズ株式会社,サービス,その他サービス,5%
宮城県,仙台市青葉区,セブン－イレブン仙台晩翠草堂前店,小売業,食料品,2%
宮城県,仙台市青葉区,セブン－イレブン仙台広瀬町店,小売業,食料品,2%
宮城県,仙台市青葉区,セブン－イレブン仙台二日町中央店,小売業,食料品,2%
宮城県,仙台市青葉区,仙臺鳳山,サービス,飲食業,5%
宮城県,仙台市青葉区,セブン－イレブン仙台本町１丁目店,小売業,食料品,2%
宮城県,仙台市青葉区,セブン－イレブン仙台本町３丁目店,小売業,食料品,2%
宮城県,仙台市青葉区,セブン－イレブン仙台本町２丁目店,小売業,食料品,2%
宮城県,仙台市青葉区,セブン－イレブン仙台本町東二番丁通店,小売業,食料品,2%
宮城県,仙台市青葉区,セブン－イレブン仙台南吉成店,小売業,食料品,2%
宮城県,仙台市青葉区,セブン－イレブン仙台宮町店,小売業,食料品,2%
宮城県,仙台市青葉区,そば助 仙台定禅寺通り店,サービス,飲食業,5%
宮城県,仙台市青葉区,そらー宙ー,サービス,その他サービス,5%
宮城県,仙台市青葉区,Ｄａｒｔｓ Ｓｈｏｐ ＴｉＴＯ 仙台店,小売業,その他小売,5%
宮城県,仙台市青葉区,ターンアラウンド,その他業種,ー,5%
宮城県,仙台市青葉区,Ｄｉａｎａ,サービス,理容・美容業,5%
宮城県,仙台市青葉区,第一インパーク,サービス,宿泊業,5%
宮城県,仙台市青葉区,ＤｉＣＥ仙台店,サービス,その他サービス,5%
宮城県,仙台市青葉区,ダイドウエンホルモン ホルモンＹｏｎ３,サービス,飲食業,5%
宮城県,仙台市青葉区,大無限,サービス,飲食業,5%
宮城県,仙台市青葉区,太左ェ門 地酒地料理 太左ェ門,サービス,飲食業,5%
宮城県,仙台市青葉区,だし廊,サービス,飲食業,5%
宮城県,仙台市青葉区,だし廊 だし廊 ?ＮＩＢＯ?,サービス,飲食業,5%
宮城県,仙台市青葉区,辰巳庵,サービス,飲食業,5%
宮城県,仙台市青葉区,伊達路,サービス,飲食業,5%
宮城県,仙台市青葉区,伊達の牛たん本舗 エスパル店,サービス,飲食業,5%
宮城県,仙台市青葉区,伊達の牛たん本舗定禅寺通り店,サービス,飲食業,5%
宮城県,仙台市青葉区,伊達の牛たん本舗 仙台駅売店,サービス,飲食業,5%
宮城県,仙台市青葉区,伊達の牛たん本舗 仙台駅店,サービス,飲食業,5%
宮城県,仙台市青葉区,伊達の牛たん本舗 仙台ビブレ名店街店,サービス,飲食業,5%
宮城県,仙台市青葉区,伊達の牛たん本舗 藤崎名店街店,サービス,飲食業,5%
宮城県,仙台市青葉区,伊達の牛たん本舗 本店,サービス,飲食業,5%
宮城県,仙台市青葉区,伊達の牛たん本舗 三越名店街店,サービス,飲食業,5%
宮城県,仙台市青葉区,ＴａｐａｓＢｌａｎｃｏＥＤＥＮ仙台店,サービス,飲食業,5%
宮城県,仙台市青葉区,合同会社Ｗ３４Ｅ,サービス,その他サービス,5%
宮城県,仙台市青葉区,馳走亭,サービス,飲食業,5%
宮城県,仙台市青葉区,千田内装,サービス,その他サービス,5%
宮城県,仙台市青葉区,中華 謙太郎,サービス,飲食業,5%
宮城県,仙台市青葉区,中国料理 龍亭,サービス,飲食業,5%
宮城県,仙台市青葉区,中国料理燕来香,サービス,飲食業,5%
宮城県,仙台市青葉区,中国料理 東龍門 県民会館店,サービス,飲食業,5%
宮城県,仙台市青葉区,腸もみ・アロマサロン Ｒｏｓｅ ｌａｍｐ【ローズランプ】,サービス,その他サービス,5%
宮城県,仙台市青葉区,ＣｈｏＬｏｎ,サービス,飲食業,5%
宮城県,仙台市青葉区,蕎麦ＢＡＲ月うさぎ,サービス,飲食業,5%
宮城県,仙台市青葉区,Ｔｅａｒ Ｄｒｉｖｅ,サービス,理容・美容業,5%
宮城県,仙台市青葉区,ティーズ センター店,小売業,その他小売,5%
宮城県,仙台市青葉区,ＤＤ ＤＩＮＥＲ,サービス,飲食業,5%
宮城県,仙台市青葉区,ＴＢＣＦ,小売業,衣料品,5%
宮城県,仙台市青葉区,ＴＡＴ仙台店,サービス,理容・美容業,5%
宮城県,仙台市青葉区,ＤＡＹ ＯＦ ＴＨＥ ＤＥＡＤ,小売業,衣料品,5%
宮城県,仙台市青葉区,鉄板焼き・お好み焼き 可らし,サービス,飲食業,5%
宮城県,仙台市青葉区,てっぺん居酒屋ざっつ,サービス,飲食業,5%
宮城県,仙台市青葉区,デンカショップライフ,小売業,電化製品,5%
宮城県,仙台市青葉区,東北テクニカルシステムズ株式会社,サービス,その他サービス,5%
宮城県,仙台市青葉区,セブン－イレブン東北文化学園店,小売業,食料品,2%
宮城県,仙台市青葉区,トミーズバー ライブ リメンバー,サービス,飲食業,5%
宮城県,仙台市青葉区,とめ手羽 仙台駅前店,サービス,飲食業,5%
宮城県,仙台市青葉区,トヨタレンタリース仙台中央店,サービス,その他サービス,2%
宮城県,仙台市青葉区,トヨタレンタリース宮城仙台駅西口店,サービス,その他サービス,2%
宮城県,仙台市青葉区,トヨタレンタリース宮城一番町大学入口店,サービス,その他サービス,2%
宮城県,仙台市青葉区,トヨタレンタリース宮城交通局前店,サービス,その他サービス,2%
宮城県,仙台市青葉区,トヨタレンタリース宮城本町店,サービス,その他サービス,2%
宮城県,仙台市青葉区,トヨタレンタリース仙台 中央営業所,サービス,運輸業,5%
宮城県,仙台市青葉区,トヨタレンタリース宮城 交通局前店,その他業種,ー,5%
宮城県,仙台市青葉区,トヨタレンタリース宮城 本町営業所,その他業種,ー,5%
宮城県,仙台市青葉区,とらのあな 仙台店,小売業,書籍・玩具・音楽ＣＤ,5%
宮城県,仙台市青葉区,とらのあな仙台店,小売業,書籍・玩具・音楽ＣＤ,5%
宮城県,仙台市青葉区,鶏居酒屋ちらんや,サービス,飲食業,5%
宮城県,仙台市青葉区,とりっぴー 小鳥用品専門店,小売業,その他小売,5%
宮城県,仙台市青葉区,とんかつ処岩松,サービス,飲食業,5%
宮城県,仙台市青葉区,どんぐり ほぐし ストレッチラボ,サービス,その他サービス,5%
宮城県,仙台市青葉区,どんぐり整骨院 八幡本院,サービス,その他サービス,5%
宮城県,仙台市青葉区,ＮＩＮＥ ＨＡＩＲ,サービス,理容・美容業,5%
宮城県,仙台市青葉区,Ｎｉｎｅ Ｓａｇａ,サービス,飲食業,5%
宮城県,仙台市青葉区,ＮＡＧＯＭＩ ＮＯ ＨｉＴＯＴＯＫｉ,サービス,理容・美容業,5%
宮城県,仙台市青葉区,ＮＡＳＤＡＮＣＥＤＥＳＩＧＮ,その他業種,ー,5%
宮城県,仙台市青葉区,ＮａｔｕｒｅｂｅａｕｔｙＨｏｋｕ,サービス,理容・美容業,5%
宮城県,仙台市青葉区,業,小売業,貴金属・服飾品,5%
宮城県,仙台市青葉区,肉専門ワイン酒場 肉男 仙台２号（ミートマン）,サービス,飲食業,5%
宮城県,仙台市青葉区,２９８ｎｋｙ,サービス,飲食業,5%
宮城県,仙台市青葉区,二丁目酒場 総本店,サービス,飲食業,5%
宮城県,仙台市青葉区,日本料理 ｅ．,サービス,飲食業,5%
宮城県,仙台市青葉区,日本料理ゆう,サービス,飲食業,5%
宮城県,仙台市青葉区,にゃんぽんたん にゃんぽんたん,サービス,飲食業,5%
宮城県,仙台市青葉区,ＮｅｗＬａｙｌａＡｒｔＧａｌｌｅｒｙ,その他業種,ー,5%
宮城県,仙台市青葉区,布創作 おが和,小売業,その他小売,5%
宮城県,仙台市青葉区,ＮａｉｌＳａｌｏｎＲｉｅｌ,サービス,その他サービス,5%
宮城県,仙台市青葉区,ＮａｉｌＳａｌｏｎＲｉｅｌ ＮａｉｌＳａｌｏｎＲｉｅｌ,サービス,理容・美容業,5%
宮城県,仙台市青葉区,ＮＡＩＬＳ ｙａｍｙ．,サービス,その他サービス,5%
宮城県,仙台市青葉区,ＮＡＩＬＳ ｙａｍｙ,サービス,理容・美容業,5%
宮城県,仙台市青葉区,ネイルマジック仙台一番町,サービス,理容・美容業,5%
宮城県,仙台市青葉区,ネッツトヨタ宮城 吉成店,小売業,その他小売,5%
宮城県,仙台市青葉区,ネルヘン,サービス,飲食業,5%
宮城県,仙台市青葉区,ｂａｒ ＯＢＯＲＯ,サービス,飲食業,5%
宮城県,仙台市青葉区,ＢａｒＧｉｍｍｅＳｈｅｌｔｅｒ,サービス,飲食業,5%
宮城県,仙台市青葉区,Ｂａｒ響香,サービス,飲食業,5%
宮城県,仙台市青葉区,ＢＡＲＢＥＲ ＴＥＮＤＥＲ’Ｓ．,サービス,理容・美容業,5%
宮城県,仙台市青葉区,ＢＡＲ秘密結社,サービス,飲食業,5%
宮城県,仙台市青葉区,ＢＯＵＲＢＯＮ ＩＮ ＢＲＵＴＥ,サービス,飲食業,5%
宮城県,仙台市青葉区,Ｈｉ－ｓｍｉｌｅ,小売業,衣料品,5%
宮城県,仙台市青葉区,ハイドロゲン仙台店,その他業種,ー,5%
宮城県,仙台市青葉区,博多でべそ仙台店,サービス,飲食業,5%
宮城県,仙台市青葉区,函館 あかちょうちん 国分町店,サービス,飲食業,5%
宮城県,仙台市青葉区,ｂａｄａｓｓｈａｉｒｗｏｒｋｓ,サービス,理容・美容業,5%
宮城県,仙台市青葉区,ＰａｔｉｓｓｅｒｉｅｓＧｌａｃｅｓＫｉｓｅｔｅｕ,小売業,総合（非専門）,5%
宮城県,仙台市青葉区,ｓｕｋｉｙａ 一番町本店地下,小売業,その他小売,5%
宮城県,仙台市青葉区,はまねいる,サービス,理容・美容業,5%
宮城県,仙台市青葉区,ハムステッドティールーム,サービス,飲食業,5%
宮城県,仙台市青葉区,晴れの日,サービス,飲食業,5%
宮城県,仙台市青葉区,ＨＡＲＯＮＡ,サービス,理容・美容業,5%
宮城県,仙台市青葉区,晩翠亭いこい荘,サービス,宿泊業,5%
宮城県,仙台市青葉区,Ｐｅｅ－Ｋａ－Ｂｏｏ,小売業,衣料品,5%
宮城県,仙台市青葉区,Ｂｅｅ仙台,サービス,飲食業,5%
宮城県,仙台市青葉区,ひがしやま 仙台駅前店,サービス,飲食業,5%
宮城県,仙台市青葉区,東山 仙台別館,サービス,飲食業,5%
宮城県,仙台市青葉区,東山 仙台本店,サービス,飲食業,5%
宮城県,仙台市青葉区,びすとろ平,サービス,飲食業,5%
宮城県,仙台市青葉区,ビストロ逗屋,サービス,飲食業,5%
宮城県,仙台市青葉区,ビストロ布袋屋,サービス,飲食業,5%
宮城県,仙台市青葉区,びすとろぼんてん本町店,サービス,飲食業,5%
宮城県,仙台市青葉区,びっくりドンキー クリスロード店,サービス,飲食業,2%
宮城県,仙台市青葉区,びっくりドンキー クリスロード,サービス,飲食業,2%
宮城県,仙台市青葉区,日向雅之税理士事務所,サービス,その他サービス,5%
宮城県,仙台市青葉区,ＰＢ－１ 仙台２号店,小売業,衣料品,5%
宮城県,仙台市青葉区,Ｂｅａｕｔｙ ｒｏｏｍ Ｒｉｃｈｅ,サービス,その他サービス,5%
宮城県,仙台市青葉区,ｅｎＤｕｃｅ,サービス,その他サービス,5%
宮城県,仙台市青葉区,ビューティドレッセ山野愛子美容室仙台店,サービス,理容・美容業,5%
宮城県,仙台市青葉区,美容室アンジェ,サービス,理容・美容業,5%
宮城県,仙台市青葉区,広瀬窯,その他業種,ー,5%
宮城県,仙台市青葉区,広瀬窯,小売業,その他小売,5%
宮城県,仙台市青葉区,ｆａｔａｇｒａｃｅ?ＨＩＴＯＹＵＲＡＩ ３０?,サービス,理容・美容業,5%
宮城県,仙台市青葉区,ＦＡＶＩＬＩＳ仙台店,サービス,その他サービス,5%
宮城県,仙台市青葉区,ＦＡＫＥ,サービス,飲食業,5%
宮城県,仙台市青葉区,ＦＵＫＡＮＥ,小売業,衣料品,5%
宮城県,仙台市青葉区,福来寿司,サービス,飲食業,5%
宮城県,仙台市青葉区,二人静,サービス,飲食業,5%
宮城県,仙台市青葉区,ぷちまりー仙台一番町店,小売業,その他小売,5%
宮城県,仙台市青葉区,ふとんの菅野,小売業,その他小売,5%
宮城県,仙台市青葉区,プライベート個室×旬菜居酒屋 魚々ろ（ととろ） 仙台一番町店,サービス,飲食業,5%
宮城県,仙台市青葉区,フラネ,小売業,家具・調度品,5%
宮城県,仙台市青葉区,ブランドコレクション,小売業,衣料品,5%
宮城県,仙台市青葉区,ブリアント 仙台店,サービス,理容・美容業,5%
宮城県,仙台市青葉区,ｂｒｅｅｚｅｂｙｙｕｃａ,サービス,理容・美容業,5%
宮城県,仙台市青葉区,ブルスタ南吉成店,サービス,飲食業,5%
宮城県,仙台市青葉区,フレッシュフードモリヤ 落合店,小売業,食料品,5%
宮城県,仙台市青葉区,ｆｌｏｗ ｓｐａ,サービス,理容・美容業,5%
宮城県,仙台市青葉区,ｈａｉｒ ｓａｌｏｎ ＣＵＯＲＥ,サービス,理容・美容業,5%
宮城県,仙台市青葉区,ＨＡＩＲ ｆｅｌｌｏｗ【ヘアーフェロー】,サービス,理容・美容業,5%
宮城県,仙台市青葉区,Ｈａｉｒ Ｍｉｅｌ（ミエル）,サービス,理容・美容業,5%
宮城県,仙台市青葉区,ＨａｉｒＬｕｓｔ,サービス,理容・美容業,5%
宮城県,仙台市青葉区,ＨＡＩＲ＆ＭＡＫＥ Ｂｅａｕｔｙ ｏｎｅ,サービス,理容・美容業,5%
宮城県,仙台市青葉区,ｈａｉｒｓａｌｏｎＲｕｂａｎ,サービス,理容・美容業,5%
宮城県,仙台市青葉区,ｈａｉｒｍａｋｅｕｎ,サービス,理容・美容業,5%
宮城県,仙台市青葉区,ｈａｉｒｍａｋｅ ｄｅｓｉｇｎ Ａｘｅ?ｌ ｈａｉｒｍａｋｅ ｄｅｓｉｇｎ Ａｘｅ?ｌ,サービス,理容・美容業,5%
宮城県,仙台市青葉区,ｈａｉｒ ｍａｋｅ Ｈｕｐｒｏｋ（ヘア メイク ハプロック）,サービス,理容・美容業,5%
宮城県,仙台市青葉区,ＶＥＧＥＴＡ 【ベジータ】,サービス,理容・美容業,5%
宮城県,仙台市青葉区,ｐｅｓｃａ一番町店,サービス,理容・美容業,5%
宮城県,仙台市青葉区,ｐｅｓｃａ（ペスカ） 仙台駅前店,サービス,理容・美容業,5%
宮城県,仙台市青葉区,合資会社ベルツ,サービス,その他サービス,5%
宮城県,仙台市青葉区,ボークス仙台ショールーム,小売業,書籍・玩具・音楽ＣＤ,5%
宮城県,仙台市青葉区,タンブリングダイス,サービス,飲食業,5%
宮城県,仙台市青葉区,ボーリュミエール,サービス,その他サービス,5%
宮城県,仙台市青葉区,ボークス仙台ショールーム,小売業,書籍・玩具・音楽ＣＤ,5%
宮城県,仙台市青葉区,ほぐれ?る 仙台駅前店,サービス,その他サービス,5%
宮城県,仙台市青葉区,ホテル グリーンウィズ,サービス,宿泊業,5%
宮城県,仙台市青葉区,ホテル プレミアムグリーンプラス,サービス,宿泊業,5%
宮城県,仙台市青葉区,本家かまどや 定禅寺通店,サービス,その他サービス,5%
宮城県,仙台市青葉区,ぼんてん漁港上杉店,サービス,飲食業,5%
宮城県,仙台市青葉区,ぼんてん漁港勾当台店,サービス,飲食業,5%
宮城県,仙台市青葉区,ぼんてん漁港中央２丁目店,サービス,飲食業,5%
宮城県,仙台市青葉区,梵天食堂南吉成店,サービス,飲食業,5%
宮城県,仙台市青葉区,ＭＯＴＨＥＲ ＰＯＲＴ ＣＯＦＦＥＥ 東北大学院前店,サービス,飲食業,5%
宮城県,仙台市青葉区,マスターウォール仙台,小売業,家具・調度品,5%
宮城県,仙台市青葉区,まつげサロンＷＩＬＬ 仙台シリウス一番町店,サービス,理容・美容業,5%
宮城県,仙台市青葉区,丸仙カバン店,小売業,その他小売,5%
宮城県,仙台市青葉区,マルツ仙台上杉店,小売業,電化製品,5%
宮城県,仙台市青葉区,まんまのＴＯＮ ＴＯＮ,サービス,飲食業,5%
宮城県,仙台市青葉区,肉男 ＭＥＡＴＭＡＮ 仙台,サービス,飲食業,5%
宮城県,仙台市青葉区,ｍｉ ｈａｉｒ ｓｔｕｄｉｏ【ミー ヘア スタジオ】,サービス,理容・美容業,5%
宮城県,仙台市青葉区,ＭＩＳＡ ＮＯ ＥＳＴＨＥＴＩＣ,サービス,理容・美容業,5%
宮城県,仙台市青葉区,ｍｉｓｔｙ,サービス,飲食業,5%
宮城県,仙台市青葉区,ミスマリア,サービス,理容・美容業,5%
宮城県,仙台市青葉区,ミチ美容室,サービス,理容・美容業,5%
宮城県,仙台市青葉区,宮城トヨタ自動車黒松店,小売業,その他小売,5%
宮城県,仙台市青葉区,宮城トヨタ自動車仙台中央店,小売業,その他小売,5%
宮城県,仙台市青葉区,ミヤデンおおがた,小売業,電化製品,5%
宮城県,仙台市青葉区,ミヤデン八幡店,小売業,電化製品,5%
宮城県,仙台市青葉区,ｍｉｌｆｙ,サービス,理容・美容業,5%
宮城県,仙台市青葉区,メリーメリークリスマスランド,小売業,衣料品,5%
宮城県,仙台市青葉区,メリーメリークリスマスランド,小売業,その他小売,5%
宮城県,仙台市青葉区,モリタ管楽器サービス,サービス,その他サービス,5%
宮城県,仙台市青葉区,焼鳥居酒屋いせじ,サービス,飲食業,5%
宮城県,仙台市青葉区,焼肉・ホルモン かないや,サービス,飲食業,5%
宮城県,仙台市青葉区,焼肉バル 三水苑,サービス,飲食業,5%
宮城県,仙台市青葉区,焼肉屋 ローズガーデン,サービス,飲食業,5%
宮城県,仙台市青葉区,櫓茶屋 仙台東映プラザ,サービス,飲食業,5%
宮城県,仙台市青葉区,やの字,サービス,飲食業,5%
宮城県,仙台市青葉区,山形蕎麦としゃぶ鍋焔蔵トラストタワー店,サービス,飲食業,5%
宮城県,仙台市青葉区,山形蕎麦と炙りの焔蔵定禅寺店,サービス,飲食業,5%
宮城県,仙台市青葉区,やま新寿司,サービス,飲食業,5%
宮城県,仙台市青葉区,有限会社 西仙台電気,小売業,電化製品,5%
宮城県,仙台市青葉区,ＢＬＵＥ ＭＡＯ ＭＡＯ ＢＬＵＥＭＡＯＭＡＯ,小売業,その他小売,5%
宮城県,仙台市青葉区,ＹＯＵ ＳＨＯＰ黒松,小売業,その他小売,5%
宮城県,仙台市青葉区,Ｕｓｅｄ Ｇｕｉｔａｒ Ｓｈｏｐ ＦＯＯＬＳ ＧＯＬＤ,小売業,その他小売,5%
宮城県,仙台市青葉区,ゆーずどぎたーしょっぷふーるずごーるど,小売業,書籍・玩具・音楽ＣＤ,5%
宮城県,仙台市青葉区,郡山健一税理士事務所,サービス,その他サービス,5%
宮城県,仙台市青葉区,ユザワヤ 仙台駅前店,小売業,総合（非専門）,5%
宮城県,仙台市青葉区,Ｕｔａｈ,小売業,衣料品,5%
宮城県,仙台市青葉区,ユノメ家具（催事）,小売業,家具・調度品,5%
宮城県,仙台市青葉区,鷹泉閣岩松旅館,サービス,宿泊業,5%
宮城県,仙台市青葉区,養老乃瀧 上杉店,サービス,飲食業,2%
宮城県,仙台市青葉区,夜ノ森仙台,サービス,飲食業,5%
宮城県,仙台市青葉区,Ｌａ Ｓａｒｔｅｎ Ｍｏｄｅｒｎｏ ラ・サルテン・モデルノ,サービス,飲食業,5%
宮城県,仙台市青葉区,らしんばん 仙台店,小売業,その他小売,5%
宮城県,仙台市青葉区,Ｌｅｅ エスパル仙台店,小売業,衣料品,5%
宮城県,仙台市青葉区,リーガルプロフェッション,サービス,その他サービス,5%
宮城県,仙台市青葉区,Ｒｉｕｍ ｈａｉｒ ｒｅｓｏｒｔ,サービス,理容・美容業,5%
宮城県,仙台市青葉区,リカネスト 国分町店,小売業,その他小売,5%
宮城県,仙台市青葉区,利久一番町店,サービス,飲食業,5%
宮城県,仙台市青葉区,利久花京院店１Ｆ,サービス,飲食業,5%
宮城県,仙台市青葉区,利久北目町店,サービス,飲食業,5%
宮城県,仙台市青葉区,利久サンモール一番町店,サービス,飲食業,5%
宮城県,仙台市青葉区,利久中央通り店,サービス,飲食業,5%
宮城県,仙台市青葉区,利久ドン・キホーテ仙台駅前店,サービス,飲食業,5%
宮城県,仙台市青葉区,りす整体院,サービス,その他サービス,5%
宮城県,仙台市青葉区,リファーレ仙台一番町,小売業,衣料品,5%
宮城県,仙台市青葉区,ＲｅＦｅｅｌ,サービス,理容・美容業,5%
宮城県,仙台市青葉区,旅館つかさ,サービス,宿泊業,5%
宮城県,仙台市青葉区,リラクゼーション もみやん,サービス,その他サービス,5%
宮城県,仙台市青葉区,Ｒｏｏｍ,サービス,理容・美容業,5%
宮城県,仙台市青葉区,Ｒｏｏｍ,サービス,理容・美容業,5%
宮城県,仙台市青葉区,Ｒｏｏｍ－９,小売業,衣料品,5%
宮城県,仙台市青葉区,Ｒｅｇｎｏ,サービス,理容・美容業,5%
宮城県,仙台市青葉区,ｒｅｓｔａｕｒａｎｔ ｍｉｕｒａ,サービス,飲食業,5%
宮城県,仙台市青葉区,Ｌｏａ ｍｉｏ （ロア ミオ）,サービス,理容・美容業,5%
宮城県,仙台市青葉区,ロイヤルメイフラワー仙台,サービス,その他サービス,5%
宮城県,仙台市青葉区,ＬＯＳＰＺＩＯＢＩＡＮＣＯ,小売業,衣料品,5%
宮城県,仙台市青葉区,路傍,サービス,飲食業,5%
宮城県,仙台市青葉区,ロワイヤルテラッセ 旭ヶ丘店,小売業,食料品,5%
宮城県,仙台市青葉区,ワイティーショップ ワイティーショップ,小売業,その他小売,5%
宮城県,仙台市青葉区,ワインとお酒と板前バル 魚が肴,サービス,飲食業,5%
宮城県,仙台市青葉区,Ｗｉｎｅ Ｂａｒ Ｂａｌｉｃａｎｔｅ,サービス,飲食業,5%
宮城県,仙台市青葉区,ワインラウンジｃｕｖｅｅＩＴＯＵ,サービス,飲食業,5%
宮城県,仙台市青葉区,和寮 真木,サービス,飲食業,5%
宮城県,仙台市青葉区,ワンアンドオンリイ,その他業種,ー,5%
宮城県,仙台市泉区,アーバ・とうこう,小売業,電化製品,5%
宮城県,仙台市泉区,ｅｙｅｌａｓｈｓａｌｏｎａｒｒｉｅｔｔｙ,サービス,理容・美容業,5%
宮城県,仙台市泉区,Ａｇｕ ｈａｉｒ Ａｇｕ ｈａｉｒ ｔｉａｒａ泉中央,サービス,理容・美容業,5%
宮城県,仙台市泉区,Ａｇｕ ｈａｉｒ Ａｇｕ ｈａｉｒ ｓｙｌｐｈ市名坂,サービス,理容・美容業,5%
宮城県,仙台市泉区,あちゃーる あちゃーる 南インド ネパールカレーの店,サービス,飲食業,5%
宮城県,仙台市泉区,アドバンスゴルフ,小売業,総合（非専門）,5%
宮城県,仙台市泉区,アトリエウフ,小売業,食料品,5%
宮城県,仙台市泉区,有限会社イーストワークス,サービス,その他サービス,5%
宮城県,仙台市泉区,泉自動車学校,その他業種,ー,5%
宮城県,仙台市泉区,うまいもん酒場 楽笑,サービス,飲食業,5%
宮城県,仙台市泉区,英会話プライマリー 仙台泉中央校,サービス,その他サービス,5%
宮城県,仙台市泉区,ｍａｇ,小売業,衣料品,5%
宮城県,仙台市泉区,奥羽自動車学校,その他業種,ー,5%
宮城県,仙台市泉区,オートプロサクセス オートプロサクセス,サービス,その他サービス,5%
宮城県,仙台市泉区,オルトスポーツクラブ,サービス,その他サービス,5%
宮城県,仙台市泉区,オルトスポーツクラブ（売店）,サービス,その他サービス,5%
宮城県,仙台市泉区,菓匠三全 泉インター店,小売業,食料品,5%
宮城県,仙台市泉区,菓匠三全 泉中央店,小売業,食料品,5%
宮城県,仙台市泉区,菓匠三全 南光台店,小売業,食料品,5%
宮城県,仙台市泉区,カットハウス理容いこい,サービス,理容・美容業,5%
宮城県,仙台市泉区,株式会社一苺一笑 松森農場,その他業種,ー,5%
宮城県,仙台市泉区,株式会社ベーセーベージェー,小売業,衣料品,5%
宮城県,仙台市泉区,かみゆいしおん,サービス,理容・美容業,5%
宮城県,仙台市泉区,カレーハウスＣｏＣｏ壱番屋泉中央駅店,サービス,飲食業,2%
宮城県,仙台市泉区,カレーハウスＣｏＣｏ壱番屋仙台泉インター店,サービス,飲食業,2%
宮城県,仙台市泉区,河合塾マナビス泉中央校,その他業種,ー,2%
宮城県,仙台市泉区,函太郎仙台市名坂店,サービス,飲食業,5%
宮城県,仙台市泉区,牛たん炭焼利久泉中央店,サービス,飲食業,5%
宮城県,仙台市泉区,金港堂 泉パークタウン店,小売業,書籍・玩具・音楽ＣＤ,5%
宮城県,仙台市泉区,クリーニングタカノ ＧＭ桂,サービス,その他サービス,5%
宮城県,仙台市泉区,クリーニングタカノ ビッグ南光台,サービス,その他サービス,5%
宮城県,仙台市泉区,クリーニングタカノ ＹＢ南光台店,サービス,その他サービス,5%
宮城県,仙台市泉区,ｍａｇショップ,小売業,衣料品,5%
宮城県,仙台市泉区,酒の九洲黒松店,小売業,その他小売,5%
宮城県,仙台市泉区,ｓｕｓｐｅｎｄ サスペンド,サービス,理容・美容業,5%
宮城県,仙台市泉区,サロン ド シアン,サービス,その他サービス,5%
宮城県,仙台市泉区,シーガル泉バイパス店,小売業,書籍・玩具・音楽ＣＤ,5%
宮城県,仙台市泉区,ジェームス泉インターシティ店,小売業,その他小売,2%
宮城県,仙台市泉区,自然食品たんぽぽ 自然食品たんぽぽ,小売業,総合（非専門）,5%
宮城県,仙台市泉区,シバタデンキ,小売業,電化製品,5%
宮城県,仙台市泉区,しゃぶしゃぶ但馬屋ＢＲＡＮＣＨ仙台店,サービス,飲食業,5%
宮城県,仙台市泉区,新日本補聴器センター仙台泉店,小売業,その他小売,5%
宮城県,仙台市泉区,スキューバカンパニードルフィン仙台店,サービス,その他サービス,5%
宮城県,仙台市泉区,スタジオアミ 泉中央館,その他業種,ー,5%
宮城県,仙台市泉区,スタジオアミ 南中山館,その他業種,ー,5%
宮城県,仙台市泉区,セブン－イレブン仙台明石南２丁目店,小売業,食料品,2%
宮城県,仙台市泉区,セブン－イレブン仙台泉向陽台３丁目店,小売業,食料品,2%
宮城県,仙台市泉区,仙台泉整体ラボ 仙台泉整体ラボ,サービス,その他サービス,5%
宮城県,仙台市泉区,セブン－イレブン仙台泉高玉町店,小売業,食料品,2%
宮城県,仙台市泉区,セブン－イレブン仙台泉中央３丁目店,小売業,食料品,2%
宮城県,仙台市泉区,セブン－イレブン仙台泉中央２丁目店,小売業,食料品,2%
宮城県,仙台市泉区,セブン－イレブン仙台泉中央４丁目店,小売業,食料品,2%
宮城県,仙台市泉区,セブン－イレブン仙台泉本田町店,小売業,食料品,2%
宮城県,仙台市泉区,セブン－イレブン仙台泉山の寺１丁目店,小売業,食料品,2%
宮城県,仙台市泉区,セブン－イレブン仙台市名坂店,小売業,食料品,2%
宮城県,仙台市泉区,セブン－イレブン仙台黒松店,小売業,食料品,2%
宮城県,仙台市泉区,セブン－イレブン仙台将監９丁目店,小売業,食料品,2%
宮城県,仙台市泉区,仙台中華 織田屋,サービス,飲食業,5%
宮城県,仙台市泉区,セブン－イレブン仙台長命ケ丘５丁目店,小売業,食料品,2%
宮城県,仙台市泉区,セブン－イレブン仙台南光台３丁目店,小売業,食料品,2%
宮城県,仙台市泉区,セブン－イレブン仙台南光台７丁目店,小売業,食料品,2%
宮城県,仙台市泉区,セブン－イレブン仙台西田中松下店,小売業,食料品,2%
宮城県,仙台市泉区,セブン－イレブン仙台虹の丘店,小売業,食料品,2%
宮城県,仙台市泉区,セブン－イレブン仙台野村店,小売業,食料品,2%
宮城県,仙台市泉区,セブン－イレブン仙台紫山４丁目店,小売業,食料品,2%
宮城県,仙台市泉区,セブン－イレブン仙台八乙女２丁目店,小売業,食料品,2%
宮城県,仙台市泉区,せんだいワイズ会,サービス,その他サービス,5%
宮城県,仙台市泉区,ＳｏＬ Ｓｏｒｒｉｓｏ,小売業,衣料品,5%
宮城県,仙台市泉区,大黒ホルモン 泉中央店,サービス,飲食業,5%
宮城県,仙台市泉区,珠と瑞,小売業,衣料品,5%
宮城県,仙台市泉区,Ｔｅａｒ Ｄｒｉｖｅ ｂｙ Ｓａｌｔ ２,サービス,理容・美容業,5%
宮城県,仙台市泉区,ｔｏｉｔｏｉｔｏｉ,サービス,理容・美容業,5%
宮城県,仙台市泉区,トヨタレンタリース仙台長命ヶ丘店,サービス,その他サービス,2%
宮城県,仙台市泉区,トヨタレンタリース仙台八乙女店,サービス,その他サービス,2%
宮城県,仙台市泉区,トヨタレンタリース宮城泉中央駅前店,サービス,その他サービス,2%
宮城県,仙台市泉区,トヨタレンタリース仙台 長命ヶ丘営業所,サービス,運輸業,5%
宮城県,仙台市泉区,トヨタレンタリース仙台 八乙女営業所,サービス,運輸業,5%
宮城県,仙台市泉区,トヨタレンタリース宮城 泉中央駅前店,その他業種,ー,5%
宮城県,仙台市泉区,ｔｒｉｍｅｓ,サービス,その他サービス,5%
宮城県,仙台市泉区,南光台整体院,サービス,その他サービス,5%
宮城県,仙台市泉区,ニコニコレンタカ－仙台松森店,サービス,その他サービス,5%
宮城県,仙台市泉区,ネイルサロン ブレス 泉中央駅店,サービス,理容・美容業,5%
宮城県,仙台市泉区,ネッツトヨタ宮城 泉店,小売業,その他小売,5%
宮城県,仙台市泉区,Ｈｙｇｉｅｎｅ Ｓｔｏｒｅ,小売業,その他小売,5%
宮城県,仙台市泉区,博多もつ鍋 たじまや,サービス,飲食業,5%
宮城県,仙台市泉区,パソコンとスマホの窓口 デジタルサポートマイト キャラウェイ店 出張２,サービス,その他サービス,5%
宮城県,仙台市泉区,八文字屋書店,小売業,書籍・玩具・音楽ＣＤ,5%
宮城県,仙台市泉区,花乙女 京の粋 海の幸 花乙女,サービス,飲食業,5%
宮城県,仙台市泉区,パンセ 南中山本店,小売業,食料品,5%
宮城県,仙台市泉区,ＨＩＲＡＩ ＴＡＸＩ,サービス,運輸業,5%
宮城県,仙台市泉区,ブックスなにわ仙台泉店,小売業,書籍・玩具・音楽ＣＤ,5%
宮城県,仙台市泉区,歩楽人 仙台泉中央店,小売業,その他小売,5%
宮城県,仙台市泉区,ヘアーサロン コード,サービス,理容・美容業,5%
宮城県,仙台市泉区,ａｖｅｎｉｒ,サービス,理容・美容業,5%
宮城県,仙台市泉区,Ｐｌａｔｚ 泉中央 Ｈａｉｒ Ｄｒｅｓｓｉｎｇ Ｐｌａｔｚ,サービス,理容・美容業,5%
宮城県,仙台市泉区,ベルエキップ,サービス,その他サービス,5%
宮城県,仙台市泉区,星家電（家電情報システム（有））,小売業,電化製品,5%
宮城県,仙台市泉区,ホワイトローズ,サービス,理容・美容業,5%
宮城県,仙台市泉区,ぼんてん餃子酒場泉中央店,サービス,飲食業,5%
宮城県,仙台市泉区,ぼんてん漁港 泉中央店,サービス,飲食業,5%
宮城県,仙台市泉区,梵天食堂泉中央駅ビル店,サービス,飲食業,5%
宮城県,仙台市泉区,まーさんもげＳＵＮ,サービス,飲食業,5%
宮城県,仙台市泉区,まつげサロンＷＩＬＬ まつげサロンＷＩＬＬ イオンタウン仙台泉大沢店,サービス,理容・美容業,5%
宮城県,仙台市泉区,マルエス運転代行,サービス,運輸業,5%
宮城県,仙台市泉区,宮城トヨタ自動車泉店,小売業,その他小売,5%
宮城県,仙台市泉区,宮城トヨタ自動車南中山店,小売業,その他小売,5%
宮城県,仙台市泉区,宮城トヨタ自動車レクサス泉,小売業,その他小売,5%
宮城県,仙台市泉区,ミヤデン長命店,小売業,電化製品,5%
宮城県,仙台市泉区,焼肉 冷麺大同苑 仙台泉中央店,サービス,飲食業,5%
宮城県,仙台市泉区,有限会社ノダヤ,小売業,書籍・玩具・音楽ＣＤ,5%
宮城県,仙台市泉区,ユザワヤ 仙台泉パークタウン店,小売業,総合（非専門）,5%
宮城県,仙台市泉区,らー麺処豪屋 加茂店,サービス,飲食業,5%
宮城県,仙台市泉区,らかんスタジオ仙台泉中央店,サービス,その他サービス,5%
宮城県,仙台市太白区,アーバコマツ,小売業,電化製品,5%
宮城県,仙台市太白区,赤井沢? ＴＯＴＯ Ｓ赤井沢? レジ１,サービス,その他サービス,5%
宮城県,仙台市太白区,赤井沢 長町本店,小売業,その他小売,5%
宮城県,仙台市太白区,秋保交通,サービス,運輸業,5%
宮城県,仙台市太白区,Ａｇｕ ｈａｉｒ Ａｇｕ ｈａｉｒ ｐｒａｈａ長町南,サービス,理容・美容業,5%
宮城県,仙台市太白区,朝陽タクシー,サービス,運輸業,5%
宮城県,仙台市太白区,Ａｔｅｌｉｅｒ木ｇｉ,小売業,家具・調度品,5%
宮城県,仙台市太白区,石焼ステーキ贅 富沢西店,サービス,飲食業,5%
宮城県,仙台市太白区,出光中田ＳＳ,小売業,ガソリンスタンド,2%
宮城県,仙台市太白区,ｉｎａｎｎａ’ ｔｉｅｒ ｈａｉｒ ｄｅｓｉｇｎ,サービス,理容・美容業,5%
宮城県,仙台市太白区,岩沼屋,サービス,宿泊業,5%
宮城県,仙台市太白区,ＶＩＮＴＡＧＥ ＣＡＦＥ,サービス,飲食業,5%
宮城県,仙台市太白区,ＥＮＥＯＳニュー向山ＳＳ,小売業,その他小売,5%
宮城県,仙台市太白区,奥州秋保温泉蘭亭,サービス,宿泊業,5%
宮城県,仙台市太白区,ｏｓｔｅｒｉａＣｉｅｌＳｏｌｅ,サービス,飲食業,5%
宮城県,仙台市太白区,オリックスレンタカー仙台長町店,サービス,その他サービス,2%
宮城県,仙台市太白区,篝火の湯 緑水亭,サービス,宿泊業,5%
宮城県,仙台市太白区,金沢屋 名取仙南店,小売業,その他小売,5%
宮城県,仙台市太白区,Ｃａｆｅ ｎｉｊｉｎｅｃｏ,サービス,飲食業,5%
宮城県,仙台市太白区,株式会社Ｃｅｒｉｓｉｅｒ,小売業,その他小売,5%
宮城県,仙台市太白区,髪切堂ＯＮＥＷＡＹ,サービス,理容・美容業,5%
宮城県,仙台市太白区,カレーハウスＣｏＣｏ壱番屋西多賀ベガロポリス店,サービス,飲食業,2%
宮城県,仙台市太白区,河合塾マナビス長町校,その他業種,ー,2%
宮城県,仙台市太白区,河合塾マナビス長町南校,その他業種,ー,2%
宮城県,仙台市太白区,牛たん炭焼利久富沢店,サービス,飲食業,5%
宮城県,仙台市太白区,着る物処 和呉屋,小売業,衣料品,5%
宮城県,仙台市太白区,Ｃｏｏ＆ＲＩＫＵ仙台太白店,小売業,その他小売,5%
宮城県,仙台市太白区,クリーニングタカノ ＳＣ鈎取店,サービス,その他サービス,5%
宮城県,仙台市太白区,クリーニングタカノ ＹＢ山田鈎取,サービス,その他サービス,5%
宮城県,仙台市太白区,クリーニングタカノ ＹＢあすと,サービス,その他サービス,5%
宮城県,仙台市太白区,クリーニングタカノ ＹＢ太子堂,サービス,その他サービス,5%
宮城県,仙台市太白区,クリーニングタカノ ＹＢ西の平,サービス,その他サービス,5%
宮城県,仙台市太白区,珈琲＆ハンバーグ ハチヤ 長町店,サービス,飲食業,5%
宮城県,仙台市太白区,個人博タクシー,サービス,運輸業,5%
宮城県,仙台市太白区,佐藤屋旅館,サービス,宿泊業,5%
宮城県,仙台市太白区,茶寮宗園,サービス,宿泊業,5%
宮城県,仙台市太白区,澤田タクシー,サービス,運輸業,5%
宮城県,仙台市太白区,サン・マルシェ 東中田店,小売業,食料品,5%
宮城県,仙台市太白区,シーガル西多賀店,小売業,書籍・玩具・音楽ＣＤ,5%
宮城県,仙台市太白区,シーズ ヘアー,サービス,理容・美容業,5%
宮城県,仙台市太白区,Ｓｈｅ ｓ Ｈａｉｒ,サービス,理容・美容業,5%
宮城県,仙台市太白区,シーガル 西多賀店,小売業,書籍・玩具・音楽ＣＤ,5%
宮城県,仙台市太白区,シューリー,サービス,その他サービス,5%
宮城県,仙台市太白区,旬菜食健 ひな野 長町店,サービス,飲食業,5%
宮城県,仙台市太白区,セブン－イレブン仙台青山店,小売業,食料品,2%
宮城県,仙台市太白区,セブン－イレブン仙台秋保店,小売業,食料品,2%
宮城県,仙台市太白区,仙台泉崎ＳＳ,小売業,ガソリンスタンド,2%
宮城県,仙台市太白区,セブン－イレブン仙台鹿野店,小売業,食料品,2%
宮城県,仙台市太白区,セブン－イレブン仙台郡山５丁目店,小売業,食料品,2%
宮城県,仙台市太白区,セブン－イレブン仙台郡山４丁目店,小売業,食料品,2%
宮城県,仙台市太白区,セブン－イレブン仙台富沢駅東店,小売業,食料品,2%
宮城県,仙台市太白区,セブン－イレブン仙台富沢店,小売業,食料品,2%
宮城県,仙台市太白区,セブン－イレブン仙台富沢西店,小売業,食料品,2%
宮城県,仙台市太白区,セブン－イレブン仙台富沢２丁目店,小売業,食料品,2%
宮城県,仙台市太白区,セブン－イレブン仙台長町駅前店,小売業,食料品,2%
宮城県,仙台市太白区,セブンーイレブン仙台長町南４丁目店,小売業,食料品,2%
宮城県,仙台市太白区,セブン－イレブン仙台名取大橋店,小売業,食料品,2%
宮城県,仙台市太白区,セブン－イレブン仙台西多賀店,小売業,食料品,2%
宮城県,仙台市太白区,セブン－イレブン仙台東中田店,小売業,食料品,2%
宮城県,仙台市太白区,セブン－イレブン仙台袋原店,小売業,食料品,2%
宮城県,仙台市太白区,セブン－イレブン仙台ベニーランド前店,小売業,食料品,2%
宮城県,仙台市太白区,仙台ホルモン 焼肉 ときわ亭 西多賀店,小売業,食料品,5%
宮城県,仙台市太白区,セブン－イレブン仙台南病院前店,小売業,食料品,2%
宮城県,仙台市太白区,セブン－イレブン仙台茂庭台店,小売業,食料品,2%
宮城県,仙台市太白区,セブンーイレブン仙台八木山神社店,小売業,食料品,2%
宮城県,仙台市太白区,セブン－イレブン仙台八木山南店,小売業,食料品,2%
宮城県,仙台市太白区,セブン－イレブン仙台山田上ノ台町店,小売業,食料品,2%
宮城県,仙台市太白区,セブン－イレブン仙台山田店,小売業,食料品,2%
宮城県,仙台市太白区,太白カントリークラブ,サービス,その他サービス,5%
宮城県,仙台市太白区,タイヤショップ亘理ゴム,小売業,その他小売,5%
宮城県,仙台市太白区,たびのレシピ あすと長町店,サービス,その他サービス,5%
宮城県,仙台市太白区,東光電機,小売業,電化製品,5%
宮城県,仙台市太白区,ＴＯＴＯ’Ｓ赤井沢,小売業,その他小売,5%
宮城県,仙台市太白区,トヨタレンタリース仙台長町バイパス店,サービス,その他サービス,2%
宮城県,仙台市太白区,トヨタレンタリース宮城鹿野２８６店,サービス,その他サービス,2%
宮城県,仙台市太白区,トヨタレンタリース仙台 長町バイパス（営,サービス,運輸業,5%
宮城県,仙台市太白区,どんぐり整骨院 山田鈎取店,サービス,その他サービス,5%
宮城県,仙台市太白区,なごみ,小売業,その他小売,5%
宮城県,仙台市太白区,なんやかんや,サービス,飲食業,5%
宮城県,仙台市太白区,アイラッシュサロン ブレス 長町南店,サービス,理容・美容業,5%
宮城県,仙台市太白区,ネッツトヨタ宮城 長町店,小売業,その他小売,5%
宮城県,仙台市太白区,パティスリーアズロール,小売業,食料品,5%
宮城県,仙台市太白区,ＰＵＢＬＩＣ ＣＯＦＦＥＥ ＢＡＲ,サービス,飲食業,5%
宮城県,仙台市太白区,早坂 善 タクシー,サービス,運輸業,5%
宮城県,仙台市太白区,ＢＭＯ仙台西多賀店,小売業,衣料品,5%
宮城県,仙台市太白区,ひがしやま 長町駅前店,サービス,飲食業,5%
宮城県,仙台市太白区,ブランドヘアーラレオン,サービス,理容・美容業,5%
宮城県,仙台市太白区,ｈａｉｒ ｓａｌｏｎ Ｗ Ｚ,サービス,理容・美容業,5%
宮城県,仙台市太白区,ホテルニュー水戸屋,サービス,宿泊業,5%
宮城県,仙台市太白区,ＢＯＮＨＥＵＲ,サービス,理容・美容業,5%
宮城県,仙台市太白区,ほの香,サービス,飲食業,5%
宮城県,仙台市太白区,仙台ホルモン 焼肉 ときわ亭 八木山店,サービス,飲食業,5%
宮城県,仙台市太白区,ホルモン亭 西中田本店,サービス,飲食業,5%
宮城県,仙台市太白区,松ヶ丘ゴルフクラブ,サービス,その他サービス,5%
宮城県,仙台市太白区,セブンーイレブン南仙台駅前店,小売業,食料品,2%
宮城県,仙台市太白区,ｍｉｍｏｚａ,小売業,衣料品,5%
宮城県,仙台市太白区,宮城トヨタ自動車西多賀店,小売業,その他小売,5%
宮城県,仙台市太白区,宮城トヨタ自動車レクサス太白,小売業,その他小売,5%
宮城県,仙台市太白区,ミヤデン八木山店,小売業,電化製品,5%
宮城県,仙台市太白区,ヘアメイク リトルリーフ,サービス,理容・美容業,5%
宮城県,仙台市太白区,Ｍｏｔｏｒａｄａ,サービス,その他サービス,5%
宮城県,仙台市太白区,もりやま整体 もりやま整体,サービス,その他サービス,5%
宮城県,仙台市太白区,やまぐちタクシー,サービス,運輸業,5%
宮城県,仙台市太白区,らー麺処豪屋向山店,サービス,飲食業,5%
宮城県,仙台市太白区,ＬＡＶＩＥ ＥＮＲＯＢＥＲ,サービス,その他サービス,5%
宮城県,仙台市太白区,楽・食・健・美 ?ＫＵＲＯＭＯＲＩ?,サービス,飲食業,5%
宮城県,仙台市太白区,ラボ＆スタジオ アオバ,サービス,その他サービス,5%
宮城県,仙台市太白区,理容館ほんごう 理容館ほんごう,サービス,理容・美容業,5%
宮城県,仙台市太白区,レパコ富沢店,小売業,食料品,5%
宮城県,仙台市太白区,ワールドベイクドチーズケーキ,サービス,飲食業,5%
宮城県,仙台市太白区,和雑貨フォトスタジオなごみ,その他業種,ー,5%
宮城県,仙台市太白区,和雑貨 フォトスタジオ なごみ,小売業,その他小売,5%
宮城県,仙台市宮城野区,Ａｇｕ ｈａｉｒ Ａｇｕ ｈａｉｒ ｏｓｔ仙台駅東口駅前,サービス,理容・美容業,5%
宮城県,仙台市宮城野区,Ａｇｕ ｈａｉｒ Ａｇｕ ｈａｉｒ ｓｉｇｎ榴岡,サービス,理容・美容業,5%
宮城県,仙台市宮城野区,ア－バかとう,小売業,電化製品,5%
宮城県,仙台市宮城野区,居酒屋ごいち,サービス,飲食業,5%
宮城県,仙台市宮城野区,ＩＴＡＧＡＫＩ ＴＢＣハウジング,小売業,食料品,5%
宮城県,仙台市宮城野区,ＩＴＡＧＡＫＩ ＴＢＣハウジング店,小売業,食料品,5%
宮城県,仙台市宮城野区,ＩＴＡＧＡＫＩ ＴＢＣハウジン,小売業,食料品,5%
宮城県,仙台市宮城野区,ＳＢＳみやぎの 株式会社 ＳＢＳみやぎの,小売業,その他小売,5%
宮城県,仙台市宮城野区,おざき薬局壮快館,小売業,その他小売,5%
宮城県,仙台市宮城野区,カーズファクトリーワタナベ,小売業,その他小売,5%
宮城県,仙台市宮城野区,カービービーレンタカー,サービス,その他サービス,5%
宮城県,仙台市宮城野区,ｃａｆｅ ねこめ,サービス,飲食業,5%
宮城県,仙台市宮城野区,株式会社 東新機械,小売業,その他小売,5%
宮城県,仙台市宮城野区,株式会社ＭＬ東北 トライクショップ,小売業,その他小売,5%
宮城県,仙台市宮城野区,株式会社仙台介護タクシー,サービス,運輸業,5%
宮城県,仙台市宮城野区,株式会社仙台タイヤ,小売業,その他小売,5%
宮城県,仙台市宮城野区,花舗 ベルツリー 花舗 ベルツリー,小売業,その他小売,5%
宮城県,仙台市宮城野区,カレーハウスＣＯＣＯ壱番屋宮城野区鶴巻店,サービス,飲食業,2%
宮城県,仙台市宮城野区,カレーハウスＣｏＣｏ壱番屋宮城野区中野栄店,サービス,飲食業,2%
宮城県,仙台市宮城野区,カレーハウスＣＯＣＯ壱番屋ラウンドワン仙台苦竹店,サービス,飲食業,2%
宮城県,仙台市宮城野区,河合塾マナビス宮城野校,その他業種,ー,2%
宮城県,仙台市宮城野区,牛たん炭焼利久東口分店,サービス,飲食業,5%
宮城県,仙台市宮城野区,牛たん炭焼利久東口本店,サービス,飲食業,5%
宮城県,仙台市宮城野区,牛たん炭焼利久東七番丁店,サービス,飲食業,5%
宮城県,仙台市宮城野区,クラフトナイト,小売業,その他小売,5%
宮城県,仙台市宮城野区,クリーニングタカノ ＹＢ福田町,サービス,その他サービス,5%
宮城県,仙台市宮城野区,ゲストハウス梅鉢,サービス,宿泊業,5%
宮城県,仙台市宮城野区,合同会社ｃｌｏｌｅ,サービス,理容・美容業,5%
宮城県,仙台市宮城野区,コケモン,小売業,その他小売,5%
宮城県,仙台市宮城野区,ＫＯＫＯＲＯＥ,サービス,その他サービス,5%
宮城県,仙台市宮城野区,個人松澤タクシー,サービス,運輸業,5%
宮城県,仙台市宮城野区,個人 クマケータクシー,サービス,運輸業,5%
宮城県,仙台市宮城野区,個人アカマタクシー,サービス,運輸業,5%
宮城県,仙台市宮城野区,金剛堂 東北本店,小売業,家具・調度品,5%
宮城県,仙台市宮城野区,ざんま乳販宅配センター,小売業,食料品,5%
宮城県,仙台市宮城野区,四季亭竹勢,サービス,飲食業,5%
宮城県,仙台市宮城野区,至誠治療院,その他業種,ー,5%
宮城県,仙台市宮城野区,室内工房,小売業,家具・調度品,5%
宮城県,仙台市宮城野区,ｇｅｏｒｇｅ,サービス,飲食業,5%
宮城県,仙台市宮城野区,新寺ＳＳ,小売業,ガソリンスタンド,2%
宮城県,仙台市宮城野区,ストレート 仙台店,小売業,その他小売,5%
宮城県,仙台市宮城野区,炭火焼肉名門いのまた 本店,サービス,飲食業,5%
宮城県,仙台市宮城野区,セブン－イレブン仙台岩切稲荷東店,小売業,食料品,2%
宮城県,仙台市宮城野区,セブン－イレブン仙台岩切店,小売業,食料品,2%
宮城県,仙台市宮城野区,セブン－イレブン仙台岩切洞ノ口店,小売業,食料品,2%
宮城県,仙台市宮城野区,セブン－イレブン仙台駅東口店,小売業,食料品,2%
宮城県,仙台市宮城野区,セブン－イレブン仙台扇町１丁目店,小売業,食料品,2%
宮城県,仙台市宮城野区,セブン－イレブン仙台扇町４丁目店,小売業,食料品,2%
宮城県,仙台市宮城野区,セブン－イレブン仙台加茂皇神社前店,小売業,食料品,2%
宮城県,仙台市宮城野区,セブン－イレブン仙台港北店,小売業,食料品,2%
宮城県,仙台市宮城野区,セブン－イレブン仙台小鶴新田駅前店,小売業,食料品,2%
宮城県,仙台市宮城野区,セブン－イレブン仙台幸町２丁目店,小売業,食料品,2%
宮城県,仙台市宮城野区,セブン－イレブン仙台幸町４丁目店,小売業,食料品,2%
宮城県,仙台市宮城野区,セブン－イレブン仙台新港店,小売業,食料品,2%
宮城県,仙台市宮城野区,セブン－イレブン仙台新田１丁目店,小売業,食料品,2%
宮城県,仙台市宮城野区,セブン－イレブン仙台田子西店,小売業,食料品,2%
宮城県,仙台市宮城野区,セブン－イレブン仙台榴ヶ岡２丁目店,小売業,食料品,2%
宮城県,仙台市宮城野区,セブン－イレブン仙台鉄砲町店,小売業,食料品,2%
宮城県,仙台市宮城野区,仙台中野ＳＳ,小売業,ガソリンスタンド,2%
宮城県,仙台市宮城野区,セブン－イレブン仙台萩野町２丁目店,小売業,食料品,2%
宮城県,仙台市宮城野区,セブン－イレブン仙台原町５丁目店,小売業,食料品,2%
宮城県,仙台市宮城野区,セブン－イレブン仙台原町店,小売業,食料品,2%
宮城県,仙台市宮城野区,仙台日の出町ＳＳ,小売業,ガソリンスタンド,2%
宮城県,仙台市宮城野区,セブンーイレブン仙台福田町南１丁目店,小売業,食料品,2%
宮城県,仙台市宮城野区,セブン－イレブン仙台福室３丁目店,小売業,食料品,2%
宮城県,仙台市宮城野区,仙台宮城野ＳＳ,小売業,ガソリンスタンド,2%
宮城県,仙台市宮城野区,セブン－イレブン仙台宮千代１丁目店,小売業,食料品,2%
宮城県,仙台市宮城野区,創和工務店株式会社,サービス,その他サービス,5%
宮城県,仙台市宮城野区,高砂タクシー １０１号車,サービス,運輸業,5%
宮城県,仙台市宮城野区,Ｄｉｍｅｎｓｉｏｎ,小売業,その他小売,5%
宮城県,仙台市宮城野区,ドスパラ仙台店,小売業,電化製品,5%
宮城県,仙台市宮城野区,トーメスヘアー 仙台店,サービス,理容・美容業,5%
宮城県,仙台市宮城野区,トーメスヘアー 仙台店,サービス,理容・美容業,5%
宮城県,仙台市宮城野区,トヨタレンタリース仙台新幹線口店,サービス,その他サービス,2%
宮城県,仙台市宮城野区,トヨタレンタリース仙台本社,サービス,その他サービス,2%
宮城県,仙台市宮城野区,トヨタレンタリース宮城卸町店,サービス,その他サービス,2%
宮城県,仙台市宮城野区,トヨタレンタリース宮城仙台駅東口店,サービス,その他サービス,2%
宮城県,仙台市宮城野区,トヨタレンタリース宮城高砂店,サービス,その他サービス,2%
宮城県,仙台市宮城野区,トヨタレンタリース 卸町,その他業種,ー,5%
宮城県,仙台市宮城野区,トヨタレンタリ－ス仙台,その他業種,ー,5%
宮城県,仙台市宮城野区,トヨタレンタリース仙台 新幹線口営業所,サービス,運輸業,5%
宮城県,仙台市宮城野区,トヨタレンタリース仙台 本社営業所,サービス,運輸業,2%
宮城県,仙台市宮城野区,トヨタレンタリース宮城,その他業種,ー,5%
宮城県,仙台市宮城野区,トヨタレンタリース宮城日の出町バイパスト,その他業種,ー,5%
宮城県,仙台市宮城野区,Ｔｒｅｎｔｅ ｓｅｐｔ（トラントセット）,サービス,理容・美容業,5%
宮城県,仙台市宮城野区,ＮＡＧＯＭＩ,サービス,理容・美容業,5%
宮城県,仙台市宮城野区,南海部品仙台店,小売業,その他小売,5%
宮城県,仙台市宮城野区,２５ｓｐｏｒｔｓ,小売業,総合（非専門）,5%
宮城県,仙台市宮城野区,ねこめ,サービス,飲食業,5%
宮城県,仙台市宮城野区,ネッツトヨタ宮城 扇町店,小売業,その他小売,5%
宮城県,仙台市宮城野区,バーバーショップキング,サービス,理容・美容業,5%
宮城県,仙台市宮城野区,パンセ 福室本店,小売業,食料品,5%
宮城県,仙台市宮城野区,ＢＩオフィス,その他業種,ー,5%
宮城県,仙台市宮城野区,セブン－イレブン東仙台１丁目店,小売業,食料品,2%
宮城県,仙台市宮城野区,びすとろぼんてん仙台東口店,サービス,飲食業,5%
宮城県,仙台市宮城野区,ｅｎＤｕｃｅ ＥＡＳＴ,サービス,その他サービス,5%
宮城県,仙台市宮城野区,美容室 理容室ｋａｆｕｕ,サービス,理容・美容業,5%
宮城県,仙台市宮城野区,ｆｉｒｓｔ 東仙台,サービス,理容・美容業,5%
宮城県,仙台市宮城野区,ＦＥＲＧＩＥ?ＣｙＣＬＥ,小売業,その他小売,5%
宮城県,仙台市宮城野区,ファクトリーギア仙台店,小売業,その他小売,5%
宮城県,仙台市宮城野区,ｈｏｏｒａｙ,サービス,理容・美容業,5%
宮城県,仙台市宮城野区,ぷちショップ あおやま ぷちショップあおやま 青山酒店,小売業,その他小売,5%
宮城県,仙台市宮城野区,歩楽人 仙台駅東口店,小売業,その他小売,5%
宮城県,仙台市宮城野区,Ｈａｉｒ Ｄｅｓｉｇｎ Ａｎｇｅｌｏ,サービス,理容・美容業,5%
宮城県,仙台市宮城野区,Ｈａｉｒ Ｄｅｓｉｇｎ Ａｎｇｅｌｏ ｃａｆｅ,サービス,理容・美容業,5%
宮城県,仙台市宮城野区,ヘアペッピーノ,サービス,理容・美容業,5%
宮城県,仙台市宮城野区,ホルモン亭福田町南店,サービス,飲食業,5%
宮城県,仙台市宮城野区,ぼんてん漁港苦竹店,サービス,飲食業,5%
宮城県,仙台市宮城野区,梵天食堂中野栄店,サービス,飲食業,5%
宮城県,仙台市宮城野区,まつげサロンＷＩＬＬ まつげサロンＷＩＬＬ 仙台東口店,サービス,理容・美容業,5%
宮城県,仙台市宮城野区,Ｍａｒｉｅ ｊｏｓｅｐｈｅ Ａ ｇａｒｄｅｎ,小売業,衣料品,5%
宮城県,仙台市宮城野区,ミートショップサトウ ミートショップサトウ,小売業,食料品,5%
宮城県,仙台市宮城野区,宮城トヨタ自動車ハイブリッドプラザ扇町,小売業,その他小売,5%
宮城県,仙台市宮城野区,宮城トヨタ自動車ハイブリッドプラザ日の出,小売業,その他小売,5%
宮城県,仙台市宮城野区,妙法産業株式会社,サービス,その他サービス,5%
宮城県,仙台市宮城野区,ｍａｉｎ ｓｏｕｎｄ ｐｒｏｊｅｃｔ,小売業,その他小売,5%
宮城県,仙台市宮城野区,メディアハウスレモン,サービス,その他サービス,5%
宮城県,仙台市宮城野区,ＭＯＴＴＯ,サービス,その他サービス,5%
宮城県,仙台市宮城野区,杜の味土心,サービス,飲食業,5%
宮城県,仙台市宮城野区,ユナイテットサービス,サービス,その他サービス,5%
宮城県,仙台市宮城野区,ユノメ家具Ｚ 福田町店,小売業,家具・調度品,5%
宮城県,仙台市宮城野区,ＬＩＦＥＳＰＯＲＴＳ,その他業種,ー,5%
宮城県,仙台市宮城野区,アロッズ,小売業,その他小売,5%
宮城県,仙台市宮城野区,ＬＵＣＥ ｈａｉｒ ｄｅｓｉｇｎ,サービス,理容・美容業,5%
宮城県,仙台市若林区,赤井沢 大和町店,小売業,その他小売,5%
宮城県,仙台市若林区,赤井沢 六丁の目店,小売業,その他小売,5%
宮城県,仙台市若林区,東電気商会,小売業,電化製品,5%
宮城県,仙台市若林区,アーバ・おおはし,小売業,電化製品,5%
宮城県,仙台市若林区,出光南小泉ＳＳ,小売業,ガソリンスタンド,2%
宮城県,仙台市若林区,エコカーレンタカー仙台長町店,サービス,その他サービス,5%
宮城県,仙台市若林区,遠藤自動車塗装,サービス,その他サービス,5%
宮城県,仙台市若林区,オリックスレンタカー仙台卸町東店,サービス,その他サービス,2%
宮城県,仙台市若林区,オリックスレンタカー仙台六丁の目店,サービス,その他サービス,2%
宮城県,仙台市若林区,菓子工房ブルームーン,サービス,飲食業,5%
宮城県,仙台市若林区,菓匠三全 卸町本店,小売業,食料品,5%
宮城県,仙台市若林区,株 リーデックス 株式会社リーデックス,小売業,その他小売,5%
宮城県,仙台市若林区,カフェＬＡＣＩＤＥＭ ＴＯＫＯ?ＴＯＫＯ カフェ ＬＡＣＩＤＥＭ ＴＯＫＯ?ＴＯＫＯ,サービス,飲食業,5%
宮城県,仙台市若林区,株式会社クールマイン,小売業,書籍・玩具・音楽ＣＤ,5%
宮城県,仙台市若林区,株式会社グッド ワーク ブーツ,小売業,食料品,5%
宮城県,仙台市若林区,株式会社武田魚店,小売業,食料品,5%
宮城県,仙台市若林区,株式会社永勘染工場,その他業種,ー,5%
宮城県,仙台市若林区,株式会社北欧,小売業,家具・調度品,5%
宮城県,仙台市若林区,株 リュミヌー珈琲 リュミヌー珈琲,サービス,飲食業,5%
宮城県,仙台市若林区,株式会社若松自動車商会 六丁の目店,小売業,その他小売,5%
宮城県,仙台市若林区,髪のココロ,サービス,理容・美容業,5%
宮城県,仙台市若林区,唐揚亭 唐揚亭,サービス,飲食業,5%
宮城県,仙台市若林区,ｃａｌｍｅ,サービス,理容・美容業,5%
宮城県,仙台市若林区,カレーハウスＣｏＣｏ壱番屋若林区大和町店,サービス,飲食業,2%
宮城県,仙台市若林区,河合塾マナビス仙台大和町校,その他業種,ー,2%
宮城県,仙台市若林区,牛たん炭焼利久大和町店,サービス,飲食業,5%
宮城県,仙台市若林区,くすりのけんこう堂,小売業,その他小売,5%
宮城県,仙台市若林区,クリーニングタカノ ＹＢ遠見塚店,サービス,その他サービス,5%
宮城県,仙台市若林区,クリーニングタカノ ＹＢ六丁の目,サービス,その他サービス,5%
宮城県,仙台市若林区,ＣＬＥＶＥＲ,小売業,衣料品,5%
宮城県,仙台市若林区,ＣＲＯＳＳ美容室 ｃｒｏｓｓ美容室,サービス,理容・美容業,5%
宮城県,仙台市若林区,けやきタクシー けやき交通 １３９,サービス,運輸業,5%
宮城県,仙台市若林区,ｓｕｒｆ＆ｃａｆｅ ＦＲＡＮＫ,小売業,その他小売,5%
宮城県,仙台市若林区,酒処かどっこ,サービス,飲食業,5%
宮城県,仙台市若林区,ＳａｌｏｎｄｅＣｏＣｏ．,サービス,理容・美容業,5%
宮城県,仙台市若林区,三水苑東口店にごう,サービス,飲食業,5%
宮城県,仙台市若林区,ＣＨＰ仙台,小売業,その他小売,5%
宮城県,仙台市若林区,シーガル大和町店,小売業,書籍・玩具・音楽ＣＤ,5%
宮城県,仙台市若林区,ジェームス六丁の目店,小売業,その他小売,2%
宮城県,仙台市若林区,しかのや しかのや,小売業,衣料品,5%
宮城県,仙台市若林区,シーガル 大和町店,小売業,書籍・玩具・音楽ＣＤ,5%
宮城県,仙台市若林区,刺繍ギフト工房,小売業,衣料品,5%
宮城県,仙台市若林区,じてんしゃ村,小売業,その他小売,5%
宮城県,仙台市若林区,Ｓｈｏｅｓ Ｃｌｏｔｈｅｓ Ｐ Ｐ,小売業,衣料品,5%
宮城県,仙台市若林区,末廣寿司,サービス,飲食業,5%
宮城県,仙台市若林区,スパークコーヒーロースターズ,サービス,飲食業,5%
宮城県,仙台市若林区,生鮮専果ＳＨＯＪＩ,小売業,食料品,5%
宮城県,仙台市若林区,Ｚａｙｔｏｏｎ,サービス,飲食業,5%
宮城県,仙台市若林区,仙台荒井ＳＳ,小売業,ガソリンスタンド,2%
宮城県,仙台市若林区,セブン－イレブン仙台荒井梅ノ木店,小売業,食料品,2%
宮城県,仙台市若林区,仙台荒井セルフＳＳ,小売業,ガソリンスタンド,2%
宮城県,仙台市若林区,セブン－イレブン仙台荒町店,小売業,食料品,2%
宮城県,仙台市若林区,セブン－イレブン仙台一高前店,小売業,食料品,2%
宮城県,仙台市若林区,セブン－イレブン仙台沖野店,小売業,食料品,2%
宮城県,仙台市若林区,セブン－イレブン仙台卸町１丁目店,小売業,食料品,2%
宮城県,仙台市若林区,セブン－イレブン仙台蒲町店,小売業,食料品,2%
宮城県,仙台市若林区,セブン－イレブン仙台上飯田店,小売業,食料品,2%
宮城県,仙台市若林区,セブン－イレブン仙台河原町店,小売業,食料品,2%
宮城県,仙台市若林区,セブン－イレブン仙台白萩町店,小売業,食料品,2%
宮城県,仙台市若林区,セブン－イレブン仙台新寺１丁目店,小売業,食料品,2%
宮城県,仙台市若林区,セブン－イレブン仙台土樋店,小売業,食料品,2%
宮城県,仙台市若林区,セブン－イレブン仙台遠見塚３丁目店,小売業,食料品,2%
宮城県,仙台市若林区,セブン－イレブン仙台南小泉１丁目店,小売業,食料品,2%
宮城県,仙台市若林区,セブン－イレブン仙台大和町５丁目店,小売業,食料品,2%
宮城県,仙台市若林区,セブン－イレブン仙台大和町２丁目店,小売業,食料品,2%
宮城県,仙台市若林区,セブン－イレブン仙台大和町４丁目店,小売業,食料品,2%
宮城県,仙台市若林区,セブン－イレブン仙台六丁の目駅前店,小売業,食料品,2%
宮城県,仙台市若林区,セブン－イレブン仙台六丁の目北町店,小売業,食料品,2%
宮城県,仙台市若林区,セブン－イレブン仙台六丁の目中町店,小売業,食料品,2%
宮城県,仙台市若林区,セブン－イレブン仙台六丁の目東店,小売業,食料品,2%
宮城県,仙台市若林区,セブン－イレブン仙台若林３丁目店,小売業,食料品,2%
宮城県,仙台市若林区,伊達の牛たん本舗 東インター店,サービス,飲食業,5%
宮城県,仙台市若林区,ＣｈｉｃｋａｄｅｅａｎｄＨＯＭＥ,小売業,家具・調度品,5%
宮城県,仙台市若林区,ｔｅｔ．ｎａｉｌ,サービス,理容・美容業,5%
宮城県,仙台市若林区,Ｔｕｌａ．ａｒｏｍａｈｅａｌｉｎｇｓａｌｏｎ＆ｙｏｇａ．,サービス,理容・美容業,5%
宮城県,仙台市若林区,ｔｏｋｉｔｏｈａｉｒ,サービス,理容・美容業,5%
宮城県,仙台市若林区,トヨタレンタリース仙台 愛宕橋駅前店,サービス,その他サービス,2%
宮城県,仙台市若林区,花ぼうず,小売業,その他小売,5%
宮城県,仙台市若林区,ｐａｐｉｌｌｏｎ,サービス,理容・美容業,5%
宮城県,仙台市若林区,はり灸治療院そら,サービス,理容・美容業,5%
宮城県,仙台市若林区,パンセ 遠見塚本店,小売業,食料品,5%
宮城県,仙台市若林区,バンビの森,サービス,理容・美容業,5%
宮城県,仙台市若林区,ビストロプルニエ ビストロプルニエ,サービス,飲食業,5%
宮城県,仙台市若林区,Ｆｒｅｅ Ｐｏｉｎｔ Ｍｏｔｏｒｃｙｃｌｅ Ｓｈｏｐ,小売業,その他小売,5%
宮城県,仙台市若林区,ヘアークラブ ボーイズ ビー,サービス,理容・美容業,5%
宮城県,仙台市若林区,ｈｏｓｔｅｌｋｉｋｏ,サービス,宿泊業,5%
宮城県,仙台市若林区,梵天食堂六丁の目店,サービス,飲食業,5%
宮城県,仙台市若林区,マルワ電気 仙台店,小売業,電化製品,5%
宮城県,仙台市若林区,宮城トヨタ自動車若林店,小売業,その他小売,5%
宮城県,仙台市若林区,ミヤデンとうほく,小売業,電化製品,5%
宮城県,仙台市若林区,アリエス,サービス,理容・美容業,5%
宮城県,仙台市若林区,模型処 鹿野屋,小売業,書籍・玩具・音楽ＣＤ,5%
宮城県,仙台市若林区,焼き鳥居酒屋 いとこんち,サービス,飲食業,5%
宮城県,仙台市若林区,やみつきホルモン利久仙台ＧＩＧＳ荒井店,サービス,飲食業,5%
宮城県,仙台市若林区,油井電気商会,小売業,電化製品,5%
宮城県,仙台市若林区,有限会社太陽電化センター,小売業,電化製品,5%
宮城県,仙台市若林区,有限会社東部宅配センター,小売業,食料品,5%
宮城県,仙台市若林区,らかんスタジオ仙台東店,サービス,その他サービス,5%
宮城県,仙台市若林区,レイジー,小売業,衣料品,5%
宮城県,多賀城市,ＲＳＫ,その他業種,ー,5%
宮城県,多賀城市,Ａｇｕ ｈａｉｒ Ａｇｕ ｈａｉｒ ｍｕｓｅ多賀城,サービス,理容・美容業,5%
宮城県,多賀城市,Ａｇｕ ｈａｉｒ Ａｇｕ ｈａｉｒ ｆｉｎｏ国府多賀城,サービス,理容・美容業,5%
宮城県,多賀城市,アーバ・おおいずみ,小売業,電化製品,5%
宮城県,多賀城市,大代ＳＳ,小売業,ガソリンスタンド,2%
宮城県,多賀城市,オートメディカル,サービス,その他サービス,5%
宮城県,多賀城市,Ｃｏｏ＆ＲＩＫＵ多賀城店,小売業,その他小売,5%
宮城県,多賀城市,クリーニングタカノ ＹＢ多賀城,サービス,その他サービス,5%
宮城県,多賀城市,ケムリノアブサン ケムリノアブサン,サービス,飲食業,5%
宮城県,多賀城市,米粉パントゥット,小売業,食料品,5%
宮城県,多賀城市,ＣＩＥＬＯ,サービス,理容・美容業,5%
宮城県,多賀城市,スタジオアミ 多賀城館,その他業種,ー,5%
宮城県,多賀城市,セルフ多賀城ＳＳ,小売業,ガソリンスタンド,2%
宮城県,多賀城市,セブン－イレブン多賀城大代５丁目店,小売業,食料品,2%
宮城県,多賀城市,セブン－イレブン多賀城笠神４丁目店,小売業,食料品,2%
宮城県,多賀城市,セブン－イレブン多賀城下馬店,小売業,食料品,2%
宮城県,多賀城市,セブン－イレブン多賀城高橋店,小売業,食料品,2%
宮城県,多賀城市,セブン－イレブン多賀城中央３丁目店,小売業,食料品,2%
宮城県,多賀城市,セブン－イレブン多賀城中央２丁目店,小売業,食料品,2%
宮城県,多賀城市,セブン－イレブン多賀城新田店,小売業,食料品,2%
宮城県,多賀城市,セブン－イレブン多賀城町前店,小売業,食料品,2%
宮城県,多賀城市,セブン－イレブン多賀城八幡３丁目店,小売業,食料品,2%
宮城県,多賀城市,ｂａｒｂｅｒ ＴＡＫＡＧＩ,サービス,理容・美容業,5%
宮城県,多賀城市,びっくりドンキー 多賀城店,サービス,飲食業,2%
宮城県,多賀城市,美容室Ｌｏｔｕｓ,サービス,理容・美容業,5%
宮城県,多賀城市,ファソン・ドゥ・ドイ,小売業,食料品,5%
宮城県,多賀城市,プレミアイン仙台多賀城,サービス,宿泊業,5%
宮城県,多賀城市,宮城トヨタ自動車多賀城店,小売業,その他小売,5%
宮城県,多賀城市,ユーカーショップ ビックチャンス,小売業,その他小売,5%
宮城県,多賀城市,有限会社プラス・ワン,サービス,その他サービス,5%
宮城県,多賀城市,有 吉田モータース,小売業,その他小売,5%
宮城県,多賀城市,祐文堂,小売業,家具・調度品,5%
宮城県,多賀城市,利久多賀城店,サービス,飲食業,5%
宮城県,富谷市,明石台動物病院,サービス,その他サービス,5%
宮城県,富谷市,アクアカイロプラクティック,サービス,その他サービス,5%
宮城県,富谷市,アクアカイロプラクティック,サービス,理容・美容業,5%
宮城県,富谷市,Ａｇｕ ｈａｉｒ Ａｇｕ ｈａｉｒ ｎｉｃｏｌ富谷町,サービス,理容・美容業,5%
宮城県,富谷市,アスタリスク,サービス,その他サービス,5%
宮城県,富谷市,アトリエゾーク,サービス,理容・美容業,5%
宮城県,富谷市,アーバさとう富谷店,小売業,電化製品,5%
宮城県,富谷市,アペテラ,小売業,家具・調度品,5%
宮城県,富谷市,居酒屋竹鳥物語,サービス,飲食業,5%
宮城県,富谷市,石焼ステーキ贅 宮城明石台店,サービス,飲食業,5%
宮城県,富谷市,キャナリイ・ロウ富谷店,サービス,飲食業,5%
宮城県,富谷市,牛たん炭焼利久富谷あけの平店,サービス,飲食業,5%
宮城県,富谷市,タカラ米穀 タカラ米穀,小売業,食料品,5%
宮城県,富谷市,天使のカート,小売業,その他小売,5%
宮城県,富谷市,ときわ・ガッツ富谷店,サービス,飲食業,5%
宮城県,富谷市,セブン－イレブン富谷明石台６丁目店,小売業,食料品,2%
宮城県,富谷市,富谷ＳＳ,小売業,ガソリンスタンド,2%
宮城県,富谷市,セブン－イレブン富谷上桜木店,小売業,食料品,2%
宮城県,富谷市,セブン－イレブン富谷清水仲店,小売業,食料品,2%
宮城県,富谷市,セブン－イレブン富谷太子堂店,小売業,食料品,2%
宮城県,富谷市,セブン－イレブン富谷鷹乃杜４丁目店,小売業,食料品,2%
宮城県,富谷市,セブン－イレブン富谷とちの木店,小売業,食料品,2%
宮城県,富谷市,セブン－イレブン富谷成田４丁目店,小売業,食料品,2%
宮城県,富谷市,富谷バイパスＳＳ,小売業,ガソリンスタンド,2%
宮城県,富谷市,パンセ 富谷本店,小売業,食料品,5%
宮城県,富谷市,ＨＥＡＬＩＮＧ ＧＡＲＤＥＮ ＰＬＡＣＥ ＣＨＥＥＳＥ ＣＡＫＥ ＣＡＦＥ ＭＡＧＹ,サービス,飲食業,5%
宮城県,富谷市,マクドナルド明石台店,サービス,飲食業,2%
宮城県,富谷市,マクドナルドイオンモール富谷店,サービス,飲食業,2%
宮城県,富谷市,セブン－イレブン宮城富谷店,小売業,食料品,2%
宮城県,富谷市,ミヤデン富谷,小売業,電化製品,5%
宮城県,富谷市,ＭＯＴＯＴＥＣ－Ｒ４,サービス,その他サービス,5%
宮城県,富谷市,ＭＯＴＯＴＥＣ?Ｒ４ ＭＯＴＯＴＥＣ Ｒ４,小売業,その他小売,5%
宮城県,富谷市,焼肉城苑,サービス,飲食業,5%
宮城県,登米市,アーバ・あべ,小売業,電化製品,5%
宮城県,登米市,あいこう整体院,サービス,その他サービス,5%
宮城県,登米市,Ａｇｕ ｈａｉｒ Ａｇｕ ｈａｉｒ ｓｈａｌｌ登米佐沼,サービス,理容・美容業,5%
宮城県,登米市,セブン－イレブン石越駅前店,小売業,食料品,2%
宮城県,登米市,石森ＳＳ,小売業,ガソリンスタンド,2%
宮城県,登米市,出光登米ＳＳ,小売業,ガソリンスタンド,2%
宮城県,登米市,出光新田ＳＳ,小売業,ガソリンスタンド,2%
宮城県,登米市,上沼,小売業,ガソリンスタンド,2%
宮城県,登米市,ウジエスーパー佐沼本店,小売業,食料品,5%
宮城県,登米市,ウジエスーパー登米店,小売業,食料品,5%
宮城県,登米市,ウジエスーパー中田店,小売業,食料品,5%
宮城県,登米市,ウジエスーパー中津山店,小売業,食料品,5%
宮城県,登米市,ウジエスーパー南方店,小売業,食料品,5%
宮城県,登米市,ウジエスーパー南佐沼店,小売業,食料品,5%
宮城県,登米市,うまい登米っこ 欒や,サービス,飲食業,5%
宮城県,登米市,海老喜商店,小売業,食料品,5%
宮城県,登米市,エルショップ あさひ,小売業,電化製品,5%
宮城県,登米市,おいかわ生花,小売業,その他小売,5%
宮城県,登米市,ｏｉｄｉｏ,サービス,その他サービス,5%
宮城県,登米市,大網ＳＳ,小売業,ガソリンスタンド,2%
宮城県,登米市,株式会社東日トラベル 佐沼支店,サービス,その他サービス,5%
宮城県,登米市,出光上沼ＳＳ,小売業,ガソリンスタンド,2%
宮城県,登米市,熊谷燃料住設 １,小売業,その他小売,5%
宮城県,登米市,クラフトショップ もくもくハウス,小売業,その他小売,5%
宮城県,登米市,グリ―ンランド南方ＳＳ,小売業,ガソリンスタンド,2%
宮城県,登米市,ＡＥ有限会社 桑原本店,小売業,その他小売,5%
宮城県,登米市,佐沼ＳＳ,小売業,ガソリンスタンド,2%
宮城県,登米市,佐沼ＳＳ,小売業,ガソリンスタンド,2%
宮城県,登米市,セブン－イレブン佐沼梅ノ木店,小売業,食料品,2%
宮城県,登米市,佐沼自動車学校,その他業種,ー,5%
宮城県,登米市,サンサン佐沼ＳＳ 真柄油脂店,小売業,ガソリンスタンド,2%
宮城県,登米市,Ｇｉｏ Ｇｌｏｂａｌ Ｓｅｎｄａｉ,小売業,その他小売,5%
宮城県,登米市,宍戸石材,小売業,その他小売,5%
宮城県,登米市,セルフ佐沼ＳＳ,小売業,ガソリンスタンド,2%
宮城県,登米市,セルフステーション米山南,小売業,ガソリンスタンド,2%
宮城県,登米市,高周,小売業,電化製品,5%
宮城県,登米市,タカハシ住建,サービス,その他サービス,5%
宮城県,登米市,千葉恵米穀店,小売業,食料品,5%
宮城県,登米市,津山 ＳＳ,小売業,ガソリンスタンド,2%
宮城県,登米市,デンキステーション,小売業,電化製品,5%
宮城県,登米市,ＴｏｔａｌｂｏｄｙｃｏｎｄｉｔｉｏｎｉｎｇＣＯＲＥ,その他業種,ー,5%
宮城県,登米市,セブン－イレブン登米東和町米谷店,小売業,食料品,2%
宮城県,登米市,セブン－イレブン登米中田町宝江店,小売業,食料品,2%
宮城県,登米市,セブン－イレブン登米迫森店,小売業,食料品,2%
宮城県,登米市,豊里ＳＳ,小売業,ガソリンスタンド,2%
宮城県,登米市,中田ＳＳ,小売業,ガソリンスタンド,2%
宮城県,登米市,中田ＳＳ,小売業,ガソリンスタンド,2%
宮城県,登米市,セブン－イレブン中田町加賀野店,小売業,食料品,2%
宮城県,登米市,バースディ・イブ,その他業種,ー,5%
宮城県,登米市,萩洗,小売業,ガソリンスタンド,2%
宮城県,登米市,迫ＳＳ,小売業,ガソリンスタンド,2%
宮城県,登米市,畠山電気商会,小売業,電化製品,5%
宮城県,登米市,ブックマーケット 佐沼店,小売業,書籍・玩具・音楽ＣＤ,5%
宮城県,登米市,フルセイルコーヒーイオンタウン佐沼店,サービス,飲食業,5%
宮城県,登米市,フレッシュストアーささき,小売業,総合（非専門）,5%
宮城県,登米市,フロンティア豊里,小売業,ガソリンスタンド,2%
宮城県,登米市,ヘアーサロン ユーズ ヘアーサロン ユーズ,サービス,理容・美容業,5%
宮城県,登米市,ヘアーサロン・ユーズ,サービス,理容・美容業,5%
宮城県,登米市,マクドナルド佐沼店,サービス,飲食業,2%
宮城県,登米市,水の里通りＳＳ,小売業,ガソリンスタンド,2%
宮城県,登米市,南方ＳＳ,小売業,ガソリンスタンド,2%
宮城県,登米市,セブン－イレブン南方瀬ノ渕店,小売業,食料品,2%
宮城県,登米市,宮城トヨタ自動車佐沼店,小売業,その他小売,5%
宮城県,登米市,セブン－イレブン宮城登米町店,小売業,食料品,2%
宮城県,登米市,みんなのカフェ ｔｅｔｏｔｅ,サービス,飲食業,5%
宮城県,登米市,有限会社 きよの清掃センター,サービス,その他サービス,5%
宮城県,登米市,米山ＳＳ 千葉秀商店,小売業,ガソリンスタンド,2%
宮城県,登米市,セブン－イレブン米山中津山店,小売業,食料品,2%
宮城県,登米市,リーフ舟橋ＳＳ,小売業,ガソリンスタンド,2%
宮城県,名取市,Ａｇｕ ｈａｉｒ Ａｇｕ ｈａｉｒ ｓｕｎｎｙ美田園,サービス,運輸業,5%
宮城県,名取市,Ａｇｕ ｈａｉｒ Ａｇｕ ｈａｉｒ ｓｕｎｎｙ美田園,サービス,理容・美容業,5%
宮城県,名取市,アンドモア イオンモール名取店,小売業,貴金属・服飾品,5%
宮城県,名取市,Ｗａｓｈ ｇｏ,サービス,理容・美容業,5%
宮城県,名取市,Ｎ４Ｈａｉｒ,サービス,理容・美容業,5%
宮城県,名取市,えびす整体 名取店 【エビスセイ,サービス,その他サービス,5%
宮城県,名取市,遠藤自動車工業,サービス,その他サービス,5%
宮城県,名取市,大村電気商会,小売業,電化製品,5%
宮城県,名取市,カカポベーカリー,サービス,飲食業,5%
宮城県,名取市,菓匠三全 イオンモール名取店,小売業,食料品,5%
宮城県,名取市,菓匠三全 仙台南インター店,小売業,食料品,5%
宮城県,名取市,カレー 糀Ｄｉｎｉｎｇ 空とぶぞう,サービス,飲食業,5%
宮城県,名取市,喜久水庵ＮＡＧＯＭＩ名取店,小売業,食料品,5%
宮城県,名取市,ＫＩＳＥＩ名取店,サービス,理容・美容業,5%
宮城県,名取市,牛たん炭焼利久岩沼店,サービス,飲食業,5%
宮城県,名取市,牛たん炭焼利久名取店,サービス,飲食業,5%
宮城県,名取市,蔵タ家,サービス,飲食業,5%
宮城県,名取市,クリーニングタカノ イトー名取,サービス,その他サービス,5%
宮城県,名取市,幸洋電器,小売業,電化製品,5%
宮城県,名取市,佐々直 かわまちてらす閖上店,小売業,食料品,5%
宮城県,名取市,シーガル名取店,小売業,書籍・玩具・音楽ＣＤ,5%
宮城県,名取市,シーガル 名取店,小売業,書籍・玩具・音楽ＣＤ,5%
宮城県,名取市,システム・エーアイ,サービス,その他サービス,5%
宮城県,名取市,旬菜ダイニング Ｋｉｔｃｈｅｎ比呂,サービス,飲食業,5%
宮城県,名取市,スター引越センター仙台支店／２,サービス,運輸業,5%
宮城県,名取市,スリーエス・ロックサービス,サービス,その他サービス,5%
宮城県,名取市,仙台中京医薬品,サービス,その他サービス,2%
宮城県,名取市,仙台南インターＳＳ,小売業,ガソリンスタンド,2%
宮城県,名取市,仙台ゆりが丘マリア－ジュ・アン・ヴィラ,サービス,その他サービス,5%
宮城県,名取市,タイヤナビ,小売業,その他小売,5%
宮城県,名取市,ダブルストーン空港店,小売業,衣料品,5%
宮城県,名取市,ｃｈａｉｒ ｃｒａｆｔ 真,サービス,その他サービス,5%
宮城県,名取市,ＤＰＬＵＳ,サービス,理容・美容業,5%
宮城県,名取市,東北ユニックス,サービス,その他サービス,5%
宮城県,名取市,トヨタレンタリース仙台名取店,サービス,その他サービス,2%
宮城県,名取市,トヨタレンタリース宮城名取駅前店,サービス,その他サービス,2%
宮城県,名取市,トヨタレンタリース宮城 名取駅前店,その他業種,ー,5%
宮城県,名取市,ナイツブリッジ,小売業,食料品,5%
宮城県,名取市,セブン－イレブン名取飯野坂店,小売業,食料品,2%
宮城県,名取市,名取砂金ＳＳ,小売業,ガソリンスタンド,2%
宮城県,名取市,セブン－イレブン名取大手町４丁目店,小売業,食料品,2%
宮城県,名取市,セブン－イレブン名取北高前店,小売業,食料品,2%
宮城県,名取市,セブン－イレブン名取下増田店,小売業,食料品,2%
宮城県,名取市,セブン－イレブン名取関下店,小売業,食料品,2%
宮城県,名取市,セブン－イレブン名取館腰駅前店,小売業,食料品,2%
宮城県,名取市,セブン－イレブン名取手倉田店,小売業,食料品,2%
宮城県,名取市,セブン－イレブン名取本郷店,小売業,食料品,2%
宮城県,名取市,セブン－イレブン名取増田８丁目店,小売業,食料品,2%
宮城県,名取市,セブン－イレブン名取みどり台店,小売業,食料品,2%
宮城県,名取市,ネッツトヨタ宮城 ハイブリッドプラザ名取,小売業,その他小売,5%
宮城県,名取市,ＢＡＲ ＢＥＲ ＳＨＥＡＲ,サービス,理容・美容業,5%
宮城県,名取市,花屋 ａｔｅｌｉｅｒ ｅｆｈｏｌｅ,小売業,その他小売,5%
宮城県,名取市,パンセ 名取本館 カフェ箱塚,小売業,食料品,5%
宮城県,名取市,パンセ 名取本館 フロマージュ箱塚,小売業,食料品,5%
宮城県,名取市,パンセ 名取本店,小売業,食料品,5%
宮城県,名取市,ブックオフ仙台南バイパス店,小売業,その他小売,2%
宮城県,名取市,フレスコキクチ 美田園店,小売業,食料品,5%
宮城県,名取市,梵天食堂名取店,サービス,飲食業,5%
宮城県,名取市,マクドナルドイオンモール名取店,サービス,飲食業,2%
宮城県,名取市,マクドナルド４号線岩沼店,サービス,飲食業,2%
宮城県,名取市,マクドナルド４号線名取店,サービス,飲食業,2%
宮城県,名取市,増田ＳＳ,小売業,ガソリンスタンド,2%
宮城県,名取市,ＭＩＡＳＣＡＬＬＡ名取店,小売業,衣料品,5%
宮城県,名取市,みたぞの動物病院,サービス,その他サービス,5%
宮城県,名取市,宮城トヨタ自動車 ハイブリッドプラザ名取,小売業,その他小売,5%
宮城県,名取市,宮城トヨタ自動車 岩沼店,小売業,その他小売,5%
宮城県,名取市,麺舞 杉のや,サービス,飲食業,5%
宮城県,名取市,Ｍｏｇｅｅ 名取店,小売業,その他小売,5%
宮城県,名取市,Ｍｏｋｕｒｅｎ,サービス,理容・美容業,5%
宮城県,名取市,杜都建匠,サービス,その他サービス,5%
宮城県,名取市,有限会社末広寿司分店,サービス,飲食業,5%
宮城県,名取市,有限会社山田輪業商会,小売業,その他小売,5%
宮城県,名取市,ＵＮIＴ．ｃｏｍｐｌｅｘ名取店,サービス,理容・美容業,5%
宮城県,名取市,ランゼル,小売業,その他小売,5%
宮城県,名取市,ルート４岩沼,小売業,ガソリンスタンド,2%
宮城県,名取市,ワコー,小売業,食料品,5%
宮城県,東松島市,Ａｇｕ ｈａｉｒ Ａｇｕ ｈａｉｒ ｐｉａｓ矢本,サービス,理容・美容業,5%
宮城県,東松島市,アーバ・アサノ,小売業,電化製品,5%
宮城県,東松島市,セブン－イレブン石巻港インター店,小売業,食料品,2%
宮城県,東松島市,一般社団法人 美馬森ＪＡＰＡＮ,サービス,その他サービス,5%
宮城県,東松島市,ＫＩＢＯＴＣＨＡ,サービス,その他サービス,5%
宮城県,東松島市,シャディギフト館 矢本店 矢本店,小売業,その他小売,5%
宮城県,東松島市,デンキの新田,小売業,電化製品,5%
宮城県,東松島市,ナビゲーテクス,サービス,その他サービス,5%
宮城県,東松島市,東松島あんてあなしょっぷ まちんど,小売業,食料品,5%
宮城県,東松島市,フォーシーズン矢本,サービス,宿泊業,5%
宮城県,東松島市,矢本ＳＳ,小売業,ガソリンスタンド,2%
宮城県,東松島市,セブン－イレブン矢本赤井川前店,小売業,食料品,2%
宮城県,東松島市,セブン－イレブン矢本インター店,小売業,食料品,2%
宮城県,東松島市,セブン－イレブン矢本五味倉店,小売業,食料品,2%
宮城県,東松島市,やもと整骨院,サービス,その他サービス,5%
宮城県,東松島市,ゆうでん,小売業,電化製品,5%
宮城県,松島町,牛たん炭焼利久松島店,サービス,飲食業,5%
宮城県,松島町,品井沼ＳＳ,小売業,ガソリンスタンド,2%
宮城県,松島町,杉原功商店,小売業,その他小売,5%
宮城県,松島町,たいかん亭,サービス,飲食業,5%
宮城県,松島町,ブリーズベイシーサイドリゾート松島,サービス,宿泊業,5%
宮城県,松島町,ホテル絶景の館,サービス,宿泊業,5%
宮城県,松島町,ホテル大観荘,サービス,宿泊業,5%
宮城県,松島町,松島ＳＳ,小売業,ガソリンスタンド,2%
宮城県,松島町,松島 ＳＳ,小売業,ガソリンスタンド,2%
宮城県,松島町,松島ＳＳ,小売業,ガソリンスタンド,2%
宮城県,松島町,セブン－イレブン宮城松島店,小売業,食料品,2%
宮城県,松島町,有限会社オートショップ松島,サービス,その他サービス,5%
宮城県,丸森町,大内ＳＳ,小売業,ガソリンスタンド,2%
宮城県,丸森町,大内ＳＳ,小売業,ガソリンスタンド,2%
宮城県,丸森町,金山ＳＳ,小売業,ガソリンスタンド,2%
宮城県,丸森町,小斎ＳＳ,小売業,ガソリンスタンド,2%
宮城県,丸森町,今野ラジオ店,小売業,電化製品,5%
宮城県,丸森町,咲間電化センター,小売業,電化製品,5%
宮城県,丸森町,素泊まりの宿ＳＡＮＧＥ 大槻屋,サービス,宿泊業,5%
宮城県,丸森町,フレスコキクチ 丸森店,小売業,食料品,5%
宮城県,丸森町,出光丸森ＳＳ,小売業,ガソリンスタンド,2%
宮城県,丸森町,丸森駅前ＳＳ,小売業,ガソリンスタンド,2%
宮城県,丸森町,丸森ＳＳ,小売業,ガソリンスタンド,2%
宮城県,丸森町,セブン－イレブン丸森平店,小売業,食料品,2%
宮城県,丸森町,セブン－イレブン丸森舘矢間店,小売業,食料品,2%
宮城県,美里町,ウジエスーパー美里店,小売業,食料品,5%
宮城県,美里町,ＥｎｅＪｅｔ古川東ＳＳ,小売業,ガソリンスタンド,2%
宮城県,美里町,クサノ電器,小売業,電化製品,5%
宮城県,美里町,小牛田ＳＳ,小売業,ガソリンスタンド,2%
宮城県,美里町,小牛田駅前ＳＳ,小売業,ガソリンスタンド,2%
宮城県,美里町,小牛田セントラルＳＳ,小売業,ガソリンスタンド,2%
宮城県,美里町,小牛田セントラルＳＳセルフ,小売業,ガソリンスタンド,2%
宮城県,美里町,セブン－イレブン小牛田バイパス店,小売業,食料品,2%
宮城県,美里町,ピザテン・フォー 宮城小牛田店 ２,サービス,その他サービス,5%
宮城県,美里町,セブン－イレブン美里町二郷店,小売業,食料品,2%
宮城県,美里町,村上屋 １,小売業,食料品,5%
宮城県,南三陸町,歌津ＳＳ,小売業,ガソリンスタンド,2%
宮城県,南三陸町,歌津町ＳＳ,小売業,ガソリンスタンド,2%
宮城県,南三陸町,ＥｎｅＪｅｔ志津川インターＳＳ,小売業,ガソリンスタンド,2%
宮城県,南三陸町,心結ぶカフェ むすびや,サービス,飲食業,5%
宮城県,南三陸町,セブン－イレブン志津川インター店,小売業,食料品,2%
宮城県,南三陸町,志津川中央ＳＳ,小売業,ガソリンスタンド,2%
宮城県,南三陸町,セブン－イレブン志津川十日町店,小売業,食料品,2%
宮城県,南三陸町,セルフ志津川インターＳＳ,小売業,ガソリンスタンド,2%
宮城県,南三陸町,セルフ志津川インターＳＳ,小売業,ガソリンスタンド,2%
宮城県,南三陸町,出光泊浜ＳＳ,小売業,ガソリンスタンド,2%
宮城県,南三陸町,中西電気商会,小売業,電化製品,5%
宮城県,南三陸町,ニュー泊崎荘,サービス,宿泊業,5%
宮城県,南三陸町,パナック・たまや,小売業,電化製品,5%
宮城県,南三陸町,南三陸 民宿 清観荘,サービス,宿泊業,5%
宮城県,南三陸町,南三陸ホテル観洋,サービス,宿泊業,5%
宮城県,南三陸町,メモリアルステージ 石彩館 南三陸店,小売業,その他小売,5%
宮城県,南三陸町,遊電館志津川店,小売業,電化製品,5%
宮城県,村田町,ガラス工房ｋｉｒｌｏ,その他業種,ー,5%
宮城県,村田町,総合衣料マスダ,小売業,衣料品,5%
宮城県,村田町,フレッシュフードモリヤ 村田店,小売業,食料品,5%
宮城県,村田町,ラーメンせん家 村田店,サービス,飲食業,5%
宮城県,大和町,アイオフィス,サービス,その他サービス,5%
宮城県,大和町,Ａｇｕ ｈａｉｒ Ａｇｕ ｈａｉｒ ａｍｅｌｉ大和町,サービス,理容・美容業,5%
宮城県,大和町,味よし 大和町鶴巣店,サービス,飲食業,5%
宮城県,大和町,おかめや,サービス,飲食業,5%
宮城県,大和町,菅野ラジオ店,小売業,電化製品,5%
宮城県,大和町,サイクルサービスヨシダ,サービス,その他サービス,5%
宮城県,大和町,セルフ鶴巣ＳＳ,小売業,ガソリンスタンド,2%
宮城県,大和町,大和インター,小売業,ガソリンスタンド,2%
宮城県,大和町,大和インターＳＳ,小売業,ガソリンスタンド,2%
宮城県,大和町,セブン－イレブン大和町相川店,小売業,食料品,2%
宮城県,大和町,中国料理 四川チャイナ,サービス,飲食業,5%
宮城県,大和町,鶴巣ＰＡ ＳＳ（ＰＯＳ用）,小売業,ガソリンスタンド,2%
宮城県,大和町,ネッツトヨタ宮城 大和店,小売業,その他小売,5%
宮城県,大和町,バンテック,サービス,その他サービス,5%
宮城県,大和町,Ｂｒｅａｔｈ ｂｙ ｆｉｒｓｔ,サービス,理容・美容業,5%
宮城県,大和町,Ｈａｉｒ Ｌａｂｏ Ｕｊ,サービス,理容・美容業,5%
宮城県,大和町,マクドナルド大和吉岡ヨークベニマル店,サービス,飲食業,2%
宮城県,大和町,まつ毛エクステ専門店 ａｉｍ,サービス,理容・美容業,5%
宮城県,大和町,宮城トヨタ自動車大和店,小売業,その他小売,5%
宮城県,大和町,有限会社三浦商店,小売業,その他小売,5%
宮城県,山元町,株式会社一苺一笑,サービス,飲食業,5%
宮城県,山元町,ＡＥ有限会社菊長商店,小売業,その他小売,5%
宮城県,山元町,旬魚酒房金八,サービス,飲食業,5%
宮城県,山元町,フレスコキクチ 山下駅前店,小売業,食料品,5%
宮城県,利府町,ウジエスーパー利府店,小売業,食料品,5%
宮城県,利府町,オーディン宮城利府店,小売業,その他小売,5%
宮城県,利府町,クリーニングタカノ ＹＢ利府野中,サービス,その他サービス,5%
宮城県,利府町,Ｓｌｅｅｐｉｎｇ Ｆａｃｔｏｒｙ 利府店,小売業,その他小売,5%
宮城県,利府町,ネッツトヨタ宮城 利府店,小売業,その他小売,5%
宮城県,利府町,フロンティア利府ＳＳ,小売業,ガソリンスタンド,2%
宮城県,利府町,ブックオフ宮城利府店,小売業,その他小売,2%
宮城県,利府町,ブックマーケット 利府店,小売業,書籍・玩具・音楽ＣＤ,5%
宮城県,利府町,マクドナルド利府街道店,サービス,飲食業,2%
宮城県,利府町,ミヤデン 花園店,小売業,電化製品,5%
宮城県,利府町,ミヤデン利府中央,小売業,電化製品,5%
宮城県,利府町,有限会社海馬工苑 仙台利府営業所,その他業種,ー,5%
宮城県,利府町,セブン－イレブン利府青葉台２丁目店,小売業,食料品,2%
宮城県,利府町,利府青山ＳＳ,小売業,ガソリンスタンド,2%
宮城県,利府町,セブン－イレブン利府神谷沢店,小売業,食料品,2%
宮城県,利府町,利府交通 本部,サービス,運輸業,5%
宮城県,利府町,セブン－イレブン利府しらかし台店,小売業,食料品,2%
宮城県,涌谷町,アジアン居酒屋ＡＺｉＹＡ,サービス,飲食業,5%
宮城県,涌谷町,アーバ・さとう,小売業,電化製品,5%
宮城県,涌谷町,きただ店,小売業,総合（非専門）,5%
宮城県,涌谷町,木村油店 本社,小売業,ガソリンスタンド,2%
宮城県,涌谷町,ＪＯＥ涌谷ＳＳ,小売業,ガソリンスタンド,2%
宮城県,涌谷町,焙煎小屋風舎,サービス,飲食業,5%
宮城県,涌谷町,福ろう,サービス,飲食業,5%
宮城県,涌谷町,松原商会,小売業,電化製品,5%
宮城県,涌谷町,涌谷ＳＳ,小売業,ガソリンスタンド,2%
宮城県,涌谷町,涌谷駅前ＳＳ,小売業,ガソリンスタンド,2%
宮城県,涌谷町,涌谷西ＳＳ,小売業,ガソリンスタンド,2%
宮城県,涌谷町,涌谷バイパスＳＳ,小売業,ガソリンスタンド,2%
宮城県,涌谷町,セブン－イレブン涌谷バイパス店,小売業,食料品,2%
宮城県,亘理町,アーバ・こまき,小売業,電化製品,5%
宮城県,亘理町,ａ ｌａ ｐｌａｇｅ,サービス,飲食業,5%
宮城県,亘理町,安細電気,小売業,電化製品,5%
宮城県,亘理町,カットスタジオＢ?ｃｌｕｂ,サービス,理容・美容業,5%
宮城県,亘理町,クロサキ自動車,サービス,その他サービス,5%
宮城県,亘理町,スーパービッグ おおくま店,小売業,食料品,5%
宮城県,亘理町,仙台南動物病院,サービス,その他サービス,5%
宮城県,亘理町,中町カフェ,小売業,その他小売,5%
宮城県,亘理町,パークシティわたりＳＳ,小売業,ガソリンスタンド,2%
宮城県,亘理町,馬上かまぼこ店,小売業,食料品,5%
宮城県,亘理町,フレスコキクチ 亘理店,小売業,食料品,5%
宮城県,亘理町,ＢｒｏｔＤｏｒｆ（ブロートドルフ）,サービス,飲食業,5%
宮城県,亘理町,マクドナルド亘理コープ店,サービス,飲食業,2%
宮城県,亘理町,みやぎのあられ 亘理本店,小売業,食料品,5%
宮城県,亘理町,ミルクショップ デリ,小売業,食料品,5%
宮城県,亘理町,ミルクショップ デリ,小売業,食料品,5%
宮城県,亘理町,セブン－イレブン亘理荒浜店,小売業,食料品,2%
宮城県,亘理町,セブン－イレブン亘理祝田店,小売業,食料品,2%
宮城県,亘理町,セブン－イレブン亘理インター店,小売業,食料品,2%
宮城県,亘理町,セブン－イレブン亘理逢隈店,小売業,食料品,2%
宮城県,亘理町,セブン－イレブン亘理神宮寺店,小売業,食料品,2%
宮城県,亘理町,亘理中央ＳＳ フル,小売業,ガソリンスタンド,2%
宮城県,亘理町,亘理中央セルフＳＳ,小売業,ガソリンスタンド,2%
