大分県,宇佐市,安心院ＳＳ,小売業,ガソリンスタンド,2%
大分県,宇佐市,安心院ＳＳ,小売業,ガソリンスタンド,2%
大分県,宇佐市,アミナカ電器,小売業,電化製品,5%
大分県,宇佐市,出光宇佐ＳＳ,小売業,ガソリンスタンド,2%
大分県,宇佐市,出光八幡ＳＳ,小売業,ガソリンスタンド,2%
大分県,宇佐市,院内ＳＳ 有限会社奥石油,小売業,ガソリンスタンド,2%
大分県,宇佐市,宇佐ＳＳ,小売業,ガソリンスタンド,2%
大分県,宇佐市,宇佐ＳＳ,小売業,ガソリンスタンド,2%
大分県,宇佐市,宇佐営業所,サービス,運輸業,5%
大分県,宇佐市,宇佐ＳＳ,小売業,ガソリンスタンド,2%
大分県,宇佐市,セブン－イレブン宇佐江須賀店,小売業,食料品,2%
大分県,宇佐市,セブン－イレブン宇佐閤店,小売業,食料品,2%
大分県,宇佐市,セブン－イレブン宇佐順風新田店,小売業,食料品,2%
大分県,宇佐市,セブン－イレブン宇佐神宮前店,小売業,食料品,2%
大分県,宇佐市,セブン－イレブン宇佐別府店,小売業,食料品,2%
大分県,宇佐市,セブン－イレブン宇佐四日市店,小売業,食料品,2%
大分県,宇佐市,駅川ＳＳ,小売業,ガソリンスタンド,2%
大分県,宇佐市,大分宇佐給油所,小売業,ガソリンスタンド,2%
大分県,宇佐市,かくまさ,サービス,飲食業,5%
大分県,宇佐市,（株）樹 いつきファーム直売所,小売業,食料品,5%
大分県,宇佐市,カレーハウスＣｏＣｏ壱番屋宇佐四日市店,サービス,飲食業,2%
大分県,宇佐市,菊水旅館,サービス,宿泊業,5%
大分県,宇佐市,樹豆珈琲,サービス,飲食業,5%
大分県,宇佐市,酒スタジアムヨコヤマ 四日市店,小売業,食料品,5%
大分県,宇佐市,車輪工房,小売業,その他小売,5%
大分県,宇佐市,住之江ＳＳ,小売業,ガソリンスタンド,2%
大分県,宇佐市,炭火焼肉梨洞,サービス,飲食業,5%
大分県,宇佐市,セルフおの安心院店,小売業,食料品,5%
大分県,宇佐市,セルフおの院内店,小売業,食料品,5%
大分県,宇佐市,高家ＳＳ,小売業,ガソリンスタンド,2%
大分県,宇佐市,竹工房オンセ,小売業,総合（非専門）,5%
大分県,宇佐市,徳田電気店,小売業,電化製品,5%
大分県,宇佐市,トヨタレンタリース大分宇佐駅前店,小売業,その他小売,2%
大分県,宇佐市,長洲ＳＳ,小売業,ガソリンスタンド,2%
大分県,宇佐市,ＮＡＧＯＭＩ ＳＡＬＯＮ ＮＡＧＯＭＩ ＳＡＬＯＮ,サービス,理容・美容業,5%
大分県,宇佐市,なんどいや,サービス,飲食業,5%
大分県,宇佐市,ニュー丸栄石油 大分宇佐給油所,小売業,ガソリンスタンド,2%
大分県,宇佐市,ネッツトヨタ大分宇佐店,小売業,その他小売,5%
大分県,宇佐市,ネッツトヨタ東九州宇佐・中津店,小売業,その他小売,5%
大分県,宇佐市,呑もうっちゃ,サービス,飲食業,5%
大分県,宇佐市,明屋書店 宇佐店,小売業,書籍・玩具・音楽ＣＤ,5%
大分県,宇佐市,ベルリンメガネ 宇佐店,小売業,貴金属・服飾品,5%
大分県,宇佐市,ホームセンターセブン宇佐店,小売業,総合（非専門）,5%
大分県,宇佐市,ＨｏｔＰｏｔ Ｃｈａｉ,サービス,飲食業,5%
大分県,宇佐市,ボディーガード,小売業,その他小売,5%
大分県,宇佐市,ＨｏｎｄａＣａｒｓ宇佐,サービス,その他サービス,5%
大分県,宇佐市,マクドナルド宇佐店,サービス,飲食業,2%
大分県,宇佐市,マクドナルド１０号宇佐店,サービス,飲食業,2%
大分県,宇佐市,柳ヶ浦駅前ＳＳ,小売業,ガソリンスタンド,2%
大分県,宇佐市,養生健美治療院,サービス,理容・美容業,5%
大分県,宇佐市,四日市第１給油所,小売業,ガソリンスタンド,2%
大分県,宇佐市,ラーメン嬉屋,サービス,飲食業,5%
大分県,臼杵市,あすとぴあＳＳ,小売業,ガソリンスタンド,2%
大分県,臼杵市,アトム電器 臼杵市浜店,小売業,電化製品,5%
大分県,臼杵市,ａｔｅｌｉｅｒ?Ｂ,サービス,その他サービス,5%
大分県,臼杵市,出光スーパーセルフ臼杵ＳＳ,小売業,ガソリンスタンド,2%
大分県,臼杵市,臼杵ＣＣ,小売業,ガソリンスタンド,2%
大分県,臼杵市,臼杵インター,小売業,ガソリンスタンド,2%
大分県,臼杵市,セブン－イレブン臼杵福良店,小売業,食料品,2%
大分県,臼杵市,セブン－イレブン臼杵藤河内店,小売業,食料品,2%
大分県,臼杵市,臼杵ホーム電機,小売業,電化製品,5%
大分県,臼杵市,衛藤電器商会,小売業,電化製品,5%
大分県,臼杵市,家具の大見,小売業,家具・調度品,5%
大分県,臼杵市,清水車体整備,サービス,その他サービス,5%
大分県,臼杵市,下ノ江ＳＳ,小売業,ガソリンスタンド,2%
大分県,臼杵市,スタジオアート,サービス,その他サービス,5%
大分県,臼杵市,石仏観光センター,小売業,その他小売,5%
大分県,臼杵市,セルフ木保佐ＳＳ,小売業,ガソリンスタンド,2%
大分県,臼杵市,高村ふとん店,小売業,その他小売,5%
大分県,臼杵市,でんでん館 平成,小売業,電化製品,5%
大分県,臼杵市,土橋ＳＳ 富士甚商事株式会社,小売業,ガソリンスタンド,2%
大分県,臼杵市,鍋田給油所,小売業,ガソリンスタンド,2%
大分県,臼杵市,ネッツトヨタ東九州 臼杵店,小売業,その他小売,5%
大分県,臼杵市,野津東ＳＳ,小売業,ガソリンスタンド,2%
大分県,臼杵市,野津東ＳＳセルフ,小売業,ガソリンスタンド,2%
大分県,臼杵市,白楽天 白楽天,サービス,飲食業,5%
大分県,臼杵市,パナポートクドウ,小売業,電化製品,5%
大分県,臼杵市,パナランド イノウエ,小売業,電化製品,5%
大分県,臼杵市,明屋書店 臼杵野田店,小売業,書籍・玩具・音楽ＣＤ,5%
大分県,臼杵市,日当ＳＳ,小売業,ガソリンスタンド,2%
大分県,臼杵市,ｆｅｅｌ ｓｐａｃｅ,サービス,理容・美容業,5%
大分県,臼杵市,フミヤ,小売業,総合（非専門）,5%
大分県,臼杵市,有限会社髙村ふとん店,小売業,その他小売,5%
大分県,大分市,アークピット,その他業種,ー,5%
大分県,大分市,Ａｇｅ?ｂｅｌｌ,サービス,理容・美容業,5%
大分県,大分市,Ｒーｍｏｂｉ,サービス,その他サービス,5%
大分県,大分市,ＡＩセルフ米良,小売業,ガソリンスタンド,2%
大分県,大分市,ＡＩセルフわさだ,小売業,ガソリンスタンド,2%
大分県,大分市,ＩＴＡＬ＆ＺＩＯＮ,サービス,理容・美容業,5%
大分県,大分市,あい むっから,小売業,総合（非専門）,5%
大分県,大分市,赤から 大分高城店,サービス,飲食業,5%
大分県,大分市,アガぺ鶴崎薬局,小売業,その他小売,5%
大分県,大分市,Ａｇｕ ｈａｉｒ Ａｇｕ ｈａｉｒ ｋａｈａｌａ大分駅前,サービス,理容・美容業,5%
大分県,大分市,明野ＳＳ,小売業,ガソリンスタンド,2%
大分県,大分市,ア．スエヒロホテル,サービス,宿泊業,5%
大分県,大分市,アート彩輝,サービス,理容・美容業,5%
大分県,大分市,ａｔｔｒａｈａｉｒｄｅｓｉｇｎ,サービス,理容・美容業,5%
大分県,大分市,Ａ ＢＡＲ ＮＡＮＤＯ,サービス,飲食業,5%
大分県,大分市,安部タクシー,サービス,運輸業,5%
大分県,大分市,亜李蘭別邸,サービス,飲食業,5%
大分県,大分市,アンドータクシー,サービス,運輸業,5%
大分県,大分市,イエローチューリップ,サービス,理容・美容業,5%
大分県,大分市,いかしょう,サービス,飲食業,5%
大分県,大分市,イザワタクシー,サービス,運輸業,5%
大分県,大分市,医大前給油所,小売業,ガソリンスタンド,2%
大分県,大分市,イデックス大分ＳＳ,小売業,ガソリンスタンド,2%
大分県,大分市,株式会社イデックスリテール大分,小売業,ガソリンスタンド,2%
大分県,大分市,出光明野ＳＳ,小売業,ガソリンスタンド,2%
大分県,大分市,出光大分インターＳＳ,小売業,ガソリンスタンド,2%
大分県,大分市,出光木ノ上ＳＳ,小売業,ガソリンスタンド,2%
大分県,大分市,出光坂ノ市ＳＳ,小売業,ガソリンスタンド,2%
大分県,大分市,出光スーパーセルフ東大分ＳＳ,小売業,ガソリンスタンド,2%
大分県,大分市,出光弁天ＳＳ,小売業,ガソリンスタンド,2%
大分県,大分市,移動スーパーふくろう便,小売業,総合（非専門）,5%
大分県,大分市,イトマン商店,小売業,総合（非専門）,5%
大分県,大分市,ＩＮＮＯＣＥＮＴ ＭＵＳＥ,サービス,理容・美容業,5%
大分県,大分市,いのちの田んぼたなべ農園,小売業,食料品,5%
大分県,大分市,今村化学工業白蟻研究所,サービス,その他サービス,5%
大分県,大分市,癒しの空間 はぴねす・Ｋ,サービス,その他サービス,5%
大分県,大分市,ヴァンテアン カガシヤ,小売業,衣料品,5%
大分県,大分市,ヴィア デッラ キエーザ,サービス,飲食業,5%
大分県,大分市,ＶＩＤＡ,サービス,理容・美容業,5%
大分県,大分市,ＷＥＳＴ ＶＩＬＬＡＧＥ,サービス,理容・美容業,5%
大分県,大分市,ｖｅｌｌｅｓｔ,サービス,理容・美容業,5%
大分県,大分市,うしじま うしじま,サービス,飲食業,5%
大分県,大分市,うなぎの幸栄大道店,サービス,飲食業,5%
大分県,大分市,うめの補聴器センター,小売業,電化製品,5%
大分県,大分市,ＨＩヒロセ 萩原店,小売業,総合（非専門）,5%
大分県,大分市,エス ボート,小売業,衣料品,5%
大分県,大分市,エッセンス Ｃａｆｅ珈琲Ｅｓ ｓｅｎｓｅ,サービス,飲食業,5%
大分県,大分市,ａｐｒｏｎ,サービス,理容・美容業,5%
大分県,大分市,Ｅｌａｍ【エラム】,サービス,理容・美容業,5%
大分県,大分市,Ａｉｌｅｆｅｒｉｅ,サービス,理容・美容業,5%
大分県,大分市,セブン－イレブン大分明野北店,小売業,食料品,2%
大分県,大分市,セブン－イレブン大分生石５丁目店,小売業,食料品,2%
大分県,大分市,セブン－イレブン大分岩田町店,小売業,食料品,2%
大分県,大分市,大分インターＳＳ,小売業,ガソリンスタンド,2%
大分県,大分市,セブン－イレブン大分大道町店,小売業,食料品,2%
大分県,大分市,セブン－イレブン大分鴛野店,小売業,食料品,2%
大分県,大分市,大分温泉 ＳＯＵＲＩＮ 大分温泉 ＳＯＵＲＩＮ,サービス,宿泊業,5%
大分県,大分市,おおいた春日浦食堂,サービス,飲食業,5%
大分県,大分市,セブン－イレブン大分春日浦店,小売業,食料品,2%
大分県,大分市,セブン－イレブン大分金池町店,小売業,食料品,2%
大分県,大分市,セブン－イレブン大分要町店,小売業,食料品,2%
大分県,大分市,セブン－イレブン大分川添店,小売業,食料品,2%
大分県,大分市,セブン－イレブン大分久原店,小売業,食料品,2%
大分県,大分市,セブン－イレブン大分小池原店,小売業,食料品,2%
大分県,大分市,大分航空トラベル 大分営業所,サービス,その他サービス,5%
大分県,大分市,大分航空トラベル 県庁内営業所,サービス,その他サービス,5%
大分県,大分市,大分 個人 中川タクシー,サービス,その他サービス,5%
大分県,大分市,セブン－イレブン大分坂ノ市中央店,小売業,食料品,2%
大分県,大分市,セブン－イレブン大分坂ノ市西店,小売業,食料品,2%
大分県,大分市,セブン－イレブン大分佐野店,小売業,食料品,2%
大分県,大分市,大分自動車学校,その他業種,ー,5%
大分県,大分市,大分住器,小売業,その他小売,5%
大分県,大分市,セブン－イレブン大分城東町店,小売業,食料品,2%
大分県,大分市,セブン－イレブン大分城東町北店,小売業,食料品,2%
大分県,大分市,セブン－イレブン大分城原店,小売業,食料品,2%
大分県,大分市,セブン－イレブン大分城崎町店,小売業,食料品,2%
大分県,大分市,セブン－イレブン大分新春日町店,小売業,食料品,2%
大分県,大分市,セブン－イレブン大分高田店,小売業,食料品,2%
大分県,大分市,大分動物クリニック,その他業種,ー,5%
大分県,大分市,セブン－イレブン大分中春日町店,小売業,食料品,2%
大分県,大分市,セブン－イレブン大分中島中央店,小売業,食料品,2%
大分県,大分市,セブン－イレブン大分中鶴崎２丁目店,小売業,食料品,2%
大分県,大分市,セブン－イレブン大分錦町店,小売業,食料品,2%
大分県,大分市,セブン－イレブン大分萩原４丁目店,小売業,食料品,2%
大分県,大分市,セブン－イレブン大分花津留店,小売業,食料品,2%
大分県,大分市,セブン－イレブン大分日岡３丁目店,小売業,食料品,2%
大分県,大分市,セブン－イレブン大分松岡店,小売業,食料品,2%
大分県,大分市,セブン－イレブン大分松原町店,小売業,食料品,2%
大分県,大分市,セブン－イレブン大分政所店,小売業,食料品,2%
大分県,大分市,セブン－イレブン大分皆春店,小売業,食料品,2%
大分県,大分市,大分南ＳＳ,小売業,ガソリンスタンド,2%
大分県,大分市,セブン－イレブン大分都町店,小売業,食料品,2%
大分県,大分市,セブン－イレブン大分都町２丁目店,小売業,食料品,2%
大分県,大分市,セブン－イレブン大分森町店,小売業,食料品,2%
大分県,大分市,セブン－イレブン大分八幡店,小売業,食料品,2%
大分県,大分市,セブン－イレブン大分山津町２丁目店,小売業,食料品,2%
大分県,大分市,セブン－イレブン大分横尾店,小売業,食料品,2%
大分県,大分市,セブン－イレブン大分横瀬店,小売業,食料品,2%
大分県,大分市,セブン－イレブン大分横田１丁目店,小売業,食料品,2%
大分県,大分市,おおいた和牛ダイニング ＩＭＡＧＩＮＥ ダイニングＩＭＡＧＩＮオーパ店,サービス,飲食業,5%
大分県,大分市,オーエスピー商会 オーエスピー商会 店舗,小売業,その他小売,5%
大分県,大分市,大賀薬局 王子店,小売業,その他小売,5%
大分県,大分市,大賀薬局 大分医大前店,小売業,その他小売,5%
大分県,大分市,大在ＳＳ,小売業,ガソリンスタンド,2%
大分県,大分市,大在魚見館,小売業,その他小売,5%
大分県,大分市,大在ＳＳ,小売業,ガソリンスタンド,2%
大分県,大分市,オオツタクシー,サービス,運輸業,5%
大分県,大分市,オートサロン Ｋワーク,サービス,その他サービス,5%
大分県,大分市,オートリペアＫ,サービス,その他サービス,5%
大分県,大分市,大道ＳＳ,小売業,ガソリンスタンド,2%
大分県,大分市,オガタタクシー,サービス,運輸業,5%
大分県,大分市,お食事処 ひらまつ,サービス,飲食業,5%
大分県,大分市,乙津給油所,小売業,ガソリンスタンド,2%
大分県,大分市,乙津ＳＳ,小売業,ガソリンスタンド,2%
大分県,大分市,小野商会,小売業,その他小売,5%
大分県,大分市,Ｏｈａｎａ,サービス,理容・美容業,5%
大分県,大分市,Ｏｂｊｅｔ 【オブジェ】,サービス,理容・美容業,5%
大分県,大分市,オリックスレンタカー大分駅前店,サービス,その他サービス,2%
大分県,大分市,カガシヤ わさだ本店,小売業,衣料品,5%
大分県,大分市,鍵と錠のロック＆ロック,サービス,その他サービス,5%
大分県,大分市,笠木タクシー,サービス,運輸業,5%
大分県,大分市,柏原ＣＣ,小売業,ガソリンスタンド,2%
大分県,大分市,割烹にしおか,サービス,飲食業,5%
大分県,大分市,金池給油所,小売業,ガソリンスタンド,2%
大分県,大分市,金ノ手給油所,小売業,ガソリンスタンド,2%
大分県,大分市,カフェ桃花流水,サービス,飲食業,5%
大分県,大分市,株式会社アコルダ,その他業種,ー,5%
大分県,大分市,株式会社アスタリスク,その他業種,ー,5%
大分県,大分市,株式会社エンゼル白衣,小売業,衣料品,5%
大分県,大分市,株式会社カーポートタナカ,その他業種,ー,5%
大分県,大分市,株式会社カガシヤ カガシヤイオン高城店,小売業,その他小売,5%
大分県,大分市,株式会社カガシヤ カガシヤジュンヌ店,小売業,その他小売,5%
大分県,大分市,ネクストステージ,小売業,総合（非専門）,5%
大分県,大分市,株式会社舞鶴酒販,小売業,食料品,5%
大分県,大分市,かみ風船 中央町店,サービス,飲食業,5%
大分県,大分市,かみ風船 若松通店,サービス,飲食業,5%
大分県,大分市,ｃａｒｂｏｒｏｃｃｏ．,サービス,飲食業,5%
大分県,大分市,カレーハウスＣｏＣｏ壱番屋大分賀来店,サービス,飲食業,2%
大分県,大分市,カレーハウスココ壱番屋大分田尻店,サービス,飲食業,2%
大分県,大分市,カレーハウスＣｏＣｏ壱番屋大分中央町店,サービス,飲食業,2%
大分県,大分市,カレーハウスＣｏＣｏ壱番屋大分西春日町店,サービス,飲食業,2%
大分県,大分市,川野タクシー,サービス,運輸業,5%
大分県,大分市,河村電気商会,小売業,電化製品,5%
大分県,大分市,韓国料理 府内楼,サービス,飲食業,5%
大分県,大分市,岩盤浴 千鶴の湯 岩盤浴 千鶴の湯,サービス,その他サービス,5%
大分県,大分市,亀美タクシー,サービス,運輸業,5%
大分県,大分市,木村タクシー,サービス,運輸業,5%
大分県,大分市,九州食肉学問所 楽Ｑ便,小売業,食料品,5%
大分県,大分市,極からあげ鳥匠,サービス,飲食業,5%
大分県,大分市,クールフーズＨＡＮＡ,小売業,食料品,5%
大分県,大分市,グッデイ 明野店,小売業,その他小売,5%
大分県,大分市,グッデイ 明野店,小売業,その他小売,5%
大分県,大分市,グッデイ 大在店,小売業,その他小売,5%
大分県,大分市,グッデイ 大在店,小売業,その他小売,5%
大分県,大分市,グッデイ 下郡店,小売業,その他小売,5%
大分県,大分市,國﨑タクシー,サービス,運輸業,5%
大分県,大分市,くまさきアニマルクリニック くまさきアニマルクリニック,サービス,その他サービス,5%
大分県,大分市,Ｋｕｒａ,小売業,衣料品,5%
大分県,大分市,Ｃｕ．Ｒａ．Ｓｏ．,小売業,衣料品,5%
大分県,大分市,クラブ トリニータ,小売業,その他小売,5%
大分県,大分市,クラブバルカン,サービス,飲食業,5%
大分県,大分市,グランド工房大分南店,小売業,その他小売,5%
大分県,大分市,クリームシェフ,小売業,食料品,5%
大分県,大分市,（株）クリスタルネイル パークプレイス大分店,サービス,その他サービス,5%
大分県,大分市,ｃｒｅａｒｅ 【クレアーレ】,サービス,その他サービス,5%
大分県,大分市,クレープカフェミュール,サービス,飲食業,5%
大分県,大分市,ＣＬＯＶＥＲｒｅｌｉｅｖｅ,サービス,その他サービス,5%
大分県,大分市,クロックマダム,小売業,食料品,5%
大分県,大分市,有限会社クロマニヨン ｃｒｏｍａｇｎｏｎ,小売業,衣料品,5%
大分県,大分市,有限会社クロマニヨン ｍａｉｓｏｎ ｍａｒｇｉｅｌａ ｏｉｔａ,小売業,衣料品,5%
大分県,大分市,慶藤タクシー,サービス,運輸業,5%
大分県,大分市,ＣａＳｅＷｏＲｋ【ケースワーク】,サービス,理容・美容業,5%
大分県,大分市,ゲストハウスＫＵＲＩＨＡＩ,サービス,宿泊業,5%
大分県,大分市,ＧＥＮＲＹＵ－ＢＡＣＫＰＡＩＮＣＬＩＮＩＣ－,サービス,理容・美容業,5%
大分県,大分市,合資会社ヱトウ南海堂,小売業,書籍・玩具・音楽ＣＤ,5%
大分県,大分市,光進,小売業,食料品,5%
大分県,大分市,光伸ガス株式会社大分営業所,小売業,その他小売,5%
大分県,大分市,光伸ガス株式会社本社簡易ガス,小売業,その他小売,5%
大分県,大分市,光伸ガス株式会社直売,小売業,その他小売,5%
大分県,大分市,珈琲開書堂,サービス,飲食業,5%
大分県,大分市,五車堂,サービス,飲食業,5%
大分県,大分市,ＫＯＳＹＯＵタクシー,サービス,運輸業,5%
大分県,大分市,個人 Ｓａｔｏ Ｔａｘｉ,サービス,運輸業,5%
大分県,大分市,ＣＯＳＭＯＳ－ＴＡＸＩ,サービス,運輸業,5%
大分県,大分市,コナカタクシー,サービス,飲食業,5%
大分県,大分市,（株）小林時計店 大分店,小売業,貴金属・服飾品,5%
大分県,大分市,個別専門学習塾ステップワン,その他業種,ー,5%
大分県,大分市,ゴルフドゥ東大分店,小売業,その他小売,2%
大分県,大分市,さかな市場 都町店,サービス,飲食業,5%
大分県,大分市,佐賀関ＣＣ,小売業,ガソリンスタンド,2%
大分県,大分市,阪本自動車,小売業,その他小売,5%
大分県,大分市,酒と魚と郷土料理 笑楽,サービス,飲食業,5%
大分県,大分市,酒のソクハイ 大分都町店,小売業,その他小売,5%
大分県,大分市,ＳＡＫＯＤＡホームファニシングス 大分新,小売業,その他小売,5%
大分県,大分市,ＳＡＫＯＤＡホームファニシングス,小売業,その他小売,5%
大分県,大分市,サザンクロス大分,サービス,飲食業,5%
大分県,大分市,サッテージャワ,サービス,飲食業,5%
大分県,大分市,サノサイクル,小売業,その他小売,5%
大分県,大分市,さゆりタクシー,サービス,運輸業,5%
大分県,大分市,ＳＡＬＩＬ,サービス,理容・美容業,5%
大分県,大分市,サンカガシヤ,小売業,衣料品,5%
大分県,大分市,サンライフメロン店,小売業,食料品,5%
大分県,大分市,ｓｉａｎ 【シアン】,サービス,理容・美容業,5%
大分県,大分市,ジェームス下郡店,小売業,その他小売,2%
大分県,大分市,潮騒企画,小売業,その他小売,5%
大分県,大分市,自然派レストラン 然,サービス,飲食業,5%
大分県,大分市,シバタデンキ,小売業,電化製品,5%
大分県,大分市,下郡ＳＳ,小売業,ガソリンスタンド,2%
大分県,大分市,ｃｈａｒｍｅｒ,サービス,理容・美容業,5%
大分県,大分市,ジャンヘアーＮ,サービス,理容・美容業,5%
大分県,大分市,ジョイフル恵利大分,サービス,その他サービス,5%
大分県,大分市,商事部,小売業,ガソリンスタンド,2%
大分県,大分市,城原ＣＣ,小売業,ガソリンスタンド,2%
大分県,大分市,職域発券専用,小売業,ガソリンスタンド,2%
大分県,大分市,ショッピングプラザカサキ,小売業,総合（非専門）,5%
大分県,大分市,白木庵,サービス,飲食業,5%
大分県,大分市,新川西 ＳＳ,小売業,ガソリンスタンド,2%
大分県,大分市,新日鉄前 ＳＳ,小売業,ガソリンスタンド,2%
大分県,大分市,新日鉄前ＳＳ,小売業,ガソリンスタンド,2%
大分県,大分市,進美保子事務所,サービス,その他サービス,5%
大分県,大分市,ｔｈｅ ｓｃｒａｍｂｌｅ,サービス,飲食業,5%
大分県,大分市,スタディＰＣネット大分高城校,サービス,その他サービス,5%
大分県,大分市,すたみな太郎 大分明野店,サービス,飲食業,5%
大分県,大分市,わか竹,サービス,飲食業,5%
大分県,大分市,須藤タクシー,サービス,運輸業,5%
大分県,大分市,ｓｔｏｖｅ,サービス,理容・美容業,5%
大分県,大分市,ｓｐｏｏｎ．,小売業,衣料品,5%
大分県,大分市,ｃｉｅｌｂｌｅｕ,サービス,理容・美容業,5%
大分県,大分市,炭火焼肉Ｄｉｎｉｎｇ彩香園,サービス,飲食業,5%
大分県,大分市,セルフ明野ＳＳ,小売業,ガソリンスタンド,2%
大分県,大分市,セルフ大分ＳＳ,小売業,ガソリンスタンド,2%
大分県,大分市,セルフ大分中央ＳＳ 城陽石油株式会社,小売業,ガソリンスタンド,2%
大分県,大分市,セルフ大在小学校前ＳＳ,小売業,ガソリンスタンド,2%
大分県,大分市,セルフカーケア下郡,小売業,ガソリンスタンド,2%
大分県,大分市,セルフステーション高城ＳＳ,小売業,ガソリンスタンド,2%
大分県,大分市,セルフ碩田町ＳＳ,小売業,ガソリンスタンド,2%
大分県,大分市,セルフ戸次ＳＳ,小売業,ガソリンスタンド,2%
大分県,大分市,セルフ南大分給油所,小売業,ガソリンスタンド,2%
大分県,大分市,ＳｅｌｅｃｔＰｌａｃｅ,小売業,その他小売,5%
大分県,大分市,セレモニーやまおく大分南,小売業,その他小売,5%
大分県,大分市,寒田ＳＳ,小売業,ガソリンスタンド,2%
大分県,大分市,ソニコ,小売業,その他小売,5%
大分県,大分市,園田ふとん店,小売業,その他小売,5%
大分県,大分市,ソレアド本店,小売業,衣料品,5%
大分県,大分市,Ｄａｒｔｓ Ｓｈｏｐ ＴｉＴＯ 大分店,小売業,その他小売,5%
大分県,大分市,大興寺餃子,サービス,飲食業,5%
大分県,大分市,味家,サービス,飲食業,5%
大分県,大分市,高田南ＳＳ,小売業,ガソリンスタンド,2%
大分県,大分市,高橋塗装,サービス,その他サービス,5%
大分県,大分市,有限会社たから屋,小売業,その他小売,5%
大分県,大分市,武タクシー,サービス,運輸業,5%
大分県,大分市,ＴＡＳＨＩＭＡ ＴＡＸＩ,サービス,運輸業,5%
大分県,大分市,お仏壇・お墓のたちばな,小売業,家具・調度品,5%
大分県,大分市,Ｔａｋｋ,小売業,書籍・玩具・音楽ＣＤ,5%
大分県,大分市,田辺商店,小売業,その他小売,5%
大分県,大分市,田邉タクシー,サービス,運輸業,5%
大分県,大分市,たべるな,サービス,飲食業,5%
大分県,大分市,イタリア食堂ＴＡＭＢＵＲＩＮ,サービス,飲食業,5%
大分県,大分市,崔おばさんのビックリホルモン家 南大分店,サービス,飲食業,5%
大分県,大分市,崔おばさんのビックリホルモン家 中央町店,サービス,飲食業,5%
大分県,大分市,崔おばさんのビックリホルモン家 高城店,サービス,飲食業,5%
大分県,大分市,チコマートかわの,小売業,総合（非専門）,5%
大分県,大分市,ｃｙａｋｕｍｉ,サービス,飲食業,5%
大分県,大分市,中国料理 ながさき家,サービス,飲食業,5%
大分県,大分市,中国料理慶春,サービス,飲食業,5%
大分県,大分市,彫刻リンパ??サロンＥｓｓｅｎｃｅ,サービス,理容・美容業,5%
大分県,大分市,つばきタクシー,サービス,運輸業,5%
大分県,大分市,津守 ＳＳ,小売業,ガソリンスタンド,2%
大分県,大分市,釣具の三平 高城店,小売業,その他小売,5%
大分県,大分市,釣具の三平 戸次店,小売業,その他小売,5%
大分県,大分市,つるや イオンパークプレイス大分店,小売業,衣料品,5%
大分県,大分市,でんでん館 みうら,小売業,電化製品,5%
大分県,大分市,でんでん館みうら,小売業,電化製品,5%
大分県,大分市,東京・銀座リエジュ イオン高城店,小売業,貴金属・服飾品,5%
大分県,大分市,東和石材 展示場,小売業,その他小売,5%
大分県,大分市,ＴＯＴＡＬ,サービス,理容・美容業,5%
大分県,大分市,トータルサポート,サービス,その他サービス,5%
大分県,大分市,Ｄｒ．Ｄｒｉｖｅセルフ新日鉄前ＳＳ,小売業,ガソリンスタンド,2%
大分県,大分市,特販ＣＣ,小売業,ガソリンスタンド,2%
大分県,大分市,とめ手羽 大分,サービス,飲食業,5%
大分県,大分市,ＴＯＭＯ Ｃｌｏｖｅｒ,サービス,飲食業,5%
大分県,大分市,トヨタカローラ大分ＰｉＰｉｔ店,小売業,その他小売,5%
大分県,大分市,トヨタレンタリース大分大分店,小売業,その他小売,2%
大分県,大分市,トヨタレンタリース大分大分南店,小売業,その他小売,2%
大分県,大分市,トヨタレンタリース大分大在店,小売業,その他小売,2%
大分県,大分市,トヨタレンタリース大分高城駅前店,小売業,その他小売,2%
大分県,大分市,ドラマティックヘア ドレス,サービス,理容・美容業,5%
大分県,大分市,酉玄,サービス,飲食業,5%
大分県,大分市,酉玄（とりげん）,サービス,飲食業,5%
大分県,大分市,とり善 高城店,サービス,飲食業,5%
大分県,大分市,ドルチェナッツ大道店,サービス,理容・美容業,5%
大分県,大分市,ドルチェナッツ府内店,サービス,理容・美容業,5%
大分県,大分市,トレマーズ,小売業,書籍・玩具・音楽ＣＤ,5%
大分県,大分市,中小路自動車,サービス,その他サービス,5%
大分県,大分市,ナカノ車体,サービス,その他サービス,5%
大分県,大分市,中判田ＳＳ,小売業,ガソリンスタンド,2%
大分県,大分市,奈須タクシー,サービス,運輸業,5%
大分県,大分市,ｎａｔｕｒａｓｏｒａ,サービス,理容・美容業,5%
大分県,大分市,ナチュラルリンク,サービス,理容・美容業,5%
大分県,大分市,菜の花,サービス,飲食業,5%
大分県,大分市,菜の花,サービス,飲食業,5%
大分県,大分市,鳴門うどん 大在店,サービス,飲食業,5%
大分県,大分市,鳴門うどん 萩原店,サービス,飲食業,5%
大分県,大分市,鳴門うどん 舞鶴店,サービス,飲食業,5%
大分県,大分市,鳴門うどん 南大分店,サービス,飲食業,5%
大分県,大分市,南米空間ダイニング Ｐｕｅｒｔａ ｄｅｌ Ｓｏｌ プエルタ デル ソル,サービス,飲食業,5%
大分県,大分市,肉料理山國屋,サービス,飲食業,5%
大分県,大分市,西大分 ＳＳ,小売業,ガソリンスタンド,2%
大分県,大分市,西大分ＳＳ,小売業,ガソリンスタンド,2%
大分県,大分市,西の台ＳＳ,小売業,ガソリンスタンド,2%
大分県,大分市,日豊春日タクシー株式会社,サービス,運輸業,5%
大分県,大分市,日豊新星タクシー株式会社,サービス,運輸業,5%
大分県,大分市,日豊タクシー株式会社,サービス,運輸業,5%
大分県,大分市,日豊光タクシー株式会社,サービス,運輸業,5%
大分県,大分市,ニノミヤタクシー,サービス,運輸業,5%
大分県,大分市,二宮タクシー,サービス,運輸業,5%
大分県,大分市,ニューグロリア大分ホテル ニューグロリア大分ホテル,サービス,宿泊業,5%
大分県,大分市,ニューグロリア鶴崎ホテル ニューグロリア鶴崎ホテル,サービス,宿泊業,5%
大分県,大分市,ＮＡＩＬＢＡＲＶｉｒａｇｏ,サービス,理容・美容業,5%
大分県,大分市,ネオ うえむら,小売業,電化製品,5%
大分県,大分市,ネコンテ,サービス,飲食業,5%
大分県,大分市,ネッツトヨタ大分株式会社,小売業,その他小売,5%
大分県,大分市,ネッツトヨタ大分大分駅前店,小売業,その他小売,5%
大分県,大分市,ネッツトヨタ大分Ｚ－ｔｅｎ・ＥＡＳＴ,小売業,その他小売,5%
大分県,大分市,ネッツトヨタ大分Ｚ－ｔｅＮわさだ,小売業,その他小売,5%
大分県,大分市,ネッツトヨタ大分府内大橋店,小売業,その他小売,5%
大分県,大分市,ネッツトヨタ大分本店,小売業,その他小売,5%
大分県,大分市,ネッツトヨタ東九州大分中央店,小売業,その他小売,5%
大分県,大分市,ネッツトヨタ東九州大分東店,小売業,その他小売,5%
大分県,大分市,ネッツトヨタ東九州Ｕ－Ｃａｒセンター,小売業,その他小売,5%
大分県,大分市,ｎｏｉｌｎｏｏｍ,小売業,その他小売,5%
大分県,大分市,野田麗花園,小売業,その他小売,5%
大分県,大分市,ＢＡＲ ＶＩＳＩＯＮＥ,サービス,飲食業,5%
大分県,大分市,萩原給油所,小売業,ガソリンスタンド,2%
大分県,大分市,萩原ＳＳ,小売業,ガソリンスタンド,2%
大分県,大分市,パソコン市場 イオン高城店,小売業,電化製品,5%
大分県,大分市,８８店,小売業,衣料品,5%
大分県,大分市,パティスリーエメルシャットリー,小売業,食料品,5%
大分県,大分市,パティスリーカレン,小売業,その他小売,5%
大分県,大分市,パティスリーサンテテ パティスリーサンテテ,小売業,食料品,5%
大分県,大分市,パナポート,小売業,電化製品,5%
大分県,大分市,パナポートいのうえ,小売業,電化製品,5%
大分県,大分市,パナポートかとう,小売業,電化製品,5%
大分県,大分市,パナポートサトウ,小売業,電化製品,5%
大分県,大分市,パナポート柴北,小売業,電化製品,5%
大分県,大分市,パナポートとおやま,小売業,電化製品,5%
大分県,大分市,パナポートニューウェーブ,小売業,電化製品,5%
大分県,大分市,パナポート松が丘マツデン,小売業,電化製品,5%
大分県,大分市,パナランド築城店,小売業,電化製品,5%
大分県,大分市,パナランド アイシン,小売業,電化製品,5%
大分県,大分市,パナランドおくもと,小売業,その他小売,5%
大分県,大分市,パナランドトーア,小売業,電化製品,5%
大分県,大分市,パナランドネオ,小売業,電化製品,5%
大分県,大分市,パナランド東稙田,小売業,電化製品,5%
大分県,大分市,パナランド別大,小売業,電化製品,5%
大分県,大分市,はねのいろ 賀来店,サービス,飲食業,5%
大分県,大分市,ハルタクシー,サービス,運輸業,5%
大分県,大分市,春日那,サービス,飲食業,5%
大分県,大分市,明屋書店 賀来店,小売業,書籍・玩具・音楽ＣＤ,5%
大分県,大分市,明屋書店 賀来店,小売業,その他小売,5%
大分県,大分市,明屋書店 高城店,小売業,書籍・玩具・音楽ＣＤ,5%
大分県,大分市,明屋書店 高城店,小売業,その他小売,5%
大分県,大分市,ハンコ卸売センター 大分店,小売業,その他小売,5%
大分県,大分市,ＢＭＯ大分高城店,小売業,衣料品,5%
大分県,大分市,ＰＣ?ｏｉｔａ 大分高城,サービス,その他サービス,5%
大分県,大分市,ＰＣ－ｏｉｔａ,サービス,その他サービス,5%
大分県,大分市,美居度呂,サービス,飲食業,5%
大分県,大分市,東大分ＳＳ,小売業,ガソリンスタンド,2%
大分県,大分市,東九州石油春日浦ＳＳ,小売業,ガソリンスタンド,2%
大分県,大分市,ピザポケット 明野店,サービス,飲食業,5%
大分県,大分市,ビジネスホテルＫＧ,サービス,宿泊業,5%
大分県,大分市,ビストロ俊,サービス,飲食業,5%
大分県,大分市,ビストロ俊,サービス,飲食業,5%
大分県,大分市,ビズモンドジャパン,サービス,その他サービス,5%
大分県,大分市,株式会社ピッカー,サービス,理容・美容業,5%
大分県,大分市,ビッグウエーブカワサキ,小売業,その他小売,5%
大分県,大分市,ビッグチェーン,小売業,その他小売,5%
大分県,大分市,ヒットロード,サービス,その他サービス,5%
大分県,大分市,ひまわりタクシー,サービス,運輸業,5%
大分県,大分市,ヒメノ写真館,サービス,その他サービス,5%
大分県,大分市,ヒメノタクシー,サービス,運輸業,5%
大分県,大分市,ピュア販売大分宇都,小売業,その他小売,5%
大分県,大分市,ピュアレディース整体院,サービス,その他サービス,5%
大分県,大分市,ビューティフルパーソン,サービス,理容・美容業,5%
大分県,大分市,美容ピュア大分駅南店,サービス,理容・美容業,5%
大分県,大分市,ひらた薬局,小売業,その他小売,5%
大分県,大分市,ピラティスサロン＆スクールＲｅｅｄＧｒｅｅｎ,サービス,その他サービス,5%
大分県,大分市,Ｂｕｉｌｄ ｈａｉｒ,サービス,理容・美容業,5%
大分県,大分市,Ｖｅｌｕｄｏ ｈａｉｒ 【ビロードヘアー】,サービス,理容・美容業,5%
大分県,大分市,ＴａｔａｒａＨａｉｒ,サービス,理容・美容業,5%
大分県,大分市,フィルドール,サービス,理容・美容業,5%
大分県,大分市,プールヴー,サービス,理容・美容業,5%
大分県,大分市,ｆｏｇｌｉａ 【フォーリア】,サービス,理容・美容業,5%
大分県,大分市,有限会社フクヤ,小売業,衣料品,5%
大分県,大分市,フジノタクシー,サービス,その他サービス,5%
大分県,大分市,ブックオフ下郡店,小売業,書籍・玩具・音楽ＣＤ,2%
大分県,大分市,ブックオフ森町店,小売業,書籍・玩具・音楽ＣＤ,2%
大分県,大分市,府内わっぱ食堂,サービス,飲食業,5%
大分県,大分市,フルーツショップしのだ,小売業,食料品,5%
大分県,大分市,古国府ＳＳ,小売業,ガソリンスタンド,2%
大分県,大分市,フロレスタ大分駅上野の森口店,サービス,飲食業,5%
大分県,大分市,ヘアーサロン満月,サービス,理容・美容業,5%
大分県,大分市,ｈａｉｒ ｓｔｕｄｉｏ Ｒａｙｏｎ,サービス,理容・美容業,5%
大分県,大分市,ＨＡＩＲ ＤＥＳＩＧＮ ＫＡＬＡ 【ヘアーデザイン キャラ】,サービス,理容・美容業,5%
大分県,大分市,ヘアーデザインアンフィニ,サービス,理容・美容業,5%
大分県,大分市,ヘアーデザインクロノ,サービス,理容・美容業,5%
大分県,大分市,ヘアーリゾートディアーズ,サービス,理容・美容業,5%
大分県,大分市,ヘア＆エステ ブルー・モード,サービス,理容・美容業,5%
大分県,大分市,ヘアショップＧ?Ｏ,サービス,理容・美容業,5%
大分県,大分市,Ｖｉｏｌｅｔｔｅ Ｆｌｅｕｒ,サービス,理容・美容業,5%
大分県,大分市,ＨａｉｒＳｐｏｔＺＥＡＬ,サービス,理容・美容業,5%
大分県,大分市,ボードゲームカフェＪＯＧＯ,サービス,飲食業,5%
大分県,大分市,株式会社細井 無法松 大分森町店,小売業,その他小売,5%
大分県,大分市,ホテルエリアワン大分,サービス,宿泊業,5%
大分県,大分市,ホテルトパーズ大在駅前,サービス,宿泊業,5%
大分県,大分市,ホテル日航大分オアシスタワー,サービス,宿泊業,5%
大分県,大分市,ほらや,小売業,その他小売,5%
大分県,大分市,ボルダリングハウス サニーサイド ボルダリングハウス サニーサイド,サービス,その他サービス,5%
大分県,大分市,ボレロ食堂,サービス,飲食業,5%
大分県,大分市,本社,小売業,ガソリンスタンド,2%
大分県,大分市,ボンフルール カガシヤ,小売業,衣料品,5%
大分県,大分市,マクドナルド大分賀来店,サービス,飲食業,2%
大分県,大分市,マクドナルドトキハわさだタウン店,サービス,飲食業,2%
大分県,大分市,マクドナルドトキハわさだフードコート店,サービス,飲食業,2%
大分県,大分市,マチカラフィットネス大分,サービス,その他サービス,5%
大分県,大分市,松岡ＳＳ,小売業,ガソリンスタンド,2%
大分県,大分市,マツデン,小売業,電化製品,5%
大分県,大分市,男子専科 マルサン,小売業,衣料品,5%
大分県,大分市,丸和 味揚本店,小売業,食料品,5%
大分県,大分市,三佐 ＳＳ,小売業,ガソリンスタンド,2%
大分県,大分市,みさき画廊,その他業種,ー,5%
大分県,大分市,溝部タクシー,サービス,運輸業,5%
大分県,大分市,大分トヨタ商事株式会社 南ＳＳ,小売業,ガソリンスタンド,2%
大分県,大分市,南大分ＳＳ,小売業,ガソリンスタンド,2%
大分県,大分市,南大分給油所,小売業,ガソリンスタンド,2%
大分県,大分市,ｍｉｙａｋｏ１?２３,サービス,飲食業,5%
大分県,大分市,ミュージックストアナガト 大分本店,小売業,その他小売,5%
大分県,大分市,Ｍｉｌｉｅｕ,サービス,理容・美容業,5%
大分県,大分市,宗方ＳＳ,小売業,ガソリンスタンド,2%
大分県,大分市,ｍｏｖａｓ,サービス,その他サービス,5%
大分県,大分市,無法松 大分森町店,小売業,その他小売,5%
大分県,大分市,無法松 新貝店,小売業,その他小売,5%
大分県,大分市,無法松 西大分店,小売業,その他小売,5%
大分県,大分市,無法松 わさだ店,小売業,その他小売,5%
大分県,大分市,無法松 新貝店,小売業,その他小売,5%
大分県,大分市,無法松 西大分店,小売業,その他小売,5%
大分県,大分市,無法松 わさだ店,小売業,その他小売,5%
大分県,大分市,明豊マイカ－センタ－オニキス店,サービス,その他サービス,5%
大分県,大分市,明林堂書店大分本店,小売業,その他小売,5%
大分県,大分市,明林堂書店羽屋店,小売業,その他小売,5%
大分県,大分市,明林堂書店米良店,小売業,その他小売,5%
大分県,大分市,メガネのきじま,小売業,その他小売,5%
大分県,大分市,メガネの正視堂,小売業,その他小売,5%
大分県,大分市,メガネの正視堂 賀来店,小売業,その他小売,5%
大分県,大分市,Ｍｅｇｕ Ｔａｘｉ,サービス,運輸業,5%
大分県,大分市,ｍｅｒｌｅｔｔｏ,サービス,理容・美容業,5%
大分県,大分市,ＭｏｗＬｉｆｔ,小売業,家具・調度品,5%
大分県,大分市,モデルハタノ,小売業,その他小売,5%
大分県,大分市,もみまる明野店,サービス,その他サービス,5%
大分県,大分市,もみまる敷戸店,サービス,その他サービス,5%
大分県,大分市,ＭＯＲＩＨＩＲＯ ＴＡＸＩ,サービス,運輸業,5%
大分県,大分市,モリムラ寝装,小売業,衣料品,5%
大分県,大分市,森山タクシー,サービス,運輸業,5%
大分県,大分市,焼鳥ほの香,小売業,食料品,5%
大分県,大分市,焼とり丸ちゃん 本店,サービス,飲食業,5%
大分県,大分市,焼肉 いませ,サービス,飲食業,5%
大分県,大分市,焼肉 大昌苑 焼肉大昌苑,サービス,飲食業,5%
大分県,大分市,焼肉 味楽園,サービス,飲食業,5%
大分県,大分市,焼肉 暁,サービス,飲食業,5%
大分県,大分市,焼肉ダイニングジュジュ,サービス,飲食業,5%
大分県,大分市,焼肉なべしま 大在店,サービス,飲食業,5%
大分県,大分市,焼肉なべしま 下郡店,サービス,飲食業,5%
大分県,大分市,焼肉なべしま わさだ店,サービス,飲食業,5%
大分県,大分市,焼肉なべしま 大分大在店,サービス,飲食業,5%
大分県,大分市,焼肉なべしま 下郡店,サービス,飲食業,5%
大分県,大分市,焼肉ハウス 亜李蘭 大分高城店,サービス,飲食業,5%
大分県,大分市,焼肉横丁,サービス,飲食業,5%
大分県,大分市,安井プロパン株式会社,小売業,その他小売,5%
大分県,大分市,ヤノメガネ 竹町店,小売業,貴金属・服飾品,5%
大分県,大分市,ヤノメガネ 中央店,小売業,貴金属・服飾品,5%
大分県,大分市,山渓,小売業,衣料品,5%
大分県,大分市,山村製靴店,小売業,衣料品,5%
大分県,大分市,やまもとでんか,小売業,電化製品,5%
大分県,大分市,有限会社 カーボデー河野,サービス,その他サービス,5%
大分県,大分市,有 八天堂 大分クレインホテル高城店,サービス,宿泊業,5%
大分県,大分市,有 八天堂 クレインホテル レストラン,サービス,飲食業,5%
大分県,大分市,有限会社エコワン,サービス,その他サービス,5%
大分県,大分市,有限会社エムライフシティ,その他業種,ー,5%
大分県,大分市,有限会社ドゥイット,サービス,その他サービス,5%
大分県,大分市,有限会社フクヤ 有限会社フクヤ,小売業,衣料品,5%
大分県,大分市,有限会社山渓,小売業,その他小売,5%
大分県,大分市,ＲＡＭＥＮＢＡＲＫＩＲＡＲＡ,サービス,飲食業,5%
大分県,大分市,Ｒｉｋｅ ｃａｆｅ．,サービス,飲食業,5%
大分県,大分市,ＬＥＧＧＵ,サービス,理容・美容業,5%
大分県,大分市,ラックス 三川店,サービス,その他サービス,5%
大分県,大分市,ラックス 南春日店,サービス,その他サービス,5%
大分県,大分市,Ｌｅｅ アミュプラザおおいた店,小売業,衣料品,5%
大分県,大分市,ＲｅｅｄＧｒｅｎｂｅａｕｔｙ,サービス,その他サービス,5%
大分県,大分市,Ｌｉｔｔｌｅ Ｃｌａｎ,サービス,理容・美容業,5%
大分県,大分市,Ｌｉｔｔｌｅ Ｃｌａｎ,サービス,理容・美容業,5%
大分県,大分市,リビング ファッションアリー,小売業,衣料品,5%
大分県,大分市,リフレッシュ工房 大分駅前店,サービス,その他サービス,5%
大分県,大分市,リフレッシュ工房 西の台店,サービス,その他サービス,5%
大分県,大分市,リフレッシュ工房わさだタウン店,サービス,その他サービス,5%
大分県,大分市,料理家くらかけ,サービス,飲食業,5%
大分県,大分市,もこもこねこ,サービス,その他サービス,5%
大分県,大分市,レコルトヘアーインク,サービス,理容・美容業,5%
大分県,大分市,ろばた阿吽,サービス,飲食業,5%
大分県,大分市,ｗａ－ｋａｔａｃｈｉ,小売業,衣料品,5%
大分県,大分市,稙田ＳＳ セルフ,小売業,ガソリンスタンド,2%
大分県,大分市,和田タクシー,サービス,運輸業,5%
大分県,大分市,渡辺タクシー,サービス,運輸業,5%
大分県,大分市,ＯＮＥＰＬＡＴＥ,サービス,飲食業,5%
大分県,杵築市,アトリエＳＡＷＡＷＡ,その他業種,ー,5%
大分県,杵築市,出光杵築北浜ＳＳ,小売業,ガソリンスタンド,2%
大分県,杵築市,神田楽市山香店,小売業,食料品,5%
大分県,杵築市,セブン－イレブン杵築北浜店,小売業,食料品,2%
大分県,杵築市,杵築給油所,小売業,ガソリンスタンド,2%
大分県,杵築市,セブン－イレブン杵築南杵築店,小売業,食料品,2%
大分県,杵築市,行政書士工藤正寛事務所,その他業種,ー,5%
大分県,杵築市,三光スポーツ,小売業,衣料品,5%
大分県,杵築市,志手商店 志手商店,小売業,その他小売,5%
大分県,杵築市,正光堂,小売業,電化製品,5%
大分県,杵築市,株式会社正光堂時計店,その他業種,ー,5%
大分県,杵築市,でんでん館にのみや,小売業,電化製品,5%
大分県,杵築市,ドリーム三川ＳＳ,小売業,ガソリンスタンド,2%
大分県,杵築市,三川給油所,小売業,ガソリンスタンド,2%
大分県,杵築市,木工房矢吹,小売業,家具・調度品,5%
大分県,杵築市,守江ＳＳ,小売業,ガソリンスタンド,2%
大分県,杵築市,守江港給油所,小売業,ガソリンスタンド,2%
大分県,杵築市,八坂ＳＳ,小売業,ガソリンスタンド,2%
大分県,杵築市,山香温泉風の郷,サービス,宿泊業,5%
大分県,玖珠町,出光岩室ＳＳ,小売業,ガソリンスタンド,2%
大分県,玖珠町,犬はりこ和食レストラン,サービス,飲食業,5%
大分県,玖珠町,Ｈｅｄｏｎｉｅ,サービス,理容・美容業,5%
大分県,玖珠町,玖珠ＳＳ,小売業,ガソリンスタンド,2%
大分県,玖珠町,久留米ヤクルト販売 玖珠Ｃ,小売業,食料品,5%
大分県,玖珠町,トマトファーム,小売業,食料品,5%
大分県,玖珠町,パナックス サトー,小売業,電化製品,5%
大分県,玖珠町,豊後森ＳＳ,小売業,ガソリンスタンド,2%
大分県,玖珠町,ヘアーサロンナカシマ,サービス,理容・美容業,5%
大分県,玖珠町,ベルリンメガネ 玖珠店,小売業,その他小売,5%
大分県,玖珠町,有限会社 伊勢屋,小売業,食料品,5%
大分県,玖珠町,ヨシヒロ,小売業,衣料品,5%
大分県,玖珠町,若屋,サービス,飲食業,5%
大分県,国東市,出光国見ＳＳ,小売業,ガソリンスタンド,2%
大分県,国東市,ヴィラ・くにさき,サービス,宿泊業,5%
大分県,国東市,ウェルビー 大分空港店,サービス,その他サービス,5%
大分県,国東市,ウェルビー大分空港店,サービス,その他サービス,5%
大分県,国東市,おかげハウス,サービス,飲食業,5%
大分県,国東市,オリックスレンタカー大分空港店,サービス,その他サービス,2%
大分県,国東市,カー用品専門店 カーショップＴＡＭＡＤＡ,小売業,その他小売,5%
大分県,国東市,株式会社旅月,サービス,宿泊業,5%
大分県,国東市,ｇｙｏｉ,サービス,飲食業,5%
大分県,国東市,セブン－イレブン国東鶴川店,小売業,食料品,2%
大分県,国東市,国東半島国見ユースホステル,サービス,その他サービス,5%
大分県,国東市,国広書店,小売業,書籍・玩具・音楽ＣＤ,5%
大分県,国東市,国見ＳＳ,小売業,ガソリンスタンド,2%
大分県,国東市,来の浦ＳＳ,小売業,ガソリンスタンド,2%
大分県,国東市,炭火焼工房 つるの恩返し,サービス,飲食業,5%
大分県,国東市,田吹ＳＳ 有限会社田吹石油,小売業,ガソリンスタンド,2%
大分県,国東市,でんでん館 ひまわり,小売業,電化製品,5%
大分県,国東市,テン・ポイント安岐ＳＳ,小売業,ガソリンスタンド,2%
大分県,国東市,陶房ふくなが,その他業種,ー,5%
大分県,国東市,富来茶家,サービス,飲食業,5%
大分県,国東市,まるめキッチン,サービス,飲食業,5%
大分県,国東市,武蔵給油所,小売業,ガソリンスタンド,2%
大分県,国東市,有限会社酒井商店 大分空港ＳＳ,小売業,ガソリンスタンド,2%
大分県,国東市,ラーメン カフェ 明星,サービス,飲食業,5%
大分県,国東市,Ｙショップ国見マツモト 松本書店,小売業,食料品,5%
大分県,九重町,出光豊後中村ＳＳ,小売業,ガソリンスタンド,2%
大分県,九重町,恵良ＳＳ,小売業,ガソリンスタンド,2%
大分県,九重町,炭火焼き花鳥使,サービス,飲食業,5%
大分県,九重町,カナディアンヴィレッジ,サービス,宿泊業,5%
大分県,九重町,かねよし,小売業,総合（非専門）,5%
大分県,九重町,九重観光ホテル,サービス,宿泊業,5%
大分県,九重町,九重観光ホテル,サービス,宿泊業,5%
大分県,九重町,くじゅう自然動物園,サービス,その他サービス,5%
大分県,九重町,高原ショップ小野,小売業,総合（非専門）,5%
大分県,九重町,高原の隠れ家 スパ・グリネス,サービス,その他サービス,5%
大分県,九重町,秀月,サービス,宿泊業,5%
大分県,九重町,チェーン出張販売匠,小売業,その他小売,5%
大分県,九重町,炭火焼鳥匠,サービス,飲食業,5%
大分県,九重町,セルフ九重 ＳＳ,小売業,ガソリンスタンド,2%
大分県,九重町,出張チェーン販売匠,サービス,その他サービス,5%
大分県,九重町,旅籠彩くら,サービス,宿泊業,5%
大分県,九重町,八丁原ヴューホテル,サービス,宿泊業,5%
大分県,九重町,はんなりおやど龍泉閣,サービス,宿泊業,5%
大分県,九重町,ＦＡＲＥＡＳＴＨＯＲＩＺＯＮ,小売業,衣料品,5%
大分県,九重町,宝泉寺ＳＳ,小売業,ガソリンスタンド,2%
大分県,九重町,名水の宿 宝珠屋,サービス,宿泊業,5%
大分県,九重町,山あいの宿喜安屋,サービス,宿泊業,5%
大分県,九重町,山あいの宿 喜安屋 山あいの宿喜安屋,サービス,宿泊業,5%
大分県,九重町,山の宿 霊泉 寒の地獄旅館,サービス,宿泊業,5%
大分県,九重町,旅館 ゆのもと荘,サービス,宿泊業,5%
大分県,九重町,旅館かくおや,サービス,宿泊業,5%
大分県,九重町,旅館白滝,サービス,宿泊業,5%
大分県,九重町,旅館なななかまど,サービス,宿泊業,5%
大分県,九重町,若杉自動車整備工場,小売業,その他小売,5%
大分県,佐伯市,あのん,サービス,その他サービス,5%
大分県,佐伯市,荒川屋,小売業,総合（非専門）,5%
大分県,佐伯市,居酒屋とり富 佐伯本店,サービス,飲食業,5%
大分県,佐伯市,出光弥生ＳＳ,小売業,ガソリンスタンド,2%
大分県,佐伯市,ウチダ写真館,サービス,その他サービス,5%
大分県,佐伯市,カービューティープロ磨屋,サービス,その他サービス,5%
大分県,佐伯市,海鮮の宿まつ浦,サービス,宿泊業,5%
大分県,佐伯市,割烹山城家,サービス,飲食業,5%
大分県,佐伯市,蒲江 ＳＳ,小売業,ガソリンスタンド,2%
大分県,佐伯市,蒲江竹野浦ＳＳ,小売業,ガソリンスタンド,2%
大分県,佐伯市,上浦ＳＳ,小売業,ガソリンスタンド,2%
大分県,佐伯市,上岡ＳＳ,小売業,ガソリンスタンド,2%
大分県,佐伯市,カレーハウスＣｏＣｏ壱番屋コスモタウン佐伯店,サービス,飲食業,2%
大分県,佐伯市,クアンカドーネ,小売業,食料品,5%
大分県,佐伯市,木立ＳＳ,小売業,ガソリンスタンド,2%
大分県,佐伯市,佐伯ＳＳ,小売業,ガソリンスタンド,2%
大分県,佐伯市,セブン－イレブン佐伯池田店,小売業,食料品,2%
大分県,佐伯市,セブン－イレブン佐伯インター店,小売業,食料品,2%
大分県,佐伯市,佐伯駅前ＳＳ,小売業,ガソリンスタンド,2%
大分県,佐伯市,セブン－イレブン佐伯海崎店,小売業,食料品,2%
大分県,佐伯市,セブン－イレブン佐伯上岡店,小売業,食料品,2%
大分県,佐伯市,佐伯幹線通ＳＳ,小売業,ガソリンスタンド,2%
大分県,佐伯市,セブン－イレブン佐伯蟹田店,小売業,食料品,2%
大分県,佐伯市,セブン－イレブン佐伯城南町店,小売業,食料品,2%
大分県,佐伯市,セブン－イレブン佐伯長島町店,小売業,食料品,2%
大分県,佐伯市,セブン－イレブン佐伯中の島店,小売業,食料品,2%
大分県,佐伯市,佐伯蛇崎ＳＳ,小売業,ガソリンスタンド,2%
大分県,佐伯市,セブン－イレブン佐伯弥生店,小売業,食料品,2%
大分県,佐伯市,サイクルショップやまうち,小売業,その他小売,5%
大分県,佐伯市,サンテツダミー,小売業,ガソリンスタンド,2%
大分県,佐伯市,ジュエルアンドウ,小売業,貴金属・服飾品,5%
大分県,佐伯市,城東ＳＳ,小売業,ガソリンスタンド,2%
大分県,佐伯市,城東橋ＳＳ,小売業,ガソリンスタンド,2%
大分県,佐伯市,セルフ佐伯ＳＳ,小売業,ガソリンスタンド,2%
大分県,佐伯市,船頭町ＳＳ,小売業,ガソリンスタンド,2%
大分県,佐伯市,デンキの池田,小売業,電化製品,5%
大分県,佐伯市,トヨタレンタリース大分佐伯店,小売業,その他小売,2%
大分県,佐伯市,直川給油所,小売業,ガソリンスタンド,2%
大分県,佐伯市,錦寿司,サービス,飲食業,5%
大分県,佐伯市,ネッツトヨタ大分佐伯店,小売業,その他小売,5%
大分県,佐伯市,ネッツトヨタ東九州佐伯店,小売業,その他小売,5%
大分県,佐伯市,畑ノ浦ＳＳ,小売業,ガソリンスタンド,2%
大分県,佐伯市,パナポート河本,小売業,電化製品,5%
大分県,佐伯市,パナポート吉田,小売業,電化製品,5%
大分県,佐伯市,Ｂａｌａｎｃｅ Ｏｎｅ １,サービス,理容・美容業,5%
大分県,佐伯市,Ｂ Ｒ ＳＡＷＡＫＩ,サービス,その他サービス,5%
大分県,佐伯市,ピースカットショップ,サービス,理容・美容業,5%
大分県,佐伯市,ピースカットショップ,サービス,理容・美容業,5%
大分県,佐伯市,ブーランジェリーみたらし,小売業,食料品,5%
大分県,佐伯市,ＨａｉｒＬｉｎｋ,サービス,その他サービス,5%
大分県,佐伯市,宝石・時計ニシジマ,小売業,貴金属・服飾品,5%
大分県,佐伯市,豊南ＳＳ,小売業,ガソリンスタンド,2%
大分県,佐伯市,本社,小売業,ガソリンスタンド,2%
大分県,佐伯市,本匠ＳＳ,小売業,ガソリンスタンド,2%
大分県,佐伯市,ホンダカーズ 佐伯西谷店,小売業,その他小売,5%
大分県,佐伯市,道の駅かまえ,サービス,飲食業,5%
大分県,佐伯市,有限会社 宮明薬局,小売業,その他小売,5%
大分県,佐伯市,民宿 花水木,サービス,宿泊業,5%
大分県,佐伯市,明林堂書店佐伯店,小売業,その他小売,5%
大分県,佐伯市,明林堂書店 トキハ佐伯店,小売業,その他小売,5%
大分県,佐伯市,森崎ＳＳ,小売業,ガソリンスタンド,2%
大分県,佐伯市,山田ＳＳ,小売業,ガソリンスタンド,2%
大分県,佐伯市,弥生ＳＳ,小売業,ガソリンスタンド,2%
大分県,佐伯市,弥生井崎ＳＳ,小売業,ガソリンスタンド,2%
大分県,竹田市,井電気総合,小売業,電化製品,5%
大分県,竹田市,居酒屋ダイニング８８スタイル,サービス,飲食業,5%
大分県,竹田市,出光柏原ＳＳ,小売業,ガソリンスタンド,2%
大分県,竹田市,岡城ＳＳ,小売業,ガソリンスタンド,2%
大分県,竹田市,荻ＳＳ,小売業,ガソリンスタンド,2%
大分県,竹田市,おし花工房いちりん草,小売業,その他小売,5%
大分県,竹田市,ＯｓｔｅｒｉａｅＢａｒＲｅｃａＤ,サービス,飲食業,5%
大分県,竹田市,卸直売ＳＳ,小売業,ガソリンスタンド,2%
大分県,竹田市,御宿 友喜美荘,サービス,宿泊業,5%
大分県,竹田市,カリン,小売業,食料品,5%
大分県,竹田市,城原ＳＳ,小売業,ガソリンスタンド,2%
大分県,竹田市,有限会社暮らしの衣料みやざき,小売業,衣料品,5%
大分県,竹田市,久住ワイナリー,小売業,食料品,5%
大分県,竹田市,ザガンジーホテルアンドリゾート,サービス,宿泊業,5%
大分県,竹田市,ショッピングあだち,小売業,総合（非専門）,5%
大分県,竹田市,新光,その他業種,ー,5%
大分県,竹田市,セルフ竹田ＳＳ,小売業,ガソリンスタンド,2%
大分県,竹田市,竹田ＳＳ,小売業,ガソリンスタンド,2%
大分県,竹田市,竹田天神ＳＳ,小売業,ガソリンスタンド,2%
大分県,竹田市,田部モータース,サービス,理容・美容業,5%
大分県,竹田市,玉来ＳＳ,小売業,ガソリンスタンド,2%
大分県,竹田市,直入ＳＳ,小売業,ガソリンスタンド,2%
大分県,竹田市,長湯ＳＳ,小売業,ガソリンスタンド,2%
大分県,竹田市,人形工房かじか,小売業,その他小売,5%
大分県,竹田市,ネッツトヨタ東九州 竹田店,小売業,その他小売,5%
大分県,竹田市,松本ＳＳ,小売業,ガソリンスタンド,2%
大分県,竹田市,都野ＳＳ,小売業,ガソリンスタンド,2%
大分県,竹田市,民宿城山,サービス,宿泊業,5%
大分県,竹田市,やすらぎの宿 かどやＲｅ やすらぎの宿かどやＲｅ,サービス,宿泊業,5%
大分県,津久見市,アサダ美容室 アサダ美容室,サービス,理容・美容業,5%
大分県,津久見市,出光千怒ＳＳ,小売業,ガソリンスタンド,2%
大分県,津久見市,千怒ＳＳ,小売業,ガソリンスタンド,2%
大分県,津久見市,津久見ＳＳ,小売業,ガソリンスタンド,2%
大分県,津久見市,津久見ＳＳ,小売業,ガソリンスタンド,2%
大分県,津久見市,セブン－イレブン津久見松崎店,小売業,食料品,2%
大分県,津久見市,セブン－イレブン津久見港町店,小売業,食料品,2%
大分県,津久見市,トップリカーズ彦の内店,小売業,総合（非専門）,5%
大分県,津久見市,二代目 与作,サービス,飲食業,5%
大分県,津久見市,華うさぎ,サービス,飲食業,5%
大分県,津久見市,パナポートフジマル,小売業,電化製品,5%
大分県,津久見市,穂門島大川,サービス,飲食業,5%
大分県,津久見市,丸福衣料,小売業,衣料品,5%
大分県,津久見市,よもぎ蒸しサロン Ｓａｌａ,サービス,理容・美容業,5%
大分県,中津市,アイ モリヤマ,小売業,電化製品,5%
大分県,中津市,アラジン中津店,小売業,その他小売,5%
大分県,中津市,亜李蘭別邸 中津本店,サービス,飲食業,5%
大分県,中津市,いずみ電器,小売業,電化製品,5%
大分県,中津市,出光中津中央ＳＳ,小売業,ガソリンスタンド,2%
大分県,中津市,出光東中津ＳＳ,小売業,ガソリンスタンド,2%
大分県,中津市,出光耶馬溪ＳＳ,小売業,ガソリンスタンド,2%
大分県,中津市,エスエスツーリスト,サービス,その他サービス,5%
大分県,中津市,オリックスレンタカー中津駅前店,サービス,その他サービス,2%
大分県,中津市,カートピアキクチＳＳ,小売業,ガソリンスタンド,2%
大分県,中津市,株式会社後藤商事,サービス,その他サービス,5%
大分県,中津市,株式会社横山酒販 営業部,小売業,その他小売,5%
大分県,中津市,髪ＣＬＵＢ Ｈｅａｒｔｙ,サービス,理容・美容業,5%
大分県,中津市,カワムラ電器,小売業,電化製品,5%
大分県,中津市,甘味処 禅海茶屋,サービス,飲食業,5%
大分県,中津市,ＫＩＳＡＫＩＳＡＮＤ,サービス,飲食業,5%
大分県,中津市,グッデイ 中津大貞店,小売業,その他小売,5%
大分県,中津市,グッデイ 中津店,小売業,その他小売,5%
大分県,中津市,グッデイ 中津店,小売業,その他小売,5%
大分県,中津市,Ｇｌｉｍｐｓｅ 中津店,サービス,その他サービス,5%
大分県,中津市,ＣｏＣｏ壱番屋大分中津店,サービス,飲食業,2%
大分県,中津市,株式会社後藤商事,サービス,その他サービス,5%
大分県,中津市,コドモノ,小売業,衣料品,5%
大分県,中津市,酒スタジアムヨコヤマ 福沢通り店,小売業,食料品,5%
大分県,中津市,酒スタジアムヨコヤマ 宮島店,小売業,食料品,5%
大分県,中津市,三光ＳＳ,小売業,ガソリンスタンド,2%
大分県,中津市,三楽工房,その他業種,ー,5%
大分県,中津市,三楽工房,小売業,食料品,5%
大分県,中津市,三楽工房,小売業,食料品,5%
大分県,中津市,ｊｕｊｕ,サービス,理容・美容業,5%
大分県,中津市,スーパー細川万田店,小売業,食料品,5%
大分県,中津市,鮨処 磯屋,サービス,飲食業,5%
大分県,中津市,炭火焼肉家族亭中津店,サービス,飲食業,5%
大分県,中津市,セルフ本耶馬溪ＳＳ,小売業,ガソリンスタンド,2%
大分県,中津市,ダイニングレストランふわふわ,サービス,飲食業,5%
大分県,中津市,釣具センターえびすや,小売業,その他小売,5%
大分県,中津市,でんき館サカモト,小売業,電化製品,5%
大分県,中津市,でんき館いしい,小売業,電化製品,5%
大分県,中津市,でんき館しらいし,小売業,電化製品,5%
大分県,中津市,でんき館シラキハラ,小売業,電化製品,5%
大分県,中津市,でんき館タカハシ,小売業,電化製品,5%
大分県,中津市,でんき館垂水,小売業,電化製品,5%
大分県,中津市,でんき館ナカイ,小売業,電化製品,5%
大分県,中津市,でんき館ユタカ,小売業,電化製品,5%
大分県,中津市,デンヒチ中津営業所,小売業,その他小売,5%
大分県,中津市,トヨタ部品福岡共販中津営業所,その他業種,ー,5%
大分県,中津市,トヨタレンタリース大分中津駅南口店,小売業,その他小売,2%
大分県,中津市,ｎｏｗｗｅａｒｔｈｉｓ,小売業,衣料品,5%
大分県,中津市,中津家具,小売業,家具・調度品,5%
大分県,中津市,セブン－イレブン中津今津大橋店,小売業,食料品,2%
大分県,中津市,セブン－イレブン中津是則店,小売業,食料品,2%
大分県,中津市,中津サンライズホテルホテル,サービス,宿泊業,5%
大分県,中津市,中津バーナーセンター,小売業,その他小売,5%
大分県,中津市,中津東給油所,小売業,ガソリンスタンド,2%
大分県,中津市,中津ボクシング教室,その他業種,ー,5%
大分県,中津市,中津本社営業所,サービス,運輸業,5%
大分県,中津市,セブン－イレブン中津本耶馬溪町店,小売業,食料品,2%
大分県,中津市,ナチュール美容室,サービス,理容・美容業,5%
大分県,中津市,有限会社二反田醤油店中津工場,小売業,食料品,5%
大分県,中津市,丹羽茶舗,小売業,食料品,5%
大分県,中津市,ネッツトヨタ大分中津店,小売業,その他小売,5%
大分県,中津市,ハルチョコレート店,サービス,飲食業,5%
大分県,中津市,明屋書店 中央町店,小売業,書籍・玩具・音楽ＣＤ,5%
大分県,中津市,明屋書店 中央町店,小売業,その他小売,5%
大分県,中津市,日ノ出電気商会,小売業,電化製品,5%
大分県,中津市,美容室アクア,サービス,理容・美容業,5%
大分県,中津市,ファインミヤガキ,小売業,電化製品,5%
大分県,中津市,フェアトレード大地,小売業,衣料品,5%
大分県,中津市,福沢通りＳＳ,小売業,ガソリンスタンド,2%
大分県,中津市,福田電器店,小売業,電化製品,5%
大分県,中津市,プロショップ新居,小売業,その他小売,5%
大分県,中津市,Ｈａｉｒ Ｒｅｌａｘａｔｉｏｎ Ｌｕｃｅ 美容室 ルーチェ,サービス,理容・美容業,5%
大分県,中津市,ヘアークラフトジーノ,サービス,理容・美容業,5%
大分県,中津市,ベルリンメガネ 中央店,小売業,その他小売,5%
大分県,中津市,ベルリンメガネ,小売業,貴金属・服飾品,5%
大分県,中津市,本耶馬渓ＳＳ,小売業,ガソリンスタンド,2%
大分県,中津市,マクドナルドイオンモール三光店,サービス,飲食業,2%
大分県,中津市,マクドナルド中津店,サービス,飲食業,2%
大分県,中津市,ミュージックストアナガト 中津店,小売業,その他小売,5%
大分県,中津市,ｍｉｌｋｙ ｈａｉｒ ｄｅｓｉｇ,サービス,理容・美容業,5%
大分県,中津市,無添加 オーガニック焼き菓子 結と,小売業,食料品,5%
大分県,中津市,無法松 中津店,小売業,その他小売,5%
大分県,中津市,無法松 中津店,小売業,その他小売,5%
大分県,中津市,明林堂書店ゆめタウン中津店,小売業,その他小売,5%
大分県,中津市,薬神堂 白十字薬局,小売業,その他小売,5%
大分県,中津市,やすらぎの郷やまくに,サービス,宿泊業,5%
大分県,中津市,耶馬溪給油所,小売業,ガソリンスタンド,2%
大分県,中津市,（有）花かんばる,小売業,その他小売,5%
大分県,中津市,有限会社まえだ,小売業,その他小売,5%
大分県,中津市,ゆめタウン中津カガシヤ中津店,小売業,衣料品,5%
大分県,中津市,吉崎電気商会,小売業,電化製品,5%
大分県,中津市,よろず屋カフェやまびこ,サービス,飲食業,5%
大分県,中津市,Ｌｉｅｎ【リアン】,サービス,理容・美容業,5%
大分県,中津市,レストハウス洞門,小売業,その他小売,5%
大分県,中津市,わかるとできる ゆめタウン大分中津校,その他業種,ー,5%
大分県,日出町,出光セルフ日出ＳＳ,小売業,ガソリンスタンド,2%
大分県,日出町,岩尾商事,小売業,電化製品,5%
大分県,日出町,ウェルビー整骨院,サービス,その他サービス,5%
大分県,日出町,おおがファーム,サービス,飲食業,5%
大分県,日出町,大神ファーム,サービス,その他サービス,5%
大分県,日出町,からあげ幸力 日出店,小売業,食料品,5%
大分県,日出町,川崎ＳＳ,小売業,ガソリンスタンド,2%
大分県,日出町,川嶋モータース,サービス,その他サービス,5%
大分県,日出町,ギャラリーＫＡＮ,サービス,飲食業,5%
大分県,日出町,グランド工房日出店,小売業,その他小売,5%
大分県,日出町,セルフ日出給油所,小売業,ガソリンスタンド,2%
大分県,日出町,パナランドふじた日出店,小売業,電化製品,5%
大分県,日出町,日出ＳＳ,小売業,ガソリンスタンド,2%
大分県,日出町,セブン－イレブン日出赤松店,小売業,食料品,2%
大分県,日出町,セブン－イレブン日出インター店,小売業,食料品,2%
大分県,日出町,セブン－イレブン日出駅前店,小売業,食料品,2%
大分県,日出町,セブン－イレブン日出佐尾店,小売業,食料品,2%
大分県,日出町,セブン－イレブン日出暘谷駅前店,小売業,食料品,2%
大分県,日出町,ビーンズ つじま,小売業,電化製品,5%
大分県,日出町,堀ＳＳ,小売業,ガソリンスタンド,2%
大分県,日出町,明林堂書店日出店,小売業,その他小売,5%
大分県,日田市,天瀬観光ホテル 成天閣,サービス,宿泊業,5%
大分県,日田市,石井ＳＳ,小売業,ガソリンスタンド,2%
大分県,日田市,石田産業,サービス,公共料金,2%
大分県,日田市,出光津江ＳＳ,小売業,ガソリンスタンド,2%
大分県,日田市,ウッドアート楽,小売業,家具・調度品,5%
大分県,日田市,大賀薬局 三本松店,小売業,その他小売,5%
大分県,日田市,石井石油店 大肥ＳＳ,小売業,ガソリンスタンド,2%
大分県,日田市,大山ＳＳ 株式会社梅原石油,小売業,ガソリンスタンド,2%
大分県,日田市,小田商店,小売業,その他小売,5%
大分県,日田市,オリンピア,小売業,衣料品,5%
大分県,日田市,7.32E+12,サービス,宿泊業,5%
大分県,日田市,株式会社吉冨産業,小売業,ガソリンスタンド,2%
大分県,日田市,カレーハウスＣｏＣｏ壱番屋大分日田店,サービス,飲食業,2%
大分県,日田市,亀山亭ホテル,サービス,宿泊業,5%
大分県,日田市,久留米ヤクルト販売 日田Ｃ,小売業,食料品,5%
大分県,日田市,シックヘアーデザイン,その他業種,ー,5%
大分県,日田市,小京都の湯みくまホテル,サービス,宿泊業,5%
大分県,日田市,寿し金,サービス,飲食業,5%
大分県,日田市,ｓｔｕｄｙｉｎｋｓ,小売業,衣料品,5%
大分県,日田市,崔おばさんのビックリホルモン家 別館日田店,サービス,飲食業,5%
大分県,日田市,天神ＳＳ,小売業,ガソリンスタンド,2%
大分県,日田市,天神ＳＳ Ｓ,小売業,ガソリンスタンド,2%
大分県,日田市,電′Ｓかみかわ,小売業,電化製品,5%
大分県,日田市,電’ｓとよだ,小売業,電化製品,5%
大分県,日田市,Ｄｒ．Ｄｒｉｖｅセルフ新治店,小売業,ガソリンスタンド,2%
大分県,日田市,トヨタ部品福岡共販日田営業所,その他業種,ー,5%
大分県,日田市,トヨタレンタリース大分日田店,小売業,その他小売,2%
大分県,日田市,中津江ＳＳ,小売業,ガソリンスタンド,2%
大分県,日田市,ネッツトヨタ大分日田店,小売業,その他小売,5%
大分県,日田市,飲みＢＡＲ森のくまさん,サービス,飲食業,5%
大分県,日田市,博多麺王日田,サービス,飲食業,5%
大分県,日田市,原次郎左衛門の味噌醤油,小売業,総合（非専門）,5%
大分県,日田市,Ｂａｒｉａｎ,サービス,理容・美容業,5%
大分県,日田市,明屋書店 日田店,小売業,書籍・玩具・音楽ＣＤ,5%
大分県,日田市,明屋書店 日田店,小売業,その他小売,5%
大分県,日田市,日田石油販売 日田ＳＳ,小売業,ガソリンスタンド,2%
大分県,日田市,日田 ＳＳ,小売業,ガソリンスタンド,2%
大分県,日田市,日田インターＳＳ,小売業,ガソリンスタンド,2%
大分県,日田市,日田石油販売 日田北ＳＳ,小売業,ガソリンスタンド,2%
大分県,日田市,日田玉川バイパス給油所,小売業,ガソリンスタンド,2%
大分県,日田市,日田中央ＳＳ,小売業,ガソリンスタンド,2%
大分県,日田市,日田電気ガスセンター,小売業,電化製品,5%
大分県,日田市,Ｈｉｔａ２９８９,サービス,飲食業,5%
大分県,日田市,Ｈｉｔａ２９８９ Ｈｉｔａ２９８９,サービス,飲食業,5%
大分県,日田市,日田の宿 よろづや,サービス,宿泊業,5%
大分県,日田市,セブン－イレブン日田三和店,小売業,食料品,2%
大分県,日田市,美容ピュア 日田店,サービス,理容・美容業,5%
大分県,日田市,ビーンズ さかもと,小売業,電化製品,5%
大分県,日田市,ファッションギャラリー くさの,小売業,衣料品,5%
大分県,日田市,ふじスタジオ,小売業,その他小売,5%
大分県,日田市,藤山ＳＳ,小売業,ガソリンスタンド,2%
大分県,日田市,フレッシュマートたちばな,小売業,総合（非専門）,5%
大分県,日田市,ホテル ソシア,サービス,宿泊業,5%
大分県,日田市,マクドナルド日田店,サービス,飲食業,2%
大分県,日田市,松本自動車工場,サービス,その他サービス,5%
大分県,日田市,丸記屋,小売業,総合（非専門）,5%
大分県,日田市,マルマタしょう油,小売業,食料品,5%
大分県,日田市,無法松 日田店,小売業,その他小売,5%
大分県,日田市,明林堂書店城町店,小売業,その他小売,5%
大分県,日田市,有限会社宝屋プロパンガス,サービス,その他サービス,5%
大分県,日田市,有限会社日田ガス,サービス,その他サービス,5%
大分県,日田市,夢の国・星の国みるきーすぱサンビレッヂ,サービス,宿泊業,5%
大分県,日田市,洋服のいけなが,小売業,衣料品,5%
大分県,日田市,Ｌｉｆｅ ｄｅｓｉｇｎ ｓｈｏｐ,小売業,その他小売,5%
大分県,日田市,Ｌｉｌａｃ,小売業,衣料品,5%
大分県,日田市,ランドマーク,小売業,衣料品,5%
大分県,日田市,ランドマークオム,小売業,衣料品,5%
大分県,日田市,る・りあん 日田店,小売業,衣料品,5%
大分県,姫島村,安西旅館,サービス,宿泊業,5%
大分県,姫島村,おおいた姫島,小売業,食料品,5%
大分県,姫島村,ショッピングセンターはなだ,小売業,総合（非専門）,5%
大分県,豊後大野市,あさじまちルート５７給油所,小売業,ガソリンスタンド,2%
大分県,豊後大野市,あべよしストアー,小売業,総合（非専門）,5%
大分県,豊後大野市,出光スーパーセルフ三重ＳＳ,小売業,ガソリンスタンド,2%
大分県,豊後大野市,大迫 ＳＳ,小売業,ガソリンスタンド,2%
大分県,豊後大野市,大野町ＳＳ,小売業,ガソリンスタンド,2%
大分県,豊後大野市,大野町田中ＳＳ,小売業,ガソリンスタンド,2%
大分県,豊後大野市,大原ＳＳ,小売業,ガソリンスタンド,2%
大分県,豊後大野市,清川ＳＳ,小売業,ガソリンスタンド,2%
大分県,豊後大野市,清川ＳＳ,小売業,ガソリンスタンド,2%
大分県,豊後大野市,そば酒場 ＷＡＳＡＢｉ,サービス,飲食業,5%
大分県,豊後大野市,ＴＡＮＴＯ,サービス,飲食業,5%
大分県,豊後大野市,チコマートことぶきや,小売業,総合（非専門）,5%
大分県,豊後大野市,ネッツトヨタ大分三重店,小売業,その他小売,5%
大分県,豊後大野市,パナポート小野,小売業,電化製品,5%
大分県,豊後大野市,パナポート片山,小売業,電化製品,5%
大分県,豊後大野市,パナポート クツカケ,小売業,電化製品,5%
大分県,豊後大野市,カフェパラム,サービス,飲食業,5%
大分県,豊後大野市,深田商会,小売業,電化製品,5%
大分県,豊後大野市,セブン－イレブン豊後大野三重赤嶺店,小売業,食料品,2%
大分県,豊後大野市,セブン－イレブン豊後大野三重大原店,小売業,食料品,2%
大分県,豊後大野市,セブン－イレブン豊後大野三重小坂店,小売業,食料品,2%
大分県,豊後大野市,三重ＳＳ,小売業,ガソリンスタンド,2%
大分県,豊後大野市,三重オートサービス,サービス,その他サービス,5%
大分県,豊後大野市,三重原ＳＳ,小売業,ガソリンスタンド,2%
大分県,豊後大野市,有限会社佐々木写真舘,サービス,その他サービス,5%
大分県,豊後高田市,出光豊後高田ＳＳ,小売業,ガソリンスタンド,2%
大分県,豊後高田市,海猫,サービス,飲食業,5%
大分県,豊後高田市,割烹のがみ,サービス,飲食業,5%
大分県,豊後高田市,榧の木,サービス,飲食業,5%
大分県,豊後高田市,串焼ちょいとそこまで,サービス,飲食業,5%
大分県,豊後高田市,ｃｒｅｐｅｍａｒｏ,サービス,飲食業,5%
大分県,豊後高田市,けやき通りＳＳ,小売業,ガソリンスタンド,2%
大分県,豊後高田市,サンクスヘア,サービス,理容・美容業,5%
大分県,豊後高田市,寿司割烹菊八,サービス,飲食業,5%
大分県,豊後高田市,洗タッキーカワハラ,サービス,その他サービス,5%
大分県,豊後高田市,洗タッキ－カワハラ,サービス,その他サービス,5%
大分県,豊後高田市,高田営業所,サービス,運輸業,5%
大分県,豊後高田市,高田新地給油所,小売業,ガソリンスタンド,2%
大分県,豊後高田市,高田平和通,小売業,ガソリンスタンド,2%
大分県,豊後高田市,ＢＡＲ ＪＡＭ,サービス,飲食業,5%
大分県,豊後高田市,美容室くり原,サービス,理容・美容業,5%
大分県,豊後高田市,セブン－イレブン豊後高田新栄店,小売業,食料品,2%
大分県,豊後高田市,セブン－イレブン豊後高田新地店,小売業,食料品,2%
大分県,豊後高田市,セブン－イレブン豊後高田西新町店,小売業,食料品,2%
大分県,豊後高田市,真玉ＳＳ,小売業,ガソリンスタンド,2%
大分県,豊後高田市,三浦ＳＳ,小売業,ガソリンスタンド,2%
大分県,豊後高田市,山城屋,小売業,その他小売,5%
大分県,豊後高田市,吉成電気商会,小売業,電化製品,5%
大分県,豊後高田市,理容きのした,サービス,理容・美容業,5%
大分県,別府市,アキバ電器,小売業,電化製品,5%
大分県,別府市,朝日ＳＳ,小売業,ガソリンスタンド,2%
大分県,別府市,芦屋 貴兆陶家 別府店,小売業,その他小売,5%
大分県,別府市,阿南時計店,小売業,貴金属・服飾品,5%
大分県,別府市,亜李蘭別邸 別府,サービス,飲食業,5%
大分県,別府市,Ｅｎ Ｋ,サービス,飲食業,5%
大分県,別府市,あんときの居酒屋秀,サービス,飲食業,5%
大分県,別府市,居酒屋 宇良神,サービス,飲食業,5%
大分県,別府市,居酒屋宇良神,サービス,飲食業,5%
大分県,別府市,居酒屋とり串 別府店,サービス,飲食業,5%
大分県,別府市,石垣ＳＳ,小売業,ガソリンスタンド,2%
大分県,別府市,出光亀川ＳＳ,小売業,ガソリンスタンド,2%
大分県,別府市,出光シーサイド別府ＳＳ,小売業,ガソリンスタンド,2%
大分県,別府市,出光市役所通ＳＳ,小売業,ガソリンスタンド,2%
大分県,別府市,出光別府ＳＳ,小売業,ガソリンスタンド,2%
大分県,別府市,出光別府中央ＳＳ,小売業,ガソリンスタンド,2%
大分県,別府市,癒しの宿 彩葉,サービス,宿泊業,5%
大分県,別府市,インターナショナルホステル かぼすハウス別府 オリジナル,サービス,宿泊業,5%
大分県,別府市,Ｉｎ Ｂｌｏｏｍ Ｂｅｐｐｕ,サービス,宿泊業,5%
大分県,別府市,有限会社ホテルニュー松実,サービス,その他サービス,5%
大分県,別府市,エパヌイール,小売業,食料品,5%
大分県,別府市,エマヘアーアトリエ,サービス,理容・美容業,5%
大分県,別府市,Ａｉｌｅ ｅｎ Ｃｉｅｌ Ａｉｌｅ ｅｎ Ｃｉｅｌ,サービス,飲食業,5%
大分県,別府市,エルム美容室,サービス,理容・美容業,5%
大分県,別府市,エンゼル,サービス,飲食業,5%
大分県,別府市,大分鍵ｄｅｓ６区,サービス,その他サービス,5%
大分県,別府市,大分ヤクルト販売㈱,小売業,食料品,5%
大分県,別府市,オオツカ電器,小売業,電化製品,5%
大分県,別府市,大塚磊々堂,小売業,その他小売,5%
大分県,別府市,お食事・お弁当大黒屋,サービス,飲食業,5%
大分県,別府市,おにやまホテル,サービス,宿泊業,5%
大分県,別府市,ＯＰＴＳＡＴＯ,その他業種,ー,5%
大分県,別府市,カードック小川口,小売業,その他小売,5%
大分県,別府市,海鮮玉手箱丼丸 新港町,サービス,飲食業,5%
大分県,別府市,カガシヤ 別府店,小売業,衣料品,5%
大分県,別府市,ＫＡＧＵＲＡ オリエンタルヒーリングサロンＫＡＧＵＲＡ,サービス,その他サービス,5%
大分県,別府市,割烹旅館もみや,サービス,宿泊業,5%
大分県,別府市,カフェアルテノイエ,サービス,飲食業,5%
大分県,別府市,株式会社勝木モータース,サービス,その他サービス,5%
大分県,別府市,ＣＡＰＳＵＬＥ 【カプセル】,サービス,理容・美容業,5%
大分県,別府市,かぼすハウス別府 はまゆう,サービス,宿泊業,5%
大分県,別府市,神丘温泉 豊山荘,サービス,宿泊業,5%
大分県,別府市,亀川温泉 遊湯 亀川温泉 遊湯,サービス,宿泊業,5%
大分県,別府市,カラオケダイちゃん別府駅前店,サービス,その他サービス,5%
大分県,別府市,からだ音,その他業種,ー,5%
大分県,別府市,カンファー,サービス,理容・美容業,5%
大分県,別府市,喜可久旅館 別府,サービス,宿泊業,5%
大分県,別府市,ゑり章,小売業,衣料品,5%
大分県,別府市,グッデイ 別府店,小売業,その他小売,5%
大分県,別府市,くつろぎの温泉宿山田別荘,サービス,その他サービス,5%
大分県,別府市,Ｇｒａｓｓ Ｈａｉｒ 石垣店,サービス,理容・美容業,5%
大分県,別府市,Ｇｒａｓｓ Ｈａｉｒ 流川店,サービス,理容・美容業,5%
大分県,別府市,Ｇｒａｓｓ Ｈａｉｒ,サービス,理容・美容業,5%
大分県,別府市,Ｇｒａｓｓ Ｈａｉｒ ＧｒａｓｓＨａｉｒ石垣店,サービス,理容・美容業,5%
大分県,別府市,ＣＲＥＯＬＥ ＣＡＦＥ ?クレオールカフェ?,サービス,飲食業,5%
大分県,別府市,ゲストハウスＡＫＩＢＡ,サービス,宿泊業,5%
大分県,別府市,ゲストハウス路地裏,サービス,宿泊業,5%
大分県,別府市,源泉の湯宿 ホテル鉄輪,サービス,宿泊業,5%
大分県,別府市,ＣｏＣｏ壱番屋別府観光通り店,サービス,飲食業,2%
大分県,別府市,個人 松本タクシー,サービス,飲食業,5%
大分県,別府市,ササキデンキ,小売業,電化製品,5%
大分県,別府市,サンエコライフ別府店,小売業,電化製品,5%
大分県,別府市,三京電気商会,小売業,電化製品,5%
大分県,別府市,ＣＯＴＴＯＮＷＯＯＤ,サービス,飲食業,5%
大分県,別府市,潮騒の宿 晴海,サービス,宿泊業,5%
大分県,別府市,シシリア,サービス,飲食業,5%
大分県,別府市,シティコンタクト 別府店,小売業,その他小売,5%
大分県,別府市,地どり炭火焼わが家,サービス,飲食業,5%
大分県,別府市,しまだ,サービス,その他サービス,5%
大分県,別府市,市役所前ＳＳ,小売業,ガソリンスタンド,2%
大分県,別府市,上 海,サービス,飲食業,5%
大分県,別府市,シュトー電器,小売業,電化製品,5%
大分県,別府市,旅館筑新,サービス,宿泊業,5%
大分県,別府市,食泉 米と葡萄,サービス,飲食業,5%
大分県,別府市,じんで じんで,サービス,飲食業,5%
大分県,別府市,ＳｔｕｄｉｏＡＣ,その他業種,ー,5%
大分県,別府市,スペインバル５０９,サービス,飲食業,5%
大分県,別府市,セルフ観海寺,小売業,ガソリンスタンド,2%
大分県,別府市,セルフ別府ＳＳ,小売業,ガソリンスタンド,2%
大分県,別府市,セルフ別府,小売業,ガソリンスタンド,2%
大分県,別府市,セルフみずほＳＳ,小売業,ガソリンスタンド,2%
大分県,別府市,全室露天付き離れの宿 別府ＹＵＹＡ,サービス,宿泊業,5%
大分県,別府市,Ｔｈａｉ Ｆｏｏｄ Ｃａｆｅチャンノーイ チャンノーイ,サービス,飲食業,5%
大分県,別府市,タカチホカメラ 別府店,小売業,その他小売,5%
大分県,別府市,龍巻地獄,小売業,その他小売,5%
大分県,別府市,旅まくら,サービス,その他サービス,5%
大分県,別府市,玉川電化センター,小売業,電化製品,5%
大分県,別府市,有製咲処,小売業,総合（非専門）,5%
大分県,別府市,眺望の宿 しおり,サービス,宿泊業,5%
大分県,別府市,鶴高通りＳＳ,小売業,ガソリンスタンド,2%
大分県,別府市,でんきのＣｒｅｓｃ．モリヤマ,小売業,電化製品,5%
大分県,別府市,でんでん館ヤマナ,小売業,電化製品,5%
大分県,別府市,湯治柳屋,サービス,その他サービス,5%
大分県,別府市,Ｆａｉｒｙ,サービス,その他サービス,5%
大分県,別府市,ドームステーション弓ケ浜,小売業,ガソリンスタンド,2%
大分県,別府市,徳の宿 ふぶ庵,サービス,宿泊業,5%
大分県,別府市,トヨタレンタリース大分別府店,小売業,その他小売,2%
大分県,別府市,和の宿 夢月 和の宿 夢月,サービス,宿泊業,5%
大分県,別府市,鳴門うどん やまなみ店,サービス,飲食業,5%
大分県,別府市,弐の倉庫。ＤＥＮ,サービス,飲食業,5%
大分県,別府市,猫カフェねこ,サービス,その他サービス,5%
大分県,別府市,ネッツトヨタ大分別府店,小売業,その他小売,5%
大分県,別府市,ネッツトヨタ東九州別府店,小売業,その他小売,5%
大分県,別府市,Ｎｏｒａｒｙ－Ｃｒａｒｙ,サービス,飲食業,5%
大分県,別府市,パソコン訪問修理・出張サポートＰＣＱＱ,サービス,その他サービス,5%
大分県,別府市,旅籠 扇山 旅籠 扇山,サービス,宿泊業,5%
大分県,別府市,パナランド ラブリ－ナガノ,小売業,電化製品,5%
大分県,別府市,パナランドおの,小売業,電化製品,5%
大分県,別府市,パナランドせと,小売業,電化製品,5%
大分県,別府市,パナランド やました,小売業,電化製品,5%
大分県,別府市,東別府ＳＳ,小売業,ガソリンスタンド,2%
大分県,別府市,彦兵衛,サービス,飲食業,5%
大分県,別府市,ひろみや,サービス,宿泊業,5%
大分県,別府市,ふく茶,サービス,飲食業,5%
大分県,別府市,ブックスボス汐見店,小売業,書籍・玩具・音楽ＣＤ,5%
大分県,別府市,ＢＬＵＥ ＨＯＬＥ 青山,サービス,理容・美容業,5%
大分県,別府市,ブレインヘルスケア オリーブ,小売業,その他小売,5%
大分県,別府市,ｈａｉｒ ＣＯＣＯＮ,サービス,理容・美容業,5%
大分県,別府市,ヘアーメイクハニー,サービス,理容・美容業,5%
大分県,別府市,ｈａｉｒｃｏｃｏｃａｃｈｅｔｔｅ,サービス,理容・美容業,5%
大分県,別府市,ヘアーサロン ロイヤル,サービス,理容・美容業,5%
大分県,別府市,ペット温泉アニマー湯,サービス,その他サービス,5%
大分県,別府市,Ｂｅｐｐｕ Ｈｏｓｔｅｌ Ｕ＆Ｔ,サービス,宿泊業,5%
大分県,別府市,セブン－イレブン別府石垣西店,小売業,食料品,2%
大分県,別府市,セブン－イレブン別府石垣東７丁目店,小売業,食料品,2%
大分県,別府市,別府インターＳＳ,小売業,ガソリンスタンド,2%
大分県,別府市,セブン－イレブン別府大畑店,小売業,食料品,2%
大分県,別府市,セブン－イレブン別府亀川中央町店,小売業,食料品,2%
大分県,別府市,セブン－イレブン別府北中店,小売業,食料品,2%
大分県,別府市,べっぷ好楽,サービス,宿泊業,5%
大分県,別府市,セブン－イレブン別府新宮通り店,小売業,食料品,2%
大分県,別府市,セブン－イレブン別府大学前店,小売業,食料品,2%
大分県,別府市,セブン－イレブン別府竹の内店,小売業,食料品,2%
大分県,別府市,セブン－イレブン別府タワー店,小売業,食料品,2%
大分県,別府市,別府バル 肉は別腹,サービス,飲食業,5%
大分県,別府市,別府丸万,サービス,飲食業,5%
大分県,別府市,ベルベディア美容室,サービス,理容・美容業,5%
大分県,別府市,ベルわたなべ,小売業,電化製品,5%
大分県,別府市,ｐｏｃｈｅ,小売業,衣料品,5%
大分県,別府市,ホテル アーサー,サービス,宿泊業,5%
大分県,別府市,ホテル 芙蓉倶楽部,サービス,宿泊業,5%
大分県,別府市,ホテル三泉閣,サービス,宿泊業,5%
大分県,別府市,ホテル白菊,サービス,宿泊業,5%
大分県,別府市,ホテルニューツルタ,サービス,宿泊業,5%
大分県,別府市,ホテル風月ＨＡＭＭＯＮＤ,サービス,宿泊業,5%
大分県,別府市,万天の湯,サービス,宿泊業,5%
大分県,別府市,ＭＩＧＡＫＩＹＡ,サービス,理容・美容業,5%
大分県,別府市,みのや商店,小売業,その他小売,5%
大分県,別府市,明林堂書店青山店,小売業,その他小売,5%
大分県,別府市,明林堂書店ＪＲ別府店,小売業,その他小売,5%
大分県,別府市,明林堂書店鶴見店,小売業,その他小売,5%
大分県,別府市,明林堂書店ゆめタウン別府店,小売業,その他小売,5%
大分県,別府市,餅ヶ浜車検センター,サービス,その他サービス,5%
大分県,別府市,もと湯の宿 黒田や,サービス,宿泊業,5%
大分県,別府市,杜の湯リゾート,サービス,宿泊業,5%
大分県,別府市,ヤスカワ電化サービス,小売業,電化製品,5%
大分県,別府市,矢野商店,その他業種,ー,5%
大分県,別府市,やまなみＳＳ,小売業,ガソリンスタンド,2%
大分県,別府市,有限会社 佐藤たたみ工房,サービス,その他サービス,5%
大分県,別府市,悠彩の宿望海,サービス,宿泊業,5%
大分県,別府市,湯けむりの里 東屋 湯けむりの里 東屋,サービス,宿泊業,5%
大分県,別府市,ゆめタウン別府カガシヤゆ??タウン別府店,小売業,衣料品,5%
大分県,別府市,吉弘鈑金塗装,サービス,その他サービス,5%
大分県,別府市,Ｒａｎｇａｌｉ【ランガリ】,サービス,理容・美容業,5%
大分県,別府市,旅館若杉,サービス,宿泊業,5%
大分県,別府市,冷乳果工房ＧＥＮＯＶＡ,小売業,食料品,5%
大分県,別府市,ワイワイ酒場 Ｗａｎｔｅｄ,サービス,飲食業,5%
大分県,由布市,医大通りＳＳ,小売業,ガソリンスタンド,2%
大分県,由布市,出光小野屋バイパスＳＳ,小売業,ガソリンスタンド,2%
大分県,由布市,イドアートジュエリー,サービス,その他サービス,5%
大分県,由布市,癒しの里 観布亭,サービス,宿泊業,5%
大分県,由布市,癒しの里 観布亭 癒しの里 観布亭,サービス,宿泊業,5%
大分県,由布市,セブン－イレブン大分大学医学部附属病院店,小売業,食料品,2%
大分県,由布市,大分特産豊のしゃも料理ハンモック,サービス,飲食業,5%
大分県,由布市,奥宿 無相荘,サービス,宿泊業,5%
大分県,由布市,御宿 ゆふいん亭 御宿 ゆふいん亭,サービス,宿泊業,5%
大分県,由布市,田離宮,サービス,その他サービス,5%
大分県,由布市,御宿ゆふいん亭,サービス,宿泊業,5%
大分県,由布市,御宿 八遇來,サービス,宿泊業,5%
大分県,由布市,楓の小舎,サービス,宿泊業,5%
大分県,由布市,Ｃａｆｅ Ｄｕｏ,サービス,飲食業,5%
大分県,由布市,菊水旅館,サービス,宿泊業,5%
大分県,由布市,光伸ガス株式会社湯布院営業所,小売業,その他小売,5%
大分県,由布市,湖畔,サービス,宿泊業,5%
大分県,由布市,佐藤酒店,小売業,食料品,5%
大分県,由布市,山荘 四季庵 山荘 四季庵,サービス,宿泊業,5%
大分県,由布市,宿彩 暁雲荘,サービス,宿泊業,5%
大分県,由布市,旬菓工房 カシウ,小売業,食料品,5%
大分県,由布市,庄内バイパスＳＳ,小売業,ガソリンスタンド,2%
大分県,由布市,清美堂駅前通り店,小売業,家具・調度品,5%
大分県,由布市,清流とほたるの宿 高尾荘,サービス,宿泊業,5%
大分県,由布市,セルフ湯布院給油所,小売業,ガソリンスタンド,2%
大分県,由布市,でんでん館パルスゴトー,小売業,電化製品,5%
大分県,由布市,でんでん館プラザ・タナカ,小売業,電化製品,5%
大分県,由布市,田本館,サービス,飲食業,5%
大分県,由布市,和の宿 狭霧亭 和の宿 狭霧亭,サービス,宿泊業,5%
大分県,由布市,白雲荘,サービス,宿泊業,5%
大分県,由布市,バリュー庄内店,小売業,その他小売,5%
大分県,由布市,日乃新,小売業,食料品,5%
大分県,由布市,ペンション 長閑郷,サービス,宿泊業,5%
大分県,由布市,ペンションゆふいん,サービス,宿泊業,5%
大分県,由布市,ほたるの宿 仙洞,サービス,宿泊業,5%
大分県,由布市,ほたるの宿 仙洞 ほたるの宿 仙洞,サービス,宿泊業,5%
大分県,由布市,右丸旅館,サービス,宿泊業,5%
大分県,由布市,めし屋 賛辞,サービス,飲食業,5%
大分県,由布市,やまとや旅館,サービス,宿泊業,5%
大分県,由布市,遊季家,小売業,総合（非専門）,5%
大分県,由布市,有限会社別荘ふるさと,サービス,宿泊業,5%
大分県,由布市,有限会社山城ホテル,サービス,その他サービス,5%
大分県,由布市,湯けむりの宿 花木綿,サービス,宿泊業,5%
大分県,由布市,湯富里の宿 一壷天,サービス,宿泊業,5%
大分県,由布市,湯平温泉給油所,小売業,ガソリンスタンド,2%
大分県,由布市,湯布院ＳＳ,小売業,ガソリンスタンド,2%
大分県,由布市,湯布院 山荘 吾亦紅,サービス,宿泊業,5%
大分県,由布市,湯布院 山灯館,サービス,宿泊業,5%
大分県,由布市,由布院うた乃,サービス,飲食業,5%
大分県,由布市,ゆふいん菓子工房 五衛門,小売業,その他小売,5%
大分県,由布市,由布院寛ぎの宿 なな川,サービス,宿泊業,5%
大分県,由布市,Ｙｕｆｕｉｎコテージトムソーヤ,サービス,その他サービス,5%
大分県,由布市,湯布院第１給油所,小売業,ガソリンスタンド,2%
大分県,由布市,湯布院ドライブネットステーション,小売業,ガソリンスタンド,2%
大分県,由布市,ゆふいん花由,サービス,宿泊業,5%
大分県,由布市,ゆふいんホテル秀峰館,サービス,宿泊業,5%
大分県,由布市,ｓｕｎｃｌｏｕｄ．ｐｈｏｔｏｓｅｒｖｉｃｅ,サービス,その他サービス,5%
大分県,由布市,湯布院やわらぎの郷やどや,サービス,宿泊業,5%
大分県,由布市,ゆふいん湯めぐりホテル山光園,サービス,宿泊業,5%
大分県,由布市,由布院六花,サービス,理容・美容業,5%
大分県,由布市,湯布院旅館おかえり,サービス,その他サービス,5%
大分県,由布市,湯布院旅館のぎく,サービス,その他サービス,5%
大分県,由布市,ゆふ館々,サービス,宿泊業,5%
大分県,由布市,柚富の郷 彩岳館,サービス,宿泊業,5%
大分県,由布市,由布の宿きふう,サービス,宿泊業,5%
大分県,由布市,セブン－イレブン由布挾間店,小売業,食料品,2%
大分県,由布市,ゆふふ 由布院駅前本店,小売業,食料品,5%
大分県,由布市,セブン－イレブン由布向原店,小売業,食料品,2%
大分県,由布市,湯らり六妙,サービス,宿泊業,5%
大分県,由布市,好の井 山ぼうし,サービス,宿泊業,5%
大分県,由布市,Ｌｏｖｅｃｌａｉｒｅ－ラブクレール,その他業種,ー,5%
大分県,由布市,旅館 光の家,サービス,宿泊業,5%
大分県,由布市,旅館いづもや,サービス,宿泊業,5%
大分県,由布市,旅館つるや隠宅,サービス,宿泊業,5%
大分県,由布市,旅館つるや隠宅,サービス,宿泊業,5%
大分県,由布市,旅荘きくや,サービス,宿泊業,5%
大分県,由布市,旅荘牧場の家,サービス,宿泊業,5%
大分県,由布市,旅亭 田乃倉,サービス,宿泊業,5%
