山口県,阿武町,福賀ＳＳ,小売業,ガソリンスタンド,2%
山口県,岩国市,アオキ企画,サービス,その他サービス,5%
山口県,岩国市,朝日屋クリーニング,サービス,その他サービス,5%
山口県,岩国市,Ａｃｃｈａｊａｅｎ,サービス,理容・美容業,5%
山口県,岩国市,ＡＤＭＡＮ,サービス,理容・美容業,5%
山口県,岩国市,ＡｎｏｔｈｅｒＹｏｕ ラウンジＡｎｏｔｈｅｒＹｏｕ,サービス,飲食業,5%
山口県,岩国市,鮎川モータース,サービス,その他サービス,5%
山口県,岩国市,ａｒｏｍａ＊ｓｗｉｔｃｈ,その他業種,ー,5%
山口県,岩国市,ａｒｏｍａ＊ｓｗｉｔｃｈ,サービス,その他サービス,5%
山口県,岩国市,ａｎｇｅ,サービス,理容・美容業,5%
山口県,岩国市,Ａｎｇｅ,サービス,理容・美容業,5%
山口県,岩国市,居食亭 清流,サービス,飲食業,5%
山口県,岩国市,１８ＳＴＯＲＥ,サービス,飲食業,5%
山口県,岩国市,出光岩国川下セルフＳＳ,小売業,ガソリンスタンド,2%
山口県,岩国市,出光河内ＳＳ,小売業,ガソリンスタンド,2%
山口県,岩国市,出光セルフ玖珂インターＳＳ,小売業,ガソリンスタンド,2%
山口県,岩国市,出光セルフ美和ＳＳ,小売業,ガソリンスタンド,2%
山口県,岩国市,出光美川ＳＳ,小売業,ガソリンスタンド,2%
山口県,岩国市,今津白蛇観覧所,小売業,その他小売,5%
山口県,岩国市,いまづ無線,小売業,電化製品,5%
山口県,岩国市,ｉｍｍ,サービス,飲食業,5%
山口県,岩国市,イーライブ竹島電機,小売業,電化製品,5%
山口県,岩国市,いろやギャラリー,その他業種,ー,5%
山口県,岩国市,セブン－イレブン岩国駅前中央通り店,小売業,食料品,2%
山口県,岩国市,セブン－イレブン岩国錦帯橋店,小売業,食料品,2%
山口県,岩国市,セブン－イレブン岩国空港入口店,小売業,食料品,2%
山口県,岩国市,岩国珈琲,サービス,飲食業,5%
山口県,岩国市,岩国自動車興業,小売業,その他小売,5%
山口県,岩国市,セブン－イレブン岩国昭和町店,小売業,食料品,2%
山口県,岩国市,セブン－イレブン岩国新港店,小売業,食料品,2%
山口県,岩国市,セブン－イレブン岩国関戸店,小売業,食料品,2%
山口県,岩国市,セブン－イレブン岩国中津町店,小売業,食料品,2%
山口県,岩国市,セブン－イレブン岩国錦見店,小売業,食料品,2%
山口県,岩国市,セブン－イレブン岩国平田店,小売業,食料品,2%
山口県,岩国市,岩国プラザホテル,サービス,宿泊業,5%
山口県,岩国市,セブン－イレブン岩国保津町店,小売業,食料品,2%
山口県,岩国市,岩国巻き爪矯正センター,サービス,その他サービス,5%
山口県,岩国市,セブン－イレブン岩国麻里布店,小売業,食料品,2%
山口県,岩国市,セブン－イレブン岩国麻里布７丁目店,小売業,食料品,2%
山口県,岩国市,セブン－イレブン岩国門前町店,小売業,食料品,2%
山口県,岩国市,セブン－イレブン岩国山手４丁目店,小売業,食料品,2%
山口県,岩国市,オオバ電子,小売業,電化製品,5%
山口県,岩国市,御食事処 浜誉,サービス,飲食業,5%
山口県,岩国市,カフェカンパニー,サービス,飲食業,5%
山口県,岩国市,（株）パワートイズ,小売業,その他小売,5%
山口県,岩国市,かめや釣具 岩国通津店,小売業,その他小売,5%
山口県,岩国市,カレーハウスＣｏＣｏ壱番屋岩国ＪＲ駅前店,サービス,飲食業,2%
山口県,岩国市,カレーハウスＣｏＣｏ壱番屋南岩国店,サービス,飲食業,2%
山口県,岩国市,河村モータース,サービス,その他サービス,5%
山口県,岩国市,キャピックイワクニ,その他業種,ー,5%
山口県,岩国市,錦南,サービス,飲食業,5%
山口県,岩国市,セブン－イレブン玖珂野口下店,小売業,食料品,2%
山口県,岩国市,Ｋｕｎｅａ,サービス,理容・美容業,5%
山口県,岩国市,クラス,小売業,衣料品,5%
山口県,岩国市,クリハラ写真館,サービス,その他サービス,5%
山口県,岩国市,小料理 なかの,サービス,飲食業,5%
山口県,岩国市,さかな市場 岩国店,サービス,飲食業,5%
山口県,岩国市,雑貨市場 雑貨市場,小売業,家具・調度品,5%
山口県,岩国市,サンライズ桂ＳＳ,小売業,ガソリンスタンド,2%
山口県,岩国市,シティホテル安藤,サービス,宿泊業,5%
山口県,岩国市,酒菜家宇兵衞,サービス,飲食業,5%
山口県,岩国市,昭和堂,小売業,食料品,5%
山口県,岩国市,進物の大進 岩国店,小売業,その他小売,5%
山口県,岩国市,スーパー・エコ・ステーション立石ＳＳ,小売業,ガソリンスタンド,2%
山口県,岩国市,スズキオートセンター,小売業,その他小売,5%
山口県,岩国市,角石油店 出合給油所,小売業,ガソリンスタンド,2%
山口県,岩国市,生活彩家帝人岩国店,小売業,総合（非専門）,2%
山口県,岩国市,セルフ岩国南ＳＳ,小売業,ガソリンスタンド,2%
山口県,岩国市,セルフ玖珂ＳＳ,小売業,ガソリンスタンド,2%
山口県,岩国市,セルフ保津ＳＳ,小売業,ガソリンスタンド,2%
山口県,岩国市,セルフ由宇ＳＳ,小売業,ガソリンスタンド,2%
山口県,岩国市,大進創寫舘 岩国店,サービス,その他サービス,5%
山口県,岩国市,高根ＳＳ,小売業,ガソリンスタンド,2%
山口県,岩国市,高森 ＳＳ,小売業,ガソリンスタンド,2%
山口県,岩国市,高森ＳＳ,小売業,ガソリンスタンド,2%
山口県,岩国市,多田ＳＳ,小売業,ガソリンスタンド,2%
山口県,岩国市,力寿司,サービス,飲食業,5%
山口県,岩国市,通津ＳＳ,小売業,ガソリンスタンド,2%
山口県,岩国市,徳川 岩国室の木店,サービス,飲食業,5%
山口県,岩国市,Ｄｒ．Ｄｒｉｖｅカーケアランド麻里布ＳＳ,小売業,ガソリンスタンド,2%
山口県,岩国市,Ｄｒ．Ｄｒｉｖｅ平田ＳＳ,小売業,ガソリンスタンド,2%
山口県,岩国市,Ｄｒ．Ｄｒｉｖｅ門前ＳＳ,小売業,ガソリンスタンド,2%
山口県,岩国市,ドコモショップ 岩国店,小売業,電化製品,5%
山口県,岩国市,トミデンキ,小売業,電化製品,5%
山口県,岩国市,トヨタカローラ山口岩国店,小売業,その他小売,5%
山口県,岩国市,トヨタカローラ山口南岩国店,小売業,その他小売,5%
山口県,岩国市,トヨタレンタリース山口岩国錦帯橋空港店,サービス,その他サービス,2%
山口県,岩国市,トヨタレンタリース山口岩国店,サービス,その他サービス,2%
山口県,岩国市,ニコリキッチン,サービス,飲食業,5%
山口県,岩国市,セブン－イレブン西岩国駅前店,小売業,食料品,2%
山口県,岩国市,ネッツトヨタ山口岩国店,小売業,その他小売,5%
山口県,岩国市,ネッツトヨタ山口岩国マイカーセンター,小売業,その他小売,5%
山口県,岩国市,ネッツトヨタ山口麻里布店,小売業,その他小売,5%
山口県,岩国市,ネッツトヨタ山口南岩国店,小売業,その他小売,5%
山口県,岩国市,ＨａｐｐｙＦｉｅｌｄ,サービス,その他サービス,5%
山口県,岩国市,はなき,サービス,飲食業,5%
山口県,岩国市,パナスポット オールムセン,小売業,電化製品,5%
山口県,岩国市,パナスポットサンオール,小売業,電化製品,5%
山口県,岩国市,パナスポットハマタニ,小売業,電化製品,5%
山口県,岩国市,パナスポットヒバラ,小売業,電化製品,5%
山口県,岩国市,パナスポットヨネザワ,小売業,電化製品,5%
山口県,岩国市,パナックさんでんか 周東店,小売業,電化製品,5%
山口県,岩国市,パナック なかの,小売業,電化製品,5%
山口県,岩国市,パナックなかの,小売業,電化製品,5%
山口県,岩国市,パフォーマンスラボノリトレ,サービス,その他サービス,5%
山口県,岩国市,明屋書店 南岩国店,小売業,書籍・玩具・音楽ＣＤ,5%
山口県,岩国市,明屋書店 南岩国店,小売業,その他小売,5%
山口県,岩国市,半月庵,サービス,宿泊業,5%
山口県,岩国市,パンサー,サービス,飲食業,5%
山口県,岩国市,１００時間カレー岩国駅前店,サービス,飲食業,5%
山口県,岩国市,Ｂｅａｕｔｙ８８ ｂｅａｕｔｙ８８,サービス,理容・美容業,5%
山口県,岩国市,美容室アドマン医療センター店,サービス,理容・美容業,5%
山口県,岩国市,美容室チェリーブロッサム,サービス,理容・美容業,5%
山口県,岩国市,広瀬ＳＳ,小売業,ガソリンスタンド,2%
山口県,岩国市,広瀬 ＳＳ,小売業,ガソリンスタンド,2%
山口県,岩国市,フジジュウ アリス 岩国店,サービス,その他サービス,5%
山口県,岩国市,藤中電器,小売業,電化製品,5%
山口県,岩国市,ふじ万,サービス,飲食業,5%
山口県,岩国市,双葉園 双葉園平田店,小売業,その他小売,5%
山口県,岩国市,双葉園 双葉園本店,小売業,その他小売,5%
山口県,岩国市,ブックスハルヤスピリッツ岩国店,小売業,その他小売,5%
山口県,岩国市,Books Haruya Spirits 岩国店,小売業,書籍・玩具・音楽ＣＤ,5%
山口県,岩国市,プルミエ食堂,サービス,飲食業,5%
山口県,岩国市,フレスタ室の木店,小売業,総合（非専門）,5%
山口県,岩国市,プロマート岩国店,小売業,食料品,5%
山口県,岩国市,ＣＯＣＯＲＯ,サービス,理容・美容業,5%
山口県,岩国市,Ｖａｐｅｌｉｎｅ ｉｗａｋｕｎｉ,小売業,その他小売,5%
山口県,岩国市,ヘルシー・スマイル,サービス,理容・美容業,5%
山口県,岩国市,ｐｏｒｔｅｒ３１,サービス,理容・美容業,5%
山口県,岩国市,マイクス岩国店,サービス,飲食業,5%
山口県,岩国市,マクドナルド岩国店,サービス,飲食業,2%
山口県,岩国市,マリ美容室,サービス,理容・美容業,5%
山口県,岩国市,麻里布ＳＳ,小売業,ガソリンスタンド,2%
山口県,岩国市,南岩国ＳＳ,小売業,ガソリンスタンド,2%
山口県,岩国市,セブン－イレブン南岩国１丁目店,小売業,食料品,2%
山口県,岩国市,ミモザ フジグラン岩国店,小売業,衣料品,5%
山口県,岩国市,メガネの田中 岩国店,小売業,その他小売,5%
山口県,岩国市,メガネの２１南岩国店,小売業,貴金属・服飾品,5%
山口県,岩国市,モッチモパスタ ＣＡＺＬ岩国店,サービス,飲食業,5%
山口県,岩国市,焼肉牛太南岩国店,サービス,飲食業,5%
山口県,岩国市,野菜食堂ｍａｍｅｋａ？,サービス,飲食業,5%
山口県,岩国市,山口県東部ヤクルト販売 大竹センター,小売業,食料品,5%
山口県,岩国市,山口県東部ヤクルト販売 岩国センター,小売業,食料品,5%
山口県,岩国市,山口県東部ヤクルト販売 星の里サロン,小売業,その他小売,5%
山口県,岩国市,山口県東部ヤクルト販売 下松サロン,小売業,その他小売,5%
山口県,岩国市,山口県東部ヤクルト販売 五日市北センター,小売業,食料品,5%
山口県,岩国市,山口県東部ヤクルト販売 さくらセンター,小売業,食料品,5%
山口県,岩国市,山口県東部ヤクルト販売 周陽センター,小売業,食料品,5%
山口県,岩国市,山口県東部ヤクルト販売 柳井センター,小売業,食料品,5%
山口県,岩国市,山口県東部ヤクルト販売 五日市北サロン,小売業,その他小売,5%
山口県,岩国市,山口県東部ヤクルト販売 光センター,小売業,食料品,5%
山口県,岩国市,山口県東部ヤクルト販売 廿日市センター,小売業,食料品,5%
山口県,岩国市,山口県東部ヤクルト販売 五日市センター,小売業,食料品,5%
山口県,岩国市,山口県東部ヤクルト販売 おれんじセンター,小売業,食料品,5%
山口県,岩国市,山口県東部ヤクルト販売 おおのセンター,小売業,食料品,5%
山口県,岩国市,山口県東部ヤクルト販売 マリフサロン,小売業,その他小売,5%
山口県,岩国市,山口県東部ヤクルト販売 廿日市サロン,小売業,その他小売,5%
山口県,岩国市,山口県東部ヤクルト販売 大竹サロン,小売業,その他小売,5%
山口県,岩国市,山口県東部ヤクルト販売 柳井サロン,小売業,その他小売,5%
山口県,岩国市,山口県東部ヤクルト販売 マロニエサロン,小売業,その他小売,5%
山口県,岩国市,山口県東部ヤクルト販売 南岩国センター,小売業,食料品,5%
山口県,岩国市,山口県東部ヤクルト販売 ひまわりセンター,小売業,食料品,5%
山口県,岩国市,山口トヨタ自動車岩国店,小売業,その他小売,5%
山口県,岩国市,山口トヨタ自動車南岩国店,小売業,その他小売,5%
山口県,岩国市,セブン－イレブン山口由宇店,小売業,食料品,2%
山口県,岩国市,山中 岩国店,小売業,その他小売,5%
山口県,岩国市,由宇 ＳＳ,小売業,ガソリンスタンド,2%
山口県,岩国市,花舎,サービス,その他サービス,5%
山口県,岩国市,（有）堀江酒場 販売場,小売業,食料品,5%
山口県,岩国市,ゆきふとん店,小売業,その他小売,5%
山口県,岩国市,Ｌａ ｖｉｅ,サービス,理容・美容業,5%
山口県,岩国市,ＬＩＦＥ,サービス,理容・美容業,5%
山口県,岩国市,わたなべ補聴器,小売業,その他小売,5%
山口県,宇部市,味処みさき,サービス,飲食業,5%
山口県,宇部市,亜利沙,小売業,衣料品,5%
山口県,宇部市,ａｌｉｔｔｌｅｇｉｆｔ,小売業,衣料品,5%
山口県,宇部市,ＡＮＴＳ,サービス,理容・美容業,5%
山口県,宇部市,いきいきげんきの店マイヘルス,小売業,食料品,5%
山口県,宇部市,居酒屋お茶々 地魚料理とおばんざい,サービス,飲食業,5%
山口県,宇部市,一茶,サービス,飲食業,5%
山口県,宇部市,出光宇部西ＳＳ,小売業,ガソリンスタンド,2%
山口県,宇部市,出光床波ＳＳ,小売業,ガソリンスタンド,2%
山口県,宇部市,出光八幡宮前ＳＳ,小売業,ガソリンスタンド,2%
山口県,宇部市,井上塗装店,サービス,その他サービス,5%
山口県,宇部市,ウェスタまるき空港通り店,小売業,食料品,5%
山口県,宇部市,ウェスタまるき工学部通り店,小売業,食料品,5%
山口県,宇部市,ウェスタまるき西宇部店,小売業,食料品,5%
山口県,宇部市,ウェスタまるき西岐波店,小売業,食料品,5%
山口県,宇部市,ウェスタまるき西割店,小売業,食料品,5%
山口県,宇部市,ウェスタまるき東岐波店,小売業,食料品,5%
山口県,宇部市,セブン－イレブン宇部沖ノ旦店,小売業,食料品,2%
山口県,宇部市,セブン－イレブン宇部恩田町店,小売業,食料品,2%
山口県,宇部市,セブン－イレブン宇部海南町店,小売業,食料品,2%
山口県,宇部市,セブン－イレブン宇部片倉店,小売業,食料品,2%
山口県,宇部市,セブン－イレブン宇部空港通り店,小売業,食料品,2%
山口県,宇部市,セブン－イレブン宇部黒石店,小売業,食料品,2%
山口県,宇部市,セブン－イレブン宇部高校前店,小売業,食料品,2%
山口県,宇部市,セブン－イレブン宇部興産病院前店,小売業,食料品,2%
山口県,宇部市,セブン－イレブン宇部高専グランド前店,小売業,食料品,2%
山口県,宇部市,宇部構内タクシー,サービス,運輸業,5%
山口県,宇部市,セブンーイレブン宇部寿町店,小売業,食料品,2%
山口県,宇部市,セブン－イレブン宇部島２丁目店,小売業,食料品,2%
山口県,宇部市,セブン－イレブン宇部昭和町４丁目店,小売業,食料品,2%
山口県,宇部市,セブン－イレブン宇部テクノパーク入口店,小売業,食料品,2%
山口県,宇部市,セブン－イレブン宇部常盤公園東店,小売業,食料品,2%
山口県,宇部市,セブン－イレブン宇部中野開作店,小売業,食料品,2%
山口県,宇部市,セブン－イレブン宇部西岐波店,小売業,食料品,2%
山口県,宇部市,宇部東ＳＳ,小売業,ガソリンスタンド,2%
山口県,宇部市,セブン－イレブン宇部東インター店,小売業,食料品,2%
山口県,宇部市,セブン－イレブン宇部東岐波店,小売業,食料品,2%
山口県,宇部市,セブン－イレブン宇部東須恵中原店,小売業,食料品,2%
山口県,宇部市,セブン－イレブン宇部ひらき店,小売業,食料品,2%
山口県,宇部市,セブン－イレブン宇部藤曲店,小売業,食料品,2%
山口県,宇部市,セブン－イレブン宇部松山町店,小売業,食料品,2%
山口県,宇部市,セブン－イレブン宇部岬町店,小売業,食料品,2%
山口県,宇部市,セブン－イレブン宇部吉見店,小売業,食料品,2%
山口県,宇部市,エスコ美容室,サービス,理容・美容業,5%
山口県,宇部市,エステサロン チェリッシュ,サービス,理容・美容業,5%
山口県,宇部市,エステティックサロンＳＡＫＵＲＡ,サービス,理容・美容業,5%
山口県,宇部市,ＡＢホテル 宇部新川,サービス,宿泊業,5%
山口県,宇部市,ＡＢホテル宇部新川,サービス,宿泊業,5%
山口県,宇部市,’ｅｌｅ’ｅｌｅ,サービス,理容・美容業,5%
山口県,宇部市,岡の辻にしむら,小売業,衣料品,5%
山口県,宇部市,オリックスレンタカー山口宇部空港カウンター,サービス,その他サービス,2%
山口県,宇部市,オリックスレンタカー山口宇部空港店,サービス,その他サービス,2%
山口県,宇部市,Ｏｗａｒｉｙａ ｃａｆｅ,サービス,飲食業,5%
山口県,宇部市,ＯＮ ａｎｄ ＯＦＦ,小売業,衣料品,5%
山口県,宇部市,ＣＡＳＡ,サービス,理容・美容業,5%
山口県,宇部市,カットショップエクセル,サービス,理容・美容業,5%
山口県,宇部市,ｃａｎｏｅ 宇部厚南店【カノエ】,サービス,理容・美容業,5%
山口県,宇部市,Ｃａｆｅ Ｓｍｉｌｅｙ しゅん,サービス,飲食業,5%
山口県,宇部市,株式会社シバタ通商 本店,小売業,その他小売,5%
山口県,宇部市,花梨の部屋,サービス,その他サービス,5%
山口県,宇部市,ガレージコトシバ宇部インター店,サービス,その他サービス,5%
山口県,宇部市,ガレージコトシバミナトマチ店,サービス,その他サービス,5%
山口県,宇部市,カレーハウスココ壱番屋宇部厚南店,サービス,飲食業,2%
山口県,宇部市,カレーハウスココ壱番屋宇部中央町店,サービス,飲食業,2%
山口県,宇部市,カレーハウスココ壱番屋宇部東岐波店,サービス,飲食業,2%
山口県,宇部市,きがるな洋食屋さん ＶＩＰ,サービス,飲食業,5%
山口県,宇部市,キキーズ 上宇部店,小売業,その他小売,5%
山口県,宇部市,キッチンＦＵＫＵＤＡ,サービス,飲食業,5%
山口県,宇部市,ギフトギャラリーオズ宇部店,小売業,その他小売,5%
山口県,宇部市,ＧＡＬＦＩＴ 宇部店,小売業,衣料品,5%
山口県,宇部市,キャンパス本店,小売業,その他小売,5%
山口県,宇部市,牛角宇部店,サービス,飲食業,2%
山口県,宇部市,空港通りペットホテル＆ヘルスケア,サービス,その他サービス,5%
山口県,宇部市,グッデイ 宇部西店,小売業,その他小売,5%
山口県,宇部市,ＧＲＡＮＴＥＲＲＡＣＥｓｐａａｎｄｒｅｓ,サービス,理容・美容業,5%
山口県,宇部市,クリーニングのしろや,サービス,その他サービス,5%
山口県,宇部市,ＱＵＡＴＴＲＯ,サービス,理容・美容業,5%
山口県,宇部市,国際ホテル宇部,サービス,宿泊業,5%
山口県,宇部市,ロージィーローズ,サービス,理容・美容業,5%
山口県,宇部市,コープここと 宇部移動店,小売業,総合（非専門）,5%
山口県,宇部市,コープここと 宇部店,小売業,総合（非専門）,5%
山口県,宇部市,サイクリング サロン ヒロシゲ 宇部店,小売業,その他小売,5%
山口県,宇部市,サイテック,その他業種,ー,5%
山口県,宇部市,酒のフロンティア中央店,小売業,食料品,5%
山口県,宇部市,三協模型店,小売業,書籍・玩具・音楽ＣＤ,5%
山口県,宇部市,重幸刃物店,小売業,その他小売,5%
山口県,宇部市,Ｓｈｉｍａｃｅｒａｍｉｃａ,その他業種,ー,5%
山口県,宇部市,下関三菱自動車販売宇部神原店,小売業,その他小売,5%
山口県,宇部市,下関三菱自動車販売宇部厚南店,小売業,その他小売,5%
山口県,宇部市,集電社,小売業,電化製品,5%
山口県,宇部市,Ｃｈｏｕｅｔｔｅ（シュエット）,サービス,理容・美容業,5%
山口県,宇部市,ＳｕｇａＲ?ｓｔｙｌｅ,サービス,理容・美容業,5%
山口県,宇部市,手芸センタードリーム宇部店,小売業,その他小売,5%
山口県,宇部市,十徳や 宇部海鮮,サービス,飲食業,5%
山口県,宇部市,進物の大進 宇部店,小売業,その他小売,5%
山口県,宇部市,ＳＵＺＵＪＵＫＵ,小売業,衣料品,5%
山口県,宇部市,スズランタクシー株式会社 ５４６,サービス,運輸業,5%
山口県,宇部市,スズランタクシー株式会社,サービス,運輸業,5%
山口県,宇部市,ステーキハウスＫ,サービス,飲食業,5%
山口県,宇部市,素晴らしきかな人生 宇部店 素晴らしきかな人生宇部店,サービス,飲食業,5%
山口県,宇部市,セルフ宇部ＳＳ,小売業,ガソリンスタンド,2%
山口県,宇部市,セルフステーション小羽山,小売業,ガソリンスタンド,2%
山口県,宇部市,セルフステーション小松原,小売業,ガソリンスタンド,2%
山口県,宇部市,第一タイヤ商会,小売業,その他小売,5%
山口県,宇部市,馳走飯屋成佑,サービス,飲食業,5%
山口県,宇部市,ｃｈａｓｉｔｓｕ,その他業種,ー,5%
山口県,宇部市,中央商会,小売業,電化製品,5%
山口県,宇部市,丁字屋,小売業,衣料品,5%
山口県,宇部市,デンキのふくやま,小売業,電化製品,5%
山口県,宇部市,ドッグハウスファニー,サービス,その他サービス,5%
山口県,宇部市,トヨタカローラ山口宇部店,小売業,その他小売,5%
山口県,宇部市,トヨタレンタリース山口宇部浜町店,サービス,その他サービス,2%
山口県,宇部市,トヨタレンタリース山口山口宇部空港店,サービス,その他サービス,2%
山口県,宇部市,ドラマティックス 神原店,サービス,理容・美容業,5%
山口県,宇部市,ドラマティックス 西岐波店,サービス,理容・美容業,5%
山口県,宇部市,ドラマティックス 浜店,サービス,理容・美容業,5%
山口県,宇部市,ＴＲＩＮＩＴＹ,サービス,理容・美容業,5%
山口県,宇部市,永谷商事,小売業,その他小売,5%
山口県,宇部市,何ここ？ マーケット！,小売業,その他小売,5%
山口県,宇部市,なべちょう酒店,小売業,食料品,5%
山口県,宇部市,肉酒場肉僧,サービス,飲食業,5%
山口県,宇部市,ネッツトヨタ山口宇部駅前店,小売業,その他小売,5%
山口県,宇部市,ネッツトヨタ山口宇部西店,小売業,その他小売,5%
山口県,宇部市,ネッツトヨタ山口宇部東店,小売業,その他小売,5%
山口県,宇部市,ネッツトヨタ山口西岐波店,小売業,その他小売,5%
山口県,宇部市,ノグチ電器,小売業,電化製品,5%
山口県,宇部市,博多一番どり 居食家あらい 宇部インター店,サービス,飲食業,5%
山口県,宇部市,博多一番どり 居食家あらい 宇部厚南店,サービス,飲食業,5%
山口県,宇部市,合同会社萩焼屋,その他業種,ー,5%
山口県,宇部市,はくのや米穀店,小売業,食料品,5%
山口県,宇部市,はくのや米穀店株式会社,小売業,総合（非専門）,5%
山口県,宇部市,ぱわっときんすい参宮通り店,小売業,電化製品,5%
山口県,宇部市,ぱわっと宍戸野中店,小売業,電化製品,5%
山口県,宇部市,ぱわっとスター西宇部店,小売業,電化製品,5%
山口県,宇部市,ぱわっとワールド 上条店,小売業,電化製品,5%
山口県,宇部市,ＢＭＯ宇部店,小売業,衣料品,5%
山口県,宇部市,ブロンズ美容室,サービス,理容・美容業,5%
山口県,宇部市,ヘアーサロン ムラタ,サービス,理容・美容業,5%
山口県,宇部市,ヘアーサロン ムラタ,サービス,理容・美容業,5%
山口県,宇部市,ヘアーサロン ウエノ,サービス,理容・美容業,5%
山口県,宇部市,ｈａｉｒ ｈａｒｕ,サービス,理容・美容業,5%
山口県,宇部市,ＨＡＩＲ ＲＥＭＡＫＥ ＲＡＵＭ,サービス,理容・美容業,5%
山口県,宇部市,ｈａｉｒ ｓａｌｏｎ Ｓｋｙ,サービス,理容・美容業,5%
山口県,宇部市,Ｈａｉｒ Ｍａｋｅ Ｓｏｌａｃｉａ,サービス,運輸業,5%
山口県,宇部市,ＨａｉｒＭａｋｅ ｓｏｌａｃｉａ,サービス,理容・美容業,5%
山口県,宇部市,ポケットクロス二葉屋,その他業種,ー,5%
山口県,宇部市,ＶＯＸｐｌｕｓショップ,小売業,その他小売,5%
山口県,宇部市,マクドナルド宇部店,サービス,飲食業,2%
山口県,宇部市,マクドナルド宇部フジグラン店,サービス,飲食業,2%
山口県,宇部市,マクドナルド宇部ミスターマックス店,サービス,飲食業,2%
山口県,宇部市,マクドナルド宇部ゆめタウン店,サービス,飲食業,2%
山口県,宇部市,マクドナルド４９０宇部店,サービス,飲食業,2%
山口県,宇部市,ＭＡＨＡＬＯ 【マハロ】,サービス,理容・美容業,5%
山口県,宇部市,マリヤ,サービス,理容・美容業,5%
山口県,宇部市,マリヤ化粧品店,小売業,その他小売,5%
山口県,宇部市,まるき小松原通り店,小売業,食料品,5%
山口県,宇部市,酒のフロンティア 藤曲本店,小売業,食料品,5%
山口県,宇部市,ミツワ電器,小売業,電化製品,5%
山口県,宇部市,（株）三ツ輪モータース,サービス,その他サービス,5%
山口県,宇部市,三ッ輪モータース,サービス,その他サービス,5%
山口県,宇部市,ミムデモア,サービス,理容・美容業,5%
山口県,宇部市,ＭＩＭＵｄｅＭＯＲＥ,サービス,理容・美容業,5%
山口県,宇部市,無法松 宇部店,小売業,その他小売,5%
山口県,宇部市,明林堂書店フジグラン宇部店,小売業,その他小売,5%
山口県,宇部市,明林堂書店フジ西宇部店,小売業,その他小売,5%
山口県,宇部市,メガネの田中 フジグラン宇部店,小売業,その他小売,5%
山口県,宇部市,モイスティーヌ宇部サロン,小売業,その他小売,5%
山口県,宇部市,百田,サービス,飲食業,5%
山口県,宇部市,森本眼鏡 めがねのモリモト,小売業,貴金属・服飾品,5%
山口県,宇部市,セブン－イレブン山口船木店,小売業,食料品,2%
山口県,宇部市,山の台所請川の里,サービス,飲食業,5%
山口県,宇部市,山本写真機店,小売業,その他小売,5%
山口県,宇部市,ＵＳオートサービス,小売業,その他小売,5%
山口県,宇部市,ＪＭ／有限会社山本輪業,小売業,その他小売,5%
山口県,宇部市,有限会社イエス電器かざみ,小売業,電化製品,5%
山口県,宇部市,有限会社ときわタクシー ５８６,サービス,運輸業,5%
山口県,宇部市,有限会社ときわタクシー ５８４,サービス,運輸業,5%
山口県,宇部市,有限会社にいや,サービス,飲食業,5%
山口県,宇部市,有限会社船木自動車商会,小売業,その他小売,5%
山口県,宇部市,（有）補聴器センター中央,その他業種,ー,5%
山口県,宇部市,有限会社マキモト自動車,サービス,その他サービス,5%
山口県,宇部市,ＬＩＧ,サービス,理容・美容業,5%
山口県,宇部市,レオンズヘアー,サービス,理容・美容業,5%
山口県,宇部市,ＬｅｓＦｌｅｕｒｓ,小売業,衣料品,5%
山口県,宇部市,ワミレスサロンベルローズ,サービス,理容・美容業,5%
山口県,上関町,沖田電機,小売業,電化製品,5%
山口県,上関町,上関 ＳＳ,小売業,ガソリンスタンド,2%
山口県,上関町,室津ＰＳ,小売業,ガソリンスタンド,2%
山口県,下松市,Ｒ＋ｈｏｕｓｅｋｕｄａｍａｔｓｕ,小売業,家具・調度品,5%
山口県,下松市,Ａｑｕａｌｉｓｈ Ｈａｉｒ,サービス,理容・美容業,5%
山口県,下松市,出光下松西ＳＳ,小売業,ガソリンスタンド,2%
山口県,下松市,ｅｓｔｈｅｔｉｃ×ｃｈｉｒｏｐｒａｃｔｉｃＲｅｆｙｕｎａ,サービス,理容・美容業,5%
山口県,下松市,ＥＮＥＯＳ 松星苑前給油所,小売業,ガソリンスタンド,2%
山口県,下松市,えんず 下松店,サービス,飲食業,5%
山口県,下松市,カットハウス ジータ,サービス,理容・美容業,5%
山口県,下松市,かめや釣具 下松店,小売業,その他小売,5%
山口県,下松市,きもの 桔梗,サービス,その他サービス,5%
山口県,下松市,牛角下松店,サービス,飲食業,2%
山口県,下松市,下松 ＳＳ,小売業,ガソリンスタンド,2%
山口県,下松市,下松ＳＳ,小売業,ガソリンスタンド,2%
山口県,下松市,セブン－イレブン下松生野屋店,小売業,食料品,2%
山口県,下松市,セブン－イレブン下松河内店,小売業,食料品,2%
山口県,下松市,セブン－イレブン下松潮音町１丁目店,小売業,食料品,2%
山口県,下松市,セブン－イレブン下松潮音店,小売業,食料品,2%
山口県,下松市,セブン－イレブン下松末武上店,小売業,食料品,2%
山口県,下松市,下松灯油配送センター,小売業,ガソリンスタンド,2%
山口県,下松市,セブン－イレブン下松望町店,小売業,食料品,2%
山口県,下松市,セブン－イレブン下松病院前店,小売業,食料品,2%
山口県,下松市,くだまつむせん,小売業,電化製品,5%
山口県,下松市,クラウン周南,小売業,その他小売,5%
山口県,下松市,グルメロード安田（本店）,小売業,食料品,5%
山口県,下松市,クロロフィル下松美顔教室,小売業,その他小売,5%
山口県,下松市,（株）小桜,サービス,飲食業,5%
山口県,下松市,山陽自動車道上り下松サービスエリアＳＳ,小売業,ガソリンスタンド,2%
山口県,下松市,Ｃｙｃｌｏｔｅｃｈイチカワ,小売業,その他小売,5%
山口県,下松市,しゃぶしゃぶ温野菜下松店,サービス,飲食業,2%
山口県,下松市,周南工流シティＳＳ,小売業,ガソリンスタンド,2%
山口県,下松市,進物の大進 下松店,小売業,その他小売,5%
山口県,下松市,すすめ ヴァイキング 徳山東店,サービス,飲食業,5%
山口県,下松市,セルフ下松ＳＳ,小売業,ガソリンスタンド,2%
山口県,下松市,大進創寫舘 下松店,サービス,その他サービス,5%
山口県,下松市,タケナカ電器,小売業,電化製品,5%
山口県,下松市,豊井ストアーおだ,小売業,総合（非専門）,5%
山口県,下松市,トヨタカローラ山口 下松望町店,小売業,その他小売,5%
山口県,下松市,トヨタカローラ山口 ＧＲＧａｒａｇｅ周南,小売業,その他小売,5%
山口県,下松市,トヨタカローラ山口 ジェームス周南店,小売業,その他小売,2%
山口県,下松市,ＴＲＵＳＴ,サービス,理容・美容業,5%
山口県,下松市,ネッツトヨタ山口周南店,小売業,その他小売,5%
山口県,下松市,ネッツトヨタ山口周南マイカーセンター,小売業,その他小売,5%
山口県,下松市,ネッツトヨタ山口末武店,小売業,その他小売,5%
山口県,下松市,ＢａｌｃｏｍＢＭＷ周南・ＢＭＷ ＰｒｅｍｉｕｍＳｅｌｅｃｔｉｏｎ周南,小売業,その他小売,5%
山口県,下松市,バルコムモータース 周南,小売業,その他小売,5%
山口県,下松市,明屋書店 下松店,小売業,書籍・玩具・音楽ＣＤ,5%
山口県,下松市,明屋書店 下松店,小売業,その他小売,5%
山口県,下松市,ブックランド都野 下松店,小売業,書籍・玩具・音楽ＣＤ,5%
山口県,下松市,ポプラ下松駅北口店,小売業,総合（非専門）,2%
山口県,下松市,本社,小売業,ガソリンスタンド,2%
山口県,下松市,本社代行,小売業,ガソリンスタンド,2%
山口県,下松市,ホンダカーズ光東 下松店,サービス,その他サービス,5%
山口県,下松市,マクドナルド下松サンリブ店,サービス,飲食業,2%
山口県,下松市,マクドナルド下松店,サービス,飲食業,2%
山口県,下松市,みほり峠 下松店,サービス,飲食業,5%
山口県,下松市,明林堂書店ゆめタウン下松店,小売業,その他小売,5%
山口県,下松市,メガネの田中 サンリブ下松店,小売業,その他小売,5%
山口県,下松市,メガネの２１周南店,小売業,貴金属・服飾品,5%
山口県,下松市,もみほぐし ｌａｌａ,サービス,その他サービス,5%
山口県,下松市,やくし美容室北口駅前店,サービス,理容・美容業,5%
山口県,下松市,やくし美容室末武店,サービス,理容・美容業,5%
山口県,下松市,やくし美容室中央店,サービス,理容・美容業,5%
山口県,下松市,山県電器,小売業,電化製品,5%
山口県,下松市,山口トヨタ自動車周南店,小売業,その他小売,5%
山口県,山陽小野田市,厚狭駅前やきとりスタジアム,サービス,飲食業,5%
山口県,山陽小野田市,出光有帆ＳＳ,小売業,ガソリンスタンド,2%
山口県,山陽小野田市,（株）井上佛工所,小売業,家具・調度品,5%
山口県,山陽小野田市,ウェスタまるき厚狭店,小売業,食料品,5%
山口県,山陽小野田市,ウェスタまるき神田店,小売業,食料品,5%
山口県,山陽小野田市,ウェスタまるき中川店,小売業,食料品,5%
山口県,山陽小野田市,エクストールイン山陽小野田厚狭駅前,サービス,宿泊業,5%
山口県,山陽小野田市,ＳＮＧ まつやま,小売業,電化製品,5%
山口県,山陽小野田市,ＥＮＥＯＳ 小野田給油所,小売業,ガソリンスタンド,2%
山口県,山陽小野田市,小月インター給油所,小売業,ガソリンスタンド,2%
山口県,山陽小野田市,小野田インター,小売業,ガソリンスタンド,2%
山口県,山陽小野田市,小野田駅前ＳＳ,小売業,ガソリンスタンド,2%
山口県,山陽小野田市,セブンーイレブン小野田バイパス店,小売業,食料品,2%
山口県,山陽小野田市,セブン－イレブン小野田竜王山公園入口店,小売業,食料品,2%
山口県,山陽小野田市,かんのん堂,その他業種,ー,5%
山口県,山陽小野田市,カーステージＮＢ,サービス,その他サービス,5%
山口県,山陽小野田市,キタノ小野田店,小売業,衣料品,5%
山口県,山陽小野田市,牛角小野田店,サービス,飲食業,2%
山口県,山陽小野田市,グッデイ 小野田店,小売業,その他小売,5%
山口県,山陽小野田市,ｃｌｅａｒ,サービス,その他サービス,5%
山口県,山陽小野田市,酒のフロンティア厚狭店,小売業,食料品,5%
山口県,山陽小野田市,セブン－イレブン山陽小野田厚陽店,小売業,食料品,2%
山口県,山陽小野田市,セブンーイレブン山陽小野田千代町店,小売業,食料品,2%
山口県,山陽小野田市,セブン－イレブン山陽小野田日の出店,小売業,食料品,2%
山口県,山陽小野田市,セブン－イレブン山陽小野田丸河内店,小売業,食料品,2%
山口県,山陽小野田市,ジェイトラベル山口,サービス,その他サービス,5%
山口県,山陽小野田市,食事処 新 月,サービス,飲食業,5%
山口県,山陽小野田市,◇ＳｐｉｒａｌＳｔｅｐｓ◇,小売業,衣料品,5%
山口県,山陽小野田市,セントラルホテル,サービス,宿泊業,5%
山口県,山陽小野田市,トヨタカローラ山口小野田店,小売業,その他小売,5%
山口県,山陽小野田市,ドラマティックス 小野田駅前店,サービス,理容・美容業,5%
山口県,山陽小野田市,ドラマティックス,サービス,理容・美容業,5%
山口県,山陽小野田市,なわたの海苔屋 中川店,小売業,食料品,5%
山口県,山陽小野田市,なわたの海苔屋 本店,小売業,食料品,5%
山口県,山陽小野田市,ネッツトヨタ山口小野田店,小売業,その他小売,5%
山口県,山陽小野田市,花の海,サービス,飲食業,5%
山口県,山陽小野田市,埴生ＳＳ,小売業,ガソリンスタンド,2%
山口県,山陽小野田市,はらだ化粧品店,小売業,その他小売,5%
山口県,山陽小野田市,ぱわっとＳくらもと有帆店,小売業,電化製品,5%
山口県,山陽小野田市,美容室ラピス,サービス,理容・美容業,5%
山口県,山陽小野田市,ＨａｉｒＳｔｕｄｉｏＬｉｂｅｒｔａｄ,サービス,理容・美容業,5%
山口県,山陽小野田市,ほりうち,小売業,食料品,5%
山口県,山陽小野田市,マクドナルドおのだサンパーク店,サービス,飲食業,2%
山口県,山陽小野田市,はらだ化粧品店,小売業,その他小売,5%
山口県,山陽小野田市,麺菜酒家らいち 厚狭店,サービス,飲食業,5%
山口県,山陽小野田市,セブンーイレブン山口厚狭本町店,小売業,食料品,2%
山口県,山陽小野田市,山口トヨタ自動車小野田店,小売業,その他小売,5%
山口県,山陽小野田市,Ｙ’ｓ ｈａｉｒ ウエスト店,サービス,理容・美容業,5%
山口県,下関市,Ａｒｋｓ ｈａｉｒ,サービス,理容・美容業,5%
山口県,下関市,ｃｈｉｃｃｈｉ ｓｈｉｍｏ,サービス,理容・美容業,5%
山口県,下関市,垢田ＳＳ,小売業,ガソリンスタンド,2%
山口県,下関市,Ａｇｕ ｈａｉｒ Ａｇｕ ｈａｉｒ ｓｅａｍｏ下関,サービス,理容・美容業,5%
山口県,下関市,あけぼの珈琲 あけぼの珈琲 下関店,サービス,飲食業,5%
山口県,下関市,Ａｐｐｌｅａｄ下関海響館前店,サービス,その他サービス,5%
山口県,下関市,厚母ＳＳ,小売業,ガソリンスタンド,2%
山口県,下関市,ａｎｏ ｈａｉｒ,サービス,理容・美容業,5%
山口県,下関市,ａｒｏｍａ ｗｏｒｋｓ アロマワークス,サービス,その他サービス,5%
山口県,下関市,アンシャーリー下関清末店,小売業,食料品,5%
山口県,下関市,アン シャーリー 下関一の宮店 アンシャーリー下関一の宮店,小売業,食料品,5%
山口県,下関市,ＡＮＴＩＱＵＥＳ＆ＯＬＤＩＥＳ,その他業種,ー,5%
山口県,下関市,居酒屋徳,サービス,飲食業,5%
山口県,下関市,Ｄｒ．Ｄｒｉｖｅ一の宮ＳＳ,小売業,ガソリンスタンド,2%
山口県,下関市,市村蒲鉾,小売業,食料品,5%
山口県,下関市,市村蒲鉾綾羅木店,小売業,食料品,5%
山口県,下関市,市村蒲鉾唐戸市場店,小売業,食料品,5%
山口県,下関市,市村蒲鉾吉見店,小売業,食料品,5%
山口県,下関市,イッツスタイル 下関リピエ店,サービス,理容・美容業,5%
山口県,下関市,出光阿川ＳＳ,小売業,ガソリンスタンド,2%
山口県,下関市,出光小月ＳＳ,小売業,ガソリンスタンド,2%
山口県,下関市,出光椋野ＳＳ,小売業,ガソリンスタンド,2%
山口県,下関市,色葉うどん,サービス,飲食業,5%
山口県,下関市,Ｏｅｉｌｖｅｒｔ,小売業,その他小売,5%
山口県,下関市,Ｏｅｉｌｖｅｒｔ Ｏｅｉｌｖｅｒｔ,小売業,その他小売,5%
山口県,下関市,ウェスタまるき菊川店,小売業,食料品,5%
山口県,下関市,ウェスタまるき下関一の宮店,小売業,食料品,5%
山口県,下関市,ウェスタまるき下関小月店,小売業,食料品,5%
山口県,下関市,ウェスタまるき下関形山店,小売業,食料品,5%
山口県,下関市,ウェスタまるき豊浦店,小売業,食料品,5%
山口県,下関市,ｕｚｕｈｏｕｓｅ,サービス,宿泊業,5%
山口県,下関市,うつわとくらし桃李,その他業種,ー,5%
山口県,下関市,ｅｇａｏｄｅｓｉｇｎ ｔｏｂｉｕｓａｇｉ,小売業,総合（非専門）,5%
山口県,下関市,エステティックサロンベルネ,サービス,理容・美容業,5%
山口県,下関市,エッグカフェ,サービス,飲食業,5%
山口県,下関市,江戸焼 うなぎ若松,サービス,飲食業,5%
山口県,下関市,ＮＴＡシーモール下関支店,サービス,その他サービス,5%
山口県,下関市,ＥＮＥＯＳ 新下関給油所,小売業,ガソリンスタンド,2%
山口県,下関市,ＦＣ下関十字堂楽器店,小売業,書籍・玩具・音楽ＣＤ,5%
山口県,下関市,縁起焼,小売業,食料品,5%
山口県,下関市,Ｏｓｔｅｒｉａ伊庵,サービス,飲食業,5%
山口県,下関市,鶏料理お福下関店,サービス,飲食業,5%
山口県,下関市,株式会社オムラ,サービス,その他サービス,5%
山口県,下関市,オリーブホリスティックアカデミー,サービス,その他サービス,5%
山口県,下関市,オリックスレンタカー新下関店,サービス,その他サービス,2%
山口県,下関市,ＯＮＦＬＥＥＫ,サービス,理容・美容業,5%
山口県,下関市,海響れすとらん しずか,サービス,飲食業,5%
山口県,下関市,懐古庵 下関店,サービス,飲食業,5%
山口県,下関市,カギの１１０番,小売業,その他小売,5%
山口県,下関市,菓子工房ｎａ．ｎａｎ,サービス,飲食業,5%
山口県,下関市,ガッツレンタカー新下関駅前店,サービス,その他サービス,5%
山口県,下関市,割烹旅館 寿美礼,サービス,宿泊業,5%
山口県,下関市,かねよし,小売業,食料品,5%
山口県,下関市,Ｃａｐｉｇａｌｌｅｒｙ,小売業,衣料品,5%
山口県,下関市,カフェ ティーフル カフェ ティーフル,サービス,飲食業,5%
山口県,下関市,株式会社 下関植木,小売業,その他小売,5%
山口県,下関市,株式会社 素敬 ゆっくり小学校 下関内日校舎,その他業種,ー,5%
山口県,下関市,オリーブホリスティックアカデミー,サービス,その他サービス,5%
山口県,下関市,カレーハウスＣｏＣｏ壱番屋下関武久店,サービス,飲食業,2%
山口県,下関市,河久 唐戸店,サービス,飲食業,5%
山口県,下関市,川棚ＳＳ,小売業,ガソリンスタンド,2%
山口県,下関市,河内電器商会,小売業,電化製品,5%
山口県,下関市,河内電器商会,小売業,電化製品,5%
山口県,下関市,かわで整体院,サービス,その他サービス,5%
山口県,下関市,河野自動車,サービス,その他サービス,5%
山口県,下関市,河野自動車 河野自動車 中古車販売,サービス,その他サービス,5%
山口県,下関市,関釜フェリーＳＳ,小売業,ガソリンスタンド,2%
山口県,下関市,菊川バイパスＳＳ,小売業,ガソリンスタンド,2%
山口県,下関市,岸砿油 本社,小売業,ガソリンスタンド,2%
山口県,下関市,喫茶 わすれじの,サービス,飲食業,5%
山口県,下関市,ギフトギャラリーオズ新下関店,小売業,総合（非専門）,5%
山口県,下関市,牛串とらまめともつ鍋こ豆 下関店 牛串とらまめともつ鍋こ豆下関店,サービス,飲食業,5%
山口県,下関市,クシタニ 下関店,小売業,衣料品,5%
山口県,下関市,グッデイ 長府店,小売業,その他小売,5%
山口県,下関市,グッデイ 長府店,小売業,その他小売,5%
山口県,下関市,ＣＬＵＢ ＨＡＩＲ,サービス,理容・美容業,5%
山口県,下関市,グランド工房 下関店,小売業,その他小売,5%
山口県,下関市,ＣＲＡＩＺＥＭＯＴＯＲＣＹＣＬＥ,小売業,その他小売,5%
山口県,下関市,株式会社クロスポイント,小売業,その他小売,5%
山口県,下関市,クロロフィル下関美顔教室,小売業,その他小売,5%
山口県,下関市,ケーキとカフェ ガルメン,サービス,飲食業,5%
山口県,下関市,合同会社ポーレック ベーカリーレストラン ポーレック インド料理ミラマハル,サービス,飲食業,5%
山口県,下関市,パン工房 玄,小売業,食料品,5%
山口県,下関市,ここリラストレッチ ゆめシティ店,サービス,理容・美容業,5%
山口県,下関市,特牛ＳＳ,小売業,ガソリンスタンド,2%
山口県,下関市,こっとい田中,小売業,食料品,5%
山口県,下関市,コープここと 新下関店,小売業,総合（非専門）,5%
山口県,下関市,サイト美容室,サービス,理容・美容業,5%
山口県,下関市,さかな市場 下関駅前店,サービス,飲食業,5%
山口県,下関市,酒工房酒楽株式会社,小売業,その他小売,5%
山口県,下関市,サロンドシャンス,サービス,理容・美容業,5%
山口県,下関市,サロンマツイ,小売業,衣料品,5%
山口県,下関市,サンパル小月ＳＳ,小売業,ガソリンスタンド,2%
山口県,下関市,山陽代行,サービス,運輸業,5%
山口県,下関市,山陽代行,サービス,その他サービス,5%
山口県,下関市,Ｃｉｅｌｏ ｈａｉｒ,サービス,理容・美容業,5%
山口県,下関市,シティコンタクト 下関彦島店,小売業,その他小売,5%
山口県,下関市,島定本店,小売業,食料品,5%
山口県,下関市,セブンーイレブン下関秋根東町店,小売業,食料品,2%
山口県,下関市,セブン－イレブン下関綾羅木新町店,小売業,食料品,2%
山口県,下関市,セブン－イレブン下関生野町店,小売業,食料品,2%
山口県,下関市,セブン－イレブン下関一の宮店,小売業,食料品,2%
山口県,下関市,セブン－イレブン下関一の宮東店,小売業,食料品,2%
山口県,下関市,セブン－イレブン下関医療センター店,小売業,食料品,2%
山口県,下関市,セブンーイレブン下関小月店,小売業,食料品,2%
山口県,下関市,セブン－イレブン下関小野店,小売業,食料品,2%
山口県,下関市,セブンーイレブン下関卸本町店,小売業,食料品,2%
山口県,下関市,セブン－イレブン下関川棚店,小売業,食料品,2%
山口県,下関市,セブン－イレブン下関川中豊町店,小売業,食料品,2%
山口県,下関市,セブン－イレブン下関関門海峡店,小売業,食料品,2%
山口県,下関市,セブンーイレブン下関菊川岡枝店,小売業,食料品,2%
山口県,下関市,セブン－イレブン下関貴船町店,小売業,食料品,2%
山口県,下関市,セブン－イレブン下関貴船４丁目店,小売業,食料品,2%
山口県,下関市,セブン－イレブン下関球場前店,小売業,食料品,2%
山口県,下関市,セブンーイレブン下関競艇場前店,小売業,食料品,2%
山口県,下関市,セブン－イレブン下関漁港前店,小売業,食料品,2%
山口県,下関市,セブン－イレブン下関グリーンモール店,小売業,食料品,2%
山口県,下関市,セブン－イレブン下関黒井店,小売業,食料品,2%
山口県,下関市,セブン－イレブン下関小串店,小売業,食料品,2%
山口県,下関市,下関三百目ＳＳ,小売業,ガソリンスタンド,2%
山口県,下関市,下関市満珠荘,サービス,宿泊業,5%
山口県,下関市,セブン－イレブン下関市役所前店,小売業,食料品,2%
山口県,下関市,セブン－イレブン下関住吉店,小売業,食料品,2%
山口県,下関市,セブン－イレブン下関宝町店,小売業,食料品,2%
山口県,下関市,セブン－イレブン下関田倉店,小売業,食料品,2%
山口県,下関市,セブン－イレブン下関竹崎４丁目店,小売業,食料品,2%
山口県,下関市,セブン－イレブン下関武久店,小売業,食料品,2%
山口県,下関市,セブン－イレブン下関長府江下町店,小売業,食料品,2%
山口県,下関市,セブン－イレブン下関長府警察署前店,小売業,食料品,2%
山口県,下関市,セブン－イレブン下関長府珠の浦店,小売業,食料品,2%
山口県,下関市,セブン－イレブン下関富任町店,小売業,食料品,2%
山口県,下関市,下関幡生ＳＳ,小売業,ガソリンスタンド,2%
山口県,下関市,セブン－イレブン下関幡生店,小売業,食料品,2%
山口県,下関市,セブン－イレブン下関岬之町店,小売業,食料品,2%
山口県,下関市,セブン－イレブン下関羽山町店,小売業,食料品,2%
山口県,下関市,セブン－イレブン下関稗田店,小売業,食料品,2%
山口県,下関市,セブンーイレブン下関稗田西町店,小売業,食料品,2%
山口県,下関市,セブン－イレブン下関稗田南町店,小売業,食料品,2%
山口県,下関市,セブン－イレブン下関東駅店,小売業,食料品,2%
山口県,下関市,セブン－イレブン下関東大和町店,小売業,食料品,2%
山口県,下関市,セブン－イレブン下関彦島迫町店,小売業,食料品,2%
山口県,下関市,セブン－イレブン下関彦島水門店,小売業,食料品,2%
山口県,下関市,セブン－イレブン下関彦島福浦口店,小売業,食料品,2%
山口県,下関市,セブン－イレブン下関彦島向井町店,小売業,食料品,2%
山口県,下関市,セブン－イレブン下関福江店,小売業,食料品,2%
山口県,下関市,下関三菱自動車販売小月店,小売業,その他小売,5%
山口県,下関市,セブン－イレブン下関山の田店,小売業,食料品,2%
山口県,下関市,セブンーイレブン下関吉田店,小売業,食料品,2%
山口県,下関市,セブン－イレブン下関吉見店,小売業,食料品,2%
山口県,下関市,ｓｈｕａｎ ＫＵ ｃａｆｅ,小売業,その他小売,5%
山口県,下関市,ショーエイ電気,小売業,電化製品,5%
山口県,下関市,新下関観光株式会社 レストラン喫茶 ヒルズ,小売業,食料品,5%
山口県,下関市,進物の大進 下関店,小売業,その他小売,5%
山口県,下関市,筋川ＳＳ,小売業,ガソリンスタンド,2%
山口県,下関市,素晴らしきかな人生 下関店 素晴らしきかな人生下関店,サービス,飲食業,5%
山口県,下関市,炭火串焼き やきとん 正一郎 炭火串焼き やきとん 正一郎,サービス,飲食業,5%
山口県,下関市,セイキ時計店,小売業,貴金属・服飾品,5%
山口県,下関市,セルフ＆カーケア新下関ＳＳ,小売業,ガソリンスタンド,2%
山口県,下関市,セルフ下関インターＳＳ,小売業,ガソリンスタンド,2%
山口県,下関市,セルフステーション貴船ＳＳ,小売業,ガソリンスタンド,2%
山口県,下関市,株式会社素敬,その他業種,ー,5%
山口県,下関市,滝部ＳＳ,小売業,ガソリンスタンド,2%
山口県,下関市,竹園旅館,サービス,その他サービス,5%
山口県,下関市,武久ＳＳ,小売業,ガソリンスタンド,2%
山口県,下関市,田中工務店,サービス,その他サービス,5%
山口県,下関市,だるま堂,小売業,食料品,5%
山口県,下関市,中国自動車道 上り 王司パーキングエリアＳＳ,小売業,ガソリンスタンド,2%
山口県,下関市,セブン－イレブン長府侍町店,小売業,食料品,2%
山口県,下関市,角島ジェラート ポポロ,サービス,飲食業,5%
山口県,下関市,角島テラス,サービス,飲食業,5%
山口県,下関市,デンヒチ下関営業所,小売業,その他小売,5%
山口県,下関市,東京屋クリーニング本店,その他業種,ー,5%
山口県,下関市,東龍軒 下関店,サービス,飲食業,5%
山口県,下関市,トム・ソーヤー 下関店,小売業,その他小売,5%
山口県,下関市,トヨタカローラ山口小月店,小売業,その他小売,5%
山口県,下関市,トヨタカローラ山口下関店,小売業,その他小売,5%
山口県,下関市,トヨタカローラ山口新下関店,小売業,その他小売,5%
山口県,下関市,トヨタカローラ山口安岡店,小売業,その他小売,5%
山口県,下関市,豊田石油株式会社本社,小売業,ガソリンスタンド,2%
山口県,下関市,豊田バイパスＳＳ,小売業,ガソリンスタンド,2%
山口県,下関市,トヨタレンタリース山口新下関駅前店,サービス,その他サービス,2%
山口県,下関市,ナカガワデンキ,小売業,電化製品,5%
山口県,下関市,中嶋商店海産部,小売業,食料品,5%
山口県,下関市,なつ動物病院,その他業種,ー,5%
山口県,下関市,西市ＳＳ,小売業,その他小売,2%
山口県,下関市,西市バイパスＳＳ,小売業,ガソリンスタンド,2%
山口県,下関市,西平電気 西平電気商会,小売業,電化製品,5%
山口県,下関市,ネッツトヨタ山口綾羅木店,小売業,その他小売,5%
山口県,下関市,ネッツトヨタ山口綾羅木マイカーセンター,小売業,その他小売,5%
山口県,下関市,ネッツトヨタ山口一の宮店,小売業,その他小売,5%
山口県,下関市,ネッツトヨタ山口小月店,小売業,その他小売,5%
山口県,下関市,ネッツトヨタ山口下関北店,小売業,その他小売,5%
山口県,下関市,ネッツトヨタ山口下関店,小売業,その他小売,5%
山口県,下関市,ネッツトヨタ山口レクサス下関,小売業,その他小売,5%
山口県,下関市,パイオニアオート商会,小売業,その他小売,5%
山口県,下関市,博多一番どり 居食家あらい 新下関店,サービス,飲食業,5%
山口県,下関市,博多一番どり 居食家あらい 長府店,サービス,飲食業,5%
山口県,下関市,博多一番どり 居食家あらい 山の田店,サービス,飲食業,5%
山口県,下関市,パソコン市場 下関店,小売業,電化製品,5%
山口県,下関市,パソコン市場 シーモール下関店,小売業,電化製品,5%
山口県,下関市,パナどっとげんりん 宝町店,小売業,電化製品,5%
山口県,下関市,パナどっとちゃやま 垢田店,小売業,電化製品,5%
山口県,下関市,パナどっととうぶ 小月駅前店,小売業,電化製品,5%
山口県,下関市,パナどっとながおか 彦島店,小売業,電化製品,5%
山口県,下関市,パナどっとなかのグリーンモール店,小売業,電化製品,5%
山口県,下関市,パナどっとなかむら 勝山店,小売業,電化製品,5%
山口県,下関市,パナどっとなかむら豊洋台店,小売業,電化製品,5%
山口県,下関市,パナどっとぱれっと 富任店,小売業,電化製品,5%
山口県,下関市,パナどっとふじた吉見店,小売業,電化製品,5%
山口県,下関市,パナどっとやまかわ 入江店,小売業,電化製品,5%
山口県,下関市,パナどっとゆたか 梶栗店,小売業,電化製品,5%
山口県,下関市,Ｂａｒｒｉｏ,サービス,飲食業,5%
山口県,下関市,ＢａｌｃｏｍＢＭＷ下関・ＢＭＷ ＰｒｅｍｉｕｍＳｅｌｅｃｔｉｏｎ下関,小売業,その他小売,5%
山口県,下関市,バルコムモータース 下関,小売業,その他小売,5%
山口県,下関市,明屋書店 下関長府店,小売業,書籍・玩具・音楽ＣＤ,5%
山口県,下関市,明屋書店 長府店,小売業,その他小売,5%
山口県,下関市,明屋書店MEGA 新下関店,小売業,書籍・玩具・音楽ＣＤ,5%
山口県,下関市,明屋書店ＭＥＧＡ新下関店,小売業,その他小売,5%
山口県,下関市,ハローデイ海峡ゆめタワー前店,小売業,食料品,5%
山口県,下関市,ハローデイ綾羅木店,小売業,食料品,5%
山口県,下関市,東大和町ＳＳ,小売業,ガソリンスタンド,2%
山口県,下関市,彦島ＳＳ,小売業,ガソリンスタンド,2%
山口県,下関市,彦島江の浦店,小売業,その他小売,5%
山口県,下関市,彦島福浦店,小売業,その他小売,5%
山口県,下関市,美人湯の宿 平田旅館,サービス,宿泊業,5%
山口県,下関市,燈酔堂,サービス,飲食業,5%
山口県,下関市,ビストロまさ,サービス,飲食業,5%
山口県,下関市,美容室 和花 ｏｈａｎａ,サービス,理容・美容業,5%
山口県,下関市,ヒルズクラブ,サービス,その他サービス,5%
山口県,下関市,フィジカルプラス,小売業,その他小売,5%
山口県,下関市,福浦薬局,小売業,その他小売,5%
山口県,下関市,フクフクデンキ,小売業,電化製品,5%
山口県,下関市,ふぐ料理 懐石料理 たまや本店,サービス,飲食業,5%
山口県,下関市,藤村牛乳販売店,小売業,食料品,5%
山口県,下関市,プラザホテル下関,サービス,宿泊業,5%
山口県,下関市,プリンスホテル下関,サービス,宿泊業,5%
山口県,下関市,ＢＲＥＭＥＮ,サービス,理容・美容業,5%
山口県,下関市,ヘアー ドレッシング ＢＡＲＩ ヘアードレッシングＢＡＲＩ,サービス,理容・美容業,5%
山口県,下関市,ｈａｉｒ＆ｎａｉｌ ｍｏａｎａ,サービス,理容・美容業,5%
山口県,下関市,ヘアーサロンやんぐ,サービス,理容・美容業,5%
山口県,下関市,ヘアープロデュース・アイズ,サービス,理容・美容業,5%
山口県,下関市,ＨａｉｒｌａｂａＬｕｓｔｅｒ,サービス,理容・美容業,5%
山口県,下関市,ｈａｉｒ＆ｎａｉｌｍｏａｎａ,サービス,理容・美容業,5%
山口県,下関市,ｓｅａーｓｏｎーａｌ 下関,サービス,理容・美容業,5%
山口県,下関市,平蔵 平蔵,サービス,飲食業,5%
山口県,下関市,ボディーショップ Ｒ２,小売業,その他小売,5%
山口県,下関市,ホテル西長門リゾート,サービス,宿泊業,5%
山口県,下関市,ポプラ下関竹崎店,小売業,総合（非専門）,2%
山口県,下関市,本社,小売業,その他小売,2%
山口県,下関市,マクドナルド下関東駅店,サービス,飲食業,2%
山口県,下関市,マクドナルド新下関ゆめシティ店,サービス,飲食業,2%
山口県,下関市,マクドナルド長府店,サービス,飲食業,2%
山口県,下関市,マクドナルド長府ゆめタウン店,サービス,飲食業,2%
山口県,下関市,Ｍａｍｅｎａ,サービス,飲食業,5%
山口県,下関市,まるき角倉店,小売業,食料品,5%
山口県,下関市,まるき武久店,小売業,食料品,5%
山口県,下関市,まるき彦島店,小売業,食料品,5%
山口県,下関市,まるしまや,小売業,食料品,5%
山口県,下関市,ミズエ電気,小売業,電化製品,5%
山口県,下関市,水野商店,小売業,食料品,5%
山口県,下関市,ミモザ新下関店,小売業,家具・調度品,5%
山口県,下関市,都設計工房,小売業,その他小売,5%
山口県,下関市,無法松 下関店,小売業,その他小売,5%
山口県,下関市,無法松 安岡店,小売業,その他小売,5%
山口県,下関市,無法松 大和町店,小売業,その他小売,5%
山口県,下関市,無法松 大和町店,小売業,その他小売,5%
山口県,下関市,村田自転車店,小売業,その他小売,5%
山口県,下関市,村田自転車店 村田自転車店,小売業,その他小売,5%
山口県,下関市,Ｍａｔｅｓ,サービス,その他サービス,5%
山口県,下関市,明林堂書店新下関店,小売業,その他小売,5%
山口県,下関市,明林堂書店長府店,小売業,その他小売,5%
山口県,下関市,めがね工房ノエル,小売業,貴金属・服飾品,5%
山口県,下関市,めがね工房 ノエル,小売業,その他小売,5%
山口県,下関市,メナード化粧品リヴェカリーノ代行店,サービス,理容・美容業,2%
山口県,下関市,モンマートはやた,小売業,食料品,5%
山口県,下関市,焼肉 かつ山,サービス,飲食業,5%
山口県,下関市,山口トヨタ自動車小月店,小売業,その他小売,5%
山口県,下関市,山口トヨタ自動車下関北店,小売業,その他小売,5%
山口県,下関市,山口トヨタ自動車下関店,小売業,その他小売,5%
山口県,下関市,やまみうに下関水陸物産株式会社,小売業,食料品,5%
山口県,下関市,やむたん,サービス,飲食業,5%
山口県,下関市,腰痛専門整体院～ななか～,サービス,その他サービス,5%
山口県,下関市,吉見ＳＳ,小売業,ガソリンスタンド,2%
山口県,下関市,Ｒｉｓａ Ｒｉｓａ【リサリサ】,サービス,理容・美容業,5%
山口県,下関市,リフォームたつみ,サービス,その他サービス,5%
山口県,下関市,Ｒｉｎｃ,サービス,理容・美容業,5%
山口県,下関市,ＬＩＮＫＳ,小売業,衣料品,5%
山口県,下関市,ｒｕｈｅｐｌａｔｚ,サービス,飲食業,5%
山口県,下関市,ｒｅｇｉｎａｐｕｂｂｌｉｃｏ,サービス,理容・美容業,5%
山口県,下関市,レストランまつもと,サービス,飲食業,5%
山口県,下関市,レディスショップ河野,小売業,衣料品,5%
山口県,下関市,れれれのれ,サービス,飲食業,5%
山口県,下関市,レンタルビデオ ゲーム Ｔ Ｇ,サービス,その他サービス,5%
山口県,下関市,和バルコパん食堂,サービス,飲食業,5%
山口県,周南市,ａｒｃｈ,サービス,理容・美容業,5%
山口県,周南市,アオゾラテーブル,サービス,飲食業,5%
山口県,周南市,Ａｐｐｌｅａｄ 周南店,サービス,その他サービス,5%
山口県,周南市,イタリア食堂Ｂａｍｂｏｏ,サービス,飲食業,5%
山口県,周南市,出光浦山セルフＳＳ,小売業,ガソリンスタンド,2%
山口県,周南市,出光新南陽セルフＳＳ,小売業,ガソリンスタンド,2%
山口県,周南市,出光セルフ櫛ケ浜ＳＳ,小売業,ガソリンスタンド,2%
山口県,周南市,出光築港ＳＳ,小売業,ガソリンスタンド,2%
山口県,周南市,出光富田港ＳＳ,小売業,ガソリンスタンド,2%
山口県,周南市,出光長穂ＳＳ,小売業,ガソリンスタンド,2%
山口県,周南市,出光若山石油本社,小売業,ガソリンスタンド,2%
山口県,周南市,いよや 福川店,小売業,食料品,5%
山口県,周南市,インテリア飛騨,小売業,家具・調度品,5%
山口県,周南市,Ａｉｒ ｓｎｉｐ,サービス,理容・美容業,5%
山口県,周南市,ＥＮＥＯＳ 徳山秋月給油所,小売業,ガソリンスタンド,2%
山口県,周南市,ＥＮＥＯＳ 徳山城ケ丘給油所,小売業,ガソリンスタンド,2%
山口県,周南市,ＥＮＥＯＳ マルチステーション周南,小売業,ガソリンスタンド,2%
山口県,周南市,オリックスレンタカー徳山駅新幹線口店,サービス,その他サービス,2%
山口県,周南市,ガーデンレストラン メープルヒル,サービス,飲食業,5%
山口県,周南市,カイロプラクティックｃｌｏｖｅｒ新南陽店,サービス,理容・美容業,5%
山口県,周南市,ｃａｃａ,サービス,飲食業,5%
山口県,周南市,カギのレスキュー鍵屋,サービス,その他サービス,5%
山口県,周南市,かね石食料品店,小売業,食料品,5%
山口県,周南市,鹿野ＳＳ,小売業,ガソリンスタンド,2%
山口県,周南市,鹿野バイパスＳＳ,小売業,ガソリンスタンド,2%
山口県,周南市,株 はつもみぢ,小売業,食料品,5%
山口県,周南市,「カラム」,サービス,その他サービス,5%
山口県,周南市,カレーハウスＣＯＣＯ壱番屋イオンタウン周南店,サービス,飲食業,2%
山口県,周南市,乾杯 ニクノミコト 周南店 乾杯 ニクノミコト周南店,サービス,飲食業,5%
山口県,周南市,喜多川,サービス,飲食業,5%
山口県,周南市,喜多川,サービス,飲食業,5%
山口県,周南市,きっちんＣｏｈａｃｈｉ,サービス,飲食業,5%
山口県,周南市,牛角徳山店,サービス,飲食業,2%
山口県,周南市,９ＭＬＧ ＢＹ ＣＨＩＴＯＳＥ,サービス,理容・美容業,5%
山口県,周南市,銀色バイク,小売業,その他小売,5%
山口県,周南市,櫛ヶ浜ＳＳ,小売業,ガソリンスタンド,2%
山口県,周南市,熊毛 ＳＳ,小売業,ガソリンスタンド,2%
山口県,周南市,セブン－イレブン熊毛インター店,小売業,食料品,2%
山口県,周南市,古民家サロンＣｕｒａｔｉｆクラティフ,その他業種,ー,5%
山口県,周南市,Ｃｌｏｖｅｒ,サービス,その他サービス,5%
山口県,周南市,黒髪石材 職域,小売業,ガソリンスタンド,2%
山口県,周南市,クロロフイル周南美顔教室,小売業,その他小売,5%
山口県,周南市,子たぬきのパン,小売業,食料品,5%
山口県,周南市,寿屋珈琲 徳山店,小売業,食料品,5%
山口県,周南市,コノハナヤ,小売業,その他小売,5%
山口県,周南市,コープここと とくやま店,小売業,総合（非専門）,5%
山口県,周南市,Ｃｉｒｃｌｅ,小売業,衣料品,5%
山口県,周南市,ＳＡＫＡＹＡＧＯＦＵＫＵＴＥＮ,小売業,衣料品,5%
山口県,周南市,セブン－イレブン周南大内町店,小売業,食料品,2%
山口県,周南市,セブン－イレブン周南大河内店,小売業,食料品,2%
山口県,周南市,セブン－イレブン周南温田店,小売業,食料品,2%
山口県,周南市,セブン－イレブン周南河東町店,小売業,食料品,2%
山口県,周南市,セブン－イレブン周南岐山通店,小売業,食料品,2%
山口県,周南市,セブン－イレブン周南熊毛店,小売業,食料品,2%
山口県,周南市,セブン－イレブン周南久米小前店,小売業,食料品,2%
山口県,周南市,セブン－イレブン周南久米次郎丸店,小売業,食料品,2%
山口県,周南市,セブン－イレブン周南久米店,小売業,食料品,2%
山口県,周南市,セブン－イレブン周南古泉店,小売業,食料品,2%
山口県,周南市,セブン－イレブン周南桜木店,小売業,食料品,2%
山口県,周南市,セブン－イレブン周南五月町店,小売業,食料品,2%
山口県,周南市,セブン－イレブン周南新宿通店,小売業,食料品,2%
山口県,周南市,セブン－イレブン周南新堤店,小売業,食料品,2%
山口県,周南市,セブン－イレブン周南築港町店,小売業,食料品,2%
山口県,周南市,セブン－イレブン周南富田店,小売業,食料品,2%
山口県,周南市,セブン－イレブン周南野村３丁目店,小売業,食料品,2%
山口県,周南市,セブン－イレブン周南原宿店,小売業,食料品,2%
山口県,周南市,セブン－イレブン周南平和通店,小売業,食料品,2%
山口県,周南市,セブン－イレブン周南戸田駅前店,小売業,食料品,2%
山口県,周南市,セブン－イレブン周南戸田店,小売業,食料品,2%
山口県,周南市,セブン－イレブン周南政所店,小売業,食料品,2%
山口県,周南市,ジョリ ファム 徳山店,小売業,衣料品,5%
山口県,周南市,セブン－イレブン新南陽市役所前店,小売業,食料品,2%
山口県,周南市,進物の大進 徳山店,小売業,その他小売,5%
山口県,周南市,スーパー小松大神,小売業,総合（非専門）,5%
山口県,周南市,須々万ＳＳ,小売業,ガソリンスタンド,2%
山口県,周南市,住福化成 職域,小売業,ガソリンスタンド,2%
山口県,周南市,住福石油 職域Ｂ,小売業,ガソリンスタンド,2%
山口県,周南市,住福燃料 職域,小売業,ガソリンスタンド,2%
山口県,周南市,生活彩家ソレーネ周南店,小売業,総合（非専門）,2%
山口県,周南市,セルフ周南ＳＳ,小売業,ガソリンスタンド,2%
山口県,周南市,セルフ徳山ＳＳ,小売業,ガソリンスタンド,2%
山口県,周南市,SerenDip 明屋書店 ゆめﾀｳﾝ徳山店,小売業,書籍・玩具・音楽ＣＤ,5%
山口県,周南市,ＳｅｒｅｎＤｉｐ明屋書店ゆめタウン徳山店,小売業,その他小売,5%
山口県,周南市,中国特殊,サービス,その他サービス,5%
山口県,周南市,ＴＥＴＨＥＲＡ,サービス,理容・美容業,5%
山口県,周南市,東洋ボデー,サービス,その他サービス,5%
山口県,周南市,徳山入船町 ＳＳ,小売業,ガソリンスタンド,2%
山口県,周南市,セブン－イレブン徳山櫛ヶ浜店,小売業,食料品,2%
山口県,周南市,セブン－イレブン徳山須々万店,小売業,食料品,2%
山口県,周南市,セブン－イレブン徳山夜市店,小売業,食料品,2%
山口県,周南市,友森電器,小売業,電化製品,5%
山口県,周南市,トヨタカローラ山口株式会社,小売業,その他小売,5%
山口県,周南市,トヨタカローラ山口徳山店,小売業,その他小売,5%
山口県,周南市,トヨタレンタリース山口徳山新幹線口店,サービス,その他サービス,2%
山口県,周南市,ＴＲＩＮＩＴＹ,サービス,理容・美容業,5%
山口県,周南市,富田東ＳＳ,小売業,ガソリンスタンド,2%
山口県,周南市,富田東セルフＳＳ,小売業,ガソリンスタンド,2%
山口県,周南市,奈のは 徳山店,サービス,飲食業,5%
山口県,周南市,ネイル２０番地,サービス,理容・美容業,5%
山口県,周南市,ネッツトヨタ山口 新南陽マイカーセンター,小売業,その他小売,5%
山口県,周南市,ネッツトヨタ山口新南陽店,小売業,その他小売,5%
山口県,周南市,ネッツトヨタ山口徳山店,小売業,その他小売,5%
山口県,周南市,ネッツトヨタ山口徳山マイカーセンター,小売業,その他小売,5%
山口県,周南市,ＢＢＱ酒場イチバンチョウバル,サービス,飲食業,5%
山口県,周南市,パナックくにかね,小売業,電化製品,5%
山口県,周南市,びっくりドンキー周陽店,サービス,飲食業,2%
山口県,周南市,Ｆｏｘｙ ｎａｉｌｓ,サービス,理容・美容業,5%
山口県,周南市,ブランシー,サービス,理容・美容業,5%
山口県,周南市,株式会社フルケア 経営管理部,小売業,その他小売,5%
山口県,周南市,ＨＡＩＲ＆ＭＡＫＥＢＬＡＮＣＨＥ,サービス,理容・美容業,5%
山口県,周南市,Ｈｅｒｉｔａｇｅ Ｓｔｏｒｅ,小売業,衣料品,5%
山口県,周南市,芳山園,サービス,宿泊業,5%
山口県,周南市,ホテル アルフレックス,サービス,宿泊業,5%
山口県,周南市,本社,小売業,ガソリンスタンド,2%
山口県,周南市,本店,小売業,ガソリンスタンド,2%
山口県,周南市,マクドナルド徳山店,サービス,飲食業,2%
山口県,周南市,豆福,サービス,飲食業,5%
山口県,周南市,丸富電気商会,小売業,電化製品,5%
山口県,周南市,無法松 新南陽店,小売業,その他小売,5%
山口県,周南市,無法松 徳山店,小売業,その他小売,5%
山口県,周南市,無法松 新南陽店,小売業,その他小売,5%
山口県,周南市,無法松 徳山店,小売業,その他小売,5%
山口県,周南市,明林堂書店ゆめタウン新南陽店,小売業,その他小売,5%
山口県,周南市,メガネの田中 徳山御幸通店,小売業,その他小売,5%
山口県,周南市,メルタスｅｃｏセライデンキ,小売業,電化製品,5%
山口県,周南市,メルタスｅｃｏ トーワムセン,小売業,電化製品,5%
山口県,周南市,本村電器,小売業,電化製品,5%
山口県,周南市,焼肉牛太 久米店,サービス,飲食業,5%
山口県,周南市,山口トヨタ自動車徳山店,小売業,その他小売,5%
山口県,周南市,有限会社スガデンキ,小売業,電化製品,5%
山口県,周南市,ＲＡ ＣＨＥＬ,小売業,衣料品,5%
山口県,周南市,ＬａＳＥＮ,小売業,衣料品,5%
山口県,周南市,リュエル,サービス,飲食業,5%
山口県,周南市,ＲｅｓｔａｕｒａｎｔＯＣＥＭ,サービス,飲食業,5%
山口県,周南市,ｌｏｔｕｓｌｅａｆ,小売業,衣料品,5%
山口県,周南市,若山石油株式会社,小売業,その他小売,5%
山口県,周南市,ワンツーサイクル,小売業,その他小売,5%
山口県,周防大島町,出光沖浦ＳＳ,小売業,ガソリンスタンド,2%
山口県,周防大島町,出光小松ＳＳ,小売業,ガソリンスタンド,2%
山口県,周防大島町,かめや釣具 大島店,小売業,その他小売,5%
山口県,周防大島町,小松ＳＳ,小売業,ガソリンスタンド,2%
山口県,周防大島町,小松物産株式会社,小売業,その他小売,5%
山口県,周防大島町,小松物産株式会社２,小売業,その他小売,5%
山口県,周防大島町,下田ＳＳ,小売業,ガソリンスタンド,2%
山口県,周防大島町,シンプルシステム,サービス,その他サービス,5%
山口県,周防大島町,周防大島 ＯＴｅｒａ Ｃａｆｅ,サービス,飲食業,5%
山口県,周防大島町,セブン－イレブン周防大島久賀店,小売業,食料品,2%
山口県,周防大島町,外入ＳＳ,小売業,ガソリンスタンド,2%
山口県,周防大島町,パナック おおしま,小売業,電化製品,5%
山口県,周防大島町,大和電器,小売業,電化製品,5%
山口県,田布施町,ＥＮＥＯＳ 田布施給油所,小売業,ガソリンスタンド,2%
山口県,田布施町,大島商会,サービス,その他サービス,5%
山口県,田布施町,城南ＳＳ,小売業,ガソリンスタンド,2%
山口県,田布施町,新城南ＳＳ,小売業,ガソリンスタンド,2%
山口県,田布施町,セルフ田布施ＳＳ,小売業,ガソリンスタンド,2%
山口県,田布施町,田布施 ＳＳ,小売業,ガソリンスタンド,2%
山口県,田布施町,田布施ＳＳ,小売業,ガソリンスタンド,2%
山口県,田布施町,セブン－イレブン田布施砂田店,小売業,食料品,2%
山口県,田布施町,セブン－イレブン田布施波野店,小売業,食料品,2%
山口県,田布施町,パルレ ひろ,小売業,電化製品,5%
山口県,長門市,出光人丸ＳＳ,小売業,ガソリンスタンド,2%
山口県,長門市,ＥＮＥＯＳ セルフ長門給油所,小売業,ガソリンスタンド,2%
山口県,長門市,ＥＮＥＯＳ 長門給油所,小売業,ガソリンスタンド,2%
山口県,長門市,エレショップ なかはら,小売業,電化製品,5%
山口県,長門市,青海島 ダイビングセンター,サービス,その他サービス,5%
山口県,長門市,株式会社大谷山荘,サービス,宿泊業,5%
山口県,長門市,玉仙閣,サービス,宿泊業,5%
山口県,長門市,しのはら美容室,サービス,理容・美容業,5%
山口県,長門市,下関三菱自動車販売長門店,小売業,その他小売,5%
山口県,長門市,セルフステーション三隅,小売業,ガソリンスタンド,2%
山口県,長門市,仙崎ＳＳ,小売業,ガソリンスタンド,2%
山口県,長門市,トラベルサロンジョイ,サービス,その他サービス,5%
山口県,長門市,長門ＳＳ,小売業,ガソリンスタンド,2%
山口県,長門市,セブン－イレブン長門市駅前店,小売業,食料品,2%
山口県,長門市,セブン－イレブン長門総合病院店,小売業,食料品,2%
山口県,長門市,セブン－イレブン長門東深川店,小売業,食料品,2%
山口県,長門市,セブン－イレブン長門日置中店,小売業,食料品,2%
山口県,長門市,セブン－イレブン長門三隅町店,小売業,食料品,2%
山口県,長門市,ＮａＮａｙａ Ｆａｒｍ,サービス,飲食業,5%
山口県,長門市,ネッツトヨタ山口長門店,小売業,その他小売,5%
山口県,長門市,明屋書店 長門店,小売業,書籍・玩具・音楽ＣＤ,5%
山口県,長門市,東長門ＳＳ,小売業,ガソリンスタンド,2%
山口県,長門市,廣田珈琲店,サービス,飲食業,5%
山口県,長門市,ひろ布,小売業,家具・調度品,5%
山口県,長門市,ＪＡＭＵ,サービス,理容・美容業,5%
山口県,長門市,日置ＳＳ,小売業,ガソリンスタンド,2%
山口県,長門市,ポプラ長門仙崎店,小売業,総合（非専門）,2%
山口県,長門市,ホンダカーズ光東 長門店,サービス,その他サービス,5%
山口県,長門市,むかつく,サービス,飲食業,5%
山口県,長門市,向津具ＳＳ,小売業,ガソリンスタンド,2%
山口県,長門市,めがねの開眼堂,小売業,その他小売,5%
山口県,長門市,モトナガデンキ,小売業,電化製品,5%
山口県,長門市,山口トヨタ自動車長門店,小売業,その他小売,5%
山口県,長門市,山田天山堂,小売業,その他小売,5%
山口県,長門市,有限会社村岡家具店,小売業,家具・調度品,5%
山口県,長門市,ゆとりの宿 山村別館,サービス,宿泊業,5%
山口県,長門市,米田商店,小売業,食料品,5%
山口県,長門市,米田商店,小売業,食料品,5%
山口県,萩市,出光御許町ＳＳ,小売業,ガソリンスタンド,2%
山口県,萩市,出光越ケ浜ＳＳ,小売業,ガソリンスタンド,2%
山口県,萩市,出光長門峡ＳＳ,小売業,ガソリンスタンド,2%
山口県,萩市,うどん処五平太,サービス,飲食業,5%
山口県,萩市,海が奏でる癒しの宿 リゾートホテル美萩,サービス,宿泊業,5%
山口県,萩市,Ａ?ＬＩＮＥ,サービス,理容・美容業,5%
山口県,萩市,ＮＴＡトラベル 萩本店,サービス,その他サービス,5%
山口県,萩市,ｃａｆｅ Ｊａｎｔｉｑｕｅ,サービス,飲食業,5%
山口県,萩市,株式会社萩城観光ホテル,サービス,宿泊業,5%
山口県,萩市,キヌヤ菊ヶ浜店,小売業,食料品,5%
山口県,萩市,キヌヤ須佐店,小売業,食料品,5%
山口県,萩市,キヌヤひやこ店,小売業,食料品,5%
山口県,萩市,口福の馳走屋 梅乃葉,サービス,飲食業,5%
山口県,萩市,彩陶庵,小売業,その他小売,5%
山口県,萩市,佐伯時計店,小売業,貴金属・服飾品,5%
山口県,萩市,有限会社松陰堂印刷所,サービス,その他サービス,5%
山口県,萩市,スバルショップ萩山陰ボデ－,サービス,その他サービス,5%
山口県,萩市,制服のマルブン,小売業,衣料品,5%
山口県,萩市,タイヤセンター萩,小売業,その他小売,5%
山口県,萩市,旅人の宿 はぎタイム,サービス,宿泊業,5%
山口県,萩市,旅人の宿はぎタイム,サービス,宿泊業,5%
山口県,萩市,旅人の宿はぎタイム,サービス,その他サービス,5%
山口県,萩市,デンキショップヤマカゲ,小売業,電化製品,5%
山口県,萩市,ＴＯＹＢＯＸ,サービス,理容・美容業,5%
山口県,萩市,陶房大桂庵樋口窯,その他業種,ー,5%
山口県,萩市,陶房大桂庵樋口窯,小売業,その他小売,5%
山口県,萩市,トヨタカローラ山口萩店,小売業,その他小売,5%
山口県,萩市,トヨタレンタリース山口萩店,サービス,その他サービス,2%
山口県,萩市,中原商会,サービス,その他サービス,5%
山口県,萩市,ネッツトヨタ山口萩店,小売業,その他小売,5%
山口県,萩市,ハーベストガーデン,小売業,その他小売,5%
山口県,萩市,萩おみやげ博物館,小売業,その他小売,5%
山口県,萩市,萩観光ホテル,サービス,宿泊業,5%
山口県,萩市,萩城三の丸北門屋敷,サービス,宿泊業,5%
山口県,萩市,セブン－イレブン萩玉江店,小売業,食料品,2%
山口県,萩市,萩トラベルイン,サービス,宿泊業,5%
山口県,萩市,萩の御厨 髙大,サービス,宿泊業,5%
山口県,萩市,萩の宿 常茂恵,サービス,宿泊業,5%
山口県,萩市,セブン－イレブン萩橋本町店,小売業,食料品,2%
山口県,萩市,萩八景雁嶋別荘,サービス,宿泊業,5%
山口県,萩市,セブン－イレブン萩反射炉前店,小売業,食料品,2%
山口県,萩市,萩本陣,サービス,宿泊業,5%
山口県,萩市,萩焼窯元 小萩窯,その他業種,ー,5%
山口県,萩市,あらせ?Ｈａｇｉｎｄ,小売業,食料品,5%
山口県,萩市,服部産業,小売業,電化製品,5%
山口県,萩市,パナどっといいだ 須佐店,小売業,電化製品,5%
山口県,萩市,ブーランジェリー住吉丸,小売業,食料品,5%
山口県,萩市,有限会社 赤ちゃん堂のフクマ,小売業,衣料品,5%
山口県,萩市,ふれあいらんどなかの,小売業,電化製品,5%
山口県,萩市,ホテルアクシアイン萩,サービス,宿泊業,5%
山口県,萩市,ポプラ萩玉江駅前店,小売業,総合（非専門）,2%
山口県,萩市,マクドナルド１９１萩店,サービス,飲食業,2%
山口県,萩市,メルタス萩双葉,小売業,電化製品,5%
山口県,萩市,山口トヨタ自動車萩店,小売業,その他小売,5%
山口県,萩市,山下時計店,小売業,貴金属・服飾品,5%
山口県,萩市,有限会社小野養豚,小売業,食料品,5%
山口県,萩市,有限会社シューズサロンさいとう,小売業,その他小売,5%
山口県,萩市,有限会社たなか電機,小売業,電化製品,5%
山口県,萩市,宵待ちの宿 萩一輪,サービス,宿泊業,5%
山口県,光市,アステールおかむら,小売業,家具・調度品,5%
山口県,光市,和泉時計店,小売業,その他小売,5%
山口県,光市,出光光東ＳＳ,小売業,ガソリンスタンド,2%
山口県,光市,出光宝積東ＳＳ,小売業,ガソリンスタンド,2%
山口県,光市,いまい電器,小売業,電化製品,5%
山口県,光市,岩田駅前ＳＳ,小売業,ガソリンスタンド,2%
山口県,光市,ウインドアベニュー,小売業,その他小売,5%
山口県,光市,ｖｅｒｔ,サービス,理容・美容業,5%
山口県,光市,有限会社上野石油ガス,小売業,その他小売,5%
山口県,光市,オムライスカフェ 桂花茶房,サービス,飲食業,5%
山口県,光市,日本料理かな久,サービス,飲食業,5%
山口県,光市,兼永,小売業,電化製品,5%
山口県,光市,カレーハウスＣｏＣｏ壱番屋光浅江店,サービス,飲食業,2%
山口県,光市,コープここと 島田店,小売業,総合（非専門）,5%
山口県,光市,西京酒場萬天 光店 西京酒場萬天 光店,サービス,飲食業,5%
山口県,光市,酒やの山善,小売業,食料品,5%
山口県,光市,シェ・ヒロダン,小売業,食料品,5%
山口県,光市,トヨタカローラ山口光店,小売業,その他小売,5%
山口県,光市,中本電器,小売業,電化製品,5%
山口県,光市,ニュー光ＳＳ,小売業,ガソリンスタンド,2%
山口県,光市,ネッツトヨタ山口光店,小売業,その他小売,5%
山口県,光市,八剣伝 島田店,サービス,飲食業,2%
山口県,光市,明屋書店 光店,小売業,書籍・玩具・音楽ＣＤ,5%
山口県,光市,明屋書店 光店,小売業,その他小売,5%
山口県,光市,光ＳＳ,小売業,ガソリンスタンド,2%
山口県,光市,セブン－イレブン光駅前店,小売業,食料品,2%
山口県,光市,セブン－イレブン光市岩田店,小売業,食料品,2%
山口県,光市,セブン－イレブン光市上島田店,小売業,食料品,2%
山口県,光市,セブン－イレブン光市木園店,小売業,食料品,2%
山口県,光市,セブン－イレブン光市小周防店,小売業,食料品,2%
山口県,光市,セブン－イレブン光市島田店,小売業,食料品,2%
山口県,光市,セブン－イレブン光市中央１丁目店,小売業,食料品,2%
山口県,光市,セブン－イレブン光市虹ヶ丘店,小売業,食料品,2%
山口県,光市,セブン－イレブン光市三井店,小売業,食料品,2%
山口県,光市,セブン－イレブン光市光井６丁目店,小売業,食料品,2%
山口県,光市,セブン－イレブン光市室積新開店,小売業,食料品,2%
山口県,光市,フードあきもと,小売業,総合（非専門）,5%
山口県,光市,マクドナルド虹ケ浜店,サービス,飲食業,2%
山口県,光市,室積シェアキッチン,サービス,飲食業,5%
山口県,光市,明林堂書店光店,小売業,その他小売,5%
山口県,光市,守田家具,小売業,家具・調度品,5%
山口県,光市,山口トヨタ自動車光店,小売業,その他小売,5%
山口県,光市,山小屋 光店,サービス,飲食業,5%
山口県,光市,リラクリエイトとくやま,サービス,理容・美容業,5%
山口県,平生町,居酒屋ＥＮ,サービス,飲食業,5%
山口県,平生町,尾国ＳＳ,小売業,ガソリンスタンド,2%
山口県,平生町,サウンドショップ せと,小売業,電化製品,5%
山口県,平生町,トヨタカローラ山口柳井マイカーセンター,小売業,その他小売,5%
山口県,平生町,平生ＳＳ,小売業,ガソリンスタンド,2%
山口県,平生町,平生ＳＳ,小売業,ガソリンスタンド,2%
山口県,平生町,平生タクシー １,サービス,運輸業,5%
山口県,平生町,ブーランジェリーミキ,小売業,食料品,5%
山口県,平生町,ｈａｉｒｈａｎａｍｉｚｕｋｉ,サービス,理容・美容業,5%
山口県,平生町,セブン－イレブン山口平生桜町店,小売業,食料品,2%
山口県,平生町,セブン－イレブン山口平生店,小売業,食料品,2%
山口県,平生町,ロック平生ＳＳ,小売業,ガソリンスタンド,2%
山口県,防府市,ＡＴＴＥＮＤ,サービス,理容・美容業,5%
山口県,防府市,ＡＴＴＥＮＤ,サービス,理容・美容業,5%
山口県,防府市,Ａｌｉｃｅ防府店,小売業,衣料品,5%
山口県,防府市,居酒家 黒,サービス,飲食業,5%
山口県,防府市,いち遊,サービス,飲食業,5%
山口県,防府市,イデックスセルフ防府西SS,小売業,ガソリンスタンド,2%
山口県,防府市,出光中之関ＳＳ,小売業,ガソリンスタンド,2%
山口県,防府市,出光防府セルフＳＳ,小売業,ガソリンスタンド,2%
山口県,防府市,イワオ電機商会,小売業,電化製品,5%
山口県,防府市,ＥＮＥＯＳ 防府給油所,小売業,ガソリンスタンド,2%
山口県,防府市,ＥＮＥＯＳ 防府東給油所,小売業,ガソリンスタンド,2%
山口県,防府市,エムラ防府本店,小売業,衣料品,5%
山口県,防府市,えんず 防府店,サービス,飲食業,5%
山口県,防府市,オーテック山口,サービス,その他サービス,5%
山口県,防府市,カーショップ かっとく,サービス,その他サービス,5%
山口県,防府市,割烹天神なか谷,サービス,飲食業,5%
山口県,防府市,家電のコバシ,小売業,電化製品,5%
山口県,防府市,Ｃｏｆｆｅｅ Ｄｉｎｉｎｇ Ｕ ｉｌａｎｉ,サービス,飲食業,5%
山口県,防府市,株式会社化粧品のよしすえ,小売業,その他小売,5%
山口県,防府市,株式会社吉本花城園,小売業,その他小売,5%
山口県,防府市,かめや釣具 防府店,小売業,その他小売,5%
山口県,防府市,キャンパス防府,小売業,その他小売,5%
山口県,防府市,靴下屋イオン防府店,小売業,衣料品,2%
山口県,防府市,株式会社クラカズコミュニケーションズ,小売業,電化製品,5%
山口県,防府市,元禄ずし,サービス,飲食業,5%
山口県,防府市,コーディネイトサロンなかにし,小売業,衣料品,5%
山口県,防府市,ｃｏーｆｕｕ,サービス,理容・美容業,5%
山口県,防府市,ｃｏ?ｆｕｕ,サービス,理容・美容業,5%
山口県,防府市,コムサイズムイオン防府店,小売業,衣料品,2%
山口県,防府市,酒のアタック,小売業,衣料品,5%
山口県,防府市,酒のアタック,その他業種,ー,5%
山口県,防府市,Ｓａｌｏｎｍ,サービス,理容・美容業,5%
山口県,防府市,三光電機商会,小売業,電化製品,5%
山口県,防府市,セブン－イレブン山陽道佐波川ＳＡ下り店,小売業,食料品,2%
山口県,防府市,セブン－イレブン山陽道佐波川ＳＡ上り店,小売業,食料品,2%
山口県,防府市,自転車館びーくる,小売業,その他小売,5%
山口県,防府市,手芸マキ 防府店,小売業,その他小売,5%
山口県,防府市,ジョカーレ ｃｏｎ ｉｃｈｉ,サービス,飲食業,5%
山口県,防府市,進物の大進 防府店,小売業,その他小売,5%
山口県,防府市,スエマツ電器,小売業,電化製品,5%
山口県,防府市,すたみな太郎 防府店,サービス,飲食業,5%
山口県,防府市,有限会社セブンベッド西日本,小売業,家具・調度品,5%
山口県,防府市,セルフ国衙ＳＳ,小売業,ガソリンスタンド,2%
山口県,防府市,セルフ中関 ＳＳ,小売業,ガソリンスタンド,2%
山口県,防府市,セルフ防府駅南町 ＳＳ,小売業,ガソリンスタンド,2%
山口県,防府市,セルフ湾岸通りＳＳ,小売業,ガソリンスタンド,2%
山口県,防府市,第一ドライ 三田尻南店,サービス,理容・美容業,5%
山口県,防府市,竹田電気,小売業,電化製品,5%
山口県,防府市,田中自動車株式会社,サービス,その他サービス,5%
山口県,防府市,テット美容室,サービス,その他サービス,5%
山口県,防府市,ＤＥＦ－ＳＴＯＲＥイオンタウン防府店,小売業,衣料品,5%
山口県,防府市,久和勘商会,小売業,電化製品,5%
山口県,防府市,トヨタカローラ山口防府店,小売業,その他小売,5%
山口県,防府市,とんかつ一丁 防府店,サービス,飲食業,5%
山口県,防府市,中ノ関ＳＳ,小売業,ガソリンスタンド,2%
山口県,防府市,中村整体,サービス,その他サービス,5%
山口県,防府市,奈のは 防府店,サービス,飲食業,5%
山口県,防府市,西日本メディカル山口営業所,小売業,その他小売,5%
山口県,防府市,日本交通株式会社 防府,サービス,運輸業,5%
山口県,防府市,ネッツトヨタ山口仁井令店,小売業,その他小売,5%
山口県,防府市,ネッツトヨタ山口防府店,小売業,その他小売,5%
山口県,防府市,ネッツトヨタ山口防府西店,小売業,その他小売,5%
山口県,防府市,パソコン修理センター桑山店,サービス,その他サービス,5%
山口県,防府市,八王子ＳＳ,小売業,ガソリンスタンド,2%
山口県,防府市,パナどっとながさきでんか今市店,小売業,電化製品,5%
山口県,防府市,（株）ハヤシ時報堂 ハヤシメガネ 本店,小売業,その他小売,5%
山口県,防府市,明屋書店 緑町店,小売業,書籍・玩具・音楽ＣＤ,5%
山口県,防府市,明屋書店 緑町店,小売業,その他小売,5%
山口県,防府市,ビジネスホテルみやま,サービス,宿泊業,5%
山口県,防府市,ピノーレバイジュネス,小売業,衣料品,5%
山口県,防府市,日の丸タクシー ７０１,サービス,運輸業,5%
山口県,防府市,ピノーレ バイ ジュネス 防府店,小売業,衣料品,5%
山口県,防府市,ＦＵＮＦＵＮ３７ 防府店,小売業,衣料品,5%
山口県,防府市,ｆｉｏｒｅ Ｌｉｌｙ,サービス,理容・美容業,5%
山口県,防府市,４ｅｖｅｒＬａｓｈ,サービス,理容・美容業,5%
山口県,防府市,ふぐ処 佐じか,サービス,飲食業,5%
山口県,防府市,ふぐ処佐じか,サービス,飲食業,5%
山口県,防府市,福本自動車工業,サービス,その他サービス,5%
山口県,防府市,ふれあいサロン わたなべ,小売業,電化製品,5%
山口県,防府市,フレッシュなかむら,小売業,総合（非専門）,5%
山口県,防府市,ｈａｉｒｓａｌｏｎＩＲＯＤＯＲＩ,サービス,理容・美容業,5%
山口県,防府市,Ｈａｉｒ ｎｏｂｌｅ,サービス,理容・美容業,5%
山口県,防府市,ほうえい堂防府店,小売業,食料品,5%
山口県,防府市,セブン－イレブン防府植松店,小売業,食料品,2%
山口県,防府市,セブン－イレブン防府駅みなとぐち店,小売業,食料品,2%
山口県,防府市,セブン－イレブン防府大崎店,小売業,食料品,2%
山口県,防府市,セブン－イレブン防府岡村町店,小売業,食料品,2%
山口県,防府市,セブン－イレブン防府開出西町店,小売業,食料品,2%
山口県,防府市,セブン－イレブン防府岸津１丁目店,小売業,食料品,2%
山口県,防府市,セブン－イレブン防府国衙店,小売業,食料品,2%
山口県,防府市,セブン－イレブン防府佐野店,小売業,食料品,2%
山口県,防府市,防府新田,小売業,ガソリンスタンド,2%
山口県,防府市,セブン－イレブン防府新田店,小売業,食料品,2%
山口県,防府市,セブン－イレブン防府新橋店,小売業,食料品,2%
山口県,防府市,セブン－イレブン防府スポーツセンター前店,小売業,食料品,2%
山口県,防府市,セブン－イレブン防府迫戸町店,小売業,食料品,2%
山口県,防府市,セブン－イレブン防府桑南店,小売業,食料品,2%
山口県,防府市,セブン－イレブン防府大道店,小売業,食料品,2%
山口県,防府市,セブン－イレブン防府高倉２丁目店,小売業,食料品,2%
山口県,防府市,セブン－イレブン防府田島店,小売業,食料品,2%
山口県,防府市,防府天神焼鳥,サービス,飲食業,5%
山口県,防府市,セブン－イレブン防府長沢レーク店,小売業,食料品,2%
山口県,防府市,セブン－イレブン防府中関店,小売業,食料品,2%
山口県,防府市,セブン－イレブン防府西仁井令町店,小売業,食料品,2%
山口県,防府市,セブン－イレブン防府東仁井令町店,小売業,食料品,2%
山口県,防府市,セブン－イレブン防府松原町店,小売業,食料品,2%
山口県,防府市,セブン－イレブン防府緑町店,小売業,食料品,2%
山口県,防府市,セブン－イレブン防府南松崎町店,小売業,食料品,2%
山口県,防府市,ホルモン市場防府西店,サービス,飲食業,5%
山口県,防府市,馬越電気商会,小売業,電化製品,5%
山口県,防府市,まるき 華城店,小売業,食料品,5%
山口県,防府市,宮脇書店ゆめタウン防府店,小売業,その他小売,5%
山口県,防府市,民家サロン からだ整体 ぬくもり,サービス,その他サービス,5%
山口県,防府市,ＭＯＯＮＣＨＩＬＤ,小売業,衣料品,5%
山口県,防府市,無法松 防府店,小売業,その他小売,5%
山口県,防府市,無法松 防府店,小売業,その他小売,5%
山口県,防府市,明林堂書店コスパ防府店,小売業,その他小売,5%
山口県,防府市,山口県高等自動車学校,サービス,その他サービス,5%
山口県,防府市,セブン－イレブン山口県立総合医療センター店,小売業,食料品,2%
山口県,防府市,山口トヨタ自動車防府店,小売業,その他小売,5%
山口県,防府市,ユアーズ・バリュー仁井令店,小売業,食料品,5%
山口県,防府市,ユアーズ・バリュー右田店,小売業,食料品,5%
山口県,防府市,有限会社立場釣具店,小売業,その他小売,5%
山口県,防府市,有限会社ハヤシカメラ,その他業種,ー,5%
山口県,防府市,吉岡モータース,その他業種,ー,5%
山口県,防府市,ループヘアー,サービス,理容・美容業,5%
山口県,防府市,Ｌｅｇａｍｉ,サービス,理容・美容業,5%
山口県,美祢市,秋吉ＳＳ,小売業,ガソリンスタンド,2%
山口県,美祢市,伊佐西ＳＳ,小売業,ガソリンスタンド,2%
山口県,美祢市,出光秋吉台南ＳＳ,小売業,ガソリンスタンド,2%
山口県,美祢市,出光伊佐ＳＳ,小売業,ガソリンスタンド,2%
山口県,美祢市,出光秋芳洞ＳＳ,小売業,ガソリンスタンド,2%
山口県,美祢市,ウェスタまるき美祢店,小売業,食料品,5%
山口県,美祢市,おおみね でんき,小売業,電化製品,5%
山口県,美祢市,嘉万ＳＳ,小売業,ガソリンスタンド,2%
山口県,美祢市,観光会館 安富屋,小売業,その他小売,5%
山口県,美祢市,サィサィみとう,小売業,総合（非専門）,5%
山口県,美祢市,ジャンプ シモサカ,小売業,電化製品,5%
山口県,美祢市,寿司 割烹 静 寿司 割烹 静,サービス,飲食業,5%
山口県,美祢市,寿司・割烹 静,サービス,飲食業,5%
山口県,美祢市,天宿の杜 桂月,サービス,宿泊業,5%
山口県,美祢市,ネッツトヨタ山口美祢店,小売業,その他小売,5%
山口県,美祢市,パナどっとかわもと美東店,小売業,電化製品,5%
山口県,美祢市,ＳＰｍｉｎｅ,その他業種,ー,5%
山口県,美祢市,藤田時計電器商会,小売業,電化製品,5%
山口県,美祢市,ポプラ秋吉店,小売業,総合（非専門）,2%
山口県,美祢市,セブン－イレブン美東大田店,小売業,食料品,2%
山口県,美祢市,美祢ＳＳ,小売業,ガソリンスタンド,2%
山口県,美祢市,美祢グランドホテル,サービス,宿泊業,5%
山口県,美祢市,セブン－イレブン美祢長ヶ坪店,小売業,食料品,2%
山口県,美祢市,やどまる美祢,サービス,宿泊業,5%
山口県,美祢市,山口トヨタ自動車美祢店,小売業,その他小売,5%
山口県,美祢市,吉則ＳＳ,小売業,ガソリンスタンド,2%
山口県,柳井市,出光伊豫金ＳＳ,小売業,ガソリンスタンド,2%
山口県,柳井市,出光セルフ柳井南ＳＳ,小売業,ガソリンスタンド,2%
山口県,柳井市,ＩｔｏｎａｍｉＣａｆｅ,サービス,飲食業,5%
山口県,柳井市,伊保庄ＳＳ,小売業,ガソリンスタンド,2%
山口県,柳井市,インテルジュ ＫＵＳＡＫＡ,小売業,家具・調度品,5%
山口県,柳井市,大橋 ＳＳ,小売業,ガソリンスタンド,2%
山口県,柳井市,華月堂 エスパリカゲツ 本店,サービス,飲食業,5%
山口県,柳井市,華月堂 エスパリエカゲツ 南町店,サービス,飲食業,5%
山口県,柳井市,かどや帽子店,小売業,衣料品,5%
山口県,柳井市,かどや帽子店,小売業,衣料品,5%
山口県,柳井市,株式会社ボディーショップ秋森,サービス,その他サービス,5%
山口県,柳井市,木阪賞文堂 柳井中央店,小売業,その他小売,5%
山口県,柳井市,クリタ電器,小売業,電化製品,5%
山口県,柳井市,晃和興産株式会社,小売業,その他小売,5%
山口県,柳井市,晃和興産株式会社リフォ－ム部,小売業,その他小売,5%
山口県,柳井市,サイクリング サロン ヒロシゲ 柳井店,小売業,その他小売,5%
山口県,柳井市,山陽トーイ,小売業,その他小売,5%
山口県,柳井市,しあわせギフト工房まつもと,小売業,食料品,5%
山口県,柳井市,Ｊｉｎｅｎｊｙｏ．ｂｒｏ,サービス,飲食業,5%
山口県,柳井市,シンキ 柳井店,小売業,その他小売,5%
山口県,柳井市,新庄タクシー １,サービス,運輸業,5%
山口県,柳井市,生活彩家柳井医療センター外来管理診療棟店,小売業,総合（非専門）,2%
山口県,柳井市,制服のニシオ,小売業,その他小売,5%
山口県,柳井市,セルフ柳井ＳＳ,小売業,ガソリンスタンド,2%
山口県,柳井市,セレ・セキヤ,小売業,衣料品,5%
山口県,柳井市,ＴＯＰ,小売業,衣料品,5%
山口県,柳井市,トヨタカローラ山口柳井店,小売業,その他小売,5%
山口県,柳井市,ネッツトヨタ山口柳井店,小売業,その他小売,5%
山口県,柳井市,のろし鉄板居酒屋,サービス,飲食業,5%
山口県,柳井市,ｗａｘｓｐａｃｅＨｕｇ,サービス,理容・美容業,5%
山口県,柳井市,明屋書店 柳井店,小売業,書籍・玩具・音楽ＣＤ,5%
山口県,柳井市,明屋書店 柳井店,小売業,その他小売,5%
山口県,柳井市,フジジュウ アリス 柳井店,サービス,その他サービス,5%
山口県,柳井市,フジヤマコーヒーロースターズ,サービス,飲食業,5%
山口県,柳井市,ヘアーサロン太陽 南町店,サービス,理容・美容業,5%
山口県,柳井市,ヘアーサロン太陽 広瀬店,サービス,理容・美容業,5%
山口県,柳井市,ポプラ柳井医療センター店,小売業,総合（非専門）,2%
山口県,柳井市,ホンダカーズ光東 柳井店,サービス,その他サービス,5%
山口県,柳井市,マコト屋ゆめタウン店,小売業,その他小売,5%
山口県,柳井市,ｍａｄ ｄｏｐｅ,小売業,衣料品,5%
山口県,柳井市,丸信寝装,小売業,総合（非専門）,5%
山口県,柳井市,明林堂書店柳井店,小売業,その他小売,5%
山口県,柳井市,メガネの２１ 柳井店,小売業,貴金属・服飾品,5%
山口県,柳井市,柳井ＳＳ 有限会社高橋石油,小売業,ガソリンスタンド,2%
山口県,柳井市,セブン－イレブン柳井伊保庄店,小売業,食料品,2%
山口県,柳井市,セブン－イレブン柳井駅前店,小売業,食料品,2%
山口県,柳井市,柳井クルーズホテル,サービス,宿泊業,5%
山口県,柳井市,柳井三和交通１,サービス,運輸業,5%
山口県,柳井市,セブン－イレブン柳井新庄店,小売業,食料品,2%
山口県,柳井市,柳井バイパス ＳＳ,小売業,ガソリンスタンド,2%
山口県,柳井市,セブン－イレブン柳井港前店,小売業,食料品,2%
山口県,柳井市,セブン－イレブン柳井南町３丁目店,小売業,食料品,2%
山口県,柳井市,セブン－イレブン山口大畠駅前店,小売業,食料品,2%
山口県,柳井市,山口トヨタ自動車柳井店,小売業,その他小売,5%
山口県,柳井市,山中 本店,小売業,その他小売,5%
山口県,柳井市,有限会社木阪賞文堂白壁本店,小売業,その他小売,5%
山口県,柳井市,余田ＳＳ,小売業,ガソリンスタンド,2%
山口県,柳井市,リハビリ整体専門院整体やわらぎ,サービス,その他サービス,5%
山口県,山口市,アイアンホース,サービス,飲食業,5%
山口県,山口市,アクティブスポーツ,小売業,その他小売,5%
山口県,山口市,あさひ製菓（株） 果子乃季新山口駅店,小売業,食料品,5%
山口県,山口市,阿知須フラワー,小売業,その他小売,5%
山口県,山口市,味処 圭介,サービス,飲食業,5%
山口県,山口市,味処 よし田,サービス,飲食業,5%
山口県,山口市,アスールヘア,サービス,理容・美容業,5%
山口県,山口市,阿東ＳＳ,小売業,ガソリンスタンド,2%
山口県,山口市,阿東ＳＳ,小売業,ガソリンスタンド,2%
山口県,山口市,石井電機,小売業,電化製品,5%
山口県,山口市,石川石材店,その他業種,ー,5%
山口県,山口市,ｉｓｔ ｈａｉｒ【イストヘアー】,サービス,理容・美容業,5%
山口県,山口市,ＩＣＨＩ,サービス,理容・美容業,5%
山口県,山口市,出光秋穂中央ＳＳ,小売業,ガソリンスタンド,2%
山口県,山口市,出光セルフ吉敷ＳＳ,小売業,ガソリンスタンド,2%
山口県,山口市,出光山口南セルフＳＳ,小売業,ガソリンスタンド,2%
山口県,山口市,ウェスタまるき山口湯田店,小売業,食料品,5%
山口県,山口市,植地酒舗,小売業,その他小売,5%
山口県,山口市,魚バルＣＯＣＯＮ,サービス,飲食業,5%
山口県,山口市,うめや,小売業,食料品,5%
山口県,山口市,エーデルシュタイン,小売業,食料品,5%
山口県,山口市,エステサロンクラリス,小売業,その他小売,5%
山口県,山口市,ＥｔｅｒｎｉｔｙＨＡＩＲＢＲＡＮＤ,サービス,理容・美容業,5%
山口県,山口市,エーデルシュタイン,小売業,食料品,5%
山口県,山口市,ＮＴＡトラベル 小郡支店,サービス,その他サービス,5%
山口県,山口市,ＮＴＡトラベル ユニオントラベル山口県庁,サービス,その他サービス,5%
山口県,山口市,ＥＮＥＯＳ 小郡東給油所,小売業,ガソリンスタンド,2%
山口県,山口市,ＥＮＥＯＳ マルチステーション新山口,小売業,その他小売,2%
山口県,山口市,ＥＮＥＯＳ 山口東給油所,小売業,ガソリンスタンド,2%
山口県,山口市,大内ＳＳ,小売業,ガソリンスタンド,2%
山口県,山口市,岡田電機,小売業,電化製品,5%
山口県,山口市,御食事処 進,サービス,飲食業,5%
山口県,山口市,オブティック,小売業,その他小売,5%
山口県,山口市,オリーブ オイル カフェ キアッケラ オリーブオイル カフェ キアッケラ,サービス,飲食業,5%
山口県,山口市,オリックスレンタカー新山口駅新幹線口東店,サービス,その他サービス,2%
山口県,山口市,織本ＳＳ,小売業,ガソリンスタンド,2%
山口県,山口市,かくれ厨房福まろ,サービス,飲食業,5%
山口県,山口市,Ｃｕｔ Ｈｏｕｓｅ ＨＩＳＡＭＵＲＡ Ｃｕｔ Ｈｏｕｓｅ ＨＩＳＡＭＵＲＡ,サービス,理容・美容業,5%
山口県,山口市,割烹 福助,サービス,飲食業,5%
山口県,山口市,割烹吉岡,サービス,飲食業,5%
山口県,山口市,金子スタジオ,サービス,その他サービス,5%
山口県,山口市,ｃａｆｅ＆ｂａｒショクバ,サービス,飲食業,5%
山口県,山口市,カフェレジスガーデン,サービス,飲食業,5%
山口県,山口市,株式会社トム・フクダ本店,小売業,貴金属・服飾品,5%
山口県,山口市,株式会社野田,小売業,食料品,5%
山口県,山口市,株式会社ＬＥＯＮ,サービス,その他サービス,5%
山口県,山口市,Ｃａｌｄｏ,サービス,理容・美容業,5%
山口県,山口市,河合塾マナビス山口中央校,その他業種,ー,2%
山口県,山口市,乾杯 ニクノミコト 湯田店 乾杯 ニクノミコト湯田店,サービス,飲食業,5%
山口県,山口市,ＫＩＴＣＨＥＮ ＬＯＴＵＳ ＫＩＴＣＨＥＮ ＬＯＴＵＳ キッチンロータス,サービス,飲食業,5%
山口県,山口市,ギフトギャラリーオズ 山口店,小売業,その他小売,5%
山口県,山口市,牛角山口小郡店,サービス,飲食業,2%
山口県,山口市,牛丸山口店,サービス,飲食業,5%
山口県,山口市,饗の風,サービス,飲食業,5%
山口県,山口市,清正鮮魚店,小売業,食料品,5%
山口県,山口市,喜良久,サービス,宿泊業,5%
山口県,山口市,グッデイ 山口小郡店,小売業,その他小売,5%
山口県,山口市,クマサキ洋ラン農園,小売業,その他小売,5%
山口県,山口市,ｇｌａｍ ｈａｉｒ,サービス,理容・美容業,5%
山口県,山口市,ＣＬＯＶＥＲ ＣＬＯＶＥＲ,サービス,理容・美容業,5%
山口県,山口市,黒崎電器,小売業,電化製品,5%
山口県,山口市,桑田製帽所,小売業,衣料品,5%
山口県,山口市,Ｋ ｓ ｋｉｔｃｈｅｎ ケイズキッチン,サービス,飲食業,5%
山口県,山口市,ＣｏＣｏｒｉ,小売業,衣料品,5%
山口県,山口市,コープここと いずみ店,小売業,総合（非専門）,5%
山口県,山口市,コープここと 小郡店,小売業,総合（非専門）,5%
山口県,山口市,コープここと どうもん店,小売業,総合（非専門）,5%
山口県,山口市,コープやまぐちブックセンター,小売業,書籍・玩具・音楽ＣＤ,5%
山口県,山口市,これはおいしいアッハッハ,小売業,食料品,5%
山口県,山口市,西京電子,小売業,電化製品,5%
山口県,山口市,讃岐弘法,サービス,飲食業,5%
山口県,山口市,サロンドナイツ,サービス,理容・美容業,5%
山口県,山口市,サンルート国際ホテル山口,サービス,宿泊業,5%
山口県,山口市,シートン動物病院,サービス,その他サービス,5%
山口県,山口市,シューズ＆バッグ ヤマダ,小売業,その他小売,5%
山口県,山口市,手芸マキ 山口店,小売業,その他小売,5%
山口県,山口市,樹里庵,サービス,飲食業,5%
山口県,山口市,Ｓｈｕｋｒａｎ,小売業,衣料品,5%
山口県,山口市,（有）白石時計店,小売業,貴金属・服飾品,5%
山口県,山口市,新見電機,小売業,電化製品,5%
山口県,山口市,進物の大進 山口店,小売業,その他小売,5%
山口県,山口市,セブン－イレブン新山口駅前店,小売業,食料品,2%
山口県,山口市,新山口ターミナルホテル,サービス,宿泊業,5%
山口県,山口市,ズカズカ,サービス,飲食業,5%
山口県,山口市,杉山電気商会,小売業,電化製品,5%
山口県,山口市,鮨 和ｓａｂｉ,サービス,飲食業,5%
山口県,山口市,スタジオＡＲＫ ｍｏｄｅ,サービス,その他サービス,5%
山口県,山口市,Ｓｐａｃｅ Ｆａｎｔａｓｉａ,小売業,その他小売,5%
山口県,山口市,スポーツクラブＮＡＰ,サービス,その他サービス,5%
山口県,山口市,炭火焼肉りんこう,サービス,飲食業,5%
山口県,山口市,Ｄｒ．Ｄｒｉｖｅセルフ小郡インターSS,小売業,ガソリンスタンド,2%
山口県,山口市,セルフ小郡ＳＳ,小売業,ガソリンスタンド,2%
山口県,山口市,セルフステーション大内,小売業,ガソリンスタンド,2%
山口県,山口市,セルフステーション山口湯田,小売業,ガソリンスタンド,2%
山口県,山口市,セルフ山口ＳＳ,小売業,ガソリンスタンド,2%
山口県,山口市,苑屋,小売業,衣料品,5%
山口県,山口市,第一ドライ 山口工場前店,サービス,理容・美容業,5%
山口県,山口市,第一ドライ プリムールあおい店,サービス,理容・美容業,5%
山口県,山口市,武谷清風堂,その他業種,ー,5%
山口県,山口市,種田家具 Ｚａｋｋａ Ｓｈｏｐ 山口店,小売業,家具・調度品,5%
山口県,山口市,種田家具 雑貨Ｓｈｏｐ＆山口店,小売業,家具・調度品,5%
山口県,山口市,ＣＨＩＴＯＳＥ山口店,サービス,理容・美容業,5%
山口県,山口市,ぢゃがるち,サービス,飲食業,5%
山口県,山口市,中央石油有限会社本社,小売業,ガソリンスタンド,2%
山口県,山口市,長州苑,小売業,その他小売,5%
山口県,山口市,２ｗｉｎｓ,サービス,理容・美容業,5%
山口県,山口市,都濃自転車 都濃自転車店,小売業,その他小売,5%
山口県,山口市,Ｄｉｏｎｅ山口店,サービス,理容・美容業,5%
山口県,山口市,Ｔｉｐｓｔｉｃ,サービス,理容・美容業,5%
山口県,山口市,ティップスティック,サービス,理容・美容業,5%
山口県,山口市,電気のイトウ,小売業,電化製品,5%
山口県,山口市,陶ギャラリー うつわ,小売業,その他小売,5%
山口県,山口市,陶ギャラリーうつわ,小売業,総合（非専門）,5%
山口県,山口市,Ｄｒ．Ｄｒｉｖｅセルフ小郡インターＳＳ,小売業,ガソリンスタンド,2%
山口県,山口市,Ｄｒ．Ｄｒｉｖｅ平川ＳＳ,小売業,ガソリンスタンド,2%
山口県,山口市,徳地ＳＳ,小売業,ガソリンスタンド,2%
山口県,山口市,トヨタカローラ山口山口店,小売業,その他小売,5%
山口県,山口市,セルフ宮野 ＳＳ,小売業,ガソリンスタンド,2%
山口県,山口市,トヨタレンタリース山口新山口駅前店,サービス,その他サービス,2%
山口県,山口市,とんかつ一丁 大内店,サービス,飲食業,5%
山口県,山口市,なごみスタイル 山口店,小売業,その他小売,5%
山口県,山口市,和み家,サービス,飲食業,5%
山口県,山口市,南来琉,その他業種,ー,5%
山口県,山口市,Ｎｉｓｈｉｄａ Ｃｏｆｆｅｅ,小売業,食料品,5%
山口県,山口市,Ｎｉｓｈｉｄａ Ｃｏｆｆｅｅ Ｎｉｓｈｉｄａ Ｃｏｆｆｅｅ,小売業,食料品,5%
山口県,山口市,ＮｅｗＳｔｙｌｅ ａｉｌａ,サービス,理容・美容業,5%
山口県,山口市,ＮｅｗＳｔｙｌｅ ＳＯーＨＯ,サービス,理容・美容業,5%
山口県,山口市,ＮｅｗＳｔｙｌｅＮＡＫＡＩＣＨＩ,サービス,理容・美容業,5%
山口県,山口市,Ｆｏｕｒ Ｓｅａｓｏｎｓ,サービス,理容・美容業,5%
山口県,山口市,ＮｅｗＳｔｙｌｅ 本店,サービス,理容・美容業,5%
山口県,山口市,ネイルサロン＆スクールＣｌａｉｒ,サービス,理容・美容業,5%
山口県,山口市,ネッツトヨタ山口小郡店,小売業,その他小売,5%
山口県,山口市,ネッツトヨタ山口山口店,小売業,その他小売,5%
山口県,山口市,ネッツトヨタ山口山口東店,小売業,その他小売,5%
山口県,山口市,ｈａｃｏｎｅｃｏ 【ハコネコ】,サービス,理容・美容業,5%
山口県,山口市,ぱすたや 然流 ?ｓａｌｙｕ?,サービス,飲食業,5%
山口県,山口市,パストリアプーサン,サービス,飲食業,5%
山口県,山口市,パナックいとう,小売業,電化製品,5%
山口県,山口市,パナックいまづ,小売業,電化製品,5%
山口県,山口市,ＢａｌｃｏｍＢＭＷ山口・ＢＭＷ ＰｒｅｍｉｕｍＳｅｌｅｃｔｉｏｎ山口,小売業,その他小売,5%
山口県,山口市,バルコムモータース 山口,小売業,その他小売,5%
山口県,山口市,明屋書店 小郡店,小売業,書籍・玩具・音楽ＣＤ,5%
山口県,山口市,明屋書店 小郡店,小売業,その他小売,5%
山口県,山口市,明屋書店 宮野店,小売業,書籍・玩具・音楽ＣＤ,5%
山口県,山口市,明屋書店 宮野店,小売業,その他小売,5%
山口県,山口市,明屋書店MEGA 大内店,小売業,書籍・玩具・音楽ＣＤ,5%
山口県,山口市,パワーキューブ,小売業,電化製品,5%
山口県,山口市,Ｂｉｊｏｕｔｉｅｒ,小売業,その他小売,5%
山口県,山口市,Bijoutier,小売業,貴金属・服飾品,5%
山口県,山口市,ＢＩＧ・Ｇ,サービス,飲食業,5%
山口県,山口市,藤井オート電機商会,小売業,電化製品,5%
山口県,山口市,プレジールヘアー,サービス,理容・美容業,5%
山口県,山口市,ｇｉｆｔ,サービス,理容・美容業,5%
山口県,山口市,Ｈａｉｒ ｍａｋｅ ｓａｌｏｎ Ｂｅｅｔｌｅ,サービス,理容・美容業,5%
山口県,山口市,ＨＡＩＲ ＢＡＳＥ ｌｏｋｋｉ,サービス,理容・美容業,5%
山口県,山口市,ＨＡＩＲ ＢＡＳＥ ｌｏｋｋｉ,サービス,理容・美容業,5%
山口県,山口市,保坂設備,その他業種,ー,5%
山口県,山口市,ＢＯＤＹＭＡＫＩＮＧ ＳＴＵＤＩＯ,サービス,その他サービス,5%
山口県,山口市,ホテルアクティブ山口,サービス,宿泊業,5%
山口県,山口市,ポプラ湯田温泉店,小売業,総合（非専門）,2%
山口県,山口市,本格馬肉料理 ゆい,サービス,飲食業,5%
山口県,山口市,ホンダカーズ光東 山口東店,サービス,その他サービス,5%
山口県,山口市,本多屋 懐古庵,小売業,食料品,5%
山口県,山口市,ほんゆら動物病院,サービス,その他サービス,5%
山口県,山口市,ｍａｉｔｏｒｉ,小売業,その他小売,5%
山口県,山口市,マウンテンビッグ マウンテンビッグ,サービス,飲食業,5%
山口県,山口市,マクドナルド山口維新公園前店,サービス,飲食業,2%
山口県,山口市,マクドナルド山口インター店,サービス,飲食業,2%
山口県,山口市,マクドナルド山口小郡店,サービス,飲食業,2%
山口県,山口市,マクドナルド山口フジグラン店,サービス,飲食業,2%
山口県,山口市,マクドナルド山口ゆめタウン店,サービス,飲食業,2%
山口県,山口市,松田屋ホテル,サービス,宿泊業,5%
山口県,山口市,マツナガデンキ,小売業,電化製品,5%
山口県,山口市,マンガ倉庫 山口店,小売業,総合（非専門）,5%
山口県,山口市,ｍｅａｔ ｅｘｐｅｒｔｓ Ｂ団,サービス,飲食業,5%
山口県,山口市,明徳観光 ８７８７,サービス,運輸業,5%
山口県,山口市,明林堂書店吉敷店,小売業,その他小売,5%
山口県,山口市,メガネのふくだ 大内店,小売業,貴金属・服飾品,5%
山口県,山口市,モイスティーヌ山口阿知須サロン,小売業,その他小売,5%
山口県,山口市,モリイケ,小売業,その他小売,5%
山口県,山口市,焼肉 うえだ 本店,サービス,飲食業,5%
山口県,山口市,焼肉 高山,サービス,飲食業,5%
山口県,山口市,焼肉寿苑,サービス,飲食業,5%
山口県,山口市,焼肉の宴じゃん,サービス,飲食業,5%
山口県,山口市,山一薬局立小路店,小売業,その他小売,5%
山口県,山口市,セブン－イレブン山口秋穂二島店,小売業,食料品,2%
山口県,山口市,セブン－イレブン山口朝田店,小売業,食料品,2%
山口県,山口市,セブン－イレブン山口朝田バイパス店,小売業,食料品,2%
山口県,山口市,セブン－イレブン山口阿知須店,小売業,食料品,2%
山口県,山口市,セブン－イレブン山口阿知須中之坪店,小売業,食料品,2%
山口県,山口市,セブン－イレブン山口インター店,小売業,食料品,2%
山口県,山口市,セブンーイレブン山口駅前通り店,小売業,食料品,2%
山口県,山口市,山口ＳＳ,小売業,ガソリンスタンド,2%
山口県,山口市,山口ＳＳ,小売業,ガソリンスタンド,2%
山口県,山口市,セブン－イレブン山口大内小野店,小売業,食料品,2%
山口県,山口市,セブン－イレブン山口大内矢田店,小売業,食料品,2%
山口県,山口市,セブン－イレブン山口小郡岩屋店,小売業,食料品,2%
山口県,山口市,セブン－イレブン山口小郡上郷店,小売業,食料品,2%
山口県,山口市,セブン－イレブン山口小郡昭和通り店,小売業,食料品,2%
山口県,山口市,セブン－イレブン山口小郡仁保津店,小売業,食料品,2%
山口県,山口市,セブン－イレブン山口嘉川中市店,小売業,食料品,2%
山口県,山口市,セブン－イレブン山口上平井店,小売業,食料品,2%
山口県,山口市,セブン－イレブン山口県庁前店,小売業,食料品,2%
山口県,山口市,山口交通 ７０１,サービス,運輸業,5%
山口県,山口市,セブン－イレブン山口桜畠店,小売業,食料品,2%
山口県,山口市,セブン－イレブン山口下小鯖店,小売業,食料品,2%
山口県,山口市,セブン－イレブン山口下恋路店,小売業,食料品,2%
山口県,山口市,セブン－イレブン山口白石店,小売業,食料品,2%
山口県,山口市,セブン－イレブン山口陶店,小売業,食料品,2%
山口県,山口市,セブン－イレブン山口泉都町店,小売業,食料品,2%
山口県,山口市,セブン－イレブン山口第一病院前店,小売業,食料品,2%
山口県,山口市,山口地ビール,サービス,飲食業,5%
山口県,山口市,セブン－イレブン山口中央３丁目店,小売業,食料品,2%
山口県,山口市,セブン－イレブン山口徳佐店,小売業,食料品,2%
山口県,山口市,山口トヨタ自動車小郡店,小売業,その他小売,5%
山口県,山口市,山口トヨタ自動車山口店,小売業,その他小売,5%
山口県,山口市,山口トヨタ自動車山口東店,小売業,その他小売,5%
山口県,山口市,山口トヨタ自動車レクサス山口,小売業,その他小売,5%
山口県,山口市,山口パソコン教室,サービス,その他サービス,5%
山口県,山口市,セブン－イレブン山口八反田店,小売業,食料品,2%
山口県,山口市,山口鈑金自動車工業 有,サービス,その他サービス,5%
山口県,山口市,セブン－イレブン山口東山店,小売業,食料品,2%
山口県,山口市,セブン－イレブン山口平川店,小売業,食料品,2%
山口県,山口市,セブン－イレブン山口宮野上店,小売業,食料品,2%
山口県,山口市,セブン－イレブン山口宮野店,小売業,食料品,2%
山口県,山口市,セブン－イレブン山口矢原店,小売業,食料品,2%
山口県,山口市,セブン－イレブン山口湯田温泉３丁目店,小売業,食料品,2%
山口県,山口市,セブン－イレブン山口湯田温泉４丁目店,小売業,食料品,2%
山口県,山口市,セブン－イレブン山口湯田中学校前店,小売業,食料品,2%
山口県,山口市,セブン－イレブン山口吉敷下東店,小売業,食料品,2%
山口県,山口市,セブン－イレブン山口吉敷店,小売業,食料品,2%
山口県,山口市,山城屋酒造株式会社,小売業,総合（非専門）,5%
山口県,山口市,山世水産,小売業,食料品,5%
山口県,山口市,山野タクシー ８０１,サービス,運輸業,5%
山口県,山口市,有限会社 大学文具 ショップ 胡桃の樹,小売業,その他小売,5%
山口県,山口市,有 おいはぎ峠 おいはぎ峠,サービス,飲食業,5%
山口県,山口市,有限会社クレセル,サービス,飲食業,2%
山口県,山口市,有限会社笹川畳店 有 笹川畳店,その他業種,ー,5%
山口県,山口市,湯田ＳＳ,小売業,ガソリンスタンド,2%
山口県,山口市,湯田温泉ユウベルホテル松政,サービス,宿泊業,5%
山口県,山口市,湯の宿 味の宿 梅乃屋,サービス,宿泊業,5%
山口県,山口市,酔処泰人,サービス,飲食業,5%
山口県,山口市,Ｒａｎｕｎ,サービス,理容・美容業,5%
山口県,山口市,リストランテ・ペイザン,サービス,飲食業,5%
山口県,山口市,ＲＹＵＳ,サービス,飲食業,5%
山口県,山口市,リラクゼーションサロン サンク,サービス,その他サービス,5%
山口県,山口市,ｌｅｌｅ ｕａ【レレウーア】,サービス,理容・美容業,5%
山口県,山口市,炉舎 本店,サービス,理容・美容業,5%
山口県,山口市,炉舎 湯田店,サービス,飲食業,5%
山口県,和木町,セブン－イレブン岩国和木３丁目店,小売業,食料品,2%
山口県,和木町,ゴルフクリニック,小売業,その他小売,5%
山口県,和木町,パナスポットふそう,小売業,電化製品,5%
