栃木県,足利市,県町ＳＳ,小売業,ガソリンスタンド,2%
栃木県,足利市,セブン－イレブン足利赤松台入口店,小売業,食料品,2%
栃木県,足利市,セブン－イレブン足利朝倉南店,小売業,食料品,2%
栃木県,足利市,足利伊勢町ＳＳ,小売業,ガソリンスタンド,2%
栃木県,足利市,セブン－イレブン足利伊勢町店,小売業,食料品,2%
栃木県,足利市,足利板倉ＳＳ有限会社金堀油店,小売業,ガソリンスタンド,2%
栃木県,足利市,セブン－イレブン足利岩井町店,小売業,食料品,2%
栃木県,足利市,セブン－イレブン足利大月町店,小売業,食料品,2%
栃木県,足利市,足利大麦餃子,サービス,飲食業,5%
栃木県,足利市,セブン－イレブン足利鹿島店,小売業,食料品,2%
栃木県,足利市,セブン－イレブン足利借宿店,小売業,食料品,2%
栃木県,足利市,セブン－イレブン足利５０バイパス店,小売業,食料品,2%
栃木県,足利市,足利坂西ＳＳ,小売業,ガソリンスタンド,2%
栃木県,足利市,セブン－イレブン足利坂西中央店,小売業,食料品,2%
栃木県,足利市,セブン－イレブン足利島田町店,小売業,食料品,2%
栃木県,足利市,セブン－イレブン足利助戸１丁目店,小売業,食料品,2%
栃木県,足利市,足利大学生協購買書籍部,その他業種,ー,5%
栃木県,足利市,足利大学生協購買書籍部,その他業種,ー,5%
栃木県,足利市,足利大学生協書籍購買部,その他業種,ー,5%
栃木県,足利市,セブン－イレブン足利大町店,小売業,食料品,2%
栃木県,足利市,セブン－イレブン足利寺岡店,小売業,食料品,2%
栃木県,足利市,セブン－イレブン足利東武駅前店,小売業,食料品,2%
栃木県,足利市,セブン－イレブン足利問屋団地店,小売業,食料品,2%
栃木県,足利市,足利西新井ＳＳ,小売業,ガソリンスタンド,2%
栃木県,足利市,足利バイパス ＳＳ,小売業,ガソリンスタンド,2%
栃木県,足利市,セブン－イレブン足利羽刈工業団地店,小売業,食料品,2%
栃木県,足利市,セブン－イレブン足利東山店,小売業,食料品,2%
栃木県,足利市,セブン－イレブン足利福居町店,小売業,食料品,2%
栃木県,足利市,セブン－イレブン足利福富町店,小売業,食料品,2%
栃木県,足利市,セブン－イレブン足利堀込南店,小売業,食料品,2%
栃木県,足利市,足利本町ＳＳ,小売業,ガソリンスタンド,2%
栃木県,足利市,セブン－イレブン足利八椚町店,小売業,食料品,2%
栃木県,足利市,セブン－イレブン足利山川北店,小売業,食料品,2%
栃木県,足利市,セブン－イレブン足利山下町店,小売業,食料品,2%
栃木県,足利市,セブン－イレブン足利山前店,小売業,食料品,2%
栃木県,足利市,あすか自動車,サービス,その他サービス,5%
栃木県,足利市,アソック,サービス,その他サービス,5%
栃木県,足利市,アナハラデンキ,小売業,電化製品,5%
栃木県,足利市,アベヘアードレッシング,サービス,理容・美容業,5%
栃木県,足利市,居酒屋ゑびす,サービス,飲食業,5%
栃木県,足利市,いちえ,サービス,飲食業,5%
栃木県,足利市,今福商店,小売業,その他小売,5%
栃木県,足利市,インテリア＆キルトショップれんが,小売業,その他小売,5%
栃木県,足利市,ウエタケ商会,小売業,その他小売,5%
栃木県,足利市,ウチダメガネ,小売業,その他小売,5%
栃木県,足利市,漆工房の店くぼた,その他業種,ー,5%
栃木県,足利市,樹洞,サービス,飲食業,5%
栃木県,足利市,エービーエス,その他業種,ー,5%
栃木県,足利市,京屋商店 ＥＮＥＯＳ 葉鹿町ＳＳ 京屋商店 ＥＮＥＯＳ葉鹿町ＳＳ,小売業,ガソリンスタンド,2%
栃木県,足利市,エムズオートサービス,小売業,その他小売,5%
栃木県,足利市,ＥＬＭＵＮＤＯ,サービス,飲食業,5%
栃木県,足利市,遠藤サイクルセンター 有 遠藤サイクル,小売業,その他小売,5%
栃木県,足利市,Ｏｓｔｅｒｉａ Ｏｋａｂｅ,サービス,飲食業,5%
栃木県,足利市,ＯＺＢｕｒｇｅｒ,サービス,飲食業,5%
栃木県,足利市,オリックスレンタカー足利市駅南口店,サービス,その他サービス,2%
栃木県,足利市,カー＆サイクル タナカ,小売業,その他小売,5%
栃木県,足利市,海鮮居酒屋どんさん亭 足利南店,サービス,飲食業,5%
栃木県,足利市,家具のホンダ アウトレット宝船足利店,小売業,家具・調度品,5%
栃木県,足利市,かぐや姫,サービス,理容・美容業,5%
栃木県,足利市,籠や,その他業種,ー,5%
栃木県,足利市,カットハウスしげる,サービス,理容・美容業,5%
栃木県,足利市,かつはな亭足利店,サービス,飲食業,5%
栃木県,足利市,給湯器特急便,その他業種,ー,5%
栃木県,足利市,株式会社グラン シャリオ 営業本部,小売業,衣料品,5%
栃木県,足利市,株式会社スマートソース,その他業種,ー,5%
栃木県,足利市,株式会社蛸屋 葉鹿店,小売業,食料品,5%
栃木県,足利市,亀井オートサービス,サービス,その他サービス,5%
栃木県,足利市,カレーハウスＣｏＣｏ壱番屋足利葉鹿店,サービス,飲食業,2%
栃木県,足利市,ｇａｌａｘｙ ｅｙｅ,サービス,理容・美容業,5%
栃木県,足利市,牛角足利店,サービス,飲食業,2%
栃木県,足利市,餃子 ＬＡＢＯ,サービス,飲食業,5%
栃木県,足利市,きんこん館,小売業,書籍・玩具・音楽ＣＤ,5%
栃木県,足利市,ｇ ｂｅａｕｔｙ,サービス,理容・美容業,5%
栃木県,足利市,黒川呉服店,小売業,衣料品,5%
栃木県,足利市,小林電気商会,小売業,電化製品,5%
栃木県,足利市,小林電気商会葉鹿店,小売業,電化製品,5%
栃木県,足利市,コメックス ディスカバリー,小売業,その他小売,5%
栃木県,足利市,コンディショニングサロンＯＮＥＨＥＡＲＴ,サービス,理容・美容業,5%
栃木県,足利市,織庵,サービス,飲食業,5%
栃木県,足利市,しゃぶしゃぶ温野菜足利店,サービス,飲食業,2%
栃木県,足利市,ショーワ,小売業,電化製品,5%
栃木県,足利市,須田電機商会,小売業,電化製品,5%
栃木県,足利市,すまいる電機イマフク,小売業,電化製品,5%
栃木県,足利市,ダイニングバー 青の洞窟,サービス,飲食業,5%
栃木県,足利市,タジマヤ 足利支店,その他業種,ー,5%
栃木県,足利市,ディーマックアジアン,小売業,衣料品,5%
栃木県,足利市,手作り雑貨屋ＡＹＡＳＰＡＲＴＹ 手作り雑貨屋ＡＹＡＳＰＡＲＴＹ,小売業,総合（非専門）,5%
栃木県,足利市,手もみそば いけもり 手もみそば いけもり,サービス,飲食業,5%
栃木県,足利市,常盤自動車,サービス,その他サービス,5%
栃木県,足利市,トヨタカローラ栃木足利大久保店,小売業,その他小売,5%
栃木県,足利市,トヨタカローラ栃木足利鹿島店,小売業,その他小売,5%
栃木県,足利市,トヨタカローラ栃木Ｕ－Ｃａｒ足利店,小売業,その他小売,5%
栃木県,足利市,トヨタ部品栃木共販足利営業所,小売業,その他小売,5%
栃木県,足利市,トヨタレンタリース栃木足利市駅前店,サービス,その他サービス,2%
栃木県,足利市,トヨタレンタリース栃木 足利市駅前店,その他業種,ー,2%
栃木県,足利市,虎蔵,サービス,飲食業,5%
栃木県,足利市,ドラマ足利店,サービス,その他サービス,5%
栃木県,足利市,とりどん にひ良,サービス,飲食業,5%
栃木県,足利市,トレーニングスタジオＦ．Ｅ．ＳＡＳＨＩＫＧＡ,その他業種,ー,5%
栃木県,足利市,ステーキハンバーク どんさん亭 足利店,サービス,飲食業,5%
栃木県,足利市,ナカヤマ,小売業,電化製品,5%
栃木県,足利市,ナチュラルビューティサロンボンヌ,サービス,理容・美容業,5%
栃木県,足利市,葉鹿町ＳＳ,小売業,ガソリンスタンド,2%
栃木県,足利市,パーム 和光,小売業,電化製品,5%
栃木県,足利市,パームかたの,小売業,電化製品,5%
栃木県,足利市,パーム サイトウ,小売業,電化製品,5%
栃木県,足利市,パン専門店 茶々,小売業,その他小売,5%
栃木県,足利市,ひかりヘアースタジオ,サービス,理容・美容業,5%
栃木県,足利市,響,サービス,飲食業,5%
栃木県,足利市,ピポパーク足利店,小売業,電化製品,5%
栃木県,足利市,美容室 Ｚｅａｌ,サービス,理容・美容業,5%
栃木県,足利市,美容室ｎａｔｕｒａｌ,サービス,理容・美容業,5%
栃木県,足利市,ファミリーヘアサロンプルー（ＰＬＯＯ）,サービス,理容・美容業,5%
栃木県,足利市,４ｓｅａｓｏｎ,小売業,衣料品,5%
栃木県,足利市,ふか川,サービス,飲食業,5%
栃木県,足利市,フクダデンキ,小売業,電化製品,5%
栃木県,足利市,福富住宅,サービス,その他サービス,5%
栃木県,足利市,フジクラデンキ足利店,小売業,電化製品,5%
栃木県,足利市,ブティック エルヴェ,小売業,衣料品,5%
栃木県,足利市,プライベートサロン Ｌｉｍａ,サービス,その他サービス,5%
栃木県,足利市,Ｆｌｏｗｅｒ ｓｅｌｌｅｒ ＭＯＲＹ Ｓ,小売業,その他小売,5%
栃木県,足利市,プランニングオフィスケイズ,サービス,その他サービス,5%
栃木県,足利市,古内自修,サービス,その他サービス,5%
栃木県,足利市,Ｆｌａｒｅ フレアー,小売業,その他小売,5%
栃木県,足利市,Ｈａｉｒ Ｍａｋｅ Ａｔｅｎａ,サービス,理容・美容業,5%
栃木県,足利市,Ｈａｉｒ ｍａｋｅ ａ，ｔ’ｓ,サービス,理容・美容業,5%
栃木県,足利市,ポイントファイブ,サービス,理容・美容業,5%
栃木県,足利市,マイアミカーズ,サービス,その他サービス,5%
栃木県,足利市,マクドナルド足利八幡町ヤオコー店,サービス,飲食業,2%
栃木県,足利市,マクドナルドアシコタウンあしかが店,サービス,飲食業,2%
栃木県,足利市,マクドナルドアピタ足利店,サービス,飲食業,2%
栃木県,足利市,マクドナルド５０号足利店,サービス,飲食業,2%
栃木県,足利市,Ｍａｒｋｅｔ１１２,サービス,飲食業,5%
栃木県,足利市,マチノテ,サービス,飲食業,5%
栃木県,足利市,マルキョー,小売業,食料品,5%
栃木県,足利市,美重子きもの着付教室,サービス,その他サービス,5%
栃木県,足利市,眼鏡王 足利店,小売業,貴金属・服飾品,5%
栃木県,足利市,メグミ電気,小売業,電化製品,5%
栃木県,足利市,もりしたエス 石油移動販売２号車,小売業,その他小売,5%
栃木県,足利市,モリタや,サービス,飲食業,5%
栃木県,足利市,焼肉 東海苑 足利店,サービス,飲食業,5%
栃木県,足利市,山芳オート,サービス,その他サービス,5%
栃木県,足利市,ＹＯＯ?ＨＯＯ 足利店,サービス,理容・美容業,5%
栃木県,足利市,りゅうやん,サービス,飲食業,5%
栃木県,足利市,ケアサロンフィール,サービス,理容・美容業,5%
栃木県,足利市,輪娯館,小売業,その他小売,5%
栃木県,足利市,レディースショップ アリス 足利店,小売業,衣料品,5%
栃木県,足利市,Ｒｏｙｃｅ美容室,サービス,理容・美容業,5%
栃木県,足利市,Ｙ?２,サービス,理容・美容業,5%
栃木県,足利市,和ｃａｆｅ ひなたや,サービス,飲食業,5%
栃木県,市貝町,セブン－イレブン市貝赤羽店,小売業,食料品,2%
栃木県,市貝町,スーパーゴルフカントリー倶楽部,サービス,その他サービス,5%
栃木県,市貝町,田野辺ＰＳ,小売業,ガソリンスタンド,2%
栃木県,宇都宮市,アーネストコスモ,小売業,ガソリンスタンド,2%
栃木県,宇都宮市,Ｒ?ＨＥＡＲＴＳ峰店,サービス,理容・美容業,5%
栃木県,宇都宮市,愛犬の美容室 ぷりぷり,サービス,その他サービス,5%
栃木県,宇都宮市,あいさぽ 宇都宮店,サービス,その他サービス,5%
栃木県,宇都宮市,相沢電器設備,小売業,電化製品,5%
栃木県,宇都宮市,あおぞら珈琲,サービス,飲食業,5%
栃木県,宇都宮市,赤帽ナカヤ急送,サービス,その他サービス,5%
栃木県,宇都宮市,アクツデンキ,小売業,電化製品,5%
栃木県,宇都宮市,Ａｇｕ ｈａｉｒ Ａｇｕ ｈａｉｒ ｇｌｅｎ宇都宮,サービス,理容・美容業,5%
栃木県,宇都宮市,Ａｇｕ ｈａｉｒ Ａｇｕ ｈａｉｒ ｔｕｒｎｅｒ宇都宮,サービス,理容・美容業,5%
栃木県,宇都宮市,Ａｇｕ ｈａｉｒ Ａｇｕ ｈａｉｒ ｆｉｄｄｉｃｈ宇都宮,サービス,理容・美容業,5%
栃木県,宇都宮市,あさや,小売業,総合（非専門）,5%
栃木県,宇都宮市,アストロプロダクツ 宇都宮店,小売業,その他小売,5%
栃木県,宇都宮市,アットイーズ宇都宮店,小売業,その他小売,5%
栃木県,宇都宮市,アットイーズ 宇都宮店,小売業,その他小売,5%
栃木県,宇都宮市,アップルエイド宇都宮店,サービス,その他サービス,5%
栃木県,宇都宮市,ＡＤＤＩＣＴＩＯＮ,サービス,理容・美容業,5%
栃木県,宇都宮市,アトリエ リカ,小売業,総合（非専門）,5%
栃木県,宇都宮市,アニマート柳田ＳＳ,小売業,ガソリンスタンド,2%
栃木県,宇都宮市,アペックス,サービス,その他サービス,5%
栃木県,宇都宮市,アミング鶴田店,小売業,その他小売,5%
栃木県,宇都宮市,アミング陽東店,小売業,その他小売,5%
栃木県,宇都宮市,ＡＲＯＵＮＤ ｈａｉｒ ｌｏｕｎｇｅ 【アラウンド ヘアラウンジ】,サービス,理容・美容業,5%
栃木県,宇都宮市,ａｒａｎｃｉｏＬｅａｔｈｅｒ,小売業,衣料品,5%
栃木県,宇都宮市,有賀園ゴルフ宇都宮店,小売業,その他小売,5%
栃木県,宇都宮市,アロマティック リラクゼーション そらりす,サービス,その他サービス,5%
栃木県,宇都宮市,ａｒｏｍａｒｏｏｍ柚,サービス,理容・美容業,5%
栃木県,宇都宮市,アンジェリークアイラッシュ,サービス,理容・美容業,5%
栃木県,宇都宮市,安心なたべもの屋さん,小売業,総合（非専門）,5%
栃木県,宇都宮市,安藤自動車工業,その他業種,ー,5%
栃木県,宇都宮市,イージャンワークス,サービス,その他サービス,5%
栃木県,宇都宮市,居酒屋 趣味屋,サービス,飲食業,5%
栃木県,宇都宮市,居酒屋 つむぎ,小売業,総合（非専門）,5%
栃木県,宇都宮市,イタリアン創作酒房 柳庵,サービス,飲食業,5%
栃木県,宇都宮市,出光上田原ＳＳ,小売業,ガソリンスタンド,2%
栃木県,宇都宮市,出光白沢ＳＳ,小売業,ガソリンスタンド,2%
栃木県,宇都宮市,出光ハートフル・コテ山ＳＳ,小売業,ガソリンスタンド,2%
栃木県,宇都宮市,いなみ動物病院,サービス,その他サービス,5%
栃木県,宇都宮市,Ｄｒ．Ｄｒｉｖｅ セルフ今宮ＳＳ,小売業,ガソリンスタンド,2%
栃木県,宇都宮市,インターパーク動物病院,サービス,その他サービス,5%
栃木県,宇都宮市,ヴィラ 宇都宮桜店,サービス,その他サービス,5%
栃木県,宇都宮市,魚バル肴くしょん,小売業,総合（非専門）,5%
栃木県,宇都宮市,宇治川武道具,小売業,その他小売,5%
栃木県,宇都宮市,ウズカ薬品,小売業,その他小売,5%
栃木県,宇都宮市,宇都宮ＳＳ,小売業,ガソリンスタンド,2%
栃木県,宇都宮市,宇都宮アルプスの森 京屋茶舗,サービス,飲食業,5%
栃木県,宇都宮市,宇都宮飯田ＳＳ,小売業,ガソリンスタンド,2%
栃木県,宇都宮市,セブン－イレブン宇都宮石井西店,小売業,食料品,2%
栃木県,宇都宮市,セブン－イレブン宇都宮石井東店,小売業,食料品,2%
栃木県,宇都宮市,セブン－イレブン宇都宮石井南店,小売業,食料品,2%
栃木県,宇都宮市,セブン－イレブン宇都宮石那田店,小売業,食料品,2%
栃木県,宇都宮市,セブン－イレブン宇都宮一条店,小売業,食料品,2%
栃木県,宇都宮市,セブン－イレブン宇都宮一の沢店,小売業,食料品,2%
栃木県,宇都宮市,セブン－イレブン宇都宮一里南店,小売業,食料品,2%
栃木県,宇都宮市,セブン－イレブン宇都宮岩曽東店,小売業,食料品,2%
栃木県,宇都宮市,セブン－イレブン宇都宮岩曽町店,小売業,食料品,2%
栃木県,宇都宮市,セブン－イレブン宇都宮インターパーク西店,小売業,食料品,2%
栃木県,宇都宮市,セブン－イレブン宇都宮宇商通り店,小売業,食料品,2%
栃木県,宇都宮市,セブン－イレブン宇都宮駅東口店,小売業,食料品,2%
栃木県,宇都宮市,セブン－イレブン宇都宮駅前店,小売業,食料品,2%
栃木県,宇都宮市,セブン－イレブン宇都宮岡本中央店,小売業,食料品,2%
栃木県,宇都宮市,セブン－イレブン宇都宮小幡店,小売業,食料品,2%
栃木県,宇都宮市,セブン－イレブン宇都宮上欠町店,小売業,食料品,2%
栃木県,宇都宮市,セブン－イレブン宇都宮上籠谷店,小売業,食料品,2%
栃木県,宇都宮市,セブン－イレブン宇都宮上田原店,小売業,食料品,2%
栃木県,宇都宮市,セブン－イレブン宇都宮上鶴田店,小売業,食料品,2%
栃木県,宇都宮市,セブン－イレブン宇都宮上戸祭店,小売業,食料品,2%
栃木県,宇都宮市,セブン－イレブン宇都宮上戸祭南店,小売業,食料品,2%
栃木県,宇都宮市,セブン－イレブン宇都宮川田町店,小売業,食料品,2%
栃木県,宇都宮市,セブン－イレブン宇都宮環状線北店,小売業,食料品,2%
栃木県,宇都宮市,セブン－イレブン宇都宮清原台店,小売業,食料品,2%
栃木県,宇都宮市,セブン－イレブン宇都宮清原台みなみ店,小売業,食料品,2%
栃木県,宇都宮市,セブン－イレブン宇都宮越戸１丁目店,小売業,食料品,2%
栃木県,宇都宮市,セブン－イレブン宇都宮鐺山店,小売業,食料品,2%
栃木県,宇都宮市,セブン－イレブン宇都宮駒生運動公園前店,小売業,食料品,2%
栃木県,宇都宮市,宇都宮コンタクトレンズ,小売業,その他小売,5%
栃木県,宇都宮市,セブン－イレブン宇都宮下川俣店,小売業,食料品,2%
栃木県,宇都宮市,セブン－イレブン宇都宮下栗一丁目店,小売業,食料品,2%
栃木県,宇都宮市,セブン－イレブン宇都宮下栗新４号南店,小売業,食料品,2%
栃木県,宇都宮市,セブン－イレブン宇都宮下田原店,小売業,食料品,2%
栃木県,宇都宮市,セブン－イレブン宇都宮下砥上店,小売業,食料品,2%
栃木県,宇都宮市,セブン－イレブン宇都宮下戸祭店,小売業,食料品,2%
栃木県,宇都宮市,宇都宮食販株式会社,小売業,食料品,5%
栃木県,宇都宮市,セブン－イレブン宇都宮森林公園入口店,小売業,食料品,2%
栃木県,宇都宮市,セブン－イレブン宇都宮末広店,小売業,食料品,2%
栃木県,宇都宮市,セブン－イレブン宇都宮姿川店,小売業,食料品,2%
栃木県,宇都宮市,セブン－イレブン宇都宮雀宮１丁目店,小売業,食料品,2%
栃木県,宇都宮市,セブン－イレブン宇都宮雀宮中店,小売業,食料品,2%
栃木県,宇都宮市,セブン－イレブン宇都宮大工町店,小売業,食料品,2%
栃木県,宇都宮市,セブン－イレブン宇都宮宝木本町店,小売業,食料品,2%
栃木県,宇都宮市,セブン－イレブン宇都宮滝谷町店,小売業,食料品,2%
栃木県,宇都宮市,セブン－イレブン宇都宮鶴田三の沢店,小売業,食料品,2%
栃木県,宇都宮市,セブン－イレブン宇都宮鶴田中央店,小売業,食料品,2%
栃木県,宇都宮市,セブン－イレブン宇都宮鶴田バイパス店,小売業,食料品,2%
栃木県,宇都宮市,セブン－イレブン宇都宮東谷町店,小売業,食料品,2%
栃木県,宇都宮市,セブン－イレブン宇都宮徳次郎店,小売業,食料品,2%
栃木県,宇都宮市,セブン－イレブン宇都宮戸祭１丁目店,小売業,食料品,2%
栃木県,宇都宮市,セブン－イレブン宇都宮戸祭４丁目店,小売業,食料品,2%
栃木県,宇都宮市,宇都宮ドローンアカデミー,サービス,その他サービス,5%
栃木県,宇都宮市,セブン－イレブン宇都宮中今泉店,小売業,食料品,2%
栃木県,宇都宮市,セブン－イレブン宇都宮中里西店,小売業,食料品,2%
栃木県,宇都宮市,セブン－イレブン宇都宮中戸祭店,小売業,食料品,2%
栃木県,宇都宮市,セブン－イレブン宇都宮西店,小売業,食料品,2%
栃木県,宇都宮市,セブン－イレブン宇都宮西２丁目店,小売業,食料品,2%
栃木県,宇都宮市,セブン－イレブン宇都宮野沢店,小売業,食料品,2%
栃木県,宇都宮市,セブン－イレブン宇都宮馬場通り店,小売業,食料品,2%
栃木県,宇都宮市,セブン－イレブン宇都宮東今泉店,小売業,食料品,2%
栃木県,宇都宮市,セブン－イレブン宇都宮東今泉２丁目店,小売業,食料品,2%
栃木県,宇都宮市,セブン－イレブン宇都宮東宿郷店,小売業,食料品,2%
栃木県,宇都宮市,セブン－イレブン宇都宮兵庫塚店,小売業,食料品,2%
栃木県,宇都宮市,セブン－イレブン宇都宮平出工業団地店,小売業,食料品,2%
栃木県,宇都宮市,セブン－イレブン宇都宮平出バイパス店,小売業,食料品,2%
栃木県,宇都宮市,セブン－イレブン宇都宮平松バイパス店,小売業,食料品,2%
栃木県,宇都宮市,セブン－イレブン宇都宮双葉店,小売業,食料品,2%
栃木県,宇都宮市,宇都宮ブリッツェン,小売業,その他小売,5%
栃木県,宇都宮市,セブン－イレブン宇都宮細谷店,小売業,食料品,2%
栃木県,宇都宮市,セブン－イレブン宇都宮瑞穂野店,小売業,食料品,2%
栃木県,宇都宮市,セブン－イレブン宇都宮ミツトヨ前店,小売業,食料品,2%
栃木県,宇都宮市,セブン－イレブン宇都宮御幸ケ原町店,小売業,食料品,2%
栃木県,宇都宮市,セブン－イレブン宇都宮御幸小学校前店,小売業,食料品,2%
栃木県,宇都宮市,セブン－イレブン宇都宮元今泉店,小売業,食料品,2%
栃木県,宇都宮市,セブン－イレブン宇都宮屋板町店,小売業,食料品,2%
栃木県,宇都宮市,宇都宮ヤクルト販売 さくらセンター,小売業,食料品,5%
栃木県,宇都宮市,セブン－イレブン宇都宮簗瀬市場前店,小売業,食料品,2%
栃木県,宇都宮市,セブン－イレブン宇都宮簗瀬１丁目店,小売業,食料品,2%
栃木県,宇都宮市,セブン－イレブン宇都宮簗瀬城東小前店,小売業,食料品,2%
栃木県,宇都宮市,セブン－イレブン宇都宮簗瀬中央店,小売業,食料品,2%
栃木県,宇都宮市,セブン－イレブン宇都宮簗瀬町店,小売業,食料品,2%
栃木県,宇都宮市,セブン－イレブン宇都宮山本１丁目店,小売業,食料品,2%
栃木県,宇都宮市,セブン－イレブン宇都宮弥生店,小売業,食料品,2%
栃木県,宇都宮市,セブン－イレブン宇都宮ゆいの杜北店,小売業,食料品,2%
栃木県,宇都宮市,セブン－イレブン宇都宮陽東５丁目店,小売業,食料品,2%
栃木県,宇都宮市,セブン－イレブン宇都宮陽東２丁目店,小売業,食料品,2%
栃木県,宇都宮市,セブン－イレブン宇都宮陽東８丁目店,小売業,食料品,2%
栃木県,宇都宮市,セブン－イレブン宇都宮陽南通り店,小売業,食料品,2%
栃木県,宇都宮市,セブン－イレブン宇都宮横川中学校前店,小売業,食料品,2%
栃木県,宇都宮市,うつのみや緑花木センター,小売業,その他小売,5%
栃木県,宇都宮市,宇都宮リラクゼーション 今泉店,サービス,その他サービス,5%
栃木県,宇都宮市,セブン－イレブン宇都宮若草３丁目店,小売業,食料品,2%
栃木県,宇都宮市,セブン－イレブン宇都宮若草店,小売業,食料品,2%
栃木県,宇都宮市,セブン－イレブン宇都宮若松原店,小売業,食料品,2%
栃木県,宇都宮市,セブン－イレブン宇都宮若松原２丁目店,小売業,食料品,2%
栃木県,宇都宮市,宇都宮わちふぃーるど,小売業,その他小売,5%
栃木県,宇都宮市,Ｕｌｔｒａ ＣＵＢＥ ａｔ Ｉｎｏｕｅ 【ウルトラキューブアットイノウエ】,サービス,理容・美容業,5%
栃木県,宇都宮市,ｕｌｕ．Ｎａｉｌ,サービス,理容・美容業,5%
栃木県,宇都宮市,ＡＧカフェ,サービス,飲食業,5%
栃木県,宇都宮市,ｅｃｌａｆｆｉｎｅ,サービス,その他サービス,5%
栃木県,宇都宮市,ＳＯＳｐｏｒｔｓ,サービス,その他サービス,5%
栃木県,宇都宮市,エダデンキ,小売業,電化製品,5%
栃木県,宇都宮市,Ｅｔｅｒｎｏ Ｌｉｎｄｏ 美容室 【エテルノ リンド】,サービス,理容・美容業,5%
栃木県,宇都宮市,オアシスカフェ平松店,サービス,飲食業,5%
栃木県,宇都宮市,大川宇都宮店,小売業,家具・調度品,5%
栃木県,宇都宮市,大川 宇都宮店,小売業,家具・調度品,5%
栃木県,宇都宮市,大橋自動車,サービス,その他サービス,5%
栃木県,宇都宮市,大牧獣医科,サービス,その他サービス,5%
栃木県,宇都宮市,お茶の藤田園,小売業,食料品,5%
栃木県,宇都宮市,おまかせ屋／ＨＡＴｃａｆｅ,サービス,その他サービス,5%
栃木県,宇都宮市,オリックスレンタカー宇都宮駅西口店,サービス,その他サービス,2%
栃木県,宇都宮市,オリックスレンタカー宇都宮駅東口店,サービス,その他サービス,2%
栃木県,宇都宮市,オリックスレンタカー宇都宮二荒町店,サービス,その他サービス,2%
栃木県,宇都宮市,オリックスレンタカー宇都宮陽東店,サービス,その他サービス,2%
栃木県,宇都宮市,温野菜宇都宮泉が丘店,サービス,飲食業,2%
栃木県,宇都宮市,温野菜宇都宮インターパーク店,サービス,飲食業,2%
栃木県,宇都宮市,加圧スタジオ８２３ 峰スタジオ,サービス,その他サービス,5%
栃木県,宇都宮市,株式会社モモ,サービス,その他サービス,5%
栃木県,宇都宮市,カードラボ宇都宮店,小売業,書籍・玩具・音楽ＣＤ,5%
栃木県,宇都宮市,カーポート鶴田ＳＳ,小売業,ガソリンスタンド,2%
栃木県,宇都宮市,海道ＳＳ,小売業,ガソリンスタンド,2%
栃木県,宇都宮市,カイロプラクティックきみどり,サービス,理容・美容業,5%
栃木県,宇都宮市,ＧＡＵＣＨＯ ＧＡＵＣＨＯ,小売業,その他小売,5%
栃木県,宇都宮市,ガジェットクリニック江曽島店,サービス,その他サービス,5%
栃木県,宇都宮市,月山,サービス,飲食業,5%
栃木県,宇都宮市,がってん寿司宇都宮カトレアガーデン店,サービス,飲食業,5%
栃木県,宇都宮市,鹿沼インター通り店,その他業種,ー,2%
栃木県,宇都宮市,ｃａｆｅ ｕｓｗ．,サービス,飲食業,5%
栃木県,宇都宮市,株式会社ウナン,サービス,運輸業,5%
栃木県,宇都宮市,株式会社きくや酒店 きくや酒店 新里店,小売業,食料品,5%
栃木県,宇都宮市,株式会社きくや酒店 きくや酒店 上戸祭店,小売業,食料品,5%
栃木県,宇都宮市,株式会社きくや酒店 きくや酒店 砥上店,小売業,食料品,5%
栃木県,宇都宮市,株式会社きくや酒店 本社,小売業,食料品,5%
栃木県,宇都宮市,株式会社きくや酒店 きくや酒店 東宿郷店,小売業,食料品,5%
栃木県,宇都宮市,株式会社きくや酒店 酒舗 三弦,小売業,食料品,5%
栃木県,宇都宮市,株式会社仁,サービス,理容・美容業,5%
栃木県,宇都宮市,株式会社 新和,その他業種,ー,5%
栃木県,宇都宮市,株式会社鈴印,その他業種,ー,5%
栃木県,宇都宮市,株式会社蛸屋 一ノ沢店,小売業,食料品,5%
栃木県,宇都宮市,株式会社蛸屋 下栗店,小売業,食料品,5%
栃木県,宇都宮市,株式会社蛸屋 雀宮南店,小売業,食料品,5%
栃木県,宇都宮市,株式会社蛸屋 砥上店,小売業,食料品,5%
栃木県,宇都宮市,株式会社ゆうわ,サービス,その他サービス,5%
栃木県,宇都宮市,釜川,サービス,飲食業,5%
栃木県,宇都宮市,上河内ＳＳ,小売業,ガソリンスタンド,2%
栃木県,宇都宮市,セブン－イレブン上河内中里店,小売業,食料品,2%
栃木県,宇都宮市,上戸祭ＳＳ,小売業,ガソリンスタンド,2%
栃木県,宇都宮市,カミヤマスポーツ,小売業,その他小売,5%
栃木県,宇都宮市,カモフラージュ,小売業,衣料品,5%
栃木県,宇都宮市,カレーハウスＣｏＣｏ壱番屋宇都宮インターパーク店,サービス,飲食業,2%
栃木県,宇都宮市,カレーハウスＣｏＣｏ壱番屋宇都宮下川俣店,サービス,飲食業,2%
栃木県,宇都宮市,カレーハウスＣｏＣｏ壱番屋宇都宮西原店,サービス,飲食業,2%
栃木県,宇都宮市,カワカミ薬品,小売業,その他小売,5%
栃木県,宇都宮市,セブン－イレブン河内金井台店,小売業,食料品,2%
栃木県,宇都宮市,セブン－イレブン河内下岡本店,小売業,食料品,2%
栃木県,宇都宮市,セブン－イレブン河内中岡本店,小売業,食料品,2%
栃木県,宇都宮市,セブン－イレブン河内奈坪台店,小売業,食料品,2%
栃木県,宇都宮市,関東タイヤ販売,小売業,その他小売,5%
栃木県,宇都宮市,きこえの相談室 宇都宮店,小売業,その他小売,5%
栃木県,宇都宮市,季節料理 なかはら,サービス,飲食業,5%
栃木県,宇都宮市,ＫＩＣＫＢＯＸＩＮＧ＆ＦＩＴＮＥＳＳＺＥＲＯ－ＩＮＦＩＮＩＴＹ－,その他業種,ー,5%
栃木県,宇都宮市,ＫＩＴＣＨＥＮ ＢＡＲ 雑草家,サービス,飲食業,5%
栃木県,宇都宮市,ギフトショップ セラヴィ,小売業,その他小売,5%
栃木県,宇都宮市,ＫＩＭＯＮＯしゃなり,小売業,衣料品,5%
栃木県,宇都宮市,ぎやまんｙ,サービス,飲食業,5%
栃木県,宇都宮市,牛角宇都宮中央店,サービス,飲食業,2%
栃木県,宇都宮市,牛角宇都宮鶴田点,サービス,飲食業,2%
栃木県,宇都宮市,牛角競輪場通り店,サービス,飲食業,2%
栃木県,宇都宮市,牛角簗瀬店,サービス,飲食業,2%
栃木県,宇都宮市,餃子ノあん,サービス,飲食業,5%
栃木県,宇都宮市,行政書士福田国際法務事務所,サービス,その他サービス,5%
栃木県,宇都宮市,京屋茶舗,サービス,飲食業,5%
栃木県,宇都宮市,きらく きらく伝馬町店,サービス,飲食業,5%
栃木県,宇都宮市,Ｋｃｕｃｈａｒｉｓｍｏｇ５,サービス,飲食業,5%
栃木県,宇都宮市,空明,サービス,飲食業,5%
栃木県,宇都宮市,靴修理店 ａｍｏｒ,サービス,その他サービス,5%
栃木県,宇都宮市,クライミングジムゼロ宇都宮下栗店,サービス,その他サービス,5%
栃木県,宇都宮市,クライミングジムゼロ宇都宮店,サービス,その他サービス,5%
栃木県,宇都宮市,クライミングジム ＦＬＡＳＨ,サービス,その他サービス,5%
栃木県,宇都宮市,ＧＲＡＮＤ?ＰＬＡＣＥＱ,サービス,その他サービス,5%
栃木県,宇都宮市,クリーニングみゆき,サービス,その他サービス,5%
栃木県,宇都宮市,クリーニングみゆき,サービス,その他サービス,5%
栃木県,宇都宮市,グリッター グリッター越戸店,サービス,理容・美容業,5%
栃木県,宇都宮市,グリッター グリッター雀宮店,サービス,理容・美容業,5%
栃木県,宇都宮市,クリーンワークス,サービス,その他サービス,5%
栃木県,宇都宮市,黒潮鮨,サービス,飲食業,5%
栃木県,宇都宮市,黒潮鮨 西川田店,サービス,飲食業,5%
栃木県,宇都宮市,ＣＲＯＳＳ ＲＯＡＤ,その他業種,ー,5%
栃木県,宇都宮市,ＳＭＯＫＥＭＡＮ,サービス,飲食業,5%
栃木県,宇都宮市,県庁前 長寿庵,サービス,飲食業,5%
栃木県,宇都宮市,健裕館宇都宮療術院,サービス,その他サービス,5%
栃木県,宇都宮市,ＣＯＲＥ ーｄｅ ｌａ ｍｅｒー,サービス,理容・美容業,5%
栃木県,宇都宮市,工学部食堂,その他業種,ー,5%
栃木県,宇都宮市,セブンーイレブンＫＯＹＯ栃木県立がんセンター店,小売業,食料品,2%
栃木県,宇都宮市,コープ越戸店,小売業,食料品,5%
栃木県,宇都宮市,コープ鶴田店,小売業,食料品,5%
栃木県,宇都宮市,個人板橋タクシ－,サービス,運輸業,5%
栃木県,宇都宮市,骨格矯正サロンさくら,その他業種,ー,5%
栃木県,宇都宮市,Ｄｒ．Ｄｒｉｖｅ 駒生ＳＳ,小売業,ガソリンスタンド,2%
栃木県,宇都宮市,ゴルフ工房 ＹＡＲＤ－ＵＰ,サービス,その他サービス,5%
栃木県,宇都宮市,サイクルショップ カントウ,小売業,その他小売,5%
栃木県,宇都宮市,斎藤電器,小売業,電化製品,5%
栃木県,宇都宮市,株式会社ｓａｉｈｉ,小売業,衣料品,5%
栃木県,宇都宮市,ｓａｉｈｉ,小売業,衣料品,5%
栃木県,宇都宮市,坂本商事株式会社,サービス,宿泊業,2%
栃木県,宇都宮市,サカワデンキ,小売業,電化製品,5%
栃木県,宇都宮市,佐瀬敏雄商店宇都宮店,小売業,電化製品,5%
栃木県,宇都宮市,ｚａｐｐａ ｕｎｏ,小売業,衣料品,5%
栃木県,宇都宮市,ＳＡＡＤ 宇都宮インターパークビレッジ店,小売業,貴金属・服飾品,5%
栃木県,宇都宮市,ＳＡＡＤ 宇都宮インターパークビレ,小売業,貴金属・服飾品,5%
栃木県,宇都宮市,ＳＡＡＤ 宇都宮インターパークビ,小売業,貴金属・服飾品,5%
栃木県,宇都宮市,ＳＡＡＤ 宇都宮インターパーク,小売業,貴金属・服飾品,5%
栃木県,宇都宮市,サトーカメラインターパーク店,小売業,その他小売,5%
栃木県,宇都宮市,サトーカメラ宇都宮雀宮店,小売業,その他小売,5%
栃木県,宇都宮市,サトーカメラ法人営業部,小売業,その他小売,5%
栃木県,宇都宮市,サトーカメラ本店,小売業,その他小売,5%
栃木県,宇都宮市,茶寮やすの,サービス,飲食業,5%
栃木県,宇都宮市,ＳＡＬＯＮＤＥＤＯＵＸ岩曽店,サービス,理容・美容業,5%
栃木県,宇都宮市,ＳＡＬＯＮ ＤＥ ＤＯＵＸ 本店,サービス,理容・美容業,5%
栃木県,宇都宮市,ＳＥＮＴＥＵＲＳ,サービス,理容・美容業,5%
栃木県,宇都宮市,サンユー岩曽店,小売業,食料品,5%
栃木県,宇都宮市,サンユー上河内店,小売業,食料品,5%
栃木県,宇都宮市,サンユー戸祭台店,小売業,食料品,5%
栃木県,宇都宮市,サンユー奈坪店,小売業,食料品,5%
栃木県,宇都宮市,三洋薬品ＨＢＣ株式会社 宇都宮営業所,小売業,その他小売,5%
栃木県,宇都宮市,Ｊ－ＢＬＵＥ,小売業,その他小売,5%
栃木県,宇都宮市,ジェームス 細谷店,小売業,その他小売,2%
栃木県,宇都宮市,ジェームスみゆきが原店,小売業,その他小売,2%
栃木県,宇都宮市,Ｃｉｅｌ ｂｙ Ｎａｔｕｒａｌ,サービス,理容・美容業,5%
栃木県,宇都宮市,四季の味 玉寿司,サービス,飲食業,5%
栃木県,宇都宮市,株式会社アーデンモア,サービス,理容・美容業,5%
栃木県,宇都宮市,じてんしゃの杜,その他業種,ー,5%
栃木県,宇都宮市,下川俣ＳＳ,小売業,ガソリンスタンド,2%
栃木県,宇都宮市,セブン－イレブン下野白沢店,小売業,食料品,2%
栃木県,宇都宮市,写楽館シンガイ,サービス,その他サービス,5%
栃木県,宇都宮市,シャルクレール,小売業,貴金属・服飾品,5%
栃木県,宇都宮市,ｊｅｗｅｌｕｎａ,サービス,その他サービス,5%
栃木県,宇都宮市,ｓｕｃｒｅｓｔｏｎｅ－ｓｉｎｃｅ２０１３－,小売業,その他小売,5%
栃木県,宇都宮市,寿限無餃子工房,サービス,飲食業,5%
栃木県,宇都宮市,酒・楽・風コロナ,サービス,飲食業,5%
栃木県,宇都宮市,ジョイフル恵利宇都宮,サービス,その他サービス,5%
栃木県,宇都宮市,ｓｙｒａｈａ,サービス,理容・美容業,5%
栃木県,宇都宮市,白木屋 本店,小売業,その他小売,5%
栃木県,宇都宮市,シンエネ宇都宮ＳＳ,小売業,ガソリンスタンド,2%
栃木県,宇都宮市,シンガイ写真館,サービス,その他サービス,5%
栃木県,宇都宮市,ジンギスカンそら豆,サービス,飲食業,5%
栃木県,宇都宮市,新三（しんざ）,サービス,飲食業,5%
栃木県,宇都宮市,新東自動車工業,サービス,その他サービス,5%
栃木県,宇都宮市,新日本補聴器センター宇都宮店,小売業,その他小売,5%
栃木県,宇都宮市,新和食うた,サービス,飲食業,5%
栃木県,宇都宮市,新和食 うた,サービス,飲食業,5%
栃木県,宇都宮市,末広美装,サービス,その他サービス,5%
栃木県,宇都宮市,すがたかたち,小売業,家具・調度品,5%
栃木県,宇都宮市,鮨 四季の味 しおん,サービス,飲食業,5%
栃木県,宇都宮市,カイロプラクティックすずめ健康院,サービス,理容・美容業,5%
栃木県,宇都宮市,雀宮ＳＳ,小売業,ガソリンスタンド,2%
栃木県,宇都宮市,雀宮ゴルフ練習場,サービス,その他サービス,5%
栃木県,宇都宮市,スタジオ かれん 宇都宮店,小売業,衣料品,5%
栃木県,宇都宮市,ｓｔｕｄｉｏ ＪＯＩＮ,サービス,その他サービス,5%
栃木県,宇都宮市,すたみな太郎 宇都宮西川田店,サービス,飲食業,5%
栃木県,宇都宮市,ＳｐｉｎＣｉｔｙ,小売業,その他小売,5%
栃木県,宇都宮市,スポーツショップヤマトヤ,小売業,衣料品,5%
栃木県,宇都宮市,スマイルホテル宇都宮,サービス,宿泊業,5%
栃木県,宇都宮市,スマホスピタル宇都宮店,サービス,その他サービス,5%
栃木県,宇都宮市,駿河屋 ＭＥＧＡドン・キホーテラパーク宇都宮店,小売業,書籍・玩具・音楽ＣＤ,5%
栃木県,宇都宮市,７ＬＯＯＫＳ,サービス,理容・美容業,5%
栃木県,宇都宮市,セラ陽東,小売業,ガソリンスタンド,2%
栃木県,宇都宮市,セルフステーション細谷ＳＳ,小売業,ガソリンスタンド,2%
栃木県,宇都宮市,ｓｅｌｅｃｔｓｈｏｐｃｏｄａｍａ,小売業,衣料品,5%
栃木県,宇都宮市,ｓｅｌｅｃｔ＋,サービス,理容・美容業,5%
栃木県,宇都宮市,鮮肴,サービス,飲食業,5%
栃木県,宇都宮市,そば処 大八,サービス,飲食業,5%
栃木県,宇都宮市,ｓｏｒａｉｒｏ,その他業種,ー,5%
栃木県,宇都宮市,ｓａｌｔｈｏｕｓｅ改,サービス,飲食業,5%
栃木県,宇都宮市,タージマハル,サービス,飲食業,5%
栃木県,宇都宮市,Ｄｉｎｉｎｇｂａｒ Ｔａｋｕａｎ Ｄｉｎｉｎｇｂａｒ Ｔａｋｕａｎ,サービス,飲食業,5%
栃木県,宇都宮市,高島接骨院,サービス,その他サービス,5%
栃木県,宇都宮市,多気山ＳＳ,小売業,ガソリンスタンド,2%
栃木県,宇都宮市,ＴＡＺ ｈａｉｒ,サービス,理容・美容業,5%
栃木県,宇都宮市,田野ＳＳ,小売業,ガソリンスタンド,2%
栃木県,宇都宮市,竹山堂,小売業,電化製品,5%
栃木県,宇都宮市,チバコーヒー,小売業,総合（非専門）,5%
栃木県,宇都宮市,チャイハネ 宇都宮,小売業,衣料品,5%
栃木県,宇都宮市,choki choki,サービス,理容・美容業,5%
栃木県,宇都宮市,ツカハラ,小売業,衣料品,5%
栃木県,宇都宮市,有限会社ツナカワサイクル,小売業,その他小売,5%
栃木県,宇都宮市,ＤＲ ＬＡＺＵＬＩ,サービス,理容・美容業,5%
栃木県,宇都宮市,ＴｅｚｕｋａＪｅｗｅｌｒｙ．ＬＴＤ,小売業,貴金属・服飾品,5%
栃木県,宇都宮市,鉄道模型専門 美美模型 美美模型,小売業,その他小売,5%
栃木県,宇都宮市,手羽先唐揚げ 手羽丸,サービス,飲食業,5%
栃木県,宇都宮市,手羽先からあげ手羽丸,サービス,飲食業,5%
栃木県,宇都宮市,ＴＥＲＡＳｃｏｍｐａｎｙ,小売業,衣料品,5%
栃木県,宇都宮市,電化タックル,小売業,電化製品,5%
栃木県,宇都宮市,天使の森 宇都宮ヴィラージュ,サービス,その他サービス,5%
栃木県,宇都宮市,電ねっとアサノ,小売業,電化製品,5%
栃木県,宇都宮市,電ねっとアトム,小売業,電化製品,5%
栃木県,宇都宮市,電ねっとクワジマ,小売業,電化製品,5%
栃木県,宇都宮市,Ｄｏｉｓｎｅａｕ宇都宮,小売業,衣料品,5%
栃木県,宇都宮市,東京オート 宇都宮 若松原店,小売業,その他小売,5%
栃木県,宇都宮市,徳次郎蕎麦,サービス,飲食業,5%
栃木県,宇都宮市,トコヨ時計店,小売業,貴金属・服飾品,5%
栃木県,宇都宮市,ＴＯＴＡＬ ＢＥＡＵＴＹ Ｓｅａｓｏｎ,サービス,理容・美容業,5%
栃木県,宇都宮市,とちぎ園芸,小売業,その他小売,5%
栃木県,宇都宮市,栃木ツーリスト,サービス,その他サービス,5%
栃木県,宇都宮市,とちぎ家,サービス,飲食業,5%
栃木県,宇都宮市,Ｄｒ．Ｄｒｉｖｅ 戸祭ＳＳ,小売業,ガソリンスタンド,2%
栃木県,宇都宮市,トヨタカローラ栃木（宇都宮テクノセンタ－,小売業,その他小売,5%
栃木県,宇都宮市,トヨタカローラ栃木宇都宮岩曽店,小売業,その他小売,5%
栃木県,宇都宮市,トヨタカローラ栃木宇都宮上横田店,小売業,その他小売,5%
栃木県,宇都宮市,トヨタカローラ栃木宇都宮細谷店,小売業,その他小売,5%
栃木県,宇都宮市,トヨタカローラ栃木宇都宮錦店,小売業,その他小売,5%
栃木県,宇都宮市,トヨタカローラ栃木宇都宮陽東店,小売業,その他小売,5%
栃木県,宇都宮市,トヨタカローラ栃木Ｕ－Ｃａｒ川田店,小売業,その他小売,5%
栃木県,宇都宮市,トヨタカローラ栃木Ｕ－Ｃａｒ鶴田店,小売業,その他小売,5%
栃木県,宇都宮市,トヨタ部品栃木共販東営業所,小売業,その他小売,5%
栃木県,宇都宮市,株式会社 トヨタレンタリース栃木,サービス,その他サービス,2%
栃木県,宇都宮市,トヨタレンタリース栃木 細谷店,サービス,その他サービス,2%
栃木県,宇都宮市,トヨタレンタリース栃木 本社,サービス,その他サービス,2%
栃木県,宇都宮市,トヨタレンタリース栃木宇都宮今泉店,サービス,その他サービス,2%
栃木県,宇都宮市,トヨタレンタリース栃木宇都宮駅西口店,サービス,その他サービス,2%
栃木県,宇都宮市,トヨタレンタリース栃木宇都宮駅東口店,サービス,その他サービス,2%
栃木県,宇都宮市,トヨタレンタリース栃木鹿沼インター通り店,サービス,その他サービス,2%
栃木県,宇都宮市,トヨタレンタリース栃木,その他業種,ー,2%
栃木県,宇都宮市,トヨタレンタリース栃木 宇都宮今泉店,その他業種,ー,2%
栃木県,宇都宮市,トヨタレンタリース栃木 宇都宮駅東口店,その他業種,ー,2%
栃木県,宇都宮市,トヨタレンタリース栃木 宇都宮駅西口店,その他業種,ー,2%
栃木県,宇都宮市,トヨタレンタリース栃木 細谷店,その他業種,ー,2%
栃木県,宇都宮市,トラットリア エッセ,サービス,飲食業,5%
栃木県,宇都宮市,ＴｒａｖｅｌＳｔａｙＵｔｓｕｎｏｍｉｙａ,サービス,その他サービス,5%
栃木県,宇都宮市,ＴＲＡＮＳ,小売業,衣料品,5%
栃木県,宇都宮市,どりーむ運転代行,サービス,その他サービス,5%
栃木県,宇都宮市,とりたんしゃ,サービス,飲食業,5%
栃木県,宇都宮市,ナインスクエアＩＹ宇都宮店,小売業,衣料品,5%
栃木県,宇都宮市,ＮＡＧＡＳＨＩＭＡ ＰＨＯＴＯ ＳＴＵＤＩＯ,その他業種,ー,5%
栃木県,宇都宮市,中村動物病院,サービス,その他サービス,5%
栃木県,宇都宮市,ナチュラル ヘアー デザイニング,サービス,理容・美容業,5%
栃木県,宇都宮市,ｎａｔｕｒ ｅｅｒ,サービス,理容・美容業,5%
栃木県,宇都宮市,成田屋,サービス,飲食業,5%
栃木県,宇都宮市,にぎり屋 新門,サービス,飲食業,5%
栃木県,宇都宮市,肉窯 ｐｉｅｃｅ,サービス,飲食業,5%
栃木県,宇都宮市,ニコナチュール,小売業,その他小売,5%
栃木県,宇都宮市,日星 本社 ＥＮＥＲＩＳ,小売業,ガソリンスタンド,2%
栃木県,宇都宮市,Ｎｅｌｌｏ,小売業,食料品,5%
栃木県,宇都宮市,ＢＡＲ 桜井 パイプのけむり,サービス,飲食業,5%
栃木県,宇都宮市,ハシモト家電,小売業,電化製品,5%
栃木県,宇都宮市,パセ今宮,小売業,ガソリンスタンド,2%
栃木県,宇都宮市,長谷川時計店,小売業,貴金属・服飾品,5%
栃木県,宇都宮市,パセ中央公園,小売業,ガソリンスタンド,2%
栃木県,宇都宮市,パソコン３６０ インターパーク宇都宮店,小売業,電化製品,5%
栃木県,宇都宮市,ＨＡＣＨＩＲＯ,サービス,飲食業,5%
栃木県,宇都宮市,発酵のアグクル,小売業,食料品,5%
栃木県,宇都宮市,はっぴぃ３,サービス,飲食業,5%
栃木県,宇都宮市,パティスリーフラッグス,小売業,食料品,5%
栃木県,宇都宮市,バドミントンショップＮＡＮＡＨＡ,小売業,その他小売,5%
栃木県,宇都宮市,花らんど うえき,小売業,その他小売,5%
栃木県,宇都宮市,ハヤシ無線,小売業,電化製品,5%
栃木県,宇都宮市,Ｂａｌｉｎｅｓｅ ｓａｌｏｎ Ｌａｘｍｙ,サービス,その他サービス,5%
栃木県,宇都宮市,Ｂａｒ Ｌｉｎｋ,小売業,総合（非専門）,5%
栃木県,宇都宮市,ヒーリングサロンｏ＇ｌｕｏ＇ｌｕ,サービス,理容・美容業,5%
栃木県,宇都宮市,ハンコ卸売センター宇都宮店,その他業種,ー,5%
栃木県,宇都宮市,半田モータース,サービス,その他サービス,5%
栃木県,宇都宮市,番屋せい兵衛,サービス,飲食業,5%
栃木県,宇都宮市,ＢＥＡＴＣＬＵＢ ＳＴＵＤＩＯ,サービス,その他サービス,5%
栃木県,宇都宮市,ビクトリアＧ Ｆ 雷オヤジの餃子 ビクトリアＧ Ｆ,小売業,その他小売,5%
栃木県,宇都宮市,Ｂｉｓｔｒｏ ＵＥＮＯ Ｎｉｂａｎｃｈｏ,サービス,飲食業,5%
栃木県,宇都宮市,飛菜鶏,サービス,飲食業,5%
栃木県,宇都宮市,ひな野 宇都宮店,サービス,飲食業,5%
栃木県,宇都宮市,ひびの動物病院,サービス,その他サービス,5%
栃木県,宇都宮市,美容室Ｎ,サービス,理容・美容業,5%
栃木県,宇都宮市,美容室・ハニーポット,サービス,理容・美容業,5%
栃木県,宇都宮市,平田電機店,小売業,電化製品,5%
栃木県,宇都宮市,ひろ喜,サービス,飲食業,5%
栃木県,宇都宮市,ヒロコ美容室,サービス,理容・美容業,5%
栃木県,宇都宮市,ファミリーファッション共栄,小売業,衣料品,5%
栃木県,宇都宮市,フィオラーノ,小売業,衣料品,5%
栃木県,宇都宮市,ＶＷ栃木中央,小売業,その他小売,5%
栃木県,宇都宮市,福一吉,サービス,飲食業,5%
栃木県,宇都宮市,フクダヤトラベラーズ今泉支店,サービス,その他サービス,5%
栃木県,宇都宮市,フクダヤトラベラーズクラブインターパーク,サービス,その他サービス,5%
栃木県,宇都宮市,藤倉電気江曽島店,小売業,電化製品,5%
栃木県,宇都宮市,藤茂登そば店,サービス,飲食業,5%
栃木県,宇都宮市,フタバ電化戸祭店,小売業,電化製品,5%
栃木県,宇都宮市,Ｂｏｕｔｉｑｕｅｃｈｅｚｍｏｉ,小売業,その他小売,5%
栃木県,宇都宮市,Ｄｒ．Ｄｒｉｖｅ セルフ不動前ＳＳ,小売業,ガソリンスタンド,2%
栃木県,宇都宮市,Ｆｌｏｗｅｒかれん,小売業,その他小売,5%
栃木県,宇都宮市,振袖プラチナ館 宇都宮店,小売業,衣料品,5%
栃木県,宇都宮市,ＢＲＩＤＧＥ,サービス,その他サービス,5%
栃木県,宇都宮市,ブリリアントタケカワ,小売業,貴金属・服飾品,5%
栃木県,宇都宮市,プルミエール,サービス,理容・美容業,5%
栃木県,宇都宮市,ブレシア,サービス,その他サービス,5%
栃木県,宇都宮市,Ｐｒｅｃｉｏｕｓ,サービス,その他サービス,5%
栃木県,宇都宮市,フレッシュネスバーガーインターパークショッピングビレッジ,サービス,飲食業,2%
栃木県,宇都宮市,プロファイン,サービス,その他サービス,5%
栃木県,宇都宮市,Ｆｒｏｍａｇｅｒｉｅ Ｆｉｌ,小売業,食料品,5%
栃木県,宇都宮市,ｈａｉｒ エーハイフン,サービス,理容・美容業,5%
栃木県,宇都宮市,ｈａｉｒ ｄｅｓｉｇｎ Ｓｅｌｅｃｔ【ヘアーデザインセレクト】,サービス,理容・美容業,5%
栃木県,宇都宮市,ヘアメイク ピトゥサ,サービス,理容・美容業,5%
栃木県,宇都宮市,ＢＡＫＥＲＹ ＭＯＲＧＡＮ,小売業,食料品,5%
栃木県,宇都宮市,ペットサロン・サン,サービス,その他サービス,5%
栃木県,宇都宮市,ベトナムダイニング ＧＩＡＤＩＮＨ,サービス,飲食業,5%
栃木県,宇都宮市,ボークス宇都宮ショールーム,小売業,書籍・玩具・音楽ＣＤ,5%
栃木県,宇都宮市,ボークス宇都宮ショールーム,小売業,書籍・玩具・音楽ＣＤ,5%
栃木県,宇都宮市,ＰＯＣＯＡＰＯＣＯ,サービス,理容・美容業,5%
栃木県,宇都宮市,Ｐｏｋｏ’ｓ ＡＲＯＭＡ ＴＩＭＥ,サービス,理容・美容業,5%
栃木県,宇都宮市,星テレビおかもと店,小売業,電化製品,5%
栃木県,宇都宮市,ホテルデルソル,サービス,宿泊業,5%
栃木県,宇都宮市,ホビージャック,小売業,書籍・玩具・音楽ＣＤ,5%
栃木県,宇都宮市,ボロンゴ,サービス,飲食業,5%
栃木県,宇都宮市,ＷｈｉｔｅｎｉｎｇＣａｆｅ宇都宮店,サービス,理容・美容業,5%
栃木県,宇都宮市,ホワイトルームコーヒー,サービス,飲食業,5%
栃木県,宇都宮市,本社,小売業,ガソリンスタンド,2%
栃木県,宇都宮市,本丸,小売業,ガソリンスタンド,2%
栃木県,宇都宮市,前田どうぶつ病院,サービス,その他サービス,5%
栃木県,宇都宮市,マクドナルド石井たいらや店,サービス,飲食業,2%
栃木県,宇都宮市,マクドナルド宇都宮インターパーク福田屋店,サービス,飲食業,2%
栃木県,宇都宮市,マクドナルド宇都宮上戸祭店,サービス,飲食業,2%
栃木県,宇都宮市,マクドナルド宇都宮テクノポリスセンター店,サービス,飲食業,2%
栃木県,宇都宮市,マクドナルド宇都宮西川田店,サービス,飲食業,2%
栃木県,宇都宮市,マクドナルド宇都宮西口店,サービス,飲食業,2%
栃木県,宇都宮市,マクドナルド宇都宮ベルモール店,サービス,飲食業,2%
栃木県,宇都宮市,マクドナルド岡本とりせん店,サービス,飲食業,2%
栃木県,宇都宮市,マクドナルド鹿沼インター通り店,サービス,飲食業,2%
栃木県,宇都宮市,マクドナルド上三川インターチェンジ店,サービス,飲食業,2%
栃木県,宇都宮市,マクドナルド白沢街道宇都宮店,サービス,飲食業,2%
栃木県,宇都宮市,マクドナルド福田屋ショッピングプラザ店,サービス,飲食業,2%
栃木県,宇都宮市,マクドナルド平成通り宇都宮店,サービス,飲食業,2%
栃木県,宇都宮市,マクドナルド４号線宇都宮泉が丘店,サービス,飲食業,2%
栃木県,宇都宮市,マクドナルド４号線雀宮店,サービス,飲食業,2%
栃木県,宇都宮市,Ｍａｃｈｅｒｉｅ,サービス,理容・美容業,5%
栃木県,宇都宮市,益田屋プロパン有限会社 益田屋プロパン,小売業,その他小売,5%
栃木県,宇都宮市,町のホグシ屋さん 町のホグシ屋さん,サービス,その他サービス,5%
栃木県,宇都宮市,豆工房コーヒーロースト宇都宮店,小売業,食料品,5%
栃木県,宇都宮市,マロ男爵,サービス,飲食業,5%
栃木県,宇都宮市,水田電機商会,小売業,電化製品,5%
栃木県,宇都宮市,みずほのＳＳ,小売業,ガソリンスタンド,2%
栃木県,宇都宮市,Ｄｒ．Ｄｒｉｖｅ みどり野ＳＳ,小売業,ガソリンスタンド,2%
栃木県,宇都宮市,南宇都宮,小売業,ガソリンスタンド,2%
栃木県,宇都宮市,セブン－イレブン南宇都宮店,小売業,食料品,2%
栃木県,宇都宮市,みのわトラベル,サービス,その他サービス,5%
栃木県,宇都宮市,ミハシカフェ,サービス,飲食業,5%
栃木県,宇都宮市,ミハシカフェ,サービス,飲食業,5%
栃木県,宇都宮市,Ｍｉｌｋ＆ＷＩＴＨ,小売業,衣料品,5%
栃木県,宇都宮市,ムーンバー コブウェブ,サービス,飲食業,5%
栃木県,宇都宮市,メガネのＬＯＯＡ,小売業,その他小売,5%
栃木県,宇都宮市,せい兵衛市場前店,サービス,飲食業,5%
栃木県,宇都宮市,メンタルサポートろうむ,サービス,その他サービス,5%
栃木県,宇都宮市,麺や髭おやじ,サービス,飲食業,5%
栃木県,宇都宮市,モードサロン泰,小売業,衣料品,5%
栃木県,宇都宮市,ｍｏｃｈａ ｂｙ ７ＬＯＯＫＳ,サービス,理容・美容業,5%
栃木県,宇都宮市,焼肉こうらい,サービス,飲食業,5%
栃木県,宇都宮市,焼肉ソウル,サービス,飲食業,5%
栃木県,宇都宮市,大和屋 宇都宮日の出店,小売業,その他小売,5%
栃木県,宇都宮市,大和屋 宇都宮若草店,小売業,その他小売,5%
栃木県,宇都宮市,山二クリーニング有限会社,サービス,その他サービス,5%
栃木県,宇都宮市,有限会社 田野自動車,サービス,その他サービス,5%
栃木県,宇都宮市,有限会社オートテック かきぬま 本店,サービス,その他サービス,5%
栃木県,宇都宮市,有限会社金田モータース,サービス,その他サービス,5%
栃木県,宇都宮市,有限会社希羅々,サービス,その他サービス,5%
栃木県,宇都宮市,有限会社西海薬局 西海薬局,小売業,その他小売,5%
栃木県,宇都宮市,有限会社フナヤマモーター,その他業種,ー,5%
栃木県,宇都宮市,有限会社ホンダ輪業,小売業,その他小売,5%
栃木県,宇都宮市,有限会社レーベンデザイン,その他業種,ー,5%
栃木県,宇都宮市,ｙｕｊｉｃａｆｅ,サービス,飲食業,5%
栃木県,宇都宮市,ユザワヤ 宇都宮店,小売業,総合（非専門）,5%
栃木県,宇都宮市,酔処 へべれけ,サービス,飲食業,5%
栃木県,宇都宮市,養老乃瀧宇都宮雀宮店,サービス,飲食業,2%
栃木県,宇都宮市,らぁめん 山本さん家 池上店,サービス,飲食業,5%
栃木県,宇都宮市,ラーメン厨房ツキマル,サービス,飲食業,5%
栃木県,宇都宮市,ｃａｆｅＲｏｕｎｄ８７,サービス,飲食業,5%
栃木県,宇都宮市,らかんスタジオ宇都宮インターパーク店,サービス,その他サービス,5%
栃木県,宇都宮市,楽水,サービス,飲食業,5%
栃木県,宇都宮市,らしんばん 宇都宮店,小売業,その他小売,5%
栃木県,宇都宮市,ＬＡＭＵＤＡ ｂｏｄｙｍａｋｅｃｌｕｂ,小売業,食料品,5%
栃木県,宇都宮市,ラリシェスボタニク,小売業,その他小売,5%
栃木県,宇都宮市,リシェリエ ＩＹ宇都宮店,小売業,衣料品,5%
栃木県,宇都宮市,ＲＩＪＵ ＴＲＡＤＩＮＧ,小売業,その他小売,5%
栃木県,宇都宮市,リニーズ英会話スクール,サービス,その他サービス,5%
栃木県,宇都宮市,リフルハッチ,小売業,衣料品,5%
栃木県,宇都宮市,リフレッシュセンターリラックス宇都宮東口駅前店,サービス,その他サービス,5%
栃木県,宇都宮市,リフレッシュセンターリラックスFKDインターパーク店,サービス,その他サービス,5%
栃木県,宇都宮市,リベルタス,小売業,その他小売,5%
栃木県,宇都宮市,リボルト 宇都宮,サービス,その他サービス,5%
栃木県,宇都宮市,りらいふ上戸祭店,サービス,その他サービス,5%
栃木県,宇都宮市,リラクゼーションサロンてもみくくーる,サービス,理容・美容業,5%
栃木県,宇都宮市,リンゴ屋 栃木宇都宮店,サービス,その他サービス,5%
栃木県,宇都宮市,Ｒｅｃｏｌｔｅ,サービス,理容・美容業,5%
栃木県,宇都宮市,レックス宇都宮,サービス,その他サービス,5%
栃木県,宇都宮市,ＬｅｓｓｏｎｓｔｕｄｉｏＬａｐｉｓ,サービス,その他サービス,5%
栃木県,宇都宮市,ワインバー コンプレ,サービス,飲食業,5%
栃木県,宇都宮市,若森,サービス,飲食業,5%
栃木県,大田原市,Ａｐａｓ,サービス,その他サービス,5%
栃木県,大田原市,Ａｇｕ ｈａｉｒ Ａｇｕ ｈａｉｒ ｇｒａｎｔ大田原,サービス,理容・美容業,5%
栃木県,大田原市,ａｂｏｘ tips,サービス,理容・美容業,5%
栃木県,大田原市,出光大田原ＳＳ,小売業,ガソリンスタンド,2%
栃木県,大田原市,出光シティポイント大田原ＳＳ,小売業,ガソリンスタンド,2%
栃木県,大田原市,オイル小僧,サービス,その他サービス,5%
栃木県,大田原市,Ｄｒ．Ｄｒｉｖｅ セルフ大田原ＳＳ,小売業,ガソリンスタンド,2%
栃木県,大田原市,大田原,小売業,ガソリンスタンド,2%
栃木県,大田原市,セブン－イレブン大田原浅香３丁目店,小売業,食料品,2%
栃木県,大田原市,セブン－イレブン大田原浅香４丁目店,小売業,食料品,2%
栃木県,大田原市,セブン－イレブン大田原今泉店,小売業,食料品,2%
栃木県,大田原市,大田原ＳＳ,小売業,ガソリンスタンド,2%
栃木県,大田原市,セブン－イレブン大田原黒羽田町店,小売業,食料品,2%
栃木県,大田原市,セブン－イレブン大田原寒井店,小売業,食料品,2%
栃木県,大田原市,セブン－イレブン大田原親園店,小売業,食料品,2%
栃木県,大田原市,セブン－イレブン大田原中央２丁目店,小売業,食料品,2%
栃木県,大田原市,セブン－イレブン大田原中田原店,小売業,食料品,2%
栃木県,大田原市,セブン－イレブン大田原野崎店,小売業,食料品,2%
栃木県,大田原市,セブン－イレブン大田原蛭田店,小売業,食料品,2%
栃木県,大田原市,セブン－イレブン大田原本町１丁目店,小売業,食料品,2%
栃木県,大田原市,セブン－イレブン大田原町島店,小売業,食料品,2%
栃木県,大田原市,セブン－イレブン大田原実取店,小売業,食料品,2%
栃木県,大田原市,セブン－イレブン大田原南大通り店,小売業,食料品,2%
栃木県,大田原市,セブン－イレブン大田原美原店,小売業,食料品,2%
栃木県,大田原市,オリオン電気商会,小売業,電化製品,5%
栃木県,大田原市,ＣＡＲ ＳＭｉＬＥ,小売業,その他小売,5%
栃木県,大田原市,がってん寿司大田原店,サービス,飲食業,5%
栃木県,大田原市,金 丸,小売業,ガソリンスタンド,2%
栃木県,大田原市,金丸ＳＳ,小売業,ガソリンスタンド,2%
栃木県,大田原市,きこえの相談室 大田原店,小売業,その他小売,5%
栃木県,大田原市,協栄自動車,サービス,その他サービス,5%
栃木県,大田原市,クライミングジムアーク,その他業種,ー,5%
栃木県,大田原市,黒羽ＳＳ,小売業,ガソリンスタンド,2%
栃木県,大田原市,黒羽,小売業,ガソリンスタンド,2%
栃木県,大田原市,佐久山ＳＳ,小売業,ガソリンスタンド,2%
栃木県,大田原市,茶房城山,サービス,飲食業,5%
栃木県,大田原市,茶房城山 トランプベーカリー,サービス,その他サービス,5%
栃木県,大田原市,佐良土ＳＳ,小売業,ガソリンスタンド,2%
栃木県,大田原市,三和自動車工業,サービス,その他サービス,5%
栃木県,大田原市,ＪＡなすのサービス株式会社 大田原農機センター,小売業,その他小売,5%
栃木県,大田原市,清水モータース,サービス,その他サービス,5%
栃木県,大田原市,末広ＳＳ 有限会社大高油店,小売業,ガソリンスタンド,2%
栃木県,大田原市,須賀川ＳＳ,小売業,ガソリンスタンド,2%
栃木県,大田原市,須佐木ＳＳ,小売業,ガソリンスタンド,2%
栃木県,大田原市,スターテレビ商会,小売業,電化製品,5%
栃木県,大田原市,スワストア元町店,小売業,食料品,5%
栃木県,大田原市,スワストア元町店,小売業,総合（非専門）,5%
栃木県,大田原市,セレモニーホールあぶらや,サービス,その他サービス,5%
栃木県,大田原市,Ｄｅｌｉｇｈｔ サロン中村,サービス,理容・美容業,5%
栃木県,大田原市,とべや銘品館 手造り味噌体験,その他業種,ー,5%
栃木県,大田原市,ｎａｔｕｒｅｚａ,サービス,理容・美容業,5%
栃木県,大田原市,はな動物病院,その他業種,ー,5%
栃木県,大田原市,パナトピアクリタ,小売業,電化製品,5%
栃木県,大田原市,美容室ＰＥＡＫ 美容室ｐｅａｋ,サービス,理容・美容業,5%
栃木県,大田原市,ホテルタマノ,サービス,宿泊業,5%
栃木県,大田原市,マクドナルド４００大田原店,サービス,飲食業,2%
栃木県,大田原市,実取ＳＳ,小売業,ガソリンスタンド,2%
栃木県,大田原市,みやこや,小売業,衣料品,5%
栃木県,大田原市,麺屋たか,サービス,飲食業,5%
栃木県,大田原市,やおいち,小売業,総合（非専門）,5%
栃木県,大田原市,焼き立て焼き菓子工房 Ｋａｂａｃｏ,サービス,飲食業,5%
栃木県,大田原市,やなぎや,小売業,衣料品,5%
栃木県,大田原市,有限会社ジムインダストリー,小売業,その他小売,5%
栃木県,大田原市,ユザワヤ 大田原店,小売業,総合（非専門）,5%
栃木県,大田原市,リオン・ドール黒羽店,小売業,食料品,5%
栃木県,大田原市,リョウワオート販売 株 リョウワオート販売株式会社,小売業,その他小売,5%
栃木県,大田原市,Ｒｅｓｔａｕｒａｎｔ Ｃｏｐａｉｎ,サービス,飲食業,5%
栃木県,小山市,ｅｙｅｌａｓｈ Ｒ,サービス,理容・美容業,5%
栃木県,小山市,Ａｇｕ ｈａｉｒ Ａｇｕ ｈａｉｒ ｏｐｕｓ小山,サービス,理容・美容業,5%
栃木県,小山市,ａｂｉｄｉｎｇ,サービス,理容・美容業,5%
栃木県,小山市,アミング小山城南店,小売業,その他小売,5%
栃木県,小山市,荒井ＳＳ,小売業,ガソリンスタンド,2%
栃木県,小山市,あらかわ洋品店,小売業,衣料品,5%
栃木県,小山市,ａｒｅｓｔ,サービス,理容・美容業,5%
栃木県,小山市,磯島会計事務所,サービス,その他サービス,5%
栃木県,小山市,イタバシ株式会社 栃木支店,サービス,その他サービス,5%
栃木県,小山市,出光雨ヶ谷,小売業,ガソリンスタンド,2%
栃木県,小山市,ａｉｍｅｒｆｅｅｌイオンモール小山店,小売業,衣料品,5%
栃木県,小山市,オーダーカーテン中川,小売業,その他小売,5%
栃木県,小山市,おおつか電機 おおつか電機,小売業,電化製品,5%
栃木県,小山市,セブン－イレブン小山雨ヶ谷新田店,小売業,食料品,2%
栃木県,小山市,セブン－イレブン小山荒井店,小売業,食料品,2%
栃木県,小山市,セブン－イレブン小山出井店,小売業,食料品,2%
栃木県,小山市,セブン－イレブン小山犬塚１丁目店,小売業,食料品,2%
栃木県,小山市,セブン－イレブン小山犬塚北店,小売業,食料品,2%
栃木県,小山市,セブン－イレブン小山犬塚４丁目店,小売業,食料品,2%
栃木県,小山市,セブン－イレブン小山犬塚６丁目店,小売業,食料品,2%
栃木県,小山市,セブン－イレブン小山駅西口店,小売業,食料品,2%
栃木県,小山市,セブン－イレブン小山駅南５丁目店,小売業,食料品,2%
栃木県,小山市,セブン－イレブン小山駅南町１丁目店,小売業,食料品,2%
栃木県,小山市,セブン－イレブン小山大谷東店,小売業,食料品,2%
栃木県,小山市,セブン－イレブン小山乙女店,小売業,食料品,2%
栃木県,小山市,セブン－イレブン小山神山店,小売業,食料品,2%
栃木県,小山市,セブン－イレブン小山喜沢店,小売業,食料品,2%
栃木県,小山市,セブン－イレブン小山下河原田店,小売業,食料品,2%
栃木県,小山市,セブン－イレブン小山城東７丁目店,小売業,食料品,2%
栃木県,小山市,セブン－イレブン小山城東４丁目店,小売業,食料品,2%
栃木県,小山市,セブン－イレブン小山城北店,小売業,食料品,2%
栃木県,小山市,小山新４号ＳＳ,小売業,ガソリンスタンド,2%
栃木県,小山市,セブン－イレブン小山卒島店,小売業,食料品,2%
栃木県,小山市,セブン－イレブン小山大行寺店,小売業,食料品,2%
栃木県,小山市,セブン－イレブン小山天神店,小売業,食料品,2%
栃木県,小山市,セブン－イレブン小山土塔店,小売業,食料品,2%
栃木県,小山市,セブン－イレブン小山中里店,小売業,食料品,2%
栃木県,小山市,セブン－イレブン小山中島橋西店,小売業,食料品,2%
栃木県,小山市,セブン－イレブン小山西黒田店,小売業,食料品,2%
栃木県,小山市,セブン－イレブン小山西城南５丁目店,小売業,食料品,2%
栃木県,小山市,小山鉢形,小売業,ガソリンスタンド,2%
栃木県,小山市,セブン－イレブン小山花垣店,小売業,食料品,2%
栃木県,小山市,セブン－イレブン小山羽川北店,小売業,食料品,2%
栃木県,小山市,セブン－イレブン小山東間々田店,小売業,食料品,2%
栃木県,小山市,セブン－イレブン小山神鳥谷１丁目店,小売業,食料品,2%
栃木県,小山市,セブン－イレブン小山神鳥谷４丁目店,小売業,食料品,2%
栃木県,小山市,セブン－イレブン小山間々田店,小売業,食料品,2%
栃木県,小山市,小山めがね,小売業,貴金属・服飾品,5%
栃木県,小山市,セブン－イレブン小山梁店,小売業,食料品,2%
栃木県,小山市,セブン－イレブン小山横倉新田店,小売業,食料品,2%
栃木県,小山市,オリックスレンタカー小山駅前店,サービス,その他サービス,2%
栃木県,小山市,海鮮居酒屋どんさん亭 小山店,サービス,飲食業,5%
栃木県,小山市,海鮮料理 いかるが,サービス,飲食業,5%
栃木県,小山市,学生服専門店 つかひろ１,小売業,衣料品,5%
栃木県,小山市,かつはな亭小山店,サービス,飲食業,5%
栃木県,小山市,家庭料理 ちょい呑,サービス,飲食業,5%
栃木県,小山市,株式会社 中野屋酒店 中野屋酒店,小売業,食料品,5%
栃木県,小山市,株式会社すだ包装 すだ包装 プロパック小山市場店,小売業,その他小売,5%
栃木県,小山市,株式会社蛸屋 工場直売所,小売業,食料品,5%
栃木県,小山市,株式会社蛸屋 城北店,小売業,食料品,5%
栃木県,小山市,株式会社蛸屋 蛸屋総本店,小売業,食料品,5%
栃木県,小山市,株式会社蛸屋 間々田店,小売業,食料品,5%
栃木県,小山市,かもめ屋,サービス,飲食業,5%
栃木県,小山市,カレーハウスＣｏＣｏ壱番屋小山西城南店,サービス,飲食業,2%
栃木県,小山市,韓国料理 喜楽,サービス,飲食業,5%
栃木県,小山市,Ｑｕａｌｉｔｙｏｆｂａｌａｎｃｅ技巧屋,サービス,その他サービス,5%
栃木県,小山市,きこえの相談室 小山店,小売業,その他小売,5%
栃木県,小山市,キャロル,小売業,衣料品,5%
栃木県,小山市,牛角小山店,サービス,飲食業,2%
栃木県,小山市,Ｃｏｏ＆ＲＩＫＵ小山店,小売業,その他小売,5%
栃木県,小山市,合同会社ＦＵＪＩＳＨＯ,その他業種,ー,5%
栃木県,小山市,ごはん処おおしゃもじ,サービス,飲食業,5%
栃木県,小山市,Ｓｕｎｎｙ Ｓｉｄｅ,サービス,理容・美容業,5%
栃木県,小山市,寒川ＳＳ,小売業,ガソリンスタンド,2%
栃木県,小山市,ＳａｌｏｎｄｅｂｅａｕｔｅＰＬＵＲＡ,サービス,理容・美容業,5%
栃木県,小山市,ジェームス小山神山店,小売業,その他小売,2%
栃木県,小山市,シマジュ－,サービス,その他サービス,5%
栃木県,小山市,手芸センタードリーム小山ロブレ店,小売業,その他小売,5%
栃木県,小山市,手芸センタードリーム小山ロブレ,小売業,その他小売,5%
栃木県,小山市,旬魚彩菜 富か家,サービス,飲食業,5%
栃木県,小山市,シンエネ小山ＳＳ,小売業,ガソリンスタンド,2%
栃木県,小山市,シンエネ小山南ＳＳ,小売業,ガソリンスタンド,2%
栃木県,小山市,伸幸電気有限会社,小売業,電化製品,5%
栃木県,小山市,ステーキまつだふくふく亭,サービス,飲食業,5%
栃木県,小山市,スポーツカムイ小山店,小売業,その他小売,5%
栃木県,小山市,たん家しん,サービス,飲食業,5%
栃木県,小山市,知久自動車商会 知久自動車商会,サービス,その他サービス,5%
栃木県,小山市,ＣＨＩＮＥＳＥ ＲＥＳＴＡＵＲＡＮＴ 龍鳳 ＣＨＩＮＥＳＥ ＲＥＳＴＡＵＲＡＮＴ 龍鳳,サービス,飲食業,5%
栃木県,小山市,塚原電気,小売業,電化製品,5%
栃木県,小山市,ＴＳオートガレージ,サービス,その他サービス,5%
栃木県,小山市,天使の森小山ルミナス,サービス,その他サービス,5%
栃木県,小山市,電車ごっこ１１８５,小売業,その他小売,5%
栃木県,小山市,電ねっとクリハラ,小売業,電化製品,5%
栃木県,小山市,東京オート 小山喜沢店,小売業,その他小売,5%
栃木県,小山市,東京オート 小山店,小売業,その他小売,5%
栃木県,小山市,東京オート カスタマイズセンター小山,小売業,その他小売,5%
栃木県,小山市,株式会社トチネン 本社,小売業,その他小売,5%
栃木県,小山市,トップフィット,小売業,書籍・玩具・音楽ＣＤ,5%
栃木県,小山市,ととまる,サービス,飲食業,5%
栃木県,小山市,トヨタカローラ栃木小山犬塚店,小売業,その他小売,5%
栃木県,小山市,トヨタカローラ栃木小山神鳥谷店,小売業,その他小売,5%
栃木県,小山市,トヨタカローラ栃木Ｕ－Ｃａｒ小山店,小売業,その他小売,5%
栃木県,小山市,トヨタ部品栃木共販小山営業所,小売業,その他小売,5%
栃木県,小山市,トヨタレンタリース栃木小山駅西口店,サービス,その他サービス,2%
栃木県,小山市,トヨタレンタリース栃木小山店,サービス,その他サービス,2%
栃木県,小山市,トヨタレンタリース栃木 小山駅西口店,その他業種,ー,2%
栃木県,小山市,トヨタレンタリース栃木 小山店,その他業種,ー,2%
栃木県,小山市,トラットリア レマーニ,サービス,飲食業,5%
栃木県,小山市,トラットリア レマーニ,サービス,飲食業,5%
栃木県,小山市,鳥の店 いっちょう,サービス,飲食業,5%
栃木県,小山市,鳥の店 いっちょう,サービス,飲食業,5%
栃木県,小山市,ＴＲＡＩＬ ＬＯＶＥＲＳ,小売業,その他小売,5%
栃木県,小山市,内臓整体りりぃぶ,サービス,その他サービス,5%
栃木県,小山市,ながはまデンキ,小売業,電化製品,5%
栃木県,小山市,和み,その他業種,ー,5%
栃木県,小山市,にぎり屋 新門 小山店,サービス,飲食業,5%
栃木県,小山市,ニュー小山ＳＳ,小売業,ガソリンスタンド,2%
栃木県,小山市,Ｎａｉｌｓａｌｏｎ Ｌｏｔｕｓ,サービス,その他サービス,5%
栃木県,小山市,セブン－イレブン白鴎大学本キャンパス店,小売業,食料品,2%
栃木県,小山市,パナトピアせきぐち,小売業,電化製品,5%
栃木県,小山市,パナトピアホリエ,小売業,電化製品,5%
栃木県,小山市,ばんかん亭,サービス,飲食業,5%
栃木県,小山市,光ロックサービス,サービス,その他サービス,5%
栃木県,小山市,ＢＩＧＷＡＶＥＳＳ,小売業,ガソリンスタンド,2%
栃木県,小山市,美容室 ＰＯＬＡＲＩＳ,サービス,理容・美容業,5%
栃木県,小山市,美容室らいむ,サービス,理容・美容業,5%
栃木県,小山市,昼ごはん 夜カフェ Ｒｏｏｓｔルースト,サービス,飲食業,5%
栃木県,小山市,富士書店 小山店,小売業,総合（非専門）,5%
栃木県,小山市,ＢＬＵＭＥ,サービス,理容・美容業,5%
栃木県,小山市,ブレイス 動物の病院,サービス,その他サービス,5%
栃木県,小山市,ブレーメンデザイン,サービス,その他サービス,5%
栃木県,小山市,ＨＡＩＲ ＳＡＬＯＮ ｍｉｎｔ,サービス,理容・美容業,5%
栃木県,小山市,ＨＡＩＲ ＳＴＡＧＥ ＥＩＧＨＴ,サービス,理容・美容業,5%
栃木県,小山市,Ｃ’ｅｓｔＬａＶｉｅ 雨ケ谷,サービス,理容・美容業,5%
栃木県,小山市,本格手打つけ汁うどん 藤ヱ門 本店,サービス,飲食業,5%
栃木県,小山市,マクドナルド小山稲葉郷店,サービス,飲食業,2%
栃木県,小山市,マクドナルドおやまゆうえんハーヴェストウォー,サービス,飲食業,2%
栃木県,小山市,マクドナルド５０号小山店,サービス,飲食業,2%
栃木県,小山市,マクドナルド４号線小山店,サービス,飲食業,2%
栃木県,小山市,松本酒店,小売業,食料品,5%
栃木県,小山市,ヤオハン城東店,小売業,食料品,5%
栃木県,小山市,ＹＵＫＵＲＩ,サービス,その他サービス,5%
栃木県,小山市,洋めし家番館坂,サービス,飲食業,5%
栃木県,小山市,リンゴ屋カインズ小山店 リンゴ屋カインズ小山店,サービス,その他サービス,5%
栃木県,小山市,レストランガリエラ,サービス,飲食業,5%
栃木県,小山市,若盛アンテナショップ 西堀酒造直売店,小売業,その他小売,5%
栃木県,小山市,ワコールガーデン 小山店,小売業,衣料品,5%
栃木県,小山市,和膳処 くぼ多,サービス,飲食業,5%
栃木県,小山市,和風料理 あやとり,サービス,飲食業,5%
栃木県,鹿沼市,ＩＴＳｕｐｐｏｒｔパソコン太郎,サービス,その他サービス,5%
栃木県,鹿沼市,株式会社アクセス,サービス,その他サービス,5%
栃木県,鹿沼市,浅見電気商会,小売業,電化製品,5%
栃木県,鹿沼市,アシッドキャンディ,小売業,衣料品,5%
栃木県,鹿沼市,粟野ＳＳ,小売業,ガソリンスタンド,2%
栃木県,鹿沼市,セブン－イレブン粟野久野店,小売業,食料品,2%
栃木県,鹿沼市,出光鹿沼北ＳＳ,小売業,ガソリンスタンド,2%
栃木県,鹿沼市,出光セルフイン茂呂山ＳＳ,小売業,ガソリンスタンド,2%
栃木県,鹿沼市,カフェまいら,サービス,飲食業,5%
栃木県,鹿沼市,井上刃物店,小売業,その他小売,5%
栃木県,鹿沼市,ｖｉｔａ,サービス,理容・美容業,5%
栃木県,鹿沼市,ウエスト鹿沼ＳＳ,小売業,ガソリンスタンド,2%
栃木県,鹿沼市,がってん寿司鹿沼店,サービス,飲食業,5%
栃木県,鹿沼市,カットハウス フリースタイル,サービス,理容・美容業,5%
栃木県,鹿沼市,セブン－イレブン鹿沼インター東店,小売業,食料品,2%
栃木県,鹿沼市,セブン－イレブン鹿沼御成橋町店,小売業,食料品,2%
栃木県,鹿沼市,鹿沼警察署前ＳＳ,小売業,ガソリンスタンド,2%
栃木県,鹿沼市,セブン－イレブン鹿沼晃望台店,小売業,食料品,2%
栃木県,鹿沼市,セブン－イレブン鹿沼栄町店,小売業,食料品,2%
栃木県,鹿沼市,株式会社鹿沼自動車教習所,その他業種,ー,5%
栃木県,鹿沼市,セブン－イレブン鹿沼下田町店,小売業,食料品,2%
栃木県,鹿沼市,セブン－イレブン鹿沼白桑田店,小売業,食料品,2%
栃木県,鹿沼市,セブン－イレブン鹿沼千渡店,小売業,食料品,2%
栃木県,鹿沼市,セブン－イレブン鹿沼奈佐原店,小売業,食料品,2%
栃木県,鹿沼市,セブン－イレブン鹿沼仁神堂店,小売業,食料品,2%
栃木県,鹿沼市,セブン－イレブン鹿沼西沢町店,小売業,食料品,2%
栃木県,鹿沼市,セブン－イレブン鹿沼西茂呂店,小売業,食料品,2%
栃木県,鹿沼市,セブン－イレブン鹿沼花岡町店,小売業,食料品,2%
栃木県,鹿沼市,セブン－イレブン鹿沼府中町店,小売業,食料品,2%
栃木県,鹿沼市,セブン－イレブン鹿沼緑町店,小売業,食料品,2%
栃木県,鹿沼市,セブン－イレブン鹿沼木工団地前店,小売業,食料品,2%
栃木県,鹿沼市,セブン－イレブン鹿沼茂呂店,小売業,食料品,2%
栃木県,鹿沼市,セブン－イレブン鹿沼茂呂南店,小売業,食料品,2%
栃木県,鹿沼市,株式会社きくや酒店 きくや酒店 鹿沼店,小売業,食料品,5%
栃木県,鹿沼市,株式会社蛸屋 茂呂店,小売業,食料品,5%
栃木県,鹿沼市,セブン－イレブン上都賀総合病院店,小売業,食料品,2%
栃木県,鹿沼市,亀田自動車,サービス,その他サービス,5%
栃木県,鹿沼市,菊池電気商会,小売業,電化製品,5%
栃木県,鹿沼市,サロン・ド・シエール,サービス,理容・美容業,5%
栃木県,鹿沼市,Ｊ－ＳＴＹＬＥ,サービス,その他サービス,5%
栃木県,鹿沼市,スキップ つぼ リンパマッサージ スキップレジ２,サービス,その他サービス,5%
栃木県,鹿沼市,スキップ つぼ リンパマッサージ スキップ祭事用,サービス,その他サービス,5%
栃木県,鹿沼市,鈴木どうぶつ病院,その他業種,ー,5%
栃木県,鹿沼市,スポーツショップ アルパ,小売業,衣料品,5%
栃木県,鹿沼市,すまいる電機 鹿沼店,小売業,電化製品,5%
栃木県,鹿沼市,タイヤガーデン イシヅカ,小売業,その他小売,5%
栃木県,鹿沼市,電ねっとシマ,小売業,電化製品,5%
栃木県,鹿沼市,栃木ロイヤル交通,サービス,運輸業,5%
栃木県,鹿沼市,富岡,小売業,ガソリンスタンド,2%
栃木県,鹿沼市,トヨタカローラ栃木鹿沼店,小売業,その他小売,5%
栃木県,鹿沼市,トヨタ部品栃木共販鹿沼営業所,小売業,その他小売,5%
栃木県,鹿沼市,日本料理 みしま,サービス,飲食業,5%
栃木県,鹿沼市,哈爾濱菜館,サービス,飲食業,5%
栃木県,鹿沼市,美容室かんかん,サービス,理容・美容業,5%
栃木県,鹿沼市,フィット,その他業種,ー,5%
栃木県,鹿沼市,マクドナルド鹿沼晃望台店,サービス,飲食業,2%
栃木県,鹿沼市,めがねのミノワ,小売業,その他小売,5%
栃木県,鹿沼市,メガネのヤナセ,小売業,その他小売,5%
栃木県,鹿沼市,茂呂ＳＳ,小売業,ガソリンスタンド,2%
栃木県,鹿沼市,やまのびようさろん,サービス,理容・美容業,5%
栃木県,上三川町,うどん花むすび,サービス,飲食業,5%
栃木県,上三川町,㈱あせっとびるだーず,サービス,その他サービス,5%
栃木県,上三川町,株式会社きくや酒店 きくや酒店 上三川店,小売業,食料品,5%
栃木県,上三川町,株式会社蛸屋 上蒲生店,小売業,食料品,5%
栃木県,上三川町,上三川ＳＳ,小売業,ガソリンスタンド,2%
栃木県,上三川町,セブン－イレブン上三川上蒲生店,小売業,食料品,2%
栃木県,上三川町,上三川北ＳＳ,小売業,ガソリンスタンド,2%
栃木県,上三川町,セブン－イレブン上三川多功店,小売業,食料品,2%
栃木県,上三川町,上三川中央ＳＳ,小売業,ガソリンスタンド,2%
栃木県,上三川町,セブン－イレブン上三川日産前店,小売業,食料品,2%
栃木県,上三川町,セブン－イレブン上三川本郷台団地前店,小売業,食料品,2%
栃木県,上三川町,セブン－イレブン上三川宮岡橋西店,小売業,食料品,2%
栃木県,上三川町,セブン－イレブン上三川役場前店,小売業,食料品,2%
栃木県,上三川町,セブン－イレブン上三川梁店,小売業,食料品,2%
栃木県,上三川町,小島無線電気商会,小売業,電化製品,5%
栃木県,上三川町,セブン－イレブン下野上三川店,小売業,食料品,2%
栃木県,上三川町,杉山電機商会,小売業,電化製品,5%
栃木県,上三川町,西川田ターミナル,小売業,ガソリンスタンド,2%
栃木県,上三川町,有限会社伊澤薬局,サービス,飲食業,5%
栃木県,上三川町,ルート４上三川,小売業,ガソリンスタンド,2%
栃木県,さくら市,アトリエソエタ,小売業,貴金属・服飾品,5%
栃木県,さくら市,出光喜連川ＳＳ,小売業,ガソリンスタンド,2%
栃木県,さくら市,氏家ＳＳ,小売業,ガソリンスタンド,2%
栃木県,さくら市,氏家,小売業,ガソリンスタンド,2%
栃木県,さくら市,氏家オート,小売業,その他小売,5%
栃木県,さくら市,氏家北ＳＳ,小売業,ガソリンスタンド,2%
栃木県,さくら市,氏家北ＳＳ,小売業,ガソリンスタンド,2%
栃木県,さくら市,セブン－イレブン氏家桜野店,小売業,食料品,2%
栃木県,さくら市,氏家西ＳＳ,小売業,ガソリンスタンド,2%
栃木県,さくら市,氏家東ＳＳ,小売業,ガソリンスタンド,2%
栃木県,さくら市,押上ＳＳ,小売業,ガソリンスタンド,2%
栃木県,さくら市,喜連川ＳＳ,小売業,ガソリンスタンド,2%
栃木県,さくら市,喜連川ＳＳ,小売業,ガソリンスタンド,2%
栃木県,さくら市,セブン－イレブン喜連川寿町店,小売業,食料品,2%
栃木県,さくら市,キララ マエバシ,小売業,その他小売,5%
栃木県,さくら市,郡司電器氏家店,小売業,電化製品,5%
栃木県,さくら市,セブン－イレブンさくら氏家店,小売業,食料品,2%
栃木県,さくら市,セブン－イレブンさくら卯の里４丁目店,小売業,食料品,2%
栃木県,さくら市,セブン－イレブンさくら喜連川店,小売業,食料品,2%
栃木県,さくら市,セブン－イレブンさくら草川店,小売業,食料品,2%
栃木県,さくら市,セブン－イレブンさくら馬場北店,小売業,食料品,2%
栃木県,さくら市,ＳＵＰＰＬＥリラクゼーションルーム,サービス,理容・美容業,5%
栃木県,さくら市,セブン－イレブン下野氏家勝山店,小売業,食料品,2%
栃木県,さくら市,シューズショップおちあい,小売業,衣料品,5%
栃木県,さくら市,シンテックス株式会社,サービス,その他サービス,5%
栃木県,さくら市,スペースレンタル ラピス スペースレンタルラピス,サービス,その他サービス,5%
栃木県,さくら市,スペースレンタル ラピス エレメンツトレード,小売業,その他小売,5%
栃木県,さくら市,滝澤酒店,その他業種,ー,5%
栃木県,さくら市,チェリ－ガ－デン氏家西ＳＳカード,小売業,ガソリンスタンド,2%
栃木県,さくら市,チェリーフィールド４０９ＳＳ,小売業,ガソリンスタンド,2%
栃木県,さくら市,パナトピア ケヅカ,小売業,電化製品,5%
栃木県,さくら市,ＨＡＹＡＫＩＫＡＺＥ ｃａｆｅ,サービス,飲食業,5%
栃木県,さくら市,マクドナルド４号線氏家店,サービス,飲食業,2%
栃木県,さくら市,ますや洋品店,小売業,衣料品,5%
栃木県,さくら市,松島温泉 乙女の湯,サービス,その他サービス,5%
栃木県,さくら市,有限会社櫻井呉服店,小売業,衣料品,5%
栃木県,さくら市,吉澤電機,小売業,電化製品,5%
栃木県,さくら市,株式会社よし茶屋,サービス,飲食業,5%
栃木県,さくら市,吉永自動車鈑金塗装,サービス,その他サービス,5%
栃木県,さくら市,鷲宿ＳＳ,小売業,ガソリンスタンド,2%
栃木県,佐野市,アオキデンキ,小売業,電化製品,5%
栃木県,佐野市,赤見ＳＳ,小売業,ガソリンスタンド,2%
栃木県,佐野市,Ａｇｕ ｈａｉｒ Ａｇｕ ｈａｉｒ ｅｌｌｅｎ佐野,サービス,理容・美容業,5%
栃木県,佐野市,味の花まる 佐野本店,小売業,食料品,5%
栃木県,佐野市,アライオート,サービス,その他サービス,5%
栃木県,佐野市,?ａｌｌｕｒｅ ｓａｌｔｏ アルーア サルト?,サービス,理容・美容業,5%
栃木県,佐野市,アレックスオート,サービス,その他サービス,5%
栃木県,佐野市,安藤電気,小売業,電化製品,5%
栃木県,佐野市,飯塚動物病院,その他業種,ー,5%
栃木県,佐野市,出光常盤ＳＳ,小売業,ガソリンスタンド,2%
栃木県,佐野市,ＷＩＮＫＥＲ,サービス,その他サービス,5%
栃木県,佐野市,ｅｉｇｈｔ,サービス,飲食業,5%
栃木県,佐野市,ｆｃａｆｅ,サービス,飲食業,5%
栃木県,佐野市,エンドウ輪店,小売業,その他小売,5%
栃木県,佐野市,オートパーク佐野,小売業,ガソリンスタンド,2%
栃木県,佐野市,おぎわら自動車商会（車検・整備）,サービス,その他サービス,5%
栃木県,佐野市,落合電気商工社,小売業,電化製品,5%
栃木県,佐野市,オリックスレンタカー佐野店,サービス,その他サービス,2%
栃木県,佐野市,海鮮どんさん亭 佐野店,サービス,飲食業,5%
栃木県,佐野市,柿沼モータース,サービス,その他サービス,5%
栃木県,佐野市,がってん寿司佐野店,サービス,飲食業,5%
栃木県,佐野市,かつはな亭佐野店,サービス,飲食業,5%
栃木県,佐野市,株式会社エクリュ・アート,小売業,その他小売,5%
栃木県,佐野市,カレーハウスＣＯＣＯ壱番屋佐野国道５０号店,サービス,飲食業,2%
栃木県,佐野市,絹屋,サービス,飲食業,5%
栃木県,佐野市,葛生ＳＳ,小売業,ガソリンスタンド,2%
栃木県,佐野市,葛生ＳＳ,小売業,ガソリンスタンド,2%
栃木県,佐野市,セブン－イレブン葛生中央西店,小売業,食料品,2%
栃木県,佐野市,車のお探し専門店 佐野店,サービス,その他サービス,5%
栃木県,佐野市,石沢時計店,小売業,その他小売,5%
栃木県,佐野市,小中ＳＳ,小売業,ガソリンスタンド,2%
栃木県,佐野市,酒井石材 石のさかい 本店,サービス,その他サービス,5%
栃木県,佐野市,サトーカメライオンタウン佐野店,小売業,その他小売,5%
栃木県,佐野市,Ｄｒ．Ｄｒｉｖｅ セルフ佐野ＳＳ,小売業,ガソリンスタンド,2%
栃木県,佐野市,セブン－イレブン佐野赤坂町店,小売業,食料品,2%
栃木県,佐野市,セブンーイレブン佐野出流原店,小売業,食料品,2%
栃木県,佐野市,セブン－イレブン佐野伊勢山店,小売業,食料品,2%
栃木県,佐野市,セブン－イレブン佐野駅前店,小売業,食料品,2%
栃木県,佐野市,セブン－イレブン佐野大橋町店,小売業,食料品,2%
栃木県,佐野市,セブン－イレブン佐野小見町店,小売業,食料品,2%
栃木県,佐野市,セブン－イレブン佐野工業団地店,小売業,食料品,2%
栃木県,佐野市,セブン－イレブン佐野５０号バイパス店,小売業,食料品,2%
栃木県,佐野市,セブン－イレブン佐野栄町店,小売業,食料品,2%
栃木県,佐野市,佐野市観光物産会館,小売業,その他小売,5%
栃木県,佐野市,セブン－イレブン佐野城北店,小売業,食料品,2%
栃木県,佐野市,セブン－イレブン佐野朱雀町店,小売業,食料品,2%
栃木県,佐野市,セブン－イレブン佐野田沼北店,小売業,食料品,2%
栃木県,佐野市,セブン－イレブン佐野栃本町店,小売業,食料品,2%
栃木県,佐野市,セブン－イレブン佐野富岡町店,小売業,食料品,2%
栃木県,佐野市,セブン－イレブン佐野並木町店,小売業,食料品,2%
栃木県,佐野市,セブン－イレブン佐野奈良渕店,小売業,食料品,2%
栃木県,佐野市,セブン－イレブン佐野日大校前店,小売業,食料品,2%
栃木県,佐野市,セブン－イレブン佐野本町店,小売業,食料品,2%
栃木県,佐野市,佐野 丸福,小売業,総合（非専門）,5%
栃木県,佐野市,セブン－イレブン佐野村上町店,小売業,食料品,2%
栃木県,佐野市,セブン－イレブン佐野厄よけ大師前店,小売業,食料品,2%
栃木県,佐野市,セブン－イレブン佐野米山南町店,小売業,食料品,2%
栃木県,佐野市,ｃｈｅｚ竹榮山,サービス,飲食業,5%
栃木県,佐野市,ジャックと豆の木,サービス,飲食業,5%
栃木県,佐野市,秋栄堂印刷株式会社,サービス,その他サービス,5%
栃木県,佐野市,ジョイナス モータースポーツ レイ,小売業,その他小売,5%
栃木県,佐野市,新合ＳＳ／岩下守司商店,小売業,ガソリンスタンド,2%
栃木県,佐野市,スクラムオート,サービス,その他サービス,5%
栃木県,佐野市,鈴木電気,小売業,電化製品,5%
栃木県,佐野市,すみれ化粧品,小売業,その他小売,5%
栃木県,佐野市,関沼無線電気商会,小売業,電化製品,5%
栃木県,佐野市,辰巳屋肉店 串焼き岩,小売業,食料品,5%
栃木県,佐野市,田沼町 ＳＳ,小売業,ガソリンスタンド,2%
栃木県,佐野市,セブンーイレブン田沼町田沼店,小売業,食料品,2%
栃木県,佐野市,セブン－イレブン田沼吉水駅前店,小売業,食料品,2%
栃木県,佐野市,築地ＳＳ,小売業,ガソリンスタンド,2%
栃木県,佐野市,つとめ寿司,サービス,飲食業,5%
栃木県,佐野市,手打そば かみやま,サービス,飲食業,5%
栃木県,佐野市,天使の森佐野オリヴィエ,サービス,その他サービス,5%
栃木県,佐野市,東京オート 佐野店,小売業,その他小売,5%
栃木県,佐野市,戸奈良ＳＳ,小売業,ガソリンスタンド,2%
栃木県,佐野市,トヨタカローラ栃木佐野店,小売業,その他小売,5%
栃木県,佐野市,トヨタレンタリース栃木佐野店,サービス,その他サービス,2%
栃木県,佐野市,トヨタレンタリース栃木 佐野店,その他業種,ー,2%
栃木県,佐野市,Ｄｒ．Ｄｒｉｖｅ セルフ奈良渕ＳＳ,小売業,ガソリンスタンド,2%
栃木県,佐野市,ニエダ,小売業,電化製品,5%
栃木県,佐野市,ニエダパナハート赤坂,小売業,電化製品,5%
栃木県,佐野市,ｎｉｃｏ ｂｙ Ｈｉ?ｓ,サービス,理容・美容業,5%
栃木県,佐野市,野沢電化,小売業,電化製品,5%
栃木県,佐野市,ｎｏｎｋｙ ｒａｇｓｈｏｐ,小売業,衣料品,5%
栃木県,佐野市,萩野電気,小売業,電化製品,5%
栃木県,佐野市,パナハートアイシー電気,小売業,電化製品,5%
栃木県,佐野市,ＰａｎａＬｉｆｅ ツカダ,小売業,電化製品,5%
栃木県,佐野市,浜めし 丼丸 佐野植上店,サービス,飲食業,5%
栃木県,佐野市,飛駒ＳＳ,小売業,ガソリンスタンド,2%
栃木県,佐野市,ＦｅｅｌＦＯＲＣＥ,小売業,衣料品,5%
栃木県,佐野市,藤倉電気,小売業,電化製品,5%
栃木県,佐野市,ふとんの大森 佐野駅前店,小売業,その他小売,5%
栃木県,佐野市,ふとんの大森 田沼店,小売業,その他小売,5%
栃木県,佐野市,ＰＲＩＭＯ佐野店,サービス,その他サービス,5%
栃木県,佐野市,ヘアーサロンサゲハシ,サービス,理容・美容業,5%
栃木県,佐野市,ヘアールームピアラ,サービス,理容・美容業,5%
栃木県,佐野市,ホテル三吉野別館,サービス,宿泊業,5%
栃木県,佐野市,マクドナルドイオンモール佐野新都市店,サービス,飲食業,2%
栃木県,佐野市,マクドナルド５０号佐野店,サービス,飲食業,2%
栃木県,佐野市,マクドナルド佐野浅沼店,サービス,飲食業,2%
栃木県,佐野市,町田商店,小売業,総合（非専門）,5%
栃木県,佐野市,メガネのイタガキイオンモール佐野新都市店,小売業,貴金属・服飾品,5%
栃木県,佐野市,桃川 和風れすとらん桃川,サービス,飲食業,5%
栃木県,佐野市,山口家電,小売業,電化製品,5%
栃木県,佐野市,有限会社はないち,サービス,その他サービス,5%
栃木県,佐野市,洋風食房ｓａｎｇａ,サービス,飲食業,5%
栃木県,佐野市,ＹＯＯ?ＨＯＯ 堀米店,サービス,理容・美容業,5%
栃木県,佐野市,ライオン堂 キ レ イ ライオン堂 キレイ,小売業,その他小売,5%
栃木県,佐野市,Ｌａ Ｖｉｅ,サービス,理容・美容業,5%
栃木県,佐野市,れすとらんＨＯＵＳＥ Ｋ Ａ,サービス,飲食業,5%
栃木県,塩谷町,出光玉生ＳＳ,小売業,ガソリンスタンド,2%
栃木県,塩谷町,大宮ＳＳ,小売業,ガソリンスタンド,2%
栃木県,塩谷町,セブン－イレブン塩谷大宮店,小売業,食料品,2%
栃木県,塩谷町,セブン－イレブン塩谷田所店,小売業,食料品,2%
栃木県,塩谷町,船生ＳＳ,小売業,ガソリンスタンド,2%
栃木県,塩谷町,メデイアインナオイ,小売業,電化製品,5%
栃木県,塩谷町,有限会社サカエ自動車商会,サービス,その他サービス,5%
栃木県,下野市,アクタスＳＳ,小売業,ガソリンスタンド,2%
栃木県,下野市,ａｓｈｉｔａ,サービス,理容・美容業,5%
栃木県,下野市,Ａｒｏｕｓｅ Ｈａｉｒ,サービス,理容・美容業,5%
栃木県,下野市,セブン－イレブン石橋上古山店,小売業,食料品,2%
栃木県,下野市,石橋北ＳＳ,小売業,ガソリンスタンド,2%
栃木県,下野市,セブン－イレブン石橋下古山店,小売業,食料品,2%
栃木県,下野市,セブン－イレブン石橋大光寺店,小売業,食料品,2%
栃木県,下野市,石橋野口ＳＳ,小売業,ガソリンスタンド,2%
栃木県,下野市,セブン－イレブン石橋花の木店,小売業,食料品,2%
栃木県,下野市,出光仁良川ＳＳ,小売業,ガソリンスタンド,2%
栃木県,下野市,潮田タクシー １,サービス,運輸業,5%
栃木県,下野市,小島自動車,小売業,その他小売,5%
栃木県,下野市,海鮮まんまてい,サービス,飲食業,5%
栃木県,下野市,株式会社蛸屋 石橋店,小売業,食料品,5%
栃木県,下野市,株式会社蛸屋 小金井店,小売業,食料品,5%
栃木県,下野市,株式会社蛸屋 自治医大店,小売業,食料品,5%
栃木県,下野市,小金井ＳＳ,小売業,ガソリンスタンド,2%
栃木県,下野市,国分寺ＳＳ,小売業,ガソリンスタンド,2%
栃木県,下野市,小熊生花店,小売業,その他小売,5%
栃木県,下野市,小熊生花店,小売業,その他小売,5%
栃木県,下野市,サニーハウス・アダチ南河内店,小売業,電化製品,5%
栃木県,下野市,サニーハウス・アダチ,小売業,電化製品,5%
栃木県,下野市,サワカンパニー,小売業,その他小売,5%
栃木県,下野市,セブン－イレブン下野祇園店,小売業,食料品,2%
栃木県,下野市,セブン－イレブン下野自治医大店,小売業,食料品,2%
栃木県,下野市,セブン－イレブン下野下古山東店,小売業,食料品,2%
栃木県,下野市,セブン－イレブン下野花見ヶ岡店,小売業,食料品,2%
栃木県,下野市,車検 須藤モータース,サービス,その他サービス,5%
栃木県,下野市,鈴木自動車整備工場,サービス,その他サービス,5%
栃木県,下野市,スポーツカムイ自治医大店,小売業,その他小売,5%
栃木県,下野市,てとらぽっつ通販,小売業,書籍・玩具・音楽ＣＤ,5%
栃木県,下野市,電ねっとコダイラ,小売業,電化製品,5%
栃木県,下野市,セブン－イレブン栃木小金井駅東店,小売業,食料品,2%
栃木県,下野市,直井呉服店,小売業,衣料品,5%
栃木県,下野市,ニエダデンキ,小売業,電化製品,5%
栃木県,下野市,西坪山ＳＳ,小売業,ガソリンスタンド,2%
栃木県,下野市,福祉美容サロン もあねくすと,サービス,理容・美容業,5%
栃木県,下野市,ヘアデザインフルード,サービス,理容・美容業,5%
栃木県,下野市,マクドナルド自治医大かましん店,サービス,飲食業,2%
栃木県,下野市,マクドナルド４号線小金井店,サービス,飲食業,2%
栃木県,下野市,Ｍａｇｉｃ ｋｉｔｃｈｅｎ お菓子の家 Ｍａｇｉｃ ｋｉｔｃｈｅｎ お菓子の家,サービス,飲食業,5%
栃木県,下野市,セブン－イレブン南河内緑店,小売業,食料品,2%
栃木県,下野市,セブン－イレブン南河内本吉田店,小売業,食料品,2%
栃木県,下野市,メガネストアー自治医大,小売業,その他小売,5%
栃木県,下野市,薬師寺ＳＳ,小売業,ガソリンスタンド,2%
栃木県,下野市,薬師寺,小売業,ガソリンスタンド,2%
栃木県,下野市,ゆり美容室,サービス,理容・美容業,5%
栃木県,下野市,有限会社ナカジマ,小売業,衣料品,5%
栃木県,下野市,ロイヤルテニスクラブ,サービス,その他サービス,5%
栃木県,下野市,ＷＩＬＤＦＲＯＷＥＲ,サービス,その他サービス,5%
栃木県,高根沢町,おしゃれの店 シミズヤ,小売業,衣料品,5%
栃木県,高根沢町,カイロプラクティックリボーンズ,サービス,理容・美容業,5%
栃木県,高根沢町,Ｇｕｆｏ Ｃｙｃｌｅ Ｗｏｒｋｓ,小売業,その他小売,5%
栃木県,高根沢町,セブン－イレブンケーヒン栃木開発センター店,小売業,食料品,2%
栃木県,高根沢町,スターポート光陽台ＳＳ,小売業,ガソリンスタンド,2%
栃木県,高根沢町,ＳＡＬＯＮＤＥＤＯＵＸｅｓｔ店,サービス,理容・美容業,5%
栃木県,高根沢町,高根沢金井,小売業,ガソリンスタンド,2%
栃木県,高根沢町,セブン－イレブン高根沢光陽台店,小売業,食料品,2%
栃木県,高根沢町,セブン－イレブン高根沢中央店,小売業,食料品,2%
栃木県,高根沢町,セブン－イレブン高根沢仁井田店,小売業,食料品,2%
栃木県,高根沢町,セブン－イレブン高根沢花岡店,小売業,食料品,2%
栃木県,高根沢町,電ねっとヒグチ,小売業,電化製品,5%
栃木県,高根沢町,パナトピア・カマクサ,小売業,電化製品,5%
栃木県,高根沢町,ファイテンプラスアルファ,サービス,その他サービス,5%
栃木県,高根沢町,フラワーヒルＳＳ 小野口砿油,小売業,ガソリンスタンド,2%
栃木県,高根沢町,ヘアーサロンカトウ,サービス,理容・美容業,5%
栃木県,高根沢町,マクドナルド宝積寺バイパス店,サービス,飲食業,2%
栃木県,栃木市,朝摘み野菜の洋食厨房 路遊亭,サービス,飲食業,5%
栃木県,栃木市,アストロプロダクツ 栃木インター店,小売業,その他小売,5%
栃木県,栃木市,天野屋電機商会,小売業,電化製品,5%
栃木県,栃木市,イシハラ １Ｆ,小売業,衣料品,5%
栃木県,栃木市,いちひこ帆布,小売業,衣料品,5%
栃木県,栃木市,壱刻屋 出前用,サービス,飲食業,5%
栃木県,栃木市,出光金崎ＳＳ,小売業,ガソリンスタンド,2%
栃木県,栃木市,出光栃木南ＳＳ,小売業,ガソリンスタンド,2%
栃木県,栃木市,伊藤電機,小売業,電化製品,5%
栃木県,栃木市,岩舟ＳＳ,小売業,ガソリンスタンド,2%
栃木県,栃木市,セブン－イレブン岩舟和泉店,小売業,食料品,2%
栃木県,栃木市,セブン－イレブン岩舟５０号バイパス店,小売業,食料品,2%
栃木県,栃木市,セブン－イレブン岩舟静和店,小売業,食料品,2%
栃木県,栃木市,セブン－イレブン岩舟曲ケ島店,小売業,食料品,2%
栃木県,栃木市,宇賀神理容室,サービス,理容・美容業,5%
栃木県,栃木市,巴波ＳＳ,小売業,ガソリンスタンド,2%
栃木県,栃木市,江田洋品店,小売業,衣料品,5%
栃木県,栃木市,ＥＬＡＮＤＡ,小売業,食料品,5%
栃木県,栃木市,セブン－イレブン大平川連バイパス店,小売業,食料品,2%
栃木県,栃木市,セブン－イレブン大平中央小前店,小売業,食料品,2%
栃木県,栃木市,セブン－イレブン大平西野田店,小売業,食料品,2%
栃木県,栃木市,セブン－イレブン大平西水代店,小売業,食料品,2%
栃木県,栃木市,セブン－イレブン大平ぶどう団地店,小売業,食料品,2%
栃木県,栃木市,おおわだ酒店,サービス,飲食業,5%
栃木県,栃木市,お食事処 さいとう食堂 お食事処さいとう,サービス,飲食業,5%
栃木県,栃木市,おりょうり魚栄,サービス,飲食業,5%
栃木県,栃木市,温活ｃａｆｅ ｃｏｃｏｌｏ,サービス,その他サービス,5%
栃木県,栃木市,カードックＳＳ,小売業,ガソリンスタンド,2%
栃木県,栃木市,海鮮どんさん亭 栃木店,サービス,飲食業,5%
栃木県,栃木市,合戦場ＳＳ／有限会社青木石油,小売業,ガソリンスタンド,2%
栃木県,栃木市,がってん寿司栃木店,サービス,飲食業,5%
栃木県,栃木市,かつはな亭栃木店,サービス,飲食業,5%
栃木県,栃木市,金崎ＳＳ,小売業,ガソリンスタンド,2%
栃木県,栃木市,かな半旅館,サービス,宿泊業,5%
栃木県,栃木市,株式会社 丸森,小売業,衣料品,5%
栃木県,栃木市,株式会社きくや酒店 きくや酒店 栃木店,小売業,食料品,5%
栃木県,栃木市,株式会社蛸屋 岩舟店,小売業,食料品,5%
栃木県,栃木市,株式会社蛸屋 新栃木店,小売業,食料品,5%
栃木県,栃木市,から揚げ かずちゃんち,サービス,飲食業,5%
栃木県,栃木市,木野地ＳＳ,小売業,ガソリンスタンド,2%
栃木県,栃木市,Ｃａｎ Ｉ Ｄｒｅｓｓｙ 栃木店,サービス,その他サービス,5%
栃木県,栃木市,牛角栃木店,サービス,飲食業,2%
栃木県,栃木市,食心房 ひょっとこ,サービス,飲食業,5%
栃木県,栃木市,グリーンプラザ栃木ＳＳ,小売業,ガソリンスタンド,2%
栃木県,栃木市,携帯ショップ テレウェーブ栃木店,小売業,その他小売,5%
栃木県,栃木市,コープ栃木店,小売業,食料品,5%
栃木県,栃木市,石澤商店 セルフ栃木東,小売業,ガソリンスタンド,2%
栃木県,栃木市,桜井洋品店,小売業,衣料品,5%
栃木県,栃木市,ザ・ちゃりんこや,小売業,その他小売,5%
栃木県,栃木市,ジェイジェイエミ,小売業,衣料品,5%
栃木県,栃木市,旬鮮めん処 不二屋,サービス,飲食業,5%
栃木県,栃木市,城内町ＳＳ 小野口石油株式会社,小売業,ガソリンスタンド,2%
栃木県,栃木市,尻内ＳＳ,小売業,ガソリンスタンド,2%
栃木県,栃木市,尻内,小売業,ガソリンスタンド,2%
栃木県,栃木市,すこやかママのいえ,サービス,理容・美容業,5%
栃木県,栃木市,スタジオＫ,サービス,その他サービス,5%
栃木県,栃木市,ぜにや洋品店,小売業,衣料品,5%
栃木県,栃木市,そば・和食・ちづか,サービス,飲食業,5%
栃木県,栃木市,高岩電気,小売業,電化製品,5%
栃木県,栃木市,髙橋電機,小売業,電化製品,5%
栃木県,栃木市,達磨や,サービス,飲食業,5%
栃木県,栃木市,中華遊楽酒房 こまどり樓,サービス,飲食業,5%
栃木県,栃木市,朝妻石油株式会社都賀ＳＳ,小売業,ガソリンスタンド,2%
栃木県,栃木市,セブン－イレブン都賀家中店,小売業,食料品,2%
栃木県,栃木市,セブン－イレブン都賀インター南店,小売業,食料品,2%
栃木県,栃木市,セブン－イレブン都賀大柿店,小売業,食料品,2%
栃木県,栃木市,セブン－イレブン都賀合戦場店,小売業,食料品,2%
栃木県,栃木市,電ねっとナガシマ,小売業,電化製品,5%
栃木県,栃木市,陶珈紗,小売業,総合（非専門）,5%
栃木県,栃木市,スターポート栃木ＳＳ,小売業,ガソリンスタンド,2%
栃木県,栃木市,セブン－イレブン栃木泉川町店,小売業,食料品,2%
栃木県,栃木市,セブン－イレブン栃木岩舟静店,小売業,食料品,2%
栃木県,栃木市,栃木インター,小売業,ガソリンスタンド,2%
栃木県,栃木市,セブン－イレブン栃木インター店,小売業,食料品,2%
栃木県,栃木市,栃木梅沢ＳＳ,小売業,ガソリンスタンド,2%
栃木県,栃木市,セブン－イレブン栃木運動公園前店,小売業,食料品,2%
栃木県,栃木市,セブン－イレブン栃木大塚町店,小売業,食料品,2%
栃木県,栃木市,セブン－イレブン栃木大平蔵井店,小売業,食料品,2%
栃木県,栃木市,セブン－イレブン栃木大平下高島店,小売業,食料品,2%
栃木県,栃木市,栃木大宮ＳＳ,小売業,ガソリンスタンド,2%
栃木県,栃木市,セブン－イレブン栃木大森町店,小売業,食料品,2%
栃木県,栃木市,セブン－イレブン栃木川原田町店,小売業,食料品,2%
栃木県,栃木市,セブン－イレブン栃木市泉町店,小売業,食料品,2%
栃木県,栃木市,セブン－イレブン栃木城内町２丁目店,小売業,食料品,2%
栃木県,栃木市,セブン－イレブン栃木惣社町店,小売業,食料品,2%
栃木県,栃木市,セブン－イレブン栃木都賀北店,小売業,食料品,2%
栃木県,栃木市,栃木バイパス,小売業,ガソリンスタンド,2%
栃木県,栃木市,セブン－イレブン栃木平井町店,小売業,食料品,2%
栃木県,栃木市,セブンーイレブン栃木本町店,小売業,食料品,2%
栃木県,栃木市,トヨタカローラ栃木栃木店,小売業,その他小売,5%
栃木県,栃木市,トヨタレンタリース栃木栃木駅前店,サービス,その他サービス,2%
栃木県,栃木市,トヨタレンタリース栃木 栃木駅前店,その他業種,ー,2%
栃木県,栃木市,東風,サービス,飲食業,5%
栃木県,栃木市,中沢製麺 麺の直売所,小売業,食料品,5%
栃木県,栃木市,長田美容室 長田美容室,サービス,理容・美容業,5%
栃木県,栃木市,Ｎａｔｕｒａｌ Ｐｈｏｔｏ Ｓｔｕｄｉｏ ＨＩＭＡＷＡＲＩ,サービス,その他サービス,5%
栃木県,栃木市,セブン－イレブン西方バイパス店,小売業,食料品,2%
栃木県,栃木市,ニュー栃木ＳＳ,小売業,ガソリンスタンド,2%
栃木県,栃木市,野澤電器,小売業,電化製品,5%
栃木県,栃木市,パナウイスタ薗部,小売業,電化製品,5%
栃木県,栃木市,パナトピア モリシタ,小売業,電化製品,5%
栃木県,栃木市,ｐａｌｑｕｅ,サービス,理容・美容業,5%
栃木県,栃木市,美容室フィービー,サービス,理容・美容業,5%
栃木県,栃木市,ヒラオカ,小売業,電化製品,5%
栃木県,栃木市,ｆａｂｕｌｏｕｓｂｅａｕｔｙ,サービス,理容・美容業,5%
栃木県,栃木市,ぷいぷいあろは,小売業,衣料品,5%
栃木県,栃木市,フクトミデンキ,小売業,電化製品,5%
栃木県,栃木市,藤岡新町,小売業,ガソリンスタンド,2%
栃木県,栃木市,藤岡西ＳＳ,小売業,ガソリンスタンド,2%
栃木県,栃木市,セブン－イレブン藤岡町大前店,小売業,食料品,2%
栃木県,栃木市,セブン－イレブン藤岡町都賀店,小売業,食料品,2%
栃木県,栃木市,セブン－イレブン藤岡町藤岡店,小売業,食料品,2%
栃木県,栃木市,藤倉電気大平店,小売業,電化製品,5%
栃木県,栃木市,富士書店 栃木店,小売業,総合（非専門）,5%
栃木県,栃木市,株式会社ふせや 素敵 生活館ＦＵＳＥＹＡ,小売業,衣料品,5%
栃木県,栃木市,ヘアーズウィル,サービス,理容・美容業,5%
栃木県,栃木市,ヘア・フォーラム,サービス,理容・美容業,5%
栃木県,栃木市,マクドナルド環状線栃木店,サービス,飲食業,2%
栃木県,栃木市,マクドナルド５０号岩舟店,サービス,飲食業,2%
栃木県,栃木市,マクドナルド栃木バイパス店,サービス,飲食業,2%
栃木県,栃木市,真名子,小売業,ガソリンスタンド,2%
栃木県,栃木市,三毳ＳＳ,小売業,ガソリンスタンド,2%
栃木県,栃木市,湊町エピスリー,小売業,食料品,5%
栃木県,栃木市,三桝屋本店,小売業,その他小売,5%
栃木県,栃木市,森川自動車,その他業種,ー,5%
栃木県,栃木市,森下電器商会 パナトピア モリシタ,小売業,電化製品,5%
栃木県,栃木市,モリタヤ商事,サービス,公共料金,5%
栃木県,栃木市,ヤオハンアイム店,小売業,食料品,5%
栃木県,栃木市,ヤオハン岩舟店,小売業,食料品,5%
栃木県,栃木市,ヤオハン大森店,小売業,食料品,5%
栃木県,栃木市,ヤオハン川原田店,小売業,食料品,5%
栃木県,栃木市,ヤオハン城内店,小売業,食料品,5%
栃木県,栃木市,ヤオハンＮＥＷ大平店,小売業,食料品,5%
栃木県,栃木市,ヤオハンＮＥＷ西店,小売業,食料品,5%
栃木県,栃木市,ヤオリン金崎店,小売業,総合（非専門）,5%
栃木県,栃木市,有限会社 日向野自動車,サービス,その他サービス,5%
栃木県,栃木市,有限会社 ヤマナカ,小売業,電化製品,5%
栃木県,栃木市,有限会社ゼンシン 中華遊楽酒房 こまどり樓,サービス,飲食業,5%
栃木県,栃木市,有限会社ダイセイ,小売業,電化製品,5%
栃木県,栃木市,有限会社福田商店,サービス,飲食業,5%
栃木県,栃木市,ユサワ自動車,サービス,その他サービス,5%
栃木県,栃木市,リアンドリール,サービス,理容・美容業,5%
栃木県,栃木市,梨昌苑 焼肉梨昌苑,サービス,飲食業,5%
栃木県,栃木市,ｌｉｌｙ美容室,サービス,理容・美容業,5%
栃木県,栃木市,Ｌｉｌｙ 美容室【リリー】,サービス,理容・美容業,5%
栃木県,栃木市,レストラン ランデヴー,サービス,飲食業,5%
栃木県,那珂川町,出光セルフ那珂川ＳＳ,小売業,ガソリンスタンド,2%
栃木県,那珂川町,薄井文具店,小売業,その他小売,5%
栃木県,那珂川町,セブン－イレブン小川町小川店,小売業,食料品,2%
栃木県,那珂川町,カットハウスいなざわ,サービス,理容・美容業,5%
栃木県,那珂川町,北向田ＳＳ,小売業,ガソリンスタンド,2%
栃木県,那珂川町,創生なかがわ株式会社,小売業,総合（非専門）,5%
栃木県,那珂川町,セブン－イレブン那珂川町小川店,小売業,食料品,2%
栃木県,那珂川町,南平台温泉ホテル,サービス,宿泊業,5%
栃木県,那珂川町,ニュー馬頭ＳＳ 有限会社橋本油店,小売業,ガソリンスタンド,2%
栃木県,那珂川町,馬頭町ＳＳ,小売業,ガソリンスタンド,2%
栃木県,那珂川町,美容室スタア,サービス,理容・美容業,5%
栃木県,那珂川町,丸井クリーニング,サービス,その他サービス,5%
栃木県,那珂川町,みづ乃,サービス,飲食業,5%
栃木県,那珂川町,わたや菓子店,小売業,食料品,5%
栃木県,那須烏山市,アーティスサロン ブリエ,サービス,理容・美容業,5%
栃木県,那須烏山市,吉兵衛窯,その他業種,ー,5%
栃木県,那須烏山市,トヨタカローラ栃木烏山店,小売業,その他小売,5%
栃木県,那須烏山市,セブン－イレブン那須烏山大金店,小売業,食料品,2%
栃木県,那須烏山市,セブン－イレブン那須烏山中央店,小売業,食料品,2%
栃木県,那須烏山市,セブン－イレブン那須烏山初音店,小売業,食料品,2%
栃木県,那須烏山市,ニュー月次ＳＳ,小売業,ガソリンスタンド,2%
栃木県,那須烏山市,パナトピア・ヨロズヤ,小売業,電化製品,5%
栃木県,那須烏山市,飛行犬撮影所,サービス,その他サービス,5%
栃木県,那須烏山市,ひらさわ菓子店,小売業,食料品,5%
栃木県,那須烏山市,ぷちショップオオイセや,小売業,その他小売,5%
栃木県,那須烏山市,ふるや電機,小売業,電化製品,5%
栃木県,那須塩原市,赤沢温泉株式会社,サービス,その他サービス,5%
栃木県,那須塩原市,有賀園ゴルフ那須店,小売業,その他小売,5%
栃木県,那須塩原市,アルタイルＳＳ,小売業,ガソリンスタンド,2%
栃木県,那須塩原市,板室温泉大黒屋,サービス,宿泊業,5%
栃木県,那須塩原市,伊東園ホテル塩原,サービス,宿泊業,5%
栃木県,那須塩原市,梅川荘,サービス,宿泊業,5%
栃木県,那須塩原市,エステティックサロンアナ（運営：リバティウォーク株式会社）,サービス,理容・美容業,5%
栃木県,那須塩原市,Ｄｒ．Ｄｒｉｖｅ セルフ大田原西ＳＳ,小売業,ガソリンスタンド,2%
栃木県,那須塩原市,大野写真センター,サービス,その他サービス,5%
栃木県,那須塩原市,オリックスレンタカー那須塩原駅前店,サービス,その他サービス,2%
栃木県,那須塩原市,ＯＮＳＥＮＲＹＯＫＡＮ山喜,サービス,宿泊業,5%
栃木県,那須塩原市,カクヤス商販株式会社,小売業,その他小売,5%
栃木県,那須塩原市,カーコンビニ倶楽部ダイリン,サービス,その他サービス,5%
栃木県,那須塩原市,柏屋旅館,サービス,宿泊業,5%
栃木県,那須塩原市,ガストホフ夢木香,サービス,宿泊業,5%
栃木県,那須塩原市,ガストホフ夢木香,サービス,宿泊業,5%
栃木県,那須塩原市,株式会社 佐川商店 鋼材倉庫,小売業,その他小売,5%
栃木県,那須塩原市,株 ニットー 株 ニットー,サービス,その他サービス,5%
栃木県,那須塩原市,久郷自動車整備工場,サービス,その他サービス,5%
栃木県,那須塩原市,ｇｌｅａｍ＆ＬｉｆｅＳｔｏｒｅ,小売業,その他小売,5%
栃木県,那須塩原市,黒磯,小売業,ガソリンスタンド,2%
栃木県,那須塩原市,セブン－イレブン黒磯下厚崎店,小売業,食料品,2%
栃木県,那須塩原市,黒磯稲村ＳＳ,小売業,ガソリンスタンド,2%
栃木県,那須塩原市,セブン－イレブン黒磯稲村店,小売業,食料品,2%
栃木県,那須塩原市,黒磯ＳＳ,小売業,ガソリンスタンド,2%
栃木県,那須塩原市,セブン－イレブン黒磯埼玉店,小売業,食料品,2%
栃木県,那須塩原市,セブン－イレブン黒磯中央店,小売業,食料品,2%
栃木県,那須塩原市,セブン－イレブン黒磯豊浦店,小売業,食料品,2%
栃木県,那須塩原市,黒磯西ＳＳ,小売業,ガソリンスタンド,2%
栃木県,那須塩原市,くろ麦,サービス,飲食業,5%
栃木県,那須塩原市,郡司電器西那須野店,小売業,電化製品,5%
栃木県,那須塩原市,源泉ほたるのゆ,サービス,宿泊業,5%
栃木県,那須塩原市,ＣｏＣｏＲｕＲｕ,サービス,その他サービス,5%
栃木県,那須塩原市,コムロ茶包 小室商店,小売業,総合（非専門）,5%
栃木県,那須塩原市,佐川商店,小売業,家具・調度品,5%
栃木県,那須塩原市,茶房 創作料理 ぽわーる 茶房 創作料理 ぽわーる,サービス,飲食業,5%
栃木県,那須塩原市,塩原ＳＳ,小売業,ガソリンスタンド,2%
栃木県,那須塩原市,塩原ＳＳ,小売業,ガソリンスタンド,2%
栃木県,那須塩原市,セブン－イレブン塩原インター西店,小売業,食料品,2%
栃木県,那須塩原市,塩原温泉 常盤ホテル,サービス,宿泊業,5%
栃木県,那須塩原市,セブン－イレブン塩原接骨木店,小売業,食料品,2%
栃木県,那須塩原市,シンエネ黒磯南ＳＳ,小売業,ガソリンスタンド,2%
栃木県,那須塩原市,スタジオ かれん 乃木店,小売業,衣料品,5%
栃木県,那須塩原市,すたみな太郎 那須塩原店,サービス,飲食業,5%
栃木県,那須塩原市,すみよし電器,小売業,電化製品,5%
栃木県,那須塩原市,スワストア西那須野南店,小売業,食料品,5%
栃木県,那須塩原市,関谷ターミナル,小売業,ガソリンスタンド,2%
栃木県,那須塩原市,関谷東ＳＳ,小売業,ガソリンスタンド,2%
栃木県,那須塩原市,創作ダイニングＡＺＵＲ,サービス,飲食業,5%
栃木県,那須塩原市,たくみ,サービス,飲食業,5%
栃木県,那須塩原市,たしろ,小売業,総合（非専門）,5%
栃木県,那須塩原市,ダスキン那須塩原支店,サービス,その他サービス,2%
栃木県,那須塩原市,ダスキン西那須野支店,サービス,その他サービス,2%
栃木県,那須塩原市,チーズ工房 那須の森,小売業,食料品,5%
栃木県,那須塩原市,Ｃｈｅｓｔｅｒ,サービス,理容・美容業,5%
栃木県,那須塩原市,チーズガーデン塩原店,小売業,その他小売,5%
栃木県,那須塩原市,チャイニーズ厨房 虎秀,サービス,飲食業,5%
栃木県,那須塩原市,トヨタカローラ栃木黒磯店,小売業,その他小売,5%
栃木県,那須塩原市,トヨタカローラ栃木西那須野店,小売業,その他小売,5%
栃木県,那須塩原市,トヨタカローラ栃木Ｕ－Ｃａｒ西那須野店,小売業,その他小売,5%
栃木県,那須塩原市,トヨタ部品栃木共販西那須野営業所,小売業,その他小売,5%
栃木県,那須塩原市,トヨタレンタリース栃木黒磯駅前店,サービス,その他サービス,2%
栃木県,那須塩原市,トヨタレンタリース栃木那須塩原駅前店,サービス,その他サービス,2%
栃木県,那須塩原市,トヨタレンタリース栃木西那須野駅前店,サービス,その他サービス,2%
栃木県,那須塩原市,トヨタレンタリース栃木 黒磯駅前店,その他業種,ー,2%
栃木県,那須塩原市,トヨタレンタリース栃木 西那須野,その他業種,ー,2%
栃木県,那須塩原市,那須赤田ＳＳ 竹内油店,小売業,ガソリンスタンド,2%
栃木県,那須塩原市,セブン－イレブン那須高原口店,小売業,食料品,2%
栃木県,那須塩原市,那須高原レンタカー,サービス,その他サービス,5%
栃木県,那須塩原市,那須塩原ステーションホテル,サービス,宿泊業,5%
栃木県,那須塩原市,セブン－イレブン那須塩原駅西口店,小売業,食料品,2%
栃木県,那須塩原市,セブン－イレブン那須塩原唐杉店,小売業,食料品,2%
栃木県,那須塩原市,セブン－イレブン那須塩原島方店,小売業,食料品,2%
栃木県,那須塩原市,セブン－イレブン那須塩原新南店,小売業,食料品,2%
栃木県,那須塩原市,那須塩原ステーションホテル,サービス,宿泊業,5%
栃木県,那須塩原市,セブン－イレブン那須塩原太夫塚店,小売業,食料品,2%
栃木県,那須塩原市,セブン－イレブン那須塩原東小屋店,小売業,食料品,2%
栃木県,那須塩原市,セブン－イレブン那須塩原東三島店,小売業,食料品,2%
栃木県,那須塩原市,セブン－イレブン那須塩原南町店,小売業,食料品,2%
栃木県,那須塩原市,セブン－イレブン那須関谷店,小売業,食料品,2%
栃木県,那須塩原市,那須パレスホテル,サービス,宿泊業,5%
栃木県,那須塩原市,西豊浦ＳＳ 有限会社豊浦石油,小売業,ガソリンスタンド,2%
栃木県,那須塩原市,西那須野バイパスＳＳ 有限会社吉田屋商店,小売業,ガソリンスタンド,2%
栃木県,那須塩原市,西那須野ＳＳ 有限会社吉田屋商店,小売業,ガソリンスタンド,2%
栃木県,那須塩原市,西那須野,小売業,ガソリンスタンド,2%
栃木県,那須塩原市,西那須野ＩＣＳＳ 有限会社吉田屋商店,小売業,ガソリンスタンド,2%
栃木県,那須塩原市,セブン－イレブン西那須野西小前店,小売業,食料品,2%
栃木県,那須塩原市,セブン－イレブン西那須野三島中前店,小売業,食料品,2%
栃木県,那須塩原市,セブン－イレブン西那須野緑店,小売業,食料品,2%
栃木県,那須塩原市,セブン－イレブン西那須野南赤田店,小売業,食料品,2%
栃木県,那須塩原市,セブン－イレブン西那須野南郷屋店,小売業,食料品,2%
栃木県,那須塩原市,セブン－イレブン西那須野南店,小売業,食料品,2%
栃木県,那須塩原市,日光さる軍団＠那須シアター,サービス,その他サービス,5%
栃木県,那須塩原市,日藤自動車工業,サービス,その他サービス,5%
栃木県,那須塩原市,バイクヤ スズキモータース,小売業,その他小売,5%
栃木県,那須塩原市,白鳥舎クリーニング,サービス,その他サービス,5%
栃木県,那須塩原市,博文堂書店那須塩原店,小売業,書籍・玩具・音楽ＣＤ,5%
栃木県,那須塩原市,波立ＳＳ,小売業,ガソリンスタンド,2%
栃木県,那須塩原市,ｐａｔｉｓｓｅｒｉｅｍｉｎｏｒｕ,小売業,食料品,5%
栃木県,那須塩原市,ＢＥＥＲＶＯＬＴＡ,その他業種,ー,5%
栃木県,那須塩原市,人見ラジオ店,小売業,電化製品,5%
栃木県,那須塩原市,美肌の湯と寛ぎの宿 光雲荘,サービス,宿泊業,5%
栃木県,那須塩原市,美容室ＷＯＯＤＹ,サービス,理容・美容業,5%
栃木県,那須塩原市,ファッションアンドブック わかまつ,小売業,書籍・玩具・音楽ＣＤ,5%
栃木県,那須塩原市,ふうふう亭,サービス,飲食業,5%
栃木県,那須塩原市,ＶＷ西那須野,小売業,その他小売,5%
栃木県,那須塩原市,ユーフィール,サービス,宿泊業,5%
栃木県,那須塩原市,美顔プライベートサロンＦＬＯＷ,サービス,理容・美容業,5%
栃木県,那須塩原市,ｈａｉｒ ｓｈｏｐ ＢＯＳＥ,サービス,理容・美容業,5%
栃木県,那須塩原市,マクドナルド黒磯ＭＥＧＡドン・キホーテ店,サービス,飲食業,2%
栃木県,那須塩原市,マクドナルド西那須野店,サービス,飲食業,2%
栃木県,那須塩原市,ますだや,サービス,宿泊業,5%
栃木県,那須塩原市,マルコ,小売業,食料品,5%
栃木県,那須塩原市,マンネンヤ おもちゃのマンネンヤ,小売業,その他小売,5%
栃木県,那須塩原市,ミュージックプラザ ミモリ,小売業,その他小売,5%
栃木県,那須塩原市,ＭｏｏｎＳｉｌｋ,小売業,衣料品,5%
栃木県,那須塩原市,八木沢自動車販売,サービス,その他サービス,5%
栃木県,那須塩原市,有 共同ガス,小売業,その他小売,5%
栃木県,那須塩原市,有 田崎自動車 有 田崎自動車,サービス,その他サービス,5%
栃木県,那須塩原市,有限会社遠藤動物病院,サービス,その他サービス,5%
栃木県,那須塩原市,有限会社皆幸乃湯,サービス,宿泊業,5%
栃木県,那須塩原市,有限会社笹沼自動車販売,小売業,その他小売,5%
栃木県,那須塩原市,有限会社 ナスアイ,小売業,書籍・玩具・音楽ＣＤ,5%
栃木県,那須塩原市,横山リビング 本店,小売業,その他小売,5%
栃木県,那須塩原市,吉田テレビ,小売業,電化製品,5%
栃木県,那須塩原市,吉野屋,小売業,衣料品,5%
栃木県,那須塩原市,ＬＵＮＥＴＴＥＳ,小売業,衣料品,5%
栃木県,那須塩原市,リンパエステＬｉｎｄａ,サービス,理容・美容業,5%
栃木県,那須塩原市,ＲＯＯＭＳ,小売業,家具・調度品,5%
栃木県,那須塩原市,レストラン シルクロード,サービス,飲食業,5%
栃木県,那須塩原市,Ｒｅｓｔａｕｒａｎｔ Ｔｉｔｔｉ,サービス,飲食業,5%
栃木県,那須塩原市,ＲＯＳＥＴＴＹ,サービス,理容・美容業,5%
栃木県,那須塩原市,Ｙ’ｓ Ｍｕｆｆｉｎ,サービス,飲食業,5%
栃木県,那須塩原市,わきのや,サービス,飲食業,5%
栃木県,那須塩原市,和牛炭火焼肉 牛兵衛,サービス,飲食業,5%
栃木県,那須塩原市,和厨房 遊膳,サービス,飲食業,5%
栃木県,那須町,ＨＡＢＩＬＥ,サービス,その他サービス,5%
栃木県,那須町,アロマティック ガーデンヴィラ ラ ポルトローナ,サービス,宿泊業,5%
栃木県,那須町,アロマティック ガーデンヴィラ ラ・ポルトローナ,サービス,宿泊業,5%
栃木県,那須町,アロマティック ガ－デンヴィラ ラ・ポルトロ－ナ,サービス,宿泊業,5%
栃木県,那須町,伊王野バイパス,小売業,ガソリンスタンド,2%
栃木県,那須町,イシカワ,その他業種,ー,5%
栃木県,那須町,ヴィラージュ那須高原,サービス,宿泊業,5%
栃木県,那須町,貸別荘 森の灯び,サービス,宿泊業,5%
栃木県,那須町,ガストホフ葉香草（ペパーミント）,サービス,宿泊業,5%
栃木県,那須町,花奈里,サービス,宿泊業,5%
栃木県,那須町,カニンヒェン,小売業,食料品,5%
栃木県,那須町,ｋａｒａｋａｒａｋｏｂｏ,サービス,飲食業,5%
栃木県,那須町,キャンドルハウスシュシュ,小売業,その他小売,5%
栃木県,那須町,キャンプ アンド キャビンズ那須高原,サービス,宿泊業,5%
栃木県,那須町,國弘やしき,サービス,宿泊業,5%
栃木県,那須町,蔵楽,小売業,食料品,5%
栃木県,那須町,蔵楽,小売業,食料品,5%
栃木県,那須町,黒田原ＳＳ,小売業,ガソリンスタンド,2%
栃木県,那須町,昔日（オールドデイズ）,サービス,宿泊業,5%
栃木県,那須町,そば・ごはん天水,サービス,飲食業,5%
栃木県,那須町,そらまめペンション,サービス,宿泊業,5%
栃木県,那須町,ダイユー那須高原店,小売業,食料品,5%
栃木県,那須町,ｔａｋｅｓｈｉ ｆａｒｍ,小売業,食料品,5%
栃木県,那須町,有限会社田丸家,サービス,飲食業,5%
栃木県,那須町,眺望ペンション アパッチ,サービス,宿泊業,5%
栃木県,那須町,鉄板焼の宿 菊,サービス,宿泊業,5%
栃木県,那須町,ｄｏｇ ｓ ｐｅｎｓｉｏｎ しゃのんち,サービス,宿泊業,5%
栃木県,那須町,Ｄｏｍ’ｕｐ Ｃ．Ｖ,サービス,その他サービス,5%
栃木県,那須町,セブン－イレブン那須伊王野店,小売業,食料品,2%
栃木県,那須町,セブン－イレブン那須池田店,小売業,食料品,2%
栃木県,那須町,セブン－イレブン那須一軒茶屋店,小売業,食料品,2%
栃木県,那須町,那須インターＳＳ,小売業,ガソリンスタンド,2%
栃木県,那須町,セブン－イレブン那須インター店,小売業,食料品,2%
栃木県,那須町,那須大谷ＳＳ,小売業,ガソリンスタンド,2%
栃木県,那須町,那須温泉山楽,サービス,宿泊業,5%
栃木県,那須町,那須クイーンズマウンテン,サービス,理容・美容業,5%
栃木県,那須町,セブン－イレブン那須黒田原店,小売業,食料品,2%
栃木県,那須町,那須高原こたろうファーム,小売業,総合（非専門）,5%
栃木県,那須町,那須高原ザ・チーズガーデン五峰館,小売業,その他小売,5%
栃木県,那須町,那須高原ＨＥＲＢ’ｓ,小売業,食料品,5%
栃木県,那須町,那須御用邸前ＳＳ,小売業,ガソリンスタンド,2%
栃木県,那須町,セブン－イレブン那須田代店,小売業,食料品,2%
栃木県,那須町,ｂｅｅ＋ｂｅｅ,小売業,衣料品,5%
栃木県,那須町,伏楽の館,サービス,その他サービス,5%
栃木県,那須町,プチホテル フェリーチェ,サービス,宿泊業,5%
栃木県,那須町,プチホテル晩餐館,サービス,宿泊業,5%
栃木県,那須町,ブライトエンジェル,サービス,宿泊業,5%
栃木県,那須町,フランクリンズカフェ,サービス,飲食業,5%
栃木県,那須町,ブリティッシュハウス輪舞曲,サービス,宿泊業,5%
栃木県,那須町,Ｂｒｉｌｌａｎｔｅ,小売業,衣料品,5%
栃木県,那須町,ＰＥＮＳＩＯＮ キャプテン倶楽部,サービス,宿泊業,5%
栃木県,那須町,ペンション ストリーム,サービス,宿泊業,5%
栃木県,那須町,ペンション ペーパームーン,サービス,宿泊業,5%
栃木県,那須町,ぺんしょんあぜりあ,サービス,宿泊業,5%
栃木県,那須町,ペンション映山湖,サービス,宿泊業,5%
栃木県,那須町,ペンション散歩道,サービス,宿泊業,5%
栃木県,那須町,ペンションシャンテ,サービス,宿泊業,5%
栃木県,那須町,ペンションシャンテ,サービス,宿泊業,5%
栃木県,那須町,ペンショントント,サービス,宿泊業,5%
栃木県,那須町,ペンションハロハロｉｎｎ那須,サービス,その他サービス,5%
栃木県,那須町,ペンションローレル,サービス,その他サービス,5%
栃木県,那須町,松川屋那須高原ホテル,サービス,宿泊業,5%
栃木県,那須町,真奈邸 那須,サービス,宿泊業,5%
栃木県,那須町,森のコテージくるみの木,サービス,宿泊業,5%
栃木県,那須町,遊クラフト,小売業,家具・調度品,5%
栃木県,那須町,有限会社那須モータース,サービス,その他サービス,5%
栃木県,那須町,湯守の宿 会津屋,サービス,宿泊業,5%
栃木県,那須町,リゾートイン エルミタージュ,サービス,宿泊業,5%
栃木県,那須町,Ｒｅｓｔａｕｒａｎｔ ｃｕ－ｅｒｉ,サービス,飲食業,5%
栃木県,那須町,Ｒｅｓｔａｕｒａｎｔｃｕ－ｅｒｉ,サービス,飲食業,5%
栃木県,那須町,ロッシ,サービス,飲食業,5%
栃木県,那須町,プチホテル フェリーチェ,サービス,宿泊業,5%
栃木県,日光市,あさやレストハウス,小売業,その他小売,5%
栃木県,日光市,足尾ＳＳ 有限会社斉藤商店,小売業,ガソリンスタンド,2%
栃木県,日光市,アパレルミシン,小売業,衣料品,5%
栃木県,日光市,アマリリス,サービス,飲食業,5%
栃木県,日光市,出光今市西ＳＳ,小売業,ガソリンスタンド,2%
栃木県,日光市,今市ＳＳ,小売業,ガソリンスタンド,2%
栃木県,日光市,今市インターＳＳ,小売業,ガソリンスタンド,2%
栃木県,日光市,セブン－イレブン今市木和田島店,小売業,食料品,2%
栃木県,日光市,今市中央ＳＳ,小売業,ガソリンスタンド,2%
栃木県,日光市,セブンーイレブン今市中央店,小売業,食料品,2%
栃木県,日光市,セブン－イレブン今市豊田店,小売業,食料品,2%
栃木県,日光市,今市バイパスＳＳ,小売業,ガソリンスタンド,2%
栃木県,日光市,セブン－イレブン今市本町店,小売業,食料品,2%
栃木県,日光市,大桑バイパスＳＳ 株式会社ウルシバラエネルギー,小売業,ガソリンスタンド,2%
栃木県,日光市,大沢ＳＳ,小売業,ガソリンスタンド,2%
栃木県,日光市,大西電器,小売業,電化製品,5%
栃木県,日光市,大室,小売業,ガソリンスタンド,2%
栃木県,日光市,奥日光ＳＳ,小売業,ガソリンスタンド,2%
栃木県,日光市,奥日光ゆの森,サービス,宿泊業,5%
栃木県,日光市,奥の院ほてるとく川,サービス,宿泊業,5%
栃木県,日光市,小来川ＳＳ,小売業,ガソリンスタンド,2%
栃木県,日光市,お食事処なんたい,サービス,飲食業,5%
栃木県,日光市,御宿ひやま,サービス,宿泊業,5%
栃木県,日光市,株式会社タカセキカク,小売業,その他小売,5%
栃木県,日光市,かまや－カフェ・デュ・レヴァベール－,サービス,飲食業,5%
栃木県,日光市,上屋敷 平の高房,サービス,宿泊業,5%
栃木県,日光市,カレーハウスＣｏＣｏ壱番屋今市センショープラザ店,サービス,飲食業,2%
栃木県,日光市,川治ＳＳ,小売業,ガソリンスタンド,2%
栃木県,日光市,鬼怒川ＳＳ,小売業,ガソリンスタンド,2%
栃木県,日光市,里の宿千春,サービス,宿泊業,5%
栃木県,日光市,鬼怒川温泉絶景の宿佳祥坊福松,サービス,宿泊業,5%
栃木県,日光市,鬼怒川温泉ロープウェイ 鬼怒川温泉ロープウェイ,サービス,その他サービス,5%
栃木県,日光市,きぬ川国際ホテル,サービス,宿泊業,5%
栃木県,日光市,セブン－イレブン鬼怒川立岩店,小売業,食料品,2%
栃木県,日光市,鬼怒川バイパス,小売業,ガソリンスタンド,2%
栃木県,日光市,セブン－イレブン鬼怒川バイパス店,小売業,食料品,2%
栃木県,日光市,きぬ川不動瀧,サービス,宿泊業,5%
栃木県,日光市,鬼怒川プラザホテル,サービス,宿泊業,5%
栃木県,日光市,鬼怒川ロイヤルホテル,サービス,宿泊業,5%
栃木県,日光市,君島電器商会,小売業,電化製品,5%
栃木県,日光市,栗山ＳＳ,小売業,ガソリンスタンド,2%
栃木県,日光市,クワバラ自動車,サービス,その他サービス,5%
栃木県,日光市,小代,小売業,ガソリンスタンド,2%
栃木県,日光市,米吉 晃寿司,サービス,飲食業,5%
栃木県,日光市,三栄無線商会,小売業,電化製品,5%
栃木県,日光市,サンユー大沢店,小売業,食料品,5%
栃木県,日光市,紫雲荘,サービス,宿泊業,5%
栃木県,日光市,篠原電機店,小売業,電化製品,5%
栃木県,日光市,ショッピング川村,小売業,総合（非専門）,5%
栃木県,日光市,鈴木呉服店,小売業,衣料品,5%
栃木県,日光市,鈴家,サービス,飲食業,5%
栃木県,日光市,ステーキハウス牛えもん,サービス,飲食業,5%
栃木県,日光市,瀬尾ＳＳ,小売業,ガソリンスタンド,2%
栃木県,日光市,大日光商事,小売業,その他小売,5%
栃木県,日光市,田中デンキ,小売業,電化製品,5%
栃木県,日光市,旅の宿丸京,サービス,宿泊業,5%
栃木県,日光市,中禅寺ストアー みむらや,小売業,総合（非専門）,5%
栃木県,日光市,中禅寺ペンション,サービス,公共料金,5%
栃木県,日光市,登喜和旅館,サービス,宿泊業,2%
栃木県,日光市,栃木菱和自動車販売,サービス,その他サービス,5%
栃木県,日光市,豊田今市ＳＳ,小売業,ガソリンスタンド,2%
栃木県,日光市,トヨタカローラ栃木 日光今市店,小売業,その他小売,5%
栃木県,日光市,トヨタレンタリース栃木 下今市駅前店,サービス,その他サービス,2%
栃木県,日光市,トヨタレンタリース栃木日光駅前店,サービス,その他サービス,2%
栃木県,日光市,トヨタレンタリース栃木 下今市駅前店,その他業種,ー,2%
栃木県,日光市,トヨタレンタリース栃木 日光駅前店,その他業種,ー,2%
栃木県,日光市,ＮａｒｕｓａｗａＬｏｄｇｅ,サービス,その他サービス,5%
栃木県,日光市,にこにこカイロプラクティック院,サービス,その他サービス,5%
栃木県,日光市,セブン－イレブン日光板橋店,小売業,食料品,2%
栃木県,日光市,セブン－イレブン日光猪倉店,小売業,食料品,2%
栃木県,日光市,日光インターＳＳ,小売業,ガソリンスタンド,2%
栃木県,日光市,日光インターＳＳ 株式会社ウルシバラエネルギー,小売業,ガソリンスタンド,2%
栃木県,日光市,セブン－イレブン日光インター店,小売業,食料品,2%
栃木県,日光市,日光駅前ＳＳ 株式会社ウルシバラエネルギー,小売業,ガソリンスタンド,2%
栃木県,日光市,日光ＳＳ,小売業,ガソリンスタンド,2%
栃木県,日光市,セブン－イレブン日光大沢町店,小売業,食料品,2%
栃木県,日光市,ＮｉｋｋｏＧｕｅｓｔｈｏｕｓｅＳｕｍｉｃａ,サービス,その他サービス,5%
栃木県,日光市,セブン－イレブン日光七里店,小売業,食料品,2%
栃木県,日光市,ＮｉｋｋｏＪｕｍｂｏ,サービス,その他サービス,5%
栃木県,日光市,セブン－イレブン日光瀬尾店,小売業,食料品,2%
栃木県,日光市,日光つけもの村水車屋,小売業,その他小売,5%
栃木県,日光市,セブン－イレブン日光土沢店,小売業,食料品,2%
栃木県,日光市,日光星の宿,サービス,宿泊業,5%
栃木県,日光市,セブン－イレブン日光森友バイパス店,小売業,食料品,2%
栃木県,日光市,日光ろばたづけ 文挾宿本店,小売業,食料品,5%
栃木県,日光市,ニュー今市ＳＳ,小売業,ガソリンスタンド,2%
栃木県,日光市,農家の店ヤマシチ,小売業,その他小売,5%
栃木県,日光市,登屋本店,小売業,食料品,5%
栃木県,日光市,ｈｅａｒｔｉｓｔ,サービス,理容・美容業,5%
栃木県,日光市,ハートフル大沢ＳＳ,小売業,ガソリンスタンド,2%
栃木県,日光市,パナトピア カミヤマ,小売業,電化製品,5%
栃木県,日光市,早見商店,小売業,その他小売,5%
栃木県,日光市,半田自動車販売,サービス,その他サービス,5%
栃木県,日光市,福栄自動車,サービス,その他サービス,5%
栃木県,日光市,プティ・ホテル セ・ボン,サービス,宿泊業,5%
栃木県,日光市,プライベートサロンマハナ,サービス,その他サービス,5%
栃木県,日光市,ＨＡＩＲＳＡＬＯＮＤＥＳＩＲＥ,サービス,理容・美容業,5%
栃木県,日光市,別邸向日葵,サービス,宿泊業,5%
栃木県,日光市,ペンション インザミスト,サービス,宿泊業,5%
栃木県,日光市,ペンション レークス日光,サービス,宿泊業,5%
栃木県,日光市,ホテル花庵,サービス,宿泊業,5%
栃木県,日光市,ホテルファミテック日光駅前,サービス,宿泊業,5%
栃木県,日光市,ほのかな宿樹林,サービス,宿泊業,5%
栃木県,日光市,マァマー・ビールスタンド,サービス,飲食業,5%
栃木県,日光市,マクドナルドイオン今市店,サービス,飲食業,2%
栃木県,日光市,マクドナルド今市バイパス店,サービス,飲食業,2%
栃木県,日光市,マコト自動車整備工場,サービス,その他サービス,5%
栃木県,日光市,まるみの湯 そばの宿 まるみの湯,サービス,宿泊業,5%
栃木県,日光市,水車物産店,小売業,その他小売,5%
栃木県,日光市,名水の郷日光おかき工房,小売業,食料品,5%
栃木県,日光市,大和屋 今市店,小売業,その他小売,5%
栃木県,日光市,らーめん梵天今市店,サービス,飲食業,5%
栃木県,日光市,リオン・ドール鬼怒川店,小売業,食料品,5%
栃木県,日光市,リオン・ドール日光店,小売業,食料品,5%
栃木県,日光市,レークセンターひたちや,小売業,その他小売,5%
栃木県,日光市,レストセンター福助,小売業,その他小売,5%
栃木県,日光市,ログコテージリトルベアーズ,サービス,宿泊業,5%
栃木県,日光市,若竹の庄,サービス,宿泊業,5%
栃木県,日光市,渡邊佐平商店,小売業,食料品,5%
栃木県,日光市,ＯＮＥ ＭＯＲＥ ＴＩＭＥ,サービス,宿泊業,5%
栃木県,野木町,岡部電器,小売業,電化製品,5%
栃木県,野木町,こじま寝装,小売業,家具・調度品,5%
栃木県,野木町,こじま寝装,小売業,衣料品,5%
栃木県,野木町,セブン－イレブン下野野木西口店,小売業,食料品,2%
栃木県,野木町,セブン－イレブン野木運動公園通り店,小売業,食料品,2%
栃木県,野木町,野木中央通りＳＳ,小売業,ガソリンスタンド,2%
栃木県,野木町,のぎ動物病院,サービス,その他サービス,5%
栃木県,野木町,セブン－イレブン野木友沼小学校前店,小売業,食料品,2%
栃木県,野木町,セブン－イレブン野木富士見通り店,小売業,食料品,2%
栃木県,野木町,プレル,サービス,理容・美容業,5%
栃木県,野木町,マクドナルド野木出光ＳＳ店,サービス,飲食業,2%
栃木県,芳賀町,出光祖母井ＳＳ,小売業,ガソリンスタンド,2%
栃木県,芳賀町,出光水橋ＳＳ,小売業,ガソリンスタンド,2%
栃木県,芳賀町,祖母井ＳＳ,小売業,ガソリンスタンド,2%
栃木県,芳賀町,ｋａｍｉｙａ ＰｏｓＨ,サービス,理容・美容業,5%
栃木県,芳賀町,斉藤タクシー １号車,サービス,運輸業,5%
栃木県,芳賀町,有限会社田川商店,小売業,ガソリンスタンド,2%
栃木県,芳賀町,芳賀ＳＳ,小売業,ガソリンスタンド,2%
栃木県,芳賀町,セブン－イレブン芳賀祖母井店,小売業,食料品,2%
栃木県,芳賀町,セブン－イレブン芳賀西水沼店,小売業,食料品,2%
栃木県,芳賀町,セブン－イレブン芳賀三日市店,小売業,食料品,2%
栃木県,芳賀町,ファッションバリュー マルタ,小売業,衣料品,5%
栃木県,芳賀町,ＢＯＯＫＦＯＲＥＳＴ森百貨店,小売業,書籍・玩具・音楽ＣＤ,5%
栃木県,益子町,出光セルフｉｎナナイＳＳ,小売業,ガソリンスタンド,2%
栃木県,益子町,岩下太平商店 有限会社岩下太平商店,小売業,ガソリンスタンド,2%
栃木県,益子町,薄羽養鶏場 薄羽養鶏場,小売業,食料品,5%
栃木県,益子町,えのきだ窯,その他業種,ー,5%
栃木県,益子町,炎精工房,その他業種,ー,5%
栃木県,益子町,川尻製陶所,その他業種,ー,5%
栃木県,益子町,キッチン 喫茶 絵里珈,サービス,飲食業,5%
栃木県,益子町,月兎窯,その他業種,ー,5%
栃木県,益子町,こうじんや,その他業種,ー,5%
栃木県,益子町,工房風和里,その他業種,ー,5%
栃木県,益子町,スーパーモガキ,小売業,総合（非専門）,5%
栃木県,益子町,道具屋,小売業,その他小売,5%
栃木県,益子町,七井台町ＳＳ,小売業,ガソリンスタンド,2%
栃木県,益子町,ＦＡＭＩＣ セキグチ,小売業,電化製品,5%
栃木県,益子町,益子ＳＳ,小売業,ガソリンスタンド,2%
栃木県,益子町,益子ＳＳ／丸益商店,小売業,ガソリンスタンド,2%
栃木県,益子町,益子ＳＳ 大山燃料店,小売業,ガソリンスタンド,2%
栃木県,益子町,益子舘 里山リゾートホテル,サービス,宿泊業,5%
栃木県,益子町,セブン－イレブン益子中央店,小売業,食料品,2%
栃木県,益子町,セブン－イレブン益子七井西店,小売業,食料品,2%
栃木県,益子町,セブン－イレブン益子西店,小売業,食料品,2%
栃木県,益子町,益子塙ＳＳ,小売業,ガソリンスタンド,2%
栃木県,益子町,益子焼ふくしま,その他業種,ー,5%
栃木県,益子町,萬次郎家具,小売業,家具・調度品,5%
栃木県,益子町,民芸店ましこ,その他業種,ー,5%
栃木県,益子町,ＭＵＫＵＢＡＲ,サービス,飲食業,5%
栃木県,益子町,山崎電気商会,小売業,電化製品,5%
栃木県,壬生町,いずみ書房,小売業,書籍・玩具・音楽ＣＤ,5%
栃木県,壬生町,出光壬生東ＳＳ,小売業,ガソリンスタンド,2%
栃木県,壬生町,エクステリア専門店 ＡＧ,サービス,その他サービス,5%
栃木県,壬生町,株式会社蛸屋 おもちゃのまち店,小売業,食料品,5%
栃木県,壬生町,コープおもちゃのまち店,小売業,食料品,5%
栃木県,壬生町,健整体堂,サービス,その他サービス,5%
栃木県,壬生町,タムラデンキ,小売業,電化製品,5%
栃木県,壬生町,デンキのスマイル,小売業,電化製品,5%
栃木県,壬生町,獨協メディカルサービス正面口売店,小売業,食料品,5%
栃木県,壬生町,トヨタカローラ栃木おもちゃのまち店,小売業,その他小売,5%
栃木県,壬生町,マクドナルドおもちゃのまちフレスポ店,サービス,飲食業,2%
栃木県,壬生町,壬生ＳＳ,小売業,ガソリンスタンド,2%
栃木県,壬生町,セブン－イレブン壬生あけぼの町店,小売業,食料品,2%
栃木県,壬生町,セブン－イレブン壬生おもちゃのまち駅東店,小売業,食料品,2%
栃木県,壬生町,セブン－イレブン壬生おもちゃのまち店,小売業,食料品,2%
栃木県,壬生町,壬生ガーデンショールーム,小売業,その他小売,5%
栃木県,壬生町,セブン－イレブン壬生総合運動公園北店,小売業,食料品,2%
栃木県,壬生町,セブン－イレブン壬生大師町店,小売業,食料品,2%
栃木県,壬生町,セブン－イレブン壬生バイパス店,小売業,食料品,2%
栃木県,壬生町,壬生東ＳＳ,小売業,ガソリンスタンド,2%
栃木県,壬生町,壬生南ＳＳ,小売業,ガソリンスタンド,2%
栃木県,壬生町,セブン－イレブン壬生安塚店,小売業,食料品,2%
栃木県,壬生町,宮脇書店 新おもちゃのまち店,小売業,書籍・玩具・音楽ＣＤ,5%
栃木県,壬生町,ヤオハンおもちゃのまち店,小売業,食料品,5%
栃木県,真岡市,池田屋洋品店,小売業,衣料品,5%
栃木県,真岡市,市井酒店,小売業,食料品,5%
栃木県,真岡市,出光荒町ＳＳ,小売業,ガソリンスタンド,2%
栃木県,真岡市,出光田島ＳＳ,小売業,ガソリンスタンド,2%
栃木県,真岡市,出光優・遊スペース並木,小売業,ガソリンスタンド,2%
栃木県,真岡市,イリエスポーツ,小売業,その他小売,5%
栃木県,真岡市,ＷＥＳＴＷＯＯＤ,サービス,飲食業,5%
栃木県,真岡市,うえの整体院 真岡カイロプラクティックセンター,サービス,その他サービス,5%
栃木県,真岡市,有限会社枝製畳,サービス,その他サービス,5%
栃木県,真岡市,オオネタ,小売業,総合（非専門）,5%
栃木県,真岡市,オリックスレンタカー真岡駅前店,サービス,その他サービス,2%
栃木県,真岡市,かたぎり,小売業,総合（非専門）,5%
栃木県,真岡市,カフェバーキャッツハンド,サービス,飲食業,5%
栃木県,真岡市,株式会社蛸屋 荒町店,小売業,食料品,5%
栃木県,真岡市,株式会社蛸屋 二宮店,小売業,食料品,5%
栃木県,真岡市,カレーハウスＣＯＣＯ壱番屋矢板国道４号店,サービス,飲食業,2%
栃木県,真岡市,セブン－イレブン北真岡店,小売業,食料品,2%
栃木県,真岡市,久下田ＳＳ,小売業,ガソリンスタンド,2%
栃木県,真岡市,久下田ＳＳ,小売業,ガソリンスタンド,2%
栃木県,真岡市,セブンーイレブンＫＯＹＯ芳賀赤十字病院店,小売業,食料品,2%
栃木県,真岡市,雑貨屋マメチコ,小売業,衣料品,5%
栃木県,真岡市,ｚａｐｐａ ｄｕｅ,サービス,理容・美容業,5%
栃木県,真岡市,しもこもりやＳＳ,小売業,ガソリンスタンド,2%
栃木県,真岡市,関口酒店,小売業,その他小売,5%
栃木県,真岡市,高勢,小売業,ガソリンスタンド,2%
栃木県,真岡市,中華のわこう,サービス,飲食業,5%
栃木県,真岡市,電器のタマゼン,小売業,電化製品,5%
栃木県,真岡市,東都栃木カントリー倶楽部,サービス,その他サービス,5%
栃木県,真岡市,トヨタカローラ栃木真岡店,小売業,その他小売,5%
栃木県,真岡市,トヨタレンタリース栃木真岡駅前店,サービス,その他サービス,2%
栃木県,真岡市,トヨタレンタリース栃木 真岡駅前店,その他業種,ー,2%
栃木県,真岡市,長田,小売業,ガソリンスタンド,2%
栃木県,真岡市,中三川デンキ,小売業,電化製品,5%
栃木県,真岡市,並木,小売業,ガソリンスタンド,2%
栃木県,真岡市,肉の山口,小売業,食料品,5%
栃木県,真岡市,セブン－イレブン西真岡店,小売業,食料品,2%
栃木県,真岡市,セブン－イレブン二宮バイパス店,小売業,食料品,2%
栃木県,真岡市,ニューヤマトヤ化粧品店,小売業,その他小売,5%
栃木県,真岡市,ＮＥＸＴ ｈａｉｒ,サービス,理容・美容業,5%
栃木県,真岡市,ビクターオート,サービス,その他サービス,5%
栃木県,真岡市,美容室ＭａｋｅＭｅｒｒｙ,サービス,理容・美容業,5%
栃木県,真岡市,藤屋,サービス,宿泊業,5%
栃木県,真岡市,ｈａｉｒ Ｋａｎａｌｏａ,サービス,理容・美容業,5%
栃木県,真岡市,ベストオート,サービス,その他サービス,5%
栃木県,真岡市,ｈｏｍｅエクステリア『アサヤマ』,小売業,その他小売,5%
栃木県,真岡市,ホンダセンター栃木,サービス,その他サービス,5%
栃木県,真岡市,マクドナルド２９４真岡店,サービス,飲食業,2%
栃木県,真岡市,マクドナルド４０８真岡店,サービス,飲食業,2%
栃木県,真岡市,まつしましゅーず,小売業,その他小売,5%
栃木県,真岡市,まつや化粧品店,小売業,その他小売,5%
栃木県,真岡市,ｍｉｅｕｘｃｏｌｏｒ,サービス,理容・美容業,5%
栃木県,真岡市,メガネの大関,小売業,貴金属・服飾品,5%
栃木県,真岡市,真岡北ＳＳ,小売業,ガソリンスタンド,2%
栃木県,真岡市,セブン－イレブン真岡飯貝店,小売業,食料品,2%
栃木県,真岡市,セブン－イレブン真岡上高間木１丁目店,小売業,食料品,2%
栃木県,真岡市,セブン－イレブン真岡鬼怒ケ丘店,小売業,食料品,2%
栃木県,真岡市,セブン－イレブン真岡熊倉店,小売業,食料品,2%
栃木県,真岡市,セブン－イレブン真岡下高間木店,小売業,食料品,2%
栃木県,真岡市,セブン－イレブン真岡田島店,小売業,食料品,2%
栃木県,真岡市,真岡中央,小売業,ガソリンスタンド,2%
栃木県,真岡市,セブン－イレブン真岡寺内店,小売業,食料品,2%
栃木県,真岡市,真岡中郷ＳＳ,小売業,ガソリンスタンド,2%
栃木県,真岡市,セブン－イレブン真岡長田店,小売業,食料品,2%
栃木県,真岡市,セブン－イレブン真岡並木店,小売業,食料品,2%
栃木県,真岡市,真岡西ＳＳ,小売業,ガソリンスタンド,2%
栃木県,真岡市,真岡原町ＳＳ,小売業,ガソリンスタンド,2%
栃木県,真岡市,真岡東ＳＳ,小売業,ガソリンスタンド,2%
栃木県,真岡市,真岡南ＳＳ,小売業,ガソリンスタンド,2%
栃木県,真岡市,セブン－イレブン真岡八木岡店,小売業,食料品,2%
栃木県,真岡市,真岡闇市,サービス,飲食業,5%
栃木県,真岡市,真岡闇市,サービス,飲食業,5%
栃木県,真岡市,山口農機,小売業,その他小売,5%
栃木県,真岡市,リラくる 真岡店,サービス,その他サービス,5%
栃木県,真岡市,ワイズベリー,サービス,飲食業,5%
栃木県,真岡市,和楽,サービス,理容・美容業,5%
栃木県,茂木町,出光茂木ＳＳ,小売業,ガソリンスタンド,2%
栃木県,茂木町,下平 ＳＳ,小売業,ガソリンスタンド,2%
栃木県,茂木町,セルフ茂木第二ＳＳ,小売業,ガソリンスタンド,2%
栃木県,茂木町,もくれん,小売業,その他小売,5%
栃木県,茂木町,茂木ＳＳ,小売業,ガソリンスタンド,2%
栃木県,茂木町,茂木自動車学校,サービス,その他サービス,5%
栃木県,茂木町,セブン－イレブン茂木バイパス店,小売業,食料品,2%
栃木県,茂木町,茂木東ＳＳ,小売業,ガソリンスタンド,2%
栃木県,茂木町,セブン－イレブン茂木増井店,小売業,食料品,2%
栃木県,茂木町,有限会社 ヒロオートセンター,サービス,その他サービス,5%
栃木県,矢板市,ＥｎｅＪｅｔ４号矢板ＳＳ,小売業,ガソリンスタンド,2%
栃木県,矢板市,カイロプラクティック中澤,その他業種,ー,5%
栃木県,矢板市,カクヤス商販株式会社,小売業,その他小売,5%
栃木県,矢板市,片岡ＳＳ,小売業,ガソリンスタンド,2%
栃木県,矢板市,近藤カメラスタジオ,小売業,その他小売,5%
栃木県,矢板市,栄鮨,サービス,飲食業,5%
栃木県,矢板市,時計・宝飾・眼鏡 むらかみ,小売業,貴金属・服飾品,5%
栃木県,矢板市,トヨタカローラ栃木矢板店,小売業,その他小売,5%
栃木県,矢板市,ドンスポーツ,小売業,その他小売,5%
栃木県,矢板市,西脇ラジオ店,小売業,電化製品,5%
栃木県,矢板市,ねばらん,小売業,書籍・玩具・音楽ＣＤ,5%
栃木県,矢板市,福島写真館,サービス,その他サービス,5%
栃木県,矢板市,マクドナルド矢板市役所通り店,サービス,飲食業,2%
栃木県,矢板市,ムラカミインテリア,小売業,家具・調度品,5%
栃木県,矢板市,もりもりカイロ,サービス,理容・美容業,5%
栃木県,矢板市,矢板ＳＳ,小売業,ガソリンスタンド,2%
栃木県,矢板市,矢板 ＳＳ,小売業,ガソリンスタンド,2%
栃木県,矢板市,矢板泉ＳＳ,小売業,ガソリンスタンド,2%
栃木県,矢板市,セブン－イレブン矢板木幡店,小売業,食料品,2%
栃木県,矢板市,セブン－イレブン矢板下太田店,小売業,食料品,2%
栃木県,矢板市,セブン－イレブン矢板富田店,小売業,食料品,2%
栃木県,矢板市,セブン－イレブン矢板中店,小売業,食料品,2%
栃木県,矢板市,セブン－イレブン矢板中南店,小売業,食料品,2%
栃木県,矢板市,有限会社スズキ電化センター,小売業,家具・調度品,5%
栃木県,矢板市,ユニックス・ジャパン,サービス,その他サービス,5%
