青森県,青森市,アートロックサービス,サービス,その他サービス,5%
青森県,青森市,セブン－イレブン青い森公園店,小売業,食料品,2%
青森県,青森市,アオノハ,サービス,理容・美容業,5%
青森県,青森市,青森インター,小売業,ガソリンスタンド,2%
青森県,青森市,青森観光通ＳＳ,小売業,ガソリンスタンド,2%
青森県,青森市,青森ギャラリーアイ,小売業,衣料品,5%
青森県,青森市,青森グリーンパークホテル,サービス,宿泊業,5%
青森県,青森市,青森グリーンパークホテル・アネックス,サービス,宿泊業,5%
青森県,青森市,青森県庁消費生活協同組合本庁東棟店,小売業,食料品,5%
青森県,青森市,青森県庁消費生活協同組合本庁北棟店,小売業,食料品,5%
青森県,青森市,青森県庁生協,小売業,食料品,5%
青森県,青森市,青森県民生協アカシア館 アカシア館,小売業,食料品,5%
青森県,青森市,青森県民生協あじさい館 あじさい館,小売業,食料品,5%
青森県,青森市,青森県民生協あやめ館 あやめ館,小売業,食料品,5%
青森県,青森市,青森県民生協金沢店 金沢店,小売業,食料品,5%
青森県,青森市,青森県民生協コスモス館 コスモス館,小売業,食料品,5%
青森県,青森市,青森県民生協さくら館 さくら館,小売業,食料品,5%
青森県,青森市,青森県民生協新城店 新城店,小売業,食料品,5%
青森県,青森市,青森県民生協はまなす館 はまなす館,小売業,食料品,5%
青森県,青森市,青森県民生協ひまわり館 ひまわり館,小売業,食料品,5%
青森県,青森市,青森県民生協八重田店 八重田店,小売業,食料品,5%
青森県,青森市,青森国際ホテル,サービス,宿泊業,5%
青森県,青森市,青森さくら野店,小売業,その他小売,5%
青森県,青森市,セブン－イレブン青森新町１丁目店,小売業,食料品,2%
青森県,青森市,青森千串屋本舗,サービス,飲食業,5%
青森県,青森市,青森千串屋本舗小柳店,サービス,飲食業,5%
青森県,青森市,青森中央インターセルフＳＳ,小売業,ガソリンスタンド,2%
青森県,青森市,青森バイパス中央ＳＳ,小売業,ガソリンスタンド,2%
青森県,青森市,セブン－イレブン青森造道３丁目店,小売業,食料品,2%
青森県,青森市,青森トヨペット青森西店,小売業,その他小売,5%
青森県,青森市,青森トヨペット青森東店,小売業,その他小売,5%
青森県,青森市,青森トヨペット青森南店,小売業,その他小売,5%
青森県,青森市,青森トヨペットＴ－ＵＰ青森西,小売業,その他小売,5%
青森県,青森市,青森トヨペットハイエースガレージ,小売業,その他小売,5%
青森県,青森市,青森トヨペット本社,小売業,その他小売,5%
青森県,青森市,セブン－イレブン青森問屋町１丁目店,小売業,食料品,2%
青森県,青森市,セブン－イレブン青森浪岡中央店,小売業,食料品,2%
青森県,青森市,セブン－イレブン青森浪岡福田２丁目店,小売業,食料品,2%
青森県,青森市,セブン－イレブン青森浪館通店,小売業,食料品,2%
青森県,青森市,青森西バイパス ＳＳ,小売業,ガソリンスタンド,2%
青森県,青森市,セブン－イレブン青森新田３丁目店,小売業,食料品,2%
青森県,青森市,セブン－イレブン青森花園２丁目店,小売業,食料品,2%
青森県,青森市,セブン－イレブン青森浜館１丁目店,小売業,食料品,2%
青森県,青森市,セブン－イレブン青森浜田２丁目店,小売業,食料品,2%
青森県,青森市,セブン－イレブン青森東大野１丁目店,小売業,食料品,2%
青森県,青森市,青森東自動車整備工業,サービス,その他サービス,5%
青森県,青森市,青森東バイパスＳＳ,小売業,ガソリンスタンド,2%
青森県,青森市,青森東バイパス ＳＳ,小売業,ガソリンスタンド,2%
青森県,青森市,あおもりぶどうぐ,小売業,その他小売,5%
青森県,青森市,セブン－イレブン青森古川１丁目店,小売業,食料品,2%
青森県,青森市,青森古川ＳＳ,小売業,ガソリンスタンド,2%
青森県,青森市,青森マルヘイ,小売業,ガソリンスタンド,2%
青森県,青森市,出光青森南ＳＳ,小売業,ガソリンスタンド,2%
青森県,青森市,青森ヨーカドー店,小売業,その他小売,5%
青森県,青森市,セブン－イレブン青森流通団地入口店,小売業,食料品,2%
青森県,青森市,赤から青森浜館店,サービス,飲食業,5%
青森県,青森市,赤から青森浜館店 赤から青森浜館店,サービス,飲食業,5%
青森県,青森市,アクセス浪岡ＳＳ 有彦 米村 美香,小売業,ガソリンスタンド,2%
青森県,青森市,Ａｇｕ ｈａｉｒ Ａｇｕ ｈａｉｒ ｓａｌａｎ青森,サービス,理容・美容業,5%
青森県,青森市,Ａｇｕ ｈａｉｒ Ａｇｕ ｈａｉｒ ｃｒｏｗｎ青森浜田,サービス,理容・美容業,5%
青森県,青森市,アサヒ電器,小売業,電化製品,5%
青森県,青森市,株式会社アサヒ燃料商会,小売業,その他小売,5%
青森県,青森市,アスティ東青森店,小売業,衣料品,5%
青森県,青森市,アスパム物産アスパム店,小売業,その他小売,5%
青森県,青森市,アサパム物産空港店,小売業,その他小売,5%
青森県,青森市,あだち,サービス,飲食業,5%
青森県,青森市,Ａｄｅｓｓｏ,サービス,飲食業,5%
青森県,青森市,出光後潟ＳＳ,小売業,ガソリンスタンド,2%
青森県,青森市,アトリエＣＡＮＯＥ,小売業,貴金属・服飾品,5%
青森県,青森市,ＡＰＡＫＡＢＡＲ？,小売業,衣料品,5%
青森県,青森市,あぶり天丼 天じゅん,サービス,飲食業,5%
青森県,青森市,ＡｒａｙＺ,サービス,理容・美容業,5%
青森県,青森市,ＡｒｏｍａＬｅｓｓｏｎ＆ＰｒｉｖａｔｅＳａｌｏｎＦｉｏｒｅ,サービス,その他サービス,5%
青森県,青森市,ＵＮＭＡＹＢＥ,サービス,理容・美容業,5%
青森県,青森市,ＨＩＣＲＯＳＳ,小売業,衣料品,5%
青森県,青森市,石と肴 地雷也,サービス,飲食業,5%
青森県,青森市,一八寿し,サービス,飲食業,5%
青森県,青森市,出光青森西バイパスＳＳ,小売業,ガソリンスタンド,2%
青森県,青森市,出光安方ＳＳ,小売業,ガソリンスタンド,2%
青森県,青森市,岩崎タクシー,サービス,運輸業,5%
青森県,青森市,岩手屋ラビナ店,小売業,食料品,5%
青森県,青森市,ウィークリー翔ホテルチトセ,サービス,宿泊業,5%
青森県,青森市,ＯｏｐｓＮＡＩＬ青森ラビナ店,サービス,その他サービス,5%
青森県,青森市,ＵＧＵＩＳＵ,サービス,飲食業,5%
青森県,青森市,後潟 ＳＳ,小売業,ガソリンスタンド,2%
青森県,青森市,ＪＭ／ＸＴＲ,小売業,衣料品,5%
青森県,青森市,ＢｅａｕｔｙＳａｌｏｎ,サービス,理容・美容業,5%
青森県,青森市,Ｓ Ｂａｋｅｒ,小売業,食料品,5%
青森県,青森市,オートガーデン．Ｔ,サービス,その他サービス,5%
青森県,青森市,オートセンター青森,小売業,その他小売,5%
青森県,青森市,大野ＳＳ 青森大野ＳＳ,小売業,ガソリンスタンド,2%
青森県,青森市,大湯石材店 浪岡ステーション,小売業,その他小売,5%
青森県,青森市,出光沖館ＳＳ,小売業,ガソリンスタンド,2%
青森県,青森市,沖館ＳＳ,小売業,ガソリンスタンド,2%
青森県,青森市,オフハウス青森中央店,小売業,その他小売,2%
青森県,青森市,小山せんべい店,小売業,食料品,5%
青森県,青森市,オリックスレンタカー青森駅前店,サービス,その他サービス,2%
青森県,青森市,オリックスレンタカー新青森駅前りんご店,サービス,その他サービス,2%
青森県,青森市,温野菜青森中央インター店,サービス,飲食業,2%
青森県,青森市,カードック米谷オート,サービス,その他サービス,5%
青森県,青森市,海鮮酒房 壱乃助,サービス,飲食業,5%
青森県,青森市,回転鮨処 あすか 東大野店 回転鮨処あすか東大野店,サービス,飲食業,5%
青森県,青森市,回転鮨処あすか青森西バイパス店,サービス,飲食業,5%
青森県,青森市,加賀谷タクシー,サービス,その他サービス,5%
青森県,青森市,林健司,サービス,その他サービス,5%
青森県,青森市,活魚とわら焼 地雷也,サービス,飲食業,5%
青森県,青森市,勝田ＳＳ,小売業,ガソリンスタンド,2%
青森県,青森市,Ｃｕｔｓｐａｃｅスマイルヘアー,サービス,理容・美容業,5%
青森県,青森市,カネエダ中古車販売部,小売業,その他小売,5%
青森県,青森市,ＫＵＢ,サービス,その他サービス,5%
青森県,青森市,ＣＡＦＥうさもも,サービス,飲食業,5%
青森県,青森市,ＣａｆｅｄｅｓＧｉｔａｎｅｓＤＥＡＵ,サービス,その他サービス,5%
青森県,青森市,ｃａｆｅ ｂａｒ ＢＬＵＣＥ,サービス,飲食業,5%
青森県,青森市,株式会社 イシダスポーツ,小売業,その他小売,5%
青森県,青森市,株式会社ＵＭＩＢＯＨ 海鮮創作 海坊厨,サービス,飲食業,5%
青森県,青森市,株式会社鹿内電機商会,小売業,電化製品,5%
青森県,青森市,フォトダイン,サービス,その他サービス,5%
青森県,青森市,カブセンター 大野店,小売業,食料品,5%
青森県,青森市,カブセンター 西青森店,小売業,食料品,5%
青森県,青森市,カラオケ合衆国 青森観光通り店,サービス,その他サービス,5%
青森県,青森市,カラオケプレース スキャット,サービス,その他サービス,5%
青森県,青森市,カラダファクトリー アリー青森店,サービス,その他サービス,5%
青森県,青森市,カラダファクトリースポーツ 青森店,サービス,その他サービス,5%
青森県,青森市,カリー屋 インディ桂木,サービス,飲食業,5%
青森県,青森市,カレーハウスＣＯＣＯ壱番屋青森大野店,サービス,飲食業,2%
青森県,青森市,函太郎 青森佃店,サービス,飲食業,5%
青森県,青森市,ＫＩＳＵＫＥ,小売業,その他小売,5%
青森県,青森市,北中野ＳＳ,小売業,ガソリンスタンド,2%
青森県,青森市,キッチンコンブリオ 本店,小売業,食料品,5%
青森県,青森市,木村浪岡ＳＳ 木村商店,小売業,ガソリンスタンド,2%
青森県,青森市,キャピック,サービス,その他サービス,5%
青森県,青森市,ＧＡＬＦＩＴ青森東店,小売業,衣料品,5%
青森県,青森市,牛角青森中央インター店,サービス,飲食業,2%
青森県,青森市,極 地雷也,サービス,飲食業,5%
青森県,青森市,Ｃｏｏ＆ＲＩＫＵ青森駅前店,小売業,その他小売,5%
青森県,青森市,ｇｏｏｄ ｓｅｌｅｃｔ ｓｔｏｒｅ ガーラモール店,小売業,衣料品,5%
青森県,青森市,靴のまるけん,小売業,衣料品,5%
青森県,青森市,クライマックスボディーズ 青森店,小売業,その他小売,5%
青森県,青森市,クリーニングのツルヤ ママ号１３号車 野沢,サービス,その他サービス,5%
青森県,青森市,クリーニングのブルースター東バイパス店,サービス,その他サービス,5%
青森県,青森市,健香庵,サービス,理容・美容業,5%
青森県,青森市,ゴーゴーカーズ,小売業,その他小売,5%
青森県,青森市,ＣＯＦＦＥＥＭＡＮｇｏｏｄ,サービス,飲食業,5%
青森県,青森市,（個人）工藤（照タクシー）,サービス,運輸業,5%
青森県,青森市,五代目カネシメ蕎麦処柿崎,サービス,飲食業,5%
青森県,青森市,コノハト株式会社,サービス,その他サービス,5%
青森県,青森市,コロナセントラルサービス 青森営業所,サービス,その他サービス,5%
青森県,青森市,ＫＯＭＰＡＮＯ,サービス,飲食業,5%
青森県,青森市,ｃｉｒｃｌｅＡＯＭＯＲＩ,小売業,衣料品,5%
青森県,青森市,出光栄町ＳＳ,小売業,ガソリンスタンド,2%
青森県,青森市,酒蔵 真風,サービス,飲食業,5%
青森県,青森市,ＳＡＫＵＲＡ,サービス,理容・美容業,5%
青森県,青森市,酒のキムラ 株式会社丸長木村商店,小売業,食料品,5%
青森県,青森市,酒のソクハイ 青森本町店,小売業,その他小売,5%
青森県,青森市,佐藤長青森富田店,小売業,食料品,5%
青森県,青森市,佐藤長浪岡店,小売業,食料品,5%
青森県,青森市,さわや書店ラビナ店,小売業,書籍・玩具・音楽ＣＤ,5%
青森県,青森市,ＳＵＮ ＡＮＤ ＳＥＡ,小売業,衣料品,5%
青森県,青森市,三洋薬品ＨＢＣ株式会社 青森営業所,小売業,その他小売,5%
青森県,青森市,ジーファクトリー,サービス,その他サービス,5%
青森県,青森市,シーベレット青森東店,小売業,衣料品,5%
青森県,青森市,ＪＡＫＥ’Ｓ ＧＡＲＡＧＥ,小売業,その他小売,5%
青森県,青森市,ＪＪ 丸啓 青森新町店,小売業,貴金属・服飾品,5%
青森県,青森市,鹿内自動車,サービス,その他サービス,5%
青森県,青森市,ジャスト・ボデー,サービス,その他サービス,5%
青森県,青森市,秋北航空サービス株式会社 青森営業所,サービス,その他サービス,5%
青森県,青森市,松竹自動車整備工業,サービス,その他サービス,5%
青森県,青森市,新青森駅シュトラウス,小売業,食料品,5%
青森県,青森市,新日本補聴器センター青森店,小売業,その他小売,5%
青森県,青森市,スウィートピーチカフェテリア,小売業,食料品,5%
青森県,青森市,酸ヶ湯温泉,サービス,宿泊業,5%
青森県,青森市,鮨と地酒 地雷也,サービス,飲食業,5%
青森県,青森市,スタジオアミ青森東館,小売業,その他小売,5%
青森県,青森市,すたみな太郎 青森店,サービス,飲食業,5%
青森県,青森市,スーパーフリークス青森サンロード店,サービス,その他サービス,5%
青森県,青森市,炭火焼肉酒房 牛寿,サービス,飲食業,5%
青森県,青森市,炭火焼ホルモン たつや,サービス,飲食業,5%
青森県,青森市,セブール桜川店,小売業,食料品,5%
青森県,青森市,出光セルフ青葉ＳＳ,小売業,ガソリンスタンド,2%
青森県,青森市,出光セルフ東大野ＳＳ,小売業,ガソリンスタンド,2%
青森県,青森市,千刈ＳＳ,小売業,ガソリンスタンド,2%
青森県,青森市,そば処正嵐 そば処 正嵐 せいらん,サービス,飲食業,5%
青森県,青森市,大黒寿司,サービス,飲食業,5%
青森県,青森市,大衆酒場コンフィ,サービス,飲食業,5%
青森県,青森市,大同江,サービス,飲食業,5%
青森県,青森市,タナカ タナカ,サービス,飲食業,5%
青森県,青森市,株式会社中央マツダ自動車,サービス,その他サービス,5%
青森県,青森市,中華そば きた倉,サービス,飲食業,5%
青森県,青森市,ＣＨＯＣＯ美容室,サービス,理容・美容業,5%
青森県,青森市,珍田タクシー 珍田タクシー本社,サービス,運輸業,5%
青森県,青森市,つくし,サービス,飲食業,5%
青森県,青森市,Ｔｏｏｌｓ ｏｎ Ｗｈｅｅｌｓ,サービス,その他サービス,5%
青森県,青森市,ツルヤ 大野十文字店,サービス,その他サービス,5%
青森県,青森市,ツルヤ 生協 アカシア店,サービス,その他サービス,5%
青森県,青森市,ツルヤ 生協 金沢店,サービス,その他サービス,5%
青森県,青森市,ツルヤ 生協 コスモス店,サービス,その他サービス,5%
青森県,青森市,ツルヤ 生協 はまなす店,サービス,その他サービス,5%
青森県,青森市,ツルヤ 生協 ひまわり店,サービス,その他サービス,5%
青森県,青森市,ツルヤ 中筒井店,サービス,その他サービス,5%
青森県,青森市,ツルヤ市民病院前店,サービス,その他サービス,5%
青森県,青森市,ツルヤ 生協 あじさい店,サービス,その他サービス,5%
青森県,青森市,ツルヤ 生協 新城店,サービス,その他サービス,5%
青森県,青森市,ＴＭサポート,サービス,その他サービス,5%
青森県,青森市,Ｔ’ｓＫＩＴＣＨＥＮ,サービス,飲食業,5%
青森県,青森市,鉄板焼き 富や,サービス,飲食業,5%
青森県,青森市,手もみ処楽青森大野店,サービス,その他サービス,5%
青森県,青森市,東洋社金沢店,サービス,その他サービス,5%
青森県,青森市,東洋社工場直営店,サービス,その他サービス,5%
青森県,青森市,東洋社桜川店,サービス,その他サービス,5%
青森県,青森市,東洋社さくら野店,サービス,その他サービス,5%
青森県,青森市,東洋社戸山店,サービス,その他サービス,5%
青森県,青森市,東洋社古川店,サービス,その他サービス,5%
青森県,青森市,東洋社ホワイトハウス店,サービス,その他サービス,5%
青森県,青森市,東洋社マエダ沖館店,サービス,その他サービス,5%
青森県,青森市,東洋社マエダガーラモール店,サービス,その他サービス,5%
青森県,青森市,東洋社マエダ虹ヶ丘店,サービス,その他サービス,5%
青森県,青森市,東洋社マエダ八重田店,サービス,その他サービス,5%
青森県,青森市,東洋社ユニバース大野店,サービス,その他サービス,5%
青森県,青森市,東洋社ユニバース沖館店,サービス,その他サービス,5%
青森県,青森市,東洋社ユニバース三内店,サービス,その他サービス,5%
青森県,青森市,東洋社ユニバース筒井店,サービス,その他サービス,5%
青森県,青森市,東洋社ユニバース東青森店,サービス,その他サービス,5%
青森県,青森市,東洋社ラ・セラ東バイパス店,サービス,その他サービス,5%
青森県,青森市,ＨＯＭＥＳ,サービス,理容・美容業,5%
青森県,青森市,ＤＯＧ ＧＡＲＤＥＮ 青森店,サービス,飲食業,5%
青森県,青森市,ドッグサロンチャックバブル,サービス,その他サービス,5%
青森県,青森市,ドッグサロンＣｈｕｃｋ Ｂｕｂｂｌｅ,サービス,理容・美容業,5%
青森県,青森市,トヨタカローラ青森佃店,小売業,その他小売,5%
青森県,青森市,トヨタカローラ青森西滝店,小売業,その他小売,5%
青森県,青森市,トヨタカローラ青森ベイブリッジ店,小売業,その他小売,5%
青森県,青森市,トヨタカローラ青森流通団地店,小売業,その他小売,5%
青森県,青森市,トヨタレンタリース青森青森空港店,サービス,その他サービス,2%
青森県,青森市,トヨタレンタリース青森青森中央店,サービス,その他サービス,2%
青森県,青森市,トヨタレンタリース青森青森造道店,サービス,その他サービス,2%
青森県,青森市,トヨタレンタリース青森青森新田店,サービス,その他サービス,2%
青森県,青森市,トヨタレンタリース青森青森安方店,サービス,その他サービス,2%
青森県,青森市,トヨタレンタリース青森新青森駅西口店,サービス,その他サービス,2%
青森県,青森市,ドラゴンカフェ,サービス,飲食業,5%
青森県,青森市,ドラッグストアメガ 石江店,小売業,その他小売,5%
青森県,青森市,トレカ・オモチャのどーらく,小売業,書籍・玩具・音楽ＣＤ,5%
青森県,青森市,［ＨＣ］ナイスＡ－１エビナでんき,小売業,電化製品,5%
青森県,青森市,［ＨＣ］ナイスエーワン本店,小売業,電化製品,5%
青森県,青森市,中才自動車修理工場,サービス,その他サービス,5%
青森県,青森市,中村自動車整備工場,サービス,その他サービス,5%
青森県,青森市,中村農園,サービス,その他サービス,5%
青森県,青森市,Ｎａｔｕｒａｌ青森新町店,サービス,理容・美容業,5%
青森県,青森市,ナチュラルヘッドスパメヘンディー ナチュラルヘッドスパ メヘンディー,サービス,その他サービス,5%
青森県,青森市,ＮＡＴＵＲＥ ＣＡＦＥ,サービス,飲食業,5%
青森県,青森市,浪岡ＳＳ,小売業,ガソリンスタンド,2%
青森県,青森市,浪岡北ＳＳ,小売業,ガソリンスタンド,2%
青森県,青森市,南部屋・海扇閣,サービス,宿泊業,5%
青森県,青森市,西バイパスＳＳ,小売業,ガソリンスタンド,2%
青森県,青森市,日本一青森ラビナ店,小売業,食料品,5%
青森県,青森市,ＮＯＯＮ ＭＯＯＮ ＮＯＯＮ ＭＯＯＮ,小売業,衣料品,5%
青森県,青森市,ネイルサロンアルティーナ,サービス,理容・美容業,5%
青森県,青森市,ＮａｉｌＰａｌｅｔｔｅＧＩＮＺＡ青森店,サービス,理容・美容業,5%
青森県,青森市,ネッツトヨタ青森青森店,小売業,その他小売,5%
青森県,青森市,ネッツトヨタ青森青森西店,小売業,その他小売,5%
青森県,青森市,ネッツトヨタ青森本社,小売業,その他小売,5%
青森県,青森市,ねぶたの國 たか久,サービス,飲食業,5%
青森県,青森市,ねぶたの國 たか久,サービス,飲食業,5%
青森県,青森市,ＢＡＲ ＺＥＲＯ,サービス,飲食業,5%
青森県,青森市,ハードオフ青森中央店,小売業,その他小売,2%
青森県,青森市,Ｂａｒ ｗａｎｔｕｋａ,サービス,飲食業,5%
青森県,青森市,ハイボール酒場 一代目,サービス,飲食業,5%
青森県,青森市,はしもと藪き,サービス,飲食業,5%
青森県,青森市,バッグコレクションモリタ青森マエダ店,小売業,貴金属・服飾品,5%
青森県,青森市,八甲田ホテル,サービス,宿泊業,5%
青森県,青森市,ＰＡＴＩＳＳＥＲＩＥ ＡＶＥＮＣＥＲ,小売業,食料品,5%
青森県,青森市,はとや製菓,小売業,食料品,5%
青森県,青森市,パナデンＪＰあかさか,小売業,電化製品,5%
青森県,青森市,パナデンヨシマチ,小売業,電化製品,5%
青森県,青森市,Ｖａｖｉｎｖｏ,サービス,飲食業,5%
青森県,青森市,バル １×１＝ｉｃｈｉ,サービス,飲食業,5%
青森県,青森市,ＢＥＥＲ ＤＡＩＮＩＮＧ ジパング ジパング,サービス,飲食業,5%
青森県,青森市,BiAi,サービス,その他サービス,5%
青森県,青森市,ＢＭＯ青森店,小売業,衣料品,5%
青森県,青森市,ＢｅｅＭｏｂｉｌｅサンロード青森店,小売業,その他小売,5%
青森県,青森市,ｈｅａｌｉｎｇ Ｈｏｕｓｅ Ｉ Ｏ,サービス,その他サービス,5%
青森県,青森市,東青森駅通りＳＳ,小売業,ガソリンスタンド,2%
青森県,青森市,ピザテン・フォー 青森石江店 ２,サービス,その他サービス,5%
青森県,青森市,ピザテン・フォー 青森浪岡店 ２,サービス,その他サービス,5%
青森県,青森市,ピザテン・フォー 青森花園店 ２,サービス,その他サービス,5%
青森県,青森市,びっくりドンキー 青森西店,サービス,飲食業,2%
青森県,青森市,びっくりドンキー 青森浜田店,サービス,飲食業,2%
青森県,青森市,びっくりドンキー 青森東店,サービス,飲食業,2%
青森県,青森市,美容室ブルジョア,サービス,理容・美容業,5%
青森県,青森市,ＦＩＮＤＥＲ,小売業,衣料品,5%
青森県,青森市,ファナーＩＹ青森店,小売業,衣料品,5%
青森県,青森市,ニコム,サービス,その他サービス,5%
青森県,青森市,ふじ美容室,サービス,理容・美容業,5%
青森県,青森市,ふじ美容室,サービス,理容・美容業,5%
青森県,青森市,富士メガネ 青森ヨーカドー店,小売業,その他小売,5%
青森県,青森市,フットケアと靴のオアシス・ブライアン,小売業,衣料品,5%
青森県,青森市,フットサロン爽やか,サービス,その他サービス,5%
青森県,青森市,ブティックえま,小売業,衣料品,5%
青森県,青森市,フトンショップ みやかわ,小売業,その他小売,5%
青森県,青森市,ＪＭ／プラチナムアンドコー,小売業,その他小売,5%
青森県,青森市,ＦＬＡＴ,小売業,衣料品,5%
青森県,青森市,ＢｌｕｅＤａｙｓ,小売業,その他小売,5%
青森県,青森市,ブルースターみどり店配達,サービス,その他サービス,5%
青森県,青森市,ＦＵＬＦＩＬＬドッグトレーニング,サービス,その他サービス,5%
青森県,青森市,プレッジフラワー,小売業,その他小売,5%
青森県,青森市,ヘアーソレイユ,サービス,理容・美容業,5%
青森県,青森市,ヘアーメイク アルファ,サービス,理容・美容業,5%
青森県,青森市,ヘアクラブ クララ,サービス,理容・美容業,5%
青森県,青森市,ヘアーメイクぎんのはさみアルマ,サービス,理容・美容業,5%
青森県,青森市,ベストハーモニー,小売業,その他小売,5%
青森県,青森市,ベニーマート 青森店,小売業,食料品,5%
青森県,青森市,ベニーマート 観光通店,小売業,食料品,5%
青森県,青森市,ベルカントなつはら,小売業,衣料品,5%
青森県,青森市,ヘルシーサイクル アブ川,小売業,その他小売,5%
青森県,青森市,ポートルネッサンス本町ＳＳ,小売業,ガソリンスタンド,2%
青森県,青森市,ほき動物クリニック,サービス,その他サービス,5%
青森県,青森市,北欧雑貨Ｓｏｐｏ,小売業,家具・調度品,5%
青森県,青森市,北欧雑貨ｓｏｐｏ,サービス,その他サービス,5%
青森県,青森市,ホテル秋田屋,サービス,宿泊業,5%
青森県,青森市,螢の香,サービス,飲食業,5%
青森県,青森市,ポムミエル,サービス,飲食業,5%
青森県,青森市,ホルモン焼天狗,サービス,飲食業,5%
青森県,青森市,ホワイト急便青森工場 青森工場前店,サービス,その他サービス,5%
青森県,青森市,ホワイト急便青森工場 サンデー虹ヶ丘店,サービス,その他サービス,5%
青森県,青森市,ホワイト急便青森工場 富田店,サービス,その他サービス,5%
青森県,青森市,ホワイト急便青森工場 橋本中央店,サービス,その他サービス,5%
青森県,青森市,ホワイト急便青森工場 浜田２丁目店,サービス,その他サービス,5%
青森県,青森市,ホワイト急便青森工場 フレッシュ浪打銀座店,サービス,その他サービス,5%
青森県,青森市,ホワイト急便青森工場 マックスバリュ浜田店,サービス,その他サービス,5%
青森県,青森市,ホワイト急便弘前神田工場 いとく浪岡店,サービス,その他サービス,5%
青森県,青森市,マエダガーラモール店,小売業,その他小売,5%
青森県,青森市,マエダストア旭町店,小売業,食料品,5%
青森県,青森市,マエダストア新城店,小売業,食料品,5%
青森県,青森市,マエダストア富田店,小売業,食料品,5%
青森県,青森市,マエダストア虹ヶ丘店,小売業,食料品,5%
青森県,青森市,マエダストア八重田店,小売業,食料品,5%
青森県,青森市,マエダフラワー,小売業,食料品,5%
青森県,青森市,マクドナルド青森イトーヨーカドー店,サービス,飲食業,2%
青森県,青森市,マクドナルド青森サンロード店,サービス,飲食業,2%
青森県,青森市,マクドナルド青森中央サンワ店,サービス,飲食業,2%
青森県,青森市,マクドナルド青森西バイパス店,サービス,飲食業,2%
青森県,青森市,マクドナルド青森東バイパス店,サービス,飲食業,2%
青森県,青森市,株式会社また旅くらぶ,サービス,その他サービス,5%
青森県,青森市,マックスオート,小売業,その他小売,5%
青森県,青森市,有限会社マルケイ平野,小売業,食料品,5%
青森県,青森市,丸和自動車サービスセンター,小売業,その他小売,5%
青森県,青森市,ＭａｒｅＬｕｎａ,サービス,飲食業,5%
青森県,青森市,ｍｉａｇｅｒｕ．,サービス,その他サービス,5%
青森県,青森市,「道の駅」浅虫温泉ゆ～さ浅虫,サービス,その他サービス,5%
青森県,青森市,道の駅 浅虫温泉ゆ?さ浅虫 道の駅 浅虫温泉ゆ さ浅虫,サービス,その他サービス,5%
青森県,青森市,みちのく料理 西むら アスパム店,サービス,飲食業,5%
青森県,青森市,光谷商会,小売業,その他小売,5%
青森県,青森市,みながわ,小売業,衣料品,5%
青森県,青森市,宮脇書店 青森店,小売業,書籍・玩具・音楽ＣＤ,5%
青森県,青森市,民宿台由,サービス,宿泊業,5%
青森県,青森市,メガ 城東店,小売業,食料品,5%
青森県,青森市,メガ石江店,小売業,食料品,5%
青森県,青森市,メガ 勝田店,小売業,食料品,5%
青森県,青森市,メガ小柳店,小売業,食料品,5%
青森県,青森市,メガ西青森店,小売業,食料品,5%
青森県,青森市,眼鏡工房福桜川店,小売業,貴金属・服飾品,5%
青森県,青森市,メガネの富士 青森店,小売業,その他小売,5%
青森県,青森市,メガ東青森店,小売業,食料品,5%
青森県,青森市,目時タクシー,サービス,運輸業,5%
青森県,青森市,モエサロン,サービス,その他サービス,5%
青森県,青森市,モクユー,サービス,その他サービス,5%
青森県,青森市,モリピアあおもり フクシ,小売業,電化製品,5%
青森県,青森市,モリピアあおもり ヤマザキ筒井店,小売業,電化製品,5%
青森県,青森市,モリピアあおもりナガイ店,小売業,電化製品,5%
青森県,青森市,モリピアあおもりみかみ店,小売業,電化製品,5%
青森県,青森市,モリピアあおもりみやにし本店,小売業,電化製品,5%
青森県,青森市,モリピアあおもりヤマザキ小柳店,小売業,電化製品,5%
青森県,青森市,モリピアあべ,小売業,電化製品,5%
青森県,青森市,モリピアサイトウ,小売業,電化製品,5%
青森県,青森市,モリピアにっきょう,小売業,電化製品,5%
青森県,青森市,やきにく炭や 西バイパス店,サービス,飲食業,5%
青森県,青森市,やとうでんき,小売業,電化製品,5%
青森県,青森市,（有）永井久慈良餅店・青森駅ビル・ラビナ店,小売業,食料品,5%
青森県,青森市,有限会社 成長自動車工業,サービス,その他サービス,5%
青森県,青森市,有限会社 佐々木タイヤ,サービス,その他サービス,5%
青森県,青森市,有 上ボシ武内製飴所,小売業,食料品,5%
青森県,青森市,有限会社みくに商店,小売業,食料品,5%
青森県,青森市,有限会社やまがみ,サービス,飲食業,5%
青森県,青森市,湯酒屋 八九郎,サービス,飲食業,5%
青森県,青森市,横丁,サービス,飲食業,5%
青森県,青森市,吉田酒店,小売業,食料品,5%
青森県,青森市,吉野鮨,サービス,飲食業,5%
青森県,青森市,吉野田ＳＳ,小売業,ガソリンスタンド,2%
青森県,青森市,ラグノオ新青森駅ビル店,小売業,食料品,5%
青森県,青森市,ＲＵＳＴＩＣ,小売業,その他小売,5%
青森県,青森市,ラビアン新町店,小売業,その他小売,5%
青森県,青森市,ラ・ビアン 新町店,小売業,その他小売,5%
青森県,青森市,リカーショップトノサキ,小売業,食料品,5%
青森県,青森市,ｒｉｐｐｌｅｓ,サービス,その他サービス,5%
青森県,青森市,リフレッシュアオモリ,サービス,その他サービス,5%
青森県,青森市,リペアガレージＫ,サービス,その他サービス,5%
青森県,青森市,リベルタ青森中央ＳＳ,小売業,ガソリンスタンド,2%
青森県,青森市,龍鳳閣,サービス,飲食業,5%
青森県,青森市,龍鳳閣クロスタワーア・ベイ,サービス,飲食業,5%
青森県,青森市,旅舘 柳の湯,サービス,宿泊業,5%
青森県,青森市,リラクゼーションサロンＣｏｎｆｏ,サービス,その他サービス,5%
青森県,青森市,リラクゼーションスペース千美,サービス,その他サービス,5%
青森県,青森市,ＲｅｇａｌａｒＨａｉｒ,サービス,理容・美容業,5%
青森県,青森市,レストラン ポミエ,サービス,飲食業,5%
青森県,青森市,ロベリア青森店,小売業,貴金属・服飾品,5%
青森県,青森市,Ｗｏｒｋｉｎｇ Ｐｒｏ ワーキングプロショップ,小売業,その他小売,5%
青森県,青森市,ＷＯＲＫ＆ＳＴＵＤＹ ＫＩＳＵＫＥ,小売業,その他小売,5%
青森県,青森市,ＹＳＰ 青森中央,小売業,その他小売,5%
青森県,青森市,ワインパブ タートヴァン ワインパブ タートヴァン,サービス,飲食業,5%
青森県,青森市,渡辺時計店,小売業,貴金属・服飾品,5%
青森県,青森市,わんつか居酒屋 萬屋,サービス,飲食業,5%
青森県,鰺ヶ沢町,鯵ヶ沢ＳＳ,小売業,ガソリンスタンド,2%
青森県,鰺ヶ沢町,鰺ヶ沢温泉 水軍の宿,サービス,宿泊業,5%
青森県,鰺ヶ沢町,建石ＳＳ,小売業,ガソリンスタンド,2%
青森県,鰺ヶ沢町,工房ｐｏｌｅｐｏｌｅ,小売業,その他小売,5%
青森県,鰺ヶ沢町,鳴沢ＳＳ,小売業,ガソリンスタンド,2%
青森県,鰺ヶ沢町,ホテルグランメール山海荘,サービス,宿泊業,5%
青森県,鰺ヶ沢町,マエダストア鯵ヶ沢店,小売業,食料品,5%
青森県,鰺ヶ沢町,らーめん鯵丸 鯵丸はまなす店,サービス,飲食業,5%
青森県,鰺ヶ沢町,リベルタ鰺ヶ沢ＳＳ,小売業,ガソリンスタンド,2%
青森県,板柳町,板柳ＳＳ,小売業,ガソリンスタンド,2%
青森県,板柳町,板柳,小売業,ガソリンスタンド,2%
青森県,板柳町,佐藤長板柳店,小売業,食料品,5%
青森県,板柳町,パナデンじん,小売業,電化製品,5%
青森県,板柳町,ポポラ板柳ＳＳ,小売業,ガソリンスタンド,2%
青森県,板柳町,ホワイト急便弘前神田工場 いとく板柳店,サービス,その他サービス,5%
青森県,板柳町,安田整備,サービス,その他サービス,5%
青森県,板柳町,山口でんき,小売業,電化製品,5%
青森県,板柳町,有限会社アオヤマ,小売業,その他小売,5%
青森県,板柳町,有限会社板柳マツダ自動車商会,サービス,その他サービス,5%
青森県,板柳町,有限会社坂本商店 有限会社坂本商店会社,小売業,食料品,5%
青森県,田舎館村,一戸自動車鈑金塗装工場,サービス,その他サービス,5%
青森県,今別町,出光今別ＳＳ,小売業,ガソリンスタンド,2%
青森県,今別町,今別ＳＳ,小売業,ガソリンスタンド,2%
青森県,今別町,モリピアあおもりあさひ店,小売業,電化製品,5%
青森県,おいらせ町,青森県民生協おいらせ店 おいらせ店,小売業,食料品,5%
青森県,おいらせ町,青森ロジテック株式会社,小売業,電化製品,5%
青森県,おいらせ町,アトリエゆう,サービス,その他サービス,5%
青森県,おいらせ町,イオン・カイロプラクティック,サービス,理容・美容業,5%
青森県,おいらせ町,出光二川目ＳＳ,小売業,ガソリンスタンド,2%
青森県,おいらせ町,セブン－イレブンおいらせ新田店,小売業,食料品,2%
青森県,おいらせ町,大嶋でんき,小売業,電化製品,5%
青森県,おいらせ町,クリーニングのブルースターおいらせ店,サービス,その他サービス,5%
青森県,おいらせ町,小岩商店,小売業,その他小売,5%
青森県,おいらせ町,ＣＯＮＳＥ ＦＡＲＭ,小売業,食料品,5%
青森県,おいらせ町,三洋薬品ＨＢＣ株式会社 ５３０９３８５７,小売業,その他小売,5%
青森県,おいらせ町,下田ＳＳ,小売業,ガソリンスタンド,2%
青森県,おいらせ町,下田アクセスＳＳ,小売業,ガソリンスタンド,2%
青森県,おいらせ町,ティーズ動物病院,サービス,その他サービス,5%
青森県,おいらせ町,東洋車体,サービス,その他サービス,5%
青森県,おいらせ町,パナデン佐々木時計,小売業,電化製品,5%
青森県,おいらせ町,美容室オーブおいらせ店,サービス,理容・美容業,5%
青森県,おいらせ町,ＵＰＣＹＣＬＥＦＯＰＰＩＳＨ,小売業,衣料品,5%
青森県,おいらせ町,マエダストアおいらせ店,小売業,食料品,5%
青森県,おいらせ町,マクドナルドイオンモール下田店,サービス,飲食業,2%
青森県,おいらせ町,有限会社百石モータース,サービス,その他サービス,5%
青森県,おいらせ町,ラパス下田ＳＳ,小売業,ガソリンスタンド,2%
青森県,おいらせ町,和創ぶおうの,サービス,飲食業,5%
青森県,おいらせ町,Ｏｎｅ Ｗｏｒｌｄ,サービス,理容・美容業,5%
青森県,大間町,大間 ＳＳ,小売業,ガソリンスタンド,2%
青森県,大間町,大間ＳＳ,小売業,ガソリンスタンド,2%
青森県,大間町,大間観光土産センター,小売業,食料品,5%
青森県,大間町,オリックスレンタカー大間フェリー埠頭店,サービス,その他サービス,2%
青森県,大間町,暮らしの衣料はとぽっぽ,小売業,衣料品,5%
青森県,大間町,パドックレーシング 本店,サービス,その他サービス,5%
青森県,大間町,マエダストア大間店,小売業,食料品,5%
青森県,大間町,モリピアあおもりヨネザワ店,小売業,電化製品,5%
青森県,大鰐町,青森ロイヤルゴルフクラブ,サービス,その他サービス,5%
青森県,大鰐町,青森ワイナリーホテル,サービス,宿泊業,5%
青森県,大鰐町,伊藤整備,小売業,その他小売,5%
青森県,大鰐町,不二やホテル,サービス,その他サービス,5%
青森県,大鰐町,不二やホテル,サービス,宿泊業,5%
青森県,大鰐町,山崎食堂,サービス,飲食業,5%
青森県,大鰐町,ヤマニ仙遊館,サービス,宿泊業,5%
青森県,大鰐町,リベルタ鯖石ＳＳ,小売業,ガソリンスタンド,2%
青森県,風間浦村,駒嶺下風呂 ＳＳ,小売業,ガソリンスタンド,2%
青森県,黒石市,青森トヨペット黒石店,小売業,その他小売,5%
青森県,黒石市,ＥｎｅＪｅｔ黒石市ノ町ＳＳ 有限会社須藤善石油店,小売業,ガソリンスタンド,2%
青森県,黒石市,花禅の庄,サービス,宿泊業,5%
青森県,黒石市,かねさだ旅館,サービス,宿泊業,5%
青森県,黒石市,黒石ＳＳ 有限会社黒石石油,小売業,ガソリンスタンド,2%
青森県,黒石市,黒石インターセルフＳＳ,小売業,ガソリンスタンド,2%
青森県,黒石市,黒石駅前ＳＳ 有限会社須藤善石油店,小売業,ガソリンスタンド,2%
青森県,黒石市,黒石錦町ＳＳ,小売業,ガソリンスタンド,2%
青森県,黒石市,黒石日産自動車商会,小売業,その他小売,5%
青森県,黒石市,生活協同組合コープあおもり黒石店,小売業,食料品,5%
青森県,黒石市,佐藤長寿町店,小売業,食料品,5%
青森県,黒石市,シバ電機,小売業,電化製品,5%
青森県,黒石市,たたみの比内,サービス,その他サービス,5%
青森県,黒石市,津軽伝承工芸館,サービス,その他サービス,5%
青森県,黒石市,Ｄｒ．Ｄｒｉｖｅ黒石店,小売業,ガソリンスタンド,2%
青森県,黒石市,トヨタカローラ青森黒石店,小売業,その他小売,5%
青森県,黒石市,トヨタレンタリース青森黒石店,サービス,その他サービス,2%
青森県,黒石市,ドラッグストアメガ 黒石店,小売業,その他小売,5%
青森県,黒石市,成田動物病院 黒石,サービス,その他サービス,5%
青森県,黒石市,株式会社南黒自動車商会,サービス,その他サービス,5%
青森県,黒石市,温湯ＳＳ 有限会社須藤善石油店,小売業,ガソリンスタンド,2%
青森県,黒石市,ＮＯＡＨ移管黒石,小売業,ガソリンスタンド,2%
青森県,黒石市,ふぅふぅ石焼ちゃんぽん,サービス,飲食業,5%
青森県,黒石市,ＨａｉｒＳｔｕｄｉｏ Ｒｅ ＭａＫｅ ヘアスタジオリメイク,サービス,理容・美容業,5%
青森県,黒石市,ベニーマート 黒石店,小売業,食料品,5%
青森県,黒石市,ホテルあずまし屋,サービス,宿泊業,5%
青森県,黒石市,マクドナルド１０２黒石店,サービス,飲食業,2%
青森県,黒石市,マルサデンキ,小売業,電化製品,5%
青森県,黒石市,メガ黒石店,小売業,食料品,5%
青森県,五所川原市,青森県庁消費生活協同組合 五所川原店,小売業,食料品,5%
青森県,五所川原市,青森トヨペット五所川原店,小売業,その他小売,5%
青森県,五所川原市,青森トヨペットＴ－ＵＰ五所川原,小売業,その他小売,5%
青森県,五所川原市,Ａｇｕ ｈａｉｒ Ａｇｕ ｈａｉｒ ｌｕｃｃａ五所川原,サービス,理容・美容業,5%
青森県,五所川原市,石岡ＳＳ,小売業,ガソリンスタンド,2%
青森県,五所川原市,エム・オート,小売業,その他小売,5%
青森県,五所川原市,小山内車輌,サービス,その他サービス,5%
青森県,五所川原市,カーショップ マツカワ,サービス,その他サービス,5%
青森県,五所川原市,金木ＳＳ,小売業,ガソリンスタンド,2%
青森県,五所川原市,金木バイパスＳＳ 有限会社角浩小林商店,小売業,ガソリンスタンド,2%
青森県,五所川原市,叶家,サービス,飲食業,5%
青森県,五所川原市,カブセンター 五所川原店,小売業,食料品,5%
青森県,五所川原市,北日本ツーリスト,サービス,その他サービス,5%
青森県,五所川原市,クリーニングサンみわ 一ツ谷店,サービス,その他サービス,5%
青森県,五所川原市,高野ＳＳ,小売業,ガソリンスタンド,2%
青森県,五所川原市,セブン－イレブン五所川原鎌谷橋店,小売業,食料品,2%
青森県,五所川原市,セブン－イレブン五所川原布屋町店,小売業,食料品,2%
青森県,五所川原市,佐藤長金木店,小売業,食料品,5%
青森県,五所川原市,佐藤長新宮店,小売業,食料品,5%
青森県,五所川原市,佐藤長広田店,小売業,食料品,5%
青森県,五所川原市,ジャンボドライ五所川原工場店,サービス,その他サービス,5%
青森県,五所川原市,十三湖ＳＳ,小売業,ガソリンスタンド,2%
青森県,五所川原市,旬彩酒房さくら,サービス,飲食業,5%
青森県,五所川原市,旬菜厨房 味都,サービス,飲食業,5%
青森県,五所川原市,寿司石松,サービス,飲食業,5%
青森県,五所川原市,スーパーさとちょう広田店,小売業,食料品,5%
青森県,五所川原市,スーパーストア金木タウンセンター店,小売業,食料品,5%
青森県,五所川原市,セルフブルーライン,小売業,ガソリンスタンド,2%
青森県,五所川原市,セルフブルーライン・金木,小売業,ガソリンスタンド,2%
青森県,五所川原市,木村石油セルフブルーライン中央,小売業,ガソリンスタンド,2%
青森県,五所川原市,高橋住設サービス,サービス,その他サービス,5%
青森県,五所川原市,田町ＳＳ 共和石油株式会社,小売業,ガソリンスタンド,2%
青森県,五所川原市,Ｄｒ．Ｄｒｉｖｅ五所川原東店,小売業,ガソリンスタンド,2%
青森県,五所川原市,トヨタレンタリース青森五所川原店,サービス,その他サービス,2%
青森県,五所川原市,トライアングルロード寺町,小売業,ガソリンスタンド,2%
青森県,五所川原市,トライアングルロード広田,小売業,ガソリンスタンド,2%
青森県,五所川原市,七ツ館ＳＳ,小売業,ガソリンスタンド,2%
青森県,五所川原市,ネッツトヨタ青森五所川原店,小売業,その他小売,5%
青森県,五所川原市,パークイン五所川原エルムシティ,サービス,宿泊業,5%
青森県,五所川原市,ＢーＦＩＥＬＤ（出張店）,小売業,その他小売,5%
青森県,五所川原市,ピザテン・フォー 青森五所川原店 ２,サービス,その他サービス,5%
青森県,五所川原市,ピットイン合同会社,サービス,その他サービス,5%
青森県,五所川原市,一ツ谷ＳＳ 津軽石油販売株式会社,小売業,ガソリンスタンド,2%
青森県,五所川原市,一ツ谷ＳＳ,小売業,ガソリンスタンド,2%
青森県,五所川原市,ヘアーサロン アルファード,サービス,理容・美容業,5%
青森県,五所川原市,ホテルサンルートパティオ五所川原,サービス,宿泊業,2%
青森県,五所川原市,ホビーショップＢーＦＩＥＬＤ,小売業,その他小売,5%
青森県,五所川原市,マエダストア五所川原北店,小売業,食料品,5%
青森県,五所川原市,マエダストア五所川原南店,小売業,食料品,5%
青森県,五所川原市,マクドナルド五所川原中央店,サービス,飲食業,2%
青森県,五所川原市,三つ豆,小売業,衣料品,5%
青森県,五所川原市,ＭＯＴＯＹＡＭＡ ＳＴＵＤＩＯ,小売業,その他小売,5%
青森県,五所川原市,もめんや つしま,小売業,衣料品,5%
青森県,五所川原市,奴寿し,サービス,飲食業,5%
青森県,五所川原市,山田電器,小売業,電化製品,5%
青森県,五所川原市,有限会社今自動車商会,サービス,その他サービス,5%
青森県,五所川原市,レンズプラザ,小売業,その他小売,5%
青森県,五戸町,エースＰＣサポート,サービス,その他サービス,5%
青森県,五戸町,上市川,小売業,ガソリンスタンド,2%
青森県,五戸町,クリーニングのブルースターよこまちストア五戸店,サービス,その他サービス,5%
青森県,五戸町,五戸,小売業,ガソリンスタンド,2%
青森県,五戸町,五戸まきば温泉,サービス,宿泊業,5%
青森県,五戸町,ダイコク 五戸店,小売業,家具・調度品,5%
青森県,五戸町,パナデンでんゆうしゃ,小売業,電化製品,5%
青森県,五戸町,マエダストア五戸店,小売業,食料品,5%
青森県,五戸町,三浦時計宝石店,小売業,貴金属・服飾品,5%
青森県,五戸町,有限会社高賢燃料,小売業,電化製品,5%
青森県,五戸町,ゆーもあ美容室,サービス,理容・美容業,5%
青森県,五戸町,よこまちストア五戸店,小売業,食料品,5%
青森県,佐井村,佐井ＳＳ,小売業,ガソリンスタンド,2%
青森県,三戸町,クリーニングのブルースター八日町店,サービス,その他サービス,5%
青森県,三戸町,長吉屋三戸店,小売業,衣料品,5%
青森県,三戸町,メトキベース,小売業,衣料品,5%
青森県,三戸町,元木平ＳＳ 石亀石油株式会社,小売業,ガソリンスタンド,2%
青森県,七戸町,サンヨーソーイング,小売業,その他小売,5%
青森県,七戸町,下北ふるさとの会七戸十和田駅売店,小売業,食料品,5%
青森県,七戸町,天間林ＳＳ,小売業,ガソリンスタンド,2%
青森県,七戸町,天間林南ＳＳ,小売業,ガソリンスタンド,2%
青森県,七戸町,トヨタレンタリース青森七戸十和田駅北口店,サービス,その他サービス,2%
青森県,七戸町,トリミングサロン シュシュ,サービス,その他サービス,5%
青森県,七戸町,古田電機チェーン 七戸店,小売業,電化製品,5%
青森県,七戸町,マエダストア七戸店,小売業,食料品,5%
青森県,七戸町,Ｌｅａｐ,サービス,理容・美容業,5%
青森県,新郷村,新郷ＳＳ 有限会社東栄,小売業,ガソリンスタンド,2%
青森県,外ヶ浜町,はただ酒店,サービス,その他サービス,5%
青森県,外ヶ浜町,マエダストア蟹田店,小売業,食料品,5%
青森県,外ヶ浜町,三厩ＳＳ,小売業,ガソリンスタンド,2%
青森県,外ヶ浜町,モリピアあおもり かわさき店,小売業,電化製品,5%
青森県,外ヶ浜町,モリピアあおもりきなみ店,小売業,電化製品,5%
青森県,田子町,沢田ファーム,小売業,食料品,5%
青森県,田子町,出光田子ＳＳ,小売業,ガソリンスタンド,2%
青森県,田子町,田子ＳＳ,小売業,ガソリンスタンド,2%
青森県,田子町,田子ＳＳ,小売業,ガソリンスタンド,2%
青森県,田子町,七洋 田子サービス・ステーション,小売業,ガソリンスタンド,2%
青森県,田子町,マエダストア 田子店,小売業,食料品,5%
青森県,つがる市,柏ＳＳ,小売業,ガソリンスタンド,2%
青森県,つがる市,柏ロマン荘,サービス,宿泊業,5%
青森県,つがる市,勝山ＳＳ,小売業,ガソリンスタンド,2%
青森県,つがる市,カブセンター 柏店,小売業,食料品,5%
青森県,つがる市,カラオケ合衆国 五所川原店,サービス,その他サービス,5%
青森県,つがる市,佐藤長木造店,小売業,食料品,5%
青森県,つがる市,佐藤長森田店,小売業,食料品,5%
青森県,つがる市,車力 ＳＳ,小売業,ガソリンスタンド,2%
青森県,つがる市,スーパーさとちょう森田店,小売業,食料品,5%
青森県,つがる市,タイムステーションＮＥＯイオンモールつがる柏,小売業,貴金属・服飾品,5%
青森県,つがる市,田村輪業,サービス,その他サービス,5%
青森県,つがる市,セブン－イレブンつがる柏インター店,小売業,食料品,2%
青森県,つがる市,セブン－イレブンつがる柏店,小売業,食料品,2%
青森県,つがる市,トヨタカローラ青森柏店,小売業,その他小売,5%
青森県,つがる市,長尾商店,小売業,電化製品,5%
青森県,つがる市,出光バイパス森田ＳＳ,小売業,ガソリンスタンド,2%
青森県,つがる市,パナデンもりた,小売業,電化製品,5%
青森県,つがる市,出光吹原ＳＳ,小売業,ガソリンスタンド,2%
青森県,つがる市,ペガッソ柏セルフＳＳ 有限会社須藤善石油店,小売業,ガソリンスタンド,2%
青森県,つがる市,マエダストア木造店,小売業,食料品,5%
青森県,つがる市,マクドナルドイオンモールつがる柏店,サービス,飲食業,2%
青森県,つがる市,モリピアかしわ,小売業,電化製品,5%
青森県,つがる市,焼肉居酒屋 炭香,サービス,飲食業,5%
青森県,鶴田町,スーパーストア鶴田店,小売業,食料品,5%
青森県,鶴田町,手づくり工房あかね,小売業,食料品,5%
青森県,鶴田町,マエダストア鶴田店,小売業,食料品,5%
青森県,東北町,蛯沢ＳＳ,小売業,ガソリンスタンド,2%
青森県,東北町,おおぎや,小売業,衣料品,5%
青森県,東北町,温泉旅館 松園,サービス,宿泊業,5%
青森県,東北町,株式会社上北燃料,小売業,ガソリンスタンド,2%
青森県,東北町,上北ＳＳ,小売業,ガソリンスタンド,2%
青森県,東北町,上北東ＳＳ,小売業,ガソリンスタンド,2%
青森県,東北町,ＪＭ／ＣｏｍｆｏｒｔＲｏｏｍ,サービス,理容・美容業,5%
青森県,東北町,有限会社進藤水産,小売業,その他小売,5%
青森県,東北町,滝沢平ＳＳ,小売業,ガソリンスタンド,2%
青森県,東北町,中華料理とワインのお店 春華飯店,サービス,飲食業,5%
青森県,東北町,東北温泉,サービス,宿泊業,5%
青森県,東北町,東北車輌,小売業,その他小売,5%
青森県,東北町,パナデン山田,小売業,電化製品,5%
青森県,東北町,マエダストア乙供店,小売業,食料品,5%
青森県,東北町,水喰ＳＳ,小売業,ガソリンスタンド,2%
青森県,東北町,有限会社 吹越燃料,小売業,ガソリンスタンド,2%
青森県,東北町,有限会社長沼自動車整備工場,サービス,その他サービス,5%
青森県,十和田市,青森県庁消費生活協同組合 十和田店,小売業,食料品,5%
青森県,十和田市,青森トヨペットＴ－ＵＰ十和田,小売業,その他小売,5%
青森県,十和田市,青森トヨペット十和田店,小売業,その他小売,5%
青森県,十和田市,Ａｇｕ ｈａｉｒ Ａｇｕ ｈａｉｒ ｐｈａｓｅ十和田,サービス,理容・美容業,5%
青森県,十和田市,イーグルボウル株式会社 イーグルボウル 株式会社,サービス,その他サービス,5%
青森県,十和田市,居酒屋現代,サービス,飲食業,5%
青森県,十和田市,一本木沢温泉,サービス,その他サービス,5%
青森県,十和田市,ＡＭ１ＳＳ,小売業,ガソリンスタンド,2%
青森県,十和田市,エクセルワールド,小売業,貴金属・服飾品,5%
青森県,十和田市,江渡呉服店,小売業,衣料品,5%
青森県,十和田市,遠藤自動車,サービス,その他サービス,5%
青森県,十和田市,奥入瀬グリーンホテル,サービス,宿泊業,5%
青森県,十和田市,奥入瀬森のホテル,サービス,宿泊業,5%
青森県,十和田市,大柳新聞店 有 大柳新聞店,小売業,その他小売,5%
青森県,十和田市,オフハウス十和田店,小売業,その他小売,2%
青森県,十和田市,お土産とお食事の店もりた,サービス,飲食業,5%
青森県,十和田市,おみやげのきむら,小売業,その他小売,5%
青森県,十和田市,株式会社 十和田電鉄観光社,サービス,その他サービス,5%
青森県,十和田市,海鮮ワイン酒場イビザ,サービス,飲食業,5%
青森県,十和田市,快眠 ギフトショップみぞぐち,小売業,その他小売,5%
青森県,十和田市,［ＨＣ］株式会社電化堂,小売業,電化製品,5%
青森県,十和田市,マルコシ金物,小売業,その他小売,5%
青森県,十和田市,牛角十和田店,サービス,飲食業,2%
青森県,十和田市,クリーニングのブルースター ３０号車 三浦,サービス,その他サービス,5%
青森県,十和田市,クリニーングのブルースターカケモ西金崎,サービス,その他サービス,5%
青森県,十和田市,クリーニングのブルースター３３号車菅野,サービス,その他サービス,5%
青森県,十和田市,クリニーングのブルースタースーパーシティーアサヒ十和田店,サービス,その他サービス,5%
青森県,十和田市,クリニーングのブルースター十和田店,サービス,その他サービス,5%
青森県,十和田市,クリニーングのブルースター２６号車 横浜,サービス,その他サービス,5%
青森県,十和田市,クリニーングのブルースター２７号車 山口,サービス,その他サービス,5%
青森県,十和田市,渓流の駅おいらせ とれたて市,小売業,食料品,5%
青森県,十和田市,サカモト電器,小売業,電化製品,5%
青森県,十和田市,サランサラン十和田店,小売業,衣料品,5%
青森県,十和田市,田清商店,小売業,衣料品,5%
青森県,十和田市,田清第一店舗 田清第一店舗,小売業,衣料品,5%
青森県,十和田市,田子屋商店,小売業,食料品,5%
青森県,十和田市,長吉屋十和田店,小売業,衣料品,5%
青森県,十和田市,トヨタカローラ八戸十和田店,小売業,その他小売,5%
青森県,十和田市,トヨタカローラ八戸Ｕ－ＭＡＸ十和田,小売業,その他小売,5%
青森県,十和田市,トヨタレンタリース青森十和田店,サービス,その他サービス,2%
青森県,十和田市,ドライブイン民宿桂月,サービス,宿泊業,5%
青森県,十和田市,セブン－イレブン十和田稲生町店,小売業,食料品,2%
青森県,十和田市,十和田ＳＳ,小売業,ガソリンスタンド,2%
青森県,十和田市,ＥｎｅＪｅｔ十和田北ＳＳ,小売業,ガソリンスタンド,2%
青森県,十和田市,十和田湖グランドホテル,サービス,宿泊業,5%
青森県,十和田市,十和田シティホテル,サービス,宿泊業,5%
青森県,十和田市,十和田乗馬倶楽部,サービス,その他サービス,5%
青森県,十和田市,セブン－イレブン十和田西一番町店,小売業,食料品,2%
青森県,十和田市,十和田富士電気,小売業,電化製品,5%
青森県,十和田市,十和田ポニー温泉ホテル,サービス,宿泊業,5%
青森県,十和田市,ネッツトヨタ青森十和田店,小売業,その他小売,5%
青森県,十和田市,野の花 焼山荘,サービス,宿泊業,5%
青森県,十和田市,ハードオフ十和田店,小売業,その他小売,2%
青森県,十和田市,パナデン ワタナベ電器,小売業,電化製品,5%
青森県,十和田市,パナデン芋田電気,小売業,電化製品,5%
青森県,十和田市,パナデン杉山電気,小売業,電化製品,5%
青森県,十和田市,ピザテン・フォー 青森十和田店 ２,サービス,その他サービス,5%
青森県,十和田市,ＰＵＡＬＯＨＡ,サービス,その他サービス,5%
青森県,十和田市,Ｆｕ Ｃａｆｅ,サービス,飲食業,5%
青森県,十和田市,ブティック ポージィ,小売業,衣料品,5%
青森県,十和田市,古田電機 伊沢店,小売業,電化製品,5%
青森県,十和田市,ヘアケアデザインるぽニード,サービス,理容・美容業,5%
青森県,十和田市,ヘアーメイクるぽグラッサ,サービス,理容・美容業,5%
青森県,十和田市,ヘアーメイクるぽゼスト,サービス,理容・美容業,5%
青森県,十和田市,ホテル十和田荘,サービス,宿泊業,5%
青森県,十和田市,ホテルポニー温泉,サービス,宿泊業,5%
青森県,十和田市,マクドナルド十和田イオンスーパーセンター店,サービス,飲食業,2%
青森県,十和田市,マクドナルド４号線十和田店,サービス,飲食業,2%
青森県,十和田市,矢神ＳＳ,小売業,ガソリンスタンド,2%
青森県,十和田市,焼山ＳＳ,小売業,ガソリンスタンド,2%
青森県,十和田市,有限会社昭和鈑金,サービス,その他サービス,5%
青森県,十和田市,リビングステージナナオ 十和田店,小売業,家具・調度品,5%
青森県,十和田市,ロベリア,小売業,衣料品,5%
青森県,十和田市,ワーク電器,小売業,電化製品,5%
青森県,十和田市,和食処とちの茶屋,サービス,飲食業,5%
青森県,中泊町,あきたやでんき,小売業,電化製品,5%
青森県,中泊町,ＫＥＩＮＡＲＩＴＡ,小売業,衣料品,5%
青森県,中泊町,小泊バイパスＳＳ,小売業,ガソリンスタンド,2%
青森県,中泊町,諏訪商店ＳＳ,小売業,ガソリンスタンド,2%
青森県,中泊町,中里ＳＳ／古川勝,小売業,ガソリンスタンド,2%
青森県,中泊町,中里ＳＳ,小売業,ガソリンスタンド,2%
青森県,中泊町,中里ショッピングタウンベル店,小売業,食料品,5%
青森県,中泊町,マエダストア中泊店,小売業,食料品,5%
青森県,中泊町,マルイチ石油ＳＳ,小売業,ガソリンスタンド,2%
青森県,南部町,青森トヨペット三戸店,小売業,その他小売,5%
青森県,南部町,あさひデンキ,小売業,電化製品,5%
青森県,南部町,株式会社 宮本農機,小売業,その他小売,5%
青森県,南部町,ケクーカフェ,サービス,飲食業,5%
青森県,南部町,剣吉ＳＳ,小売業,ガソリンスタンド,2%
青森県,南部町,笹子ＳＳ,小売業,ガソリンスタンド,2%
青森県,南部町,セブン－イレブン三戸南部町店,小売業,食料品,2%
青森県,南部町,出光諏訪ノ平ＳＳ,小売業,ガソリンスタンド,2%
青森県,南部町,セルフステーション福地,小売業,ガソリンスタンド,2%
青森県,南部町,田岩酒店,小売業,食料品,5%
青森県,南部町,日石名川ＳＳ,小売業,ガソリンスタンド,2%
青森県,南部町,マエダストア名久井店,小売業,食料品,5%
青森県,南部町,マエダストア名久井店,小売業,食料品,5%
青森県,南部町,宮古ヤクルト販売 三戸センター,小売業,食料品,5%
青森県,南部町,ラパス南部ＳＳ,小売業,ガソリンスタンド,2%
青森県,南部町,力石の家,サービス,その他サービス,5%
青森県,野辺地町,青森トヨペット野辺地店,小売業,その他小売,5%
青森県,野辺地町,大湊カメラ店,小売業,その他小売,5%
青森県,野辺地町,きもの京紅 野辺地店,小売業,その他小売,5%
青森県,野辺地町,サイジョー,小売業,その他小売,5%
青森県,野辺地町,さわや書店野辺地店,小売業,書籍・玩具・音楽ＣＤ,5%
青森県,野辺地町,酒類専門店 酒の鷹場,小売業,食料品,5%
青森県,野辺地町,昭和堂,サービス,その他サービス,5%
青森県,野辺地町,寿司・和食処 華仙,サービス,飲食業,5%
青森県,野辺地町,ストウ写真館,小売業,その他小売,5%
青森県,野辺地町,生鮮館 下町店,小売業,食料品,5%
青森県,野辺地町,たかのでんき,小売業,電化製品,5%
青森県,野辺地町,東洋社マックスバリュー野辺地店,サービス,その他サービス,5%
青森県,野辺地町,トヨタレンタリース青森野辺地駅前店,サービス,その他サービス,2%
青森県,野辺地町,野辺地ＳＳ,小売業,ガソリンスタンド,2%
青森県,野辺地町,マエダストア金沢店,小売業,食料品,5%
青森県,野辺地町,マエダストア野辺地店,小売業,食料品,5%
青森県,野辺地町,松山旅館,サービス,宿泊業,5%
青森県,階上町,クリーニングのブルースター階上店,サービス,その他サービス,5%
青森県,階上町,でんきのマツオ,小売業,電化製品,5%
青森県,階上町,階上漁協ＳＳ,小売業,ガソリンスタンド,2%
青森県,階上町,セブン－イレブン階上蒼前西７丁目店,小売業,食料品,2%
青森県,階上町,Ｒ４５階上ＳＳ,小売業,ガソリンスタンド,2%
青森県,八戸市,ｉｖｙ,サービス,その他サービス,5%
青森県,八戸市,青森ＳＳ,小売業,ガソリンスタンド,2%
青森県,八戸市,青森県庁消費生活協同組合 八戸店,小売業,食料品,5%
青森県,八戸市,青森トヨペットＴ－ＵＰ八戸るいけ店,小売業,その他小売,5%
青森県,八戸市,青森トヨペット八戸城下店,小売業,その他小売,5%
青森県,八戸市,青森トヨペット八戸東店,小売業,その他小売,5%
青森県,八戸市,青森トヨペット八戸本店,小売業,その他小売,5%
青森県,八戸市,アクシイズ,小売業,電化製品,5%
青森県,八戸市,Ａｇｕ ｈａｉｒ Ａｇｕ ｈａｉｒ ｔｏｒｕｓ八戸廿六日町,サービス,理容・美容業,5%
青森県,八戸市,Ａｇｕ ｈａｉｒ Ａｇｕ ｈａｉｒ ｌｅａｆ湊高台,サービス,理容・美容業,5%
青森県,八戸市,Ａｇｕ ｈａｉｒ Ａｇｕ ｈａｉｒ ｌｏｒｅ沼館,サービス,理容・美容業,5%
青森県,八戸市,Ａｇｕ ｈａｉｒ Ａｇｕ ｈａｉｒ ｌｕｎｏｎ八戸石堂,サービス,理容・美容業,5%
青森県,八戸市,Ａｇｕ ｈａｉｒ Ａｇｕ ｈａｉｒ ｌｉｅｎ八戸,サービス,理容・美容業,5%
青森県,八戸市,Ａｇｕ ｈａｉｒ Ａｇｕ ｈａｉｒ ｌｕｔｅｌｌａ八戸,サービス,理容・美容業,5%
青森県,八戸市,味のめん匠,サービス,飲食業,5%
青森県,八戸市,Ａｒｔｓ,サービス,理容・美容業,5%
青森県,八戸市,アドプリンター,サービス,その他サービス,5%
青森県,八戸市,アトリエＢｌｕｅ Ｒｏｓｅ,サービス,その他サービス,5%
青森県,八戸市,油屋金太八戸ＳＳ,小売業,ガソリンスタンド,2%
青森県,八戸市,Ａｒｐａｊｏｎ 下長店,小売業,食料品,5%
青森県,八戸市,Ａｒｐａｊｏｎ 八食センター店,小売業,食料品,5%
青森県,八戸市,Ａｒｐａｊｏｎ 湊高台店,小売業,食料品,5%
青森県,八戸市,Ａｒｏｍａ＆Ｈｅｒｂ心香,小売業,その他小売,5%
青森県,八戸市,案内所,小売業,その他小売,5%
青森県,八戸市,いいだ理容室,サービス,理容・美容業,5%
青森県,八戸市,伊吉書院西店,小売業,書籍・玩具・音楽ＣＤ,5%
青森県,八戸市,伊吉書院類家店,小売業,書籍・玩具・音楽ＣＤ,5%
青森県,八戸市,市川自動車整備工場,サービス,その他サービス,5%
青森県,八戸市,いち八戸本店,サービス,飲食業,5%
青森県,八戸市,出光百石ＳＳ,小売業,ガソリンスタンド,2%
青森県,八戸市,岩手県北バス 八戸営業所,サービス,その他サービス,5%
青森県,八戸市,中華料理 五香,サービス,飲食業,5%
青森県,八戸市,五香,サービス,飲食業,5%
青森県,八戸市,魚食家 きんき本店,サービス,飲食業,5%
青森県,八戸市,海彩 海彩店,小売業,食料品,5%
青森県,八戸市,Ａ＋,サービス,理容・美容業,5%
青森県,八戸市,(株)エネックスペレットマン八戸,サービス,その他サービス,5%
青森県,八戸市,ａｒｅａ５２,サービス,その他サービス,5%
青森県,八戸市,お菓子処 丸美屋 本店,小売業,食料品,5%
青森県,八戸市,ＯＣＴＡ,小売業,その他小売,5%
青森県,八戸市,温野菜八戸店,サービス,飲食業,2%
青森県,八戸市,カースタジオ クライム,サービス,その他サービス,5%
青森県,八戸市,カーポート白銀台ＳＳ,小売業,ガソリンスタンド,2%
青森県,八戸市,介護ショップタイヘイ 介護ショップタイヘイ,サービス,その他サービス,5%
青森県,八戸市,加賀商店,小売業,食料品,5%
青森県,八戸市,隠れ居酒屋 とんとん拍子,サービス,飲食業,5%
青森県,八戸市,かけ行政書士事務所,サービス,その他サービス,5%
青森県,八戸市,カーサ・デル・チーボ,サービス,飲食業,5%
青森県,八戸市,Ｋａｒｚｕ,サービス,理容・美容業,5%
青森県,八戸市,カットスペースへあーすたいる,サービス,理容・美容業,5%
青森県,八戸市,割烹銀波,サービス,飲食業,5%
青森県,八戸市,割烹金剛,小売業,食料品,5%
青森県,八戸市,金沢電機,小売業,電化製品,5%
青森県,八戸市,カブ シンフォニープラザ店,小売業,食料品,5%
青森県,八戸市,株式会社カーピット,サービス,その他サービス,5%
青森県,八戸市,株式会社中村自動車,サービス,その他サービス,5%
青森県,八戸市,カブシンフォニープラザ店,小売業,その他小売,5%
青森県,八戸市,カブセンター シンフォニープラザ店,小売業,食料品,5%
青森県,八戸市,カブセンター長苗代店,小売業,食料品,5%
青森県,八戸市,かめはしでんき,小売業,電化製品,5%
青森県,八戸市,カラオケ合衆国 八戸店,サービス,その他サービス,5%
青森県,八戸市,カレーハウスＣｏＣｏ壱番屋八戸城下店,サービス,飲食業,2%
青森県,八戸市,がんこおやじ,サービス,飲食業,5%
青森県,八戸市,函太郎 八戸青葉店,サービス,飲食業,5%
青森県,八戸市,木津商店,小売業,その他小売,5%
青森県,八戸市,ｋｉｔｃｈｅｎプルトワ,サービス,飲食業,5%
青森県,八戸市,きもの楽装館和服屋,小売業,衣料品,5%
青森県,八戸市,牛角八戸ゆりの木通り店,サービス,飲食業,2%
青森県,八戸市,金太車検,サービス,その他サービス,5%
青森県,八戸市,Ｃｏｏ＆ＲＩＫＵ八戸店,小売業,その他小売,5%
青森県,八戸市,串焼酒場,サービス,飲食業,5%
青森県,八戸市,暮しの衣料 ないとう 江陽店,小売業,衣料品,5%
青森県,八戸市,暮らしの衣料 ないとう 白銀店,小売業,衣料品,5%
青森県,八戸市,ｇｒａｍ 八戸店,サービス,飲食業,5%
青森県,八戸市,グランドサンピア八戸,サービス,宿泊業,5%
青森県,八戸市,グランパークホテルパネックス八戸,サービス,宿泊業,5%
青森県,八戸市,クリーニング イルカ ２号車,サービス,その他サービス,5%
青森県,八戸市,クリーニング イルカ 小中野店,サービス,その他サービス,5%
青森県,八戸市,クリーニング１２３ 下長店,サービス,その他サービス,5%
青森県,八戸市,クリーニング１２３ ラピア前店,サービス,その他サービス,5%
青森県,八戸市,クリーニングイルカ 湊高台店,サービス,その他サービス,5%
青森県,八戸市,クリーニングイルカ 南類家店,サービス,その他サービス,5%
青森県,八戸市,クリーニングのブルースター 上組町店,サービス,その他サービス,5%
青森県,八戸市,クリーニングのブルースター石堂店,サービス,その他サービス,5%
青森県,八戸市,クリーニングのブルースター５号車 松橋,サービス,その他サービス,5%
青森県,八戸市,クリーニングのブルースター３号車 若狭,サービス,その他サービス,5%
青森県,八戸市,クリーニングのブルースター城下店 ９号車 内田,サービス,その他サービス,5%
青森県,八戸市,クリーニングのブルースター城下店 １２号車 大坂,サービス,その他サービス,5%
青森県,八戸市,クリーニングのブルースター１４号車 市澤,サービス,その他サービス,5%
青森県,八戸市,クリーニングのブルースター １６号車中村,サービス,その他サービス,5%
青森県,八戸市,クリーニングのブルースター長苗代店,サービス,その他サービス,5%
青森県,八戸市,クリーニングのブルースター８号車 柏崎,サービス,その他サービス,5%
青森県,八戸市,クリー二ングのブルースター南類家店,サービス,その他サービス,5%
青森県,八戸市,クリーニングのブルースター６号車 長谷部,サービス,その他サービス,5%
青森県,八戸市,クリーニング１２３ 売市店,サービス,その他サービス,5%
青森県,八戸市,クリーニング１２３ 工業大学前店,サービス,その他サービス,5%
青森県,八戸市,クリーニングのブルースター城下店,サービス,その他サービス,5%
青森県,八戸市,グルーヴィン楽器,小売業,その他小売,5%
青森県,八戸市,車工房 まっちぼっくす,サービス,その他サービス,5%
青森県,八戸市,Ｋ?ＢＯＳＥ Ｋ?ＢＯＳＥ,サービス,理容・美容業,5%
青森県,八戸市,工大前ＳＳ,小売業,ガソリンスタンド,2%
青森県,八戸市,江陽ＳＳ,小売業,ガソリンスタンド,2%
青森県,八戸市,江陽フルサト電器,小売業,電化製品,5%
青森県,八戸市,生活協同組合コープあおもりるいけ店,小売業,食料品,5%
青森県,八戸市,ごとう動物病院,サービス,その他サービス,5%
青森県,八戸市,小向石材工業,小売業,その他小売,5%
青森県,八戸市,ｋｏｍｅｋｕｕｔｏ八戸店,小売業,食料品,5%
青森県,八戸市,コロナセントラルサービス 八戸営,サービス,その他サービス,5%
青森県,八戸市,コンセプトファクトリー,小売業,その他小売,5%
青森県,八戸市,コンセプトファクトリー,小売業,その他小売,5%
青森県,八戸市,さいがみ動物クリニック,サービス,その他サービス,5%
青森県,八戸市,坂下電器,小売業,電化製品,5%
青森県,八戸市,坂本商店,小売業,その他小売,5%
青森県,八戸市,酒のサービスエイト,小売業,食料品,5%
青森県,八戸市,サザンウェイ八戸ＳＳ,小売業,ガソリンスタンド,2%
青森県,八戸市,サバの駅,サービス,飲食業,5%
青森県,八戸市,ｓａｌｏｎ ｃａｃｈｅ－ｃａｃｈ,サービス,理容・美容業,5%
青森県,八戸市,三洋薬品ＨＢＣ株式会社 八戸営業所,小売業,その他小売,5%
青森県,八戸市,三洋薬品ＨＢＣ株式会社 ５３０９３８６０,小売業,その他小売,5%
青森県,八戸市,三洋薬品ＨＢＣ株式会社 ５３０９３８５９,小売業,その他小売,5%
青森県,八戸市,三洋薬品ＨＢＣ株式会社 ５３０９３８７５,小売業,その他小売,5%
青森県,八戸市,幸福ワイン食堂バルバレスコ,サービス,飲食業,5%
青森県,八戸市,ジェームス城下店,小売業,その他小売,2%
青森県,八戸市,シェルフィッシュ,小売業,衣料品,5%
青森県,八戸市,鹿中ＳＳ,小売業,ガソリンスタンド,2%
青森県,八戸市,シティパークホテル八戸,サービス,宿泊業,5%
青森県,八戸市,清水石油ＳＳ,小売業,ガソリンスタンド,2%
青森県,八戸市,ジャム工房Ｏｔｔｅ,サービス,飲食業,5%
青森県,八戸市,Ｓｈｏｏｂｙ Ｄｏｏｂｙ Ｓｈｏｏｂｙ Ｄｏｏｂｙ,小売業,衣料品,5%
青森県,八戸市,笑吉弥,サービス,飲食業,5%
青森県,八戸市,食彩 一会,サービス,飲食業,5%
青森県,八戸市,食品のサービスエイト,小売業,食料品,5%
青森県,八戸市,植物屋ＡＲＡＹＡ,小売業,その他小売,5%
青森県,八戸市,尻内,小売業,ガソリンスタンド,2%
青森県,八戸市,白銀ＳＳ,小売業,ガソリンスタンド,2%
青森県,八戸市,城下ＳＳ,小売業,ガソリンスタンド,2%
青森県,八戸市,新日本補聴器センター八戸店,小売業,その他小売,5%
青森県,八戸市,シンプル,サービス,理容・美容業,5%
青森県,八戸市,新湊ＳＳ,小売業,ガソリンスタンド,2%
青森県,八戸市,Ｓｗｅｅｔ－Ｓａｒａｈ,小売業,衣料品,5%
青森県,八戸市,水彩工房八戸中央店,サービス,その他サービス,5%
青森県,八戸市,水晶堂 城下店,小売業,その他小売,5%
青森県,八戸市,鮨 ほそ畑,サービス,飲食業,5%
青森県,八戸市,寿司処 わさび,サービス,飲食業,5%
青森県,八戸市,すずのき 八戸店,小売業,衣料品,5%
青森県,八戸市,スタジオアミ八戸館,小売業,その他小売,5%
青森県,八戸市,すたみな太郎 八戸店,サービス,飲食業,5%
青森県,八戸市,スペースベン,サービス,その他サービス,5%
青森県,八戸市,セルフステーション青葉,小売業,ガソリンスタンド,2%
青森県,八戸市,セルフステーション下長,小売業,ガソリンスタンド,2%
青森県,八戸市,セルフステーション根城,小売業,ガソリンスタンド,2%
青森県,八戸市,セルフステーション湊高台,小売業,ガソリンスタンド,2%
青森県,八戸市,Ｄｒ．Ｄｒｉｖｅセルフラパス根城店,小売業,ガソリンスタンド,2%
青森県,八戸市,創季屋 八食センター内,小売業,食料品,5%
青森県,八戸市,惣門 白山台スタジオ,サービス,その他サービス,5%
青森県,八戸市,素材礼讃 丹念,サービス,飲食業,5%
青森県,八戸市,ｓｏｉ?ｍｅｍｅ ソワメーム,サービス,その他サービス,5%
青森県,八戸市,大衆酒場 金魚,サービス,飲食業,5%
青森県,八戸市,大衆酒場金魚 下長店,サービス,飲食業,5%
青森県,八戸市,Ｄｉｎｉｎｇ居酒屋貴乃家,サービス,飲食業,5%
青森県,八戸市,高岩ＳＳ,小売業,ガソリンスタンド,2%
青森県,八戸市,辰美,小売業,食料品,5%
青森県,八戸市,種市ＳＳ,小売業,ガソリンスタンド,2%
青森県,八戸市,ＥｎｅＪｅｔ田面木ＳＳ,小売業,ガソリンスタンド,2%
青森県,八戸市,ｃｈａｃｃｏ,小売業,衣料品,5%
青森県,八戸市,中華のご馳走屋,サービス,飲食業,5%
青森県,八戸市,ＴＵＭＵＪＩ ＨＡＩＲ ＴＵＭＵＪＩ ＨＡＩＲ,サービス,理容・美容業,5%
青森県,八戸市,ＴＵＭＵＪＩＨＡＩＲ,サービス,理容・美容業,5%
青森県,八戸市,Ｔｂ?ｔｉｍｅｓ Ｔｂ?ｔｉｍｅｓ,小売業,家具・調度品,5%
青森県,八戸市,Ｄａｉｓｙ 八戸,サービス,理容・美容業,5%
青森県,八戸市,Ｄａｉｓｙ八戸,サービス,理容・美容業,5%
青森県,八戸市,デンキのてらさわ,小売業,電化製品,5%
青森県,八戸市,ドコモショップ八戸湊高台店,小売業,電化製品,5%
青森県,八戸市,ドッグケアサロン ライブ,サービス,その他サービス,5%
青森県,八戸市,ととや烏賊煎,サービス,飲食業,5%
青森県,八戸市,トヨタカローラ八戸石堂店,小売業,その他小売,5%
青森県,八戸市,トヨタカローラ八戸城下店,小売業,その他小売,5%
青森県,八戸市,トヨタカローラ八戸根城店,小売業,その他小売,5%
青森県,八戸市,トヨタカローラ八戸青葉店ＰｉＰｉｔ,小売業,その他小売,5%
青森県,八戸市,トヨタカローラ八戸旭ケ丘店,小売業,その他小売,5%
青森県,八戸市,トヨタカローラ八戸Ｕ－ＭＡＸＣＵＴＥ八戸,小売業,その他小売,5%
青森県,八戸市,トヨタカローラ八戸Ｕ－ＭＡＸ八戸,小売業,その他小売,5%
青森県,八戸市,トヨタレンタリース青森八戸駅東口店,サービス,その他サービス,2%
青森県,八戸市,トヨタレンタリース青森八戸柏崎店,サービス,その他サービス,2%
青森県,八戸市,トヨタレンタリース青森八戸尻内店,サービス,その他サービス,2%
青森県,八戸市,トヨタレンタリース青森八戸白銀店,サービス,その他サービス,2%
青森県,八戸市,ドライヘッドスパ癒頭,サービス,その他サービス,5%
青森県,八戸市,ドラッグショップ カプセル,小売業,その他小売,5%
青森県,八戸市,なかむらストア－,小売業,その他小売,5%
青森県,八戸市,中村スポーツ社,小売業,その他小売,5%
青森県,八戸市,七尾家具百貨店,小売業,家具・調度品,5%
青森県,八戸市,七洋 旭ヶ丘サービス・ステーション,小売業,ガソリンスタンド,2%
青森県,八戸市,七洋 卸センターサービス・ステーション,小売業,ガソリンスタンド,2%
青森県,八戸市,七洋 江陽サービス・ステーション,小売業,ガソリンスタンド,2%
青森県,八戸市,七洋 白銀サービス・ステーション,小売業,ガソリンスタンド,2%
青森県,八戸市,七洋 浜市川サービス・ステーション,小売業,ガソリンスタンド,2%
青森県,八戸市,七洋 類家サービス・ステーション,小売業,ガソリンスタンド,2%
青森県,八戸市,Ｎａｉｌ ＩＲＩＺＯ,サービス,理容・美容業,5%
青森県,八戸市,ＮａｉｌＰａｌｅｔｔｅＧＩＮＺＡ八戸店,サービス,理容・美容業,5%
青森県,八戸市,ネッツトヨタ青森桜ヶ丘店,小売業,その他小売,5%
青森県,八戸市,ネッツトヨタ青森城下店,小売業,その他小売,5%
青森県,八戸市,ネッツトヨタ青森根城店,小売業,その他小売,5%
青森県,八戸市,ＮＯＡ ＮＡＩＬ,サービス,その他サービス,5%
青森県,八戸市,ＮＯＲＴＨｎｅｖｅｒｌａｎｄ,サービス,飲食業,5%
青森県,八戸市,ノースアンドモア,小売業,その他小売,5%
青森県,八戸市,野馬の湯,サービス,その他サービス,5%
青森県,八戸市,バイキング亭,サービス,飲食業,5%
青森県,八戸市,八戸石堂ＳＳ,小売業,ガソリンスタンド,2%
青森県,八戸市,セブン－イレブン八戸一番町店,小売業,食料品,2%
青森県,八戸市,八戸駅通りＳＳ,小売業,ガソリンスタンド,2%
青森県,八戸市,八戸ＳＳ,小売業,ガソリンスタンド,2%
青森県,八戸市,セブン－イレブン八戸大杉平店,小売業,食料品,2%
青森県,八戸市,セブン－イレブン八戸柏崎１丁目店,小売業,食料品,2%
青森県,八戸市,八戸グランドホテル,サービス,宿泊業,5%
青森県,八戸市,セブン－イレブン八戸江陽１丁目店,小売業,食料品,2%
青森県,八戸市,セブン－イレブン八戸小田店,小売業,食料品,2%
青森県,八戸市,セブン－イレブン八戸小中野２丁目店,小売業,食料品,2%
青森県,八戸市,セブン－イレブン八戸小中野６丁目店,小売業,食料品,2%
青森県,八戸市,八戸彩画堂,小売業,その他小売,5%
青森県,八戸市,セブン－イレブン八戸市庁前店,小売業,食料品,2%
青森県,八戸市,セブン－イレブン八戸下長３丁目店,小売業,食料品,2%
青森県,八戸市,セブン－イレブン八戸城下４丁目店,小売業,食料品,2%
青森県,八戸市,はちのへ総合観光プラザ,サービス,その他サービス,5%
青森県,八戸市,セブン－イレブン八戸第３魚市場前店,小売業,食料品,2%
青森県,八戸市,セブン－イレブン八戸高岩店,小売業,食料品,2%
青森県,八戸市,セブン－イレブン八戸田向店,小売業,食料品,2%
青森県,八戸市,セブン－イレブン八戸長苗代２丁目店,小売業,食料品,2%
青森県,八戸市,セブン－イレブン八戸新井田重地店,小売業,食料品,2%
青森県,八戸市,セブン－イレブン八戸糠塚店,小売業,食料品,2%
青森県,八戸市,セブン－イレブン八戸沼館南店,小売業,食料品,2%
青森県,八戸市,八戸根城ＳＳ,小売業,ガソリンスタンド,2%
青森県,八戸市,セブン－イレブン八戸八太郎２丁目店,小売業,食料品,2%
青森県,八戸市,八戸ポータルミュージアムはっち,サービス,その他サービス,5%
青森県,八戸市,八戸焼,小売業,その他小売,5%
青森県,八戸市,はちのへ洋らん園,サービス,その他サービス,5%
青森県,八戸市,八戸類家南ＳＳ,小売業,ガソリンスタンド,2%
青森県,八戸市,八戸ワールドコンタクト,小売業,その他小売,5%
青森県,八戸市,八戸ワールドコンタクト,小売業,その他小売,5%
青森県,八戸市,ＥｎｅＪｅｔ八食センター前ＳＳ,小売業,ガソリンスタンド,2%
青森県,八戸市,八食センターマルサダシマワキ水産,小売業,食料品,5%
青森県,八戸市,パティスリーヤスヒロ,小売業,食料品,5%
青森県,八戸市,ＰＡＴＩＳＳＥＲＩＥ Ｒｏｊｉ パティスリーロジ,小売業,食料品,5%
青森県,八戸市,パナデン やち電器,小売業,電化製品,5%
青森県,八戸市,パナデン いそじま電器,小売業,電化製品,5%
青森県,八戸市,パナデンイレブン八戸家電,小売業,電化製品,5%
青森県,八戸市,パナデンサンリツ,小売業,電化製品,5%
青森県,八戸市,パナデンでんきのイレブン,小売業,電化製品,5%
青森県,八戸市,パナデン戸田家電サービス,小売業,電化製品,5%
青森県,八戸市,パナデンねきゅう,小売業,電化製品,5%
青森県,八戸市,パナデン 橋本電器,小売業,電化製品,5%
青森県,八戸市,パナデン 長谷川電器,小売業,電化製品,5%
青森県,八戸市,パナデンみうら,小売業,電化製品,5%
青森県,八戸市,花のタカテイ,小売業,その他小売,5%
青森県,八戸市,出光浜市川ＳＳ,小売業,ガソリンスタンド,2%
青森県,八戸市,浜市川ＳＳ,小売業,ガソリンスタンド,2%
青森県,八戸市,ピザテン・フォー 八戸根城店 ２,サービス,その他サービス,5%
青森県,八戸市,ピザテン・フォー 八戸湊高台店 ２,サービス,その他サービス,5%
青森県,八戸市,ｂｉｓｔｒｏ ｅｔｏｆｆｅ,サービス,飲食業,5%
青森県,八戸市,びっくりドンキー 八戸城下店,サービス,飲食業,2%
青森県,八戸市,びっくりドンキー 八戸湊高台店,サービス,飲食業,2%
青森県,八戸市,ＢｅａｕｔｙｄｅｓｉｇｎＡＬＯＨＡ,サービス,理容・美容業,5%
青森県,八戸市,美容室 Ｋ２ 白銀店,サービス,理容・美容業,5%
青森県,八戸市,美容室 Ｋ２ 根城店,サービス,理容・美容業,5%
青森県,八戸市,美容室 ＺＩＰＰＹ,サービス,理容・美容業,5%
青森県,八戸市,美容室銀のはさみ下長店,サービス,理容・美容業,5%
青森県,八戸市,美容室Ｋ２石堂店,サービス,理容・美容業,5%
青森県,八戸市,美容室Ｋ２小中野店,サービス,理容・美容業,5%
青森県,八戸市,美容室Ｋ２湊高台店,サービス,理容・美容業,5%
青森県,八戸市,美容室Ｋ２南類家店,サービス,理容・美容業,5%
青森県,八戸市,美容室ベルノ八戸店,サービス,理容・美容業,5%
青森県,八戸市,ファインファーマシー,小売業,その他小売,5%
青森県,八戸市,ｆｉｒｓｔ八戸,サービス,理容・美容業,5%
青森県,八戸市,プーケット アイランド,サービス,飲食業,5%
青森県,八戸市,Ｆｏｒｅｓｔ,サービス,その他サービス,5%
青森県,八戸市,不二動物病院,サービス,その他サービス,5%
青森県,八戸市,ＢＯＯＫ・ＮＥＴ・ＯＮＥ八戸八食店,小売業,書籍・玩具・音楽ＣＤ,2%
青森県,八戸市,ＭＵＳＨＲＯＯＭ,サービス,理容・美容業,5%
青森県,八戸市,Ｂｒｏｗｎｉｅｓ,小売業,衣料品,5%
青森県,八戸市,ｆｌｏｗｅｒ フラワー,サービス,理容・美容業,5%
青森県,八戸市,フラワーショップ空,小売業,その他小売,5%
青森県,八戸市,ヘアーサロン ｉ ヘアーサロンｉ,サービス,理容・美容業,5%
青森県,八戸市,ｈａｉｒ ｓａｌｏｎ ｅｌｅｍｅｎｔ,サービス,理容・美容業,5%
青森県,八戸市,ヘアーサロンフルサワ,サービス,理容・美容業,5%
青森県,八戸市,ヘアースタジオフィート,サービス,理容・美容業,5%
青森県,八戸市,ヘアー＆メイクモンブラン東白山台,サービス,理容・美容業,5%
青森県,八戸市,ヘアー＆メイクモンブラン湊高台,サービス,理容・美容業,5%
青森県,八戸市,ｈａｉｒ ｓａｌｏｎ ｅｆ ｐｌｕｓ Ａ Ｓ,サービス,理容・美容業,5%
青森県,八戸市,ｈａｉｒ ｓａｌｏｎ ｅｆ ｐｌｕｓ 本店,サービス,理容・美容業,5%
青森県,八戸市,ＨＡＩＲ ＳＡＬＯＮ ｊａｍ,サービス,理容・美容業,5%
青森県,八戸市,ＨＡＩＲ ＳＴＵＤＩＯ Ｍ,サービス,理容・美容業,5%
青森県,八戸市,ヘアラウンジウィズ,サービス,理容・美容業,5%
青森県,八戸市,ｐａｌｅｈａｉｒペール,サービス,理容・美容業,5%
青森県,八戸市,ｈｅａｖｅｎｓｖａｐｏｒ,小売業,衣料品,5%
青森県,八戸市,ホテルリバティヒル,サービス,宿泊業,5%
青森県,八戸市,ホテルリバティヒル,サービス,宿泊業,5%
青森県,八戸市,ホルモン豚屋,サービス,飲食業,5%
青森県,八戸市,ホワイト急便八戸工場 一番町店,サービス,その他サービス,5%
青森県,八戸市,ホワイト急便八戸工場 小中野４丁目店,サービス,その他サービス,5%
青森県,八戸市,ホワイト急便八戸工場 ジョイス八戸石堂店,サービス,その他サービス,5%
青森県,八戸市,ホワイト急便八戸工場 ツルハ本八戸駅前店,サービス,その他サービス,5%
青森県,八戸市,ホワイト急便八戸工場 八戸工場前店,サービス,その他サービス,5%
青森県,八戸市,本八戸駅前ＳＳ,小売業,ガソリンスタンド,2%
青森県,八戸市,マエダストア青葉店,小売業,食料品,5%
青森県,八戸市,マエダストア売市店,小売業,食料品,5%
青森県,八戸市,マエダストア大杉平店,小売業,食料品,5%
青森県,八戸市,マエダストア鮫店,小売業,食料品,5%
青森県,八戸市,マエダストア白銀大久保店,小売業,食料品,5%
青森県,八戸市,マエダストア日計店,小売業,食料品,5%
青森県,八戸市,マエダストア湊中道店,小売業,食料品,5%
青森県,八戸市,マクドナルド八戸城下店,サービス,飲食業,2%
青森県,八戸市,マクドナルド八戸ピアドゥ店,サービス,飲食業,2%
青森県,八戸市,マクドナルド八戸南類家店,サービス,飲食業,2%
青森県,八戸市,マクドナルド４５４八戸西店,サービス,飲食業,2%
青森県,八戸市,松膳,サービス,飲食業,5%
青森県,八戸市,マルサダシマワキ水産,小売業,食料品,5%
青森県,八戸市,丸竹島守商店,小売業,食料品,5%
青森県,八戸市,ミウラ電波模型店,小売業,書籍・玩具・音楽ＣＤ,5%
青森県,八戸市,ミシマ自動車整備工場,サービス,その他サービス,5%
青森県,八戸市,Ｍｒ．ＢａｒＢｅｒｊｉｐａｎｇ,サービス,その他サービス,5%
青森県,八戸市,八戸菓子匠 港むら福,小売業,食料品,5%
青森県,八戸市,南類家ＳＳ,小売業,ガソリンスタンド,2%
青森県,八戸市,三八五オートリース,サービス,その他サービス,5%
青森県,八戸市,宮古ヤクルト販売 新港センター,小売業,食料品,5%
青森県,八戸市,めざわ動物病院,サービス,その他サービス,5%
青森県,八戸市,Ｔｏｘｉｃ,サービス,理容・美容業,5%
青森県,八戸市,モリピア やわた,小売業,電化製品,5%
青森県,八戸市,焼肉 からし亭 八戸店,サービス,飲食業,5%
青森県,八戸市,谷地薬局,サービス,その他サービス,5%
青森県,八戸市,ヤマゲンツチヤ,小売業,食料品,5%
青森県,八戸市,八幡ＳＳ,小売業,ガソリンスタンド,2%
青森県,八戸市,ユアーズ八戸ＳＳ,小売業,ガソリンスタンド,2%
青森県,八戸市,有限会社大松 大松タバコ店,小売業,その他小売,5%
青森県,八戸市,有限会社モトショップやまもと,小売業,その他小売,5%
青森県,八戸市,よこまちストア 旭ヶ丘店,小売業,食料品,5%
青森県,八戸市,よこまちストア 一番町店,小売業,食料品,5%
青森県,八戸市,よこまちストア 田面木店,小売業,食料品,5%
青森県,八戸市,よこまちストア 新井田店,小売業,食料品,5%
青森県,八戸市,よこまちストア吹上店,小売業,食料品,5%
青森県,八戸市,吉田金物店,小売業,その他小売,5%
青森県,八戸市,ラピアトラベルカウンター,サービス,その他サービス,5%
青森県,八戸市,ラリア,小売業,貴金属・服飾品,5%
青森県,八戸市,ｌａｍｐ ｈａｉｒ,サービス,理容・美容業,5%
青森県,八戸市,リー ガーデン カフェ,サービス,飲食業,5%
青森県,八戸市,リビングステージ ナナオ,小売業,家具・調度品,5%
青森県,八戸市,ｒｉｐｐｌｅｓ,小売業,その他小売,5%
青森県,八戸市,リペアサービス,サービス,その他サービス,5%
青森県,八戸市,リラクゼーション楽々,サービス,その他サービス,5%
青森県,八戸市,Ｌｅ Ｃｉｅｌ,サービス,理容・美容業,5%
青森県,八戸市,レモンマートやまむら本店,小売業,その他小売,5%
青森県,八戸市,レモンマートやまむら湊高台店,小売業,その他小売,5%
青森県,八戸市,和宏,小売業,食料品,5%
青森県,八戸市,和服屋 八戸店,小売業,衣料品,5%
青森県,八戸市,わんこｉｎ魔女ｃａｆｅ,サービス,その他サービス,5%
青森県,東通村,岩屋ＳＳ,小売業,ガソリンスタンド,2%
青森県,東通村,東通ＳＳ,小売業,ガソリンスタンド,2%
青森県,東通村,南通ＳＳ,小売業,ガソリンスタンド,2%
青森県,平川市,Ａｄｄｒｅｓｓ Ａｄｄｒｅｓｓ平賀店,サービス,理容・美容業,5%
青森県,平川市,かがや酒店合同会社,小売業,食料品,5%
青森県,平川市,柏木温泉,サービス,宿泊業,5%
青森県,平川市,株式会社平賀自動車学校,サービス,その他サービス,5%
青森県,平川市,尾上 ＳＳ,小売業,ガソリンスタンド,2%
青森県,平川市,きむら電器,小売業,電化製品,5%
青森県,平川市,佐藤長尾上店,小売業,食料品,5%
青森県,平川市,佐藤長平賀駅前店,小売業,食料品,5%
青森県,平川市,佐藤長平賀店,小売業,食料品,5%
青森県,平川市,シンデンキ,小売業,電化製品,5%
青森県,平川市,だいにんぐすとん だいにんぐ すとん,サービス,飲食業,5%
青森県,平川市,パナデン小田桐,小売業,電化製品,5%
青森県,平川市,ピザテン・フォー 青森平賀店 ２,サービス,その他サービス,5%
青森県,平川市,平賀ＳＳ,小売業,ガソリンスタンド,2%
青森県,平川市,平賀ＳＳ,小売業,ガソリンスタンド,2%
青森県,平川市,平賀駅前ＳＳ,小売業,ガソリンスタンド,2%
青森県,平川市,平賀ＳＳ,小売業,ガソリンスタンド,2%
青森県,平川市,白金珈琲（プラチナコーヒー）,サービス,その他サービス,5%
青森県,平川市,ヘアーサロン ヤング,サービス,理容・美容業,5%
青森県,平川市,ヘアーサロン ヤング,サービス,理容・美容業,5%
青森県,平川市,ホワイト急便弘前神田工場 いとく平賀店,サービス,その他サービス,5%
青森県,平川市,松崎ＳＳ,小売業,ガソリンスタンド,2%
青森県,平川市,ＴＨＥＬＩＴＴＬＥＯＦＨＡＩＲＤＥＳＩＧＮ,サービス,理容・美容業,5%
青森県,平内町,愛宕ＳＳ,小売業,ガソリンスタンド,2%
青森県,平内町,スナック舞,サービス,飲食業,5%
青森県,平内町,ＢＢＱ舞,サービス,飲食業,5%
青森県,弘前市,アージュ,小売業,衣料品,5%
青森県,弘前市,Ｒ＆ＭＦａｒｍｅｒ＇ｓ,サービス,その他サービス,5%
青森県,弘前市,ＤＯＬＡＮ’Ｓ,サービス,飲食業,5%
青森県,弘前市,青女子ＳＳ,小売業,ガソリンスタンド,2%
青森県,弘前市,青森県庁消費生活協同組合 弘前店,小売業,食料品,5%
青森県,弘前市,青森県物産開発協同組合,サービス,その他サービス,5%
青森県,弘前市,青森トヨペットＴ－ＵＰ西弘,小売業,その他小売,5%
青森県,弘前市,青森トヨペットＴ－ＵＰ弘前神田店,小売業,その他小売,5%
青森県,弘前市,青森トヨペット弘前堅田店,小売業,その他小売,5%
青森県,弘前市,青森トヨペット弘前西弘店,小売業,その他小売,5%
青森県,弘前市,青森ロックサービス,サービス,その他サービス,5%
青森県,弘前市,赤石商店 赤石商店,小売業,食料品,5%
青森県,弘前市,赤から弘前青山店,サービス,飲食業,5%
青森県,弘前市,アクトヘアースタジオ,サービス,理容・美容業,5%
青森県,弘前市,Ａｇｕ ｈａｉｒ Ａｇｕ ｈａｉｒ ｖｉｓｅｏ弘前早稲田,サービス,理容・美容業,5%
青森県,弘前市,Ａｇｕ ｈａｉｒ Ａｇｕ ｈａｉｒ ｖｅｉｌ弘前,サービス,理容・美容業,5%
青森県,弘前市,Ａｇｕ ｈａｉｒ Ａｇｕ ｈａｉｒ ｖｉｏｌａ弘前駅前,サービス,理容・美容業,5%
青森県,弘前市,ａｔｅｌｉｅｒ ｃｏｒｉｃｏ,サービス,理容・美容業,5%
青森県,弘前市,油屋福六,小売業,食料品,5%
青森県,弘前市,あべフローリスト あべフローリスト,小売業,その他小売,5%
青森県,弘前市,アルポルト,サービス,飲食業,5%
青森県,弘前市,ｅｎｓｅｍｂｌｅ,サービス,理容・美容業,5%
青森県,弘前市,石場旅館,サービス,その他サービス,5%
青森県,弘前市,一幸食堂,サービス,飲食業,5%
青森県,弘前市,一戸デンキ,小売業,電化製品,5%
青森県,弘前市,出光弘前バイパスＳＳ,小売業,ガソリンスタンド,2%
青森県,弘前市,出光岩木町ＳＳ,小売業,ガソリンスタンド,2%
青森県,弘前市,岩木町ＳＳ,小売業,ガソリンスタンド,2%
青森県,弘前市,Ｖｉｎｖｉｎｏ,サービス,飲食業,5%
青森県,弘前市,ヴィンテージプレミアム,サービス,理容・美容業,5%
青森県,弘前市,ＥｎｅＪｅｔ弘前城・北ＳＳ,小売業,ガソリンスタンド,2%
青森県,弘前市,ＥｎｅＪｅｔ弘前城・西ＳＳ,小売業,ガソリンスタンド,2%
青森県,弘前市,ＥｎｅＪｅｔ弘前城・東ＳＳ,小売業,ガソリンスタンド,2%
青森県,弘前市,ＡＵＢＥＲＡＢＢＩ,サービス,理容・美容業,5%
青森県,弘前市,大湯石材店,小売業,その他小売,5%
青森県,弘前市,ＥｎｅＪｅｔ大鰐弘前インターＳＳ,小売業,ガソリンスタンド,2%
青森県,弘前市,オプティックカトウ,小売業,貴金属・服飾品,5%
青森県,弘前市,オフハウス 弘前店,小売業,電化製品,2%
青森県,弘前市,小山せんべい店,小売業,食料品,5%
青森県,弘前市,御菓子司緋炉弥,小売業,食料品,5%
青森県,弘前市,温野菜弘前店,サービス,飲食業,2%
青森県,弘前市,かし和や 直ｃｈａｎ,サービス,飲食業,5%
青森県,弘前市,ガスセンター,小売業,ガソリンスタンド,2%
青森県,弘前市,カフェミチル,サービス,飲食業,5%
青森県,弘前市,株式会社ＯＫリフォーム對馬,サービス,その他サービス,5%
青森県,弘前市,クロスジェイ,小売業,その他小売,5%
青森県,弘前市,カブセンター神田店,小売業,食料品,5%
青森県,弘前市,カブセンター 弘前店,小売業,食料品,5%
青森県,弘前市,カプリチョーザ弘前店,サービス,飲食業,5%
青森県,弘前市,ＫＡＭＩＹＡ,サービス,飲食業,5%
青森県,弘前市,カラオケ合衆国 弘前１０２バイパス店,サービス,その他サービス,5%
青森県,弘前市,カラオケ合衆国 弘前城東店,サービス,その他サービス,5%
青森県,弘前市,カラダファクトリー さくら野百貨店弘前店,サービス,その他サービス,5%
青森県,弘前市,カレーハウスＣｏＣｏ壱番屋弘前城東店,サービス,飲食業,2%
青森県,弘前市,函太郎 弘前店,サービス,飲食業,5%
青森県,弘前市,キッズカットルームＨ??Ｔ キッズカットルーム Ｈ??Ｔ,サービス,理容・美容業,5%
青森県,弘前市,牛角弘前店,サービス,飲食業,2%
青森県,弘前市,ｋｉｒｉｎｉ：ｑｕｅ,サービス,理容・美容業,5%
青森県,弘前市,Ｃｒａｆｔ Ｇａｒａｇｅ,小売業,書籍・玩具・音楽ＣＤ,5%
青森県,弘前市,Ｃｌａｒｏｕｓｅ,サービス,その他サービス,5%
青森県,弘前市,ケードラッグ１０１,小売業,その他小売,5%
青森県,弘前市,Ｋｂｌｏｏｍ,小売業,貴金属・服飾品,5%
青森県,弘前市,工芸ショップＴＡＮＡＫＡ,小売業,家具・調度品,5%
青森県,弘前市,弘伸電器,小売業,電化製品,5%
青森県,弘前市,合同会社オフィスＭ,サービス,その他サービス,5%
青森県,弘前市,ごちそうハンバーグ,サービス,飲食業,5%
青森県,弘前市,古民家ｓｕｄａｔｓｕ,小売業,家具・調度品,5%
青森県,弘前市,コロナセントラルサービス 弘前営業所,サービス,その他サービス,5%
青森県,弘前市,Ｓｉｔｅｓ ＆ Ｌａｂ,小売業,衣料品,5%
青森県,弘前市,酒肴風月山水,サービス,飲食業,5%
青森県,弘前市,桜林茶寮,サービス,飲食業,5%
青森県,弘前市,さくらミュ－ジック,小売業,書籍・玩具・音楽ＣＤ,5%
青森県,弘前市,酒のソクハイ弘前鍛冶町店,小売業,その他小売,5%
青森県,弘前市,佐藤長岩木店,小売業,食料品,5%
青森県,弘前市,佐藤長大原店,小売業,食料品,5%
青森県,弘前市,佐藤長堅田店,小売業,食料品,5%
青森県,弘前市,佐藤長小比内店,小売業,食料品,5%
青森県,弘前市,佐藤長下町店,小売業,食料品,5%
青森県,弘前市,佐藤長樹木店,小売業,食料品,5%
青森県,弘前市,佐藤長城東店,小売業,食料品,5%
青森県,弘前市,佐藤長相馬店,小売業,食料品,5%
青森県,弘前市,佐藤長高杉店,小売業,食料品,5%
青森県,弘前市,佐藤長浜の町店,小売業,食料品,5%
青森県,弘前市,佐藤長ヒロロ店,小売業,食料品,5%
青森県,弘前市,佐藤長松森町店,小売業,食料品,5%
青森県,弘前市,さわや,サービス,飲食業,5%
青森県,弘前市,三洋薬品ＨＢＣ株式会社 弘前営業所,小売業,その他小売,5%
青森県,弘前市,ジェム・キュート,小売業,貴金属・服飾品,5%
青森県,弘前市,シカケ,小売業,その他小売,5%
青森県,弘前市,柴田自動車工場,サービス,その他サービス,5%
青森県,弘前市,Ｓｈａｎｄｅｅｌ,サービス,理容・美容業,5%
青森県,弘前市,春光堂,小売業,その他小売,5%
青森県,弘前市,神製麺所 神製麺所,サービス,飲食業,5%
青森県,弘前市,鮨勝,サービス,飲食業,5%
青森県,弘前市,寿司割烹 味新,サービス,飲食業,5%
青森県,弘前市,すずのき 弘前店,小売業,衣料品,5%
青森県,弘前市,すたみな太郎 弘前店,サービス,飲食業,5%
青森県,弘前市,ＴＨＥＳＴＡＢＬＥＳ,小売業,衣料品,5%
青森県,弘前市,Ｓｎｏｗｈａｎｄｍａｄｅ,サービス,その他サービス,5%
青森県,弘前市,スパイラルアップ,サービス,その他サービス,5%
青森県,弘前市,スーパーさとちょう桔梗野店,小売業,食料品,5%
青森県,弘前市,スーパーさとちょうヒロロ店,小売業,食料品,5%
青森県,弘前市,スーパーフリークス弘前中央店,サービス,その他サービス,5%
青森県,弘前市,Sports&Health MOVES,小売業,その他小売,5%
青森県,弘前市,スマイルホテル弘前,サービス,宿泊業,5%
青森県,弘前市,スマイルメガネ,小売業,貴金属・服飾品,5%
青森県,弘前市,炭火焼き鳥 琥珀 駅前店,サービス,飲食業,5%
青森県,弘前市,生活協同組合コープあおもり西弘店,小売業,食料品,5%
青森県,弘前市,生活協同組合コープあおもり松原店,小売業,食料品,5%
青森県,弘前市,整体 陽なた家,サービス,その他サービス,5%
青森県,弘前市,出光セルフ宮園ＳＳ,小売業,ガソリンスタンド,2%
青森県,弘前市,セレッソ城東ＳＳ有限会社須藤善石油店,小売業,ガソリンスタンド,2%
青森県,弘前市,大心中井薬品,サービス,その他サービス,5%
青森県,弘前市,香港韓国ダイニング＆バー 花花,サービス,飲食業,5%
青森県,弘前市,だがし屋,小売業,その他小売,5%
青森県,弘前市,嶽ホテル,サービス,宿泊業,5%
青森県,弘前市,チキポービアボール,サービス,飲食業,5%
青森県,弘前市,ｃｈｉｃｏｒｉ,小売業,衣料品,5%
青森県,弘前市,津軽工房社,サービス,その他サービス,5%
青森県,弘前市,津軽工房社,小売業,その他小売,5%
青森県,弘前市,津軽塗たなか銘産［田町本店］,小売業,家具・調度品,5%
青森県,弘前市,津軽の宿弘前屋,サービス,宿泊業,5%
青森県,弘前市,津軽藩ねぷた村,小売業,その他小売,5%
青森県,弘前市,つるやイオンタウン弘前樋の口店,小売業,衣料品,5%
青森県,弘前市,ティーズカンパニー,サービス,その他サービス,5%
青森県,弘前市,ＴＩＰＳＹ,サービス,飲食業,5%
青森県,弘前市,手もみ処楽弘前堅田店,サービス,その他サービス,5%
青森県,弘前市,手もみ処楽弘前城東店,サービス,その他サービス,5%
青森県,弘前市,出羽青岩アグロ株式会社 弘前支店,小売業,その他小売,5%
青森県,弘前市,東海自動車工業,サービス,その他サービス,5%
青森県,弘前市,Ｄｒ．Ｄｒｉｖｅセルフ青山店,小売業,ガソリンスタンド,2%
青森県,弘前市,Ｄｒ．Ｄｒｉｖｅセルフ神田店,小売業,ガソリンスタンド,2%
青森県,弘前市,Ｄｒ．Ｄｒｉｖｅセルフ和徳店,小売業,ガソリンスタンド,2%
青森県,弘前市,Ｄｒ．Ｄｒｉｖｅ弘前バイパス城東北店,小売業,ガソリンスタンド,2%
青森県,弘前市,Ｄｒ．Ｄｒｉｖｅ弘前店,小売業,ガソリンスタンド,2%
青森県,弘前市,Ｄｒ．Ｄｒｉｖｅ弘前土手町店,小売業,ガソリンスタンド,2%
青森県,弘前市,ドトールコーヒーショップ弘前駅ビル店,サービス,飲食業,2%
青森県,弘前市,トヨタカローラ青森カーチョイス青山,小売業,その他小売,5%
青森県,弘前市,トヨタカローラ青森神田店,小売業,その他小売,5%
青森県,弘前市,トヨタカローラ青森桔梗野店,小売業,その他小売,5%
青森県,弘前市,トヨタカローラ青森城東店,小売業,その他小売,5%
青森県,弘前市,トヨタレンタリース青森 弘前神田店,サービス,その他サービス,2%
青森県,弘前市,トヨタレンタリース青森弘前駅城東口店,サービス,その他サービス,2%
青森県,弘前市,ドラッグストアメガ 弘前駅前店,小売業,その他小売,5%
青森県,弘前市,ＴＲＡＭＰＯ ＳＴＡＤＩＵＭ,サービス,その他サービス,5%
青森県,弘前市,とりでん 弘前土手町店,サービス,飲食業,2%
青森県,弘前市,中三 弘前店,小売業,その他小売,5%
青森県,弘前市,なりたでんき,小売業,電化製品,5%
青森県,弘前市,赤身にくがとう弘前店,サービス,飲食業,5%
青森県,弘前市,西弘前,小売業,ガソリンスタンド,2%
青森県,弘前市,日本料理 藤陣,サービス,飲食業,5%
青森県,弘前市,ネッツトヨタ青森 弘前店,小売業,その他小売,5%
青森県,弘前市,ネッツトヨタ青森城東北店,小売業,その他小売,5%
青森県,弘前市,ＮＯＡＨ移管弘前,小売業,ガソリンスタンド,2%
青森県,弘前市,ＢＡＲＢＥＲ ＳＨＯＰ Ｏｎｅ Ｊｏｙ ＢＡＲＢＥＲＳＨＯＰ Ｏｎｅ Ｊｏｙ,サービス,理容・美容業,5%
青森県,弘前市,ＨＥＲＢ＆ＳＰＩＣＥＣＡＦＥＭＩＮＥＲＡＬ,サービス,飲食業,5%
青森県,弘前市,配送センター,小売業,ガソリンスタンド,2%
青森県,弘前市,花正電気商会,小売業,電化製品,5%
青森県,弘前市,パナデンきくち,小売業,電化製品,5%
青森県,弘前市,パナデン電気堂,小売業,電化製品,5%
青森県,弘前市,パナデン弘前イレブン,小売業,電化製品,5%
青森県,弘前市,ハマダ惣菜,小売業,食料品,5%
青森県,弘前市,ハマダ海産リカーショップ,小売業,食料品,5%
青森県,弘前市,浜のかあちゃん焼魚,小売業,食料品,5%
青森県,弘前市,ハローコーヒー ハローコーヒー,小売業,食料品,5%
青森県,弘前市,晩酌ばる 季喜,サービス,飲食業,5%
青森県,弘前市,ピアチェーレ,サービス,理容・美容業,5%
青森県,弘前市,ＰＰＰ,小売業,家具・調度品,5%
青森県,弘前市,ピザテン・フォー 弘前駒越店 ２,サービス,その他サービス,5%
青森県,弘前市,ピザテン・フォー 弘前城東中央店 ２,サービス,その他サービス,5%
青森県,弘前市,ｂｉｓｔｒｏｐｅｔｉｔ,サービス,飲食業,5%
青森県,弘前市,びっくりドンキー 弘前店,サービス,飲食業,2%
青森県,弘前市,ひのき酵素浴サロンＨｏｃｃｏｒｅｎａｎａ,サービス,理容・美容業,5%
青森県,弘前市,弘前駅前ＳＳ 有限会社須藤善石油店,小売業,ガソリンスタンド,2%
青森県,弘前市,セブン－イレブン弘前駅前３丁目店,小売業,食料品,2%
青森県,弘前市,セブン－イレブン弘前桔梗野店,小売業,食料品,2%
青森県,弘前市,弘前さくら野店,小売業,その他小売,5%
青森県,弘前市,セブン－イレブン弘前小比内５丁目店,小売業,食料品,2%
青森県,弘前市,セブン－イレブン弘前ショッピングプラザシティ店,小売業,食料品,2%
青森県,弘前市,弘前中央 ＳＳ,小売業,ガソリンスタンド,2%
青森県,弘前市,弘前バイパス中央ＳＳ,小売業,ガソリンスタンド,2%
青森県,弘前市,株式会社ＴＲＹＳＡＩＬ,サービス,その他サービス,5%
青森県,弘前市,セブン－イレブン弘前外崎店,小売業,食料品,2%
青森県,弘前市,セブン－イレブン弘前取上２丁目店,小売業,食料品,2%
青森県,弘前市,セブン－イレブン弘前西弘前店,小売業,食料品,2%
青森県,弘前市,弘前東ＳＳ,小売業,ガソリンスタンド,2%
青森県,弘前市,セブン－イレブン弘前東長町店,小売業,食料品,2%
青森県,弘前市,セブン－イレブン弘前弘高下店,小売業,食料品,2%
青森県,弘前市,弘前銘醸酒ショップサン,小売業,食料品,5%
青森県,弘前市,弘前落語ふぁん倶楽部,サービス,その他サービス,5%
青森県,弘前市,ファイテン特約店弘前,小売業,その他小売,5%
青森県,弘前市,ファッションハウスむら久,小売業,衣料品,5%
青森県,弘前市,ｆａｂ,サービス,理容・美容業,5%
青森県,弘前市,ＦＡＶＯＲＩＴＥ ＴＨＩＮＧＳ,サービス,飲食業,5%
青森県,弘前市,フクイ和徳ＳＳ 株式会社フク井,小売業,ガソリンスタンド,2%
青森県,弘前市,福や 銀次郎,サービス,飲食業,5%
青森県,弘前市,ＣＯＯＫＩＥＳ,小売業,衣料品,5%
青森県,弘前市,冨士見橋ＳＳ,小売業,ガソリンスタンド,2%
青森県,弘前市,富士メガネ 弘前ビブレ店,小売業,その他小売,5%
青森県,弘前市,仏壇川村,小売業,家具・調度品,5%
青森県,弘前市,Ｂｏｕｔｉｑｕｅ Ｋ 弘前店,小売業,衣料品,5%
青森県,弘前市,ブティックえま,小売業,衣料品,5%
青森県,弘前市,Ｆｕｓｉｏｎ Ｆｕｓｉｏｎ,サービス,飲食業,5%
青森県,弘前市,ブライダルハウスＢｉＢｉ 弘前店,サービス,その他サービス,5%
青森県,弘前市,フラワー観光 弘前店,サービス,その他サービス,5%
青森県,弘前市,ｂｒａｎｃｈ,サービス,理容・美容業,5%
青森県,弘前市,古家具ミヤマコ,小売業,衣料品,5%
青森県,弘前市,ブロッサムホテル弘前,サービス,宿泊業,5%
青森県,弘前市,べニーマート 松原店,小売業,食料品,5%
青森県,弘前市,星の宿 白鳥座,サービス,宿泊業,5%
青森県,弘前市,ＢＵＴＴＯＮＵＰＣＬＯＴＨＩＮＧ,小売業,衣料品,5%
青森県,弘前市,北興液化ガス株式会社,サービス,その他サービス,5%
青森県,弘前市,Ｂｏｄｙｍａｋｅｓｔｕｄｉｏ Ｙ’ｓ,サービス,その他サービス,5%
青森県,弘前市,ホテルニューキャッスル,サービス,宿泊業,5%
青森県,弘前市,ホワイト急便弘前神田工場 いとくアルカディア店,サービス,その他サービス,5%
青森県,弘前市,ホワイト急便弘前神田工場 ドライブスルー茜町店,サービス,その他サービス,5%
青森県,弘前市,ホワイト急便弘前神田工場 取上店,サービス,その他サービス,5%
青森県,弘前市,ホワイト急便弘前神田工場 浜の町店,サービス,その他サービス,5%
青森県,弘前市,ホワイト急便弘前神田工場 フレッシュ神田店,サービス,その他サービス,5%
青森県,弘前市,ホワイト急便弘前神田工場 松原店,サービス,その他サービス,5%
青森県,弘前市,本社,小売業,ガソリンスタンド,2%
青森県,弘前市,マクドナルド１０２弘前店,サービス,飲食業,2%
青森県,弘前市,マクドナルド弘前大町店,サービス,飲食業,2%
青森県,弘前市,マクドナルド弘前堅田店,サービス,飲食業,2%
青森県,弘前市,マクドナルド弘前さくら野店,サービス,飲食業,2%
青森県,弘前市,増田ＳＳ 増田石油店,小売業,ガソリンスタンド,2%
青森県,弘前市,ｍａｎｓｉｋｋａ,サービス,飲食業,5%
青森県,弘前市,三上無線電気,小売業,電化製品,5%
青森県,弘前市,ＥｎｅＪｅｔ緑ヶ丘ＳＳ,小売業,ガソリンスタンド,2%
青森県,弘前市,宮川ＳＳ,小売業,ガソリンスタンド,2%
青森県,弘前市,宮本工芸,小売業,その他小売,5%
青森県,弘前市,宮脇書店 さくら野弘前店,小売業,書籍・玩具・音楽ＣＤ,5%
青森県,弘前市,メガ城東北店,小売業,その他小売,5%
青森県,弘前市,メガ城東北店,小売業,食料品,5%
青森県,弘前市,メガ城東北店,小売業,食料品,5%
青森県,弘前市,メガネハウス,小売業,その他小売,5%
青森県,弘前市,メガ弘前駅前店,小売業,食料品,5%
青森県,弘前市,Ｍｏｃｏ Ｐｉｒｉｋａ,小売業,その他小売,5%
青森県,弘前市,元鮨,サービス,飲食業,5%
青森県,弘前市,元鮨,サービス,飲食業,5%
青森県,弘前市,モリピアあおもりおだぎり店,小売業,電化製品,5%
青森県,弘前市,安原ＳＳ,小売業,ガソリンスタンド,2%
青森県,弘前市,山・海畑 志乃家,サービス,飲食業,5%
青森県,弘前市,有限会社みちのく電気工業,サービス,その他サービス,5%
青森県,弘前市,有限会社あさだ管工,サービス,その他サービス,5%
青森県,弘前市,有限会社しまや しまや,小売業,その他小売,5%
青森県,弘前市,有限会社マキタ商店 マキタ商店,小売業,食料品,5%
青森県,弘前市,有限会社輪屋商会,小売業,その他小売,5%
青森県,弘前市,夢や,小売業,その他小売,5%
青森県,弘前市,夢や 夢や,小売業,衣料品,5%
青森県,弘前市,ヨガスタジオ リライト,サービス,その他サービス,5%
青森県,弘前市,よしじん,サービス,飲食業,5%
青森県,弘前市,ＬＡ ＳＡＩＳＯＮ,小売業,その他小売,5%
青森県,弘前市,ラグノオ,小売業,食料品,5%
青森県,弘前市,ラブリーマツミヤ,小売業,電化製品,5%
青森県,弘前市,ＲａｎｄＢＥＡＮ弘前店,小売業,家具・調度品,5%
青森県,弘前市,リベルタ城東ＳＳ,小売業,ガソリンスタンド,2%
青森県,弘前市,リベルタつかのＳＳ,小売業,ガソリンスタンド,2%
青森県,弘前市,ｒｅ?ｌｉｇｈｔ,サービス,その他サービス,5%
青森県,弘前市,Ｌｉｌｙ Ｎａｉｌ,サービス,理容・美容業,5%
青森県,弘前市,レストラン居酒屋 ビアード,サービス,飲食業,5%
青森県,弘前市,レストランセーブル,サービス,飲食業,5%
青森県,弘前市,ＲＥＴＲＯ ＧＡＬＬＥＲＹ,小売業,衣料品,5%
青森県,弘前市,ＹＳＰ 弘前,小売業,その他小売,5%
青森県,弘前市,ＹＳＰ 弘前南,小売業,その他小売,5%
青森県,弘前市,渡辺電器店,小売業,電化製品,5%
青森県,深浦町,有限会社堀内油店,小売業,ガソリンスタンド,2%
青森県,深浦町,ウェスパ椿山 ガラス工房,サービス,宿泊業,5%
青森県,深浦町,ウェスパ椿山 物産館,サービス,宿泊業,5%
青森県,深浦町,ウェスパ椿山 フロント,サービス,宿泊業,5%
青森県,深浦町,ウェスパ椿山 レストラン,サービス,宿泊業,5%
青森県,深浦町,出光追良瀬ＳＳ,小売業,ガソリンスタンド,2%
青森県,深浦町,菊地商店,小売業,食料品,5%
青森県,深浦町,黄金崎不老ふ死温泉,サービス,宿泊業,5%
青森県,深浦町,出光関ＳＳ,小売業,ガソリンスタンド,2%
青森県,深浦町,出光深浦ＳＳ,小売業,ガソリンスタンド,2%
青森県,深浦町,深浦ＳＳ,小売業,ガソリンスタンド,2%
青森県,深浦町,臨海ＳＳ,小売業,ガソリンスタンド,2%
青森県,藤崎町,アントルメ佐藤菓子店,小売業,食料品,5%
青森県,藤崎町,出光弘前北ＳＳ,小売業,ガソリンスタンド,2%
青森県,藤崎町,ＪＭ／キルズヘアー,サービス,理容・美容業,5%
青森県,藤崎町,Ｋｉｌｌ ｓ Ｈａｉｒ,サービス,理容・美容業,5%
青森県,藤崎町,佐藤長常盤店,小売業,食料品,5%
青森県,藤崎町,株式会社高松技研,小売業,その他小売,5%
青森県,藤崎町,中華そば 我が家,サービス,飲食業,5%
青森県,藤崎町,鉄道模型キッチン,小売業,その他小売,5%
青森県,藤崎町,鉄道模型キッチン,サービス,その他サービス,5%
青森県,藤崎町,常盤ＳＳ,小売業,ガソリンスタンド,2%
青森県,藤崎町,常盤ＳＳ,小売業,ガソリンスタンド,2%
青森県,藤崎町,トキワ車検センター,サービス,その他サービス,5%
青森県,藤崎町,ドリス工藤酒店 ドリス工藤酒店,小売業,食料品,5%
青森県,藤崎町,西村井ＳＳ,小売業,ガソリンスタンド,2%
青森県,藤崎町,パナデンふじ,小売業,電化製品,5%
青森県,藤崎町,藤崎ＳＳ,小売業,ガソリンスタンド,2%
青森県,藤崎町,セブン－イレブン藤崎町村井店,小売業,食料品,2%
青森県,藤崎町,富士メガネ 藤崎店,小売業,その他小売,5%
青森県,三沢市,青森トヨペット三沢店,小売業,その他小売,5%
青森県,三沢市,アキハバラ電器,小売業,電化製品,5%
青森県,三沢市,Ａｇｕ ｈａｉｒ Ａｇｕ ｈａｉｒ ｇａｌｅ三沢,サービス,理容・美容業,5%
青森県,三沢市,居酒屋 くいしんぼ,サービス,飲食業,5%
青森県,三沢市,石岡スポーツ,小売業,その他小売,5%
青森県,三沢市,ＡＭＢ,小売業,その他小売,5%
青森県,三沢市,ＳＲＭ株式会社 Ｓｈａｎｇｒｉ?ｌａ,サービス,宿泊業,5%
青森県,三沢市,Ｍｓａｌｏｎ,サービス,理容・美容業,5%
青森県,三沢市,株式会社十字屋 十字屋本店,小売業,衣料品,5%
青森県,三沢市,からし亭 三沢南町店,サービス,飲食業,5%
青森県,三沢市,軽米ＳＳ,小売業,ガソリンスタンド,2%
青森県,三沢市,カレーハウスＣｏＣｏ壱番屋三沢南山店,サービス,飲食業,2%
青森県,三沢市,牛角三沢店,サービス,飲食業,2%
青森県,三沢市,クリーニングのブルースター松園店,サービス,その他サービス,5%
青森県,三沢市,合同会社Ｎｏｒｉｕｓ,サービス,飲食業,5%
青森県,三沢市,KOMEKUUTO三沢店,小売業,その他小売,5%
青森県,三沢市,コメクート三沢店,小売業,その他小売,5%
青森県,三沢市,酒処黒部ゑ,サービス,飲食業,5%
青森県,三沢市,三洋薬品ＨＢＣ株式会社 ５３０９３８６１,小売業,その他小売,5%
青森県,三沢市,ジェイボーイ三沢店,小売業,その他小売,5%
青森県,三沢市,Ｇｉｇｉ,小売業,その他小売,5%
青森県,三沢市,ＣｈａｍｐｓｄｅｓＬｉｌａｓ,サービス,その他サービス,5%
青森県,三沢市,Ｃｈａｍｐｓ ｄｅｓ Ｌｉｌａｓ Ｃｈａｍｐｓ ｄｅｓ Ｌｉｌａｓ,サービス,理容・美容業,5%
青森県,三沢市,鮨十兵衛,サービス,飲食業,5%
青森県,三沢市,深南ＳＳ,小売業,ガソリンスタンド,2%
青森県,三沢市,深南セルフＳＳ,小売業,ガソリンスタンド,2%
青森県,三沢市,新和商会,サービス,その他サービス,5%
青森県,三沢市,鮨道楽 一八,サービス,飲食業,5%
青森県,三沢市,Ｄｉｎｉｎｇ Ｃａｆｅ Ｂａｒ Ｈｕｎｇｒｙ Ｊｏｋｅｒ,サービス,飲食業,5%
青森県,三沢市,トヨタカローラ八戸三沢店,小売業,その他小売,5%
青森県,三沢市,トヨタレンタリース青森三沢空港店,サービス,その他サービス,2%
青森県,三沢市,中村理容所,サービス,理容・美容業,5%
青森県,三沢市,ナンシーズ,小売業,家具・調度品,5%
青森県,三沢市,ニュー五日市ＳＳ,小売業,ガソリンスタンド,2%
青森県,三沢市,ネッツトヨタ青森三沢店,小売業,その他小売,5%
青森県,三沢市,パナデン アキハバラ電器,小売業,電化製品,5%
青森県,三沢市,ピザテン・フォー 青森三沢店 ２,サービス,その他サービス,5%
青森県,三沢市,ピッツェリア マッシモ,サービス,飲食業,5%
青森県,三沢市,美容室 Ｔｒｕｅ,サービス,理容・美容業,5%
青森県,三沢市,美容室オーブ三沢店,サービス,理容・美容業,5%
青森県,三沢市,ひらの洋服店 本店,小売業,衣料品,5%
青森県,三沢市,ひらの洋服店 三沢基地厚生センター店,小売業,衣料品,5%
青森県,三沢市,Ｆａｉｒ Ｗａｙ,サービス,飲食業,5%
青森県,三沢市,富士自動車整備工場,小売業,その他小売,5%
青森県,三沢市,ブタミンＢ 三沢中央町店,サービス,飲食業,5%
青森県,三沢市,古田電機商会,小売業,電化製品,5%
青森県,三沢市,ベルハウス,小売業,衣料品,5%
青森県,三沢市,ホテルグランヒル,サービス,宿泊業,5%
青森県,三沢市,ホテル天水,サービス,宿泊業,5%
青森県,三沢市,マエダストア三沢店,小売業,食料品,5%
青森県,三沢市,マクドナルド三沢店,サービス,飲食業,2%
青森県,三沢市,三沢ＳＳ,小売業,ガソリンスタンド,2%
青森県,三沢市,三沢ＳＳ,小売業,ガソリンスタンド,2%
青森県,三沢市,セブン－イレブン三沢下久保１丁目店,小売業,食料品,2%
青森県,三沢市,株式会社三沢タクシー,サービス,その他サービス,5%
青森県,三沢市,宮野薬局,小売業,その他小売,5%
青森県,三沢市,ｍｏｄｅ株式会社,サービス,その他サービス,5%
青森県,三沢市,モードハンナ モードハンナ,小売業,衣料品,5%
青森県,三沢市,焼肉レストラン昌月園,サービス,飲食業,5%
青森県,三沢市,有限会社 小野モータース,小売業,その他小売,5%
青森県,三沢市,有限会社東北自動車,サービス,その他サービス,5%
青森県,三沢市,よこまちストア 三沢店,小売業,食料品,5%
青森県,三沢市,ラポール ヘア リゾート,サービス,理容・美容業,5%
青森県,三沢市,ＪＭ／ｒｉｃｏ,サービス,飲食業,5%
青森県,むつ市,青森県庁消費生活協同組合 むつ店,小売業,食料品,5%
青森県,むつ市,青森トヨペットＴ－ＵＰむつ,小売業,その他小売,5%
青森県,むつ市,青森トヨペットむつ店,小売業,その他小売,5%
青森県,むつ市,アスティむつ中央店,小売業,衣料品,5%
青森県,むつ市,艮珈琲店,サービス,飲食業,5%
青森県,むつ市,エスエムスタンド中央ＳＳ,小売業,ガソリンスタンド,2%
青森県,むつ市,エスエムスタンド仲町ＳＳ,小売業,ガソリンスタンド,2%
青森県,むつ市,大畑バイパスＳＳ,小売業,ガソリンスタンド,2%
青森県,むつ市,大畑東ＳＳ,小売業,ガソリンスタンド,2%
青森県,むつ市,大畑東ＳＳ,小売業,ガソリンスタンド,2%
青森県,むつ市,大畑マツダ,小売業,その他小売,5%
青森県,むつ市,株式会社吉田ボデー,サービス,その他サービス,5%
青森県,むつ市,カラオケ合衆国 むつ店,サービス,その他サービス,5%
青森県,むつ市,牛角むつ店,サービス,飲食業,2%
青森県,むつ市,源氏車,サービス,飲食業,5%
青森県,むつ市,ｃｏｒｒｅｃｔ ｍｅｇａｎｅ,小売業,その他小売,5%
青森県,むつ市,佐藤長新町店,小売業,食料品,5%
青森県,むつ市,佐藤長中央店,小売業,食料品,5%
青森県,むつ市,佐藤長むつ松木屋店,小売業,食料品,5%
青森県,むつ市,三代目 藤村商店,サービス,飲食業,5%
青森県,むつ市,サンマモルワイナリー,小売業,食料品,5%
青森県,むつ市,ジェームスむつ店,小売業,その他小売,2%
青森県,むつ市,下北川内,小売業,ガソリンスタンド,2%
青森県,むつ市,スーパーエチゴヤ,小売業,その他小売,5%
青森県,むつ市,スーパーエチゴヤ,小売業,食料品,5%
青森県,むつ市,すずのき むつ店,小売業,衣料品,5%
青森県,むつ市,スーパーさとちょう新町店,小売業,食料品,5%
青森県,むつ市,セルフ大畑バイパスＳＳ,小売業,ガソリンスタンド,2%
青森県,むつ市,ダイニングカフェ アリセス,サービス,宿泊業,5%
青森県,むつ市,竹内テレビ修理店,小売業,電化製品,5%
青森県,むつ市,トヨタカローラ八戸むつ店,小売業,その他小売,5%
青森県,むつ市,トヨタカローラ八戸Ｕ－ＭＡＸむつ,小売業,その他小売,5%
青森県,むつ市,トヨタレンタリース青森むつ店,サービス,その他サービス,2%
青森県,むつ市,楠こう,サービス,飲食業,5%
青森県,むつ市,ネッツトヨタ青森むつ店,小売業,その他小売,5%
青森県,むつ市,ピザテン・フォー 青森むつ店 ２,サービス,その他サービス,5%
青森県,むつ市,ホテルユニサイトむつ,サービス,宿泊業,5%
青森県,むつ市,マウスパートナー,小売業,電化製品,5%
青森県,むつ市,マエダ,小売業,食料品,5%
青森県,むつ市,マエダ 西バイパス店,小売業,その他小売,5%
青森県,むつ市,マエダ［衣料］,小売業,衣料品,5%
青森県,むつ市,マエダストア大畑店,小売業,食料品,5%
青森県,むつ市,マエダストア大湊店,小売業,食料品,5%
青森県,むつ市,マエダストア大湊バイパス店,小売業,食料品,5%
青森県,むつ市,マエダストア川内店,小売業,食料品,5%
青森県,むつ市,マエダストア苫生店,小売業,食料品,5%
青森県,むつ市,マエダストアむつ中央店,小売業,食料品,5%
青森県,むつ市,マエダ百貨店,小売業,その他小売,5%
青森県,むつ市,マエダ本店,小売業,その他小売,5%
青森県,むつ市,マエダ本店 衣料品,小売業,衣料品,5%
青森県,むつ市,マクドナルドむつ中央店,サービス,飲食業,2%
青森県,むつ市,みなみや,小売業,食料品,5%
青森県,むつ市,みなみや マエダ店,小売業,食料品,5%
青森県,むつ市,むつＳＳ,小売業,ガソリンスタンド,2%
青森県,むつ市,むつＳＳ,小売業,ガソリンスタンド,2%
青森県,むつ市,むつＳＳ セルフ,小売業,ガソリンスタンド,2%
青森県,むつ市,むつグリーンホテル,サービス,宿泊業,5%
青森県,むつ市,むつ西ＳＳ,小売業,ガソリンスタンド,2%
青森県,むつ市,むら井旅館,サービス,宿泊業,5%
青森県,むつ市,村建ハウジング,サービス,その他サービス,5%
青森県,むつ市,モリピアにしぼり,小売業,電化製品,5%
青森県,むつ市,有限会社 菊池整備,サービス,その他サービス,5%
青森県,むつ市,有限会社 メガネのふじや,小売業,その他小売,5%
青森県,むつ市,ランクレむつマエダ店,小売業,貴金属・服飾品,5%
青森県,むつ市,ＬＩＸＩＬリフォームショップ 協栄建設,サービス,その他サービス,2%
青森県,むつ市,理容美容ロダン 理容美容ロダン,サービス,理容・美容業,5%
青森県,むつ市,若佐鈑金,サービス,その他サービス,5%
青森県,横浜町,トラベルプラザ・サンシャイン,小売業,食料品,5%
青森県,横浜町,吹越ＳＳ,小売業,ガソリンスタンド,2%
青森県,六戸町,株式会社サテライト六戸 インフォメーション,サービス,その他サービス,5%
青森県,六戸町,クリーニングのブルースター六戸店,サービス,その他サービス,5%
青森県,六戸町,マエダストア六戸店,小売業,食料品,5%
青森県,六戸町,六戸ＳＳ,小売業,ガソリンスタンド,2%
青森県,六戸町,六戸中央ＳＳ,小売業,ガソリンスタンド,2%
青森県,六ヶ所村,スパハウスろっかぽっか,サービス,その他サービス,5%
青森県,六ヶ所村,田村モータース株式会社,サービス,その他サービス,5%
青森県,六ヶ所村,東洋社六ヵ所リーブ店,サービス,その他サービス,5%
青森県,六ヶ所村,泊ＳＳ,小売業,ガソリンスタンド,2%
青森県,六ヶ所村,泊 ＳＳ,小売業,ガソリンスタンド,2%
青森県,六ヶ所村,とまりクリーニング 本店,サービス,その他サービス,5%
青森県,六ヶ所村,ビジネス旅館 俺の宿,サービス,宿泊業,5%
青森県,六ヶ所村,ホテル市原クラブ六ヶ所店,サービス,宿泊業,5%
青森県,六ヶ所村,マエダストア 六ヶ所店,小売業,食料品,5%
青森県,六ヶ所村,マエダストア六ケ所店,小売業,食料品,5%
青森県,六ヶ所村,むつ小川原ＳＳ,小売業,ガソリンスタンド,2%
青森県,六ヶ所村,やまに種市商店,小売業,食料品,5%
青森県,六ヶ所村,出光六ケ所ＳＳ,小売業,ガソリンスタンド,2%
青森県,六ヶ所村,六ヶ所ＳＳ 有限会社六ヶ所燃料,小売業,ガソリンスタンド,2%
