鹿児島県,姶良市,アーツ ファクトリーフォト ビデオ,サービス,その他サービス,5%
鹿児島県,姶良市,セブン－イレブン姶良インター店,小売業,食料品,2%
鹿児島県,姶良市,姶良営業所,小売業,ガソリンスタンド,2%
鹿児島県,姶良市,姶良セントラルＳＳ,小売業,ガソリンスタンド,2%
鹿児島県,姶良市,姶良総合運動公園前ＳＳ,小売業,ガソリンスタンド,2%
鹿児島県,姶良市,セブン－イレブン姶良西餅田店,小売業,食料品,2%
鹿児島県,姶良市,姶良バイパスセルフＳＳ,小売業,ガソリンスタンド,2%
鹿児島県,姶良市,セブン－イレブン姶良東餅田店,小売業,食料品,2%
鹿児島県,姶良市,Ａｇｕ ｈａｉｒ Ａｇｕ ｈａｉｒ ｌｉｍｅ姶良,サービス,理容・美容業,5%
鹿児島県,姶良市,有村電気商会,小売業,電化製品,5%
鹿児島県,姶良市,ＡＲＧＯＳｇａｒｄｅｎｔｅｒｒａｃｅ姶良店,小売業,衣料品,5%
鹿児島県,姶良市,アレーズ姶良,小売業,衣料品,5%
鹿児島県,姶良市,伊かお,サービス,飲食業,5%
鹿児島県,姶良市,ｉｓｓｉｎ姶良店,サービス,飲食業,5%
鹿児島県,姶良市,ウィングモータース,その他業種,ー,5%
鹿児島県,姶良市,エステ ＷＡＭ 姶良店,サービス,理容・美容業,5%
鹿児島県,姶良市,オートガレージ相良,小売業,その他小売,5%
鹿児島県,姶良市,カーショップ ＢＥＡＣＳ,小売業,その他小売,5%
鹿児島県,姶良市,海鮮七海,サービス,飲食業,5%
鹿児島県,姶良市,カキウチ自動車姶良店,サービス,その他サービス,5%
鹿児島県,姶良市,鹿児島県中古自動車販売商工組合,小売業,その他小売,5%
鹿児島県,姶良市,鹿児島東部ヤクルト販売 蒲生姶良センター,小売業,食料品,5%
鹿児島県,姶良市,鹿児島東部ヤクルト販売 姶良重富センター,小売業,食料品,5%
鹿児島県,姶良市,鹿児島東部ヤクルト販売 加治木センター,小売業,食料品,5%
鹿児島県,姶良市,加治木ＳＳ,小売業,ガソリンスタンド,2%
鹿児島県,姶良市,セブン－イレブン加治木木田店,小売業,食料品,2%
鹿児島県,姶良市,セブン－イレブン加治木小学校前店,小売業,食料品,2%
鹿児島県,姶良市,セブン－イレブン加治木本町店,小売業,食料品,2%
鹿児島県,姶良市,ＫａＳｕＲｉ,サービス,理容・美容業,5%
鹿児島県,姶良市,カービューティートラスト,サービス,その他サービス,5%
鹿児島県,姶良市,株式会社佛壇の古屋鋪 姶良店,小売業,家具・調度品,5%
鹿児島県,姶良市,かめや釣具 鹿児島姶良店,小売業,その他小売,5%
鹿児島県,姶良市,セブン－イレブン蒲生高校前店,小売業,食料品,2%
鹿児島県,姶良市,カレーハウスＣｏＣｏ壱番屋加治木店,サービス,飲食業,2%
鹿児島県,姶良市,川村ふとん店,小売業,その他小売,5%
鹿児島県,姶良市,九州プラット,小売業,電化製品,5%
鹿児島県,姶良市,ケセラボ,サービス,その他サービス,5%
鹿児島県,姶良市,ゴンゼレス イオンタウン姶良店,小売業,衣料品,5%
鹿児島県,姶良市,サンニューズ姶良店,小売業,電化製品,5%
鹿児島県,姶良市,サンニューズたつみ店,小売業,電化製品,5%
鹿児島県,姶良市,三和電機,小売業,電化製品,5%
鹿児島県,姶良市,ＣＤＦエタンデュイオンタウン姶良店,小売業,家具・調度品,5%
鹿児島県,姶良市,重富ＳＳ,小売業,ガソリンスタンド,2%
鹿児島県,姶良市,ＪｏＪｏ食堂 ＪｏＪｏ食堂,サービス,飲食業,5%
鹿児島県,姶良市,新富町ＳＳ,小売業,ガソリンスタンド,2%
鹿児島県,姶良市,セブンプラザ姶良店,小売業,電化製品,5%
鹿児島県,姶良市,セブンプラザエース店,小売業,電化製品,5%
鹿児島県,姶良市,セブンプラザ加治木店,小売業,電化製品,5%
鹿児島県,姶良市,セブンプラザ重富店,小売業,電化製品,5%
鹿児島県,姶良市,セントラル姶良ＳＳ,小売業,ガソリンスタンド,2%
鹿児島県,姶良市,タートルスポーツクラブ姶良店,サービス,その他サービス,5%
鹿児島県,姶良市,田中蒲鉾店,小売業,食料品,5%
鹿児島県,姶良市,帖佐ステラ動物病院,サービス,その他サービス,5%
鹿児島県,姶良市,堂免堂 堂免堂,小売業,食料品,5%
鹿児島県,姶良市,時計メガネのササヤマ,小売業,貴金属・服飾品,5%
鹿児島県,姶良市,トヨタ部品鹿児島共販姶良営業所,その他業種,ー,5%
鹿児島県,姶良市,トロイメロイ,小売業,家具・調度品,5%
鹿児島県,姶良市,ながいクリーニング,サービス,その他サービス,5%
鹿児島県,姶良市,（有）中島電器商会,小売業,電化製品,5%
鹿児島県,姶良市,南国ホンダ姶良店,その他業種,ー,5%
鹿児島県,姶良市,Ｈｅｒｓｈｅｒイオンタウン姶良店,小売業,総合（非専門）,5%
鹿児島県,姶良市,バイクフォーラム,小売業,その他小売,5%
鹿児島県,姶良市,ヒューズ姶良店,小売業,衣料品,5%
鹿児島県,姶良市,平松ＳＳ,小売業,ガソリンスタンド,2%
鹿児島県,姶良市,ふく福加治木店,サービス,飲食業,5%
鹿児島県,姶良市,ｐｅｔｉｔ ｂｏｎｂｏｎ 姶良店,小売業,総合（非専門）,5%
鹿児島県,姶良市,マダムハウス姶良店,小売業,衣料品,5%
鹿児島県,姶良市,プレデフランセ イオンタウン姶良店,小売業,衣料品,5%
鹿児島県,姶良市,ＦｒｉｅｎｄｅｅＡｕｔｏ,小売業,その他小売,5%
鹿児島県,姶良市,ｈａｉｒ Ｑｕｉｃｈｅｓ,サービス,理容・美容業,5%
鹿児島県,姶良市,ヘアーラボ アンバー,サービス,理容・美容業,5%
鹿児島県,姶良市,Ｈａｉｒ Ｄｅｓｉｇｎ Ｌｕｃｅ,サービス,理容・美容業,5%
鹿児島県,姶良市,ｐｅｒｍａｎｅｎｔｅ,小売業,その他小売,5%
鹿児島県,姶良市,芳香園 Ｇｒｅｅｎ Ｔｅａ Ｆｉｅｌｄｓ,小売業,食料品,5%
鹿児島県,姶良市,マイまくらイオンタウン姶良店,小売業,家具・調度品,5%
鹿児島県,姶良市,マエカド,サービス,その他サービス,5%
鹿児島県,姶良市,マクドナルド加治木バイパス店,サービス,飲食業,2%
鹿児島県,姶良市,南九州自販,サービス,その他サービス,5%
鹿児島県,姶良市,麺屋むすび,サービス,飲食業,5%
鹿児島県,姶良市,森三姶良店,小売業,食料品,5%
鹿児島県,姶良市,森三スリーフォレスト店,小売業,食料品,5%
鹿児島県,姶良市,アーツ・ファクトリーフォト＆ビデオ,サービス,その他サービス,5%
鹿児島県,姶良市,ライフサポートのあ,サービス,運輸業,5%
鹿児島県,阿久根市,阿久根港ＳＳ,小売業,ガソリンスタンド,2%
鹿児島県,阿久根市,阿久根福田デンキ,小売業,電化製品,5%
鹿児島県,阿久根市,出光阿久根ＳＳ,小売業,ガソリンスタンド,2%
鹿児島県,阿久根市,出光脇本ＳＳ,小売業,ガソリンスタンド,2%
鹿児島県,阿久根市,イロドリ,その他業種,ー,5%
鹿児島県,阿久根市,Ｄｒ．Ｄｒｉｖｅ Ｍ－ｓｐｏｔ新町 Ｓ,小売業,ガソリンスタンド,2%
鹿児島県,阿久根市,大石酒造,小売業,食料品,5%
鹿児島県,阿久根市,大平商店,小売業,総合（非専門）,5%
鹿児島県,阿久根市,カーメイトはりま,小売業,その他小売,5%
鹿児島県,阿久根市,かつ膳,サービス,飲食業,5%
鹿児島県,阿久根市,くすりのドリーム,小売業,その他小売,5%
鹿児島県,阿久根市,Ｄｒ．ＤｒｉｖｅさんぱちＱＳＳ,小売業,ガソリンスタンド,2%
鹿児島県,阿久根市,塩屋ホステル,サービス,宿泊業,5%
鹿児島県,阿久根市,ＪｕｓｔＳｈｏｐてらち,小売業,家具・調度品,5%
鹿児島県,阿久根市,セブンプラザ脇本店,小売業,電化製品,5%
鹿児島県,阿久根市,Ｄｒ．Ｄｒｉｖｅセルフ阿久根ＳＳ,小売業,ガソリンスタンド,2%
鹿児島県,阿久根市,鶴川内給油所,小売業,ガソリンスタンド,2%
鹿児島県,阿久根市,トゥモロウ脇本店,小売業,食料品,5%
鹿児島県,阿久根市,ドコデン光,小売業,電化製品,5%
鹿児島県,阿久根市,ハモニカン,サービス,飲食業,5%
鹿児島県,阿久根市,牧之内油槽所,小売業,ガソリンスタンド,2%
鹿児島県,阿久根市,リバーサイド大曲ＳＳ 上脇石油,小売業,ガソリンスタンド,2%
鹿児島県,天城町,浅間ＳＳ,小売業,ガソリンスタンド,2%
鹿児島県,天城町,オリックスレンタカー徳之島空港店,サービス,その他サービス,2%
鹿児島県,天城町,ガスト－ル永岡,小売業,総合（非専門）,5%
鹿児島県,天城町,ショップ かんだ ショップかんだ,小売業,食料品,5%
鹿児島県,天城町,セブンプラザ天城店,小売業,電化製品,5%
鹿児島県,天城町,宝石油 岡前ＳＳ,小売業,ガソリンスタンド,2%
鹿児島県,天城町,徳田百貨店,小売業,総合（非専門）,5%
鹿児島県,天城町,永岡ＳＳ,小売業,ガソリンスタンド,2%
鹿児島県,天城町,ハウステル,サービス,宿泊業,5%
鹿児島県,天城町,平土野ＳＳ,小売業,ガソリンスタンド,2%
鹿児島県,天城町,ほんごう商店 ほんごう商店,小売業,食料品,5%
鹿児島県,天城町,松原ＳＳ,小売業,ガソリンスタンド,2%
鹿児島県,奄美市,赤木名ＳＳ,小売業,ガソリンスタンド,2%
鹿児島県,奄美市,朝戸ＳＳ,小売業,ガソリンスタンド,2%
鹿児島県,奄美市,Ｄｒ．Ｄｒｉｖｅあさひ町ＳＳ,小売業,ガソリンスタンド,2%
鹿児島県,奄美市,ＡＳＩＶＩ,サービス,飲食業,5%
鹿児島県,奄美市,奄美営業所,小売業,ガソリンスタンド,2%
鹿児島県,奄美市,奄美空港通りＳＳ,小売業,ガソリンスタンド,2%
鹿児島県,奄美市,奄美空港前ＳＳ,小売業,ガソリンスタンド,2%
鹿児島県,奄美市,奄美山海幸房島一,小売業,食料品,5%
鹿児島県,奄美市,奄美サンプラザホテル,サービス,宿泊業,5%
鹿児島県,奄美市,奄美つり倶楽部,サービス,理容・美容業,5%
鹿児島県,奄美市,奄美メディアステーション,サービス,その他サービス,5%
鹿児島県,奄美市,奄美ラッキ－レンタカ－,サービス,その他サービス,5%
鹿児島県,奄美市,有馬朝仁ＳＳ,小売業,ガソリンスタンド,2%
鹿児島県,奄美市,アロアロイエロー,小売業,その他小売,5%
鹿児島県,奄美市,アンティカ 奄美店,小売業,食料品,5%
鹿児島県,奄美市,いずむりかふぇ,サービス,飲食業,5%
鹿児島県,奄美市,伊津部ＳＳ,小売業,ガソリンスタンド,2%
鹿児島県,奄美市,出光名瀬SS,小売業,ガソリンスタンド,2%
鹿児島県,奄美市,岩城メガネ・コンタクト,小売業,その他小売,5%
鹿児島県,奄美市,ａｉｒｙ,小売業,衣料品,5%
鹿児島県,奄美市,ａｉｒｙ,小売業,衣料品,5%
鹿児島県,奄美市,エステ ＷＡＭ 奄美店,サービス,理容・美容業,5%
鹿児島県,奄美市,オリックスレンタカー奄美空港前店,サービス,その他サービス,2%
鹿児島県,奄美市,架空食堂ｋｕｒａｕ,サービス,飲食業,5%
鹿児島県,奄美市,菓子工房春風堂,小売業,食料品,5%
鹿児島県,奄美市,ＫａｚｂｏＳｕｒｆ，ＳＵＰａｎｄＶｉｌｌａ,その他業種,ー,5%
鹿児島県,奄美市,株式会社ＳＱ,小売業,衣料品,5%
鹿児島県,奄美市,（有）観光ネットワーク奄美,サービス,その他サービス,5%
鹿児島県,奄美市,空港前ＳＳ,小売業,ガソリンスタンド,2%
鹿児島県,奄美市,神戸唐唐亭奄美大島店,サービス,飲食業,5%
鹿児島県,奄美市,小宿ＳＳ,小売業,ガソリンスタンド,2%
鹿児島県,奄美市,塩浜ＳＳ,小売業,ガソリンスタンド,2%
鹿児島県,奄美市,島人マ－ト石橋店,小売業,総合（非専門）,5%
鹿児島県,奄美市,島人マ－ト住用店,小売業,総合（非専門）,5%
鹿児島県,奄美市,若石足もみぷくぷく堂,サービス,理容・美容業,5%
鹿児島県,奄美市,ＺＯＯ～ｓｅｃｏｎｄ～,小売業,衣料品,5%
鹿児島県,奄美市,住用ＳＳ,小売業,ガソリンスタンド,2%
鹿児島県,奄美市,ＳＥＰＴ,小売業,衣料品,5%
鹿児島県,奄美市,セブンプラザ いのり,小売業,電化製品,5%
鹿児島県,奄美市,Ｄｉｎｉｎｇ 絆,サービス,飲食業,5%
鹿児島県,奄美市,紬レザーかすり,小売業,衣料品,5%
鹿児島県,奄美市,富乃屋呉服店,小売業,衣料品,5%
鹿児島県,奄美市,永田橋ＳＳ,小売業,ガソリンスタンド,2%
鹿児島県,奄美市,Ｄｒ．ＤｒｉｖｅながはまＳＳ,小売業,ガソリンスタンド,2%
鹿児島県,奄美市,名瀬ＳＳ,小売業,ガソリンスタンド,2%
鹿児島県,奄美市,真名津ＳＳ,小売業,ガソリンスタンド,2%
鹿児島県,奄美市,浜里ＳＳ,小売業,ガソリンスタンド,2%
鹿児島県,奄美市,原ハブ屋奄美,小売業,衣料品,5%
鹿児島県,奄美市,晴れるベーカリー,小売業,食料品,5%
鹿児島県,奄美市,ヒヤリングセンター奄美,小売業,その他小売,5%
鹿児島県,奄美市,ｈａｉｒ＆ｍａｋｅｕｐ ＣＥＬＬ,サービス,理容・美容業,5%
鹿児島県,奄美市,ｐｅｃｏｒａ,小売業,その他小売,5%
鹿児島県,奄美市,ホステルパンダのねぐら,サービス,その他サービス,5%
鹿児島県,奄美市,ホテルウエストコート奄美２,サービス,宿泊業,5%
鹿児島県,奄美市,本社,小売業,ガソリンスタンド,2%
鹿児島県,奄美市,まーさん市場末広店,小売業,総合（非専門）,5%
鹿児島県,奄美市,Ｄｒ．Ｄｒｉｖｅ真名津ＳＳ,小売業,ガソリンスタンド,2%
鹿児島県,奄美市,丸一ふとん店,その他業種,ー,5%
鹿児島県,奄美市,ＭＩＯＩＭ,小売業,衣料品,5%
鹿児島県,奄美市,港町ＳＳ,小売業,ガソリンスタンド,2%
鹿児島県,奄美市,Ｄｒ．Ｄｒｉｖｅみなと町ＳＳ,小売業,ガソリンスタンド,2%
鹿児島県,奄美市,山田ＳＳ,小売業,ガソリンスタンド,2%
鹿児島県,奄美市,ヤマトマリン ヤマトマリン,小売業,その他小売,5%
鹿児島県,奄美市,㈲アドヴァンスランド,サービス,宿泊業,5%
鹿児島県,奄美市,ユニマーレ,サービス,その他サービス,5%
鹿児島県,奄美市,ｒｅｌａｘ,サービス,理容・美容業,5%
鹿児島県,伊佐市,池畑印刷,サービス,その他サービス,5%
鹿児島県,伊佐市,セブン－イレブン伊佐大口大田店,小売業,食料品,2%
鹿児島県,伊佐市,イサムカーショップ,小売業,その他小売,5%
鹿児島県,伊佐市,イサムカーショップ 重留展示場,小売業,その他小売,5%
鹿児島県,伊佐市,ＩＳＨＩＫＡＷＡ ＡＵＴＯ 伊佐出張所,サービス,その他サービス,5%
鹿児島県,伊佐市,ＩＴＳ大口ＳＳ,小売業,ガソリンスタンド,2%
鹿児島県,伊佐市,Ｄｒ．Ｄｒｉｖｅ大口中央ＳＳ,小売業,ガソリンスタンド,2%
鹿児島県,伊佐市,Ｄｒ．Ｄｒｉｖｅ大口中央ＳＳ,小売業,ガソリンスタンド,2%
鹿児島県,伊佐市,大口中央スズキ,サービス,その他サービス,5%
鹿児島県,伊佐市,Ｋ－ＡＤＭ 川原自動車,サービス,その他サービス,5%
鹿児島県,伊佐市,玄米ペーストぱん工房やまびこの郷,その他業種,ー,5%
鹿児島県,伊佐市,セブンプラザ 大口店,小売業,電化製品,5%
鹿児島県,伊佐市,セレモニーやまおく大口,小売業,その他小売,5%
鹿児島県,伊佐市,髙山自動車板金塗装,サービス,その他サービス,5%
鹿児島県,伊佐市,南国ホンダ,その他業種,ー,5%
鹿児島県,伊佐市,菱刈ホンダ 大口店,サービス,その他サービス,5%
鹿児島県,伊佐市,菱刈ホンダ販売,サービス,その他サービス,5%
鹿児島県,伊佐市,フレッシュフィールドなりざわ羽月店,小売業,食料品,5%
鹿児島県,伊佐市,北薩営業所,小売業,ガソリンスタンド,2%
鹿児島県,伊佐市,メガネのかめざわ,小売業,その他小売,5%
鹿児島県,伊佐市,米倉デンキ,小売業,電化製品,5%
鹿児島県,出水市,飛鳥ラーメン,サービス,飲食業,5%
鹿児島県,出水市,池林鈑金塗装工場,サービス,その他サービス,5%
鹿児島県,出水市,出水ＳＳ,小売業,ガソリンスタンド,2%
鹿児島県,出水市,出水南口ＳＳ 笹野石油ガス,小売業,ガソリンスタンド,2%
鹿児島県,出水市,岩﨑美容室,サービス,理容・美容業,5%
鹿児島県,出水市,ウイークリーリバーサイド,サービス,宿泊業,5%
鹿児島県,出水市,ウェディングマイン出水店,サービス,その他サービス,5%
鹿児島県,出水市,宇佐商会,サービス,その他サービス,5%
鹿児島県,出水市,江内給油所,小売業,ガソリンスタンド,2%
鹿児島県,出水市,エニカフェ ｃａｆｅ ｈａｎｄｍａｄｅ ａｎｙｔｈｉｎｇ,サービス,飲食業,5%
鹿児島県,出水市,沖田セルフＳＳ,小売業,ガソリンスタンド,2%
鹿児島県,出水市,奥田モータース商会,サービス,その他サービス,5%
鹿児島県,出水市,温泉センターもみじ,サービス,その他サービス,5%
鹿児島県,出水市,Ｃａｆｅ ぐらんぱ,サービス,飲食業,5%
鹿児島県,出水市,株式会社佛壇の古屋鋪 出水店,小売業,家具・調度品,5%
鹿児島県,出水市,上知識ＳＳ 川俣石油,小売業,ガソリンスタンド,2%
鹿児島県,出水市,カレーライスの店 刻音 カレーライスの店刻音,サービス,飲食業,5%
鹿児島県,出水市,クリーニングショップ ウェーブ 西出水本店,サービス,その他サービス,5%
鹿児島県,出水市,クレインオートタビラ,その他業種,ー,5%
鹿児島県,出水市,有限会社建四郎,サービス,飲食業,5%
鹿児島県,出水市,米ノ津ＳＳ,小売業,ガソリンスタンド,2%
鹿児島県,出水市,米ノ津ＳＳ,小売業,ガソリンスタンド,2%
鹿児島県,出水市,米ノ津ＳＳ チヅル石油,小売業,ガソリンスタンド,2%
鹿児島県,出水市,さこ薬店,小売業,その他小売,5%
鹿児島県,出水市,Ｚｉｐ！！,サービス,飲食業,5%
鹿児島県,出水市,スーパーよしだ鹿島店,小売業,食料品,5%
鹿児島県,出水市,スーパーよしだ鹿島店,小売業,食料品,5%
鹿児島県,出水市,スーパーよしだ西ノ口店,小売業,食料品,5%
鹿児島県,出水市,セブンプラザ ながぞの,小売業,電化製品,5%
鹿児島県,出水市,セブンプラザエジソン館,小売業,電化製品,5%
鹿児島県,出水市,セブンプラザフタバヤ,小売業,電化製品,5%
鹿児島県,出水市,セルフ米ノ津給油所,小売業,ガソリンスタンド,2%
鹿児島県,出水市,Ｄｒ．Ｄｒｉｖｅセルフ２４かごしまＴ ＳＳ,小売業,ガソリンスタンド,2%
鹿児島県,出水市,Ｄｒ．Ｄｒｉｖｅセルフ２４かごしまＴＳＳ,小売業,ガソリンスタンド,2%
鹿児島県,出水市,だいわ高尾野店,小売業,食料品,5%
鹿児島県,出水市,Ｄｒ．Ｄｒｉｖｅセルフ高尾野ＳＳ,小売業,ガソリンスタンド,2%
鹿児島県,出水市,高尾野ＳＳ 東原石油,小売業,ガソリンスタンド,2%
鹿児島県,出水市,田口商会,サービス,その他サービス,5%
鹿児島県,出水市,田原自動車,その他業種,ー,5%
鹿児島県,出水市,民宿 月のうさぎ,サービス,宿泊業,5%
鹿児島県,出水市,トゥモロウ下水流店,小売業,食料品,5%
鹿児島県,出水市,トゥモロウ高尾野店,小売業,食料品,5%
鹿児島県,出水市,ドコデンうえの,小売業,電化製品,5%
鹿児島県,出水市,ナカグマ,小売業,その他小売,5%
鹿児島県,出水市,西出水ＳＳ,小売業,ガソリンスタンド,2%
鹿児島県,出水市,西出水給油所,小売業,ガソリンスタンド,2%
鹿児島県,出水市,Ｄｒ．Ｄｒｉｖｅセルフ２４米ノ津ＳＳ,小売業,ガソリンスタンド,2%
鹿児島県,出水市,農家民宿 たけ山荘,サービス,宿泊業,5%
鹿児島県,出水市,農家民宿江内自然治癒の里,サービス,宿泊業,5%
鹿児島県,出水市,ＮＯ ＮＡＭＥ,サービス,飲食業,5%
鹿児島県,出水市,ピザテン・フォー 鹿児島出水店 2,サービス,その他サービス,5%
鹿児島県,出水市,美容室 Ｌｕｃｉａ Ｂｌａｎｃｏ,サービス,理容・美容業,5%
鹿児島県,出水市,美容室ＭＯＲＥ,サービス,理容・美容業,5%
鹿児島県,出水市,ふく福 出水店,サービス,飲食業,5%
鹿児島県,出水市,プラッセだいわ出水店,小売業,食料品,5%
鹿児島県,出水市,ホンダカーズ 出水,サービス,その他サービス,5%
鹿児島県,出水市,マクドナルド出水店,サービス,飲食業,2%
鹿児島県,出水市,マツダオートザム 出水,サービス,運輸業,5%
鹿児島県,出水市,マルイ運輸 自動車整備工場,小売業,ガソリンスタンド,2%
鹿児島県,出水市,マルイふれあいサービスステーション,小売業,ガソリンスタンド,2%
鹿児島県,出水市,ｍａｒｃｅｌｌｏ,サービス,飲食業,5%
鹿児島県,出水市,緑町ＳＳ,小売業,ガソリンスタンド,2%
鹿児島県,出水市,むらさき堂,小売業,衣料品,5%
鹿児島県,出水市,モバイル修理．ｊｐ出水店,サービス,その他サービス,5%
鹿児島県,出水市,有限会社 湯川内温泉,サービス,宿泊業,5%
鹿児島県,出水市,有限会社大園電機,小売業,その他小売,5%
鹿児島県,出水市,有限会社南州メディカル出水店,小売業,その他小売,5%
鹿児島県,出水市,ロイヤルインステーションプラザ,サービス,宿泊業,5%
鹿児島県,出水市,ロータス森谷,小売業,その他小売,5%
鹿児島県,出水市,わかすぎ米穀,小売業,食料品,5%
鹿児島県,出水市,わかすぎ米穀,小売業,食料品,5%
鹿児島県,出水市,わらびの丘ペンション,サービス,宿泊業,5%
鹿児島県,伊仙町,伊仙ＳＳ,小売業,ガソリンスタンド,2%
鹿児島県,伊仙町,犬田布ＳＳ,小売業,ガソリンスタンド,2%
鹿児島県,伊仙町,面縄ＳＳ 重田石油,小売業,ガソリンスタンド,2%
鹿児島県,伊仙町,ス－パ－ＴＡＩＨＥＩ,小売業,総合（非専門）,5%
鹿児島県,伊仙町,総合衣料品店 もとだ もとだ,小売業,衣料品,5%
鹿児島県,いちき串木野市,セブン－イレブンいちき大里店,小売業,食料品,2%
鹿児島県,いちき串木野市,セブン－イレブンいちき庁舎前店,小売業,食料品,2%
鹿児島県,いちき串木野市,市来ＳＳ 松崎興油,小売業,ガソリンスタンド,2%
鹿児島県,いちき串木野市,御倉町ＳＳ,小売業,ガソリンスタンド,2%
鹿児島県,いちき串木野市,神薗自動車展示場,サービス,その他サービス,5%
鹿児島県,いちき串木野市,川元写真館,サービス,その他サービス,5%
鹿児島県,いちき串木野市,串木野ＳＳ,小売業,ガソリンスタンド,2%
鹿児島県,いちき串木野市,セブン－イレブン串木野インター店,小売業,食料品,2%
鹿児島県,いちき串木野市,串木野大原町ＳＳ,小売業,ガソリンスタンド,2%
鹿児島県,いちき串木野市,串木野港ＳＳ 有限会社串木野石油,小売業,ガソリンスタンド,2%
鹿児島県,いちき串木野市,セブン－イレブン串木野浜ケ城店,小売業,食料品,2%
鹿児島県,いちき串木野市,さつま動物病院,サービス,その他サービス,5%
鹿児島県,いちき串木野市,セブンプラザ串木野店,小売業,電化製品,5%
鹿児島県,いちき串木野市,セルフ市来ＳＳ,小売業,ガソリンスタンド,2%
鹿児島県,いちき串木野市,太陽自動車,小売業,その他小売,5%
鹿児島県,いちき串木野市,だいわ串木野店,小売業,食料品,5%
鹿児島県,いちき串木野市,中央オートサービス,サービス,その他サービス,5%
鹿児島県,いちき串木野市,寺田屋,小売業,食料品,5%
鹿児島県,いちき串木野市,ドコデンいちき店,小売業,電化製品,5%
鹿児島県,いちき串木野市,濵田スタンドＳＳ,小売業,ガソリンスタンド,2%
鹿児島県,いちき串木野市,ＢＡＲＩＱＵＡＮＤ,サービス,理容・美容業,5%
鹿児島県,いちき串木野市,ブーランジェリークープ,小売業,食料品,5%
鹿児島県,いちき串木野市,ホテルアクシアくしきの,サービス,宿泊業,5%
鹿児島県,いちき串木野市,ポノボーノ,サービス,飲食業,5%
鹿児島県,いちき串木野市,メガネ技術館キヨミズ,小売業,貴金属・服飾品,5%
鹿児島県,いちき串木野市,有限会社菓子処菊屋,小売業,食料品,5%
鹿児島県,いちき串木野市,吉国電機,小売業,電化製品,5%
鹿児島県,いちき串木野市,ロータストメモリ,サービス,その他サービス,5%
鹿児島県,指宿市,アクセス不動産株式会社,その他業種,ー,5%
鹿児島県,指宿市,池田 ＳＳ,小売業,ガソリンスタンド,2%
鹿児島県,指宿市,指宿営業所,小売業,ガソリンスタンド,2%
鹿児島県,指宿市,指宿温泉こらんの湯 錦江楼,サービス,宿泊業,5%
鹿児島県,指宿市,指宿海上ホテル,サービス,宿泊業,5%
鹿児島県,指宿市,指宿こころの湯,サービス,その他サービス,5%
鹿児島県,指宿市,セブン－イレブン指宿市役所前店,小売業,食料品,2%
鹿児島県,指宿市,いぶすき秀水園,サービス,宿泊業,5%
鹿児島県,指宿市,セブン－イレブン指宿西方店,小売業,食料品,2%
鹿児島県,指宿市,指宿フェニックスホテル,サービス,宿泊業,5%
鹿児島県,指宿市,指宿民宿千成荘,サービス,宿泊業,5%
鹿児島県,指宿市,セブン－イレブン指宿山川大山店,小売業,食料品,2%
鹿児島県,指宿市,セブン－イレブン指宿山川大成店,小売業,食料品,2%
鹿児島県,指宿市,セブン－イレブン指宿渡瀬通り店,小売業,食料品,2%
鹿児島県,指宿市,うっかり八兵衛 うっかり八兵衛,サービス,飲食業,5%
鹿児島県,指宿市,絵付工房秋月窯,その他業種,ー,5%
鹿児島県,指宿市,大浪カメラ,小売業,その他小売,5%
鹿児島県,指宿市,岡村商店,小売業,食料品,5%
鹿児島県,指宿市,開聞ＳＳ,小売業,ガソリンスタンド,2%
鹿児島県,指宿市,かいもん市場久太郎,小売業,食料品,5%
鹿児島県,指宿市,開聞十町ＳＳ,小売業,ガソリンスタンド,2%
鹿児島県,指宿市,指宿ＳＳ,小売業,ガソリンスタンド,2%
鹿児島県,指宿市,株式会社佛壇の古屋鋪 指宿店,小売業,家具・調度品,5%
鹿児島県,指宿市,カレーＤＯほっと,サービス,飲食業,5%
鹿児島県,指宿市,ギャラリーカフェ華なん,サービス,飲食業,5%
鹿児島県,指宿市,くつろぎ処 なんつぁならん,サービス,飲食業,5%
鹿児島県,指宿市,ゲストハウスライダースイン指宿,サービス,その他サービス,5%
鹿児島県,指宿市,こころの食彩館,小売業,食料品,5%
鹿児島県,指宿市,古民家で昼ごはん梅里 古民家で昼ごはん梅里,サービス,飲食業,5%
鹿児島県,指宿市,坂元薬局,小売業,その他小売,5%
鹿児島県,指宿市,サンステージ指宿ＳＳ,小売業,ガソリンスタンド,2%
鹿児島県,指宿市,サンニューズつるぞの店,小売業,電化製品,5%
鹿児島県,指宿市,老舗精肉 上高原,小売業,食料品,5%
鹿児島県,指宿市,絶景露天風呂の宿 指宿ロイヤルホテル,サービス,宿泊業,5%
鹿児島県,指宿市,セブンプラザ山川店,小売業,電化製品,5%
鹿児島県,指宿市,大成ＳＳ,小売業,ガソリンスタンド,2%
鹿児島県,指宿市,種子屋久高速船指宿営業所,サービス,運輸業,5%
鹿児島県,指宿市,恒吉石油 山川ＳＳ,小売業,ガソリンスタンド,2%
鹿児島県,指宿市,美容室シャラン,サービス,理容・美容業,5%
鹿児島県,指宿市,てぞの精肉店,小売業,食料品,5%
鹿児島県,指宿市,徳光ＳＳ,小売業,ガソリンスタンド,2%
鹿児島県,指宿市,成川ＳＳ,小売業,ガソリンスタンド,2%
鹿児島県,指宿市,南薩アクティビティ 七宝,サービス,その他サービス,5%
鹿児島県,指宿市,花の温泉ホテル吟松,サービス,宿泊業,5%
鹿児島県,指宿市,ビジネスホテル 古里,サービス,宿泊業,5%
鹿児島県,指宿市,プラッセだいわ指宿店,小売業,食料品,5%
鹿児島県,指宿市,ふるさとショップ 指宿駅売店,小売業,食料品,5%
鹿児島県,指宿市,Ｈａｉｒ ＰＵ。,サービス,理容・美容業,5%
鹿児島県,指宿市,前野石油 ニコニコレンタカー,小売業,ガソリンスタンド,2%
鹿児島県,指宿市,マクドナルド２２６指宿店,サービス,飲食業,2%
鹿児島県,指宿市,宮ヶ浜ＳＳ,小売業,ガソリンスタンド,2%
鹿児島県,指宿市,民宿 たかよし,サービス,宿泊業,5%
鹿児島県,指宿市,焼肉なべしま指宿店,サービス,飲食業,5%
鹿児島県,指宿市,山川ＳＳ,小売業,ガソリンスタンド,2%
鹿児島県,指宿市,有限会社丸山印刷,サービス,その他サービス,5%
鹿児島県,指宿市,吉田石油株式会社山川ＳＳ,小売業,ガソリンスタンド,2%
鹿児島県,指宿市,リサイクルストアハッピー,その他業種,ー,5%
鹿児島県,指宿市,旅館 月見荘,サービス,宿泊業,5%
鹿児島県,宇検村,宇検ＳＳ,小売業,ガソリンスタンド,2%
鹿児島県,宇検村,とよひかり珈琲店,サービス,飲食業,5%
鹿児島県,大崎町,ＥＣＣ大崎教室,その他業種,ー,5%
鹿児島県,大崎町,居酒屋 白鶴 炭火焼鳥ももえちゃん,サービス,飲食業,5%
鹿児島県,大崎町,大崎給油所,小売業,ガソリンスタンド,2%
鹿児島県,大崎町,大崎セントラルＳＳ,小売業,ガソリンスタンド,2%
鹿児島県,大崎町,大崎中央ＳＳ,小売業,ガソリンスタンド,2%
鹿児島県,大崎町,鹿児島東部ヤクルト販売 大崎センター,小売業,食料品,5%
鹿児島県,大崎町,カフェ・ド・グリルサザンクロス,サービス,飲食業,5%
鹿児島県,大崎町,セブンプラザ大崎店,小売業,電化製品,5%
鹿児島県,大崎町,だいわ大崎店,小売業,食料品,5%
鹿児島県,大崎町,永吉給油所,小売業,ガソリンスタンド,2%
鹿児島県,大崎町,ネオプラスキヨヤマ本店,小売業,電化製品,5%
鹿児島県,大崎町,菱田ＳＳ,小売業,ガソリンスタンド,2%
鹿児島県,大崎町,マツザカヤ ファミリーショップ マツザカヤ,小売業,衣料品,5%
鹿児島県,大崎町,持留ＳＳ,小売業,ガソリンスタンド,2%
鹿児島県,鹿児島市,Ａｇｅ,小売業,その他小売,5%
鹿児島県,鹿児島市,ａｒｔｒｏｏｍｃｈａｃｈａ,サービス,その他サービス,5%
鹿児島県,鹿児島市,アーユルヴェーダスリランカ,サービス,その他サービス,5%
鹿児島県,鹿児島市,ｉｉＳｉｌｋ工房,小売業,衣料品,5%
鹿児島県,鹿児島市,愛甲治療,サービス,理容・美容業,5%
鹿児島県,鹿児島市,Ａｕｇｕｒｉｏ,サービス,飲食業,5%
鹿児島県,鹿児島市,アカヤコーヒー,サービス,飲食業,2%
鹿児島県,鹿児島市,Ａｇｕ ｈａｉｒ Ａｇｕ ｈａｉｒ ｒｅｇａｌ谷山,サービス,理容・美容業,5%
鹿児島県,鹿児島市,Ａｇｕ ｈａｉｒ Ａｇｕ ｈａｉｒ ｃｕｒｒｅｎｔ鹿児島,サービス,理容・美容業,5%
鹿児島県,鹿児島市,Ａｇｕ ｈａｉｒ Ａｇｕ ｈａｉｒ ｌｅｏｎ紫原,サービス,理容・美容業,5%
鹿児島県,鹿児島市,Ａｇｕ ｈａｉｒ Ａｇｕ ｈａｉｒ ｒｉａｃｈ鹿児島,サービス,理容・美容業,5%
鹿児島県,鹿児島市,Ａｇｕ ｈａｉｒ Ａｇｕ ｈａｉｒ ｍａｒｋａ鹿児島,サービス,理容・美容業,5%
鹿児島県,鹿児島市,朝日屋,小売業,家具・調度品,5%
鹿児島県,鹿児島市,Ａｇｅｅ ＷＡＭ,サービス,理容・美容業,5%
鹿児島県,鹿児島市,Ａｇｅｅ ＷＡＭ 天文館店,サービス,理容・美容業,5%
鹿児島県,鹿児島市,ＡＪＩＴＯ,サービス,飲食業,5%
鹿児島県,鹿児島市,味処あづま,サービス,飲食業,5%
鹿児島県,鹿児島市,ａｚｕｒ,小売業,その他小売,5%
鹿児島県,鹿児島市,Ａ ｚ?ＨＡＩＲ Ａ ｚ?ＨＡＩＲ,サービス,理容・美容業,5%
鹿児島県,鹿児島市,頭の揉みほぐし専門店ｒｅｌａｘｊａｓｍｉｎｅ,サービス,理容・美容業,5%
鹿児島県,鹿児島市,ＡＳＨ,サービス,その他サービス,5%
鹿児島県,鹿児島市,アットアゴー,小売業,その他小売,5%
鹿児島県,鹿児島市,アットアゴー アットアゴー,小売業,その他小売,5%
鹿児島県,鹿児島市,アトリエ ユニ,小売業,衣料品,5%
鹿児島県,鹿児島市,奄美の里,小売業,総合（非専門）,5%
鹿児島県,鹿児島市,Ａｍｅｌｉｅ ｂｅａｕｔｅ （アメリボーテ）,サービス,理容・美容業,5%
鹿児島県,鹿児島市,あらた,サービス,飲食業,5%
鹿児島県,鹿児島市,荒田給油所,小売業,ガソリンスタンド,2%
鹿児島県,鹿児島市,アリオン,サービス,理容・美容業,5%
鹿児島県,鹿児島市,ＡＬＰＨＡＧＹＭ,その他業種,ー,5%
鹿児島県,鹿児島市,Ａｒｒｅｒａ,サービス,理容・美容業,5%
鹿児島県,鹿児島市,ａｌｏｈａ運転代行,サービス,その他サービス,5%
鹿児島県,鹿児島市,ＡＮＣＨＯＲ．,サービス,理容・美容業,5%
鹿児島県,鹿児島市,ＵｎｃｌｅＣｈａｒｌｉｅＣＯＬＬＥＣＴＩＯＮ,小売業,衣料品,5%
鹿児島県,鹿児島市,ＡＮＴＩＬＬ,小売業,衣料品,5%
鹿児島県,鹿児島市,池田自動車販売,サービス,その他サービス,5%
鹿児島県,鹿児島市,居酒屋 福らく,サービス,飲食業,5%
鹿児島県,鹿児島市,居酒屋きく屋,サービス,飲食業,5%
鹿児島県,鹿児島市,居酒屋でんすけ,サービス,飲食業,5%
鹿児島県,鹿児島市,居酒屋八十,サービス,飲食業,5%
鹿児島県,鹿児島市,伊敷ＳＳ,小売業,ガソリンスタンド,2%
鹿児島県,鹿児島市,伊敷花野ＳＳ,小売業,ガソリンスタンド,2%
鹿児島県,鹿児島市,伊敷団地ＳＳ,小売業,ガソリンスタンド,2%
鹿児島県,鹿児島市,いちにぃさん アプラ鹿児島店,サービス,飲食業,5%
鹿児島県,鹿児島市,いちにぃさん 天文館店,サービス,飲食業,5%
鹿児島県,鹿児島市,いちにぃさん 本店,サービス,飲食業,5%
鹿児島県,鹿児島市,市場食堂 天文館店,サービス,飲食業,5%
鹿児島県,鹿児島市,市場バリュースズヒガシ,小売業,食料品,5%
鹿児島県,鹿児島市,ｉｓｓｉｎ中央店,サービス,飲食業,5%
鹿児島県,鹿児島市,Ｉｎｅｓ,サービス,理容・美容業,5%
鹿児島県,鹿児島市,ＩＮＯ ＦＬＯＷＥＲＳ,小売業,その他小売,5%
鹿児島県,鹿児島市,井上商工株式会社,小売業,ガソリンスタンド,2%
鹿児島県,鹿児島市,ＩＬＭＯＲＥ,サービス,飲食業,5%
鹿児島県,鹿児島市,岩崎自動車鈑金塗装,サービス,その他サービス,5%
鹿児島県,鹿児島市,岩元精肉店,小売業,食料品,5%
鹿児島県,鹿児島市,インテリアサロンふたつき,小売業,家具・調度品,5%
鹿児島県,鹿児島市,インテリアショップライフ 鹿児島,小売業,その他小売,5%
鹿児島県,鹿児島市,ＷＩＣＫＹ’Ｓ ＨＯＵＳＥ,サービス,飲食業,5%
鹿児島県,鹿児島市,Ｖｏｔｒｅｆｌｅｕｒ,小売業,その他小売,5%
鹿児島県,鹿児島市,ウガリ電器,小売業,電化製品,5%
鹿児島県,鹿児島市,牛山自動車,サービス,その他サービス,5%
鹿児島県,鹿児島市,うすき動物病院,サービス,その他サービス,5%
鹿児島県,鹿児島市,ヴルカーノ,サービス,飲食業,5%
鹿児島県,鹿児島市,エーアイディー 鹿児島店,小売業,家具・調度品,5%
鹿児島県,鹿児島市,英国風バルＢＩＧＢＥＮ（ビッグベン）,サービス,飲食業,5%
鹿児島県,鹿児島市,エクスターミネーター,その他業種,ー,5%
鹿児島県,鹿児島市,菊水寝具店,その他業種,ー,5%
鹿児島県,鹿児島市,ｅｚｅ ｅｚｅ エズ,小売業,貴金属・服飾品,5%
鹿児島県,鹿児島市,Ｓ ｇａｒａｇｅ,小売業,その他小売,5%
鹿児島県,鹿児島市,エステ ＷＡＭ いづろ店,サービス,理容・美容業,5%
鹿児島県,鹿児島市,エステ ＷＡＭ 鹿児島店,サービス,理容・美容業,5%
鹿児島県,鹿児島市,エステ ＷＡＭ 中山店,サービス,理容・美容業,5%
鹿児島県,鹿児島市,エフアンドエム,小売業,その他小売,5%
鹿児島県,鹿児島市,Ｆ Ｂ Ｖ ｔｈｅ Ｃｅｎｔｅｒ Ｆ Ｂ Ｖ ｔｈｅ Ｃｅｎｔｅｒ,小売業,衣料品,5%
鹿児島県,鹿児島市,Ｅｌｄｅｒ,小売業,家具・調度品,5%
鹿児島県,鹿児島市,縁サポートＪｉｎ,サービス,その他サービス,2%
鹿児島県,鹿児島市,エンゼルキッズ薬局店,小売業,その他小売,5%
鹿児島県,鹿児島市,おウチｄｅぎゅう太,サービス,飲食業,5%
鹿児島県,鹿児島市,大賀薬局 市立病院前店,小売業,その他小売,5%
鹿児島県,鹿児島市,ＡＵＧＧＩＥ ＡＵＧＧＩＥ,小売業,衣料品,5%
鹿児島県,鹿児島市,オートガレージウメゾノ,サービス,その他サービス,5%
鹿児島県,鹿児島市,オートショップＩＳＯ,サービス,その他サービス,5%
鹿児島県,鹿児島市,オートテック,サービス,その他サービス,5%
鹿児島県,鹿児島市,オートモービル マツオカ,小売業,その他小売,5%
鹿児島県,鹿児島市,ｏ?ｍｕｒｅｙｓ ｍａｄｏ,小売業,衣料品,5%
鹿児島県,鹿児島市,オールハンド専門エステＹｕａｓａ,サービス,理容・美容業,5%
鹿児島県,鹿児島市,オクムラ電気店,小売業,電化製品,5%
鹿児島県,鹿児島市,お酒肆天文館店,サービス,飲食業,5%
鹿児島県,鹿児島市,おそうじ当番鹿児島,サービス,その他サービス,5%
鹿児島県,鹿児島市,御茶碗屋つきの虫,その他業種,ー,5%
鹿児島県,鹿児島市,ｏｆｆｊｉ,サービス,理容・美容業,5%
鹿児島県,鹿児島市,ｏｆｆｊｉ,サービス,理容・美容業,5%
鹿児島県,鹿児島市,お仏壇・墓石の千寿ギャラリーメモリア天文館店,小売業,その他小売,5%
鹿児島県,鹿児島市,おまるちゃん,サービス,飲食業,5%
鹿児島県,鹿児島市,おむすび本舗,サービス,飲食業,5%
鹿児島県,鹿児島市,オリエンタルスタジオ,小売業,その他小売,5%
鹿児島県,鹿児島市,オリックスレンタカー鹿児島中央駅前店,サービス,その他サービス,2%
鹿児島県,鹿児島市,オリックスレンタカー天文館店,サービス,その他サービス,2%
鹿児島県,鹿児島市,温泉ホテル中原別荘,サービス,宿泊業,5%
鹿児島県,鹿児島市,オンリーガン,サービス,飲食業,5%
鹿児島県,鹿児島市,カーズビー,小売業,その他小売,5%
鹿児島県,鹿児島市,カードショップ彩々 カードショップ彩々,小売業,その他小売,5%
鹿児島県,鹿児島市,カーメイト鹿児島,小売業,貴金属・服飾品,5%
鹿児島県,鹿児島市,カーライフ鹿児島,サービス,その他サービス,5%
鹿児島県,鹿児島市,ナイスカイト,サービス,その他サービス,5%
鹿児島県,鹿児島市,学生服・衣料品 ひがし,小売業,衣料品,5%
鹿児島県,鹿児島市,かくれ家 鹿児島中央駅店,サービス,飲食業,5%
鹿児島県,鹿児島市,鹿児島 グランシャリオ,サービス,飲食業,5%
鹿児島県,鹿児島市,セブン－イレブン鹿児島荒田１丁目店,小売業,食料品,2%
鹿児島県,鹿児島市,セブン－イレブン鹿児島荒田２丁目店,小売業,食料品,2%
鹿児島県,鹿児島市,セブン－イレブン鹿児島伊敷１丁目店,小売業,食料品,2%
鹿児島県,鹿児島市,セブン－イレブン鹿児島伊敷台７丁目店,小売業,食料品,2%
鹿児島県,鹿児島市,セブン－イレブン鹿児島伊敷台２丁目店,小売業,食料品,2%
鹿児島県,鹿児島市,セブン－イレブン鹿児島上荒田町店,小売業,食料品,2%
鹿児島県,鹿児島市,セブン－イレブン鹿児島上之園町店,小売業,食料品,2%
鹿児島県,鹿児島市,セブン－イレブン鹿児島宇宿１丁目店,小売業,食料品,2%
鹿児島県,鹿児島市,セブン－イレブン鹿児島宇宿７丁目店,小売業,食料品,2%
鹿児島県,鹿児島市,セブン－イレブン鹿児島宇宿２丁目店,小売業,食料品,2%
鹿児島県,鹿児島市,セブン－イレブン鹿児島加治屋町店,小売業,食料品,2%
鹿児島県,鹿児島市,セブン－イレブン鹿児島上福元町店,小売業,食料品,2%
鹿児島県,鹿児島市,セブン－イレブン鹿児島鴨池１丁目店,小売業,食料品,2%
鹿児島県,鹿児島市,セブン－イレブン鹿児島鴨池港前店,小売業,食料品,2%
鹿児島県,鹿児島市,セブン－イレブン鹿児島川上町店,小売業,食料品,2%
鹿児島県,鹿児島市,セブン－イレブン鹿児島喜入店,小売業,食料品,2%
鹿児島県,鹿児島市,セブン－イレブン鹿児島騎射場店,小売業,食料品,2%
鹿児島県,鹿児島市,セブン－イレブン鹿児島共研公園東店,小売業,食料品,2%
鹿児島県,鹿児島市,鹿児島県中古自動車販売商工組合 封印事務所,小売業,その他小売,5%
鹿児島県,鹿児島市,鹿児島工業団地ＳＳ,小売業,ガソリンスタンド,2%
鹿児島県,鹿児島市,セブン－イレブン鹿児島皇徳寺東口店,小売業,食料品,2%
鹿児島県,鹿児島市,セブン－イレブン鹿児島高麗町店,小売業,食料品,2%
鹿児島県,鹿児島市,セブン－イレブン鹿児島小松原２丁目店,小売業,食料品,2%
鹿児島県,鹿児島市,セブン－イレブン鹿児島小山田町店,小売業,食料品,2%
鹿児島県,鹿児島市,セブン－イレブン鹿児島西郷団地入口店,小売業,食料品,2%
鹿児島県,鹿児島市,セブン－イレブン鹿児島坂之上４丁目店,小売業,食料品,2%
鹿児島県,鹿児島市,セブン－イレブン鹿児島坂之上６丁目店,小売業,食料品,2%
鹿児島県,鹿児島市,セブン－イレブン鹿児島坂元北店,小売業,食料品,2%
鹿児島県,鹿児島市,鹿児島酸素株式会社,小売業,その他小売,5%
鹿児島県,鹿児島市,鹿児島酸素株式会社（三島村）,小売業,その他小売,5%
鹿児島県,鹿児島市,セブン－イレブン鹿児島慈眼寺店,小売業,食料品,2%
鹿児島県,鹿児島市,セブン－イレブン鹿児島下荒田２丁目店,小売業,食料品,2%
鹿児島県,鹿児島市,セブン－イレブン鹿児島下福元影原店,小売業,食料品,2%
鹿児島県,鹿児島市,セブン－イレブン鹿児島下福元町店,小売業,食料品,2%
鹿児島県,鹿児島市,セブン－イレブン鹿児島城南町店,小売業,食料品,2%
鹿児島県,鹿児島市,セブン－イレブン鹿児島新屋敷町店,小売業,食料品,2%
鹿児島県,鹿児島市,セブン－イレブン鹿児島住吉町店,小売業,食料品,2%
鹿児島県,鹿児島市,セブン－イレブン鹿児島仙巌園前店,小売業,食料品,2%
鹿児島県,鹿児島市,セブン－イレブン鹿児島千年橋店,小売業,食料品,2%
鹿児島県,鹿児島市,かごしま第一ホテルきしゃば,サービス,宿泊業,5%
鹿児島県,鹿児島市,かごしま第一ホテル鴨池,サービス,宿泊業,5%
鹿児島県,鹿児島市,セブン－イレブン鹿児島大学前店,小売業,食料品,2%
鹿児島県,鹿児島市,セブン－イレブン鹿児島田上３丁目店,小売業,食料品,2%
鹿児島県,鹿児島市,セブン－イレブン鹿児島田上７丁目店,小売業,食料品,2%
鹿児島県,鹿児島市,セブン－イレブン鹿児島武１丁目店,小売業,食料品,2%
鹿児島県,鹿児島市,セブン－イレブン鹿児島武岡店,小売業,食料品,2%
鹿児島県,鹿児島市,セブン－イレブン鹿児島谷山港入口店,小売業,食料品,2%
鹿児島県,鹿児島市,鹿児島中央補聴器,小売業,その他小売,5%
鹿児島県,鹿児島市,セブン－イレブン鹿児島中山上西店,小売業,食料品,2%
鹿児島県,鹿児島市,セブン－イレブン鹿児島照国神社前店,小売業,食料品,2%
鹿児島県,鹿児島市,セブン－イレブン鹿児島天保山店,小売業,食料品,2%
鹿児島県,鹿児島市,セブン－イレブン鹿児島天文館公園前店,小売業,食料品,2%
鹿児島県,鹿児島市,セブン－イレブン鹿児島東開町南店,小売業,食料品,2%
鹿児島県,鹿児島市,セブン－イレブン鹿児島中洲通り店,小売業,食料品,2%
鹿児島県,鹿児島市,セブン－イレブン鹿児島西伊敷店,小売業,食料品,2%
鹿児島県,鹿児島市,セブン－イレブン鹿児島西田２丁目店,小売業,食料品,2%
鹿児島県,鹿児島市,セブン－イレブン鹿児島原良店,小売業,食料品,2%
鹿児島県,鹿児島市,セブン－イレブン鹿児島春山町店,小売業,食料品,2%
鹿児島県,鹿児島市,セブン－イレブン鹿児島東郡元町店,小売業,食料品,2%
鹿児島県,鹿児島市,セブン－イレブン鹿児島東俣店,小売業,食料品,2%
鹿児島県,鹿児島市,セブン－イレブン鹿児島日当平店,小売業,食料品,2%
鹿児島県,鹿児島市,セブン－イレブン鹿児島星ケ峯店,小売業,食料品,2%
鹿児島県,鹿児島市,鹿児島補聴器センター,小売業,その他小売,5%
鹿児島県,鹿児島市,セブン－イレブン鹿児島真砂町店,小売業,食料品,2%
鹿児島県,鹿児島市,セブン－イレブン鹿児島松元町店,小売業,食料品,2%
鹿児島県,鹿児島市,セブン－イレブン鹿児島南高校前店,小売業,食料品,2%
鹿児島県,鹿児島市,セブン－イレブン鹿児島宮之浦店,小売業,食料品,2%
鹿児島県,鹿児島市,セブン－イレブン鹿児島紫原３丁目店,小売業,食料品,2%
鹿児島県,鹿児島市,セブン－イレブン鹿児島紫原７丁目店,小売業,食料品,2%
鹿児島県,鹿児島市,セブン－イレブン鹿児島紫原南店,小売業,食料品,2%
鹿児島県,鹿児島市,セブン－イレブン鹿児島薬師堂店,小売業,食料品,2%
鹿児島県,鹿児島市,鹿児島ヤクルト販売 伊集院センター,小売業,食料品,5%
鹿児島県,鹿児島市,鹿児島ヤクルト販売 指宿センター,小売業,食料品,5%
鹿児島県,鹿児島市,鹿児島ヤクルト販売 頴娃センター,小売業,食料品,5%
鹿児島県,鹿児島市,鹿児島ヤクルト販売 小川センター,小売業,食料品,5%
鹿児島県,鹿児島市,鹿児島ヤクルト販売 加世田センター,小売業,食料品,5%
鹿児島県,鹿児島市,鹿児島ヤクルト販売 川辺センター,小売業,食料品,5%
鹿児島県,鹿児島市,鹿児島ヤクルト販売 喜入センター,小売業,食料品,5%
鹿児島県,鹿児島市,鹿児島ヤクルト販売 種子島センター,小売業,食料品,5%
鹿児島県,鹿児島市,鹿児島ヤクルト販売 名瀬センター,小売業,食料品,5%
鹿児島県,鹿児島市,鹿児島ヤクルト販売 吉野センター,小売業,食料品,5%
鹿児島県,鹿児島市,セブン－イレブン鹿児島山下町店,小売業,食料品,2%
鹿児島県,鹿児島市,セブン－イレブン鹿児島山田町店,小売業,食料品,2%
鹿児島県,鹿児島市,鹿児島ユナイテッドカフェ 鹿児島ユナイテッドカフェ,サービス,飲食業,5%
鹿児島県,鹿児島市,セブン－イレブン鹿児島吉野帯迫中央店,小売業,食料品,2%
鹿児島県,鹿児島市,セブン－イレブン鹿児島吉野柿之迫店,小売業,食料品,2%
鹿児島県,鹿児島市,セブン－イレブン鹿児島与次郎２丁目店,小売業,食料品,2%
鹿児島県,鹿児島市,セブン－イレブン鹿児島和田１丁目店,小売業,食料品,2%
鹿児島県,鹿児島市,かごっま温泉,サービス,その他サービス,5%
鹿児島県,鹿児島市,かごっま屋台村 １３ ＳＡＴＳＵＭＡ,サービス,飲食業,5%
鹿児島県,鹿児島市,かごっま屋台村 ２２ 南州農場,サービス,飲食業,5%
鹿児島県,鹿児島市,カジュアルレストラン アフロ カフェ 鹿児島アリーナ店,サービス,飲食業,5%
鹿児島県,鹿児島市,ガス本部,小売業,ガソリンスタンド,2%
鹿児島県,鹿児島市,ＫＡＺＥ伊敷店,サービス,理容・美容業,5%
鹿児島県,鹿児島市,ＫＡＺＥ上塩屋,サービス,理容・美容業,5%
鹿児島県,鹿児島市,かつ寿 アミュプラザ鹿児島店,サービス,飲食業,5%
鹿児島県,鹿児島市,カフェ パルピト,サービス,飲食業,5%
鹿児島県,鹿児島市,Ｃａｆｅ＆Ｂａｒ Ａｎｎｉｖ．,サービス,飲食業,5%
鹿児島県,鹿児島市,ＣａｆｅＥｓｐｒｅｓｓｏ１１４,サービス,飲食業,5%
鹿児島県,鹿児島市,ＣａｆｅＥｓｐｒｅｓｓｏ１１４ Ｃａｆｅ Ｅｓｐｒｅｓｓｏ １１４,サービス,飲食業,5%
鹿児島県,鹿児島市,株 オートパンサー,小売業,その他小売,5%
鹿児島県,鹿児島市,株式会社ガストフ,サービス,宿泊業,5%
鹿児島県,鹿児島市,株式会社サクシード,サービス,その他サービス,5%
鹿児島県,鹿児島市,株式会社しょうび,小売業,その他小売,5%
鹿児島県,鹿児島市,株式会社寺師,その他業種,ー,5%
鹿児島県,鹿児島市,株式会社東進建設,サービス,その他サービス,5%
鹿児島県,鹿児島市,株式会社ファインファーム,小売業,家具・調度品,5%
鹿児島県,鹿児島市,株式会社福地模型,小売業,書籍・玩具・音楽ＣＤ,5%
鹿児島県,鹿児島市,株式会社佛壇の古屋鋪 東開店,小売業,家具・調度品,5%
鹿児島県,鹿児島市,株式会社佛壇の古屋鋪 南林寺店,小売業,家具・調度品,5%
鹿児島県,鹿児島市,株式会社佛壇の古屋鋪 吉野店,小売業,家具・調度品,5%
鹿児島県,鹿児島市,株式会社メガネの大学堂,小売業,その他小売,5%
鹿児島県,鹿児島市,上村自動車商会 本社,サービス,その他サービス,5%
鹿児島県,鹿児島市,かめや釣具 鹿児島谷山店,小売業,その他小売,5%
鹿児島県,鹿児島市,かめや釣具 鹿児島城南店,小売業,その他小売,5%
鹿児島県,鹿児島市,カーライフサポートＪＡＭＢＯＲＥＥ,サービス,その他サービス,5%
鹿児島県,鹿児島市,カラオケＳＰＯＴＭＹくん 荒田店,サービス,飲食業,5%
鹿児島県,鹿児島市,カラオケＳＰＯＴＭＹくん 中央駅店,サービス,飲食業,5%
鹿児島県,鹿児島市,からだのみかたＲｏｌｆｉｎｇ,サービス,その他サービス,5%
鹿児島県,鹿児島市,ＣＡＬＩＤＡＤーカリダ,サービス,その他サービス,5%
鹿児島県,鹿児島市,カレーハウスＣＯＣＯ壱番屋鹿児島笹貫店,サービス,飲食業,2%
鹿児島県,鹿児島市,カンゴシナ,サービス,その他サービス,5%
鹿児島県,鹿児島市,キーベース鹿児島,小売業,その他小売,5%
鹿児島県,鹿児島市,Ｋｉｚｕｎａ 鴨池,サービス,飲食業,5%
鹿児島県,鹿児島市,キッチンカフェ小春日和,サービス,飲食業,5%
鹿児島県,鹿児島市,絹の店クボ鹿児島店,小売業,衣料品,5%
鹿児島県,鹿児島市,木之瀬タクシー,サービス,運輸業,5%
鹿児島県,鹿児島市,木原ＴＡＸｉ,サービス,運輸業,5%
鹿児島県,鹿児島市,ＧｉｐｈｒｏｉＲ,サービス,理容・美容業,5%
鹿児島県,鹿児島市,ギャラリーセージ,小売業,その他小売,5%
鹿児島県,鹿児島市,ギャラリー陶夢,小売業,その他小売,5%
鹿児島県,鹿児島市,キャンパー鹿児島,サービス,その他サービス,5%
鹿児島県,鹿児島市,牛かつぎゅう太,サービス,飲食業,5%
鹿児島県,鹿児島市,ぎょうざとワインの店 ＳＥＮＲＩ,サービス,飲食業,5%
鹿児島県,鹿児島市,行政書士法人みらいず,サービス,その他サービス,5%
鹿児島県,鹿児島市,共立修理工房 たわわタウン谷山店,小売業,貴金属・服飾品,5%
鹿児島県,鹿児島市,霧島タクシー 玉里営業所 １３７,サービス,運輸業,5%
鹿児島県,鹿児島市,霧島タクシー 玉里営業所 １３２,サービス,運輸業,5%
鹿児島県,鹿児島市,霧島タクシー 玉里営業所 １２３,サービス,運輸業,5%
鹿児島県,鹿児島市,綺綸堂,小売業,衣料品,5%
鹿児島県,鹿児島市,キンコーズ鹿児島加治屋町店,サービス,その他サービス,5%
鹿児島県,鹿児島市,キンコーズ 鹿児島加治屋町店,その他業種,ー,5%
鹿児島県,鹿児島市,Ｃｏｏ＆ＲＩＫＵ鹿児島店,小売業,その他小売,5%
鹿児島県,鹿児島市,ＣＵＲＡ,サービス,理容・美容業,5%
鹿児島県,鹿児島市,くすり・化粧品のふかみず,小売業,その他小売,5%
鹿児島県,鹿児島市,くすりの誠和堂,小売業,その他小売,5%
鹿児島県,鹿児島市,くつ工房,その他業種,ー,5%
鹿児島県,鹿児島市,グッドベア鹿児島,サービス,その他サービス,5%
鹿児島県,鹿児島市,靴の尚美堂,小売業,その他小売,5%
鹿児島県,鹿児島市,久保自動車,サービス,その他サービス,5%
鹿児島県,鹿児島市,久保田電機,小売業,電化製品,5%
鹿児島県,鹿児島市,くぼ電器,小売業,電化製品,5%
鹿児島県,鹿児島市,熊虎分家 〇虎一家,サービス,飲食業,5%
鹿児島県,鹿児島市,ＧＬＡＭＯＲ,サービス,理容・美容業,5%
鹿児島県,鹿児島市,ｇｒａｍ,サービス,理容・美容業,5%
鹿児島県,鹿児島市,Ｇｌａｎｚ ｎａｉｌ,サービス,その他サービス,5%
鹿児島県,鹿児島市,クリーニングの小林ドライ,サービス,その他サービス,5%
鹿児島県,鹿児島市,クリーニングハウスキュー,サービス,その他サービス,5%
鹿児島県,鹿児島市,グリーンテニス,小売業,その他小売,5%
鹿児島県,鹿児島市,車館,サービス,その他サービス,5%
鹿児島県,鹿児島市,ｃｒｅｅｒ ｆｏｒ ｈａｉｒ（クレールフォーヘア）,サービス,理容・美容業,5%
鹿児島県,鹿児島市,ｇｒｏｗｔｈ,サービス,理容・美容業,5%
鹿児島県,鹿児島市,ｇｒｏｗｔｈ,サービス,理容・美容業,5%
鹿児島県,鹿児島市,クローバーファニチャー ＣＬＯＶＥＲ ＦＵＲＮＩＴＵＲＥ,小売業,家具・調度品,5%
鹿児島県,鹿児島市,黒かつ亭／黒べえ,サービス,飲食業,5%
鹿児島県,鹿児島市,黒かつ亭本店,サービス,飲食業,5%
鹿児島県,鹿児島市,黒とん亭,サービス,飲食業,5%
鹿児島県,鹿児島市,ＫＢＬ鹿児島中央駅前店,サービス,理容・美容業,5%
鹿児島県,鹿児島市,ＫＢＬ天文館店,サービス,理容・美容業,5%
鹿児島県,鹿児島市,ＫＥＩＹＯＵ ＴＡＸＩ,サービス,運輸業,5%
鹿児島県,鹿児島市,化粧品の紅屋,小売業,その他小売,5%
鹿児島県,鹿児島市,花棚店,小売業,食料品,5%
鹿児島県,鹿児島市,小糸伸輔の店 鹿児島本店,小売業,衣料品,5%
鹿児島県,鹿児島市,地鶏と炭火焼の店,サービス,飲食業,5%
鹿児島県,鹿児島市,甲突川端 よしこう,サービス,飲食業,5%
鹿児島県,鹿児島市,剛流,サービス,飲食業,5%
鹿児島県,鹿児島市,珈琲豆専門店 ｍｉｋｏｙａ１３４,小売業,その他小売,5%
鹿児島県,鹿児島市,郡山里岳ＳＳ,小売業,ガソリンスタンド,2%
鹿児島県,鹿児島市,河頭ＳＳ,小売業,ガソリンスタンド,2%
鹿児島県,鹿児島市,ｃｏｃｕｕ,小売業,衣料品,5%
鹿児島県,鹿児島市,個人 有林タクシー,サービス,運輸業,5%
鹿児島県,鹿児島市,個人 アリマＴＡＸＩ,サービス,運輸業,5%
鹿児島県,鹿児島市,個人 樺山タクシー,サービス,運輸業,5%
鹿児島県,鹿児島市,個人 久保（博）タクシー,サービス,運輸業,5%
鹿児島県,鹿児島市,個人 熊元タクシー,サービス,運輸業,5%
鹿児島県,鹿児島市,個人 さかいタクシー,サービス,運輸業,5%
鹿児島県,鹿児島市,個人 坂口（信）タクシー,サービス,運輸業,5%
鹿児島県,鹿児島市,個人 坂之上ＴＡＸＩ,サービス,運輸業,5%
鹿児島県,鹿児島市,個人 迫タクシー,サービス,運輸業,5%
鹿児島県,鹿児島市,個人 下川路タクシー,サービス,運輸業,5%
鹿児島県,鹿児島市,個人 下唐湊タクシー,サービス,運輸業,5%
鹿児島県,鹿児島市,個人 竹下タクシー,サービス,運輸業,5%
鹿児島県,鹿児島市,個人 竹元タクシー,サービス,運輸業,5%
鹿児島県,鹿児島市,個人 田中（康）タクシー,サービス,運輸業,5%
鹿児島県,鹿児島市,個人 友野タクシー,サービス,飲食業,5%
鹿児島県,鹿児島市,個人 中﨑タクシー,サービス,運輸業,5%
鹿児島県,鹿児島市,個人 永田タクシー,サービス,運輸業,5%
鹿児島県,鹿児島市,個人 日髙タクシー,サービス,運輸業,5%
鹿児島県,鹿児島市,個人 ふじたタクシー,サービス,運輸業,5%
鹿児島県,鹿児島市,個人 星崎タクシー,サービス,運輸業,5%
鹿児島県,鹿児島市,個人 ＭＡＳＵＭＩＴＵ ＴＡＸＩ,サービス,運輸業,5%
鹿児島県,鹿児島市,個人 松元タクシー,サービス,運輸業,5%
鹿児島県,鹿児島市,個人松本タクシー,サービス,運輸業,5%
鹿児島県,鹿児島市,個人 松山（博）タクシー,サービス,運輸業,5%
鹿児島県,鹿児島市,個人 丸岡タクシー,サービス,運輸業,5%
鹿児島県,鹿児島市,個人 丸山ＴＡＸＩ,サービス,運輸業,5%
鹿児島県,鹿児島市,個人 吉丸タクシー,サービス,運輸業,5%
鹿児島県,鹿児島市,児玉ホームサービス（かごしま森林伐採）,その他業種,ー,5%
鹿児島県,鹿児島市,ＣＯＮＡ 鹿児島天文館店,サービス,飲食業,5%
鹿児島県,鹿児島市,呉服のおびや,小売業,衣料品,5%
鹿児島県,鹿児島市,ｃｏｍｍｕｎｉ／ｈａｉｒ,サービス,理容・美容業,5%
鹿児島県,鹿児島市,Ｋｏｍｕｇｉｃｏ鹿大前店,サービス,飲食業,5%
鹿児島県,鹿児島市,ＫＯＭＵＲＡＴＥＣ,サービス,その他サービス,5%
鹿児島県,鹿児島市,小山田ＳＳ,小売業,ガソリンスタンド,2%
鹿児島県,鹿児島市,小山田ＳＳ,小売業,ガソリンスタンド,2%
鹿児島県,鹿児島市,小料理 一久,サービス,飲食業,5%
鹿児島県,鹿児島市,コワフールうえの,サービス,理容・美容業,5%
鹿児島県,鹿児島市,さいこうトータルヘルスケア 整骨院最幸,その他業種,ー,5%
鹿児島県,鹿児島市,坂ノ上ＳＳ,小売業,ガソリンスタンド,2%
鹿児島県,鹿児島市,坂之上サイクル東開フィット,小売業,その他小売,5%
鹿児島県,鹿児島市,坂元ＳＳ 有限会社本石油,小売業,ガソリンスタンド,2%
鹿児島県,鹿児島市,相良酒造,小売業,食料品,5%
鹿児島県,鹿児島市,桜ヶ丘北口ＳＳ 水口商事,小売業,ガソリンスタンド,2%
鹿児島県,鹿児島市,サクラカネヨ 城山シーズニング,サービス,飲食業,5%
鹿児島県,鹿児島市,桜島ＳＳ,小売業,ガソリンスタンド,2%
鹿児島県,鹿児島市,桜島ビジターセンター,小売業,総合（非専門）,5%
鹿児島県,鹿児島市,ＳＡＫＯＤＡホームファニシングス与次郎店,小売業,その他小売,5%
鹿児島県,鹿児島市,ＳＡＫＯＤＡ 与次郎店,小売業,その他小売,5%
鹿児島県,鹿児島市,サザンクロス鹿児島,サービス,飲食業,5%
鹿児島県,鹿児島市,サザンクロス鹿児島２号店,サービス,飲食業,5%
鹿児島県,鹿児島市,薩摩菓子処とらや霧や櫻や鹿児島中央駅店,小売業,食料品,5%
鹿児島県,鹿児島市,薩摩きんぐ 中央駅店,サービス,飲食業,5%
鹿児島県,鹿児島市,さつま酒飯店 和総,サービス,飲食業,5%
鹿児島県,鹿児島市,薩摩すたいるこみかん。,サービス,飲食業,5%
鹿児島県,鹿児島市,薩摩だし餃子 えぶりでい,サービス,飲食業,5%
鹿児島県,鹿児島市,薩摩一口餃子 ＧＡｎｈＯ,サービス,飲食業,5%
鹿児島県,鹿児島市,さつま薬局鹿児島本店,小売業,その他小売,5%
鹿児島県,鹿児島市,ｓｕｎｎｙｄａｙｓｃｏｆｆｅｅ,サービス,飲食業,5%
鹿児島県,鹿児島市,産業道路宇宿ＳＳ,小売業,ガソリンスタンド,2%
鹿児島県,鹿児島市,サングリーンスポーツ,小売業,その他小売,5%
鹿児島県,鹿児島市,ＳＡＮＤＥＣＯ ＣＯＦＦＥＥ 数学カフェ,サービス,飲食業,5%
鹿児島県,鹿児島市,サンニューズカガヤマ店,小売業,電化製品,5%
鹿児島県,鹿児島市,サンニューズ喜入店,小売業,電化製品,5%
鹿児島県,鹿児島市,サンニューズマルサカ店,小売業,電化製品,5%
鹿児島県,鹿児島市,サンバード,サービス,飲食業,5%
鹿児島県,鹿児島市,サンプラザ宇宿ＳＳ水口商事,小売業,ガソリンスタンド,2%
鹿児島県,鹿児島市,三洋薬品ＨＢＣ株式会社 鹿児島 営 ８７００１１,小売業,その他小売,5%
鹿児島県,鹿児島市,Ｃ．Ｉ．Ｏ．,小売業,衣料品,5%
鹿児島県,鹿児島市,Ｃ．Ｉ．Ｏ．（シーアイオー）,小売業,衣料品,5%
鹿児島県,鹿児島市,ＳＣＥＮＥ,サービス,理容・美容業,5%
鹿児島県,鹿児島市,ＪＫＰｌａｎｅｔ鹿児島店,小売業,貴金属・服飾品,5%
鹿児島県,鹿児島市,ＴＨＥＥＲＡ,サービス,理容・美容業,5%
鹿児島県,鹿児島市,ＴＨＥＥＲＡ,サービス,理容・美容業,5%
鹿児島県,鹿児島市,４８茶百鼠,サービス,飲食業,5%
鹿児島県,鹿児島市,雫流,サービス,飲食業,5%
鹿児島県,鹿児島市,雫流,サービス,飲食業,5%
鹿児島県,鹿児島市,シティコンタクト イオン鹿児島店,小売業,その他小売,5%
鹿児島県,鹿児島市,島田屋 有 島田屋 宅配サービス,小売業,食料品,5%
鹿児島県,鹿児島市,島津ゴルフ倶楽部,サービス,その他サービス,5%
鹿児島県,鹿児島市,しゃいにい,サービス,飲食業,5%
鹿児島県,鹿児島市,若石鹿児島健康センター,サービス,その他サービス,5%
鹿児島県,鹿児島市,写真室ペーパームーン,小売業,その他小売,5%
鹿児島県,鹿児島市,Ｊａｓｍｉｎｅ ｃａｆｅ ｂａｒ,サービス,飲食業,5%
鹿児島県,鹿児島市,シャン・ド・フルール,小売業,その他小売,5%
鹿児島県,鹿児島市,Ｃｈｏｕ Ｃｈｏｕ ｂｙ 毛糸のまきの,小売業,その他小売,5%
鹿児島県,鹿児島市,寿庵 荒田本店,サービス,飲食業,5%
鹿児島県,鹿児島市,寿庵 鹿児島中央駅西口店,サービス,飲食業,5%
鹿児島県,鹿児島市,寿庵鹿児島中央バスチカ店,サービス,飲食業,5%
鹿児島県,鹿児島市,十八番 郡元店,サービス,飲食業,5%
鹿児島県,鹿児島市,十八番 七ツ島店,サービス,飲食業,5%
鹿児島県,鹿児島市,手芸のまきの谷山店,小売業,その他小売,5%
鹿児島県,鹿児島市,手芸のまきの与次郎店,小売業,その他小売,5%
鹿児島県,鹿児島市,酒肴 ゆぐち,サービス,飲食業,5%
鹿児島県,鹿児島市,酒肴ゆぐち銀座通り店,サービス,飲食業,5%
鹿児島県,鹿児島市,十徳や 二官橋通店,サービス,飲食業,5%
鹿児島県,鹿児島市,ジュネワコー 天文館店,小売業,衣料品,5%
鹿児島県,鹿児島市,ジュネワコー 天文館店,小売業,衣料品,5%
鹿児島県,鹿児島市,シュルラテール コムオシエル,サービス,飲食業,5%
鹿児島県,鹿児島市,有限会社だるま寿司,サービス,飲食業,5%
鹿児島県,鹿児島市,旬味海鮮本舗,サービス,飲食業,5%
鹿児島県,鹿児島市,旬味亭 量,サービス,飲食業,5%
鹿児島県,鹿児島市,ジョイフル恵利鹿児島店,サービス,その他サービス,5%
鹿児島県,鹿児島市,笑漢堂薬局,小売業,その他小売,5%
鹿児島県,鹿児島市,正直屋 鹿児島紫原店,小売業,その他小売,5%
鹿児島県,鹿児島市,正直屋 鹿児島紫原店,小売業,その他小売,5%
鹿児島県,鹿児島市,笑神,サービス,飲食業,5%
鹿児島県,鹿児島市,城西ＳＳ,小売業,ガソリンスタンド,2%
鹿児島県,鹿児島市,城西酒店,小売業,食料品,5%
鹿児島県,鹿児島市,焼酎庵 武三,サービス,飲食業,5%
鹿児島県,鹿児島市,昭和電器,小売業,電化製品,5%
鹿児島県,鹿児島市,Ｇｉｒａｓｓｏｌ（ジラソル）,サービス,理容・美容業,5%
鹿児島県,鹿児島市,シルクイン鹿児島,サービス,宿泊業,5%
鹿児島県,鹿児島市,シロヤマシーズニング,サービス,飲食業,5%
鹿児島県,鹿児島市,城山薬品,小売業,その他小売,5%
鹿児島県,鹿児島市,新栄自動車,サービス,その他サービス,5%
鹿児島県,鹿児島市,シンケンユ－ザ－ズサポ－ト,サービス,その他サービス,5%
鹿児島県,鹿児島市,鹿児島新町ＳＳ,小売業,ガソリンスタンド,2%
鹿児島県,鹿児島市,翠園,サービス,飲食業,5%
鹿児島県,鹿児島市,ス－パ－ヨネモリ,小売業,総合（非専門）,5%
鹿児島県,鹿児島市,末吉ＴＡＸＩ,サービス,運輸業,5%
鹿児島県,鹿児島市,寿司孝,サービス,飲食業,5%
鹿児島県,鹿児島市,すし正 参玄,サービス,飲食業,5%
鹿児島県,鹿児島市,すし屋の桐野 寿司 甘,サービス,飲食業,5%
鹿児島県,鹿児島市,錫彦 浅田錫器,小売業,その他小売,5%
鹿児島県,鹿児島市,雀寿し,サービス,飲食業,5%
鹿児島県,鹿児島市,株式会社 エスポワールすずらん,小売業,衣料品,5%
鹿児島県,鹿児島市,スタジオハマヤオプシアミスミ店,サービス,その他サービス,5%
鹿児島県,鹿児島市,ステーキハウス花の木,サービス,飲食業,5%
鹿児島県,鹿児島市,ｓｔｅａｋｈｏｕｓｅＭｉｙａｂｉ,サービス,飲食業,5%
鹿児島県,鹿児島市,ＳＴＡＰＬＥＴＯＮ英会話,その他業種,ー,5%
鹿児島県,鹿児島市,素敵庵 天文館店,サービス,飲食業,5%
鹿児島県,鹿児島市,スナップオン 松本,サービス,その他サービス,5%
鹿児島県,鹿児島市,すまいる館,小売業,その他小売,5%
鹿児島県,鹿児島市,スマイルテクノス,小売業,その他小売,5%
鹿児島県,鹿児島市,隅火,サービス,飲食業,5%
鹿児島県,鹿児島市,炭火焼鳥一期家一会 炭火やきとり一期家一会,サービス,飲食業,5%
鹿児島県,鹿児島市,炭焼 まさ,サービス,飲食業,5%
鹿児島県,鹿児島市,スリランカかごしま,サービス,飲食業,5%
鹿児島県,鹿児島市,清泉寺長太郎焼窯元,その他業種,ー,5%
鹿児島県,鹿児島市,西洋居酒屋 Ｔｏｋｉ,サービス,飲食業,5%
鹿児島県,鹿児島市,西洋居酒屋 Ｔｏｋｉ,サービス,飲食業,5%
鹿児島県,鹿児島市,西洋居酒屋Ｔｏｋｉ,サービス,飲食業,5%
鹿児島県,鹿児島市,セオ薬局 荒田八幡店,小売業,その他小売,5%
鹿児島県,鹿児島市,セブンプラザ 桜ヶ丘店,小売業,電化製品,5%
鹿児島県,鹿児島市,セブンプラザ 星ヶ峯店,小売業,電化製品,5%
鹿児島県,鹿児島市,セブンプラザ花野光ヶ丘店,小売業,電化製品,5%
鹿児島県,鹿児島市,セブンプラザ吉野店,小売業,電化製品,5%
鹿児島県,鹿児島市,ゼラス,サービス,理容・美容業,5%
鹿児島県,鹿児島市,ゼラス,サービス,理容・美容業,5%
鹿児島県,鹿児島市,スーパーセルフ伊敷台給油所,小売業,ガソリンスタンド,2%
鹿児島県,鹿児島市,セルフステーション西郷,小売業,ガソリンスタンド,2%
鹿児島県,鹿児島市,セルフステーション坂之上ＳＳ,小売業,ガソリンスタンド,2%
鹿児島県,鹿児島市,セルフステーション南林寺ＳＳ,小売業,ガソリンスタンド,2%
鹿児島県,鹿児島市,セルフステーション紫原ＳＳ,小売業,ガソリンスタンド,2%
鹿児島県,鹿児島市,セルフ春山給油所,小売業,ガソリンスタンド,2%
鹿児島県,鹿児島市,セルフ平之町給油所,小売業,ガソリンスタンド,2%
鹿児島県,鹿児島市,仙巌園明石屋菓子店,サービス,その他サービス,5%
鹿児島県,鹿児島市,仙巌園有村屋,サービス,その他サービス,5%
鹿児島県,鹿児島市,仙巌園磯工芸館,サービス,その他サービス,5%
鹿児島県,鹿児島市,仙巌園オリジナルショップ１,サービス,その他サービス,5%
鹿児島県,鹿児島市,仙巌園オリジナルショップ２,サービス,その他サービス,5%
鹿児島県,鹿児島市,仙巌園かおり,サービス,その他サービス,5%
鹿児島県,鹿児島市,仙巌園紙ふうせん,サービス,その他サービス,5%
鹿児島県,鹿児島市,仙巌園キッチンカー,サービス,その他サービス,5%
鹿児島県,鹿児島市,仙巌園御膳所桜華亭,サービス,その他サービス,5%
鹿児島県,鹿児島市,仙巌園薩摩ほがや,サービス,その他サービス,5%
鹿児島県,鹿児島市,仙巌園茶寮,サービス,その他サービス,5%
鹿児島県,鹿児島市,仙巌園松風軒レストラン１,サービス,その他サービス,5%
鹿児島県,鹿児島市,仙巌園松風軒レストラン２,サービス,その他サービス,5%
鹿児島県,鹿児島市,仙巌園両棒屋,サービス,その他サービス,5%
鹿児島県,鹿児島市,仙巌園南国特産,サービス,その他サービス,5%
鹿児島県,鹿児島市,仙巌園馬場製菓,サービス,その他サービス,5%
鹿児島県,鹿児島市,仙巌園ブランドショップ１,サービス,その他サービス,5%
鹿児島県,鹿児島市,仙巌園ブランドショップ２,サービス,その他サービス,5%
鹿児島県,鹿児島市,仙巌園ブルーシール,サービス,その他サービス,5%
鹿児島県,鹿児島市,仙巌園名匠かおり,サービス,その他サービス,5%
鹿児島県,鹿児島市,仙巌園免税横売店,サービス,その他サービス,5%
鹿児島県,鹿児島市,仙巌園山王,サービス,その他サービス,5%
鹿児島県,鹿児島市,仙巌園わくわく園,サービス,その他サービス,5%
鹿児島県,鹿児島市,そば茶屋吹上庵 天文館店,サービス,飲食業,5%
鹿児島県,鹿児島市,そば茶屋吹上庵 本店,サービス,飲食業,5%
鹿児島県,鹿児島市,ｓｏｌｏ,小売業,衣料品,5%
鹿児島県,鹿児島市,Ｄａｒｔｓ Ｓｈｏｐ ＴｉＴＯ 鹿児島店,小売業,その他小売,5%
鹿児島県,鹿児島市,ターブルドシック,サービス,飲食業,5%
鹿児島県,鹿児島市,大成輪業 下荒田店,小売業,その他小売,5%
鹿児島県,鹿児島市,だいだい,サービス,飲食業,5%
鹿児島県,鹿児島市,大德治療院 大德治療院,サービス,その他サービス,5%
鹿児島県,鹿児島市,ダイニング居酒屋Ｒｙｕｏ,サービス,飲食業,5%
鹿児島県,鹿児島市,Ｄｉｎｉｎｇ ｔｅｒｒａｃｅ ＩＮ ＴＨＥ ＭＯＯＮ,サービス,飲食業,5%
鹿児島県,鹿児島市,Ｄｉｎｉｎｇｂａｒ ΣＳｉｇｍａ,サービス,飲食業,5%
鹿児島県,鹿児島市,タイヤガーデン 有限会社コーハン,小売業,その他小売,5%
鹿児島県,鹿児島市,有 高原部品商会,小売業,その他小売,5%
鹿児島県,鹿児島市,田上ＳＳ,小売業,ガソリンスタンド,2%
鹿児島県,鹿児島市,Ｔａｋａｒａｚｕｋａ,サービス,飲食業,5%
鹿児島県,鹿児島市,ｔａｋｔ ｈａｉｒ ｌｉｆｅ,サービス,理容・美容業,5%
鹿児島県,鹿児島市,ｔａｋｔ ｈａｉｒ ｌｉｆｅ ｔａｋｔ ｈａｉｒ ｌｉｆｅ,サービス,理容・美容業,5%
鹿児島県,鹿児島市,武三,サービス,飲食業,5%
鹿児島県,鹿児島市,タシロ電化 タシロ電化,小売業,電化製品,5%
鹿児島県,鹿児島市,鉄板料理・居酒屋 達 （たつ）,サービス,飲食業,5%
鹿児島県,鹿児島市,ＴＡＴＳＵ男（たつお）,サービス,飲食業,5%
鹿児島県,鹿児島市,タツオ,サービス,飲食業,5%
鹿児島県,鹿児島市,ＴＡＫ Ｂａｇｅｒｉ Ｃａｆｅ,サービス,飲食業,5%
鹿児島県,鹿児島市,谷山補聴器センター,小売業,その他小売,5%
鹿児島県,鹿児島市,種子島 安納屋,小売業,食料品,5%
鹿児島県,鹿児島市,種子屋久高速船鹿児島営業所,サービス,運輸業,5%
鹿児島県,鹿児島市,玉里ＳＳ,小売業,ガソリンスタンド,2%
鹿児島県,鹿児島市,たんすの肥やし,小売業,その他小売,5%
鹿児島県,鹿児島市,たんぱく室,サービス,飲食業,5%
鹿児島県,鹿児島市,Ｃｈｅｅｒｆｕｌ,小売業,衣料品,5%
鹿児島県,鹿児島市,チーズケーキの麦と卵,小売業,食料品,5%
鹿児島県,鹿児島市,ｔｉｃａｆｕ,サービス,理容・美容業,5%
鹿児島県,鹿児島市,チャチャ お茶の美老園 慈眼寺店,小売業,食料品,5%
鹿児島県,鹿児島市,チャレンジ,サービス,その他サービス,5%
鹿児島県,鹿児島市,中央駅ふく福,サービス,飲食業,5%
鹿児島県,鹿児島市,中古パソコン市場Ｎ’ｓＣＩＴＹ店,小売業,電化製品,5%
鹿児島県,鹿児島市,中古パソコン市場 鹿児島店,小売業,電化製品,5%
鹿児島県,鹿児島市,月の川,サービス,飲食業,5%
鹿児島県,鹿児島市,つばめカフェ つばめｃａｆｅ,サービス,飲食業,5%
鹿児島県,鹿児島市,津曲工業,サービス,その他サービス,5%
鹿児島県,鹿児島市,Ｄ?ｃｌｕｂ ｈａｉｒ,サービス,その他サービス,5%
鹿児島県,鹿児島市,Ｔ・Ｋ・Ｋホールディングス,小売業,その他小売,5%
鹿児島県,鹿児島市,ＴＫ ｐａｌｊｕ 天文館店,サービス,理容・美容業,5%
鹿児島県,鹿児島市,ＤＡＩＳＹ,小売業,家具・調度品,5%
鹿児島県,鹿児島市,DAISY,小売業,家具・調度品,5%
鹿児島県,鹿児島市,ディ－ズ,サービス,その他サービス,5%
鹿児島県,鹿児島市,ＴｉＴＯ ＪＡＣＫ,サービス,飲食業,5%
鹿児島県,鹿児島市,ＴＥＰＰＡＮ天国梵天,サービス,飲食業,5%
鹿児島県,鹿児島市,テンズジュエリーバルーン,小売業,その他小売,5%
鹿児島県,鹿児島市,テンズジュエリーバルーン テンズルーム,小売業,その他小売,5%
鹿児島県,鹿児島市,テンズルーム,サービス,理容・美容業,5%
鹿児島県,鹿児島市,ドゥー アップ美容室,サービス,理容・美容業,5%
鹿児島県,鹿児島市,Ｄｅｕｘｉｅｍｅ,小売業,その他小売,5%
鹿児島県,鹿児島市,Ｄｒ．Ｄｒｉｖｅセルフ吉野町ＳＳ,小売業,ガソリンスタンド,2%
鹿児島県,鹿児島市,Ｄｒ．Ｄｒｉｖｅ鹿児島ＳＳ,小売業,ガソリンスタンド,2%
鹿児島県,鹿児島市,Ｄｒ．Ｄｒｉｖｅ草牟田ＳＳ,小売業,ガソリンスタンド,2%
鹿児島県,鹿児島市,Ｄｒ．Ｄｒｉｖｅ西谷山ＳＳ,小売業,ガソリンスタンド,2%
鹿児島県,鹿児島市,とめ手羽 天文館店,サービス,飲食業,5%
鹿児島県,鹿児島市,トヨタ部品鹿児島共販本社営業所,その他業種,ー,5%
鹿児島県,鹿児島市,Ｔｒａｔｔｏｒｉａ ｓｕｏｎｏ,サービス,飲食業,5%
鹿児島県,鹿児島市,Ｔｒａｔｔｏｒｉａ ｓｕｏｎｏ,サービス,飲食業,5%
鹿児島県,鹿児島市,トレーニングルーム ＷＡＭ,サービス,理容・美容業,5%
鹿児島県,鹿児島市,ＤＲＯＮＥＳＧＡＴＥ（株式会社エアリアルワークス）,小売業,電化製品,5%
鹿児島県,鹿児島市,トロムヴォーンズカフェ武岡本店,サービス,飲食業,5%
鹿児島県,鹿児島市,Ｄｒａｗｅｒ．．,サービス,理容・美容業,5%
鹿児島県,鹿児島市,ＤｒｏｎｅｓＧａｔｅ,小売業,電化製品,5%
鹿児島県,鹿児島市,トワベール原良店,小売業,その他小売,5%
鹿児島県,鹿児島市,永野電器商会,小売業,電化製品,5%
鹿児島県,鹿児島市,ながよし動物病院,サービス,その他サービス,5%
鹿児島県,鹿児島市,なごむね くろや,サービス,飲食業,5%
鹿児島県,鹿児島市,新園自動車 オートピア２１店,小売業,その他小売,5%
鹿児島県,鹿児島市,新園自動車 ＪＵカーパーク店,小売業,その他小売,5%
鹿児島県,鹿児島市,ニコニコ館ダイゴ店,小売業,電化製品,5%
鹿児島県,鹿児島市,西伊敷ＳＳ,小売業,ガソリンスタンド,2%
鹿児島県,鹿児島市,西桜島ＳＳ,小売業,ガソリンスタンド,2%
鹿児島県,鹿児島市,にし動物病院,サービス,その他サービス,5%
鹿児島県,鹿児島市,ニッケルのあし,サービス,飲食業,5%
鹿児島県,鹿児島市,日本の地酒と酒肴 恵のおかげ,サービス,飲食業,5%
鹿児島県,鹿児島市,Ｎａｉｌｓａｌｏｎ＆ｓｃｈｏｏｌ?Ｇｒａｃｅ?（グレース）,サービス,理容・美容業,5%
鹿児島県,鹿児島市,ネイルサロンポピリーノ,サービス,理容・美容業,5%
鹿児島県,鹿児島市,根ずみ屋,サービス,飲食業,5%
鹿児島県,鹿児島市,ＮＯＥＬ ノエル,小売業,総合（非専門）,5%
鹿児島県,鹿児島市,のぞえ花屋,小売業,その他小売,5%
鹿児島県,鹿児島市,のぼるタタミ店,サービス,その他サービス,5%
鹿児島県,鹿児島市,Ｂａｒ ＢＩＬＢＡＯ,サービス,飲食業,5%
鹿児島県,鹿児島市,Ｂａｒ ｃｏｍｆｏｒｔ,サービス,飲食業,5%
鹿児島県,鹿児島市,バーシルフィード,サービス,飲食業,5%
鹿児島県,鹿児島市,バー フォーチュンテラー,サービス,飲食業,5%
鹿児島県,鹿児島市,バイクショップ野添,サービス,その他サービス,5%
鹿児島県,鹿児島市,バイクフォーラム 伊敷店,小売業,その他小売,5%
鹿児島県,鹿児島市,バイクフォーラム 和田店,小売業,その他小売,5%
鹿児島県,鹿児島市,バイクフォーラム宇宿店,小売業,その他小売,5%
鹿児島県,鹿児島市,バイクフォーラム鹿児島,小売業,その他小売,5%
鹿児島県,鹿児島市,ハイ ブリッジ,サービス,飲食業,5%
鹿児島県,鹿児島市,ハイボールバー天文館１９２３,サービス,飲食業,5%
鹿児島県,鹿児島市,莫逆,サービス,飲食業,5%
鹿児島県,鹿児島市,莫逆,サービス,飲食業,5%
鹿児島県,鹿児島市,麦酒本舗,サービス,飲食業,5%
鹿児島県,鹿児島市,ｂａｊｅｅｎａ,サービス,飲食業,5%
鹿児島県,鹿児島市,パソコン教室Ｋ３Ｓ企画,小売業,電化製品,5%
鹿児島県,鹿児島市,パティスリー くろだ,小売業,その他小売,5%
鹿児島県,鹿児島市,花筏,サービス,飲食業,5%
鹿児島県,鹿児島市,はなとも生花店,小売業,その他小売,5%
鹿児島県,鹿児島市,バナナネイル,サービス,理容・美容業,5%
鹿児島県,鹿児島市,ｈａｎａ ｈａｎａ,小売業,総合（非専門）,5%
鹿児島県,鹿児島市,パナランドよしの,小売業,電化製品,5%
鹿児島県,鹿児島市,花ん華,サービス,飲食業,5%
鹿児島県,鹿児島市,ＨＡＮＡＮＣＡＦＥ,サービス,飲食業,5%
鹿児島県,鹿児島市,原良 ＳＳ,小売業,ガソリンスタンド,2%
鹿児島県,鹿児島市,パリ・ザ・サード,小売業,衣料品,5%
鹿児島県,鹿児島市,張り職人,小売業,その他小売,5%
鹿児島県,鹿児島市,BARIPA,小売業,その他小売,5%
鹿児島県,鹿児島市,ＶＵＬＣＡＮ,サービス,飲食業,5%
鹿児島県,鹿児島市,晴レ屋?Ｈａｒｅｙａ?,サービス,飲食業,5%
鹿児島県,鹿児島市,ＨＵＮＧＲＹ ＢＡＳＥ,サービス,飲食業,5%
鹿児島県,鹿児島市,ＢＭＯ鹿児島アクロスプラザ南栄店,小売業,衣料品,5%
鹿児島県,鹿児島市,ＢＭＯ鹿児島宇宿店,小売業,衣料品,5%
鹿児島県,鹿児島市,ピークオブヘア,サービス,理容・美容業,5%
鹿児島県,鹿児島市,ビーボール,小売業,衣料品,5%
鹿児島県,鹿児島市,ＨｅａｌｉｎｇｓａｌｏｎＭｉｃｈｉ,サービス,理容・美容業,5%
鹿児島県,鹿児島市,東桜島給油所,小売業,ガソリンスタンド,2%
鹿児島県,鹿児島市,東俣給油所,小売業,ガソリンスタンド,2%
鹿児島県,鹿児島市,ひかり,小売業,電化製品,5%
鹿児島県,鹿児島市,彦一だんご 天文館店,小売業,食料品,5%
鹿児島県,鹿児島市,彦一だんご 明和店,小売業,食料品,5%
鹿児島県,鹿児島市,ピザポケット 武岡店,サービス,飲食業,5%
鹿児島県,鹿児島市,ピザポケット 中山バイパス店,サービス,飲食業,5%
鹿児島県,鹿児島市,ピザポケット 鹿大前店,サービス,飲食業,5%
鹿児島県,鹿児島市,ピザモチナガ,サービス,飲食業,5%
鹿児島県,鹿児島市,ビストロエッサンスドタニヤマ,サービス,飲食業,5%
鹿児島県,鹿児島市,ｂｉｓｔｒｏｍｅｉｋｕｍａ,サービス,飲食業,5%
鹿児島県,鹿児島市,ｖｉｖａｃｅ ｖｉｖａｃｅ,サービス,理容・美容業,5%
鹿児島県,鹿児島市,ひまわり動物病院,サービス,その他サービス,5%
鹿児島県,鹿児島市,ｆｕｓｅ イオンモール鹿児島店,小売業,衣料品,5%
鹿児島県,鹿児島市,ヒューズカゴシマ店,小売業,衣料品,5%
鹿児島県,鹿児島市,美容室ＫＡＺＥ,サービス,理容・美容業,5%
鹿児島県,鹿児島市,美容室 グレイス いまむら,サービス,理容・美容業,5%
鹿児島県,鹿児島市,美容室ＢＥＮふぁうんてん,サービス,理容・美容業,5%
鹿児島県,鹿児島市,美容室Ｌｉｅｎ,サービス,理容・美容業,5%
鹿児島県,鹿児島市,平之町ＳＳ 有限会社城山石油店,小売業,ガソリンスタンド,2%
鹿児島県,鹿児島市,ＨＩＲＡＮＯＹＡ 旬厨房 ひらのや,小売業,食料品,5%
鹿児島県,鹿児島市,ＨＩＲＡＮＯＹＡ ＨＩＲＡＮＯＹＡ 新栄店,小売業,食料品,5%
鹿児島県,鹿児島市,広木自動車工場,小売業,その他小売,5%
鹿児島県,鹿児島市,ピンク・ドロシー,サービス,理容・美容業,5%
鹿児島県,鹿児島市,ｆａｖｏｒｉ 天文館店,小売業,食料品,5%
鹿児島県,鹿児島市,ＦＡＣＴＯＲＹ,サービス,理容・美容業,5%
鹿児島県,鹿児島市,ファナー・シーベレット鹿児島ミスミ店,小売業,衣料品,5%
鹿児島県,鹿児島市,ｆｕｎ ｍｏｒｅ ｓａｌｏｎ ＮＥＸＴ ｆｕｎ ｍｏｒｅ ｓａｌｏｎ ＮＥＸＴ,サービス,理容・美容業,5%
鹿児島県,鹿児島市,ＦＩＬＭＶＡＫ ＦＩＬＭＶＡＫ,小売業,衣料品,5%
鹿児島県,鹿児島市,ふく福 荒田本店,サービス,飲食業,5%
鹿児島県,鹿児島市,ふく福 七ツ島店,サービス,飲食業,5%
鹿児島県,鹿児島市,ふく福 ベイサイド店,サービス,飲食業,5%
鹿児島県,鹿児島市,ふく福 吉野店,サービス,飲食業,5%
鹿児島県,鹿児島市,福味,サービス,飲食業,5%
鹿児島県,鹿児島市,ふくもと衣料品店,小売業,衣料品,5%
鹿児島県,鹿児島市,福元輪業,小売業,その他小売,5%
鹿児島県,鹿児島市,福元輪業 ＪＵカーパーク店,小売業,その他小売,5%
鹿児島県,鹿児島市,フクヤマ電器,小売業,電化製品,5%
鹿児島県,鹿児島市,藤崎工芸,小売業,総合（非専門）,5%
鹿児島県,鹿児島市,ふとんの朝日屋,小売業,その他小売,5%
鹿児島県,鹿児島市,プライム動物病院,サービス,その他サービス,5%
鹿児島県,鹿児島市,プラス イータイム,サービス,その他サービス,5%
鹿児島県,鹿児島市,プラッセファッション館 吉野店,小売業,衣料品,5%
鹿児島県,鹿児島市,ＦＬＯＷＥＲ＆ＰＬＡＮＴＳＮｅｌｋｅ,小売業,その他小売,5%
鹿児島県,鹿児島市,マダムハウス本店,小売業,衣料品,5%
鹿児島県,鹿児島市,マダムハウス谷山店,小売業,家具・調度品,5%
鹿児島県,鹿児島市,マダムハウスいずろ一階,小売業,衣料品,5%
鹿児島県,鹿児島市,マダムハウス納屋店,小売業,衣料品,5%
鹿児島県,鹿児島市,プリンス松山美容室,サービス,理容・美容業,5%
鹿児島県,鹿児島市,古市ハウスクリーニング,サービス,その他サービス,5%
鹿児島県,鹿児島市,さくらじま（フルーツ）,小売業,食料品,5%
鹿児島県,鹿児島市,ブルーニアンドルック,小売業,衣料品,5%
鹿児島県,鹿児島市,ｂｌｕｎｏ ｈａｉｒｄｅｓｉｇｎ,サービス,理容・美容業,5%
鹿児島県,鹿児島市,Ｂｌｏｏｍｉｎｇ ＣＯＦＦＥＥ,サービス,飲食業,5%
鹿児島県,鹿児島市,ふるしょう,サービス,その他サービス,5%
鹿児島県,鹿児島市,ｂｌｕｎｏ ｈａｉｒｄｅｓｉｇｎ,サービス,理容・美容業,5%
鹿児島県,鹿児島市,フレッシュフィールドなりざわ中山店,小売業,食料品,5%
鹿児島県,鹿児島市,フレッシュフィールドなりざわ東谷山店,小売業,食料品,5%
鹿児島県,鹿児島市,Ｆｒｅｎｃｈ Ｂｌｕｅ,小売業,食料品,5%
鹿児島県,鹿児島市,ＨＡＩＲ＆ＳＰＡ Ｂｒａｎｃｈｅ’,サービス,理容・美容業,5%
鹿児島県,鹿児島市,ＨＡＩＲ ＳＡＬＯＮ Ａｌｉｏｎ,サービス,理容・美容業,5%
鹿児島県,鹿児島市,Ｈａｉｒ Ｓａｌｏｎ Ｇｉｒａｓｓｏｌ ジラソル ジラソル,サービス,理容・美容業,5%
鹿児島県,鹿児島市,ヘアーサロンリュウ,サービス,理容・美容業,5%
鹿児島県,鹿児島市,ＨＡＩＲＳＰＡＣＥＲｅＬｏｏｐ,サービス,理容・美容業,5%
鹿児島県,鹿児島市,ｈａｉｒ ｄｅｓｉｇｎ ｆｉｌｏ,サービス,理容・美容業,5%
鹿児島県,鹿児島市,ＨＡＩＲ＆ＭＡＫＥ Ｒｉｎ,サービス,理容・美容業,5%
鹿児島県,鹿児島市,ＬｏＬｏ ｈａｉｒ,サービス,理容・美容業,5%
鹿児島県,鹿児島市,ＨａｉｒＳａｌｏｎＦｕ,サービス,理容・美容業,5%
鹿児島県,鹿児島市,ベイサイド鹿児島ＳＳ,小売業,ガソリンスタンド,2%
鹿児島県,鹿児島市,別処吹上庵左膳 天文館店,サービス,飲食業,5%
鹿児島県,鹿児島市,別処吹上庵左膳 本店,サービス,飲食業,5%
鹿児島県,鹿児島市,ＢＥＬＵＮＡ ベルナ,サービス,理容・美容業,5%
鹿児島県,鹿児島市,ＢＥＬＵＮＡ,サービス,理容・美容業,5%
鹿児島県,鹿児島市,便利屋鹿児島,サービス,その他サービス,5%
鹿児島県,鹿児島市,ＶＯＵＬ,サービス,飲食業,5%
鹿児島県,鹿児島市,ほぐし処大空,サービス,その他サービス,5%
鹿児島県,鹿児島市,ほぐし処 るりあん,サービス,その他サービス,5%
鹿児島県,鹿児島市,ＨＯＴ ＧＡＲＡＧＥ Ｄ’ｓ,サービス,その他サービス,5%
鹿児島県,鹿児島市,ホテルエリアワン鹿児島,サービス,宿泊業,5%
鹿児島県,鹿児島市,ホテルタイセイ アネックス,サービス,宿泊業,5%
鹿児島県,鹿児島市,ホテル吹上荘,サービス,宿泊業,5%
鹿児島県,鹿児島市,ホームセンター きたやま 東開店,小売業,その他小売,5%
鹿児島県,鹿児島市,ホームセンター きたやま 東開店,小売業,その他小売,5%
鹿児島県,鹿児島市,ホリスティック・ラボアベイルガーデン,小売業,その他小売,5%
鹿児島県,鹿児島市,ボルボ・カーズ 鹿児島,小売業,その他小売,5%
鹿児島県,鹿児島市,ボルボ・カーズ鹿児島,小売業,その他小売,5%
鹿児島県,鹿児島市,本格炭火居酒屋心,サービス,飲食業,5%
鹿児島県,鹿児島市,梵天,サービス,飲食業,5%
鹿児島県,鹿児島市,本場インド料理 Ｌａｌｉｇｕｒａｓ,サービス,飲食業,5%
鹿児島県,鹿児島市,ワイン食堂マイアリーノ１９７１,サービス,飲食業,5%
鹿児島県,鹿児島市,前野石油 Ｄｒ Ｄｒｉｖｅ谷山インターＳＳ,小売業,ガソリンスタンド,2%
鹿児島県,鹿児島市,まきの商店,小売業,その他小売,5%
鹿児島県,鹿児島市,マクドナルドイオンモール鹿児島店,サービス,飲食業,2%
鹿児島県,鹿児島市,マクドナルド鹿児島上荒田店,サービス,飲食業,2%
鹿児島県,鹿児島市,マクドナルド皇徳寺ショッピングプラザ店,サービス,飲食業,2%
鹿児島県,鹿児島市,マクドナルド桜ヶ丘Ａコープ店,サービス,飲食業,2%
鹿児島県,鹿児島市,マクドナルド中山バイパス店,サービス,飲食業,2%
鹿児島県,鹿児島市,マクドナルド東開店,サービス,飲食業,2%
鹿児島県,鹿児島市,マクドナルド与次郎ニシムタ店,サービス,飲食業,2%
鹿児島県,鹿児島市,マクドナルド和田サンキュー店,サービス,飲食業,2%
鹿児島県,鹿児島市,ＭＡＴＨＥＲｕＢＡ ｇｉｆｔ,小売業,総合（非専門）,5%
鹿児島県,鹿児島市,マジョラム 中央駅店,サービス,理容・美容業,5%
鹿児島県,鹿児島市,ｍａｒｊｏｒａｍ 天文館本店,サービス,理容・美容業,5%
鹿児島県,鹿児島市,街の写真屋さん,サービス,その他サービス,5%
鹿児島県,鹿児島市,松岡自動車整備工場,小売業,その他小売,5%
鹿児島県,鹿児島市,松田カイロ療術院,サービス,その他サービス,5%
鹿児島県,鹿児島市,マンガ倉庫 鹿児島店,小売業,その他小売,5%
鹿児島県,鹿児島市,みしん工房鹿児島,小売業,その他小売,5%
鹿児島県,鹿児島市,みしん工房 鹿児島,小売業,電化製品,5%
鹿児島県,鹿児島市,水元酒店,小売業,食料品,5%
鹿児島県,鹿児島市,南十字星,サービス,飲食業,5%
鹿児島県,鹿児島市,南谷美容室,サービス,理容・美容業,5%
鹿児島県,鹿児島市,南日本新聞松元販売所,小売業,その他小売,5%
鹿児島県,鹿児島市,ミニバン スポット,サービス,その他サービス,5%
鹿児島県,鹿児島市,みやま本舗 鹿児島中央駅店,サービス,飲食業,5%
鹿児島県,鹿児島市,みやま本舗 鹿児島中央駅店,サービス,飲食業,5%
鹿児島県,鹿児島市,みやま本舗 天文館店,サービス,飲食業,5%
鹿児島県,鹿児島市,みやま本舗 二官橋通り店,サービス,飲食業,5%
鹿児島県,鹿児島市,みやま本舗 二官橋通り店,サービス,飲食業,5%
鹿児島県,鹿児島市,ミユキ・オート,小売業,貴金属・服飾品,5%
鹿児島県,鹿児島市,みんなのお酒,サービス,飲食業,5%
鹿児島県,鹿児島市,Ｍｏｕｌｉｎ ｈａｉｒ,サービス,理容・美容業,5%
鹿児島県,鹿児島市,ＭＡＰＬＥ ＭＡＰＬＥ,小売業,その他小売,5%
鹿児島県,鹿児島市,メガネランド,小売業,その他小売,5%
鹿児島県,鹿児島市,魚からうろこ 魚からうろこ,サービス,飲食業,5%
鹿児島県,鹿児島市,めっけもん ドルフィンポート店,サービス,飲食業,5%
鹿児島県,鹿児島市,めっけもん 鹿児島中央駅店,サービス,飲食業,5%
鹿児島県,鹿児島市,めっけもん 皇徳寺店,サービス,飲食業,5%
鹿児島県,鹿児島市,めっけもん 城西店,サービス,飲食業,5%
鹿児島県,鹿児島市,メディカルサンテロッソ,サービス,理容・美容業,5%
鹿児島県,鹿児島市,麺匠 樹凜,サービス,飲食業,5%
鹿児島県,鹿児島市,麺匠樹凜 麺匠 樹凜,サービス,飲食業,5%
鹿児島県,鹿児島市,麺席 ｕ鄰ｄｏｎ,サービス,飲食業,5%
鹿児島県,鹿児島市,モータースポット キモツキ,サービス,その他サービス,5%
鹿児島県,鹿児島市,ＭｏＣａｄｅａｕ ｈａｉｒ ｍａｋｅ,サービス,理容・美容業,5%
鹿児島県,鹿児島市,ＭＯＤＥＲＮ ＢＡＬＩ,サービス,飲食業,5%
鹿児島県,鹿児島市,モトストアグローウィン,小売業,その他小売,5%
鹿児島県,鹿児島市,桃色物語,サービス,その他サービス,5%
鹿児島県,鹿児島市,盛喜,サービス,飲食業,5%
鹿児島県,鹿児島市,森三上荒田店,小売業,食料品,5%
鹿児島県,鹿児島市,森三中山店,小売業,食料品,5%
鹿児島県,鹿児島市,森三吉野店,小売業,食料品,5%
鹿児島県,鹿児島市,焼鳥 串蔵,サービス,飲食業,5%
鹿児島県,鹿児島市,焼肉なべしま鹿児島インター店,サービス,飲食業,5%
鹿児島県,鹿児島市,焼肉馬力屋,サービス,飲食業,5%
鹿児島県,鹿児島市,やさい村,小売業,食料品,5%
鹿児島県,鹿児島市,屋台屋 銀座通り （やたいや）,サービス,飲食業,5%
鹿児島県,鹿児島市,柳田自動車工業,サービス,その他サービス,5%
鹿児島県,鹿児島市,山内自動車,サービス,その他サービス,5%
鹿児島県,鹿児島市,山下コンタクトレンズ,小売業,その他小売,5%
鹿児島県,鹿児島市,悠庵,サービス,飲食業,5%
鹿児島県,鹿児島市,有限会社 木原園芸,小売業,その他小売,5%
鹿児島県,鹿児島市,有限会社 Ｓｏｎｉｃ,小売業,その他小売,5%
鹿児島県,鹿児島市,有限会社お茶のかおり園,小売業,総合（非専門）,5%
鹿児島県,鹿児島市,有限会社鹿児島事務機商会,小売業,その他小売,5%
鹿児島県,鹿児島市,有限会社鹿児島肉よし,小売業,食料品,5%
鹿児島県,鹿児島市,有限会社新日本自動車,サービス,その他サービス,5%
鹿児島県,鹿児島市,有限会社チャーム,小売業,衣料品,5%
鹿児島県,鹿児島市,有限会社ナガサト酒店,その他業種,ー,5%
鹿児島県,鹿児島市,有限会社南州メディカル,小売業,その他小売,5%
鹿児島県,鹿児島市,有限会社ベストホーム,その他業種,ー,5%
鹿児島県,鹿児島市,有限会社山田銘木店,小売業,総合（非専門）,5%
鹿児島県,鹿児島市,有限会社吉永醸造店,小売業,食料品,5%
鹿児島県,鹿児島市,有限会社米沢自動車,サービス,その他サービス,5%
鹿児島県,鹿児島市,遊食そう家,サービス,飲食業,5%
鹿児島県,鹿児島市,ゆうゆう薬局甲南店,小売業,その他小売,5%
鹿児島県,鹿児島市,Ｙｕｋａ犬と猫のクリニック,サービス,その他サービス,5%
鹿児島県,鹿児島市,ユタカ電器,小売業,電化製品,5%
鹿児島県,鹿児島市,ゆっくり居酒屋 ごじのね,サービス,飲食業,5%
鹿児島県,鹿児島市,ＵＮＩＴＥＤＳＡＬＯＮ鹿児島,小売業,貴金属・服飾品,5%
鹿児島県,鹿児島市,ＵＮＩＴＥＤ ＳＡＬＯＮ 鹿児島,小売業,貴金属・服飾品,5%
鹿児島県,鹿児島市,よしだフォト,サービス,その他サービス,5%
鹿児島県,鹿児島市,よしだフォト,その他業種,ー,5%
鹿児島県,鹿児島市,吉野ＳＳ,小売業,ガソリンスタンド,2%
鹿児島県,鹿児島市,ＬｉｆｅＨａｉｒ,サービス,理容・美容業,5%
鹿児島県,鹿児島市,ＲＡＴ ＳＴＹＬＥ,小売業,衣料品,5%
鹿児島県,鹿児島市,ＲＡＴＴＬＥＲ Ｉｎｃ．,小売業,衣料品,5%
鹿児島県,鹿児島市,ラファエル,サービス,飲食業,5%
鹿児島県,鹿児島市,リサイクルショップ セコハン,小売業,総合（非専門）,5%
鹿児島県,鹿児島市,Ｒｙｕｘ,サービス,理容・美容業,5%
鹿児島県,鹿児島市,流通団地給油所,小売業,ガソリンスタンド,2%
鹿児島県,鹿児島市,リライトガレージ 東開店,サービス,その他サービス,5%
鹿児島県,鹿児島市,ｒｅｌａｘａｔｉｏｎ ｓｐａｃｅ ｅｎ,サービス,理容・美容業,5%
鹿児島県,鹿児島市,ｒｅｌａｘａｔｉｏｎｓｐａｃｅｅｎ,サービス,理容・美容業,5%
鹿児島県,鹿児島市,リラクゼーション楽園,サービス,その他サービス,5%
鹿児島県,鹿児島市,臨海ターミナルＳＳ,小売業,ガソリンスタンド,2%
鹿児島県,鹿児島市,Ｒｕｈｅ ｂｙ ｈａｉｒ,サービス,理容・美容業,5%
鹿児島県,鹿児島市,ａｔｅｌｉｅｒ－ｌｕｃｃａ,サービス,理容・美容業,5%
鹿児島県,鹿児島市,ルピシア鹿児島店,小売業,食料品,2%
鹿児島県,鹿児島市,瑠璃,サービス,飲食業,5%
鹿児島県,鹿児島市,ＬＥＯＮＥ,サービス,飲食業,5%
鹿児島県,鹿児島市,レストランあるとこ,サービス,飲食業,5%
鹿児島県,鹿児島市,レッドペッパー東開店,サービス,飲食業,5%
鹿児島県,鹿児島市,レッドペッパー 南埠頭店,サービス,飲食業,5%
鹿児島県,鹿児島市,Ｌｅｓ Ｆｉｌｌｅｓ,小売業,その他小売,5%
鹿児島県,鹿児島市,ｒｏａｍｅｒｓａｎｄｓｅｅｋｅｒｓ,小売業,衣料品,5%
鹿児島県,鹿児島市,ｒｏａｍｅｒｓ ａｎｄ ｓｅｅｋｅｒｓ ｒｏａｍｅｒｓ ａｎｄ ｓｅｅｋｅｒｓ,小売業,衣料品,5%
鹿児島県,鹿児島市,ＲＯＣＣＡ,小売業,貴金属・服飾品,5%
鹿児島県,鹿児島市,炉の蔵,サービス,飲食業,5%
鹿児島県,鹿児島市,ロペ天文館店,小売業,衣料品,5%
鹿児島県,鹿児島市,ワイン酒場 ひろ海,サービス,飲食業,5%
鹿児島県,鹿児島市,ワイン食堂ＵＳＵＫＩＹＡ,サービス,飲食業,5%
鹿児島県,鹿児島市,ワインバーしろ,サービス,飲食業,5%
鹿児島県,鹿児島市,ワカマツ自動車,サービス,その他サービス,5%
鹿児島県,鹿児島市,わこうでんか,小売業,電化製品,5%
鹿児島県,鹿児島市,和ごころ,サービス,飲食業,5%
鹿児島県,鹿児島市,和田店,小売業,食料品,5%
鹿児島県,鹿児島市,和処めっけもん,サービス,飲食業,5%
鹿児島県,鹿児島市,Ｏｎｅ Ｍａｋｅ,サービス,その他サービス,5%
鹿児島県,鹿屋市,居酒屋天や和家 天や和家,サービス,飲食業,5%
鹿児島県,鹿屋市,出光輝北町ＳＳ,小売業,ガソリンスタンド,2%
鹿児島県,鹿屋市,出光細山田ＳＳ,小売業,ガソリンスタンド,2%
鹿児島県,鹿屋市,今坂ＳＳ,小売業,ガソリンスタンド,2%
鹿児島県,鹿屋市,小田電化システム,小売業,電化製品,5%
鹿児島県,鹿屋市,カーライフステーション鹿屋ＳＳ,小売業,ガソリンスタンド,2%
鹿児島県,鹿屋市,鹿児島東部ヤクルト販売 輝北ポイント,小売業,食料品,5%
鹿児島県,鹿屋市,鹿児島東部ヤクルト販売 鹿屋西センター,小売業,食料品,5%
鹿児島県,鹿屋市,鹿児島東部ヤクルト販売 串良センター,小売業,食料品,5%
鹿児島県,鹿屋市,鹿児島東部ヤクルト販売 鹿屋寿センター,小売業,食料品,5%
鹿児島県,鹿屋市,鹿児島東部ヤクルト販売 鹿屋営業所,小売業,食料品,5%
鹿児島県,鹿屋市,菓子工房ボンヴィヴォン本店,小売業,食料品,5%
鹿児島県,鹿屋市,割烹 すすきの,サービス,飲食業,5%
鹿児島県,鹿屋市,セブン－イレブン鹿屋今坂町店,小売業,食料品,2%
鹿児島県,鹿屋市,セブン－イレブン鹿屋打馬店,小売業,食料品,2%
鹿児島県,鹿屋市,セブン－イレブン鹿屋共栄町店,小売業,食料品,2%
鹿児島県,鹿屋市,鹿屋市観光物産総合センター,小売業,その他小売,5%
鹿児島県,鹿屋市,鹿屋新川ＳＳ,小売業,ガソリンスタンド,2%
鹿児島県,鹿屋市,鹿屋体育大学前ＳＳ,小売業,ガソリンスタンド,2%
鹿児島県,鹿屋市,セブン－イレブン鹿屋田崎東店,小売業,食料品,2%
鹿児島県,鹿屋市,鹿屋電器商会,小売業,電化製品,5%
鹿児島県,鹿屋市,鹿屋バイパスＳＳ,小売業,ガソリンスタンド,2%
鹿児島県,鹿屋市,鹿屋バイパスＳＳ,小売業,ガソリンスタンド,2%
鹿児島県,鹿屋市,セブン－イレブン鹿屋札元１丁目店,小売業,食料品,2%
鹿児島県,鹿屋市,株式会社佛壇の古屋鋪 鹿屋店,小売業,家具・調度品,5%
鹿児島県,鹿屋市,株式会社ＥＵＲＯ ＣＡＲＳ,サービス,その他サービス,5%
鹿児島県,鹿屋市,上祓川ＳＳ,小売業,ガソリンスタンド,2%
鹿児島県,鹿屋市,カレーハウスＣＯＣＯ壱番屋鹿屋バイパス店,サービス,飲食業,2%
鹿児島県,鹿屋市,霧島ヶ丘公園前ＳＳ,小売業,ガソリンスタンド,2%
鹿児島県,鹿屋市,串良ＳＳ,小売業,ガソリンスタンド,2%
鹿児島県,鹿屋市,ごんげん,サービス,飲食業,5%
鹿児島県,鹿屋市,財宝ショップ 鹿屋店,小売業,食料品,5%
鹿児島県,鹿屋市,迫自動車鈑金塗装,サービス,その他サービス,5%
鹿児島県,鹿屋市,十三塚ＳＳ 有限会社エフサービス,小売業,ガソリンスタンド,2%
鹿児島県,鹿屋市,十八番 鹿屋店,サービス,飲食業,5%
鹿児島県,鹿屋市,ＳＵＺＵＴＡＮ鹿屋プラッセだいわ店,小売業,衣料品,5%
鹿児島県,鹿屋市,すたみな太郎 鹿屋店,サービス,飲食業,5%
鹿児島県,鹿屋市,整体ジウ,サービス,その他サービス,5%
鹿児島県,鹿屋市,セブンプラザ 大姶良店,小売業,電化製品,5%
鹿児島県,鹿屋市,セブンプラザ 輝北店,小売業,電化製品,5%
鹿児島県,鹿屋市,セブンプラザ吾平店,小売業,電化製品,5%
鹿児島県,鹿屋市,セブンプラザ鹿屋本店,小売業,電化製品,5%
鹿児島県,鹿屋市,セブンプラザ串良店,小売業,電化製品,5%
鹿児島県,鹿屋市,セブンプラザ西原店,小売業,電化製品,5%
鹿児島県,鹿屋市,セルフ川西ＳＳ,小売業,ガソリンスタンド,2%
鹿児島県,鹿屋市,セルフ新生町ＳＳ,小売業,ガソリンスタンド,2%
鹿児島県,鹿屋市,株式会社鑪建築設計事務所,サービス,その他サービス,5%
鹿児島県,鹿屋市,Ｔショップやまぐち串良店,小売業,総合（非専門）,5%
鹿児島県,鹿屋市,天や和家,サービス,飲食業,5%
鹿児島県,鹿屋市,Ｄｒ．Ｄｒｉｖｅセルフ寿町ＳＳ,小売業,ガソリンスタンド,2%
鹿児島県,鹿屋市,徳永石油川西ＳＳ,小売業,ガソリンスタンド,2%
鹿児島県,鹿屋市,中西写真館,小売業,その他小売,5%
鹿児島県,鹿屋市,永野田ＳＳ,小売業,ガソリンスタンド,2%
鹿児島県,鹿屋市,サンロ－ド西原ＳＳ,小売業,ガソリンスタンド,2%
鹿児島県,鹿屋市,西原町給油所,小売業,ガソリンスタンド,2%
鹿児島県,鹿屋市,日本料理千成本店,サービス,飲食業,5%
鹿児島県,鹿屋市,ネオプラス きよやま串良店,小売業,電化製品,5%
鹿児島県,鹿屋市,ネオプラスさこ,小売業,電化製品,5%
鹿児島県,鹿屋市,ネオプラス しばはら,小売業,電化製品,5%
鹿児島県,鹿屋市,ネオプラス たしろ,小売業,電化製品,5%
鹿児島県,鹿屋市,ネオプラス まえだ,小売業,電化製品,5%
鹿児島県,鹿屋市,のうまん商店,小売業,総合（非専門）,5%
鹿児島県,鹿屋市,ＨＥＡＲＴーＬＩＮＫ,サービス,理容・美容業,5%
鹿児島県,鹿屋市,バイクフォーラム 鹿屋,小売業,その他小売,5%
鹿児島県,鹿屋市,髪?ＨａｐｐＹ?飛 髮?ＨａｐｐＹ?飛,サービス,理容・美容業,5%
鹿児島県,鹿屋市,ＰＡＤＤＬＥＲＳ,サービス,その他サービス,5%
鹿児島県,鹿屋市,ハピネス鹿屋店,小売業,食料品,5%
鹿児島県,鹿屋市,祓川ＳＳ,小売業,ガソリンスタンド,2%
鹿児島県,鹿屋市,ＰＣメカニック,小売業,電化製品,5%
鹿児島県,鹿屋市,ピースオート,サービス,その他サービス,5%
鹿児島県,鹿屋市,ピザテン・フォー 鹿児島鹿屋店 １,サービス,その他サービス,5%
鹿児島県,鹿屋市,ヒューズかのや店,小売業,衣料品,5%
鹿児島県,鹿屋市,平山不動産株式会社,サービス,その他サービス,5%
鹿児島県,鹿屋市,ファミリープラザ杉園,小売業,衣料品,5%
鹿児島県,鹿屋市,フィッシング 海遊館,小売業,その他小売,5%
鹿児島県,鹿屋市,ふく福 鹿屋店,サービス,飲食業,5%
鹿児島県,鹿屋市,プラッセだいわ鹿屋店,小売業,食料品,5%
鹿児島県,鹿屋市,Ｈａｉｒ カリフォルニアの風,サービス,理容・美容業,5%
鹿児島県,鹿屋市,ｈａｉｒｓａｌｏｎＬｕｎｏｒ,サービス,理容・美容業,5%
鹿児島県,鹿屋市,ＨａｉｒｍａｋｅｕｐｆａｒｏＣａｎｄｙ,サービス,理容・美容業,5%
鹿児島県,鹿屋市,ヘアメイクアップファーロベンチ,サービス,理容・美容業,5%
鹿児島県,鹿屋市,Ｈａｉｒ ｗｏｒｋｓ ＣＲＡＦＴ Ｈａｉｒ ｗｏｒｋｓ ＣＲＡＦＴ,サービス,理容・美容業,5%
鹿児島県,鹿屋市,別府商会Ｋｅｉ,小売業,衣料品,5%
鹿児島県,鹿屋市,ホームセンターきたやま,小売業,その他小売,5%
鹿児島県,鹿屋市,細山田 ＳＳ,小売業,ガソリンスタンド,2%
鹿児島県,鹿屋市,細山田ＳＳ,小売業,ガソリンスタンド,2%
鹿児島県,鹿屋市,ホテルしらさぎ,サービス,宿泊業,5%
鹿児島県,鹿屋市,ＢＯＮＩＣＡ,サービス,理容・美容業,5%
鹿児島県,鹿屋市,ホームセンター きたやま,小売業,その他小売,5%
鹿児島県,鹿屋市,まあぶるヘアー,サービス,理容・美容業,5%
鹿児島県,鹿屋市,マイティワークス鹿屋本店,小売業,衣料品,5%
鹿児島県,鹿屋市,前田時計店,小売業,貴金属・服飾品,5%
鹿児島県,鹿屋市,牧之内石油 串良ＳＳ,小売業,ガソリンスタンド,2%
鹿児島県,鹿屋市,マクドナルド鹿屋プラッセだいわ店,サービス,飲食業,2%
鹿児島県,鹿屋市,マクドナルド寿サンキュー店,サービス,飲食業,2%
鹿児島県,鹿屋市,マクドナルド西原店,サービス,飲食業,2%
鹿児島県,鹿屋市,明林堂書店鹿屋店,小売業,その他小売,5%
鹿児島県,鹿屋市,山乃家,サービス,飲食業,5%
鹿児島県,鹿屋市,有限会社大隅ブラザー,その他業種,ー,5%
鹿児島県,鹿屋市,有限会社ビーワン,小売業,衣料品,5%
鹿児島県,鹿屋市,有限会社ベルかのや,小売業,衣料品,5%
鹿児島県,鹿屋市,ワイルドビースポーツ鹿屋ボクシング,その他業種,ー,5%
鹿児島県,喜界町,伊実久ＳＳ,小売業,ガソリンスタンド,2%
鹿児島県,喜界町,出光喜界町ＳＳ,小売業,ガソリンスタンド,2%
鹿児島県,喜界町,出光早町ＳＳ,小売業,ガソリンスタンド,2%
鹿児島県,喜界町,喜界ＳＳ,小売業,ガソリンスタンド,2%
鹿児島県,喜界町,喜界島おみやげセンタ－,小売業,総合（非専門）,5%
鹿児島県,喜界町,郡ＳＳ,小売業,ガソリンスタンド,2%
鹿児島県,喜界町,ショッピングセンターふくり,小売業,食料品,5%
鹿児島県,肝付町,内之浦上建ＳＳ,小売業,ガソリンスタンド,2%
鹿児島県,肝付町,セブン－イレブン鹿屋笠之原店,小売業,食料品,2%
鹿児島県,肝付町,カノヤゴルフアカデミー,サービス,その他サービス,5%
鹿児島県,肝付町,川崎石油 内之浦ＳＳ,小売業,ガソリンスタンド,2%
鹿児島県,肝付町,肝付町ＳＳ,小売業,ガソリンスタンド,2%
鹿児島県,肝付町,きらく,サービス,飲食業,5%
鹿児島県,肝付町,高山ＳＳ 有限会社兼氏石油店,小売業,ガソリンスタンド,2%
鹿児島県,肝付町,高山南ＳＳ,小売業,ガソリンスタンド,2%
鹿児島県,肝付町,ジホウドー 高山店,小売業,貴金属・服飾品,5%
鹿児島県,肝付町,セブンプラザ高山店,小売業,電化製品,5%
鹿児島県,肝付町,宙ハウス,サービス,宿泊業,5%
鹿児島県,肝付町,ネオプラスいわや,小売業,電化製品,5%
鹿児島県,肝付町,福原菓子店,小売業,食料品,5%
鹿児島県,霧島市,Ａｇｕ ｈａｉｒ Ａｇｕ ｈａｉｒ ｂａｌｌａｎ鹿児島,サービス,理容・美容業,5%
鹿児島県,霧島市,ａｎｃａｆｅ,サービス,飲食業,5%
鹿児島県,霧島市,安楽温泉 朱峰,サービス,宿泊業,5%
鹿児島県,霧島市,居食屋 中吉,サービス,飲食業,5%
鹿児島県,霧島市,いちにぃさん 国分店,サービス,飲食業,5%
鹿児島県,霧島市,イデックス国分ＳＳ,小売業,ガソリンスタンド,2%
鹿児島県,霧島市,いやしの里 松苑,サービス,宿泊業,5%
鹿児島県,霧島市,岩切美巧堂,その他業種,ー,5%
鹿児島県,霧島市,岩崎ＳＳ,小売業,ガソリンスタンド,2%
鹿児島県,霧島市,岩崎ダミーＳＳ,小売業,ガソリンスタンド,2%
鹿児島県,霧島市,Ｖｉｌｌａ Ｍｏｎｔｐｅｔｒｅ,サービス,宿泊業,5%
鹿児島県,霧島市,Ｖｉｌｌａ Ｍｏｎｔｐｅｔｒｅ,サービス,宿泊業,5%
鹿児島県,霧島市,うるうカイロプラクティック院,サービス,理容・美容業,5%
鹿児島県,霧島市,エステ ＷＡＭ 国分店,サービス,理容・美容業,5%
鹿児島県,霧島市,大窪ＳＳ,小売業,ガソリンスタンド,2%
鹿児島県,霧島市,オーベルジュ異人館,サービス,その他サービス,5%
鹿児島県,霧島市,お茶の沢田園 新町店,小売業,食料品,5%
鹿児島県,霧島市,オリックスレンタカー鹿児島空港店,サービス,その他サービス,2%
鹿児島県,霧島市,海船 ぶた丸,サービス,飲食業,5%
鹿児島県,霧島市,海船ぶた丸,サービス,飲食業,5%
鹿児島県,霧島市,セブン－イレブン鹿児島空港前店,小売業,食料品,2%
鹿児島県,霧島市,鹿児島東部ヤクルト販売 日当山センター,小売業,食料品,5%
鹿児島県,霧島市,鹿児島東部ヤクルト販売 国分センター,小売業,食料品,5%
鹿児島県,霧島市,鹿児島東部ヤクルト販売 隼人真孝センター,小売業,食料品,5%
鹿児島県,霧島市,Ｃａｆｅ Ｇａｌｌｅｒｙ 風雷坊主 ミロク,サービス,飲食業,5%
鹿児島県,霧島市,株式会社佛壇の古屋鋪 隼人店,小売業,家具・調度品,5%
鹿児島県,霧島市,からだづくりジムノザワ,その他業種,ー,5%
鹿児島県,霧島市,数寄の宿 野鶴亭,サービス,宿泊業,5%
鹿児島県,霧島市,ＣＡＭＥＬ ＣＬＵＴＣＨ,サービス,理容・美容業,5%
鹿児島県,霧島市,霧島温泉ＳＳ,小売業,ガソリンスタンド,2%
鹿児島県,霧島市,霧島観光ホテル,サービス,宿泊業,5%
鹿児島県,霧島市,霧島口ＳＳ,小売業,ガソリンスタンド,2%
鹿児島県,霧島市,霧島公園ＳＳ,小売業,ガソリンスタンド,2%
鹿児島県,霧島市,霧島神宮ＳＳ,小売業,ガソリンスタンド,2%
鹿児島県,霧島市,きりしま畜産 ｈａｎａｒｅ,サービス,飲食業,5%
鹿児島県,霧島市,株式会社霧島町蒸留所,小売業,家具・調度品,5%
鹿児島県,霧島市,霧島ホテル,サービス,宿泊業,5%
鹿児島県,霧島市,セブンーイレブン霧島牧園店,小売業,食料品,2%
鹿児島県,霧島市,セブン－イレブン霧島牧之原店,小売業,食料品,2%
鹿児島県,霧島市,セブン－イレブン霧島溝辺有川店,小売業,食料品,2%
鹿児島県,霧島市,セブン－イレブン霧島横川店,小売業,食料品,2%
鹿児島県,霧島市,霧や櫻や店,小売業,食料品,5%
鹿児島県,霧島市,きりん商店,その他業種,ー,5%
鹿児島県,霧島市,空港バイパスＳＳ,小売業,ガソリンスタンド,2%
鹿児島県,霧島市,串揚げ専門 串庵,サービス,飲食業,5%
鹿児島県,霧島市,串揚げ専門 串庵,サービス,飲食業,5%
鹿児島県,霧島市,靴のアサヒ屋,小売業,衣料品,5%
鹿児島県,霧島市,セブン－イレブン国分重久店,小売業,食料品,2%
鹿児島県,霧島市,セブン－イレブン国分新町店,小売業,食料品,2%
鹿児島県,霧島市,国分中央ＳＳ,小売業,ガソリンスタンド,2%
鹿児島県,霧島市,セブン－イレブン国分中央１丁目店,小売業,食料品,2%
鹿児島県,霧島市,セブン－イレブン国分福島店,小売業,食料品,2%
鹿児島県,霧島市,セブン－イレブン国分湊店,小売業,食料品,2%
鹿児島県,霧島市,国分南ＳＳ,小売業,ガソリンスタンド,2%
鹿児島県,霧島市,セブン－イレブン国分山下店,小売業,食料品,2%
鹿児島県,霧島市,こしかの温泉 こしかの温泉,サービス,宿泊業,5%
鹿児島県,霧島市,個室焼肉ひごや,サービス,飲食業,5%
鹿児島県,霧島市,五代,サービス,その他サービス,5%
鹿児島県,霧島市,坂田金時堂,小売業,食料品,5%
鹿児島県,霧島市,さくらさくら温泉,サービス,宿泊業,5%
鹿児島県,霧島市,ＳＡＫＵＲＡ ＢＡＫＥＲＹ,小売業,食料品,5%
鹿児島県,霧島市,サンホテル国分,サービス,宿泊業,5%
鹿児島県,霧島市,敷根ＳＳ,小売業,ガソリンスタンド,2%
鹿児島県,霧島市,下登電機,小売業,電化製品,5%
鹿児島県,霧島市,十三塚原ＳＳ,小売業,ガソリンスタンド,2%
鹿児島県,霧島市,十八番 霧島隼人店,サービス,飲食業,5%
鹿児島県,霧島市,シンズ ガレージ,小売業,その他小売,5%
鹿児島県,霧島市,スカイハイ,サービス,飲食業,5%
鹿児島県,霧島市,スマホＢｕｙｅｒＪａｐａｎ霧島隼人店,サービス,その他サービス,5%
鹿児島県,霧島市,セルフ牧の原給油所,小売業,ガソリンスタンド,2%
鹿児島県,霧島市,Ｄｉｎｉｎｇ 琥珀,サービス,飲食業,5%
鹿児島県,霧島市,たかちほ電機住設,小売業,電化製品,5%
鹿児島県,霧島市,ＴＫ ＴＨＥ ＳＡＬＯＮ,サービス,理容・美容業,5%
鹿児島県,霧島市,ｔｉｃｔｉｃ,その他業種,ー,5%
鹿児島県,霧島市,テクノセンターＳＳ,小売業,ガソリンスタンド,2%
鹿児島県,霧島市,寺原ＳＳ,小売業,ガソリンスタンド,2%
鹿児島県,霧島市,ＤＯ！プラザ国分セルフ,小売業,ガソリンスタンド,2%
鹿児島県,霧島市,ＤＯ！プラザ隼人セルフ,小売業,ガソリンスタンド,2%
鹿児島県,霧島市,東苑,サービス,飲食業,5%
鹿児島県,霧島市,Ｄｒ．ＤｒｉｖｅＩＴＳ隼人ＳＳ,小売業,ガソリンスタンド,2%
鹿児島県,霧島市,徳吉自動車,サービス,その他サービス,5%
鹿児島県,霧島市,ＴＲＩＤＥ ＭＯＴＯＲ,サービス,その他サービス,5%
鹿児島県,霧島市,トリオ電気サービス,小売業,電化製品,5%
鹿児島県,霧島市,長崎芳花園,小売業,その他小売,5%
鹿児島県,霧島市,南国ホンダ霧島店,その他業種,ー,5%
鹿児島県,霧島市,西村ＳＳ,小売業,ガソリンスタンド,2%
鹿児島県,霧島市,ｎｏａｈｃｏｆｆｅｅ,サービス,飲食業,5%
鹿児島県,霧島市,ＶＥＲＶＥ,サービス,理容・美容業,5%
鹿児島県,霧島市,ぱぁる エステサロン,サービス,理容・美容業,5%
鹿児島県,霧島市,ＢＩＫＥ ＬＡＮＤ,小売業,その他小売,5%
鹿児島県,霧島市,ハッピ－レンタカ－鹿児島空港店,サービス,その他サービス,5%
鹿児島県,霧島市,花工房雫,小売業,その他小売,5%
鹿児島県,霧島市,ハピネス霧島店,小売業,食料品,5%
鹿児島県,霧島市,浜之市ＳＳ,小売業,ガソリンスタンド,2%
鹿児島県,霧島市,セブン－イレブン隼人小浜店,小売業,食料品,2%
鹿児島県,霧島市,セブン－イレブン隼人しらさぎ橋西店,小売業,食料品,2%
鹿児島県,霧島市,隼人塚ＳＳ,小売業,ガソリンスタンド,2%
鹿児島県,霧島市,セブン－イレブン隼人姫城店,小売業,食料品,2%
鹿児島県,霧島市,セブン－イレブン隼人見次店,小売業,食料品,2%
鹿児島県,霧島市,原口石油 溝辺バイパスＳＳ,小売業,ガソリンスタンド,2%
鹿児島県,霧島市,ＢＵＳＩＮＥＳＳＨＯＴＥＬ伊佐,サービス,宿泊業,5%
鹿児島県,霧島市,ビジネスホテル ロイヤルイン国分,サービス,宿泊業,5%
鹿児島県,霧島市,ビジネス旅館森本,サービス,宿泊業,5%
鹿児島県,霧島市,日当山ＳＳ,小売業,ガソリンスタンド,2%
鹿児島県,霧島市,美容ピュア国分店,サービス,理容・美容業,5%
鹿児島県,霧島市,広谷自販,サービス,その他サービス,5%
鹿児島県,霧島市,福祉タクシー つなぐ,サービス,運輸業,5%
鹿児島県,霧島市,福島ＳＳ,小売業,ガソリンスタンド,2%
鹿児島県,霧島市,ふく福 空港店,サービス,飲食業,5%
鹿児島県,霧島市,ふく福 国分店,サービス,飲食業,5%
鹿児島県,霧島市,ｐｅｔｉｔ ｂｏｎｂｏｎ 国分店,小売業,総合（非専門）,5%
鹿児島県,霧島市,ブライトンコート旅館,サービス,宿泊業,5%
鹿児島県,霧島市,フルール,サービス,飲食業,5%
鹿児島県,霧島市,ＨＡＩＲ ＡＲＴ ＭｉＸ ＳＰＡＣＥ,サービス,理容・美容業,5%
鹿児島県,霧島市,ＨＡＩＲＡＲＴ ＭｉＸＳＰＡＣＥ,サービス,理容・美容業,5%
鹿児島県,霧島市,ヘアーサロンＴＯＰＩＣ,サービス,理容・美容業,5%
鹿児島県,霧島市,へアーサロンＴＯＰＩＣ,サービス,理容・美容業,5%
鹿児島県,霧島市,ヘアーサロン迫田,サービス,理容・美容業,5%
鹿児島県,霧島市,ベーカリーシナモン,小売業,食料品,5%
鹿児島県,霧島市,ほぐし職人の店 りらく,サービス,理容・美容業,5%
鹿児島県,霧島市,ホテル国分荘,サービス,宿泊業,5%
鹿児島県,霧島市,本社,小売業,ガソリンスタンド,2%
鹿児島県,霧島市,牧の原ＳＳ 有限会社上原石油店,小売業,ガソリンスタンド,2%
鹿児島県,霧島市,マルチモービルステーションＳＳ,小売業,ガソリンスタンド,2%
鹿児島県,霧島市,万膳酒店,小売業,食料品,5%
鹿児島県,霧島市,薩摩革工房ミカサレザー,小売業,衣料品,5%
鹿児島県,霧島市,セブン－イレブン南隼人店,小売業,食料品,2%
鹿児島県,霧島市,ミヤタタイヤ,小売業,その他小売,5%
鹿児島県,霧島市,みやま本舗 国分店,サービス,飲食業,5%
鹿児島県,霧島市,めっけもん 国分店,サービス,飲食業,5%
鹿児島県,霧島市,森三国分中央店,小売業,食料品,5%
鹿児島県,霧島市,森三敷根店,小売業,食料品,5%
鹿児島県,霧島市,山内自動車,サービス,その他サービス,5%
鹿児島県,霧島市,山下酒店,小売業,その他小売,5%
鹿児島県,霧島市,大和葬儀社株式会社,サービス,その他サービス,5%
鹿児島県,霧島市,有限会社 花安,小売業,その他小売,5%
鹿児島県,霧島市,有限会社 フット・セイル,サービス,宿泊業,5%
鹿児島県,霧島市,有限会社善福時計店 善福時計店,小売業,その他小売,5%
鹿児島県,霧島市,有限会社徳永商会 有限会社徳永商会,小売業,その他小売,5%
鹿児島県,霧島市,有限会社南州メディカル隼人店,小売業,その他小売,5%
鹿児島県,霧島市,有限会社松崎電器商会,小売業,電化製品,5%
鹿児島県,霧島市,遊電舎,小売業,電化製品,5%
鹿児島県,霧島市,優湯庵,サービス,宿泊業,5%
鹿児島県,霧島市,ユニハウス ユニハウス,小売業,衣料品,5%
鹿児島県,霧島市,横川ＳＳ,小売業,ガソリンスタンド,2%
鹿児島県,霧島市,横川インターセルフＳＳ,小売業,ガソリンスタンド,2%
鹿児島県,霧島市,ライダーズステーション,サービス,その他サービス,5%
鹿児島県,霧島市,Ｒｅ．Ｓｔａｒｔ,サービス,理容・美容業,5%
鹿児島県,霧島市,リテノアレンタカー 鹿児島空港店,サービス,その他サービス,5%
鹿児島県,霧島市,旅行人山荘,サービス,宿泊業,5%
鹿児島県,霧島市,ロータス隼人,サービス,その他サービス,5%
鹿児島県,霧島市,若大将・青大将,サービス,飲食業,5%
鹿児島県,霧島市,和創こころ,サービス,飲食業,5%
鹿児島県,錦江町,出光田代ＳＳ,小売業,ガソリンスタンド,2%
鹿児島県,錦江町,大根占バイパスＳＳ,小売業,ガソリンスタンド,2%
鹿児島県,錦江町,鹿児島東部ヤクルト販売 大隅南部センター,小売業,食料品,5%
鹿児島県,錦江町,神川ＳＳ,小売業,ガソリンスタンド,2%
鹿児島県,錦江町,Ｓ・Ｃほりうち,小売業,総合（非専門）,5%
鹿児島県,錦江町,城元ＳＳ,小売業,ガソリンスタンド,2%
鹿児島県,錦江町,セブンプラザ 大根占店,小売業,電化製品,5%
鹿児島県,錦江町,田代ふもとＳＳ,小売業,ガソリンスタンド,2%
鹿児島県,薩摩川内市,ｉＰｈｏｎｅ修理工房薩摩川内店,サービス,その他サービス,5%
鹿児島県,薩摩川内市,阿多理容室,サービス,理容・美容業,5%
鹿児島県,薩摩川内市,あまつや,サービス,飲食業,5%
鹿児島県,薩摩川内市,安藤スポーツ,小売業,その他小売,5%
鹿児島県,薩摩川内市,池見屋商店,小売業,食料品,5%
鹿児島県,薩摩川内市,市比野 ＳＳ,小売業,ガソリンスタンド,2%
鹿児島県,薩摩川内市,出光上甑SS,小売業,ガソリンスタンド,2%
鹿児島県,薩摩川内市,出光隈之城ＳＳ,小売業,ガソリンスタンド,2%
鹿児島県,薩摩川内市,出光川内東ＳＳ,小売業,ガソリンスタンド,2%
鹿児島県,薩摩川内市,移動販売たこマルくん,サービス,飲食業,5%
鹿児島県,薩摩川内市,入来ＳＳ,小売業,ガソリンスタンド,2%
鹿児島県,薩摩川内市,入来町ＳＳ,小売業,ガソリンスタンド,2%
鹿児島県,薩摩川内市,浦之名ＳＳ,小売業,ガソリンスタンド,2%
鹿児島県,薩摩川内市,大塚電機,小売業,電化製品,5%
鹿児島県,薩摩川内市,お茶のぶどう園 お茶のぶどう園,小売業,食料品,5%
鹿児島県,薩摩川内市,オートボディ有馬,サービス,その他サービス,5%
鹿児島県,薩摩川内市,おひさまとくだもの,小売業,食料品,5%
鹿児島県,薩摩川内市,カーショップ宮田,サービス,その他サービス,5%
鹿児島県,薩摩川内市,カギの川内,その他業種,ー,5%
鹿児島県,薩摩川内市,株式会社佛壇の古屋鋪 川内店,小売業,家具・調度品,5%
鹿児島県,薩摩川内市,上村自動車鈑金塗装工場,その他業種,ー,5%
鹿児島県,薩摩川内市,カラオケエムズバー,サービス,飲食業,5%
鹿児島県,薩摩川内市,がらっぱ堂,小売業,書籍・玩具・音楽ＣＤ,5%
鹿児島県,薩摩川内市,空港バイパスＳＳ,小売業,ガソリンスタンド,2%
鹿児島県,薩摩川内市,クレア,小売業,衣料品,5%
鹿児島県,薩摩川内市,珈琲倶楽部船倉,サービス,飲食業,5%
鹿児島県,薩摩川内市,甑 みなと市場 甑みなと市場,小売業,総合（非専門）,5%
鹿児島県,薩摩川内市,小牟田ＳＳ,小売業,ガソリンスタンド,2%
鹿児島県,薩摩川内市,セブン－イレブン薩摩川内市比野店,小売業,食料品,2%
鹿児島県,薩摩川内市,セブン－イレブン薩摩川内大小路町店,小売業,食料品,2%
鹿児島県,薩摩川内市,セブン－イレブン薩摩川内勝目店,小売業,食料品,2%
鹿児島県,薩摩川内市,セブン－イレブン薩摩川内隈之城町店,小売業,食料品,2%
鹿児島県,薩摩川内市,セブン－イレブン薩摩川内小倉町店,小売業,食料品,2%
鹿児島県,薩摩川内市,薩摩川内市観光物産協会下甑島支店,小売業,家具・調度品,5%
鹿児島県,薩摩川内市,セブン－イレブン薩摩川内泰平寺前店,小売業,食料品,2%
鹿児島県,薩摩川内市,セブン－イレブン薩摩川内高江インター店,小売業,食料品,2%
鹿児島県,薩摩川内市,セブン－イレブン薩摩川内東郷店,小売業,食料品,2%
鹿児島県,薩摩川内市,セブン－イレブン薩摩川内永利町店,小売業,食料品,2%
鹿児島県,薩摩川内市,セブン－イレブン薩摩川内平佐町店,小売業,食料品,2%
鹿児島県,薩摩川内市,セブン－イレブン薩摩川内宮内町店,小売業,食料品,2%
鹿児島県,薩摩川内市,セブン－イレブン薩摩川内都インター店,小売業,食料品,2%
鹿児島県,薩摩川内市,薩摩ビネガー工房,小売業,食料品,5%
鹿児島県,薩摩川内市,里ＳＳ,小売業,ガソリンスタンド,2%
鹿児島県,薩摩川内市,サンニューズアーチ,小売業,電化製品,5%
鹿児島県,薩摩川内市,シティコンタクト 薩摩川内店,小売業,その他小売,5%
鹿児島県,薩摩川内市,（資）下麦建材店,小売業,その他小売,5%
鹿児島県,薩摩川内市,ｃｈａｔｄ＇Ａｌｉｃｅ,サービス,理容・美容業,5%
鹿児島県,薩摩川内市,酒庵朋,サービス,飲食業,5%
鹿児島県,薩摩川内市,十八番 薩摩川内店,サービス,飲食業,5%
鹿児島県,薩摩川内市,ショッピングセンタ－かくえい,小売業,総合（非専門）,5%
鹿児島県,薩摩川内市,しらぎく美容室,サービス,理容・美容業,5%
鹿児島県,薩摩川内市,新光車輌,サービス,その他サービス,5%
鹿児島県,薩摩川内市,スカイトラベル,サービス,その他サービス,5%
鹿児島県,薩摩川内市,杉元酒店,小売業,その他小売,5%
鹿児島県,薩摩川内市,ＳＵＺＵＴＡＮ川内プラッセだいわ店,小売業,衣料品,5%
鹿児島県,薩摩川内市,石油１課,小売業,ガソリンスタンド,2%
鹿児島県,薩摩川内市,セブンプラザ川内店,小売業,電化製品,5%
鹿児島県,薩摩川内市,セルフステーション川内バイパスＳＳ,小売業,ガソリンスタンド,2%
鹿児島県,薩摩川内市,川内ＳＳ,小売業,ガソリンスタンド,2%
鹿児島県,薩摩川内市,セブン－イレブン川内尾白江町店,小売業,食料品,2%
鹿児島県,薩摩川内市,川内ハローズＳＳ,小売業,ガソリンスタンド,2%
鹿児島県,薩摩川内市,川内ホテル,サービス,宿泊業,5%
鹿児島県,薩摩川内市,川内ヤクルト販売 川内北センタ,小売業,食料品,5%
鹿児島県,薩摩川内市,大衆酒場 食べ放題 要?ＫＡＮＡＭＥ?,サービス,飲食業,5%
鹿児島県,薩摩川内市,タイヤガーデン 薩摩川内,小売業,その他小売,5%
鹿児島県,薩摩川内市,竹内自動車,サービス,その他サービス,5%
鹿児島県,薩摩川内市,タ－トルスポ－ツクラブ,サービス,その他サービス,5%
鹿児島県,薩摩川内市,中華園,サービス,飲食業,5%
鹿児島県,薩摩川内市,でんきのタカダ,小売業,電化製品,5%
鹿児島県,薩摩川内市,Ｄｒ．Ｄｒｉｖｅセルフ天大橋ＳＳ,小売業,ガソリンスタンド,2%
鹿児島県,薩摩川内市,天大橋給油所,小売業,ガソリンスタンド,2%
鹿児島県,薩摩川内市,セルフ東郷ＳＳ,小売業,ガソリンスタンド,2%
鹿児島県,薩摩川内市,東郷ＳＳ,小売業,ガソリンスタンド,2%
鹿児島県,薩摩川内市,田海ＳＳ,小売業,ガソリンスタンド,2%
鹿児島県,薩摩川内市,Ｄｒ．ＤｒｉｖｅセルフＩＴＳ川内ＳＳ,小売業,ガソリンスタンド,2%
鹿児島県,薩摩川内市,Ｄｒ．Ｄｒｉｖｅセルバ宮内店,小売業,ガソリンスタンド,2%
鹿児島県,薩摩川内市,Ｄｒ．Ｄｒｉｖｅ２６７川内店,小売業,ガソリンスタンド,2%
鹿児島県,薩摩川内市,Ｄｒ．Ｄｒｉｖｅ向田店,小売業,ガソリンスタンド,2%
鹿児島県,薩摩川内市,ドコデン薩摩川内店,小売業,電化製品,5%
鹿児島県,薩摩川内市,トヨタ部品鹿児島共販川内営業所,その他業種,ー,5%
鹿児島県,薩摩川内市,とんぼろ,サービス,その他サービス,5%
鹿児島県,薩摩川内市,中園モータース,小売業,その他小売,5%
鹿児島県,薩摩川内市,長野宝石店,小売業,貴金属・服飾品,5%
鹿児島県,薩摩川内市,ＶＡＮＩＬＬＥ,サービス,理容・美容業,5%
鹿児島県,薩摩川内市,明屋書店 川内店,小売業,書籍・玩具・音楽ＣＤ,5%
鹿児島県,薩摩川内市,明屋書店 川内店,小売業,その他小売,5%
鹿児島県,薩摩川内市,ピザテン・フォー 鹿児島川内店 ２,サービス,その他サービス,5%
鹿児島県,薩摩川内市,ビジネスステイ,サービス,公共料金,5%
鹿児島県,薩摩川内市,ビーム,小売業,電化製品,5%
鹿児島県,薩摩川内市,ビヨウシツチャーリー,サービス,理容・美容業,5%
鹿児島県,薩摩川内市,Ｄｒ．Ｄｒｉｖｅセルフ平佐ＳＳ,小売業,ガソリンスタンド,2%
鹿児島県,薩摩川内市,平野商事 市比野ＳＳ,小売業,ガソリンスタンド,2%
鹿児島県,薩摩川内市,Ｈｏｏｐｎｓｋ,小売業,その他小売,5%
鹿児島県,薩摩川内市,ふく福川内店,サービス,飲食業,5%
鹿児島県,薩摩川内市,福元燃料 久木宇都ＳＳ,小売業,ガソリンスタンド,2%
鹿児島県,薩摩川内市,フジ薬局,小売業,その他小売,5%
鹿児島県,薩摩川内市,ふとんの西川,小売業,総合（非専門）,5%
鹿児島県,薩摩川内市,プラッセだいわ川内店,小売業,食料品,5%
鹿児島県,薩摩川内市,フレッシュポ－トエグチ,小売業,総合（非専門）,5%
鹿児島県,薩摩川内市,フレンズ美容室,サービス,理容・美容業,5%
鹿児島県,薩摩川内市,ホームセンタータカミwithVALUE生鮮市場,小売業,その他小売,5%
鹿児島県,薩摩川内市,ＰＯＰ１,小売業,総合（非専門）,5%
鹿児島県,薩摩川内市,ホテル 竜宮の郷,サービス,宿泊業,5%
鹿児島県,薩摩川内市,ホテル サテライト,サービス,宿泊業,5%
鹿児島県,薩摩川内市,ＭＡＫＡ ＨＡＩＲ,サービス,理容・美容業,5%
鹿児島県,薩摩川内市,マクドナルド３号線川内店,サービス,飲食業,2%
鹿児島県,薩摩川内市,マルイストア－,小売業,総合（非専門）,5%
鹿児島県,薩摩川内市,元島薬局,小売業,その他小売,5%
鹿児島県,薩摩川内市,ヤンキー,小売業,衣料品,5%
鹿児島県,薩摩川内市,有限会社 中村モータース,サービス,その他サービス,5%
鹿児島県,薩摩川内市,有限会社南州メディカル川内店,小売業,その他小売,5%
鹿児島県,薩摩川内市,若松石油 川内駅前ＳＳ,小売業,ガソリンスタンド,2%
鹿児島県,薩摩川内市,若松石油 隈之城ＳＳ,小売業,ガソリンスタンド,2%
鹿児島県,さつま町,ＩＳＨＩＫＡＷＡ ＡＵＴＯ,サービス,その他サービス,5%
鹿児島県,さつま町,Ｃａｆｅ Ｄｉｎｉｎｇ Ｐｒｉｍｏ Ｐａｓｓｏ,サービス,飲食業,5%
鹿児島県,さつま町,セブン－イレブンさつま町宮之城屋地店,小売業,食料品,2%
鹿児島県,さつま町,紫尾温泉 旅籠 しび荘,サービス,宿泊業,5%
鹿児島県,さつま町,ｚｕｃｃａ ｚｕｃｃａ,小売業,総合（非専門）,5%
鹿児島県,さつま町,手塚ｒｙｏｋａｎ,サービス,宿泊業,5%
鹿児島県,さつま町,時吉ＳＳ,小売業,ガソリンスタンド,2%
鹿児島県,さつま町,永野 ＳＳ,小売業,ガソリンスタンド,2%
鹿児島県,さつま町,パルワカマツ,小売業,電化製品,5%
鹿児島県,さつま町,広瀬ＳＳ,小売業,ガソリンスタンド,2%
鹿児島県,さつま町,舟木ＳＳ,小売業,ガソリンスタンド,2%
鹿児島県,さつま町,プラッセだいわ宮之城店,小売業,食料品,5%
鹿児島県,さつま町,フレッシュくまだ,小売業,総合（非専門）,5%
鹿児島県,さつま町,星原タイヤセンター,小売業,その他小売,5%
鹿児島県,さつま町,本田印房,小売業,その他小売,5%
鹿児島県,さつま町,宮畳工場,サービス,その他サービス,5%
鹿児島県,さつま町,山崎中央ＳＳ,小売業,ガソリンスタンド,2%
鹿児島県,さつま町,湯田 ＳＳ,小売業,ガソリンスタンド,2%
鹿児島県,さつま町,ユタカ電器 宮之城店,小売業,電化製品,5%
鹿児島県,志布志市,味処すずもり,サービス,飲食業,5%
鹿児島県,志布志市,有明給油所,小売業,ガソリンスタンド,2%
鹿児島県,志布志市,セブン－イレブン有明町伊崎田店,小売業,食料品,2%
鹿児島県,志布志市,安楽給油所,小売業,ガソリンスタンド,2%
鹿児島県,志布志市,居酒屋 白鶴 志布志店,サービス,飲食業,5%
鹿児島県,志布志市,伊崎田給油所,小売業,ガソリンスタンド,2%
鹿児島県,志布志市,出光志布志ＳＳ,小売業,ガソリンスタンド,2%
鹿児島県,志布志市,出光松山第一ＳＳ,小売業,ガソリンスタンド,2%
鹿児島県,志布志市,尾野見ＳＳ,小売業,ガソリンスタンド,2%
鹿児島県,志布志市,鹿児島東部ヤクルト販売 志布志センター,小売業,食料品,5%
鹿児島県,志布志市,五反田ＳＳ,小売業,ガソリンスタンド,2%
鹿児島県,志布志市,三昧堂商事,小売業,書籍・玩具・音楽ＣＤ,5%
鹿児島県,志布志市,志布志給油所,小売業,ガソリンスタンド,2%
鹿児島県,志布志市,セブン－イレブン志布志町大原店,小売業,食料品,2%
鹿児島県,志布志市,志布志ニュータウンセルフＳＳ,小売業,ガソリンスタンド,2%
鹿児島県,志布志市,セブンプラザ志布志店,小売業,電化製品,5%
鹿児島県,志布志市,セルフ志布志ＳＳ,小売業,ガソリンスタンド,2%
鹿児島県,志布志市,ＴＣＣサポートＲＩＳＥ,サービス,その他サービス,5%
鹿児島県,志布志市,ネオプラス タカヤマ志布志店,小売業,電化製品,5%
鹿児島県,志布志市,ネオプラス ふくなが,小売業,電化製品,5%
鹿児島県,志布志市,ネオプラス よねもと,小売業,電化製品,5%
鹿児島県,志布志市,野井倉ＳＳ,小売業,ガソリンスタンド,2%
鹿児島県,志布志市,呑み処食べ処 やまてん 呑み処食べ処やまてん,サービス,飲食業,5%
鹿児島県,志布志市,蓬原ＳＳ,小売業,ガソリンスタンド,2%
鹿児島県,志布志市,ヘアーブティックＥ３,サービス,理容・美容業,5%
鹿児島県,志布志市,ホテル志布志,サービス,宿泊業,5%
鹿児島県,志布志市,松山駅前ＳＳ,小売業,ガソリンスタンド,2%
鹿児島県,志布志市,焼肉 もんぜ,サービス,飲食業,5%
鹿児島県,瀬戸内町,出光阿木名ＳＳ,小売業,ガソリンスタンド,2%
鹿児島県,瀬戸内町,出光瀬相ＳＳ,小売業,ガソリンスタンド,2%
鹿児島県,瀬戸内町,お茶の不二園,小売業,食料品,5%
鹿児島県,瀬戸内町,勝浦ＳＳ,小売業,ガソリンスタンド,2%
鹿児島県,瀬戸内町,古仁屋ＳＳ,小売業,ガソリンスタンド,2%
鹿児島県,瀬戸内町,瀬相ＳＳ,小売業,ガソリンスタンド,2%
鹿児島県,瀬戸内町,せとうち海の駅シ－フ－ドレストラン,サービス,飲食業,5%
鹿児島県,瀬戸内町,ダイビング＆ペンション ＲＩＫＩ,サービス,宿泊業,5%
鹿児島県,瀬戸内町,Ｄｉｖｅｃｉｃｏ,サービス,その他サービス,5%
鹿児島県,瀬戸内町,ｔｉｋｉｃｏｆｆｅｅＫａｋｅｒｏｍａ,サービス,飲食業,5%
鹿児島県,瀬戸内町,リゾネッチャヴィラ ｉｎ嘉鉄,サービス,宿泊業,5%
鹿児島県,瀬戸内町,リバティーオーシャン,小売業,その他小売,5%
鹿児島県,曽於市,炙り家 みずほ,サービス,飲食業,5%
鹿児島県,曽於市,出光笠木ＳＳ,小売業,ガソリンスタンド,2%
鹿児島県,曽於市,出光高岡口ＳＳ,小売業,ガソリンスタンド,2%
鹿児島県,曽於市,大隅営業所,小売業,ガソリンスタンド,2%
鹿児島県,曽於市,小迫ストアー,小売業,総合（非専門）,5%
鹿児島県,曽於市,旬の蔵縁,サービス,飲食業,5%
鹿児島県,曽於市,セブン－イレブン末吉諏訪方店,小売業,食料品,2%
鹿児島県,曽於市,末吉中央給油所,小売業,ガソリンスタンド,2%
鹿児島県,曽於市,末吉電化,小売業,電化製品,5%
鹿児島県,曽於市,末吉南ＳＳ 有限会社大川内石油,小売業,ガソリンスタンド,2%
鹿児島県,曽於市,末吉ルート１０ＳＳ 有限会社飯山石油,小売業,ガソリンスタンド,2%
鹿児島県,曽於市,セブンプラザ 岩川店,小売業,電化製品,5%
鹿児島県,曽於市,セルフ岩川給油所,小売業,ガソリンスタンド,2%
鹿児島県,曽於市,セルフスカイＳＳ セルフ,小売業,ガソリンスタンド,2%
鹿児島県,曽於市,セブン－イレブン曽於大隅町店,小売業,食料品,2%
鹿児島県,曽於市,そお電化,小売業,電化製品,5%
鹿児島県,曽於市,財部ＳＳ,小売業,ガソリンスタンド,2%
鹿児島県,曽於市,西川商店財部ＳＳ,小売業,ガソリンスタンド,2%
鹿児島県,曽於市,ｎａｉｌｈｏｕｓｅｉｌｌｒｉ,サービス,理容・美容業,5%
鹿児島県,曽於市,橋野東セルフスカイＳＳ,小売業,ガソリンスタンド,2%
鹿児島県,曽於市,パティスリー アミティエ,小売業,食料品,5%
鹿児島県,曽於市,彦一だんご ボックス号,小売業,食料品,5%
鹿児島県,曽於市,ビジネスホテル岩川,サービス,宿泊業,5%
鹿児島県,曽於市,ＢＡＳＥＣＡＦＥ,サービス,飲食業,5%
鹿児島県,曽於市,松山製茶,小売業,食料品,5%
鹿児島県,曽於市,南之郷ＳＳ,小売業,ガソリンスタンド,2%
鹿児島県,曽於市,ルート２６９セルフＳＳ,小売業,ガソリンスタンド,2%
鹿児島県,龍郷町,浦ＳＳ,小売業,ガソリンスタンド,2%
鹿児島県,龍郷町,大島紬村,小売業,衣料品,5%
鹿児島県,龍郷町,ＧＡＭＡ屋,サービス,その他サービス,5%
鹿児島県,龍郷町,ＣＯＬＯＲＳ,サービス,理容・美容業,5%
鹿児島県,龍郷町,有限会社カワバタ電設,小売業,電化製品,5%
鹿児島県,龍郷町,川元ＳＳ,小売業,ガソリンスタンド,2%
鹿児島県,龍郷町,セブンプラザ北大島店,小売業,電化製品,5%
鹿児島県,龍郷町,ダイビングサービスティーダ,サービス,その他サービス,5%
鹿児島県,龍郷町,中江商店,小売業,総合（非専門）,5%
鹿児島県,龍郷町,ネストアット奄美ビーチヴィラ,サービス,宿泊業,5%
鹿児島県,龍郷町,ＨａｌｅｍａｋａｎａＬＯＫＡＨＩＭＡＮＡ,サービス,その他サービス,5%
鹿児島県,龍郷町,ビッグツー奄美店,小売業,総合（非専門）,5%
鹿児島県,龍郷町,ホテルカレッタ,サービス,宿泊業,5%
鹿児島県,龍郷町,有限会社金井工芸,サービス,その他サービス,5%
鹿児島県,龍郷町,有限会社重野玉里店,小売業,食料品,5%
鹿児島県,龍郷町,夢おりの郷,小売業,その他小売,5%
鹿児島県,垂水市,牛根ＳＳ 株式会社森組,小売業,ガソリンスタンド,2%
鹿児島県,垂水市,牛根麓ＳＳ,小売業,ガソリンスタンド,2%
鹿児島県,垂水市,海潟ＳＳ,小売業,ガソリンスタンド,2%
鹿児島県,垂水市,鹿児島東部ヤクルト販売 垂水センター,小売業,食料品,5%
鹿児島県,垂水市,垂水ＳＳ 株式会社錦江産業,小売業,ガソリンスタンド,2%
鹿児島県,垂水市,財宝健康保養センター 森の家,小売業,食料品,5%
鹿児島県,垂水市,絵付け舎薩摩志史,その他業種,ー,5%
鹿児島県,垂水市,薩摩明治村 売店,小売業,食料品,5%
鹿児島県,垂水市,シーサイド新城ＳＳ,小売業,ガソリンスタンド,2%
鹿児島県,垂水市,スガイ企画 株式会社,小売業,食料品,5%
鹿児島県,垂水市,だいわ垂水店,小売業,食料品,5%
鹿児島県,垂水市,セブン－イレブン垂水市木店,小売業,食料品,2%
鹿児島県,垂水市,垂水中央ＳＳ,小売業,ガソリンスタンド,2%
鹿児島県,垂水市,セブン－イレブン垂水本町店,小売業,食料品,2%
鹿児島県,垂水市,セブン－イレブン垂水宮脇店,小売業,食料品,2%
鹿児島県,垂水市,鶴田組垂水ＳＳ,小売業,ガソリンスタンド,2%
鹿児島県,垂水市,天然ラドン療養泉,小売業,食料品,5%
鹿児島県,垂水市,東新城ＳＳ,小売業,ガソリンスタンド,2%
鹿児島県,垂水市,有限会社アカツカ,小売業,衣料品,5%
鹿児島県,垂水市,南海潟ＳＳ,小売業,ガソリンスタンド,2%
鹿児島県,垂水市,民宿ファミリー垂水,サービス,宿泊業,5%
鹿児島県,垂水市,八木酒店,小売業,食料品,5%
鹿児島県,知名町,アミカ,小売業,総合（非専門）,5%
鹿児島県,知名町,イズミ電器,小売業,電化製品,5%
鹿児島県,知名町,出光知名ＳＳ,小売業,ガソリンスタンド,2%
鹿児島県,知名町,喫茶リーフ 喫茶リーフ,サービス,飲食業,5%
鹿児島県,知名町,システムラボ,小売業,電化製品,5%
鹿児島県,知名町,ｓｈｉｍａｙａｄｏ當,サービス,その他サービス,5%
鹿児島県,知名町,ＣＥＮＴＲＡＬＢＥＡＵＴＹ,サービス,理容・美容業,5%
鹿児島県,知名町,新納酒造株式会社 工場,小売業,その他小売,5%
鹿児島県,知名町,新納酒造株式会社 本社,小売業,その他小売,5%
鹿児島県,知名町,美屋ストアー,小売業,総合（非専門）,5%
鹿児島県,知名町,八木ＳＳ,小売業,ガソリンスタンド,2%
鹿児島県,知名町,有 南国商事 知名ガソリンスタンド 南国石油 ガソリンスタンド,小売業,ガソリンスタンド,2%
鹿児島県,徳之島町,あかひげ,サービス,飲食業,5%
鹿児島県,徳之島町,株式会社きゅらしま館亀津店,小売業,その他小売,5%
鹿児島県,徳之島町,亀津中央ＳＳ,小売業,ガソリンスタンド,2%
鹿児島県,徳之島町,花徳ＳＳ,小売業,ガソリンスタンド,2%
鹿児島県,徳之島町,スタジオカガワ,サービス,その他サービス,5%
鹿児島県,徳之島町,セブンプラザ徳之島店,小売業,電化製品,5%
鹿児島県,徳之島町,徳之島ＳＳ,小売業,ガソリンスタンド,2%
鹿児島県,徳之島町,和み家,サービス,飲食業,5%
鹿児島県,徳之島町,和み家,サービス,飲食業,5%
鹿児島県,徳之島町,成岡ＳＳ,小売業,ガソリンスタンド,2%
鹿児島県,徳之島町,フレッシュマ－トとくやま,小売業,総合（非専門）,5%
鹿児島県,徳之島町,焼肉アダン,サービス,飲食業,5%
鹿児島県,長島町,東町ＳＳ,小売業,ガソリンスタンド,2%
鹿児島県,長島町,東町中央ＳＳ,小売業,ガソリンスタンド,2%
鹿児島県,長島町,出光セルフ長島ＳＳ,小売業,ガソリンスタンド,2%
鹿児島県,長島町,セルフ指江ＳＳ,小売業,ガソリンスタンド,2%
鹿児島県,長島町,島のごちそう,小売業,食料品,5%
鹿児島県,長島町,セブンプラザほりもと,小売業,電化製品,5%
鹿児島県,長島町,長島ＳＳ,小売業,ガソリンスタンド,2%
鹿児島県,長島町,中元屋石油 長島ＳＳ,小売業,ガソリンスタンド,2%
鹿児島県,中種子町,出光中種子中央ＳＳ,小売業,ガソリンスタンド,2%
鹿児島県,中種子町,出光ルート５８ＳＳ,小売業,ガソリンスタンド,2%
鹿児島県,中種子町,種子島レンタカー,サービス,その他サービス,5%
鹿児島県,中種子町,中種子ＳＳ,小売業,ガソリンスタンド,2%
鹿児島県,中種子町,牧瀬電器商会,小売業,電化製品,5%
鹿児島県,中種子町,八千代,サービス,飲食業,5%
鹿児島県,中種子町,八千代商店 八千代商店,小売業,食料品,5%
鹿児島県,中種子町,有限会社 牧瀬自動車,サービス,その他サービス,5%
鹿児島県,中種子町,有限会社池山総合サービス本社,小売業,ガソリンスタンド,2%
鹿児島県,中種子町,和田書店 中種子店,小売業,書籍・玩具・音楽ＣＤ,5%
鹿児島県,西之表市,出光鴨女町ＳＳ,小売業,ガソリンスタンド,2%
鹿児島県,西之表市,出光西之表ＳＳ,小売業,ガソリンスタンド,2%
鹿児島県,西之表市,魚匠一条,サービス,飲食業,5%
鹿児島県,西之表市,エムズ動物病院,サービス,その他サービス,5%
鹿児島県,西之表市,オリックスレンタカー種子島店,サービス,その他サービス,2%
鹿児島県,西之表市,株式会社グローバルネット種子島,サービス,その他サービス,5%
鹿児島県,西之表市,株式会社逆瀬川書店,小売業,その他小売,5%
鹿児島県,西之表市,クラブペシェ,サービス,飲食業,5%
鹿児島県,西之表市,スキマカフェ,サービス,飲食業,5%
鹿児島県,西之表市,だいわ西之表店,小売業,食料品,5%
鹿児島県,西之表市,種子島ＳＳ,小売業,ガソリンスタンド,2%
鹿児島県,西之表市,種子島あらきホテル,サービス,宿泊業,5%
鹿児島県,西之表市,種子屋久高速船西之表営業所,サービス,運輸業,5%
鹿児島県,西之表市,西之表ＳＳ,小売業,ガソリンスタンド,2%
鹿児島県,西之表市,ｈａｕ’ｏｌｉ,小売業,衣料品,5%
鹿児島県,西之表市,Ｆｉｅｌｄ?Ｋ,小売業,衣料品,5%
鹿児島県,西之表市,プラッセだいわ種子島店,小売業,食料品,5%
鹿児島県,西之表市,ホテル レクストン 種子島,サービス,宿泊業,5%
鹿児島県,西之表市,ミッキー電器,小売業,電化製品,5%
鹿児島県,西之表市,民宿清流峡,サービス,その他サービス,5%
鹿児島県,西之表市,リカーショップ おかどめ,小売業,総合（非専門）,5%
鹿児島県,西之表市,和田書店 西之表店,小売業,書籍・玩具・音楽ＣＤ,5%
鹿児島県,日置市,伊集院ＳＳ,小売業,ガソリンスタンド,2%
鹿児島県,日置市,セブン－イレブン伊集院猪鹿倉店,小売業,食料品,2%
鹿児島県,日置市,伊集院北ＳＳ,小売業,ガソリンスタンド,2%
鹿児島県,日置市,伊集院中央通りＳＳ,小売業,ガソリンスタンド,2%
鹿児島県,日置市,セブン－イレブン伊集院徳重店,小売業,食料品,2%
鹿児島県,日置市,出光東市来ＳＳ,小売業,ガソリンスタンド,2%
鹿児島県,日置市,お食事処 むかえ,サービス,飲食業,5%
鹿児島県,日置市,お茶の沢田園 伊集院店,小売業,食料品,5%
鹿児島県,日置市,鹿児島日置営業所,小売業,ガソリンスタンド,2%
鹿児島県,日置市,ｃａｆｅ ｆｉｋａ,サービス,飲食業,5%
鹿児島県,日置市,株式会社佛壇の古屋鋪 本店,小売業,家具・調度品,5%
鹿児島県,日置市,弘文堂,小売業,その他小売,5%
鹿児島県,日置市,小正醸造 嘉之助蒸溜所,小売業,食料品,5%
鹿児島県,日置市,小正醸造 こまさや,小売業,食料品,5%
鹿児島県,日置市,サンニューズ日吉店,小売業,電化製品,5%
鹿児島県,日置市,繁仏壇店,小売業,その他小売,5%
鹿児島県,日置市,すえ吉,サービス,飲食業,5%
鹿児島県,日置市,セブンプラザ伊集院店,小売業,電化製品,5%
鹿児島県,日置市,セブンプラザ東市来店,小売業,電化製品,5%
鹿児島県,日置市,セブンプラザ日吉店,小売業,電化製品,5%
鹿児島県,日置市,セブンプラザ 吹上店,小売業,電化製品,5%
鹿児島県,日置市,セルフステーション伊集院中央,小売業,ガソリンスタンド,2%
鹿児島県,日置市,セルフ湯之元,小売業,ガソリンスタンド,2%
鹿児島県,日置市,谷山菓子舗,小売業,食料品,5%
鹿児島県,日置市,ドコデンすずき,小売業,電化製品,5%
鹿児島県,日置市,梅月堂,小売業,食料品,5%
鹿児島県,日置市,ｈａｎｄｓｓｕｒｆｇａｒａｇｅ,小売業,その他小売,5%
鹿児島県,日置市,日置ＳＳ,小売業,ガソリンスタンド,2%
鹿児島県,日置市,セブン－イレブン日置伊集院郡店,小売業,食料品,2%
鹿児島県,日置市,セブン－イレブン日置伊集院麦生田店,小売業,食料品,2%
鹿児島県,日置市,東市来ＳＳ,小売業,ガソリンスタンド,2%
鹿児島県,日置市,吹上ＳＳ,小売業,ガソリンスタンド,2%
鹿児島県,日置市,吹上伊作ＳＳ,小売業,ガソリンスタンド,2%
鹿児島県,日置市,吹上給油所,小売業,ガソリンスタンド,2%
鹿児島県,日置市,ふく福 伊集院店,サービス,飲食業,5%
鹿児島県,日置市,みどり荘,サービス,宿泊業,5%
鹿児島県,日置市,美山陶遊館,小売業,その他小売,5%
鹿児島県,日置市,妙円寺団地ＳＳ,小売業,ガソリンスタンド,2%
鹿児島県,日置市,有限会社南州メディカル日置店,小売業,その他小売,5%
鹿児島県,日置市,湯之元ＳＳ,小売業,ガソリンスタンド,2%
鹿児島県,日置市,洋食ハウス グッド ヒル 洋食ハウス グッド?ヒル,サービス,飲食業,5%
鹿児島県,日置市,れでぃーす うと,小売業,衣料品,5%
鹿児島県,東串良町,出光串良ＳＳ,小売業,ガソリンスタンド,2%
鹿児島県,東串良町,柏原ＳＳ,小売業,ガソリンスタンド,2%
鹿児島県,東串良町,センス おしゃれ おがた,小売業,衣料品,5%
鹿児島県,東串良町,前田商店,サービス,飲食業,5%
鹿児島県,枕崎市,居酒屋食堂 つちふまず,サービス,飲食業,5%
鹿児島県,枕崎市,出光枕崎ＳＳ,小売業,ガソリンスタンド,2%
鹿児島県,枕崎市,岩戸ＳＳ,小売業,ガソリンスタンド,2%
鹿児島県,枕崎市,株式会社深水総合工場,小売業,その他小売,5%
鹿児島県,枕崎市,株式会社枕崎お魚センター,小売業,食料品,5%
鹿児島県,枕崎市,神園商店,サービス,飲食業,5%
鹿児島県,枕崎市,クロロフィル枕崎美顔教室アイ,小売業,食料品,5%
鹿児島県,枕崎市,生鮮食品市場モア,小売業,総合（非専門）,5%
鹿児島県,枕崎市,セブンプラザ枕崎別府店,小売業,電化製品,5%
鹿児島県,枕崎市,セルフ枕崎ＳＳ,小売業,ガソリンスタンド,2%
鹿児島県,枕崎市,園田釣具店,小売業,その他小売,5%
鹿児島県,枕崎市,第３イマキイレＳＳ,小売業,ガソリンスタンド,2%
鹿児島県,枕崎市,タカララーメン,サービス,飲食業,5%
鹿児島県,枕崎市,燵仁,サービス,飲食業,5%
鹿児島県,枕崎市,ドコデン枕崎店,小売業,電化製品,5%
鹿児島県,枕崎市,パスタ Ｐａｓｔａ Ｃａｆｅ Ｒｉｍａ‐ｙｕ Ｐａｓｔａ Ｃａｆｅ Ｒｉｍａ?ｙｕ,サービス,飲食業,5%
鹿児島県,枕崎市,畑野ＳＳ,小売業,ガソリンスタンド,2%
鹿児島県,枕崎市,ブリッヂ２１枕崎,小売業,ガソリンスタンド,2%
鹿児島県,枕崎市,本社,小売業,ガソリンスタンド,2%
鹿児島県,枕崎市,前山鰹節店,その他業種,ー,5%
鹿児島県,枕崎市,ニュー枕崎ＳＳ,小売業,ガソリンスタンド,2%
鹿児島県,枕崎市,枕崎ＳＳ,小売業,ガソリンスタンド,2%
鹿児島県,枕崎市,的場水産 的場水産直売店,小売業,食料品,5%
鹿児島県,枕崎市,瑞穂寿し,サービス,飲食業,5%
鹿児島県,枕崎市,宮路生花店 宮路生花店,小売業,その他小売,5%
鹿児島県,枕崎市,有限会社南州メディカル枕崎店,小売業,その他小売,5%
鹿児島県,枕崎市,和壊 大田,サービス,飲食業,5%
鹿児島県,南大隅町,出光根占ＳＳ,小売業,ガソリンスタンド,2%
鹿児島県,南大隅町,坂口電機,小売業,電化製品,5%
鹿児島県,南大隅町,佐多ＳＳ,小売業,ガソリンスタンド,2%
鹿児島県,南大隅町,長崎電機商会,小売業,電化製品,5%
鹿児島県,南大隅町,根占ＳＳ,小売業,ガソリンスタンド,2%
鹿児島県,南大隅町,根占給油所,小売業,ガソリンスタンド,2%
鹿児島県,南大隅町,ＮＯＲＩＰＩＺＺＡ,サービス,飲食業,5%
鹿児島県,南大隅町,辺田ＳＳ,小売業,ガソリンスタンド,2%
鹿児島県,南九州市,アトリエ,サービス,理容・美容業,5%
鹿児島県,南九州市,石垣ＳＳ,小売業,ガソリンスタンド,2%
鹿児島県,南九州市,いせえび莊,サービス,宿泊業,5%
鹿児島県,南九州市,出光石垣ＳＳ,小売業,ガソリンスタンド,2%
鹿児島県,南九州市,出光大平ＳＳ,小売業,ガソリンスタンド,2%
鹿児島県,南九州市,イノウエ商店,小売業,その他小売,5%
鹿児島県,南九州市,有限会社上原石油店,小売業,その他小売,5%
鹿児島県,南九州市,宇都自動車整備工場,サービス,その他サービス,5%
鹿児島県,南九州市,お仏壇・墓石の千寿川辺本社,小売業,その他小売,5%
鹿児島県,南九州市,折田時計電器店,小売業,電化製品,5%
鹿児島県,南九州市,片平石油店川辺ＳＳ,小売業,ガソリンスタンド,2%
鹿児島県,南九州市,Ｃａｆｅ Ｃｏｃｈｉ Ｃａｆｅ Ｃｏｃｈｉ,サービス,飲食業,5%
鹿児島県,南九州市,セブン－イレブン川辺町小野店,小売業,食料品,2%
鹿児島県,南九州市,川松ＳＳ,小売業,ガソリンスタンド,2%
鹿児島県,南九州市,菊永ＳＳ,小売業,ガソリンスタンド,2%
鹿児島県,南九州市,靴の京屋,小売業,衣料品,5%
鹿児島県,南九州市,黒田石油店 頴娃大川ＳＳ,小売業,ガソリンスタンド,2%
鹿児島県,南九州市,新留ストアー,小売業,総合（非専門）,5%
鹿児島県,南九州市,セルフ頴娃ＳＳ,小売業,ガソリンスタンド,2%
鹿児島県,南九州市,知覧ＳＳ,小売業,ガソリンスタンド,2%
鹿児島県,南九州市,知覧さくら商店,サービス,その他サービス,5%
鹿児島県,南九州市,橋口石油 川辺ＳＳ,小売業,ガソリンスタンド,2%
鹿児島県,南九州市,博鮓 博鮓,サービス,飲食業,5%
鹿児島県,南九州市,佛壇の古屋鋪 株式会社佛壇の古屋鋪 川辺本店,小売業,家具・調度品,5%
鹿児島県,南九州市,ふるさとプラザ知覧 さくら館,サービス,飲食業,5%
鹿児島県,南九州市,前野石油 ＤＤセルフ川辺ＳＳ,小売業,ガソリンスタンド,2%
鹿児島県,南九州市,牧之内中央ＳＳ,小売業,ガソリンスタンド,2%
鹿児島県,南九州市,みぃくんｃａｆｅ,サービス,飲食業,5%
鹿児島県,南九州市,水成川ＳＳ,小売業,ガソリンスタンド,2%
鹿児島県,南九州市,南九州石油,小売業,ガソリンスタンド,2%
鹿児島県,南九州市,有限会社 田代水道,サービス,その他サービス,5%
鹿児島県,南さつま市,出光小湊ＳＳ,小売業,ガソリンスタンド,2%
鹿児島県,南さつま市,加世田ＳＳ,小売業,ガソリンスタンド,2%
鹿児島県,南さつま市,お菓子の清月堂 お菓子の清月堂,小売業,食料品,5%
鹿児島県,南さつま市,お菓子の染川,小売業,その他小売,5%
鹿児島県,南さつま市,オ－トショップナカノ,小売業,その他小売,5%
鹿児島県,南さつま市,笠沙ＳＳ,小売業,ガソリンスタンド,2%
鹿児島県,南さつま市,カーシティー南九州,その他業種,ー,5%
鹿児島県,南さつま市,セブン－イレブン加世田地頭所店,小売業,食料品,2%
鹿児島県,南さつま市,セブン－イレブン加世田村原４丁目店,小売業,食料品,2%
鹿児島県,南さつま市,株式会社 サザンフーズ,小売業,食料品,5%
鹿児島県,南さつま市,キッチンｃａｆｅ はる,サービス,飲食業,5%
鹿児島県,南さつま市,金峰ＳＳ 有限会社小堀石油,小売業,ガソリンスタンド,2%
鹿児島県,南さつま市,クロロフィル美顔教室アイ,小売業,その他小売,5%
鹿児島県,南さつま市,サンニューズ,小売業,電化製品,5%
鹿児島県,南さつま市,サンニューズ加世田店,小売業,電化製品,5%
鹿児島県,南さつま市,シティーホテル加世田,その他業種,ー,5%
鹿児島県,南さつま市,スーパーリサイクル生活倶楽部 加世田店,小売業,総合（非専門）,5%
鹿児島県,南さつま市,瀬戸口印房,小売業,その他小売,5%
鹿児島県,南さつま市,そば切佗介,サービス,飲食業,5%
鹿児島県,南さつま市,そば切佗介,サービス,飲食業,5%
鹿児島県,南さつま市,大坂ＳＳ,小売業,ガソリンスタンド,2%
鹿児島県,南さつま市,だいやめ処 なかむら,サービス,飲食業,5%
鹿児島県,南さつま市,髙城鈑金塗装工場,その他業種,ー,5%
鹿児島県,南さつま市,武田ＳＳ,小売業,ガソリンスタンド,2%
鹿児島県,南さつま市,南薩営業所,小売業,ガソリンスタンド,2%
鹿児島県,南さつま市,なんさつペットの病院,サービス,その他サービス,5%
鹿児島県,南さつま市,ビジネスホテル サンステイ加世田,サービス,宿泊業,5%
鹿児島県,南さつま市,ビジネスホテル日新館）,サービス,宿泊業,5%
鹿児島県,南さつま市,ふく福 加世田店,サービス,飲食業,5%
鹿児島県,南さつま市,坊津ＳＳ 岩下石油店,小売業,ガソリンスタンド,2%
鹿児島県,南さつま市,前野石油 Ｄｒ Ｄｒｉｖｅ加世田中央ＳＳ,小売業,ガソリンスタンド,2%
鹿児島県,南さつま市,マクドナルド加世田店,サービス,飲食業,2%
鹿児島県,南さつま市,モゼ美容室,サービス,理容・美容業,5%
鹿児島県,南種子町,出光南種子ＳＳ,小売業,ガソリンスタンド,2%
鹿児島県,南種子町,門倉亭 南荘,サービス,宿泊業,5%
鹿児島県,南種子町,きょうごく写真屋,サービス,その他サービス,5%
鹿児島県,南種子町,サンライズ,サービス,宿泊業,5%
鹿児島県,南種子町,島宿ＨＯＰＥ,サービス,宿泊業,5%
鹿児島県,南種子町,ＪＡＨ－ＬＡ－ＳＯＲＡ種子島,サービス,その他サービス,5%
鹿児島県,南種子町,種子島ジェラートＨＯＰＥ,サービス,飲食業,5%
鹿児島県,南種子町,永松産業南種子ＳＳ,小売業,ガソリンスタンド,2%
鹿児島県,南種子町,南種子ＳＳ,小売業,ガソリンスタンド,2%
鹿児島県,屋久島町,ａｑｕａｓｔｙｌｅ,サービス,その他サービス,5%
鹿児島県,屋久島町,荒田ＳＳ,小売業,ガソリンスタンド,2%
鹿児島県,屋久島町,エバーブルー屋久島,サービス,その他サービス,5%
鹿児島県,屋久島町,エムマート,小売業,総合（非専門）,5%
鹿児島県,屋久島町,オリックスレンタカー屋久島空港店,サービス,その他サービス,2%
鹿児島県,屋久島町,オレンジハウス屋久島,サービス,宿泊業,5%
鹿児島県,屋久島町,株式会社自然のポケット,サービス,その他サービス,5%
鹿児島県,屋久島町,Ｋｉｃｈｉｋｉｎ Ｔｒｅｋ Ｇｕｉｄｅ Ｓｅｒｖｉｃｅ,サービス,その他サービス,5%
鹿児島県,屋久島町,Ｃｉｂｃａｂａｎ,小売業,衣料品,5%
鹿児島県,屋久島町,グリーンメッセンジャー屋久島,サービス,その他サービス,5%
鹿児島県,屋久島町,ＫｅｉＮａｋａｍｕｒａＪｅｗｅｌｌｅｒｙ（ブランド名）／ＳｈｉｚｕｋｕＧａｌｌｅｒｙ（店舗名）,小売業,貴金属・服飾品,5%
鹿児島県,屋久島町,株式会社クラフトワークス,サービス,その他サービス,5%
鹿児島県,屋久島町,サウンター,小売業,書籍・玩具・音楽ＣＤ,5%
鹿児島県,屋久島町,ＳＯＭＥＳ屋久島店,小売業,総合（非専門）,2%
鹿児島県,屋久島町,島のかおりラボやわら香,小売業,その他小売,5%
鹿児島県,屋久島町,旬菜 四季亭,サービス,飲食業,5%
鹿児島県,屋久島町,旬彩 四季亭,サービス,飲食業,5%
鹿児島県,屋久島町,天豆（ｓｏｒａ?ｍａｍｅ）,サービス,宿泊業,5%
鹿児島県,屋久島町,武田産業,小売業,その他小売,5%
鹿児島県,屋久島町,種子屋久高速船安房営業所,サービス,運輸業,5%
鹿児島県,屋久島町,種子屋久高速船宮之浦営業所,サービス,運輸業,5%
鹿児島県,屋久島町,旅人の宿まんまる,サービス,宿泊業,5%
鹿児島県,屋久島町,定食・ぱすた かたぎりさん,サービス,飲食業,5%
鹿児島県,屋久島町,寺田電化サ－ビス,小売業,電化製品,5%
鹿児島県,屋久島町,ドコデンやくしま店,小売業,電化製品,5%
鹿児島県,屋久島町,泊酒店,小売業,食料品,5%
鹿児島県,屋久島町,ナカガワスポーツ,小売業,その他小売,5%
鹿児島県,屋久島町,ＶＩＥＷＳ,サービス,宿泊業,5%
鹿児島県,屋久島町,フォレック,サービス,その他サービス,5%
鹿児島県,屋久島町,Ｍａｓｔｅｒｐｉｅｃｅ,サービス,その他サービス,5%
鹿児島県,屋久島町,内田石油宮之浦ＳＳ,小売業,ガソリンスタンド,2%
鹿児島県,屋久島町,宮之浦ＳＳ,小売業,ガソリンスタンド,2%
鹿児島県,屋久島町,屋久島ガイドクラブ,サービス,その他サービス,5%
鹿児島県,屋久島町,やくしま果鈴 山のおやつ工房,サービス,飲食業,5%
鹿児島県,屋久島町,アトリエＮａｔｕｒａｌ,サービス,理容・美容業,5%
鹿児島県,屋久島町,屋久島空港前ＳＳ,小売業,ガソリンスタンド,2%
鹿児島県,屋久島町,屋久島グリーンホテル,サービス,宿泊業,5%
鹿児島県,屋久島町,屋久島コテージ森のフェアリー,サービス,その他サービス,5%
鹿児島県,屋久島町,屋久島雫ノ杜,サービス,宿泊業,5%
鹿児島県,屋久島町,屋久島ダイビングガイド夢心地,サービス,その他サービス,5%
鹿児島県,屋久島町,屋久島ダイビングサービス もりとうみ 屋久島ダイビングサービス もりとうみ,サービス,その他サービス,5%
鹿児島県,屋久島町,屋久島ダイビングサービスもりとうみ,サービス,その他サービス,5%
鹿児島県,屋久島町,屋久島ダイビングスクールたつのこ,サービス,その他サービス,5%
鹿児島県,屋久島町,屋久島ダイビングセンター,サービス,その他サービス,5%
鹿児島県,屋久島町,屋久島デフファーム,サービス,宿泊業,5%
鹿児島県,屋久島町,屋久島デフファーム,サービス,その他サービス,5%
鹿児島県,屋久島町,屋久島ネイチャー企画,サービス,その他サービス,5%
鹿児島県,屋久島町,屋久島フィールドガイド スピニカ,サービス,その他サービス,5%
鹿児島県,屋久島町,屋久島ペンションルアナハウス,サービス,宿泊業,5%
鹿児島県,屋久島町,屋久島マリンサービスＹＭＳ,サービス,その他サービス,5%
鹿児島県,屋久島町,屋久島メッセンジャー,小売業,衣料品,5%
鹿児島県,屋久島町,ＹＮＡＣミュージアム,サービス,その他サービス,5%
鹿児島県,屋久島町,屋久島料理・御宿鶴屋,サービス,宿泊業,5%
鹿児島県,屋久島町,屋久どん,サービス,飲食業,5%
鹿児島県,屋久島町,レンタルの山下 宮之浦店,サービス,その他サービス,5%
鹿児島県,屋久島町,有限会社平内電器商会,小売業,電化製品,5%
鹿児島県,屋久島町,ＲＡＫＵＳＡホテル,サービス,宿泊業,5%
鹿児島県,屋久島町,ル・ガジュマル,小売業,その他小売,5%
鹿児島県,湧水町,鹿児島東部ヤクルト販売 湧水センター,小売業,食料品,5%
鹿児島県,湧水町,栗野ＳＳ,小売業,ガソリンスタンド,2%
鹿児島県,湧水町,栗野第二ＳＳ,小売業,ガソリンスタンド,2%
鹿児島県,湧水町,セルフ栗野インターＳＳ,小売業,ガソリンスタンド,2%
鹿児島県,湧水町,西日本環境,サービス,その他サービス,5%
鹿児島県,湧水町,パナン やました,小売業,電化製品,5%
鹿児島県,湧水町,松川自動車,サービス,その他サービス,5%
鹿児島県,湧水町,セブン－イレブン湧水町栗野店,小売業,食料品,2%
鹿児島県,湧水町,湧水吉松ＳＳ,小売業,ガソリンスタンド,2%
鹿児島県,湧水町,吉松自動車,その他業種,ー,5%
鹿児島県,与論町,オーシャンマーケット ＯＣＥＡＮＭＡＲＫＥＴ,小売業,食料品,5%
鹿児島県,与論町,かめや,小売業,総合（非専門）,5%
鹿児島県,与論町,島エンジョイ組 Ｓ Ｅ Ｇ,サービス,その他サービス,5%
鹿児島県,与論町,ダイブハーモニクス,サービス,その他サービス,5%
鹿児島県,与論町,マソー,小売業,総合（非専門）,5%
鹿児島県,与論町,吉田商店与論ＳＳ,小売業,ガソリンスタンド,2%
鹿児島県,和泊町,伊地知石油店 ＥＮＥＯＳ和泊ＳＳ,小売業,ガソリンスタンド,2%
鹿児島県,和泊町,出光和泊ＳＳ,小売業,ガソリンスタンド,2%
鹿児島県,和泊町,エトセトラあきた,小売業,総合（非専門）,5%
鹿児島県,和泊町,エトセトラあきた,その他業種,ー,5%
鹿児島県,和泊町,えらぶねっと,サービス,その他サービス,5%
鹿児島県,和泊町,えらぶ物産館ワコ－,小売業,総合（非専門）,5%
鹿児島県,和泊町,空港ＳＳ,小売業,ガソリンスタンド,2%
鹿児島県,和泊町,ショップはしぐち,小売業,総合（非専門）,5%
鹿児島県,和泊町,福山花店,小売業,その他小売,5%
鹿児島県,和泊町,有限会社古波倉商店,小売業,その他小売,5%
鹿児島県,和泊町,和泊ＳＳ,小売業,ガソリンスタンド,2%
