福島県,会津坂下町,会津旨酒五ノ井酒店,小売業,食料品,5%
福島県,会津坂下町,会津坂下ＳＳ,小売業,ガソリンスタンド,2%
福島県,会津坂下町,会津坂下インターＳＳ,小売業,ガソリンスタンド,2%
福島県,会津坂下町,会津坂下ＳＳ,小売業,ガソリンスタンド,2%
福島県,会津坂下町,セブン－イレブン会津坂下小川原店,小売業,食料品,2%
福島県,会津坂下町,会津坂下西ＳＳ,小売業,ガソリンスタンド,2%
福島県,会津坂下町,ＩＩＥ Ｌａｂ．,小売業,衣料品,5%
福島県,会津坂下町,ケンコー堂,サービス,その他サービス,5%
福島県,会津坂下町,ドトール会津坂下店,サービス,飲食業,2%
福島県,会津坂下町,ニュー坂下ＳＳ ゼネラルオート株式会社,小売業,ガソリンスタンド,2%
福島県,会津坂下町,セブン－イレブン坂下宮古店,小売業,食料品,2%
福島県,会津坂下町,ハンバーグ＆ステーキのあかべこ,サービス,飲食業,5%
福島県,会津坂下町,ビークルライン,小売業,その他小売,5%
福島県,会津坂下町,ファットリアこもと,サービス,飲食業,5%
福島県,会津坂下町,ブイチェーン坂下店,小売業,食料品,5%
福島県,会津坂下町,Ｈａｉｒ ｓａｌｏｎ ｔｒｉｌｌ,サービス,理容・美容業,5%
福島県,会津坂下町,有限会社馬場新聞店,その他業種,ー,5%
福島県,会津美里町,会津高田ＳＳ,小売業,ガソリンスタンド,2%
福島県,会津美里町,会津高田ＳＳ 白井石油店,小売業,ガソリンスタンド,2%
福島県,会津美里町,会津高田ＳＳ,小売業,ガソリンスタンド,2%
福島県,会津美里町,セブン－イレブン会津高田店,小売業,食料品,2%
福島県,会津美里町,セブン－イレブン会津本郷店,小売業,食料品,2%
福島県,会津美里町,会津本郷陶磁器会館,小売業,その他小売,5%
福島県,会津美里町,佐藤電気商会,小売業,電化製品,5%
福島県,会津美里町,仁王ＳＳ,小売業,ガソリンスタンド,2%
福島県,会津美里町,バンダイデンキ,小売業,電化製品,5%
福島県,会津美里町,ブイチェーン本郷バイパス店,小売業,食料品,5%
福島県,会津若松市,会津つるやホテル,サービス,宿泊業,5%
福島県,会津若松市,会津若松西ＳＳ,小売業,ガソリンスタンド,2%
福島県,会津若松市,会津葵シルクロード文明館,サービス,飲食業,5%
福島県,会津若松市,会津葵南蛮館,小売業,食料品,5%
福島県,会津若松市,会津葵本店,小売業,食料品,5%
福島県,会津若松市,會津アクティベートアソシエーション,小売業,食料品,5%
福島県,会津若松市,セブン－イレブン会津芦ノ牧店,小売業,食料品,2%
福島県,会津若松市,セブン－イレブン会津飯盛山店,小売業,食料品,2%
福島県,会津若松市,セブン－イレブン会津石堂町店,小売業,食料品,2%
福島県,会津若松市,会津駅前ＳＳ,小売業,ガソリンスタンド,2%
福島県,会津若松市,セブン－イレブン会津扇町店,小売業,食料品,2%
福島県,会津若松市,セブン－イレブン会津小田橋店,小売業,食料品,2%
福島県,会津若松市,会津柏屋,小売業,食料品,5%
福島県,会津若松市,セブン－イレブン会津上荒久田店,小売業,食料品,2%
福島県,会津若松市,セブン－イレブン会津亀賀川西店,小売業,食料品,2%
福島県,会津若松市,会津神指セルフ,小売業,ガソリンスタンド,2%
福島県,会津若松市,会津交通観光（株）本社営業所,サービス,その他サービス,5%
福島県,会津若松市,会津漆器協同組合,小売業,家具・調度品,5%
福島県,会津若松市,セブン－イレブン会津城南店,小売業,食料品,2%
福島県,会津若松市,会津城北ＳＳ,小売業,ガソリンスタンド,2%
福島県,会津若松市,会津城北ＳＳ,小売業,ガソリンスタンド,2%
福島県,会津若松市,セブン－イレブン会津総合運動公園前店,小売業,食料品,2%
福島県,会津若松市,セブン－イレブン会津高瀬店,小売業,食料品,2%
福島県,会津若松市,セブン－イレブン会津高塚団地前店,小売業,食料品,2%
福島県,会津若松市,セブン－イレブン会津天神町店,小売業,食料品,2%
福島県,会津若松市,セブン－イレブン会津中四合店,小売業,食料品,2%
福島県,会津若松市,会津西ＳＳ,小売業,ガソリンスタンド,2%
福島県,会津若松市,セブン－イレブン会津西七日町店,小売業,食料品,2%
福島県,会津若松市,セブン－イレブン会津年貢町店,小売業,食料品,2%
福島県,会津若松市,会津東ＳＳ,小売業,ガソリンスタンド,2%
福島県,会津若松市,セブン－イレブン会津東栄町店,小売業,食料品,2%
福島県,会津若松市,セブン－イレブン会津東山店,小売業,食料品,2%
福島県,会津若松市,セブン－イレブン会津白虎町店,小売業,食料品,2%
福島県,会津若松市,セブン－イレブン会津幕内店,小売業,食料品,2%
福島県,会津若松市,会津町方伝承館,サービス,その他サービス,5%
福島県,会津若松市,会津湊ＳＳ,小売業,ガソリンスタンド,2%
福島県,会津若松市,セブン－イレブン会津門田日吉店,小売業,食料品,2%
福島県,会津若松市,セブン－イレブン会津門田村西店,小売業,食料品,2%
福島県,会津若松市,セブン－イレブン会津山見町店,小売業,食料品,2%
福島県,会津若松市,セブン－イレブン会津米代店,小売業,食料品,2%
福島県,会津若松市,出光会津若松インターＳＳ,小売業,ガソリンスタンド,2%
福島県,会津若松市,セブン－イレブン会津若松インター店,小売業,食料品,2%
福島県,会津若松市,会津若松西バイパスセルフＳＳ,小売業,ガソリンスタンド,2%
福島県,会津若松市,青葉電気店,小売業,電化製品,5%
福島県,会津若松市,Ａｇｕ ｈａｉｒ Ａｇｕ ｈａｉｒ ｊａｃｋ会津若松,サービス,理容・美容業,5%
福島県,会津若松市,Ａｇｕ ｈａｉｒ Ａｇｕ ｈａｉｒ ｐｏｌｉｔｅ会津若松,サービス,理容・美容業,5%
福島県,会津若松市,芦ノ牧グランドホテル,サービス,宿泊業,5%
福島県,会津若松市,芦ノ牧プリンスホテル,サービス,宿泊業,5%
福島県,会津若松市,東電機センター,小売業,電化製品,5%
福島県,会津若松市,アピオＳＳ,小売業,ガソリンスタンド,2%
福島県,会津若松市,一會庵,サービス,飲食業,5%
福島県,会津若松市,いろりの宿芦名,サービス,宿泊業,5%
福島県,会津若松市,運動公園ＳＳ,小売業,ガソリンスタンド,2%
福島県,会津若松市,ＡＪファクトリー,小売業,その他小売,5%
福島県,会津若松市,大川荘,サービス,宿泊業,5%
福島県,会津若松市,オーディン会津門田店,小売業,その他小売,5%
福島県,会津若松市,大町ＳＳ,小売業,ガソリンスタンド,2%
福島県,会津若松市,オーディオ・レオ,小売業,電化製品,5%
福島県,会津若松市,面川ＳＳ,小売業,ガソリンスタンド,2%
福島県,会津若松市,御薬園,サービス,その他サービス,5%
福島県,会津若松市,オリックスレンタカー会津若松インター店,サービス,その他サービス,2%
福島県,会津若松市,オリックスレンタカー会津若松駅前店,サービス,その他サービス,2%
福島県,会津若松市,御蒔絵やまうち,小売業,その他小売,5%
福島県,会津若松市,カーサポート藤 カーサポート 藤,サービス,その他サービス,5%
福島県,会津若松市,カーショップ フクシマ,サービス,その他サービス,5%
福島県,会津若松市,カブキ電器,小売業,電化製品,5%
福島県,会津若松市,株式会社神保薬品,小売業,その他小売,5%
福島県,会津若松市,株式会社タチカワ 福島支店 八木橋憲行,その他業種,ー,5%
福島県,会津若松市,亀賀ＳＳ,小売業,ガソリンスタンド,2%
福島県,会津若松市,きくちでんき,小売業,電化製品,5%
福島県,会津若松市,紀州園茶舗,小売業,食料品,5%
福島県,会津若松市,セブン－イレブン北会津真宮店,小売業,食料品,2%
福島県,会津若松市,グリーンホテル 会津,サービス,宿泊業,5%
福島県,会津若松市,合資会社広田タクシー ８３１,サービス,運輸業,5%
福島県,会津若松市,セブンーイレブンＫＯＹＯ会津中央病院店,小売業,食料品,2%
福島県,会津若松市,今昔亭,サービス,宿泊業,5%
福島県,会津若松市,出光材木町ＳＳ,小売業,ガソリンスタンド,2%
福島県,会津若松市,株式会社栄町オサダ,小売業,その他小売,5%
福島県,会津若松市,栄町オサダ小売,小売業,その他小売,5%
福島県,会津若松市,相良商事,小売業,電化製品,5%
福島県,会津若松市,Ｓａｌｏｎ ｍａｎｏ,サービス,理容・美容業,5%
福島県,会津若松市,ＳＨＡＲＥ ＷＯＲＫＳ,サービス,その他サービス,5%
福島県,会津若松市,しゅんさい 鱗,サービス,飲食業,5%
福島県,会津若松市,城西ＳＳ,小売業,ガソリンスタンド,2%
福島県,会津若松市,庄助の宿瀧の湯,サービス,宿泊業,5%
福島県,会津若松市,城南ＳＳ,小売業,ガソリンスタンド,2%
福島県,会津若松市,城南電器,小売業,電化製品,5%
福島県,会津若松市,セブン－イレブン城前店,小売業,食料品,2%
福島県,会津若松市,新日本補聴器センター会津若松店,小売業,その他小売,5%
福島県,会津若松市,セルフステーション若松インター,小売業,ガソリンスタンド,2%
福島県,会津若松市,千べろキッチン 舳,サービス,飲食業,5%
福島県,会津若松市,綜合電器,小売業,電化製品,5%
福島県,会津若松市,蕎麦 香寿庵,サービス,飲食業,5%
福島県,会津若松市,株式会社高橋ブラザー,小売業,衣料品,5%
福島県,会津若松市,ＤＵＢＤＥＳＩＧＮ,小売業,衣料品,5%
福島県,会津若松市,Ｔａｒｏ食堂,サービス,飲食業,5%
福島県,会津若松市,月のあかり,サービス,宿泊業,5%
福島県,会津若松市,鶴ヶ城ＳＳ,小売業,ガソリンスタンド,2%
福島県,会津若松市,テクノショップ大竹電気,小売業,電化製品,5%
福島県,会津若松市,ＤＥＣＣＯＲＡ,サービス,飲食業,5%
福島県,会津若松市,でんき倶楽部かとう,小売業,電化製品,5%
福島県,会津若松市,でんき倶楽部さがら,小売業,電化製品,5%
福島県,会津若松市,ドトール会津若松アピオ店,サービス,飲食業,2%
福島県,会津若松市,ドトール会津若松神明通り店,サービス,飲食業,2%
福島県,会津若松市,ドトール会津若松滝沢店,サービス,飲食業,2%
福島県,会津若松市,トヨタ部品福島共販会津営業所,その他業種,ー,5%
福島県,会津若松市,トヨタレンタリース新福島 会津若松駅東店,サービス,その他サービス,2%
福島県,会津若松市,トヨタレンタリース新福島会津店,サービス,その他サービス,2%
福島県,会津若松市,トヨタレンタリース福島会津若松店,サービス,その他サービス,2%
福島県,会津若松市,トヨタレンタリース新福島 会津若松駅東店,サービス,その他サービス,2%
福島県,会津若松市,長門屋 七日町店,小売業,食料品,5%
福島県,会津若松市,長門屋 本店,小売業,食料品,5%
福島県,会津若松市,肉の庄治郎,小売業,食料品,5%
福島県,会津若松市,ネッツトヨタノヴェルふくしまあいづ千石店,小売業,その他小売,5%
福島県,会津若松市,長谷川呉服店,小売業,衣料品,5%
福島県,会津若松市,ＰＡＮＡ蔵いのまた,小売業,電化製品,5%
福島県,会津若松市,はまさきや,サービス,宿泊業,5%
福島県,会津若松市,Ｂａｒ 林檎屋,サービス,飲食業,5%
福島県,会津若松市,ぱん工房あるむ,小売業,食料品,5%
福島県,会津若松市,磐梯ＩＣＳＳ,小売業,ガソリンスタンド,2%
福島県,会津若松市,ピーシーアシストＡＩＺＵ,サービス,その他サービス,5%
福島県,会津若松市,Ｐｉｚｚｅｒｉａ Ｆｅｌｉｃｅ,サービス,飲食業,5%
福島県,会津若松市,福島トヨタ自動車会津店,小売業,その他小売,5%
福島県,会津若松市,福島トヨタ自動車会津南店,小売業,その他小売,5%
福島県,会津若松市,福島トヨペットあいづ一箕店,小売業,その他小売,5%
福島県,会津若松市,福島トヨペットあいづ門田店,小売業,その他小売,5%
福島県,会津若松市,福西本店 店蔵,小売業,食料品,5%
福島県,会津若松市,不動館 小谷の湯,サービス,宿泊業,5%
福島県,会津若松市,ｂｒａｓｓｅｒｉｅ 厨,サービス,飲食業,5%
福島県,会津若松市,Ｂｒｉｓａ,サービス,理容・美容業,5%
福島県,会津若松市,弁護士法人れいわ総合法律事務所,サービス,その他サービス,5%
福島県,会津若松市,ホームベーカリーコビヤマ,サービス,飲食業,5%
福島県,会津若松市,本名衣料店,小売業,衣料品,5%
福島県,会津若松市,本社,小売業,ガソリンスタンド,2%
福島県,会津若松市,本社,小売業,ガソリンスタンド,2%
福島県,会津若松市,マクドナルド会津アピオ店,サービス,飲食業,2%
福島県,会津若松市,マクドナルド会津若松店,サービス,飲食業,2%
福島県,会津若松市,マクドナルド門田ヨークベニマル店,サービス,飲食業,2%
福島県,会津若松市,出光町北ＳＳ,小売業,ガソリンスタンド,2%
福島県,会津若松市,松本家,小売業,食料品,5%
福島県,会津若松市,豆やよーだｃｏｆｆｅｅ,小売業,衣料品,5%
福島県,会津若松市,まるたか食堂,サービス,飲食業,5%
福島県,会津若松市,マルモ洋服店,小売業,衣料品,5%
福島県,会津若松市,満山漆器店 あんてぃーくＣａｆ?中の蔵,サービス,飲食業,5%
福島県,会津若松市,南町ＳＳ,小売業,ガソリンスタンド,2%
福島県,会津若松市,メガネのサトウ,その他業種,ー,5%
福島県,会津若松市,メガネのサトウ,小売業,その他小売,5%
福島県,会津若松市,もっきり,サービス,飲食業,5%
福島県,会津若松市,ヤマゴ精肉本店,小売業,食料品,5%
福島県,会津若松市,やまでら茶屋,サービス,飲食業,5%
福島県,会津若松市,（有）うめや商店,小売業,食料品,5%
福島県,会津若松市,有限会社オークビレッジ,小売業,総合（非専門）,5%
福島県,会津若松市,有限会社大竹漆器店,小売業,家具・調度品,5%
福島県,会津若松市,有限会社ドットネット,小売業,食料品,5%
福島県,会津若松市,洋食屋 セピア,サービス,飲食業,5%
福島県,会津若松市,凜,小売業,衣料品,5%
福島県,会津若松市,若松駅前ＳＳ,小売業,ガソリンスタンド,2%
福島県,会津若松市,若松城天守閣売店,サービス,その他サービス,5%
福島県,会津若松市,若松陸橋ＳＳ,小売業,ガソリンスタンド,2%
福島県,会津若松市,笑美,小売業,その他小売,5%
福島県,浅川町,出光浅川ＳＳ,小売業,ガソリンスタンド,2%
福島県,浅川町,セブン－イレブン福島浅川店,小売業,食料品,2%
福島県,飯舘村,セブン－イレブン飯舘村の道の駅までい館店,小売業,食料品,2%
福島県,飯舘村,出光飯舘ＳＳ,小売業,ガソリンスタンド,2%
福島県,石川町,石川鹿の坂ＳＳ,小売業,ガソリンスタンド,2%
福島県,石川町,石川双里ＳＳ,小売業,ガソリンスタンド,2%
福島県,石川町,セブン－イレブン石川長久保店,小売業,食料品,2%
福島県,石川町,石川南ＳＳ,小売業,ガソリンスタンド,2%
福島県,石川町,セブン－イレブン石川南町店,小売業,食料品,2%
福島県,石川町,セブン－イレブン石川本宮店,小売業,食料品,2%
福島県,石川町,セブン－イレブン磐城石川駅前店,小売業,食料品,2%
福島県,石川町,いわき自動車鈑金塗装 有限会社いわき自動車鈑金塗装,サービス,その他サービス,5%
福島県,石川町,資 亀屋,小売業,衣料品,5%
福島県,石川町,さがら葬儀社,サービス,その他サービス,5%
福島県,石川町,式部のやかた 井筒屋,サービス,宿泊業,5%
福島県,石川町,水晶館 石川斎場,サービス,その他サービス,5%
福島県,石川町,花のさがら 石川店,小売業,その他小売,5%
福島県,石川町,曲山自動車整備工場,サービス,その他サービス,5%
福島県,石川町,有限会社溝井自動車整備工場,サービス,その他サービス,5%
福島県,石川町,矢造ＳＳ,小売業,ガソリンスタンド,2%
福島県,石川町,矢内電器,小売業,電化製品,5%
福島県,石川町,有限会社ヤマザキ ヤマザキスポーツ,小売業,衣料品,5%
福島県,石川町,有限会社我妻自動車整備工場,サービス,その他サービス,5%
福島県,石川町,有限会社北町亀屋,その他業種,ー,5%
福島県,石川町,理容アキヤマ,サービス,理容・美容業,5%
福島県,泉崎村,ブイチェーン泉崎店,小売業,食料品,5%
福島県,泉崎村,セブン－イレブン福島泉崎店,小売業,食料品,2%
福島県,猪苗代町,セブン－イレブン会津志田浜店,小売業,食料品,2%
福島県,猪苗代町,セブン－イレブン猪苗代駅通り店,小売業,食料品,2%
福島県,猪苗代町,セブン－イレブン猪苗代バイパス店,小売業,食料品,2%
福島県,猪苗代町,セブン－イレブン猪苗代白鳥浜店,小売業,食料品,2%
福島県,猪苗代町,猪苗代リゾートホテル,サービス,宿泊業,5%
福島県,猪苗代町,セブン－イレブン猪苗代リゾート入口店,小売業,食料品,2%
福島県,猪苗代町,株式会社オールリゾートサービス,サービス,宿泊業,5%
福島県,猪苗代町,小川の流れるペンションのどか,サービス,宿泊業,5%
福島県,猪苗代町,貸別荘＆コテージオール・リゾート・サービス,サービス,宿泊業,5%
福島県,猪苗代町,柏屋 磐梯高原柏屋,小売業,食料品,5%
福島県,猪苗代町,（株）福菱エネルギー 猪苗代ＳＳ,小売業,ガソリンスタンド,2%
福島県,猪苗代町,合同会社リザーブ,その他業種,ー,5%
福島県,猪苗代町,ＣＨＡＮＴＩＬＬＹ－２Ｆ,小売業,衣料品,5%
福島県,猪苗代町,蕎麦カフェ 森の空ｋａｚｕ,サービス,飲食業,5%
福島県,猪苗代町,出光日章ＳＳ,小売業,ガソリンスタンド,2%
福島県,猪苗代町,野口記念館ＳＳ,小売業,ガソリンスタンド,2%
福島県,猪苗代町,白鳥ヶ浜ＳＳ,小売業,ガソリンスタンド,2%
福島県,猪苗代町,パナレイク,小売業,電化製品,5%
福島県,猪苗代町,磐梯マリーン,小売業,その他小売,5%
福島県,猪苗代町,ヒーリングインホワイトペンション,サービス,宿泊業,5%
福島県,猪苗代町,平澤屋旅館,サービス,宿泊業,5%
福島県,猪苗代町,ぷちショップつるや,小売業,その他小売,5%
福島県,猪苗代町,ペンション ヴェルレーヌ 森の中の小さな隠れ宿ヴェルレーヌ,サービス,宿泊業,5%
福島県,猪苗代町,ペンション ぽぽんた,サービス,宿泊業,5%
福島県,猪苗代町,ペンションすまいる,サービス,宿泊業,5%
福島県,猪苗代町,ペンション見鳥,その他業種,ー,5%
福島県,猪苗代町,リフレッシングイン ウェルカム・ウェルカム,サービス,宿泊業,5%
福島県,猪苗代町,Ｒｏｏｔｓ Ｓｈｏｐ,小売業,家具・調度品,5%
福島県,いわき市,赤井ＳＳ,小売業,ガソリンスタンド,2%
福島県,いわき市,Ａｇｕ ｈａｉｒ Ａｇｕ ｈａｉｒ ｒｐａｎｏいわき,サービス,理容・美容業,5%
福島県,いわき市,ＵＰＳＣＡＬＥ１１１,サービス,理容・美容業,5%
福島県,いわき市,阿部商事株式会社,小売業,その他小売,5%
福島県,いわき市,ａｍｅ Ｃａｆｅ ａｍｅＣａｆｅ,サービス,飲食業,5%
福島県,いわき市,ＡＬＡＹＡ,小売業,衣料品,5%
福島県,いわき市,ＡＲＩＲＩＡ,サービス,理容・美容業,5%
福島県,いわき市,石田農機店,小売業,その他小売,5%
福島県,いわき市,セブン－イレブンいわき赤井店,小売業,食料品,2%
福島県,いわき市,セブン－イレブンいわきアルパイン本社店,小売業,食料品,2%
福島県,いわき市,いわき泉ＳＳ,小売業,ガソリンスタンド,2%
福島県,いわき市,セブンーイレブンいわき泉下川店,小売業,食料品,2%
福島県,いわき市,セブン－イレブンいわき泉滝尻中央店,小売業,食料品,2%
福島県,いわき市,セブン－イレブンいわき泉滝尻店,小売業,食料品,2%
福島県,いわき市,セブン－イレブンいわき泉玉露４丁目店,小売業,食料品,2%
福島県,いわき市,セブン－イレブンいわき泉もえぎ台店,小売業,食料品,2%
福島県,いわき市,セブン－イレブンいわき泉薬師前店,小売業,食料品,2%
福島県,いわき市,セブン－イレブンいわき内郷みまや店,小売業,食料品,2%
福島県,いわき市,セブン－イレブンいわき内郷宮町店,小売業,食料品,2%
福島県,いわき市,セブン－イレブンいわき梅香町店,小売業,食料品,2%
福島県,いわき市,セブン－イレブンいわき駅前通り西店,小売業,食料品,2%
福島県,いわき市,セブン－イレブンいわき江栗店,小売業,食料品,2%
福島県,いわき市,セブン－イレブンいわき小川町店,小売業,食料品,2%
福島県,いわき市,セブン－イレブンいわき小島町２丁目店,小売業,食料品,2%
福島県,いわき市,セブン－イレブンいわき小名浜愛宕町店,小売業,食料品,2%
福島県,いわき市,セブン－イレブンいわき小名浜島店,小売業,食料品,2%
福島県,いわき市,セブン－イレブンいわき小名浜下小滝店,小売業,食料品,2%
福島県,いわき市,セブン－イレブンいわき小名浜中原店,小売業,食料品,2%
福島県,いわき市,セブン－イレブンいわき小名浜東田店,小売業,食料品,2%
福島県,いわき市,セブン－イレブンいわき小名浜南君ケ塚店,小売業,食料品,2%
福島県,いわき市,セブン－イレブンいわき鹿島走熊店,小売業,食料品,2%
福島県,いわき市,セブン－イレブンいわき鹿島御代店,小売業,食料品,2%
福島県,いわき市,セブン－イレブンいわき金山南台店,小売業,食料品,2%
福島県,いわき市,セブン－イレブンいわき神谷店,小売業,食料品,2%
福島県,いわき市,セブン－イレブンいわき釜ノ前店,小売業,食料品,2%
福島県,いわき市,セブン－イレブンいわき草木台店,小売業,食料品,2%
福島県,いわき市,セブン－イレブンいわき草野店,小売業,食料品,2%
福島県,いわき市,セブン－イレブンいわき窪田店,小売業,食料品,2%
福島県,いわき市,セブン－イレブンいわき郷ケ丘１丁目店,小売業,食料品,2%
福島県,いわき市,セブン－イレブンいわき郷ヶ丘２丁目店,小売業,食料品,2%
福島県,いわき市,セブン－イレブンいわき下好間店,小売業,食料品,2%
福島県,いわき市,セブン－イレブンいわき自由ヶ丘店,小売業,食料品,2%
福島県,いわき市,セブン－イレブンいわき常磐関船店,小売業,食料品,2%
福島県,いわき市,セブン－イレブンいわき白水町店,小売業,食料品,2%
福島県,いわき市,セブン－イレブンいわき末続店,小売業,食料品,2%
福島県,いわき市,セブン－イレブンいわき平愛谷町店,小売業,食料品,2%
福島県,いわき市,セブン－イレブンいわき平７丁目店,小売業,食料品,2%
福島県,いわき市,セブン－イレブンいわき平二町目店,小売業,食料品,2%
福島県,いわき市,セブン－イレブンいわき高坂店,小売業,食料品,2%
福島県,いわき市,いわき高原ＳＳ,小売業,ガソリンスタンド,2%
福島県,いわき市,セブン－イレブンいわき中央インター店,小売業,食料品,2%
福島県,いわき市,セブン－イレブンいわき中央台飯野店,小売業,食料品,2%
福島県,いわき市,セブン－イレブンいわき中央台高久店,小売業,食料品,2%
福島県,いわき市,セブン－イレブンいわき遠野店,小売業,食料品,2%
福島県,いわき市,セブン－イレブンいわき中岡３丁目店,小売業,食料品,2%
福島県,いわき市,セブン－イレブンいわき中平窪店,小売業,食料品,2%
福島県,いわき市,セブン－イレブンいわき勿来酒井原店,小売業,食料品,2%
福島県,いわき市,セブン－イレブンいわき錦町店,小売業,食料品,2%
福島県,いわき市,セブン－イレブンいわき西郷店,小売業,食料品,2%
福島県,いわき市,セブン－イレブンいわき沼の内店,小売業,食料品,2%
福島県,いわき市,セブン－イレブンいわき久之浜店,小売業,食料品,2%
福島県,いわき市,セブン－イレブンいわき平窪店,小売業,食料品,2%
福島県,いわき市,セブン－イレブンいわき三和インター店,小売業,食料品,2%
福島県,いわき市,セブン－イレブンいわき谷川瀬店,小売業,食料品,2%
福島県,いわき市,いわきヤクルト販売,小売業,食料品,5%
福島県,いわき市,いわき湯本柏屋,小売業,食料品,5%
福島県,いわき市,セブン－イレブンいわき四倉インター店,小売業,食料品,2%
福島県,いわき市,セブン－イレブンいわき四倉上仁井田店,小売業,食料品,2%
福島県,いわき市,セブン－イレブンいわき四倉東１丁目店,小売業,食料品,2%
福島県,いわき市,セブン－イレブンいわき四倉東４丁目店,小売業,食料品,2%
福島県,いわき市,インテリア館 トビタ,小売業,その他小売,5%
福島県,いわき市,植田ＳＳ 東北ルートサービス株式会社,小売業,ガソリンスタンド,2%
福島県,いわき市,雨情の宿 新つた,サービス,宿泊業,5%
福島県,いわき市,セブン－イレブン内郷駅前店,小売業,食料品,2%
福島県,いわき市,内郷西ＳＳ,小売業,ガソリンスタンド,2%
福島県,いわき市,Ｓ・Ｋサービス,小売業,電化製品,5%
福島県,いわき市,エステサロンＡｌａ エステサロンＡｌａ,サービス,その他サービス,5%
福島県,いわき市,大竹商店,小売業,その他小売,5%
福島県,いわき市,オーディンいわき植田店,小売業,その他小売,5%
福島県,いわき市,オーディンいわき鹿島店,小売業,その他小売,5%
福島県,いわき市,オーディン小名浜店,小売業,その他小売,5%
福島県,いわき市,小川ＳＳ,小売業,ガソリンスタンド,2%
福島県,いわき市,小川動物病院,サービス,その他サービス,5%
福島県,いわき市,小名浜,小売業,ガソリンスタンド,2%
福島県,いわき市,小名浜泉町ＳＳ,小売業,ガソリンスタンド,2%
福島県,いわき市,小名浜中央ＳＳ 株式会社共栄商事,小売業,ガソリンスタンド,2%
福島県,いわき市,小名浜中央ＳＳ 株式会社共栄商事,小売業,ガソリンスタンド,2%
福島県,いわき市,セブン－イレブン小名浜松の中店,小売業,食料品,2%
福島県,いわき市,おふくろ弁当 下船尾店,サービス,飲食業,5%
福島県,いわき市,オリックスレンタカーいわき駅北店,サービス,その他サービス,2%
福島県,いわき市,オリックスレンタカーいわき小名浜店,サービス,その他サービス,2%
福島県,いわき市,オリックスレンタカーいわき十五町目店,サービス,その他サービス,2%
福島県,いわき市,海鮮酒場 げんた,サービス,飲食業,5%
福島県,いわき市,鹿島ＳＳ 有限会社美光石油,小売業,ガソリンスタンド,2%
福島県,いわき市,割烹亀屋,サービス,飲食業,5%
福島県,いわき市,上遠野ＳＳ,小売業,ガソリンスタンド,2%
福島県,いわき市,鐘下新聞店,小売業,その他小売,5%
福島県,いわき市,かねまん本舗 本店,小売業,食料品,5%
福島県,いわき市,ＣＡＦＥ Ｋｉｉｔｏｓ,サービス,飲食業,5%
福島県,いわき市,株式会社 城山平安荘 田町 平安,サービス,飲食業,5%
福島県,いわき市,株式会社相馬屋,小売業,食料品,5%
福島県,いわき市,株式会社アーク会計 株式会社アーク会計,サービス,その他サービス,5%
福島県,いわき市,株式会社ＡＴＳ パソコンファーム,サービス,その他サービス,5%
福島県,いわき市,株式会社カパス郡山,小売業,その他小売,5%
福島県,いわき市,株式会社グリーンウェイ,サービス,その他サービス,5%
福島県,いわき市,株式会社丸三,小売業,衣料品,5%
福島県,いわき市,紙屋呉服店,小売業,衣料品,5%
福島県,いわき市,カレーハウスＣｏＣｏ壱番屋いわき小名浜店,サービス,飲食業,2%
福島県,いわき市,かんのや いわき谷川瀬店,小売業,食料品,5%
福島県,いわき市,木紅木,小売業,その他小売,5%
福島県,いわき市,キャンアイドレッシーいわき店,サービス,その他サービス,5%
福島県,いわき市,牛太楼 牛太楼,サービス,飲食業,5%
福島県,いわき市,牛屋 Ｈｉｋｏｂｅｒ 本店,サービス,飲食業,5%
福島県,いわき市,協和電機,小売業,電化製品,5%
福島県,いわき市,くいものやＴａＷａＲａ,サービス,飲食業,5%
福島県,いわき市,櫛田畳店,サービス,その他サービス,5%
福島県,いわき市,くまパンブーベ,サービス,飲食業,5%
福島県,いわき市,ＣＲＯＷＤ・ＩＺＵＭＩ,サービス,飲食業,5%
福島県,いわき市,Ｃｌａｓｓｉｃ Ｓｔｏｒｅ,小売業,衣料品,5%
福島県,いわき市,クラシックストア,小売業,衣料品,5%
福島県,いわき市,まがら洋菓子研究所有限会社,小売業,総合（非専門）,5%
福島県,いわき市,ＣｌｏｖｅｒＴａｂｌｅ,サービス,飲食業,5%
福島県,いわき市,光成社,小売業,電化製品,5%
福島県,いわき市,合戸ＳＳ 有限会社オカノ,小売業,ガソリンスタンド,2%
福島県,いわき市,出光コスタ四倉ＳＳ,小売業,ガソリンスタンド,2%
福島県,いわき市,五反田ＳＳ,小売業,ガソリンスタンド,2%
福島県,いわき市,ことり菓子店,小売業,食料品,5%
福島県,いわき市,ｃｏｙａ ｃａｆｅ なのはな,小売業,その他小売,5%
福島県,いわき市,坂田酒店,小売業,食料品,5%
福島県,いわき市,サンクチュアリーレッドイーグル,サービス,その他サービス,5%
福島県,いわき市,サンライズインいわき,サービス,宿泊業,5%
福島県,いわき市,塩電機商会,小売業,電化製品,5%
福島県,いわき市,しゃぶしゃぶ温野菜いわき泉店,サービス,飲食業,2%
福島県,いわき市,書優会 いわき本店,小売業,その他小売,5%
福島県,いわき市,ジンナイデンキ,小売業,電化製品,5%
福島県,いわき市,Ｌａ Ｓｔａｎｚａ,サービス,飲食業,5%
福島県,いわき市,ステーキハンバーグ ブレッドバーＫＥＮ いわき泉店,サービス,飲食業,5%
福島県,いわき市,ｓｐａ＆ｅｙａｌａｓｈＡＭＡＮＥＣＥＲ,サービス,理容・美容業,5%
福島県,いわき市,整体とリラクゼーションのお店ここち,サービス,理容・美容業,5%
福島県,いわき市,関の上ＳＳ,小売業,ガソリンスタンド,2%
福島県,いわき市,Ｄｒ．Ｄｒｉｖｅセルフいわき平長橋店,小売業,ガソリンスタンド,2%
福島県,いわき市,Ｄｒ．Ｄｒｉｖｅセルフ平長橋ＳＳ,小売業,ガソリンスタンド,2%
福島県,いわき市,Ｄｒ．Ｄｒｉｖｅセルフいわき平バイパス店,小売業,ガソリンスタンド,2%
福島県,いわき市,Ｄｒ．Ｄｒｉｖｅセルフいわき玉川店,小売業,ガソリンスタンド,2%
福島県,いわき市,セルフいわき中央インターＳＳ,小売業,ガソリンスタンド,2%
福島県,いわき市,セルフ植田ＳＳ,小売業,ガソリンスタンド,2%
福島県,いわき市,セルフ内郷ＳＳ,小売業,ガソリンスタンド,2%
福島県,いわき市,セルフ鹿島ＳＳ,小売業,ガソリンスタンド,2%
福島県,いわき市,セルフ中岡ＳＳ,小売業,ガソリンスタンド,2%
福島県,いわき市,セルフニュータウンイーストＳＳ,小売業,ガソリンスタンド,2%
福島県,いわき市,Ｓｅｌｅｃｔｉｏｎ,小売業,その他小売,5%
福島県,いわき市,総本家もり山 いわき泉店,サービス,飲食業,5%
福島県,いわき市,大酒食堂あきぼし,サービス,飲食業,5%
福島県,いわき市,タイヤセレクト信正,小売業,その他小売,5%
福島県,いわき市,有限会社高木園,小売業,総合（非専門）,5%
福島県,いわき市,高坂ＳＳ,小売業,ガソリンスタンド,2%
福島県,いわき市,（有）田代燃料店,その他業種,ー,5%
福島県,いわき市,辰の口ＳＳ,小売業,ガソリンスタンド,2%
福島県,いわき市,チャーメ,小売業,衣料品,5%
福島県,いわき市,ｐｒｉｖａｔｅｓａｌｏｎｃｈａｎｇｕｕ,サービス,その他サービス,5%
福島県,いわき市,中華料理昇樹植田店,サービス,飲食業,5%
福島県,いわき市,Ｄ・Ｓｐｉｒｉｔ,サービス,その他サービス,5%
福島県,いわき市,でんき倶楽部いいだ,小売業,電化製品,5%
福島県,いわき市,でんき倶楽部 にいつま,小売業,電化製品,5%
福島県,いわき市,でんきプラザおかだ,小売業,電化製品,5%
福島県,いわき市,でんきプラザカナザワ,小売業,電化製品,5%
福島県,いわき市,でんきプラザシンセイ,小売業,電化製品,5%
福島県,いわき市,でんきプラザドイ,小売業,電化製品,5%
福島県,いわき市,でんきプラザ名和,小売業,電化製品,5%
福島県,いわき市,２ＷａｎＨａｐｐｙ,サービス,その他サービス,5%
福島県,いわき市,Ｄｕｏｍｏ ｃｏ,サービス,理容・美容業,5%
福島県,いわき市,東京ヘアサロンひなた,サービス,理容・美容業,5%
福島県,いわき市,とうふ工房 分家奈良屋 湯本駅前店,サービス,飲食業,5%
福島県,いわき市,トビヌケ 植田店,小売業,その他小売,5%
福島県,いわき市,トビヌケ平店,小売業,その他小売,5%
福島県,いわき市,トヨタ部品福島共販いわき営業所,その他業種,ー,5%
福島県,いわき市,トヨタレンタリース新福島泉駅前店,サービス,その他サービス,2%
福島県,いわき市,トヨタレンタリース新福島いわき駅前店,サービス,その他サービス,2%
福島県,いわき市,トヨタレンタリース福島いわき平店,サービス,その他サービス,2%
福島県,いわき市,トヨタレンタリース新福島 泉駅前店,サービス,その他サービス,2%
福島県,いわき市,セブン－イレブン中島店,小売業,食料品,2%
福島県,いわき市,名和電器 渡辺店,小売業,電化製品,5%
福島県,いわき市,西小川ＳＳ,小売業,ガソリンスタンド,2%
福島県,いわき市,Ｎａｉｌ Ｓａｌｏｎ Ｒｕｂｅｒ,サービス,理容・美容業,5%
福島県,いわき市,根岸ＳＳ,小売業,ガソリンスタンド,2%
福島県,いわき市,根岸ＳＳ 十一屋商店,小売業,ガソリンスタンド,2%
福島県,いわき市,ネッツトヨタ郡山いわき店,小売業,その他小売,5%
福島県,いわき市,ネッツトヨタ郡山平店,小売業,その他小売,5%
福島県,いわき市,ネッツトヨタ郡山勿来店,小売業,その他小売,5%
福島県,いわき市,ネッツトヨタノヴェルふくしまいわき平店,小売業,その他小売,5%
福島県,いわき市,ネモトムセン,小売業,電化製品,5%
福島県,いわき市,ＮＯＢＬＥ,小売業,衣料品,5%
福島県,いわき市,Ｂａｒ Ｑｕａｒｔｅｔ,サービス,飲食業,5%
福島県,いわき市,バーバー ダイイチ 第一理容所,サービス,理容・美容業,5%
福島県,いわき市,長谷川木工機,小売業,総合（非専門）,5%
福島県,いわき市,パティスリー アンジェリーク,小売業,食料品,5%
福島県,いわき市,パティスリーアンジェリーク鹿島店,小売業,食料品,5%
福島県,いわき市,パナピア いわき,小売業,電化製品,5%
福島県,いわき市,パピルス,小売業,その他小売,5%
福島県,いわき市,久野電化無線商会,小売業,電化製品,5%
福島県,いわき市,久之浜ＳＳ,小売業,ガソリンスタンド,2%
福島県,いわき市,美容室糸,サービス,理容・美容業,5%
福島県,いわき市,ファミリーインホテルズ 和や,サービス,宿泊業,5%
福島県,いわき市,ファミリー君ケ塚店,小売業,衣料品,5%
福島県,いわき市,ファミリー草野店,小売業,衣料品,5%
福島県,いわき市,ファミリー窪田店,小売業,衣料品,5%
福島県,いわき市,ファミリー平白土店,小売業,衣料品,5%
福島県,いわき市,ファミリー高坂店,小売業,衣料品,5%
福島県,いわき市,ファミリー中岡店・外商,小売業,衣料品,5%
福島県,いわき市,ファミリー中岡店,小売業,衣料品,5%
福島県,いわき市,ファミリー湯長谷店,小売業,衣料品,5%
福島県,いわき市,ブイチェーン上遠野店,小売業,食料品,5%
福島県,いわき市,４ｐｏｉｎｔ,小売業,家具・調度品,5%
福島県,いわき市,福島トヨタ自動車いわき小名浜店,小売業,その他小売,5%
福島県,いわき市,福島トヨタ自動車いわき平店,小売業,その他小売,5%
福島県,いわき市,福島トヨタ自動車いわき勿来店,小売業,その他小売,5%
福島県,いわき市,福島トヨタ自動車レクサスいわき,小売業,その他小売,5%
福島県,いわき市,福島トヨペットいわき植田店,小売業,その他小売,5%
福島県,いわき市,福島トヨペットいわき内郷店,小売業,その他小売,5%
福島県,いわき市,福島トヨペットいわき小名浜店,小売業,その他小売,5%
福島県,いわき市,福田 うなぎ福田,サービス,飲食業,5%
福島県,いわき市,フラワーショップまがみ,小売業,その他小売,5%
福島県,いわき市,Ｐｒｅｓｅｎｔｓ,サービス,理容・美容業,5%
福島県,いわき市,ｆｌｏｗｓ,小売業,その他小売,5%
福島県,いわき市,ヘアークリエイティブロダン,サービス,理容・美容業,5%
福島県,いわき市,ｈａｉｒ ｂｕｔｔｅｒｆｌｙ,サービス,理容・美容業,5%
福島県,いわき市,ヘアールームエポカ,サービス,理容・美容業,5%
福島県,いわき市,ベガス アミューズメントバーＶＥＧＡＳ,サービス,飲食業,5%
福島県,いわき市,ボディケアサロンＭＡＬＡＩＫＡＴ,サービス,その他サービス,5%
福島県,いわき市,ホテル いづみや,サービス,宿泊業,5%
福島県,いわき市,ホテル塩屋崎,サービス,宿泊業,5%
福島県,いわき市,ホテルパームスプリング,サービス,宿泊業,5%
福島県,いわき市,マクドナルドイオンモールいわき小名浜店,サービス,飲食業,2%
福島県,いわき市,マクドナルドいわき植田店,サービス,飲食業,2%
福島県,いわき市,マクドナルドいわき小名浜店,サービス,飲食業,2%
福島県,いわき市,マクドナルドいわき鹿島店,サービス,飲食業,2%
福島県,いわき市,マクドナルドいわき湯本店,サービス,飲食業,2%
福島県,いわき市,マクドナルド平イトーヨーカドー店,サービス,飲食業,2%
福島県,いわき市,街のちいさなコーヒー屋さんＮａｎａ ｉｒｏ,サービス,飲食業,5%
福島県,いわき市,まつげ革命 まつげ革命 いわき鹿島店,サービス,理容・美容業,5%
福島県,いわき市,マリーヘアワークス,サービス,理容・美容業,5%
福島県,いわき市,マルヨシ電気,小売業,電化製品,5%
福島県,いわき市,緑川電器,小売業,電化製品,5%
福島県,いわき市,未来テクノ,サービス,その他サービス,5%
福島県,いわき市,メビウス,サービス,飲食業,5%
福島県,いわき市,木工房 大杢,小売業,家具・調度品,5%
福島県,いわき市,谷地の湯 田村屋旅館,サービス,宿泊業,5%
福島県,いわき市,矢吹酒店 矢吹酒店,小売業,食料品,5%
福島県,いわき市,有限会社あわのや酒店,小売業,食料品,5%
福島県,いわき市,有限会社エムズファクトリー いわきくるま館,小売業,その他小売,5%
福島県,いわき市,有限会社エムズファクトリー エムズファクトリー,小売業,その他小売,5%
福島県,いわき市,有限会社小野久商事鹿島ブックセンター,小売業,書籍・玩具・音楽ＣＤ,5%
福島県,いわき市,有限会社久保木商会 プラザ新舞子給油所,小売業,ガソリンスタンド,2%
福島県,いわき市,有限会社鈴木電機工業所,サービス,その他サービス,5%
福島県,いわき市,有限会社 平 ニューホンダコーポレーション 平ニューホンダ,小売業,その他小売,5%
福島県,いわき市,有限会社ナラハマイカーセンター,サービス,その他サービス,5%
福島県,いわき市,（有）丸克商店,小売業,その他小売,5%
福島県,いわき市,出光ユーズダイナー四倉ＳＳ,小売業,ガソリンスタンド,2%
福島県,いわき市,湯の宿 美笹,サービス,宿泊業,5%
福島県,いわき市,ユモト電器,小売業,電化製品,5%
福島県,いわき市,湯本西ＳＳ,小売業,ガソリンスタンド,2%
福島県,いわき市,養老乃瀧いわき白土店,サービス,飲食業,2%
福島県,いわき市,吉田酒店 吉田酒店,小売業,食料品,5%
福島県,いわき市,らーめん首鬼,サービス,飲食業,5%
福島県,いわき市,ライブインえぐりＳＳ,小売業,ガソリンスタンド,2%
福島県,いわき市,ＲＥ：ＡＬＩＺＥ,その他業種,ー,5%
福島県,いわき市,リエジュ イオンいわき店,小売業,貴金属・服飾品,5%
福島県,いわき市,ＬｉｏｒａＢｅａｕｔｙＳａｌｏｎ,サービス,理容・美容業,5%
福島県,いわき市,リララ,サービス,理容・美容業,5%
福島県,いわき市,リリーオブザバリー リリーオブザバリー,サービス,飲食業,5%
福島県,いわき市,Ｒｉｎｋａ,小売業,貴金属・服飾品,5%
福島県,いわき市,ルート６小名浜ＳＳ,小売業,ガソリンスタンド,2%
福島県,いわき市,ルート６勿来,小売業,ガソリンスタンド,2%
福島県,いわき市,レストランシェ栗崎,サービス,飲食業,5%
福島県,いわき市,レストランぷらたなす,サービス,飲食業,5%
福島県,いわき市,レッドストーリースクール,サービス,その他サービス,5%
福島県,いわき市,ＬＯＣＡＬＳＨＯＰ,小売業,衣料品,5%
福島県,いわき市,ワタナベ時計店,小売業,貴金属・服飾品,5%
福島県,大玉村,セブン－イレブン大玉大山大橋平店,小売業,食料品,2%
福島県,大玉村,パナファミリー ワタナベ,小売業,電化製品,5%
福島県,鏡石町,イオン鏡石セルフＳＳ,小売業,ガソリンスタンド,2%
福島県,鏡石町,居酒屋 わか葉,サービス,飲食業,5%
福島県,鏡石町,いちい 鏡石店,小売業,食料品,5%
福島県,鏡石町,鏡石ＳＳ オサダ石油株式会社,小売業,ガソリンスタンド,2%
福島県,鏡石町,鏡石叶屋書店,小売業,書籍・玩具・音楽ＣＤ,5%
福島県,鏡石町,セブン－イレブン鏡石成田店,小売業,食料品,2%
福島県,鏡石町,セブン－イレブン鏡石バイパス店,小売業,食料品,2%
福島県,鏡石町,セブン－イレブン鏡石町店,小売業,食料品,2%
福島県,鏡石町,キッチン さくら木,サービス,飲食業,5%
福島県,鏡石町,須賀川南ＳＳ,小売業,ガソリンスタンド,2%
福島県,鏡石町,須賀川南ＳＳセルフ,小売業,ガソリンスタンド,2%
福島県,鏡石町,人形のピッコロ,小売業,その他小売,5%
福島県,鏡石町,人形のピッコロ,小売業,その他小売,5%
福島県,葛尾村,葛尾ＳＳ,小売業,ガソリンスタンド,2%
福島県,金山町,会津川口ＳＳ,小売業,ガソリンスタンド,2%
福島県,川内村,川内ＳＳ 渡辺商店,小売業,ガソリンスタンド,2%
福島県,川俣町,えびすやフードセンター川俣店,小売業,総合（非専門）,5%
福島県,川俣町,川俣駅前ＳＳ,小売業,ガソリンスタンド,2%
福島県,川俣町,川俣バイパスＳＳ,小売業,ガソリンスタンド,2%
福島県,川俣町,株式会社小林,小売業,その他小売,5%
福島県,川俣町,せっけんや,小売業,電化製品,5%
福島県,川俣町,ファンズ川俣店,小売業,食料品,5%
福島県,川俣町,セブン－イレブン福島川俣高校前店,小売業,食料品,2%
福島県,川俣町,ラミーネクスト,サービス,理容・美容業,5%
福島県,喜多方市,会津交通観光（株）喜多方営業所,サービス,その他サービス,5%
福島県,喜多方市,熱塩温泉 ふじや,サービス,宿泊業,5%
福島県,喜多方市,熱塩温泉山形屋,サービス,宿泊業,5%
福島県,喜多方市,ウエル電化ヒグチ,小売業,電化製品,5%
福島県,喜多方市,オーディン喜多方店,小売業,その他小売,5%
福島県,喜多方市,おくやピーナッツ工場,小売業,食料品,5%
福島県,喜多方市,喜多方ＳＳ,小売業,ガソリンスタンド,2%
福島県,喜多方市,セブン－イレブン喜多方岩月町店,小売業,食料品,2%
福島県,喜多方市,喜多方ＳＳ,小売業,ガソリンスタンド,2%
福島県,喜多方市,セブン－イレブン喜多方北町店,小売業,食料品,2%
福島県,喜多方市,セブン－イレブン喜多方桜が丘店,小売業,食料品,2%
福島県,喜多方市,キタカタセルフＳＳ,小売業,ガソリンスタンド,2%
福島県,喜多方市,セブン－イレブン喜多方豊川店,小売業,食料品,2%
福島県,喜多方市,セブン－イレブン喜多方鳥見山店,小売業,食料品,2%
福島県,喜多方市,セブン－イレブン喜多方バイパス店,小売業,食料品,2%
福島県,喜多方市,Ｃｒｅｃｅｒ,小売業,衣料品,5%
福島県,喜多方市,塩川ＳＳ,小売業,ガソリンスタンド,2%
福島県,喜多方市,塩川ＳＳ,小売業,ガソリンスタンド,2%
福島県,喜多方市,セブン－イレブン塩川町店,小売業,食料品,2%
福島県,喜多方市,食堂つきとおひさま,サービス,飲食業,5%
福島県,喜多方市,トヨタレンタリース新福島喜多方店,サービス,その他サービス,2%
福島県,喜多方市,ｎｉｃｈｉ ｎｉｃｈｉ ｃｏｆｆｅｅ,サービス,飲食業,5%
福島県,喜多方市,ネッツトヨタノヴェルふくしま喜多方店,小売業,その他小売,5%
福島県,喜多方市,パナピア きたかた,小売業,電化製品,5%
福島県,喜多方市,はにゅうでんき,小売業,電化製品,5%
福島県,喜多方市,ＢｅＭＡＸ喜多方ＳＳ,小売業,ガソリンスタンド,2%
福島県,喜多方市,福島トヨタ自動車喜多方店,小売業,その他小売,5%
福島県,喜多方市,福島トヨペット喜多方店,小売業,その他小売,5%
福島県,喜多方市,ホーム電化スズキ,小売業,電化製品,5%
福島県,喜多方市,ほしこう,小売業,衣料品,5%
福島県,喜多方市,ほしこうコープひがし店,小売業,衣料品,5%
福島県,喜多方市,マクドナルド喜多方店,サービス,飲食業,2%
福島県,喜多方市,まつや,小売業,貴金属・服飾品,5%
福島県,喜多方市,山都三津合ＳＳ,小売業,ガソリンスタンド,2%
福島県,喜多方市,自転車販売修理の店ヨシハラ商会,小売業,その他小売,5%
福島県,北塩原村,裏磐梯高原ホテル,サービス,宿泊業,5%
福島県,北塩原村,裏磐梯国民宿舎,サービス,宿泊業,5%
福島県,北塩原村,裏磐梯ペンションやまびこ,サービス,宿泊業,5%
福島県,北塩原村,おやど風来坊,サービス,宿泊業,5%
福島県,北塩原村,おやど風来坊,サービス,宿泊業,5%
福島県,北塩原村,クレインズ 裏磐梯カヌー工房 クレインズ裏磐梯カヌー工房,サービス,宿泊業,5%
福島県,北塩原村,ゲストハウス裏っ歩（Ｕｒａｐｐｏ）,サービス,宿泊業,5%
福島県,北塩原村,旅館 ときわすれ,サービス,宿泊業,5%
福島県,北塩原村,Ｎａｔｕｒｅ Ｃｏｔｔａｇｅ Ａｋａｂｅｋｏ,サービス,宿泊業,5%
福島県,北塩原村,ヒロのお菓子屋さん ヒロのお菓子屋さん レイクウッドカフェ店,サービス,飲食業,5%
福島県,北塩原村,ヒロのお菓子屋さん,小売業,食料品,5%
福島県,北塩原村,ヒロのお菓子屋さん,サービス,飲食業,5%
福島県,北塩原村,フレージェ,サービス,宿泊業,5%
福島県,北塩原村,フレ－ザ－ホテル,サービス,宿泊業,5%
福島県,北塩原村,ペンションヴァンブラン,サービス,宿泊業,5%
福島県,北塩原村,ペンションヴァンブラン,サービス,宿泊業,5%
福島県,北塩原村,ペンションとも,サービス,宿泊業,5%
福島県,北塩原村,ペンションバディ,サービス,宿泊業,5%
福島県,北塩原村,ペンションバディ,サービス,その他サービス,5%
福島県,北塩原村,ペンションレラ,サービス,宿泊業,5%
福島県,北塩原村,もくもく自然塾 キャンプセンター,サービス,その他サービス,5%
福島県,北塩原村,リゾートペンション藍,サービス,宿泊業,5%
福島県,北塩原村,旅館ときわすれ,サービス,宿泊業,5%
福島県,北塩原村,Ｌａｋｅ ｓｉｄｅ ｉｎｎ Ｂｅｅｈｉｖｅ（びーはいぶ）,サービス,宿泊業,5%
福島県,国見町,貝田ＳＳ,小売業,ガソリンスタンド,2%
福島県,国見町,中国料理桜華楼,サービス,飲食業,5%
福島県,国見町,東北自動車道下り国見サービスエリアＳＳ,小売業,ガソリンスタンド,2%
福島県,国見町,セブン－イレブン福島国見役場前店,小売業,食料品,2%
福島県,広野町,大滝旅館 有限会社大滝,サービス,宿泊業,5%
福島県,広野町,広野ＳＳ,小売業,ガソリンスタンド,2%
福島県,広野町,広野国道ＳＳ,小売業,ガソリンスタンド,2%
福島県,広野町,セブン－イレブン福島広野町店,小売業,食料品,2%
福島県,広野町,双葉邸,サービス,宿泊業,5%
福島県,桑折町,カーファクトリー ミシナ,サービス,その他サービス,5%
福島県,桑折町,株式会社ライフテック ワン 一条家電サービス,小売業,電化製品,5%
福島県,桑折町,高橋電器,小売業,電化製品,5%
福島県,桑折町,ブイチェーン桑折店,小売業,食料品,5%
福島県,桑折町,セブン－イレブン福島桑折バイパス店,小売業,食料品,2%
福島県,桑折町,ルート４福島北,小売業,ガソリンスタンド,2%
福島県,郡山市,＠牛乳屋 （牛乳屋＠小岩井．森永）,小売業,食料品,5%
福島県,郡山市,Ｉｒｏｎ（アイアン）,サービス,理容・美容業,5%
福島県,郡山市,ａｖａｎｔｉ,サービス,理容・美容業,5%
福島県,郡山市,Ａｇｕ ｈａｉｒ Ａｇｕ ｈａｉｒ ｎｏｖｅｌ桑野,サービス,理容・美容業,5%
福島県,郡山市,Ａｇｕ ｈａｉｒ Ａｇｕ ｈａｉｒ ｌａｎｉ安積,サービス,理容・美容業,5%
福島県,郡山市,Ａｇｕ ｈａｉｒ Ａｇｕ ｈａｉｒ ｄｒｅｓｓ喜久田,サービス,理容・美容業,5%
福島県,郡山市,Ａｇｕ ｈａｉｒ Ａｇｕ ｈａｉｒ ｆｅｌｉｚ郡山コスモス通り,サービス,理容・美容業,5%
福島県,郡山市,Ａｇｕ ｈａｉｒ Ａｇｕ ｈａｉｒ ｒｏａｉｇ郡山,サービス,理容・美容業,5%
福島県,郡山市,Ａｇｕ ｈａｉｒ Ａｇｕ ｈａｉｒ ｓｅａ郡山開成,サービス,理容・美容業,5%
福島県,郡山市,安積永盛ＳＳ,小売業,ガソリンスタンド,2%
福島県,郡山市,安積ＰＡ上り線ＳＳ,小売業,ガソリンスタンド,2%
福島県,郡山市,アサカワンダーランド,サービス,飲食業,5%
福島県,郡山市,旭理容 さくら通り旭理容,サービス,理容・美容業,5%
福島県,郡山市,愛宕屋菓子舗,小売業,食料品,5%
福島県,郡山市,熱海タクシー有限会社 ２７１,サービス,その他サービス,5%
福島県,郡山市,あぶくま旅館,サービス,宿泊業,5%
福島県,郡山市,ａｍｒｉｔａ,小売業,その他小売,5%
福島県,郡山市,荒井ＳＳ,小売業,ガソリンスタンド,2%
福島県,郡山市,アルクール深沢,サービス,理容・美容業,5%
福島県,郡山市,アレルコア アレルギー体質改善 アレルコア,サービス,その他サービス,5%
福島県,郡山市,ＡＬＥＮｈａｉｒｍａｋｅ,サービス,理容・美容業,5%
福島県,郡山市,イシザワデンキ,小売業,電化製品,5%
福島県,郡山市,伊東園ホテル 磐梯向滝,サービス,宿泊業,5%
福島県,郡山市,井上電機,小売業,電化製品,5%
福島県,郡山市,岩代正体,サービス,その他サービス,5%
福島県,郡山市,岩代正体,サービス,その他サービス,5%
福島県,郡山市,うおはる,小売業,食料品,5%
福島県,郡山市,うねめタクシー 有限会社ウネメタクシー,サービス,その他サービス,5%
福島県,郡山市,エイコー電器,小売業,電化製品,5%
福島県,郡山市,Ｈ Ｂ ＧＡＲＡＧＥ,サービス,飲食業,5%
福島県,郡山市,エッセンシャル企画,サービス,その他サービス,5%
福島県,郡山市,大槻ＳＳ,小売業,ガソリンスタンド,2%
福島県,郡山市,オーディン郡山大槻店,小売業,その他小売,5%
福島県,郡山市,お好み焼きＴＯＲＡＪＩＲＯ,サービス,飲食業,5%
福島県,郡山市,おそうじ本舗郡山インター店,サービス,その他サービス,2%
福島県,郡山市,オーディー・サービス,小売業,電化製品,5%
福島県,郡山市,音川青果店,小売業,食料品,5%
福島県,郡山市,男と女のヘアーサロン いこい,サービス,理容・美容業,5%
福島県,郡山市,オート電化センター,小売業,電化製品,5%
福島県,郡山市,オペラ郡山本店,小売業,貴金属・服飾品,5%
福島県,郡山市,オペラ郡山本店,小売業,貴金属・服飾品,5%
福島県,郡山市,オリックスレンタカー郡山安積店,サービス,その他サービス,2%
福島県,郡山市,オリックスレンタカー郡山うねめ通り店,サービス,その他サービス,2%
福島県,郡山市,オリックスレンタカー郡山駅東口店,サービス,その他サービス,2%
福島県,郡山市,卸町ＳＳ 株式会社ワタヤス,小売業,ガソリンスタンド,2%
福島県,郡山市,温野菜横塚店,サービス,飲食業,2%
福島県,郡山市,開成柏屋 〔洋菓子〕,小売業,食料品,5%
福島県,郡山市,海鮮うまいもの家 つぼ八 郡山朝日店,サービス,飲食業,5%
福島県,郡山市,香久池柏屋,小売業,食料品,5%
福島県,郡山市,学生服リユースショップ そらまめ,小売業,衣料品,5%
福島県,郡山市,陰山商店,小売業,その他小売,5%
福島県,郡山市,柏屋 静御前通り柏屋,小売業,食料品,5%
福島県,郡山市,柏屋本店,小売業,食料品,5%
福島県,郡山市,カットハウスマインド,サービス,理容・美容業,5%
福島県,郡山市,かどいち,サービス,飲食業,5%
福島県,郡山市,株式会社ｅ事務局,その他業種,ー,5%
福島県,郡山市,株式会社カパス郡山,小売業,その他小売,5%
福島県,郡山市,株式会社佐藤茶園,小売業,食料品,5%
福島県,郡山市,株式会社趣味の呉服遠藤,小売業,衣料品,5%
福島県,郡山市,株式会社 山桜,小売業,食料品,5%
福島県,郡山市,株式会社ラ・フィネス,サービス,理容・美容業,5%
福島県,郡山市,鎌倉屋 島公園前店,小売業,食料品,5%
福島県,郡山市,髪工房 石井,サービス,理容・美容業,5%
福島県,郡山市,カメレオン郡山,サービス,飲食業,5%
福島県,郡山市,ガレージ車楽,小売業,その他小売,5%
福島県,郡山市,カレーハウスＣｏＣｏ壱番屋郡山東店,サービス,飲食業,2%
福島県,郡山市,カレーハウスＣｏＣｏ壱番屋郡山うねめ通店,サービス,飲食業,2%
福島県,郡山市,カレーハウスＣｏＣｏ壱番屋郡山図景店,サービス,飲食業,2%
福島県,郡山市,かんのや 郡山インター店,小売業,食料品,5%
福島県,郡山市,かんのや 本店文助,小売業,食料品,5%
福島県,郡山市,かんのや郡山八山田店,小売業,食料品,5%
福島県,郡山市,菊屋 茶舗,小売業,食料品,5%
福島県,郡山市,喜多方らーめん 大槻店,サービス,飲食業,5%
福島県,郡山市,ギャラリーＪＯＹ,サービス,理容・美容業,5%
福島県,郡山市,牛角郡山安積店,サービス,飲食業,2%
福島県,郡山市,牛角郡山朝日店,サービス,飲食業,2%
福島県,郡山市,牛角郡山なかまち夢通り店,サービス,飲食業,2%
福島県,郡山市,ＣＵＴＩＦＵＬ,サービス,理容・美容業,5%
福島県,郡山市,牛屋 Ｈｉｋｏ Ｂｅｒ,サービス,飲食業,5%
福島県,郡山市,金蘭荘花山,サービス,宿泊業,5%
福島県,郡山市,Ｃｏｏ＆ＲＩＫＵ郡山店,小売業,その他小売,5%
福島県,郡山市,串たろう,サービス,飲食業,5%
福島県,郡山市,Ｋｕｂｕ ｈａｉｒ Ｑｕａｒｔｏ ｈａｉｒ,サービス,理容・美容業,5%
福島県,郡山市,Ｋｕｂｕ ｈａｉｒ ｋｕｂｕ ｈａｉｒ,サービス,理容・美容業,5%
福島県,郡山市,クマダ電化サービス,小売業,電化製品,5%
福島県,郡山市,倉野屋茶舗,小売業,食料品,5%
福島県,郡山市,ＧＲＡＮＤ ＢＯＵＱＵＥＴ,小売業,衣料品,5%
福島県,郡山市,ＧＲＡＣＥ【グレイス】,サービス,理容・美容業,5%
福島県,郡山市,桑野ＳＳ,小売業,ガソリンスタンド,2%
福島県,郡山市,ケイズ,小売業,衣料品,5%
福島県,郡山市,化粧品のオオタ 化粧品のオオタ,小売業,その他小売,5%
福島県,郡山市,合同会社ＯＮＥ,小売業,食料品,5%
福島県,郡山市,郡山インタ－ＳＳ,小売業,ガソリンスタンド,2%
福島県,郡山市,郡山ＳＳ 阿部石油株式会社,小売業,ガソリンスタンド,2%
福島県,郡山市,セブン－イレブン郡山安積町店,小売業,食料品,2%
福島県,郡山市,セブン－イレブン郡山安積町長久保店,小売業,食料品,2%
福島県,郡山市,Ｄｒ．Ｄｒｉｖｅ郡山朝日店,小売業,ガソリンスタンド,2%
福島県,郡山市,セブン－イレブン郡山熱海町高玉店,小売業,食料品,2%
福島県,郡山市,ＥｎｅＪｅｔ郡山インターＳＳ 阿部鉱油株式会社,小売業,ガソリンスタンド,2%
福島県,郡山市,セブン－イレブン郡山インター店,小売業,食料品,2%
福島県,郡山市,セブン－イレブン郡山駅前アーケード店,小売業,食料品,2%
福島県,郡山市,セブン－イレブン郡山駅前店,小売業,食料品,2%
福島県,郡山市,セブン－イレブン郡山駅前南通り店,小売業,食料品,2%
福島県,郡山市,セブン－イレブン郡山大槻御前南店,小売業,食料品,2%
福島県,郡山市,セブン－イレブン郡山大町１丁目店,小売業,食料品,2%
福島県,郡山市,郡山大町店,小売業,総合（非専門）,5%
福島県,郡山市,セブン－イレブン郡山開成２丁目店,小売業,食料品,2%
福島県,郡山市,セブン－イレブン郡山片平町店,小売業,食料品,2%
福島県,郡山市,郡山金屋ＳＳ,小売業,ガソリンスタンド,2%
福島県,郡山市,セブン－イレブン郡山喜久田店,小売業,食料品,2%
福島県,郡山市,セブン－イレブン郡山喜久田堀之内店,小売業,食料品,2%
福島県,郡山市,セブン－イレブン郡山久留米店,小売業,食料品,2%
福島県,郡山市,セブン－イレブン郡山久留米２丁目店,小売業,食料品,2%
福島県,郡山市,セブン－イレブン郡山桑野１丁目店,小売業,食料品,2%
福島県,郡山市,セブン－イレブン郡山桑野３丁目店,小売業,食料品,2%
福島県,郡山市,Ｄｒ．Ｄｒｉｖｅ郡山桑野店,小売業,ガソリンスタンド,2%
福島県,郡山市,セブン－イレブン郡山桑野２丁目店,小売業,食料品,2%
福島県,郡山市,セブン－イレブン郡山桑野４丁目店,小売業,食料品,2%
福島県,郡山市,セブン－イレブン郡山御前南１丁目店,小売業,食料品,2%
福島県,郡山市,郡山湖南ＳＳ,小売業,ガソリンスタンド,2%
福島県,郡山市,セブン－イレブン郡山菜根西店,小売業,食料品,2%
福島県,郡山市,セブン－イレブン郡山咲田２丁目店,小売業,食料品,2%
福島県,郡山市,セブン－イレブン郡山笹川店,小売業,食料品,2%
福島県,郡山市,セブン－イレブン郡山三中前店,小売業,食料品,2%
福島県,郡山市,セブン－イレブン郡山島中央公園前店,小売業,食料品,2%
福島県,郡山市,セブン－イレブン郡山下亀田店,小売業,食料品,2%
福島県,郡山市,セブン－イレブン郡山市役所店,小売業,食料品,2%
福島県,郡山市,セブン－イレブン郡山諏訪前店,小売業,食料品,2%
福島県,郡山市,郡山タクシー株式会社 ２４２４,サービス,その他サービス,5%
福島県,郡山市,セブン－イレブン郡山堤１丁目店,小売業,食料品,2%
福島県,郡山市,セブン－イレブン郡山鶴見坦１丁目店,小売業,食料品,2%
福島県,郡山市,セブン－イレブン郡山富田店,小売業,食料品,2%
福島県,郡山市,セブン－イレブン郡山名倉店,小売業,食料品,2%
福島県,郡山市,セブン－イレブン郡山七ツ池店,小売業,食料品,2%
福島県,郡山市,セブン－イレブン郡山並木４丁目店,小売業,食料品,2%
福島県,郡山市,郡山成田ＳＳ,小売業,ガソリンスタンド,2%
福島県,郡山市,セブン－イレブン郡山鳴神店,小売業,食料品,2%
福島県,郡山市,セブン－イレブン郡山西ノ宮西店,小売業,食料品,2%
福島県,郡山市,セブン－イレブン郡山西原店,小売業,食料品,2%
福島県,郡山市,セブン－イレブン郡山芳賀１丁目店,小売業,食料品,2%
福島県,郡山市,セブン－イレブン郡山芳賀３丁目店,小売業,食料品,2%
福島県,郡山市,セブン－イレブン郡山針生店,小売業,食料品,2%
福島県,郡山市,郡山販売課,小売業,その他小売,2%
福島県,郡山市,株式会社東屋本店 郡山東ＳＳ,小売業,ガソリンスタンド,2%
福島県,郡山市,郡山東たんぽぽ動物病院,サービス,その他サービス,5%
福島県,郡山市,セブン－イレブン郡山美術館東店,小売業,食料品,2%
福島県,郡山市,セブン－イレブン郡山日出山１丁目店,小売業,食料品,2%
福島県,郡山市,セブン－イレブン郡山日出山南台店,小売業,食料品,2%
福島県,郡山市,Ｄｒ．Ｄｒｉｖｅ郡山日吉ケ丘店,小売業,ガソリンスタンド,2%
福島県,郡山市,出光郡山日和田ＳＳ,小売業,ガソリンスタンド,2%
福島県,郡山市,セブン－イレブン郡山日和田三本松店,小売業,食料品,2%
福島県,郡山市,セブン－イレブン郡山日和田店,小売業,食料品,2%
福島県,郡山市,セブン－イレブン郡山富久山上野店,小売業,食料品,2%
福島県,郡山市,セブン－イレブン郡山富久山久保田店,小売業,食料品,2%
福島県,郡山市,セブン－イレブン郡山富久山店,小売業,食料品,2%
福島県,郡山市,セブン－イレブン郡山富久山福原店,小売業,食料品,2%
福島県,郡山市,セブン－イレブン郡山緑ヶ丘店,小売業,食料品,2%
福島県,郡山市,セブン－イレブン郡山緑町店,小売業,食料品,2%
福島県,郡山市,郡山南インタ－ＳＳ,小売業,ガソリンスタンド,2%
福島県,郡山市,セブン－イレブン郡山南インター店,小売業,食料品,2%
福島県,郡山市,セブン－イレブン郡山三穂田町野田店,小売業,食料品,2%
福島県,郡山市,セブン－イレブン郡山本町２丁目店,小売業,食料品,2%
福島県,郡山市,セブン－イレブン郡山守山店,小売業,食料品,2%
福島県,郡山市,セブン－イレブン郡山八木橋店,小売業,食料品,2%
福島県,郡山市,郡山ヤクルト販売 小野センター,小売業,食料品,5%
福島県,郡山市,郡山ヤクルト販売 新白河センター,小売業,食料品,5%
福島県,郡山市,郡山ヤクルト販売 郡山北センター,小売業,食料品,5%
福島県,郡山市,郡山ヤクルト販売 コスモスセンター,小売業,食料品,5%
福島県,郡山市,郡山ヤクルト販売 並木センター,小売業,食料品,5%
福島県,郡山市,郡山ヤクルト販売 菜根センター,小売業,食料品,5%
福島県,郡山市,郡山ヤクルト販売 須賀川センター,小売業,食料品,5%
福島県,郡山市,郡山ヤクルト販売 中央センター,小売業,食料品,5%
福島県,郡山市,郡山ヤクルト販売 石川センター,小売業,食料品,5%
福島県,郡山市,郡山ヤクルト販売 安積センター,小売業,食料品,5%
福島県,郡山市,郡山ヤクルト販売 須賀川西センター,小売業,食料品,5%
福島県,郡山市,郡山ヤクルト販売 常葉センター,小売業,食料品,5%
福島県,郡山市,郡山ヤクルト販売 船引センター,小売業,食料品,5%
福島県,郡山市,郡山ヤクルト販売 棚倉センター,小売業,食料品,5%
福島県,郡山市,郡山ヤクルト販売 塙センター,小売業,食料品,5%
福島県,郡山市,郡山ヤクルト販売 三春センター,小売業,食料品,5%
福島県,郡山市,郡山ヤクルト販売 矢吹センター,小売業,食料品,5%
福島県,郡山市,Ｄｒ．Ｄｒｉｖｅ郡山八山田東店,小売業,ガソリンスタンド,2%
福島県,郡山市,セブン－イレブン郡山横塚店,小売業,食料品,2%
福島県,郡山市,コクブン理容所,サービス,理容・美容業,5%
福島県,郡山市,湖南赤津ＳＳ,小売業,ガソリンスタンド,2%
福島県,郡山市,小麦っ子 小麦っ子,小売業,食料品,5%
福島県,郡山市,郡山南インターセルフ,小売業,ガソリンスタンド,2%
福島県,郡山市,コンフィデンス,小売業,衣料品,5%
福島県,郡山市,サカナバル マリスケリア,サービス,飲食業,5%
福島県,郡山市,さくら電化センター,小売業,電化製品,5%
福島県,郡山市,ＳＡＡＤ アティ郡山店,小売業,貴金属・服飾品,5%
福島県,郡山市,ＳＡＴＯ?ＣＹＣＬＥ ＳＡＴＯ?ＣＹＣＬＥ,小売業,その他小売,5%
福島県,郡山市,三経ビジネス ホワイト急便富田小東店,サービス,その他サービス,5%
福島県,郡山市,三洋薬品ＨＢＣ株式会社 福島営業所,小売業,その他小売,5%
福島県,郡山市,ジェームス郡山店,小売業,その他小売,2%
福島県,郡山市,塩田電化,小売業,電化製品,5%
福島県,郡山市,市場サービスＳＳ,小売業,ガソリンスタンド,2%
福島県,郡山市,島ＳＳ,小売業,ガソリンスタンド,2%
福島県,郡山市,島ＬＰ,小売業,ガソリンスタンド,2%
福島県,郡山市,酒肴蕎楽 こまち,サービス,飲食業,5%
福島県,郡山市,食菜工房 まる山,サービス,飲食業,5%
福島県,郡山市,書優会 郡山支店,小売業,その他小売,5%
福島県,郡山市,シンエネ郡山ＳＳ,小売業,ガソリンスタンド,2%
福島県,郡山市,シンドバット,小売業,貴金属・服飾品,5%
福島県,郡山市,新日本補聴器センター郡山店,小売業,その他小売,5%
福島県,郡山市,水門町ＳＳ,小売業,ガソリンスタンド,2%
福島県,郡山市,スプラウト,小売業,その他小売,5%
福島県,郡山市,炭火焼肉 かないや,サービス,飲食業,5%
福島県,郡山市,炭火焼肉かないや,サービス,飲食業,5%
福島県,郡山市,炭火焼肉レストラン フェ,サービス,飲食業,5%
福島県,郡山市,炭火焼肉レストラン フェ,サービス,飲食業,5%
福島県,郡山市,整体院 菫 ーｓｕｍｉｒｅー,サービス,その他サービス,5%
福島県,郡山市,整体院 ハルヨシ,サービス,その他サービス,5%
福島県,郡山市,西部レンタカー,サービス,その他サービス,5%
福島県,郡山市,ＺＥＬＥ郡山駅前,サービス,理容・美容業,5%
福島県,郡山市,ＺＥＬＥ郡山店,サービス,理容・美容業,5%
福島県,郡山市,Ｄｒ．Ｄｒｉｖｅセルフ郡山朝日店,小売業,ガソリンスタンド,2%
福島県,郡山市,Ｄｒ．Ｄｒｉｖｅセルフ郡山荒井店,小売業,ガソリンスタンド,2%
福島県,郡山市,Ｄｒ．Ｄｒｉｖｅセルフ郡山荒井ＳＳ,小売業,ガソリンスタンド,2%
福島県,郡山市,Ｄｒ．Ｄｒｉｖｅセルフ郡山喜久田店,小売業,ガソリンスタンド,2%
福島県,郡山市,Ｄｒ．Ｄｒｉｖｅセルフ郡山中谷地店,小売業,ガソリンスタンド,2%
福島県,郡山市,Ｄｒ．Ｄｒｉｖｅセルフ郡山日出山店,小売業,ガソリンスタンド,2%
福島県,郡山市,セルフ郡山日和田フェスタ店,小売業,ガソリンスタンド,2%
福島県,郡山市,Ｄｒ．Ｄｒｉｖｅセルフ郡山八山田店,小売業,ガソリンスタンド,2%
福島県,郡山市,セルフステーションうねめ通り,小売業,ガソリンスタンド,2%
福島県,郡山市,ＺＥＮＮ Ｈａｉｒ Ｌｉｆｅ,サービス,理容・美容業,5%
福島県,郡山市,ＳＯＮＯＲＡ ＢＵＲＧＥＲ,サービス,飲食業,5%
福島県,郡山市,大栄漢方薬局,小売業,その他小売,5%
福島県,郡山市,大丸萬年堂,小売業,その他小売,5%
福島県,郡山市,タイヤ倶楽部 郡山,小売業,その他小売,5%
福島県,郡山市,出光多田野ＳＳ,小売業,ガソリンスタンド,2%
福島県,郡山市,ＣｈｅｒＣｈｅｌアティ郡山店,サービス,その他サービス,5%
福島県,郡山市,中央家電,小売業,電化製品,5%
福島県,郡山市,中央工業団地ＳＳ,小売業,ガソリンスタンド,2%
福島県,郡山市,テニススペース・ナチュラル,小売業,その他小売,5%
福島県,郡山市,でんき倶楽部 あさひ,小売業,電化製品,5%
福島県,郡山市,でんき倶楽部おおほり,小売業,電化製品,5%
福島県,郡山市,でんき倶楽部ひらお,小売業,電化製品,5%
福島県,郡山市,天くう,サービス,飲食業,5%
福島県,郡山市,天然酵母ｔｏ国産小麦のぱん Ｈｏｍｅ Ｍａｄｅ Ｅｎｄｏｈ,小売業,その他小売,5%
福島県,郡山市,東北サンエス,小売業,電化製品,5%
福島県,郡山市,東北自動車道下り安積パーキングエリアＳＳ,小売業,ガソリンスタンド,2%
福島県,郡山市,東洋電設,小売業,電化製品,5%
福島県,郡山市,栃本 ＳＳ,小売業,ガソリンスタンド,2%
福島県,郡山市,富久,小売業,その他小売,5%
福島県,郡山市,トーメスヘアー 郡山店,サービス,理容・美容業,5%
福島県,郡山市,トヨタ部品福島共販本社営業所,その他業種,ー,5%
福島県,郡山市,トヨタレンタリース新福島郡山駅東口店,サービス,その他サービス,2%
福島県,郡山市,トヨタレンタリース新福島郡山店,サービス,その他サービス,2%
福島県,郡山市,トヨタレンタリース福島郡山駅新幹線口店,サービス,その他サービス,2%
福島県,郡山市,トヨタレンタリース福島西ノ内店,サービス,その他サービス,2%
福島県,郡山市,トヨタレンタリース新福島 郡山駅東口店,サービス,その他サービス,2%
福島県,郡山市,トヨタレンタリース新福島 郡山店,サービス,その他サービス,2%
福島県,郡山市,なか田,サービス,飲食業,5%
福島県,郡山市,中田電化センター,小売業,電化製品,5%
福島県,郡山市,ＮＡＴ－Ｕ－ＲＡＬ,小売業,衣料品,5%
福島県,郡山市,七海電化,小売業,電化製品,5%
福島県,郡山市,南海部品福島店,小売業,その他小売,2%
福島県,郡山市,西条タクシー株式会社 ２０２,サービス,その他サービス,5%
福島県,郡山市,西ノ宮電器,小売業,電化製品,5%
福島県,郡山市,ネッツトヨタ郡山郡山店,小売業,その他小売,5%
福島県,郡山市,ネッツトヨタ郡山堤店,小売業,その他小売,5%
福島県,郡山市,ネッツトヨタノヴェルふくしまオンリ－ユ－,小売業,その他小売,5%
福島県,郡山市,ネッツトヨタノヴェルふくしまこおりやま並,小売業,その他小売,5%
福島県,郡山市,ネッツトヨタノヴェルふくしまこおりやま川,小売業,その他小売,5%
福島県,郡山市,ネッツトヨタノヴェルふくしま本社,小売業,その他小売,5%
福島県,郡山市,Ｎｏｒｔｈ Ｒｉｍ,小売業,衣料品,5%
福島県,郡山市,野口電機商会,小売業,電化製品,5%
福島県,郡山市,ノブコレクションザ・ガーデン,サービス,理容・美容業,5%
福島県,郡山市,ＢａｒｂｅｒＡｒｔＮａｏ,サービス,理容・美容業,5%
福島県,郡山市,ハウズコレクションイオンタウン店,サービス,理容・美容業,5%
福島県,郡山市,芳賀サービスステーション,小売業,ガソリンスタンド,2%
福島県,郡山市,パナ電機社,小売業,電化製品,5%
福島県,郡山市,離れの宿よもぎ埜,サービス,宿泊業,5%
福島県,郡山市,日出山ＳＳ,小売業,ガソリンスタンド,2%
福島県,郡山市,ｈｉｎａｔａ,小売業,衣料品,5%
福島県,郡山市,美容室 ラトリエ,サービス,理容・美容業,5%
福島県,郡山市,日和田ＳＳ,小売業,ガソリンスタンド,2%
福島県,郡山市,日和田ＳＳ,小売業,ガソリンスタンド,2%
福島県,郡山市,日和田ＳＳ,小売業,ガソリンスタンド,2%
福島県,郡山市,日和田ＳＳセルフ,小売業,ガソリンスタンド,2%
福島県,郡山市,ファミリーイン郡山中央インター,サービス,宿泊業,5%
福島県,郡山市,ファミリーイン郡山富田店,サービス,宿泊業,5%
福島県,郡山市,ｆｉｚｚ ＢＥＹＯＮＤ,小売業,衣料品,5%
福島県,郡山市,ブイチェーン西田町店,小売業,食料品,5%
福島県,郡山市,ブイチェーン大槻店,小売業,食料品,5%
福島県,郡山市,ブイチェーン開成店,小売業,食料品,5%
福島県,郡山市,ブイチェーン喜久田東原店,小売業,食料品,5%
福島県,郡山市,ブイチェーン業務スーパー安積店,小売業,食料品,2%
福島県,郡山市,ブイチェーン業務スーパー大槻店,小売業,食料品,2%
福島県,郡山市,ブイチェーン業務スーパー郡山東店,小売業,食料品,2%
福島県,郡山市,ブイチェーン新守山店,小売業,食料品,5%
福島県,郡山市,ブイチェーン富田東店,小売業,食料品,5%
福島県,郡山市,ブイチェーン富久山店,小売業,食料品,5%
福島県,郡山市,ブイチェーン緑ヶ丘店,小売業,食料品,5%
福島県,郡山市,ブイチェーン八山田店,小売業,食料品,5%
福島県,郡山市,フェイバリット スパ,サービス,その他サービス,5%
福島県,郡山市,福島トヨタ自動車郡山並木店,小売業,その他小売,5%
福島県,郡山市,福島トヨタ自動車郡山富久山店,小売業,その他小売,5%
福島県,郡山市,福島トヨペットこおりやま喜久田店,小売業,その他小売,5%
福島県,郡山市,福島トヨペット郡山店,小売業,その他小売,5%
福島県,郡山市,福島トヨペットこおりやま鳴神店,小売業,その他小売,5%
福島県,郡山市,福島トヨペット本部,小売業,その他小売,5%
福島県,郡山市,福島トヨペット本部２,小売業,その他小売,5%
福島県,郡山市,福島トヨペットレクサス郡山,小売業,その他小売,5%
福島県,郡山市,福長電器,小売業,電化製品,5%
福島県,郡山市,富久山ＳＳ,小売業,ガソリンスタンド,2%
福島県,郡山市,フタバ装飾,小売業,その他小売,5%
福島県,郡山市,ブックマーケット うねめ通り店,小売業,書籍・玩具・音楽ＣＤ,5%
福島県,郡山市,ふとんタナカ 郡山店,小売業,その他小売,5%
福島県,郡山市,ｂｒａｎｃｈｅ,サービス,理容・美容業,5%
福島県,郡山市,Ｂｌａｎｃｂｌａｎｃ,サービス,理容・美容業,5%
福島県,郡山市,Ｂｌｅｋ,サービス,理容・美容業,5%
福島県,郡山市,ＦＵＬＬＳＰＥＣ,小売業,衣料品,5%
福島県,郡山市,ｆｒｏｕ－ｆｒｏｕイオンタイン郡山店,小売業,衣料品,5%
福島県,郡山市,Ｈａｉｒ Ｓｐｉｒｉｔ ａｎｘ,サービス,理容・美容業,5%
福島県,郡山市,Ｈａｉｒ Ｓａｌｏｎ ＲｏｕｇＨ,サービス,理容・美容業,5%
福島県,郡山市,ＨＡＩＲ’Ｓ ＯＳＡＫＡ,サービス,理容・美容業,5%
福島県,郡山市,ヘアースタジオ イーエス ヘアースタジオ イーエス,サービス,理容・美容業,5%
福島県,郡山市,ｈａｉｒｓｔｕｄｉｏ ＭｉＵ,サービス,理容・美容業,5%
福島県,郡山市,ペッツマム 安積店,小売業,その他小売,5%
福島県,郡山市,ペット霊園うねめの杜,サービス,その他サービス,5%
福島県,郡山市,ボーイズルーム 郡山店,小売業,衣料品,5%
福島県,郡山市,星電器商会,小売業,電化製品,5%
福島県,郡山市,ホテル華の湯,サービス,宿泊業,5%
福島県,郡山市,ホテルハマツ,サービス,宿泊業,5%
福島県,郡山市,ホテルロイヤル郡山,サービス,宿泊業,5%
福島県,郡山市,ホルモン のみやす,サービス,飲食業,5%
福島県,郡山市,本田電器商会,小売業,電化製品,5%
福島県,郡山市,出光本町第二ＳＳ,小売業,ガソリンスタンド,2%
福島県,郡山市,ｍａｃａｒｏｎ郡山店,サービス,理容・美容業,5%
福島県,郡山市,ｍａｃａｒｏｎ郡山富田店,サービス,理容・美容業,5%
福島県,郡山市,マクドナルド荒井ヨークベニマル店,サービス,飲食業,2%
福島県,郡山市,マクドナルドイオンタウン郡山店,サービス,飲食業,2%
福島県,郡山市,マクドナルド郡山安積店,サービス,飲食業,2%
福島県,郡山市,マクドナルド郡山駅西口店,サービス,飲食業,2%
福島県,郡山市,マクドナルド郡山駅東ショッピングセンター店,サービス,飲食業,2%
福島県,郡山市,マクドナルド郡山新さくら通り店,サービス,飲食業,2%
福島県,郡山市,マクドナルド郡山富田カインズホーム店,サービス,飲食業,2%
福島県,郡山市,マクドナルド郡山並木店,サービス,飲食業,2%
福島県,郡山市,Ｍａｒｉｅ ｇｒａｃｅ,サービス,その他サービス,5%
福島県,郡山市,マルサ電器商会,小売業,電化製品,5%
福島県,郡山市,万葉の宿 八景園,サービス,宿泊業,5%
福島県,郡山市,ミ・モンテ・ベルデ,サービス,理容・美容業,5%
福島県,郡山市,みずき調剤薬局日和田店,小売業,その他小売,5%
福島県,郡山市,ＭＹＣＥＬＬＹ【ミセリー】,サービス,その他サービス,5%
福島県,郡山市,南タウン安積ＳＳ,小売業,ガソリンスタンド,2%
福島県,郡山市,三穂田ＳＳ,小売業,ガソリンスタンド,2%
福島県,郡山市,民芸くらふと和久屋,小売業,その他小売,5%
福島県,郡山市,ＭＯＯＮ,サービス,理容・美容業,5%
福島県,郡山市,Ｍａｙ ｈａｎａ,小売業,衣料品,5%
福島県,郡山市,メガネ＆コンタクトＲＯＰＥ,小売業,その他小売,5%
福島県,郡山市,メタルクラフト,サービス,その他サービス,5%
福島県,郡山市,もうもう亭,サービス,飲食業,5%
福島県,郡山市,ｍｏｊａ＊桑野本店,小売業,衣料品,5%
福島県,郡山市,ｍｏｎ ａｎｇｅ,小売業,総合（非専門）,5%
福島県,郡山市,八山田ＳＳ 株式会社ワタヤス,小売業,ガソリンスタンド,2%
福島県,郡山市,八山田柏屋,小売業,食料品,5%
福島県,郡山市,有限会社 大樹 ステーキハウス小石澤,サービス,飲食業,5%
福島県,郡山市,有限会社旅館守田屋,サービス,宿泊業,5%
福島県,郡山市,有限会社クレモン,小売業,その他小売,5%
福島県,郡山市,有 タイムアフタータイム ＥＬＥＣＴ,小売業,衣料品,5%
福島県,郡山市,有）ヘアスペース・オブジェ,サービス,理容・美容業,5%
福島県,郡山市,ユタカ薬品,小売業,その他小売,5%
福島県,郡山市,ＡＥ有限会社吉田興産,小売業,その他小売,5%
福島県,郡山市,吉田畳店,その他業種,ー,5%
福島県,郡山市,淀屋商店,小売業,電化製品,5%
福島県,郡山市,四方山,サービス,飲食業,5%
福島県,郡山市,ラクーネ整体院,サービス,その他サービス,5%
福島県,郡山市,らしんばん 郡山店,小売業,その他小売,5%
福島県,郡山市,ＲｏｕｇＨ,サービス,理容・美容業,5%
福島県,郡山市,リーガルシューズ郡山クローネ店,小売業,衣料品,2%
福島県,郡山市,利久郡山食肉センター,サービス,飲食業,5%
福島県,郡山市,利久郡山店,サービス,飲食業,5%
福島県,郡山市,リサイクル着物さとうや,小売業,その他小売,5%
福島県,郡山市,Ｌｉｔｔｌｅ,サービス,理容・美容業,5%
福島県,郡山市,Ｌｉｔｔｌｅ ｈａｉｒ,サービス,理容・美容業,5%
福島県,郡山市,ＬｉｂｅｒｔｙＭｕｓｅ郡山八山田店,サービス,理容・美容業,5%
福島県,郡山市,理容くいっく,サービス,理容・美容業,5%
福島県,郡山市,理容なべさん,サービス,理容・美容業,5%
福島県,郡山市,理容 丸の内,サービス,理容・美容業,5%
福島県,郡山市,リラクゼーション ナナホシ,サービス,その他サービス,5%
福島県,郡山市,リラックス整体院 ヨークタウン大槻店,サービス,その他サービス,5%
福島県,郡山市,リラックス整体院 ヨークタウン郡山金屋店,サービス,その他サービス,5%
福島県,郡山市,リラックス整体院 ヨークベニマル安積町店,サービス,その他サービス,5%
福島県,郡山市,Ｌｉ＇Ｌｉ＇ｉＬａｕｒｅ＇ａ,サービス,理容・美容業,5%
福島県,郡山市,Ｌｅｌｉａｎ郡山整体院,サービス,その他サービス,5%
福島県,郡山市,ルルペパン,サービス,飲食業,5%
福島県,郡山市,路地ダイニング わさび,サービス,飲食業,5%
福島県,郡山市,炉端 ばんざい,サービス,飲食業,5%
福島県,郡山市,わんわんランドひわだ,サービス,その他サービス,5%
福島県,小野町,イシハラ 小野店,小売業,その他小売,5%
福島県,小野町,浮金電化サービス,小売業,電化製品,5%
福島県,小野町,小野町ＳＳ,小売業,ガソリンスタンド,2%
福島県,小野町,シェフリー松月堂 シェフリー松月堂,小売業,食料品,5%
福島県,小野町,夏井ＳＳ,小売業,ガソリンスタンド,2%
福島県,小野町,有限会社橋本商店 ガレージ レノマ,サービス,その他サービス,5%
福島県,西郷村,魚活撰豚二代目とんかつ星将,サービス,飲食業,5%
福島県,西郷村,折口原ＳＳ,小売業,ガソリンスタンド,2%
福島県,西郷村,クリーニングショップ バルーン,サービス,その他サービス,5%
福島県,西郷村,サトー家電,小売業,電化製品,5%
福島県,西郷村,出光白河インターＳＳ,小売業,ガソリンスタンド,2%
福島県,西郷村,セブン－イレブン白河インター店,小売業,食料品,2%
福島県,西郷村,白河菓匠大黒屋,小売業,食料品,5%
福島県,西郷村,セブン－イレブン白河西郷西原店,小売業,食料品,2%
福島県,西郷村,セブン－イレブン新白河駅西口店,小売業,食料品,2%
福島県,西郷村,新白河駅前ＳＳ 有限会社吉田石油,小売業,ガソリンスタンド,2%
福島県,西郷村,トヨタレンタリース新福島 新白河駅新幹線,サービス,その他サービス,2%
福島県,西郷村,ネッツトヨタ郡山白河店,小売業,その他小売,5%
福島県,西郷村,セブン－イレブン福島白河高原店,小売業,食料品,2%
福島県,西郷村,プレミアイン白河,サービス,宿泊業,5%
福島県,西郷村,マクドナルドイオン白河西郷店,サービス,飲食業,2%
福島県,西郷村,ｍｕｒｉｒ,サービス,飲食業,5%
福島県,西郷村,焼肉ホルモン焼あかぶた,サービス,飲食業,5%
福島県,西郷村,ルート４白河,小売業,ガソリンスタンド,2%
福島県,西郷村,レストランｔ＆ｔ,サービス,飲食業,5%
福島県,鮫川村,鮫川ＳＳ,小売業,ガソリンスタンド,2%
福島県,下郷町,下郷ＳＳ,小売業,ガソリンスタンド,2%
福島県,下郷町,セブン－イレブン下郷湯野上店,小売業,食料品,2%
福島県,下郷町,藤龍館,サービス,宿泊業,5%
福島県,下郷町,楢原ＳＳ 株式会社渡部工務所,小売業,ガソリンスタンド,2%
福島県,下郷町,ブイチェーン下郷店,小売業,食料品,5%
福島県,下郷町,下郷ＳＳ,小売業,ガソリンスタンド,2%
福島県,下郷町,湯野上ＳＳ,小売業,ガソリンスタンド,2%
福島県,白河市,Ａｇｕ ｈａｉｒ Ａｇｕ ｈａｉｒ ｋａｉｌａ白河,サービス,理容・美容業,5%
福島県,白河市,アビラ,サービス,飲食業,5%
福島県,白河市,伊藤鈑金塗装工業,その他業種,ー,5%
福島県,白河市,Ｍ．Ｄ．とみやま,小売業,食料品,5%
福島県,白河市,表郷ＳＳ,小売業,ガソリンスタンド,2%
福島県,白河市,出光表郷ＳＳ,小売業,ガソリンスタンド,2%
福島県,白河市,春日生花店,小売業,その他小売,5%
福島県,白河市,活魚廻転寿司 八千代 活魚廻転寿司 八千代,サービス,飲食業,5%
福島県,白河市,金沢屋白河店,その他業種,ー,5%
福島県,白河市,Ｃａｆｅ ｂａｒ Ｒｉｃｈｅｓｓｅ,サービス,飲食業,5%
福島県,白河市,株式会社アーバン,小売業,衣料品,5%
福島県,白河市,株式会社ｈａｎａｒｅ ｈａｎａｒｅ,サービス,理容・美容業,5%
福島県,白河市,株式会社ベルトリー アルベルワイン,小売業,食料品,5%
福島県,白河市,釜の子ＳＳ,小売業,ガソリンスタンド,2%
福島県,白河市,刈敷坂ＳＳ,小売業,ガソリンスタンド,2%
福島県,白河市,カレーハウスＣｏＣｏ壱番屋ベイシア新白河店,サービス,飲食業,2%
福島県,白河市,久田野ＳＳ,小売業,ガソリンスタンド,2%
福島県,白河市,グレース・共和,小売業,その他小売,5%
福島県,白河市,ＣｏＣｏ ｓｈｉｎｗａ,小売業,その他小売,5%
福島県,白河市,コミュニティ・カフェＥＭＡＮＯＮ,サービス,飲食業,5%
福島県,白河市,ＪＡＣＫ＆ＢＥＴＴＹ,サービス,飲食業,5%
福島県,白河市,昭和町ＳＳ,小売業,ガソリンスタンド,2%
福島県,白河市,出光白河ＳＳ,小売業,ガソリンスタンド,2%
福島県,白河市,白河菓匠大黒屋本店,小売業,食料品,5%
福島県,白河市,白河柏屋,小売業,食料品,5%
福島県,白河市,セブン－イレブン白河借宿店,小売業,食料品,2%
福島県,白河市,セブン－イレブン白河久田野店,小売業,食料品,2%
福島県,白河市,セブン－イレブン白河小田川店,小売業,食料品,2%
福島県,白河市,セブン－イレブン白河実業高校前店,小売業,食料品,2%
福島県,白河市,白河商事株式会社,小売業,その他小売,5%
福島県,白河市,セブン－イレブン白河白坂店,小売業,食料品,2%
福島県,白河市,セブン－イレブン白河関辺店,小売業,食料品,2%
福島県,白河市,白河そば工場,小売業,食料品,5%
福島県,白河市,セブン－イレブン白河中央インター店,小売業,食料品,2%
福島県,白河市,セブン－イレブン白河天神町店,小売業,食料品,2%
福島県,白河市,セブン－イレブン白河中山店,小売業,食料品,2%
福島県,白河市,出光白河の関ＳＳ,小売業,ガソリンスタンド,2%
福島県,白河市,セブン－イレブン白河バイパス店,小売業,食料品,2%
福島県,白河市,セブン－イレブン白河東釜子店,小売業,食料品,2%
福島県,白河市,白河東セルフＳＳ,小売業,ガソリンスタンド,2%
福島県,白河市,セブン－イレブン白河米村道北店,小売業,食料品,2%
福島県,白河市,新白河ＳＳ,小売業,ガソリンスタンド,2%
福島県,白河市,セブン－イレブン新白河駅前店,小売業,食料品,2%
福島県,白河市,セブン－イレブン新白河４丁目店,小売業,食料品,2%
福島県,白河市,鈴木糀店 鈴木糀店,小売業,食料品,5%
福島県,白河市,セルフ関辺ＳＳ 金澤商店,小売業,ガソリンスタンド,2%
福島県,白河市,総合葬祭あおき,サービス,その他サービス,5%
福島県,白河市,セブン－イレブン大信増見店,小売業,食料品,2%
福島県,白河市,ｃｈｉｋｕｃｈｉｋｕｒｉｎ,小売業,総合（非専門）,5%
福島県,白河市,トヨタ部品福島共販白河営業所,その他業種,ー,5%
福島県,白河市,ネッツトヨタノヴェルふくしま白河店,小売業,その他小売,5%
福島県,白河市,根本鈑金工業,サービス,その他サービス,5%
福島県,白河市,美容室ｂｉｅｎ,サービス,理容・美容業,5%
福島県,白河市,ひろじぃ くりすたるあーと工房,小売業,総合（非専門）,5%
福島県,白河市,セブン－イレブン福島表郷店,小売業,食料品,2%
福島県,白河市,福島トヨタ自動車白河店,小売業,その他小売,5%
福島県,白河市,福島トヨペット白河店,小売業,その他小売,5%
福島県,白河市,ブティックまつい,小売業,衣料品,5%
福島県,白河市,Ｈａｉｒ ｒｅｓｏｒｔ Ｒｅｅｆ,サービス,理容・美容業,5%
福島県,白河市,マクドナルド２８９新白河店,サービス,飲食業,2%
福島県,白河市,魔法のランプ,小売業,食料品,5%
福島県,白河市,マルミ商会,小売業,その他小売,5%
福島県,白河市,メガネの眞和,小売業,その他小売,5%
福島県,白河市,森無線電機,小売業,電化製品,5%
福島県,白河市,焼肉天心,サービス,飲食業,5%
福島県,白河市,焼肉天心,サービス,飲食業,5%
福島県,白河市,焼肉バル ＭＵＮＡＫＡＴＡ,サービス,飲食業,5%
福島県,白河市,山木屋菓子店 御菓子司山木屋,小売業,食料品,5%
福島県,白河市,セブン－イレブン結城店,小売業,食料品,2%
福島県,白河市,有限会社シノザキ印房,小売業,その他小売,5%
福島県,白河市,有限会社肉の秋元本店,小売業,食料品,5%
福島県,白河市,有限会社もりもと鈑金 塗装 有限会社 もりもと鈑金 塗装,サービス,その他サービス,5%
福島県,白河市,有限会社山口こうじ店,小売業,食料品,5%
福島県,新地町,駒ケ嶺ＳＳ 光栄商会,小売業,ガソリンスタンド,2%
福島県,新地町,新地ＳＳ,小売業,ガソリンスタンド,2%
福島県,新地町,フレスコキクチ 新地店,小売業,食料品,5%
福島県,新地町,ワタナベ整体,サービス,その他サービス,5%
福島県,須賀川市,あい菜,サービス,飲食業,5%
福島県,須賀川市,あがつま菓子店,小売業,食料品,5%
福島県,須賀川市,Ａｇｕ ｈａｉｒ Ａｇｕ ｈａｉｒ ｎｉｕ須賀川,サービス,理容・美容業,5%
福島県,須賀川市,Ａｇｕ ｈａｉｒ Ａｇｕ ｈａｉｒ ａｃｃｕｅｉｌ須賀川,サービス,理容・美容業,5%
福島県,須賀川市,石井電器病院,小売業,電化製品,5%
福島県,須賀川市,いちい 須賀川東店,小売業,食料品,5%
福島県,須賀川市,１１８号バイパスセルフＳＳ,小売業,ガソリンスタンド,2%
福島県,須賀川市,いちかわでんき,小売業,電化製品,5%
福島県,須賀川市,Ｉｓｓｙｏｕ Ａｓｉｌ,サービス,飲食業,5%
福島県,須賀川市,セブン－イレブン岩瀬柱田店,小売業,食料品,2%
福島県,須賀川市,オーディン須賀川店,小売業,その他小売,5%
福島県,須賀川市,オリックスレンタカー須賀川店,サービス,その他サービス,2%
福島県,須賀川市,音館,小売業,その他小売,5%
福島県,須賀川市,株式会社 トラベックス 本社営業所,サービス,その他サービス,5%
福島県,須賀川市,株式会社油屋岩次郎商店,小売業,その他小売,5%
福島県,須賀川市,川東ＳＳ,小売業,ガソリンスタンド,2%
福島県,須賀川市,かんのや 須賀川インター,小売業,食料品,5%
福島県,須賀川市,ＫＯＭＡ ｒａｃｉｎｇ,小売業,その他小売,5%
福島県,須賀川市,桜ヶ岡ＳＳ,小売業,ガソリンスタンド,2%
福島県,須賀川市,須賀川ＳＳ,小売業,ガソリンスタンド,2%
福島県,須賀川市,セブン－イレブン須賀川芦田塚店,小売業,食料品,2%
福島県,須賀川市,セブン－イレブン須賀川稲荷町店,小売業,食料品,2%
福島県,須賀川市,須賀川インターＳＳ,小売業,ガソリンスタンド,2%
福島県,須賀川市,セブン－イレブン須賀川インター店,小売業,食料品,2%
福島県,須賀川市,セブン－イレブン須賀川衿先店,小売業,食料品,2%
福島県,須賀川市,セブン－イレブン須賀川小塩江店,小売業,食料品,2%
福島県,須賀川市,セブン－イレブン須賀川影沼町店,小売業,食料品,2%
福島県,須賀川市,セブン－イレブン須賀川警察署前店,小売業,食料品,2%
福島県,須賀川市,セブン－イレブン須賀川下宿店,小売業,食料品,2%
福島県,須賀川市,須賀川仲の町ＳＳ ゼネラルオート株式会社,小売業,ガソリンスタンド,2%
福島県,須賀川市,須賀川西ＳＳ,小売業,ガソリンスタンド,2%
福島県,須賀川市,セブン－イレブン須賀川丸田町店,小売業,食料品,2%
福島県,須賀川市,セブン－イレブン須賀川南上町店,小売業,食料品,2%
福島県,須賀川市,須賀川森宿ＳＳ ゼネラルオート株式会社,小売業,ガソリンスタンド,2%
福島県,須賀川市,セブン－イレブン須賀川森宿安積田店,小売業,食料品,2%
福島県,須賀川市,セブン－イレブン須賀川森宿辰根沢店,小売業,食料品,2%
福島県,須賀川市,セブン－イレブン須賀川吉美根店,小売業,食料品,2%
福島県,須賀川市,セブン－イレブン須賀川和田道店,小売業,食料品,2%
福島県,須賀川市,寿司料理 観 すし観,サービス,飲食業,5%
福島県,須賀川市,Ｓｐａｌｉｂｕｒ,サービス,理容・美容業,5%
福島県,須賀川市,ドトール須賀川東店,サービス,飲食業,2%
福島県,須賀川市,トヨタレンタリース新福島須賀川店,サービス,その他サービス,2%
福島県,須賀川市,トヨタレンタリース新福島 須賀川店,サービス,その他サービス,2%
福島県,須賀川市,内藤酒店,小売業,その他小売,5%
福島県,須賀川市,七ッ石ＳＳ,小売業,ガソリンスタンド,2%
福島県,須賀川市,ヌーベルコーポレーション,小売業,その他小売,5%
福島県,須賀川市,ネッツトヨタ郡山須賀川店,小売業,その他小売,5%
福島県,須賀川市,ネッツトヨタノヴェルふくしま須賀川店,小売業,その他小売,5%
福島県,須賀川市,ＢＡＮＡＮＡ?ＦＩＳＨ,サービス,理容・美容業,5%
福島県,須賀川市,羽生電化サービス,小売業,電化製品,5%
福島県,須賀川市,美容室サンドリヨン,サービス,理容・美容業,5%
福島県,須賀川市,美容室サンドリヨン,サービス,理容・美容業,5%
福島県,須賀川市,ブイチェーン向陽町店,小売業,食料品,5%
福島県,須賀川市,ブイチェーン新長沼店,小売業,食料品,5%
福島県,須賀川市,ｆａｉｔｈ,サービス,理容・美容業,5%
福島県,須賀川市,福島トヨタ自動車須賀川店,小売業,その他小売,5%
福島県,須賀川市,セブン－イレブン福島長沼木之崎店,小売業,食料品,2%
福島県,須賀川市,プレステージ,小売業,その他小売,5%
福島県,須賀川市,毎日民報販売センター,小売業,その他小売,5%
福島県,須賀川市,マクドナルドイオンタウン須賀川店,サービス,飲食業,2%
福島県,須賀川市,マクドナルド４号線須賀川店,サービス,飲食業,2%
福島県,須賀川市,増子商店,小売業,食料品,5%
福島県,須賀川市,南電化サービス,小売業,電化製品,5%
福島県,須賀川市,有限会社 久保木畳店,その他業種,ー,5%
福島県,須賀川市,有限会社タイヤショップスズコー,小売業,その他小売,5%
福島県,須賀川市,有限会社レッツななうみ,小売業,電化製品,5%
福島県,相馬市,アイフォンドック２４相馬店,サービス,その他サービス,5%
福島県,相馬市,出光相馬ＳＳ,小売業,ガソリンスタンド,2%
福島県,相馬市,オーディン相馬店,小売業,その他小売,5%
福島県,相馬市,大橋屋 小泉店,小売業,総合（非専門）,5%
福島県,相馬市,おしゃれの丸井,小売業,衣料品,5%
福島県,相馬市,サンプラザセレクト,小売業,衣料品,5%
福島県,相馬市,セブン－イレブン相馬大曲店,小売業,食料品,2%
福島県,相馬市,セブン－イレブン相馬沖ノ内店,小売業,食料品,2%
福島県,相馬市,相馬尾浜ＳＳ,小売業,ガソリンスタンド,2%
福島県,相馬市,相馬川沼ＳＳ,小売業,ガソリンスタンド,2%
福島県,相馬市,セブン－イレブン相馬光陽３丁目店,小売業,食料品,2%
福島県,相馬市,相馬中村ＳＳ,小売業,ガソリンスタンド,2%
福島県,相馬市,相馬日立木ＳＳ,小売業,ガソリンスタンド,2%
福島県,相馬市,セブン－イレブン相馬山上店,小売業,食料品,2%
福島県,相馬市,高池ＳＳ,小売業,ガソリンスタンド,2%
福島県,相馬市,合資会社丁字屋時計店,その他業種,ー,5%
福島県,相馬市,でんき倶楽部たけだ,小売業,電化製品,5%
福島県,相馬市,トビヌケ原町店,小売業,その他小売,5%
福島県,相馬市,中島ストア,小売業,総合（非専門）,5%
福島県,相馬市,はんざわでんき,小売業,電化製品,5%
福島県,相馬市,ピンキーハウス,小売業,その他小売,5%
福島県,相馬市,福島トヨペット相馬店,小売業,その他小売,5%
福島県,相馬市,ブックオフ６号相馬店,小売業,その他小売,2%
福島県,相馬市,フレスコキクチ 相馬店,小売業,食料品,5%
福島県,相馬市,マクドナルド６号線相馬塚ノ町店,サービス,飲食業,2%
福島県,相馬市,ランドマーク相馬,小売業,ガソリンスタンド,2%
福島県,相馬市,ワタナベでんき,小売業,電化製品,5%
福島県,只見町,会津只見ＳＳ,小売業,ガソリンスタンド,2%
福島県,只見町,朝日建設株式会社 本店,小売業,その他小売,5%
福島県,只見町,黒谷ＳＳ,小売業,ガソリンスタンド,2%
福島県,只見町,只見ＳＳ,小売業,ガソリンスタンド,2%
福島県,只見町,ブイチェーン只見店,小売業,食料品,5%
福島県,只見町,ますや,サービス,宿泊業,5%
福島県,只見町,三石屋,小売業,食料品,5%
福島県,伊達市,アイシー,小売業,衣料品,5%
福島県,伊達市,味処栄寿し,サービス,飲食業,5%
福島県,伊達市,今村時計店,小売業,その他小売,5%
福島県,伊達市,オーディン伊達店,小売業,その他小売,5%
福島県,伊達市,オノヤスポーツ 伊達店,小売業,その他小売,5%
福島県,伊達市,カイロオフィスほばら,サービス,理容・美容業,5%
福島県,伊達市,掛田ＳＳ,小売業,ガソリンスタンド,2%
福島県,伊達市,菓子舗 いづみや 本店,小売業,その他小売,5%
福島県,伊達市,加藤電気商会,小売業,電化製品,5%
福島県,伊達市,橘内畳店,サービス,その他サービス,5%
福島県,伊達市,ケンポクデンカ,小売業,電化製品,5%
福島県,伊達市,三和石油ガス株式会社,小売業,その他小売,5%
福島県,伊達市,せいの理容 せいの理容,サービス,理容・美容業,5%
福島県,伊達市,出光セルフノースポイント福島ＳＳ,小売業,ガソリンスタンド,2%
福島県,伊達市,セルフ保原泉ＳＳ,小売業,ガソリンスタンド,2%
福島県,伊達市,太陽電化サービス,小売業,電化製品,5%
福島県,伊達市,ナビステーションたちばな新田ＣＳ,小売業,ガソリンスタンド,2%
福島県,伊達市,布川ＳＳ,小売業,ガソリンスタンド,2%
福島県,伊達市,根本酒店,小売業,食料品,5%
福島県,伊達市,花茂里,小売業,その他小売,5%
福島県,伊達市,パワーステーションたちばな伊達ＳＳ,小売業,ガソリンスタンド,2%
福島県,伊達市,ヒグチ電器,小売業,電化製品,5%
福島県,伊達市,ファミリーファッションたじまや,小売業,衣料品,5%
福島県,伊達市,ファンズだて店,小売業,食料品,5%
福島県,伊達市,ファンズ保原店,小売業,食料品,5%
福島県,伊達市,ファンズ霊山店,小売業,食料品,5%
福島県,伊達市,セブン－イレブン福島伊達町店,小売業,食料品,2%
福島県,伊達市,福島保原ＳＳ,小売業,ガソリンスタンド,2%
福島県,伊達市,セブン－イレブン福島梁川右城町店,小売業,食料品,2%
福島県,伊達市,北部日本自動車学校,サービス,その他サービス,5%
福島県,伊達市,保原ＳＳ,小売業,ガソリンスタンド,2%
福島県,伊達市,セブン－イレブン保原１丁目店,小売業,食料品,2%
福島県,伊達市,保原北ＳＳ,小売業,ガソリンスタンド,2%
福島県,伊達市,セブン－イレブン保原北店,小売業,食料品,2%
福島県,伊達市,セブン－イレブン保原城ノ内店,小売業,食料品,2%
福島県,伊達市,保原ナショナルセンター,小売業,電化製品,5%
福島県,伊達市,保原南ＳＳ,小売業,ガソリンスタンド,2%
福島県,伊達市,ほばらメガネ,小売業,その他小売,5%
福島県,伊達市,マクドナルド伊達ヨークベニマル店,サービス,飲食業,2%
福島県,伊達市,松葉園,小売業,食料品,5%
福島県,伊達市,ＭＡＴＳＵＢＡＥＮ,サービス,飲食業,5%
福島県,伊達市,ヤシロ写真店,小売業,その他小売,5%
福島県,伊達市,梁川ＳＳ,小売業,ガソリンスタンド,2%
福島県,伊達市,梁川青葉通りＳＳ,小売業,ガソリンスタンド,2%
福島県,伊達市,梁川 オンリーワンカットクラブ,サービス,理容・美容業,5%
福島県,伊達市,有限会社大芝,小売業,電化製品,5%
福島県,伊達市,有限会社テラシマスタンプ,小売業,その他小売,5%
福島県,伊達市,有限会社八島食品,小売業,総合（非専門）,5%
福島県,伊達市,養老乃瀧 保原店,サービス,飲食業,2%
福島県,伊達市,リビングショップ小島,小売業,総合（非専門）,5%
福島県,伊達市,霊商ふれあいホール やすまんしょ,サービス,その他サービス,5%
福島県,伊達市,霊山中央ＳＳ,小売業,ガソリンスタンド,2%
福島県,棚倉町,コスモ棚倉ＳＳ,小売業,ガソリンスタンド,2%
福島県,棚倉町,セルフステーション関口,小売業,ガソリンスタンド,2%
福島県,棚倉町,セブン－イレブン棚倉下志宝店,小売業,食料品,2%
福島県,棚倉町,セブン－イレブン棚倉富岡店,小売業,食料品,2%
福島県,棚倉町,棚倉バイパスセルフＳＳ,小売業,ガソリンスタンド,2%
福島県,棚倉町,セブン－イレブン棚倉バイパス店,小売業,食料品,2%
福島県,棚倉町,セブンーイレブン棚倉町八槻店,小売業,食料品,2%
福島県,棚倉町,棚倉南ＳＳ,小売業,ガソリンスタンド,2%
福島県,棚倉町,セブンーイレブン福島棚倉流店,小売業,食料品,2%
福島県,棚倉町,福島トヨペット棚倉店,小売業,その他小売,5%
福島県,棚倉町,松本電化設備,小売業,電化製品,5%
福島県,玉川村,釘屋商店,小売業,食料品,5%
福島県,玉川村,小原精肉店,小売業,食料品,5%
福島県,玉川村,水晶館 玉川斎場,サービス,その他サービス,5%
福島県,玉川村,玉川ＳＳ,小売業,ガソリンスタンド,2%
福島県,玉川村,花のさがら 玉川店,小売業,その他小売,5%
福島県,玉川村,セブン－イレブン福島玉川竜崎店,小売業,食料品,2%
福島県,玉川村,セブン－イレブン福島玉川店,小売業,食料品,2%
福島県,玉川村,セブン－イレブン福島玉川南須釜店,小売業,食料品,2%
福島県,田村市,石井プロパン商会,小売業,その他小売,5%
福島県,田村市,イワフネ電器,小売業,電化製品,5%
福島県,田村市,大越ＳＳ,小売業,ガソリンスタンド,2%
福島県,田村市,セブン－イレブン大越町店,小売業,食料品,2%
福島県,田村市,お肴どころ みよた,サービス,飲食業,5%
福島県,田村市,かんのや 三春インター店,小売業,食料品,5%
福島県,田村市,神俣ＳＳ,小売業,ガソリンスタンド,2%
福島県,田村市,コスモ大越ＳＳ,小売業,ガソリンスタンド,2%
福島県,田村市,酒井新聞店,その他業種,ー,5%
福島県,田村市,サンプラザふねひきパーク店,小売業,衣料品,5%
福島県,田村市,しんみせ,小売業,その他小売,5%
福島県,田村市,菅谷ＳＳ,小売業,ガソリンスタンド,2%
福島県,田村市,セルフ瀬川ＳＳ,小売業,ガソリンスタンド,2%
福島県,田村市,セブン－イレブン滝根神俣店,小売業,食料品,2%
福島県,田村市,滝根ＳＳ有限会社中島石油,小売業,ガソリンスタンド,2%
福島県,田村市,セブン－イレブン田村常葉町店,小売業,食料品,2%
福島県,田村市,ドトール船引店,サービス,飲食業,2%
福島県,田村市,呑みめしや いっぷく,サービス,飲食業,5%
福島県,田村市,呑みめしやいっぷく,サービス,飲食業,5%
福島県,田村市,パスタ屋 ラ・ルーチェ パスタ屋ラルーチェ,サービス,飲食業,5%
福島県,田村市,磐越自動車道下り阿武隈高原サービスエリアＳＳ,小売業,ガソリンスタンド,2%
福島県,田村市,セブン－イレブン福島船引田村富士店,小売業,食料品,2%
福島県,田村市,船引バイパスセルフＳＳ,小売業,ガソリンスタンド,2%
福島県,田村市,船引インタ－ＳＳ,小売業,ガソリンスタンド,2%
福島県,田村市,セブン－イレブン船引門鹿店,小売業,食料品,2%
福島県,田村市,セブン－イレブン船引砂子田店,小売業,食料品,2%
福島県,田村市,船引中島ＳＳ,小売業,ガソリンスタンド,2%
福島県,田村市,船引西ＳＳ,小売業,ガソリンスタンド,2%
福島県,田村市,船引ラジオ商会,小売業,電化製品,5%
福島県,田村市,古道ＳＳ,小売業,ガソリンスタンド,2%
福島県,田村市,Ｈａｉｒ ｓａｌｏｎ ｊａｒｄｉｎ,サービス,理容・美容業,5%
福島県,田村市,ヘアーワーク,サービス,理容・美容業,5%
福島県,田村市,本社,小売業,ガソリンスタンド,2%
福島県,田村市,南移ＳＳ,小売業,ガソリンスタンド,2%
福島県,田村市,都路 ＳＳ,小売業,ガソリンスタンド,2%
福島県,田村市,メガステージ田村セルフＳＳ,小売業,ガソリンスタンド,2%
福島県,天栄村,ひのき風呂の宿 分家,サービス,宿泊業,5%
福島県,天栄村,広戸ＳＳ,小売業,ガソリンスタンド,2%
福島県,天栄村,セブン－イレブン福島天栄店,小売業,食料品,2%
福島県,天栄村,ブリティッシュヒルズ,サービス,宿泊業,5%
福島県,富岡町,富岡 ＳＳ,小売業,ガソリンスタンド,2%
福島県,富岡町,セブン－イレブン福島富岡上郡山店,小売業,食料品,2%
福島県,富岡町,夜の森ＳＳ,小売業,ガソリンスタンド,2%
福島県,富岡町,わんわん・れんたかー,サービス,その他サービス,5%
福島県,中島村,ＳＵＢＳＴＡＮＣＥ,サービス,飲食業,5%
福島県,中島村,ＳＵＢＳＴＡＮＣＥ,小売業,衣料品,5%
福島県,中島村,中島ＳＳ,小売業,ガソリンスタンド,2%
福島県,浪江町,セルフ双葉中央ＳＳ,小売業,ガソリンスタンド,2%
福島県,浪江町,浪江ＳＳ,小売業,ガソリンスタンド,2%
福島県,楢葉町,セブン－イレブン楢葉下小塙店,小売業,食料品,2%
福島県,楢葉町,ブイチェーンネモト店,小売業,食料品,5%
福島県,西会津町,西会津ＳＳ,小売業,ガソリンスタンド,2%
福島県,二本松市,Ａｇｕ ｈａｉｒ Ａｇｕ ｈａｉｒ ｅｐｉｃ二本松,サービス,理容・美容業,5%
福島県,二本松市,阿部商店 阿部商店,小売業,食料品,5%
福島県,二本松市,石畑自動車,サービス,その他サービス,5%
福島県,二本松市,衣料のくにおか,小売業,衣料品,5%
福島県,二本松市,ＭＥＣ,小売業,ガソリンスタンド,2%
福島県,二本松市,出光カーステーション鈴憲あだちＳＳ,小売業,ガソリンスタンド,2%
福島県,二本松市,かとう精肉店,小売業,食料品,5%
福島県,二本松市,株式会社富樫縫製,小売業,衣料品,5%
福島県,二本松市,鎌倉屋 二本松店,小売業,食料品,2%
福島県,二本松市,狩野畳店,サービス,その他サービス,5%
福島県,二本松市,櫟平ホテル,サービス,宿泊業,5%
福島県,二本松市,化粧品ていこのみせ,小売業,その他小売,5%
福島県,二本松市,ＡＥ小林ガス株式会社,小売業,その他小売,5%
福島県,二本松市,サファリパークＳＳ,小売業,ガソリンスタンド,2%
福島県,二本松市,サンプラザ二本松店,小売業,衣料品,5%
福島県,二本松市,新生電機商会,小売業,電化製品,5%
福島県,二本松市,杉沢ＳＳ 有限会社菅野肥料店,小売業,ガソリンスタンド,2%
福島県,二本松市,スゲノ時計めがね店,小売業,その他小売,5%
福島県,二本松市,セルフ二本松高田ＳＳ,小売業,ガソリンスタンド,2%
福島県,二本松市,空の庭プチホテル,サービス,宿泊業,5%
福島県,二本松市,空の庭ＲＥＳＯＲＴ,サービス,宿泊業,5%
福島県,二本松市,田沢ＳＳ,小売業,ガソリンスタンド,2%
福島県,二本松市,玉家玉振堂,小売業,食料品,5%
福島県,二本松市,超絶焼肉タイガー＆ドラゴン,サービス,飲食業,2%
福島県,二本松市,千代理容所,サービス,その他サービス,5%
福島県,二本松市,成田ＳＳ,小売業,ガソリンスタンド,2%
福島県,二本松市,?好飯店,サービス,飲食業,5%
福島県,二本松市,二本松ＳＳ,小売業,ガソリンスタンド,2%
福島県,二本松市,出光二本松ＳＳ,小売業,ガソリンスタンド,2%
福島県,二本松市,セブン－イレブン二本松安達ヶ原店,小売業,食料品,2%
福島県,二本松市,二本松工藝舘－田中家具,小売業,家具・調度品,5%
福島県,二本松市,二本松杉田ＳＳ,小売業,ガソリンスタンド,2%
福島県,二本松市,二本松高田ＳＳ,小売業,ガソリンスタンド,2%
福島県,二本松市,セブン－イレブン二本松高田橋店,小売業,食料品,2%
福島県,二本松市,出光二本松竹田ＳＳ,小売業,ガソリンスタンド,2%
福島県,二本松市,セブン－イレブン二本松藤太郎内店,小売業,食料品,2%
福島県,二本松市,二本松法律事務所,サービス,その他サービス,5%
福島県,二本松市,セブン－イレブン二本松油井中條店,小売業,食料品,2%
福島県,二本松市,セブン－イレブン二本松若宮店,小売業,食料品,2%
福島県,二本松市,ハッピーカイロプラクティック二本松店,サービス,理容・美容業,5%
福島県,二本松市,東新殿ＳＳ 有限会社オオツキ,小売業,ガソリンスタンド,2%
福島県,二本松市,平石ＳＳ,小売業,ガソリンスタンド,2%
福島県,二本松市,セブン－イレブン福島安達店,小売業,食料品,2%
福島県,二本松市,福島支店,小売業,ガソリンスタンド,2%
福島県,二本松市,福島東和ＳＳ,小売業,ガソリンスタンド,2%
福島県,二本松市,セブン－イレブン福島東和町店,小売業,食料品,2%
福島県,二本松市,福島トヨペット二本松店,小売業,その他小売,5%
福島県,二本松市,ふくでん本田,小売業,電化製品,5%
福島県,二本松市,藤沼新聞店,小売業,その他小売,5%
福島県,二本松市,フレッシュストア吉田,小売業,総合（非専門）,5%
福島県,二本松市,宝槻電器,小売業,電化製品,5%
福島県,二本松市,ボデーショップサトウ,サービス,その他サービス,5%
福島県,二本松市,マクドナルドあだたらコープ店,サービス,飲食業,2%
福島県,二本松市,水田貸衣裳店,サービス,その他サービス,5%
福島県,二本松市,陽日の郷あづま館,サービス,公共料金,5%
福島県,二本松市,有限会社 安達総合車検センター,サービス,その他サービス,5%
福島県,二本松市,ユサ化粧品店 ユサ化粧品店,小売業,その他小売,5%
福島県,二本松市,ＲＡＧ,サービス,理容・美容業,5%
福島県,塙町,有限会社 佐々木油店,小売業,ガソリンスタンド,2%
福島県,塙町,老舗 門屋,小売業,食料品,5%
福島県,塙町,第一電化,小売業,電化製品,5%
福島県,塙町,塙ＳＳ,小売業,ガソリンスタンド,2%
福島県,塙町,塙バイパスＳＳ,小売業,ガソリンスタンド,2%
福島県,塙町,塙南ＳＳ,小売業,ガソリンスタンド,2%
福島県,塙町,セブン－イレブン道の駅はなわ店,小売業,食料品,2%
福島県,塙町,ライフショップきたの,小売業,総合（非専門）,5%
福島県,磐梯町,カントリーイン雲のアルルカン,サービス,宿泊業,5%
福島県,磐梯町,庄九郎亭,小売業,食料品,5%
福島県,磐梯町,磐梯山ＳＡ上り線ＳＳ,小売業,ガソリンスタンド,2%
福島県,磐梯町,ゆらぎの宿 ＳＨＵＢＯＵ,サービス,宿泊業,5%
福島県,磐梯町,ゆらぎの宿ＳＨＵＢＯＵ ゆらぎの宿ＳＨＵＢＯ,サービス,宿泊業,5%
福島県,檜枝岐村,尾瀬入山口の宿 七入山荘,サービス,宿泊業,5%
福島県,檜枝岐村,尾瀬マウンテンガイド,サービス,その他サービス,5%
福島県,檜枝岐村,民宿檜扇,サービス,宿泊業,5%
福島県,檜枝岐村,焼きとり よりみち,サービス,飲食業,5%
福島県,檜枝岐村,旅館ひのえまた,サービス,宿泊業,5%
福島県,平田村,小平ＳＳ,小売業,ガソリンスタンド,2%
福島県,平田村,鎌倉屋 平田店,小売業,食料品,5%
福島県,平田村,平田ＳＳ,小売業,ガソリンスタンド,2%
福島県,平田村,セブン－イレブン福島平田店,小売業,食料品,2%
福島県,平田村,蓬田ＳＳ,小売業,ガソリンスタンド,2%
福島県,福島市,アースカイロプラクティック,サービス,理容・美容業,5%
福島県,福島市,ＥａｒｌＧｒｅｙ ＥａｒｌＧｒｅｙ アールグレイ,小売業,食料品,5%
福島県,福島市,Ａｖａｌｏｎ：ｈａｉｒ,サービス,理容・美容業,5%
福島県,福島市,Ａｏｙａｇｉ,サービス,飲食業,5%
福島県,福島市,Ａｇｕ ｈａｉｒ Ａｇｕ ｈａｉｒ ｒｏｍ福島駅前,サービス,理容・美容業,5%
福島県,福島市,Ａｇｕ ｈａｉｒ Ａｇｕ ｈａｉｒ ｒｏｓｓｏ福島,サービス,理容・美容業,5%
福島県,福島市,アサノ商事キーショップ,小売業,その他小売,5%
福島県,福島市,味心だいのじ,サービス,飲食業,5%
福島県,福島市,＠Ｒ,サービス,理容・美容業,5%
福島県,福島市,＠家,サービス,飲食業,5%
福島県,福島市,吾妻ＳＳ 有限会社渡辺石油店,小売業,ガソリンスタンド,2%
福島県,福島市,吾妻自動車教習所,サービス,その他サービス,5%
福島県,福島市,アビイ犬猫病院,サービス,その他サービス,5%
福島県,福島市,あぶり焼き文や,サービス,飲食業,5%
福島県,福島市,アロマセラピートリートメント花音,サービス,その他サービス,5%
福島県,福島市,アロマとリンパのサロン サラ,サービス,その他サービス,5%
福島県,福島市,飯坂ＳＳ,小売業,ガソリンスタンド,2%
福島県,福島市,セブン－イレブン飯坂八景店,小売業,食料品,2%
福島県,福島市,飯坂東ＳＳ,小売業,ガソリンスタンド,2%
福島県,福島市,飯坂平野ＳＳ,小売業,ガソリンスタンド,2%
福島県,福島市,飯野ＳＳ,小売業,ガソリンスタンド,2%
福島県,福島市,セブン－イレブン飯野青木平店,小売業,食料品,2%
福島県,福島市,飯野東ＳＳ,小売業,ガソリンスタンド,2%
福島県,福島市,セブン－イレブン飯野町志保井店,小売業,食料品,2%
福島県,福島市,居酒屋なべとも,サービス,飲食業,5%
福島県,福島市,イタリア厨房 麦畑,サービス,飲食業,5%
福島県,福島市,いちい 信夫ヶ丘店,小売業,食料品,5%
福島県,福島市,いちい 庭坂店,小売業,食料品,5%
福島県,福島市,いちい パワーデポ食品館,小売業,食料品,5%
福島県,福島市,いちい Ｆｏｕｒ’ｓ Ｍａｒｋｅｔ,小売業,食料品,5%
福島県,福島市,いちい 福島西店,小売業,食料品,5%
福島県,福島市,いちい 蓬莱店,小売業,食料品,2%
福島県,福島市,いちい リカーズ酒蔵,小売業,食料品,5%
福島県,福島市,壱番や,サービス,飲食業,5%
福島県,福島市,今田屋 ＭＡＸ福島店,サービス,飲食業,5%
福島県,福島市,癒しの理容室理容かんの 福島店,サービス,理容・美容業,5%
福島県,福島市,インディバサロンｂｌｕｅｍｏｏｎ,サービス,理容・美容業,5%
福島県,福島市,ヴェローチェモーターサイクルズ,小売業,その他小売,5%
福島県,福島市,株式会社ＡＣ福島ユナイテッド,その他業種,ー,5%
福島県,福島市,映電社,小売業,電化製品,5%
福島県,福島市,ｅｓｔ．,サービス,理容・美容業,5%
福島県,福島市,ｅｓｐａｎｙｏｌＥＬＴＯＲＯＳ,サービス,飲食業,5%
福島県,福島市,宴,サービス,飲食業,5%
福島県,福島市,大笹生ＳＳ,小売業,ガソリンスタンド,2%
福島県,福島市,オーディン信夫ヶ丘店,小売業,その他小売,5%
福島県,福島市,オーディン野田町店,小売業,その他小売,5%
福島県,福島市,オーディン福島矢野目店,小売業,その他小売,5%
福島県,福島市,Ａｕｔｏ Ｍｏｔｉｖｅ Ｓｍｉｌｅｓ,小売業,その他小売,5%
福島県,福島市,岡島ＳＳ,小売業,ガソリンスタンド,2%
福島県,福島市,セブン－イレブン岡部店,小売業,食料品,2%
福島県,福島市,Ｏｚｅｎｄａｔｅ ＭＡＳＵＺＯ,サービス,飲食業,5%
福島県,福島市,オノヤスポーツ 本店,小売業,その他小売,5%
福島県,福島市,オノヤスポーツ ＭＡＸふくしま店,小売業,その他小売,5%
福島県,福島市,ＯＰＴＩＣＡＬ ＹＡＢＵＵＣＨＩ,小売業,その他小売,5%
福島県,福島市,母屋 やすいち,サービス,飲食業,5%
福島県,福島市,オリックスレンタカー福島駅東口店,サービス,その他サービス,2%
福島県,福島市,オリックスレンタカー福島西インター店,サービス,その他サービス,2%
福島県,福島市,角打ちビストロ 蔵ひろ,サービス,飲食業,5%
福島県,福島市,カフェあっぷるピーチ,サービス,飲食業,5%
福島県,福島市,カフェひらなが,サービス,飲食業,5%
福島県,福島市,株式会社ＳＡＳＹＵ,小売業,書籍・玩具・音楽ＣＤ,5%
福島県,福島市,株式会社福島新聞販売センター,小売業,その他小売,5%
福島県,福島市,株式会社福島新聞販売センター 鎌田営業所 集金,小売業,その他小売,5%
福島県,福島市,ｇｅｎｉｃ．ｂｙｋａｍｉｋｅｎ．,サービス,理容・美容業,5%
福島県,福島市,北福島タクシー,サービス,運輸業,5%
福島県,福島市,キッチン バールがやがや,サービス,飲食業,5%
福島県,福島市,貴福茶屋,サービス,飲食業,5%
福島県,福島市,ｋｉｍｏｎｏみやかわ,小売業,その他小売,5%
福島県,福島市,着物レンタル せと,サービス,その他サービス,5%
福島県,福島市,協業組合アルタ,小売業,総合（非専門）,5%
福島県,福島市,協和電機商会,小売業,電化製品,5%
福島県,福島市,樹楽里 松川本店,小売業,食料品,5%
福島県,福島市,串アン,サービス,飲食業,5%
福島県,福島市,串えん,サービス,飲食業,5%
福島県,福島市,くらしギャラリーうえき,小売業,その他小売,5%
福島県,福島市,ｋｕ楽ｒｉ,サービス,飲食業,5%
福島県,福島市,クリーニング佳 外交用,サービス,その他サービス,5%
福島県,福島市,クリーニングスポットジェイズ クリーリニングスポットジェイズ 方木田店,サービス,その他サービス,5%
福島県,福島市,クリーニングスポットジェイズ 本店,サービス,その他サービス,5%
福島県,福島市,グリーン松川ＳＳ,小売業,ガソリンスタンド,2%
福島県,福島市,五福 本店,小売業,その他小売,5%
福島県,福島市,五福 ＭＡＸ店,小売業,その他小売,5%
福島県,福島市,コルクハウスなずな,小売業,衣料品,5%
福島県,福島市,斎藤時計店,小売業,その他小売,5%
福島県,福島市,合資会社斎藤洋服店,小売業,衣料品,5%
福島県,福島市,酒＆業務スーパー福島中央店,小売業,食料品,2%
福島県,福島市,笹木野ＳＳ,小売業,ガソリンスタンド,2%
福島県,福島市,セブン－イレブン笹谷店,小売業,食料品,2%
福島県,福島市,雑貨と骨董の店 カオミナ,小売業,総合（非専門）,5%
福島県,福島市,三光写真館,サービス,その他サービス,5%
福島県,福島市,ジェームス矢野目店,小売業,その他小売,2%
福島県,福島市,自家製酵母パン かばくら,小売業,食料品,5%
福島県,福島市,しぞーかおでん お茶の間,サービス,飲食業,5%
福島県,福島市,島田ラジオ店,小売業,電化製品,5%
福島県,福島市,下川崎ＳＳ,小売業,ガソリンスタンド,2%
福島県,福島市,シューブティックタカマツ シューブティックタカマツ,小売業,その他小売,5%
福島県,福島市,ＣＨＯＵ ＣＨＯＵ【シュシュ】,サービス,理容・美容業,5%
福島県,福島市,ｃｈｏｕｃｈｏｕ,その他業種,ー,5%
福島県,福島市,シルクホテル,サービス,宿泊業,5%
福島県,福島市,白いアトリエ 白いアトリエ,サービス,その他サービス,5%
福島県,福島市,新日本補聴器センター福島店,小売業,その他小売,5%
福島県,福島市,スーパーキクタ荒井店,小売業,総合（非専門）,5%
福島県,福島市,須賀川瓦斯（株）信夫橋セルフＳＳ,小売業,ガソリンスタンド,2%
福島県,福島市,鮨割烹 山晴,サービス,飲食業,5%
福島県,福島市,スペインバル カメレオン福島,サービス,飲食業,5%
福島県,福島市,静香園茶舗 静香園茶舗,小売業,食料品,5%
福島県,福島市,誠電社御山店,小売業,電化製品,5%
福島県,福島市,ＳＥＫＩＹＡ １Ｆ,小売業,書籍・玩具・音楽ＣＤ,5%
福島県,福島市,Ｄｒ．Ｄｒｉｖｅセルフ福島入江町店,小売業,ガソリンスタンド,2%
福島県,福島市,ＤＤセルフ福島入江町店,小売業,ガソリンスタンド,2%
福島県,福島市,Ｄｒ．Ｄｒｉｖｅセルフ福島北幹線店,小売業,ガソリンスタンド,2%
福島県,福島市,ＤｒＤｒｉｖｅセルフ福島北幹線ＳＳ,小売業,ガソリンスタンド,2%
福島県,福島市,Ｄｒ．Ｄｒｉｖｅセルフ福島腰浜店,小売業,ガソリンスタンド,2%
福島県,福島市,Ｄｒ．Ｄｒｉｖｅセルフ福島西バイパス店,小売業,ガソリンスタンド,2%
福島県,福島市,出光セルフ福島南バイパスＳＳ,小売業,ガソリンスタンド,2%
福島県,福島市,Ｄｒ．Ｄｒｉｖｅセルフ福島八木田店,小売業,ガソリンスタンド,2%
福島県,福島市,ＳＯＬＩＳＴ ＨＡＩＲ ＡＲＴＳ,サービス,理容・美容業,5%
福島県,福島市,ソワンナピュール,サービス,その他サービス,5%
福島県,福島市,Ｄｉｎｉｎｇ Ｂａｒ 灯,サービス,飲食業,5%
福島県,福島市,セブン－イレブン太平寺店,小売業,食料品,2%
福島県,福島市,太陽電化 すだ店,小売業,電化製品,5%
福島県,福島市,髙橋獣医科病院,サービス,その他サービス,5%
福島県,福島市,ＴＡＢＯＵ,サービス,理容・美容業,5%
福島県,福島市,タブ?（ＴＡＢＯＵ） 新町店,サービス,理容・美容業,5%
福島県,福島市,丹治電器,小売業,電化製品,5%
福島県,福島市,丹治電器ふじみつ店,小売業,電化製品,5%
福島県,福島市,だんまや水産 栄町店,サービス,飲食業,2%
福島県,福島市,中華蕎麦 こばや,サービス,飲食業,5%
福島県,福島市,中国料理 陸,サービス,飲食業,5%
福島県,福島市,土湯温泉 山水荘,サービス,宿泊業,5%
福島県,福島市,鉄板焼 あぶり焼き文や 鉄板焼あぶり焼き文や,サービス,飲食業,5%
福島県,福島市,電化の佐藤,小売業,電化製品,5%
福島県,福島市,でんき倶楽部ＳＥＩＤＥＮささや,小売業,電化製品,5%
福島県,福島市,デントリペア福島,サービス,その他サービス,5%
福島県,福島市,てんぷらひら井,サービス,飲食業,5%
福島県,福島市,東亜自動車学校,サービス,その他サービス,5%
福島県,福島市,東光電器,小売業,電化製品,5%
福島県,福島市,東北寝装開発センター,小売業,その他小売,5%
福島県,福島市,東和電気商会,小売業,電化製品,5%
福島県,福島市,出光トータルカーライフステーション伏拝,小売業,ガソリンスタンド,2%
福島県,福島市,特定非営利活動法人いいざかサポーターズクラブ,サービス,その他サービス,5%
福島県,福島市,徳丸電器,小売業,電化製品,5%
福島県,福島市,とっとと参番館,サービス,飲食業,5%
福島県,福島市,トヨタカローラ福島ＰｉＰｉｔ福島店,小売業,その他小売,5%
福島県,福島市,トヨタ部品福島共販福島営業所,その他業種,ー,5%
福島県,福島市,トヨタレンタリース新福島福島駅新幹線口店,サービス,その他サービス,2%
福島県,福島市,トヨタレンタリース福島鳥谷野店,サービス,その他サービス,2%
福島県,福島市,トヨタレンタリース福島福島駅前店,サービス,その他サービス,2%
福島県,福島市,トヨタレンタリース福島福島店,サービス,その他サービス,2%
福島県,福島市,トヨタレンタリース新福島福島駅新幹線口店,サービス,その他サービス,2%
福島県,福島市,ｔｒｉｌｏｇｙ,小売業,衣料品,5%
福島県,福島市,ＴＲＩＲＯＧＹ トリロジー,小売業,衣料品,5%
福島県,福島市,トレッド福島西店,小売業,その他小売,5%
福島県,福島市,ナカオ,小売業,電化製品,5%
福島県,福島市,（株）中尾電器 ふくでん中央店,小売業,電化製品,5%
福島県,福島市,ナカオ南矢野目店,小売業,電化製品,5%
福島県,福島市,肉王ＷＡＫＵＷＡＫＵ,サービス,飲食業,5%
福島県,福島市,肉バルＮｉｃｏパティオ,サービス,飲食業,5%
福島県,福島市,西川チェーンてっせんや ぐっすりん,サービス,その他サービス,5%
福島県,福島市,西沢書店 大町店,小売業,書籍・玩具・音楽ＣＤ,5%
福島県,福島市,西沢書店 北店,小売業,書籍・玩具・音楽ＣＤ,5%
福島県,福島市,弐乃膳,サービス,飲食業,5%
福島県,福島市,ニュー佐倉ＳＳ,小売業,ガソリンスタンド,2%
福島県,福島市,人形の佳月福島店,小売業,その他小売,5%
福島県,福島市,眠りの専門店たけじん西川チェーン,小売業,家具・調度品,5%
福島県,福島市,出光野田南中央ＳＳ,小売業,ガソリンスタンド,2%
福島県,福島市,呑楽里,サービス,飲食業,5%
福島県,福島市,バール アボカーレ,サービス,飲食業,5%
福島県,福島市,ハイテックプラザ サトー ハイテックプラザ サトー,小売業,電化製品,5%
福島県,福島市,ＨＡＰＰＹＨＡＰＰＹＣＵＲＲＹ,サービス,飲食業,5%
福島県,福島市,華の膳,サービス,飲食業,5%
福島県,福島市,刃物の館やすらぎ工房飯舘工場,小売業,電化製品,5%
福島県,福島市,はるみや旅館,サービス,宿泊業,5%
福島県,福島市,パンドーラ タムラ,小売業,食料品,5%
福島県,福島市,ＢＬＴカフェ,サービス,飲食業,5%
福島県,福島市,ピコ マルミツ,小売業,その他小売,5%
福島県,福島市,日高電器,小売業,電化製品,5%
福島県,福島市,有限会社ピックアップタイヨー,小売業,電化製品,5%
福島県,福島市,ビッグウェーブＳＳ,小売業,ガソリンスタンド,2%
福島県,福島市,ピットクルー・コンノ,サービス,その他サービス,5%
福島県,福島市,美容室・Ｊｕｎａ,サービス,理容・美容業,5%
福島県,福島市,ファンズ丸子店,小売業,食料品,5%
福島県,福島市,Ｆｅｅｌ Ｒｅｆｉｎｅ,サービス,理容・美容業,5%
福島県,福島市,フェアリー,サービス,理容・美容業,5%
福島県,福島市,Ｆｅｌｉｃｅ ｂｙ ｍａｃａｒｏｎ 福島店,サービス,理容・美容業,5%
福島県,福島市,セブン－イレブン福島荒井店,小売業,食料品,2%
福島県,福島市,福島飯坂インター北ＳＳ,小売業,ガソリンスタンド,2%
福島県,福島市,セブン－イレブン福島飯坂中ノ檀店,小売業,食料品,2%
福島県,福島市,セブン－イレブン福島駅東口店,小売業,食料品,2%
福島県,福島市,セブン－イレブン福島大森店,小売業,食料品,2%
福島県,福島市,セブン－イレブン福島御山店,小売業,食料品,2%
福島県,福島市,Ｄｒ．Ｄｒｉｖｅ福島御山店,小売業,ガソリンスタンド,2%
福島県,福島市,Ｄｒ．Ｄｒｉｖｅ福島卸町店,小売業,ガソリンスタンド,2%
福島県,福島市,福島柏屋 泉店,小売業,食料品,5%
福島県,福島市,福島柏屋 御山店,小売業,食料品,5%
福島県,福島市,福島柏屋市役所前店,小売業,食料品,5%
福島県,福島市,セブン－イレブン福島上名倉店,小売業,食料品,2%
福島県,福島市,セブン－イレブン福島上野寺店,小売業,食料品,2%
福島県,福島市,セブン－イレブン福島北沢又店,小売業,食料品,2%
福島県,福島市,セブン－イレブン福島北矢野目店,小売業,食料品,2%
福島県,福島市,セブン－イレブン福島北矢野目西田店,小売業,食料品,2%
福島県,福島市,福島元気酒場 ホルモン横丁,サービス,飲食業,5%
福島県,福島市,セブン－イレブン福島栄町店,小売業,食料品,2%
福島県,福島市,セブン－イレブン福島桜水店,小売業,食料品,2%
福島県,福島市,セブン－イレブン福島桜本店,小売業,食料品,2%
福島県,福島市,セブン－イレブン福島笹木野立田店,小売業,食料品,2%
福島県,福島市,セブン－イレブン福島笹谷南店,小売業,食料品,2%
福島県,福島市,セブン－イレブン福島五月町店,小売業,食料品,2%
福島県,福島市,セブン－イレブン福島しのぶ台ニュータウン前店,小売業,食料品,2%
福島県,福島市,セブン－イレブン福島清水町店,小売業,食料品,2%
福島県,福島市,福島市役所 売店,小売業,食料品,5%
福島県,福島市,セブン－イレブン福島清明町店,小売業,食料品,2%
福島県,福島市,福島セントラルＳＳ 株式会社富士屋商店,小売業,ガソリンスタンド,2%
福島県,福島市,福島ダイイチ家電,小売業,電化製品,5%
福島県,福島市,セブン－イレブン福島大附属小前店,小売業,食料品,2%
福島県,福島市,福島トヨタ自動車テクノセンター,小売業,その他小売,5%
福島県,福島市,福島トヨタ自動車福島鎌田店,小売業,その他小売,5%
福島県,福島市,福島トヨタ自動車福島笹木野店,小売業,その他小売,5%
福島県,福島市,福島トヨタ自動車福島店,小売業,その他小売,5%
福島県,福島市,福島トヨタ自動車本社,小売業,その他小売,5%
福島県,福島市,福島トヨタ自動車マイカーランド福島北,小売業,その他小売,5%
福島県,福島市,福島トヨタ自動車レクサス福島,小売業,その他小売,5%
福島県,福島市,福島トヨペットふくしま太平寺店,小売業,その他小売,5%
福島県,福島市,福島トヨペットふくしま南中央店,小売業,その他小売,5%
福島県,福島市,福島トヨペットふくしま本内店,小売業,その他小売,5%
福島県,福島市,セブン－イレブン福島永井川店,小売業,食料品,2%
福島県,福島市,セブン－イレブン福島成川店,小売業,食料品,2%
福島県,福島市,セブン－イレブン福島仁井田店,小売業,食料品,2%
福島県,福島市,出光福島西インターＳＳ,小売業,ガソリンスタンド,2%
福島県,福島市,セブン－イレブン福島西インター店,小売業,食料品,2%
福島県,福島市,セブン－イレブン福島西中央５丁目店,小売業,食料品,2%
福島県,福島市,福島西ＢＰＳＳ,小売業,ガソリンスタンド,2%
福島県,福島市,セブン－イレブン福島野田中央店,小売業,食料品,2%
福島県,福島市,セブン－イレブン福島野田町５丁目店,小売業,食料品,2%
福島県,福島市,セブン－イレブン福島野田町３丁目店,小売業,食料品,2%
福島県,福島市,福島販売課,小売業,その他小売,2%
福島県,福島市,セブン－イレブン福島東高成蹊高前店,小売業,食料品,2%
福島県,福島市,セブン－イレブン福島福商前店,小売業,食料品,2%
福島県,福島市,セブン－イレブン福島蓬莱店,小売業,食料品,2%
福島県,福島市,セブン－イレブン福島南沢又店,小売業,食料品,2%
福島県,福島市,セブン－イレブン福島本内店,小売業,食料品,2%
福島県,福島市,Ｄｒ．Ｄｒｉｖｅ福島八木田店,小売業,ガソリンスタンド,2%
福島県,福島市,セブン－イレブン福島八島田店,小売業,食料品,2%
福島県,福島市,セブン－イレブン福島山口店,小売業,食料品,2%
福島県,福島市,セブンーイレブン福島吉倉店,小売業,食料品,2%
福島県,福島市,福島渡利ＳＳ,小売業,ガソリンスタンド,2%
福島県,福島市,セブン－イレブン福島渡利店,小売業,食料品,2%
福島県,福島市,セブン－イレブン福島渡利弁天山前店,小売業,食料品,2%
福島県,福島市,ふくでんいずみ店,小売業,電化製品,5%
福島県,福島市,ふくでんタカハシ,小売業,電化製品,5%
福島県,福島市,ふくでんみなみ店,小売業,電化製品,5%
福島県,福島市,伏見珈琲店 伏見珈琲店,サービス,飲食業,5%
福島県,福島市,ブックオフ福島南店,小売業,その他小売,2%
福島県,福島市,ブックオフ信夫ヶ丘店,小売業,その他小売,2%
福島県,福島市,ブックオフ瀬上店,小売業,その他小売,2%
福島県,福島市,ブックオフ森合店,小売業,その他小売,2%
福島県,福島市,ブックマーケット 福島北店,小売業,書籍・玩具・音楽ＣＤ,5%
福島県,福島市,プラスワンキッチン 鎌倉屋,小売業,食料品,5%
福島県,福島市,ＰＲＯＳＴ,サービス,飲食業,5%
福島県,福島市,ヘアーサロン 末永,サービス,理容・美容業,5%
福島県,福島市,ヘアーサロンウタガワ,サービス,理容・美容業,5%
福島県,福島市,ｈａｉｒａｔｅｌｉｅｒｎｉｎｅ,サービス,理容・美容業,5%
福島県,福島市,ｈａｉｒ ｓａｌｏｎ Ｐａｒｋ,サービス,理容・美容業,5%
福島県,福島市,ペッツマム 鎌田店,小売業,その他小売,5%
福島県,福島市,ペッツマム 南福島店,小売業,その他小売,5%
福島県,福島市,ペットクリニックわたり,サービス,その他サービス,5%
福島県,福島市,ホテルミルニュイ福島,サービス,宿泊業,5%
福島県,福島市,本格焼酎家やすらぎ,サービス,飲食業,5%
福島県,福島市,本社,小売業,その他小売,2%
福島県,福島市,ｍａｃａｒｏｎフクシマテン,サービス,理容・美容業,5%
福島県,福島市,マクドナルドイオン福島店,サービス,飲食業,2%
福島県,福島市,マクドナルドいずみコープ店,サービス,飲食業,2%
福島県,福島市,マクドナルド１１５方木田店,サービス,飲食業,2%
福島県,福島市,マクドナルド福島駅西口ショッピングセンター店,サービス,飲食業,2%
福島県,福島市,マクドナルド４号線南福島店,サービス,飲食業,2%
福島県,福島市,出光松川ＳＳ,小売業,ガソリンスタンド,2%
福島県,福島市,松川ＳＳ,小売業,ガソリンスタンド,2%
福島県,福島市,セブン－イレブン松川駅前店,小売業,食料品,2%
福島県,福島市,松川 ＳＳ,小売業,ガソリンスタンド,2%
福島県,福島市,松川町商工会 青年部,小売業,食料品,5%
福島県,福島市,まつげ革命 福島パセオ通り店,サービス,理容・美容業,5%
福島県,福島市,松島屋旅舘,サービス,宿泊業,5%
福島県,福島市,松田電機商会,小売業,電化製品,5%
福島県,福島市,祭屋湯左衛門,サービス,宿泊業,5%
福島県,福島市,まるこう さとう,小売業,総合（非専門）,5%
福島県,福島市,セブン－イレブン南福島店,小売業,食料品,2%
福島県,福島市,ミニ水族館ペンギン村 ミニ水族館ペンギン村,サービス,その他サービス,5%
福島県,福島市,めし ひろ田,サービス,飲食業,5%
福島県,福島市,モイスティーヌ福島サロン,小売業,その他小売,5%
福島県,福島市,もちづり電化,小売業,電化製品,5%
福島県,福島市,もつけん,サービス,飲食業,5%
福島県,福島市,セブン－イレブン森合店,小売業,食料品,2%
福島県,福島市,盛岡屋分店,小売業,総合（非専門）,5%
福島県,福島市,宿 湯楽座,サービス,宿泊業,5%
福島県,福島市,セブン－イレブン山下町店,小売業,食料品,2%
福島県,福島市,山下電器,小売業,電化製品,5%
福島県,福島市,ｙｏｕｒｓｐａｃｅーｓａｌｏｎＣ,サービス,理容・美容業,5%
福島県,福島市,有限会社 阿部印房,小売業,その他小売,5%
福島県,福島市,有限会社井上武道具店,小売業,その他小売,5%
福島県,福島市,有限会社菊田鉄工所,サービス,その他サービス,5%
福島県,福島市,有限会社原田自動車整備工場,サービス,その他サービス,5%
福島県,福島市,有限会社まるきん 矢野目店,小売業,衣料品,5%
福島県,福島市,有限会社まるきん 鎌田店,小売業,衣料品,5%
福島県,福島市,洋食居酒屋 Ｋａｎｎｏ 洋食居酒屋Ｋａｎｎｏ,サービス,飲食業,5%
福島県,福島市,養老乃瀧 大町店,サービス,飲食業,2%
福島県,福島市,吉川屋,サービス,宿泊業,5%
福島県,福島市,吉倉ＳＳ,小売業,ガソリンスタンド,2%
福島県,福島市,ら・さんたランド,サービス,飲食業,5%
福島県,福島市,Ｒｅａｌ ａｄｖａｎｃｅｄ ｃｏｍｐｕｔｉｎｇ ｓｙｓｔｅｍ,サービス,その他サービス,5%
福島県,福島市,リフレッシュサロン山椿,サービス,その他サービス,5%
福島県,福島市,理容 サクマ,サービス,理容・美容業,5%
福島県,福島市,ＲＥＧＡＬＯ,小売業,その他小売,5%
福島県,福島市,レパコガーデン本店,サービス,飲食業,5%
福島県,福島市,レパコ腰浜店,小売業,食料品,5%
福島県,福島市,炉端酒家 たすいち,サービス,飲食業,5%
福島県,福島市,ＹＳＰ福島,小売業,その他小売,5%
福島県,福島市,わたなべ商店,小売業,その他小売,5%
福島県,福島市,ワタナベ電器,小売業,電化製品,5%
福島県,福島市,ワタリヤ,小売業,貴金属・服飾品,5%
福島県,福島市,和風ダイニングきち傳,サービス,飲食業,5%
福島県,福島市,グリーンライフＪＰ リリーズカフェ,小売業,食料品,5%
福島県,双葉町,双葉伊達屋ＳＳ,小売業,ガソリンスタンド,2%
福島県,古殿町,大原ＳＳ,小売業,ガソリンスタンド,2%
福島県,古殿町,竹貫ＳＳ,小売業,ガソリンスタンド,2%
福島県,古殿町,ブイチェーンスーパーカケダ店,小売業,食料品,5%
福島県,古殿町,古殿ＳＳ,小売業,ガソリンスタンド,2%
福島県,南会津町,会津清香園,サービス,飲食業,5%
福島県,南会津町,セブン－イレブン会津田島店,小売業,食料品,2%
福島県,南会津町,会津レンタカー,サービス,その他サービス,5%
福島県,南会津町,会津レンタカー（出張用）,サービス,その他サービス,5%
福島県,南会津町,阿久津製菓,小売業,食料品,5%
福島県,南会津町,荒海ＳＳ,小売業,ガソリンスタンド,2%
福島県,南会津町,いなＳＳ,小売業,ガソリンスタンド,2%
福島県,南会津町,田舎宿ありが,サービス,宿泊業,5%
福島県,南会津町,夏秋ショップ,小売業,食料品,5%
福島県,南会津町,ガストホフ逢う日会うでい,サービス,宿泊業,5%
福島県,南会津町,ガストホフ逢う日会うでい,サービス,宿泊業,5%
福島県,南会津町,ＣＡＦＥ ＪＩＭＡＭＡ,サービス,飲食業,5%
福島県,南会津町,木の店ステラ,小売業,その他小売,5%
福島県,南会津町,しゃれっと,小売業,その他小売,5%
福島県,南会津町,田島駅前ＳＳ,小売業,ガソリンスタンド,2%
福島県,南会津町,田島川島ＳＳ,小売業,ガソリンスタンド,2%
福島県,南会津町,田島東,小売業,ガソリンスタンド,2%
福島県,南会津町,舘岩ＳＳ,小売業,ガソリンスタンド,2%
福島県,南会津町,舘岩塩ノ原ＳＳ,小売業,ガソリンスタンド,2%
福島県,南会津町,田部原ＳＳ,小売業,ガソリンスタンド,2%
福島県,南会津町,東北電化センター,小売業,電化製品,5%
福島県,南会津町,ｈｉｔｏｔｓｕｂｕ,小売業,その他小売,5%
福島県,南会津町,福島トヨペット南会津店,小売業,その他小売,5%
福島県,南会津町,プチホテル ガーデンまつぶし,サービス,宿泊業,5%
福島県,南会津町,ペンションワインズ,サービス,宿泊業,5%
福島県,南会津町,有限会社会津六名館,サービス,宿泊業,5%
福島県,南相馬市,アーティジャングル,小売業,衣料品,5%
福島県,南相馬市,出光原町ＳＳ,小売業,ガソリンスタンド,2%
福島県,南相馬市,大町マルシェ,小売業,総合（非専門）,5%
福島県,南相馬市,小高工房,小売業,食料品,5%
福島県,南相馬市,オリックスレンタカー原ノ町駅前店,サービス,その他サービス,2%
福島県,南相馬市,鹿島ＳＳ,小売業,ガソリンスタンド,2%
福島県,南相馬市,株式会社キドオートサービス,サービス,その他サービス,5%
福島県,南相馬市,株式会社高田金銀堂,小売業,貴金属・服飾品,5%
福島県,南相馬市,上町ＳＳ,小売業,ガソリンスタンド,2%
福島県,南相馬市,ガレージホカリ,小売業,その他小売,5%
福島県,南相馬市,元祖東京いか焼き うまいか本舗,サービス,飲食業,5%
福島県,南相馬市,元祖東京いか焼き うまいか本舗,サービス,飲食業,5%
福島県,南相馬市,車川ＳＳ,小売業,ガソリンスタンド,2%
福島県,南相馬市,サイヤ,小売業,総合（非専門）,5%
福島県,南相馬市,合資会社 塩屋金物店,小売業,その他小売,5%
福島県,南相馬市,ジョイントふるうち,小売業,電化製品,5%
福島県,南相馬市,セルフ小高ＳＳ,小売業,ガソリンスタンド,2%
福島県,南相馬市,セルフ原町ＳＳ,小売業,ガソリンスタンド,2%
福島県,南相馬市,セルフ原町西ＳＳ,小売業,ガソリンスタンド,2%
福島県,南相馬市,セブン－イレブン相馬鹿島店,小売業,食料品,2%
福島県,南相馬市,トヨタ部品福島共販原町営業所,その他業種,ー,5%
福島県,南相馬市,トヨタレンタリース福島原ノ町駅前店,サービス,その他サービス,2%
福島県,南相馬市,永橋電器,小売業,電化製品,5%
福島県,南相馬市,ニュー鹿島ＳＳ,小売業,ガソリンスタンド,2%
福島県,南相馬市,ネッツトヨタノヴェルふくしま南相馬店,小売業,その他小売,5%
福島県,南相馬市,ハッピー理美容室 ハッピー理美容室,サービス,理容・美容業,5%
福島県,南相馬市,浜屋電器,小売業,電化製品,5%
福島県,南相馬市,セブン－イレブン原ノ町駅前店,小売業,食料品,2%
福島県,南相馬市,セブン－イレブン原町石神店,小売業,食料品,2%
福島県,南相馬市,原町ＳＳ,小売業,ガソリンスタンド,2%
福島県,南相馬市,セブン－イレブン原町大木戸店,小売業,食料品,2%
福島県,南相馬市,セブン－イレブン原町大甕店,小売業,食料品,2%
福島県,南相馬市,原町北長野ＳＳ,小売業,ガソリンスタンド,2%
福島県,南相馬市,セブン－イレブン原町牛来店,小売業,食料品,2%
福島県,南相馬市,原町電化,小売業,電化製品,5%
福島県,南相馬市,原町西ＳＳ,小売業,ガソリンスタンド,2%
福島県,南相馬市,セブン－イレブン原町西町店,小売業,食料品,2%
福島県,南相馬市,セブン－イレブン原町本陣前店,小売業,食料品,2%
福島県,南相馬市,原町南ＳＳ,小売業,ガソリンスタンド,2%
福島県,南相馬市,原町本町ＳＳ,小売業,ガソリンスタンド,2%
福島県,南相馬市,菅頭電機,小売業,電化製品,5%
福島県,南相馬市,ビジネスホテル高見,サービス,宿泊業,5%
福島県,南相馬市,ビジネスホテル 高見ＡＮＮＥＸ,サービス,宿泊業,5%
福島県,南相馬市,福島トヨタ自動車原町店,小売業,その他小売,5%
福島県,南相馬市,福島トヨペット南相馬店,小売業,その他小売,5%
福島県,南相馬市,フレスコキクチ 北町店,小売業,食料品,5%
福島県,南相馬市,フレスコキクチ 東原町店,小売業,食料品,5%
福島県,南相馬市,ホテル西山南相馬店,サービス,宿泊業,5%
福島県,南相馬市,三上魚店 三上魚店,小売業,食料品,5%
福島県,南相馬市,ミッシーズ,サービス,理容・美容業,5%
福島県,南相馬市,南相馬鹿島ＳＳ,小売業,ガソリンスタンド,2%
福島県,南相馬市,セブン－イレブン南相馬鹿島寺内店,小売業,食料品,2%
福島県,南相馬市,ヤマキ保健薬局,小売業,その他小売,5%
福島県,三春町,カフェーブリキイヌ,サービス,飲食業,5%
福島県,三春町,カフェーブリキイヌ イベント,サービス,飲食業,5%
福島県,三春町,スプラウト ＢＲＩＴＯＭＡＲＴ店,小売業,その他小売,5%
福島県,三春町,（有）八文字屋,サービス,飲食業,5%
福島県,三春町,フジデンキ,小売業,電化製品,5%
福島県,三春町,三春ＳＳ,小売業,ガソリンスタンド,2%
福島県,三春町,セブン－イレブン三春インター店,小売業,食料品,2%
福島県,三春町,三春駅前ＳＳ,小売業,ガソリンスタンド,2%
福島県,三春町,セブン－イレブン三春斉藤店,小売業,食料品,2%
福島県,三春町,セブン－イレブン三春下舞木店,小売業,食料品,2%
福島県,三春町,三春電化サービス,小売業,電化製品,5%
福島県,三春町,ＡＥ有限会社宗像清商店,小売業,その他小売,5%
福島県,三春町,（有）割烹大音,サービス,飲食業,5%
福島県,三春町,有限会社わたや呉服店,小売業,衣料品,5%
福島県,本宮市,阿部写真館,サービス,その他サービス,5%
福島県,本宮市,オーデイン本宮店,小売業,その他小売,5%
福島県,本宮市,木津電化ストアー,小売業,電化製品,5%
福島県,本宮市,斉藤電器商会,小売業,電化製品,5%
福島県,本宮市,セブンーイレブン新本宮店,小売業,食料品,2%
福島県,本宮市,株式会社竹や石材店,小売業,家具・調度品,5%
福島県,本宮市,田村屋本店,小売業,食料品,5%
福島県,本宮市,ニュー小田部ＳＳ 渡辺モーター,小売業,ガソリンスタンド,2%
福島県,本宮市,セブン－イレブン福島白沢店,小売業,食料品,2%
福島県,本宮市,福島トヨタ自動車くるまックス本宮店,小売業,その他小売,5%
福島県,本宮市,本芝 本芝 訪問工事用,小売業,その他小売,5%
福島県,本宮市,セブン－イレブン本宮荒井店,小売業,食料品,2%
福島県,本宮市,本宮インター,小売業,ガソリンスタンド,2%
福島県,本宮市,本宮柏屋,小売業,食料品,5%
福島県,本宮市,セブン－イレブン本宮高木店,小売業,食料品,2%
福島県,本宮市,セブンーイレブン本宮店,小売業,食料品,2%
福島県,本宮市,セブンーイレブン本宮名郷店,小売業,食料品,2%
福島県,本宮市,セブンーイレブン本宮万世店,小売業,食料品,2%
福島県,本宮市,本宮南ＳＳ,小売業,ガソリンスタンド,2%
福島県,柳津町,さくら家土産店,その他業種,ー,5%
福島県,柳津町,長沢テレビピアノ商会,小売業,電化製品,5%
福島県,柳津町,柳津ＳＳ,小売業,ガソリンスタンド,2%
福島県,矢吹町,オートギャラリー２１,小売業,ガソリンスタンド,2%
福島県,矢吹町,三城目北ＳＳ,小売業,ガソリンスタンド,2%
福島県,矢吹町,宍戸善四郎商店,小売業,食料品,5%
福島県,矢吹町,高木ミンク福島店,小売業,衣料品,5%
福島県,矢吹町,東北エネルギー,小売業,その他小売,5%
福島県,矢吹町,ニューヒーローズ,サービス,理容・美容業,5%
福島県,矢吹町,矢吹ＳＳ,小売業,ガソリンスタンド,2%
福島県,矢吹町,セブン－イレブン矢吹大畑店,小売業,食料品,2%
福島県,矢吹町,矢吹給油所,小売業,ガソリンスタンド,2%
福島県,矢吹町,矢吹ＳＳ,小売業,ガソリンスタンド,2%
福島県,矢吹町,矢吹タクシー,サービス,運輸業,5%
福島県,矢吹町,セブン－イレブン矢吹中央インター店,小売業,食料品,2%
福島県,矢吹町,矢吹中央セルフＳＳ,小売業,ガソリンスタンド,2%
福島県,矢吹町,セブン－イレブン矢吹東郷店,小売業,食料品,2%
福島県,矢吹町,ルート４矢吹インター,小売業,ガソリンスタンド,2%
福島県,矢祭町,神子島酒店,小売業,その他小売,5%
福島県,矢祭町,珈琲香坊,サービス,飲食業,5%
福島県,矢祭町,珈琲香坊,サービス,飲食業,5%
福島県,矢祭町,株式会社丸安,サービス,飲食業,5%
福島県,矢祭町,日石矢祭町ＳＳ,小売業,ガソリンスタンド,2%
福島県,矢祭町,出光東舘ＳＳ,小売業,ガソリンスタンド,2%
福島県,矢祭町,松本電機商会,小売業,電化製品,5%
福島県,矢祭町,矢祭自工,サービス,その他サービス,5%
福島県,矢祭町,セブン－イレブン矢祭中石井店,小売業,食料品,2%
福島県,湯川村,セブン－イレブン会津湯川浜崎店,小売業,食料品,2%
福島県,湯川村,ｃａｆｅ ｓｈｏｐ ＳＯＲＡ,サービス,飲食業,5%
