山梨県,市川三郷町,アヴァンセ,サービス,その他サービス,5%
山梨県,市川三郷町,アキ電化,小売業,電化製品,5%
山梨県,市川三郷町,市川大門ＳＳ,小売業,ガソリンスタンド,2%
山梨県,市川三郷町,市川大門ＳＳ,小売業,ガソリンスタンド,2%
山梨県,市川三郷町,一瀬電化サービス,小売業,電化製品,5%
山梨県,市川三郷町,出光三珠ＳＳ,小売業,ガソリンスタンド,2%
山梨県,市川三郷町,太田屋和菓子店,小売業,食料品,5%
山梨県,市川三郷町,株式会社ヨダ兄弟商会,小売業,その他小売,5%
山梨県,市川三郷町,塩澤自動車,サービス,その他サービス,5%
山梨県,市川三郷町,セルバ 市川三郷店,小売業,食料品,5%
山梨県,市川三郷町,はなびかん,小売業,その他小売,5%
山梨県,市川三郷町,美容室 エイム,サービス,理容・美容業,5%
山梨県,市川三郷町,ファッションプラザ本店,小売業,衣料品,5%
山梨県,市川三郷町,セブン－イレブン山梨六郷店,小売業,食料品,2%
山梨県,市川三郷町,表現社,小売業,家具・調度品,5%
山梨県,上野原市,秋山,小売業,ガソリンスタンド,2%
山梨県,上野原市,秋山中央,小売業,ガソリンスタンド,2%
山梨県,上野原市,秋山電気,小売業,電化製品,5%
山梨県,上野原市,秋山東ＳＳ,小売業,ガソリンスタンド,2%
山梨県,上野原市,上野原,小売業,ガソリンスタンド,2%
山梨県,上野原市,セブン－イレブン上野原インター北店,小売業,食料品,2%
山梨県,上野原市,セブン－イレブン上野原四方津店,小売業,食料品,2%
山梨県,上野原市,上野原タクシー ６０１号車,サービス,運輸業,5%
山梨県,上野原市,上野原どうぶつ病院,サービス,その他サービス,5%
山梨県,上野原市,上野原西ＳＳ,小売業,ガソリンスタンド,2%
山梨県,上野原市,セブン－イレブン上野原松留店,小売業,食料品,2%
山梨県,上野原市,オギノ上野原店,小売業,食料品,5%
山梨県,上野原市,桔梗屋 東治郎 上野原店,小売業,家具・調度品,5%
山梨県,上野原市,桔梗屋 東次郎 上野原店,小売業,食料品,5%
山梨県,上野原市,ほぐし屋,サービス,理容・美容業,5%
山梨県,上野原市,せきもと,小売業,食料品,5%
山梨県,上野原市,セルフ上野原給油所,小売業,ガソリンスタンド,2%
山梨県,上野原市,株式会社富田,サービス,その他サービス,5%
山梨県,上野原市,ネッツトヨタ山梨上野原店,小売業,その他小売,5%
山梨県,上野原市,羽佐間ＳＳ 橋本石油店,小売業,ガソリンスタンド,2%
山梨県,上野原市,細田無線電機,小売業,電化製品,5%
山梨県,上野原市,メイトプラザワタナベ,小売業,電化製品,5%
山梨県,上野原市,メガネストアー上野原,小売業,その他小売,5%
山梨県,上野原市,メガネストアー上野原店,小売業,その他小売,5%
山梨県,上野原市,セブン－イレブン山梨上野原店,小売業,食料品,2%
山梨県,上野原市,有限会社みやがわ,小売業,貴金属・服飾品,5%
山梨県,上野原市,吉田屋商店,小売業,食料品,5%
山梨県,上野原市,レイク相模カントリークラブ,サービス,その他サービス,5%
山梨県,上野原市,レイク相模カントリークラブ,サービス,その他サービス,5%
山梨県,大月市,出光とりさわＳＳ,小売業,ガソリンスタンド,2%
山梨県,大月市,ＯＳＳＣＬＯＴＨＩＮＧ,小売業,衣料品,5%
山梨県,大月市,大月ＳＳ,小売業,ガソリンスタンド,2%
山梨県,大月市,大月ＳＳ スギモト石油株式会社,小売業,ガソリンスタンド,2%
山梨県,大月市,大月ＳＳ,小売業,ガソリンスタンド,2%
山梨県,大月市,大月ＳＳ 東亜礦油有限会社,小売業,ガソリンスタンド,2%
山梨県,大月市,大月インターＳＳ,小売業,ガソリンスタンド,2%
山梨県,大月市,セブン－イレブン大月インター店,小売業,食料品,2%
山梨県,大月市,セブン－イレブン大月猿橋駅北店,小売業,食料品,2%
山梨県,大月市,セブン－イレブン大月鳥沢店,小売業,食料品,2%
山梨県,大月市,セブン－イレブン大月初狩店,小売業,食料品,2%
山梨県,大月市,セブン－イレブン大月御太刀１丁目店,小売業,食料品,2%
山梨県,大月市,株式会社やおき,サービス,その他サービス,5%
山梨県,大月市,桔梗屋 東次郎 大月店,小売業,食料品,5%
山梨県,大月市,きもの＆ブティックしおざわ,小売業,衣料品,5%
山梨県,大月市,郷土料理信玄 大月駅前店,サービス,飲食業,5%
山梨県,大月市,コウハク 美容室,サービス,理容・美容業,5%
山梨県,大月市,コタカ電化,小売業,電化製品,5%
山梨県,大月市,相模川ゴルフガーデン,サービス,その他サービス,5%
山梨県,大月市,笹子,小売業,ガソリンスタンド,2%
山梨県,大月市,猿橋ＳＳ,小売業,ガソリンスタンド,2%
山梨県,大月市,山光石油株式会社大月営業所,小売業,その他小売,5%
山梨県,大月市,山光石油株式会社大月営業所２,小売業,その他小売,5%
山梨県,大月市,ジープスパロー,小売業,その他小売,5%
山梨県,大月市,徳々市場,小売業,食料品,5%
山梨県,大月市,トヨタレンタリース山梨大月駅前店,サービス,その他サービス,2%
山梨県,大月市,賑岡ＳＳ,小売業,ガソリンスタンド,2%
山梨県,大月市,初狩ＰＡ（上り線）,サービス,その他サービス,5%
山梨県,大月市,真木温泉旅館,サービス,宿泊業,5%
山梨県,大月市,メタルカーズ イシイ,小売業,その他小売,5%
山梨県,忍野村,アマノデンキ,小売業,電化製品,5%
山梨県,忍野村,忍野ＳＳ,小売業,ガソリンスタンド,2%
山梨県,忍野村,忍野ＳＳ,小売業,ガソリンスタンド,2%
山梨県,忍野村,セブン－イレブン忍野村内野店,小売業,食料品,2%
山梨県,忍野村,すやま電器,小売業,電化製品,5%
山梨県,忍野村,セルバ忍野店,小売業,食料品,5%
山梨県,忍野村,一般社団法人テラ,サービス,その他サービス,5%
山梨県,忍野村,レストランＩＮＥＹＡ,サービス,飲食業,5%
山梨県,甲斐市,アイネクシオ,サービス,その他サービス,5%
山梨県,甲斐市,Ａｕｄｉ 山梨,小売業,その他小売,5%
山梨県,甲斐市,アトリエビエンラ,小売業,貴金属・服飾品,5%
山梨県,甲斐市,アマノパークス 甲府バイパス店,小売業,食料品,5%
山梨県,甲斐市,イスタナロゼ,サービス,その他サービス,5%
山梨県,甲斐市,#NAME?,サービス,理容・美容業,5%
山梨県,甲斐市,出光玉幡ＳＳ,小売業,ガソリンスタンド,2%
山梨県,甲斐市,［ＨＣ］うえの電器,小売業,電化製品,5%
山梨県,甲斐市,エイト８電器,小売業,電化製品,5%
山梨県,甲斐市,ａｕショップラザウォーク双葉,サービス,その他サービス,5%
山梨県,甲斐市,おかじま 敷島店,小売業,食料品,5%
山梨県,甲斐市,オギノ西八幡店,小売業,食料品,5%
山梨県,甲斐市,オギノ双葉店,小売業,食料品,5%
山梨県,甲斐市,オギノ竜王駅前店,小売業,食料品,5%
山梨県,甲斐市,長田自動車鈑金塗装,サービス,その他サービス,5%
山梨県,甲斐市,セブン－イレブン甲斐大下条店,小売業,食料品,2%
山梨県,甲斐市,セブン－イレブン甲斐敷島東町店,小売業,食料品,2%
山梨県,甲斐市,セブン－イレブン甲斐島上条店,小売業,食料品,2%
山梨県,甲斐市,甲斐武,サービス,飲食業,5%
山梨県,甲斐市,セブン－イレブン甲斐富竹新田店,小売業,食料品,2%
山梨県,甲斐市,セブン－イレブン甲斐中下条店,小売業,食料品,2%
山梨県,甲斐市,セブン－イレブン甲斐長塚店,小売業,食料品,2%
山梨県,甲斐市,セブン－イレブン甲斐西八幡店,小売業,食料品,2%
山梨県,甲斐市,セブン－イレブン甲斐双葉赤坂台店,小売業,食料品,2%
山梨県,甲斐市,セブン－イレブン甲斐双葉岩森店,小売業,食料品,2%
山梨県,甲斐市,セブンーイレブン甲斐双葉宇津谷店,小売業,食料品,2%
山梨県,甲斐市,セブンーイレブン甲斐双葉龍地店,小売業,食料品,2%
山梨県,甲斐市,セブン－イレブン甲斐竜王駅前店,小売業,食料品,2%
山梨県,甲斐市,カットハウスクイック 竜王店,サービス,その他サービス,5%
山梨県,甲斐市,ＣＡＦＥ ＴＲＥＴＡＲ,サービス,飲食業,5%
山梨県,甲斐市,株式会社クリエイトオフィス,サービス,その他サービス,5%
山梨県,甲斐市,［ＨＣ］株式会社もちでん,小売業,電化製品,5%
山梨県,甲斐市,カムイオート 双葉響ヶ丘店,小売業,その他小売,5%
山梨県,甲斐市,カレーハウスｃｏｃｏ壱番屋甲府昭和インター店,サービス,飲食業,2%
山梨県,甲斐市,ギャラリー インセンス,小売業,その他小売,5%
山梨県,甲斐市,牛角響が丘店,サービス,飲食業,2%
山梨県,甲斐市,クメイ電器,小売業,電化製品,5%
山梨県,甲斐市,グローバルコーポレーション,小売業,貴金属・服飾品,5%
山梨県,甲斐市,Ｋ．ＦｉｅｌｄＷｏｒｋｓ 甲斐市小林農園,小売業,食料品,5%
山梨県,甲斐市,ケーキ アット クー,小売業,食料品,5%
山梨県,甲斐市,甲州地どり庵一π,サービス,飲食業,5%
山梨県,甲斐市,甲府建材 西支店,小売業,家具・調度品,5%
山梨県,甲斐市,甲府バイパス竜王ＳＳ,小売業,ガソリンスタンド,2%
山梨県,甲斐市,甲府双葉ＳＳ,小売業,ガソリンスタンド,2%
山梨県,甲斐市,山興株式会社 整備課,小売業,ガソリンスタンド,2%
山梨県,甲斐市,塩崎駅前ＳＳ,小売業,ガソリンスタンド,2%
山梨県,甲斐市,清水電化,小売業,電化製品,5%
山梨県,甲斐市,ＪＡＰＡＮ運転代行,サービス,運輸業,5%
山梨県,甲斐市,ＧＬＥＮＮ,小売業,衣料品,5%
山梨県,甲斐市,すし 礎,サービス,飲食業,5%
山梨県,甲斐市,すたみな太郎 甲府昭和インター店,サービス,飲食業,5%
山梨県,甲斐市,ＳＭＩＬＥＢｅａｕｔｙＳａｌｏｎ彩り,サービス,理容・美容業,5%
山梨県,甲斐市,清りゅう,サービス,飲食業,5%
山梨県,甲斐市,セルー・ソン・クール,サービス,理容・美容業,5%
山梨県,甲斐市,セントラル・サービス,サービス,その他サービス,5%
山梨県,甲斐市,Ｄａｈｉｃａ（イベント用）,小売業,その他小売,5%
山梨県,甲斐市,ＴーＭＡＲＣ,サービス,その他サービス,5%
山梨県,甲斐市,ｔｅｄｄｙｈｏｕｓｅ,小売業,その他小売,5%
山梨県,甲斐市,トヨタカローラ山梨甲府本店,小売業,その他小売,5%
山梨県,甲斐市,トヨタカローラ山梨甲府Ｕ－Ｃａｒ店,小売業,その他小売,5%
山梨県,甲斐市,ＮａｇｗｏＮ,小売業,衣料品,5%
山梨県,甲斐市,ニッセンシェイプファンデサロンＣｈａｒｍ,小売業,衣料品,5%
山梨県,甲斐市,合同会社リスポ,サービス,その他サービス,5%
山梨県,甲斐市,パークＷＥＳＴ竜王ＳＳ,小売業,ガソリンスタンド,2%
山梨県,甲斐市,ＢＡＳＫＥＴＣＯＵＮＴ,小売業,その他小売,5%
山梨県,甲斐市,ＢＡＳＴＡ,サービス,理容・美容業,5%
山梨県,甲斐市,春木屋鳳玉 アルプス通り店,小売業,書籍・玩具・音楽ＣＤ,5%
山梨県,甲斐市,ピア竜王ＳＳ,小売業,ガソリンスタンド,2%
山梨県,甲斐市,美容室ＱｕａｔｒｅＮｅｕｆ,サービス,理容・美容業,5%
山梨県,甲斐市,美容室ハッピーヘアー 西八幡店,サービス,理容・美容業,5%
山梨県,甲斐市,ｂ－ｒｉｇｈｔ,サービス,理容・美容業,5%
山梨県,甲斐市,ｆａｖｏｒｉ,小売業,衣料品,5%
山梨県,甲斐市,フォーカルポイントＫ,小売業,家具・調度品,5%
山梨県,甲斐市,フラワーパラダイス,小売業,その他小売,5%
山梨県,甲斐市,ほぐし堂双葉店,サービス,理容・美容業,5%
山梨県,甲斐市,ほぐりえ竜王店,サービス,理容・美容業,5%
山梨県,甲斐市,ホテル神の湯温泉,サービス,宿泊業,5%
山梨県,甲斐市,マクドナルド２０号竜王店,サービス,飲食業,2%
山梨県,甲斐市,マクドナルド双葉イツモア店,サービス,飲食業,2%
山梨県,甲斐市,丸久ホテル神の湯温泉株式会社,サービス,宿泊業,5%
山梨県,甲斐市,ミュージック・コア・ミユキ,サービス,その他サービス,5%
山梨県,甲斐市,やきとり鶏まる,小売業,食料品,5%
山梨県,甲斐市,焼肉 四季,サービス,飲食業,5%
山梨県,甲斐市,焼肉もう家,サービス,飲食業,5%
山梨県,甲斐市,セブン－イレブン山梨信玄橋店,小売業,食料品,2%
山梨県,甲斐市,山梨トヨペット竜王店,小売業,その他小売,5%
山梨県,甲斐市,セブン－イレブン山梨竜王店,小売業,食料品,2%
山梨県,甲斐市,ユウキ薬局,小売業,その他小売,5%
山梨県,甲斐市,有限会社名取自工,サービス,その他サービス,5%
山梨県,甲斐市,湯ーとぴあ,サービス,宿泊業,5%
山梨県,甲斐市,Ｌａｆａｔａ,サービス,理容・美容業,5%
山梨県,甲斐市,竜王ＳＳ,小売業,ガソリンスタンド,2%
山梨県,甲斐市,セブン－イレブン竜王玉川店,小売業,食料品,2%
山梨県,甲斐市,セブン－イレブン竜王西小前店,小売業,食料品,2%
山梨県,甲斐市,セブン－イレブン竜王バイパス富竹新田店,小売業,食料品,2%
山梨県,甲斐市,竜王ラドン温泉ホテル 湯ーとぴあ,サービス,宿泊業,5%
山梨県,甲斐市,Ｌｏｈａｓ Ｈａｉｒ Ｓｍｉｌｅ,サービス,理容・美容業,5%
山梨県,甲州市,ＡＲＡＩ ＭＥＴＡＬ ＷＯＲＫＳ,小売業,貴金属・服飾品,5%
山梨県,甲州市,一三堂書店,小売業,書籍・玩具・音楽ＣＤ,5%
山梨県,甲州市,出光セルフ塩山ＳＳ,小売業,ガソリンスタンド,2%
山梨県,甲州市,癒しの家,小売業,衣料品,5%
山梨県,甲州市,ＶＩＣＥＬＬＡ,サービス,理容・美容業,5%
山梨県,甲州市,エリソン・ダン・ジュール,サービス,飲食業,5%
山梨県,甲州市,塩山駅前ＳＳ,小売業,ガソリンスタンド,2%
山梨県,甲州市,セブン－イレブン塩山上塩後店,小売業,食料品,2%
山梨県,甲州市,セブン－イレブン塩山三日市場店,小売業,食料品,2%
山梨県,甲州市,おかじま甲州店,小売業,食料品,5%
山梨県,甲州市,オギノ塩山店,小売業,食料品,5%
山梨県,甲州市,オギノ甲州店,小売業,食料品,5%
山梨県,甲州市,奥野田ワイナリー,小売業,食料品,5%
山梨県,甲州市,セブン－イレブン甲斐大和店,小売業,食料品,2%
山梨県,甲州市,甲斐ワイナリー株式会社,小売業,食料品,5%
山梨県,甲州市,カットハウスクイック 塩山店,サービス,理容・美容業,5%
山梨県,甲州市,勝沼ＳＳ,小売業,ガソリンスタンド,2%
山梨県,甲州市,勝沼ＳＳ,小売業,ガソリンスタンド,2%
山梨県,甲州市,勝沼,小売業,ガソリンスタンド,2%
山梨県,甲州市,勝沼ＳＳ,小売業,ガソリンスタンド,2%
山梨県,甲州市,勝沼ガラス工房 がらす屋,サービス,その他サービス,5%
山梨県,甲州市,株式会社信玄食品 本社直売所,小売業,食料品,5%
山梨県,甲州市,桔梗屋 東治郎 塩山店,小売業,家具・調度品,5%
山梨県,甲州市,桔梗屋 東次郎 塩山店,小売業,食料品,5%
山梨県,甲州市,９８ＷＩＮＥｓ,サービス,飲食業,5%
山梨県,甲州市,グディーズナカヤ勝沼店,小売業,その他小売,5%
山梨県,甲州市,グディーズナカヤ三日市場店,小売業,その他小売,5%
山梨県,甲州市,けあふぃっとふぁーむ,小売業,食料品,5%
山梨県,甲州市,セブン－イレブン甲州塩山千野店,小売業,食料品,2%
山梨県,甲州市,セブン－イレブン甲州勝沼東雲店,小売業,食料品,2%
山梨県,甲州市,セブン－イレブン甲州熊野橋西店,小売業,食料品,2%
山梨県,甲州市,Ｓａｌｏｎ ｄｅ Ｃｈｅｒｉｌｙ,サービス,理容・美容業,5%
山梨県,甲州市,三省堂 三省堂,小売業,食料品,5%
山梨県,甲州市,ＪＡフルーツ山梨 塩山支所,小売業,その他小売,5%
山梨県,甲州市,ＪＡフルーツ山梨 勝沼支所,小売業,その他小売,5%
山梨県,甲州市,昭和堂,小売業,その他小売,5%
山梨県,甲州市,寝装品のあきやま,小売業,家具・調度品,5%
山梨県,甲州市,炭火焼肉おおとり,サービス,飲食業,5%
山梨県,甲州市,つじや,小売業,家具・調度品,5%
山梨県,甲州市,ハーブ庭園旅日記,小売業,貴金属・服飾品,5%
山梨県,甲州市,ｂ ｓｔｙｌｅ 柳本理容店,サービス,理容・美容業,5%
山梨県,甲州市,フラワーショップはなやさん,小売業,その他小売,5%
山梨県,甲州市,フルーツ直売所 勝沼店,小売業,食料品,5%
山梨県,甲州市,マクドナルド塩山店,サービス,飲食業,2%
山梨県,甲州市,松里,小売業,ガソリンスタンド,2%
山梨県,甲州市,丸幸商店,小売業,衣料品,5%
山梨県,甲州市,メガネストアー塩山,小売業,その他小売,5%
山梨県,甲州市,メガネストアー塩山店,小売業,その他小売,5%
山梨県,甲州市,野菜とくだもの甲州屋,小売業,食料品,5%
山梨県,甲州市,有限会社矢崎住宅設備,小売業,その他小売,5%
山梨県,甲州市,大和ＳＳ,小売業,ガソリンスタンド,2%
山梨県,甲州市,山梨フルーツ王国,小売業,食料品,5%
山梨県,甲州市,山梨フルーツ王国 釈迦堂ＰＡ上り,サービス,その他サービス,5%
山梨県,甲州市,レストランテ風アルガ葡萄園直営,サービス,飲食業,5%
山梨県,甲府市,アーツデザイン,小売業,貴金属・服飾品,5%
山梨県,甲府市,アート・アーカイブス,サービス,飲食業,5%
山梨県,甲府市,愛車倶楽部ＡＱＵＡ,サービス,その他サービス,5%
山梨県,甲府市,あいせ税理士法人,サービス,その他サービス,5%
山梨県,甲府市,ｉＢ Ｍｕｓｉｃ Ｓｃｈｏｏｌ,サービス,その他サービス,5%
山梨県,甲府市,秋吉 甲府店,サービス,飲食業,5%
山梨県,甲府市,アーク甲府店,小売業,衣料品,5%
山梨県,甲府市,Ａｇｕ ｈａｉｒ Ａｇｕ ｈａｉｒ ｏｄｉｅｒ甲府,サービス,理容・美容業,5%
山梨県,甲府市,Ａｇｕ ｈａｉｒ Ａｇｕ ｈａｉｒ ｗｉｎｄ国母,サービス,理容・美容業,5%
山梨県,甲府市,ＡｓｉａＦａｒｍ,小売業,衣料品,5%
山梨県,甲府市,アシザワデンキ,小売業,電化製品,5%
山梨県,甲府市,ＥＡＲＴＨＹ ＮＯＴＥＳ,小売業,衣料品,5%
山梨県,甲府市,アップルカーコンビニ倶楽部,サービス,その他サービス,5%
山梨県,甲府市,アップル車検美術館通り店,サービス,その他サービス,5%
山梨県,甲府市,アフロディーテ♪,サービス,理容・美容業,5%
山梨県,甲府市,アマノパークス 岡島店,小売業,食料品,5%
山梨県,甲府市,アルピット徳行ＳＳ株式会社佐渡屋油店,小売業,ガソリンスタンド,2%
山梨県,甲府市,アルミーファイブエンジニアリング,小売業,書籍・玩具・音楽ＣＤ,5%
山梨県,甲府市,Ａｒｏｍａ Ｈａｐｙｔｙ,サービス,理容・美容業,5%
山梨県,甲府市,ＥＣＳムラマツ電器,小売業,電化製品,5%
山梨県,甲府市,EC-Regalo,小売業,食料品,5%
山梨県,甲府市,飯田キャンパスＳＢ店（Ｔｕｏ）,サービス,その他サービス,5%
山梨県,甲府市,池田キャンパスＳＢ店,サービス,その他サービス,5%
山梨県,甲府市,居酒屋 もちけん,サービス,飲食業,5%
山梨県,甲府市,石川治療院,サービス,理容・美容業,5%
山梨県,甲府市,一休さんの開運堂,小売業,その他小売,5%
山梨県,甲府市,イッセイ,サービス,飲食業,5%
山梨県,甲府市,出光アイネットセルフ甲府ＳＳ,小売業,ガソリンスタンド,2%
山梨県,甲府市,出光アイネット東青沼ＳＳ,小売業,ガソリンスタンド,2%
山梨県,甲府市,出光上野原西ＳＳ,小売業,ガソリンスタンド,2%
山梨県,甲府市,出光酒折ＳＳ,小売業,ガソリンスタンド,2%
山梨県,甲府市,出光セルフエイブル国母ＳＳ,小売業,ガソリンスタンド,2%
山梨県,甲府市,出光玉諸ＳＳ,小売業,ガソリンスタンド,2%
山梨県,甲府市,煎豆屋,小売業,食料品,5%
山梨県,甲府市,インテリア東京 甲府店,小売業,衣料品,5%
山梨県,甲府市,ｖｉｅｉｌｌｅｓｖｉｇｎｅｓ,サービス,飲食業,5%
山梨県,甲府市,ｖｉｅｉｌｌｅｓｖｉｇｎｅｓ,サービス,飲食業,5%
山梨県,甲府市,Ｗｉｌｌ甲府店,小売業,貴金属・服飾品,5%
山梨県,甲府市,魚幸よこもり,サービス,飲食業,5%
山梨県,甲府市,内田電器商会,小売業,電化製品,5%
山梨県,甲府市,ＯＥＵＦ,小売業,家具・調度品,5%
山梨県,甲府市,ＯＥＵＦ Ｆｅｒｉａ店,小売業,家具・調度品,5%
山梨県,甲府市,Ｅｍｍｙ’ｓ,小売業,その他小売,5%
山梨県,甲府市,エヴァ,小売業,衣料品,5%
山梨県,甲府市,ａｕショップ甲府,サービス,その他サービス,5%
山梨県,甲府市,Ｓ．Ｄ．Ｓ車検代行ステーション,サービス,その他サービス,5%
山梨県,甲府市,エス・ピー・インターナショナル,小売業,貴金属・服飾品,5%
山梨県,甲府市,エテルナ甲府店,小売業,その他小売,5%
山梨県,甲府市,エフ・ジェイオイルズ国母,小売業,ガソリンスタンド,2%
山梨県,甲府市,エルク,小売業,その他小売,5%
山梨県,甲府市,８Ｎ,サービス,理容・美容業,5%
山梨県,甲府市,エンジェル,小売業,衣料品,5%
山梨県,甲府市,太田工業株式会社,サービス,その他サービス,5%
山梨県,甲府市,オギノ朝日店,小売業,食料品,5%
山梨県,甲府市,オギノイーストモール店,小売業,その他小売,5%
山梨県,甲府市,オギノ伊勢店,小売業,食料品,5%
山梨県,甲府市,オギノ上今井店,小売業,食料品,5%
山梨県,甲府市,オギノキャロット山宮店,小売業,食料品,5%
山梨県,甲府市,オギノ貢川店,小売業,食料品,5%
山梨県,甲府市,オギノ国母店,小売業,食料品,5%
山梨県,甲府市,オギノ下石田店,小売業,食料品,5%
山梨県,甲府市,オギノ城東店,小売業,食料品,5%
山梨県,甲府市,オギノ向町店,小売業,食料品,5%
山梨県,甲府市,オートプロデュース ジョイ,小売業,その他小売,5%
山梨県,甲府市,オリックスレンタカー甲府駅前店,サービス,その他サービス,2%
山梨県,甲府市,オリックスレンタカー甲府店,サービス,その他サービス,2%
山梨県,甲府市,ガーネットファンズ,小売業,貴金属・服飾品,5%
山梨県,甲府市,回転寿し活鮮 和戸店,サービス,飲食業,5%
山梨県,甲府市,カットハウスクイック 大里店,サービス,理容・美容業,5%
山梨県,甲府市,カットハウスクイック 池田店,サービス,理容・美容業,5%
山梨県,甲府市,カットハウスクイック 北口店,サービス,その他サービス,5%
山梨県,甲府市,カットハウスクイック 中央店,サービス,理容・美容業,5%
山梨県,甲府市,割ぽうあめみや,サービス,飲食業,5%
山梨県,甲府市,かっぽうぎ甲府店,サービス,飲食業,2%
山梨県,甲府市,割烹三井,サービス,飲食業,5%
山梨県,甲府市,カードラボ 甲府店,小売業,書籍・玩具・音楽ＣＤ,5%
山梨県,甲府市,ｋａｎｏｎ,小売業,衣料品,5%
山梨県,甲府市,株式会社 秋山製作所,小売業,貴金属・服飾品,5%
山梨県,甲府市,ＣＡＦＥ Ｍ,サービス,飲食業,5%
山梨県,甲府市,ｃａｆｅｍｅｔａｎｔｉｌｏｐｅ,小売業,衣料品,5%
山梨県,甲府市,ＣＡＦＥ ＭＯＡＬＡ,サービス,飲食業,5%
山梨県,甲府市,株式会社エンヂニア 本社,小売業,その他小売,5%
山梨県,甲府市,株式会社ＧｒｅｐＰｌｕｓホビーツール魁,小売業,その他小売,5%
山梨県,甲府市,株式会社近藤モータース,サービス,その他サービス,5%
山梨県,甲府市,株式会社ジュエリーアイデス,小売業,貴金属・服飾品,5%
山梨県,甲府市,株式会社中澤プロ企画,サービス,その他サービス,5%
山梨県,甲府市,株式会社マツムラ酒販,小売業,食料品,5%
山梨県,甲府市,株式会社柳屋,サービス,宿泊業,5%
山梨県,甲府市,上九一色ＳＳ,小売業,ガソリンスタンド,2%
山梨県,甲府市,カムイ オート甲府店,小売業,その他小売,5%
山梨県,甲府市,カムイ 甲府二輪館,小売業,その他小売,5%
山梨県,甲府市,からあげ処 からまる,サービス,飲食業,5%
山梨県,甲府市,ＧＡＬＡ ＨＡＩＲ,サービス,理容・美容業,5%
山梨県,甲府市,ＣＡＬ甲府本店,サービス,理容・美容業,5%
山梨県,甲府市,ＣＡＬ＋,サービス,理容・美容業,5%
山梨県,甲府市,カレーハウスＣＯＣＯ壱番屋甲府上阿原店,サービス,飲食業,2%
山梨県,甲府市,カレーハウスＣＯＣＯ壱番屋甲府国母店,サービス,飲食業,2%
山梨県,甲府市,河合塾マナビス甲府校,サービス,その他サービス,2%
山梨県,甲府市,韓国家庭料理 韓豚,サービス,飲食業,5%
山梨県,甲府市,キーズカフェ時夢創屋,サービス,飲食業,5%
山梨県,甲府市,桔梗信玄,小売業,食料品,5%
山梨県,甲府市,桔梗屋 甲府本店,小売業,食料品,5%
山梨県,甲府市,桔梗屋 東次郎 美術館通り店,小売業,食料品,5%
山梨県,甲府市,桔梗屋 東次郎 和戸店,小売業,食料品,5%
山梨県,甲府市,ＫＩＺＵＫＩ,サービス,その他サービス,5%
山梨県,甲府市,吉字屋 履物店,小売業,その他小売,5%
山梨県,甲府市,スリープショップ きむら,小売業,家具・調度品,5%
山梨県,甲府市,キャピックコウフ,サービス,その他サービス,5%
山梨県,甲府市,ギャラリー インセンス,小売業,その他小売,5%
山梨県,甲府市,牛角甲府店,サービス,飲食業,2%
山梨県,甲府市,牛角甲府平和通店,サービス,飲食業,2%
山梨県,甲府市,九福国際開発株式会社,サービス,その他サービス,5%
山梨県,甲府市,行政書士市川雄資事務所,サービス,その他サービス,5%
山梨県,甲府市,株式会社ギリオン,小売業,その他小売,5%
山梨県,甲府市,桐山薬品,サービス,理容・美容業,5%
山梨県,甲府市,貢川ＳＳ,小売業,ガソリンスタンド,2%
山梨県,甲府市,貢川富竹ＳＳ 有限会社ヤマシタ,小売業,ガソリンスタンド,2%
山梨県,甲府市,串処 ほとり,サービス,飲食業,5%
山梨県,甲府市,靴工場ＹｕｔａＭｉｔｓｕｍｏｒｉ,サービス,その他サービス,5%
山梨県,甲府市,窪田自動車鈑金塗装工場,サービス,その他サービス,5%
山梨県,甲府市,窪田電気,小売業,電化製品,5%
山梨県,甲府市,クボタ電気商会,小売業,電化製品,5%
山梨県,甲府市,ＫＵＲＡ,サービス,飲食業,5%
山梨県,甲府市,ＧＬＯＷ ［グロウ］,サービス,理容・美容業,5%
山梨県,甲府市,グローバルユニコム,小売業,その他小売,5%
山梨県,甲府市,黒富士,サービス,飲食業,5%
山梨県,甲府市,ｇａｔｅ ｈａｉｒ,サービス,理容・美容業,5%
山梨県,甲府市,ゲストハウスソノママ,サービス,宿泊業,5%
山梨県,甲府市,コイチ堂電気,小売業,電化製品,5%
山梨県,甲府市,高原スタジオ,サービス,その他サービス,5%
山梨県,甲府市,甲州牛鍋料理 紅梅や,サービス,飲食業,5%
山梨県,甲府市,甲州ちろり処 こいこい,サービス,飲食業,5%
山梨県,甲府市,厚生会館 購買・書籍,サービス,その他サービス,5%
山梨県,甲府市,厚生会館 購買・書籍（ＴＵＯ）,サービス,その他サービス,5%
山梨県,甲府市,セブン－イレブン甲府相生店,小売業,食料品,2%
山梨県,甲府市,セブン－イレブン甲府青沼１丁目店,小売業,食料品,2%
山梨県,甲府市,セブン－イレブン甲府朝気１丁目店,小売業,食料品,2%
山梨県,甲府市,セブン－イレブン甲府朝気３丁目店,小売業,食料品,2%
山梨県,甲府市,セブン－イレブン甲府伊勢１丁目店,小売業,食料品,2%
山梨県,甲府市,セブン－イレブン甲府大里店,小売業,食料品,2%
山梨県,甲府市,セブン－イレブン甲府大津町店,小売業,食料品,2%
山梨県,甲府市,セブン－イレブン甲府大手１丁目店,小売業,食料品,2%
山梨県,甲府市,セブン－イレブン甲府音羽橋店,小売業,食料品,2%
山梨県,甲府市,セブン－イレブン甲府上阿原店,小売業,食料品,2%
山梨県,甲府市,セブン－イレブン甲府上石田３丁目店,小売業,食料品,2%
山梨県,甲府市,セブン－イレブン甲府川田町店,小売業,食料品,2%
山梨県,甲府市,セブン－イレブン甲府気象台西店,小売業,食料品,2%
山梨県,甲府市,Ｄｒ．Ｄｒｉｖｅ甲府北店,小売業,ガソリンスタンド,2%
山梨県,甲府市,甲府記念日ホテル,サービス,宿泊業,5%
山梨県,甲府市,セブンーイレブン甲府貢川店,小売業,食料品,2%
山梨県,甲府市,セブン－イレブン甲府貢川本町店,小売業,食料品,2%
山梨県,甲府市,セブン－イレブン甲府国玉店,小売業,食料品,2%
山梨県,甲府市,甲府ぐるめ横丁,サービス,飲食業,5%
山梨県,甲府市,セブンーイレブン甲府国母工業団地店,小売業,食料品,2%
山梨県,甲府市,セブン－イレブン甲府国母店,小売業,食料品,2%
山梨県,甲府市,セブン－イレブン甲府国母４丁目店,小売業,食料品,2%
山梨県,甲府市,セブン－イレブン甲府寿町店,小売業,食料品,2%
山梨県,甲府市,セブン－イレブン甲府幸町店,小売業,食料品,2%
山梨県,甲府市,セブン－イレブン甲府桜井町店,小売業,食料品,2%
山梨県,甲府市,セブン－イレブン甲府市城東４丁目店,小売業,食料品,2%
山梨県,甲府市,セブン－イレブン甲府下石田２丁目店,小売業,食料品,2%
山梨県,甲府市,甲府城東,小売業,ガソリンスタンド,2%
山梨県,甲府市,セブン－イレブン甲府新田町店,小売業,食料品,2%
山梨県,甲府市,セブン－イレブン甲府砂田町店,小売業,食料品,2%
山梨県,甲府市,甲府住吉ＳＳ,小売業,ガソリンスタンド,2%
山梨県,甲府市,セブンーイレブン甲府住吉５丁目店,小売業,食料品,2%
山梨県,甲府市,セブン－イレブン甲府住吉３丁目店,小売業,食料品,2%
山梨県,甲府市,セブン－イレブン甲府武田店,小売業,食料品,2%
山梨県,甲府市,セブン－イレブン甲府中央店,小売業,食料品,2%
山梨県,甲府市,甲府中央郵便局売店,小売業,その他小売,5%
山梨県,甲府市,甲府電商,小売業,電化製品,5%
山梨県,甲府市,セブン－イレブン甲府西下条町店,小売業,食料品,2%
山梨県,甲府市,Ｄｒ．Ｄｒｉｖｅセルフ甲府バイパス店,小売業,ガソリンスタンド,2%
山梨県,甲府市,セブン－イレブン甲府富士見通り店,小売業,食料品,2%
山梨県,甲府市,セブン－イレブン甲府富士見２丁目店,小売業,食料品,2%
山梨県,甲府市,甲府プリンスホテル 朝日館,サービス,宿泊業,5%
山梨県,甲府市,セブン－イレブン甲府万才橋店,小売業,食料品,2%
山梨県,甲府市,セブン－イレブン甲府美咲店,小売業,食料品,2%
山梨県,甲府市,Ｄｒ．Ｄｒｉｖｅ甲府南インタ－風土記の丘店,小売業,ガソリンスタンド,2%
山梨県,甲府市,セブン－イレブン甲府南インター店,小売業,食料品,2%
山梨県,甲府市,セブン－イレブン甲府宮原町店,小売業,食料品,2%
山梨県,甲府市,セブン－イレブン甲府山城店,小売業,食料品,2%
山梨県,甲府市,セブン－イレブン甲府山宮町店,小売業,食料品,2%
山梨県,甲府市,セブン－イレブン甲府湯村温泉郷店,小売業,食料品,2%
山梨県,甲府市,セブン－イレブン甲府湯村店,小売業,食料品,2%
山梨県,甲府市,セブン－イレブン甲府蓬沢店,小売業,食料品,2%
山梨県,甲府市,セブン－イレブン甲府和戸西店,小売業,食料品,2%
山梨県,甲府市,工房 雅,小売業,貴金属・服飾品,5%
山梨県,甲府市,コーナーポケット甲府東店,小売業,食料品,5%
山梨県,甲府市,ゴミでんき,小売業,電化製品,5%
山梨県,甲府市,小料理哲,サービス,飲食業,5%
山梨県,甲府市,ゴールド島田,小売業,貴金属・服飾品,5%
山梨県,甲府市,サイクルハンズ,小売業,その他小売,5%
山梨県,甲府市,サイクルハンズ 甲府東店,小売業,その他小売,5%
山梨県,甲府市,Ｔｈｅ Ｖａｕｌｔ,サービス,飲食業,5%
山梨県,甲府市,ＳＡＫＵＲＡ ＢＡＲ,サービス,飲食業,5%
山梨県,甲府市,酒のディアーズ,小売業,食料品,5%
山梨県,甲府市,ｔｈｅ；Ｋｏｋｕｂｏ,サービス,飲食業,5%
山梨県,甲府市,佐渡屋,サービス,飲食業,5%
山梨県,甲府市,サドヤ,小売業,食料品,5%
山梨県,甲府市,澤田屋 本店,小売業,食料品,5%
山梨県,甲府市,株式会社産業革新研究所,サービス,その他サービス,5%
山梨県,甲府市,山光石油株式会社甲府 直売,小売業,その他小売,5%
山梨県,甲府市,山光石油株式会社甲府 簡易ガス,小売業,その他小売,5%
山梨県,甲府市,ＳＨＡＭＥＳ,サービス,その他サービス,5%
山梨県,甲府市,四季彩 甲府店,サービス,飲食業,5%
山梨県,甲府市,治作鮨,サービス,飲食業,5%
山梨県,甲府市,清水屋駒井米店,小売業,食料品,5%
山梨県,甲府市,シャトー酒折ワイナリー,小売業,その他小売,5%
山梨県,甲府市,シャトー・ドゥ・クープ,サービス,理容・美容業,5%
山梨県,甲府市,ｃｈｏｕｅｔｔｅ．,サービス,理容・美容業,5%
山梨県,甲府市,ジュエリー工房カズヤ,小売業,貴金属・服飾品,5%
山梨県,甲府市,ジュエリーコンシェルジェ,小売業,貴金属・服飾品,5%
山梨県,甲府市,Ｊｕｎｏ【ジュノ】,サービス,理容・美容業,5%
山梨県,甲府市,シューマート 甲府富士見店,小売業,衣料品,5%
山梨県,甲府市,シューマート甲府向町店,小売業,衣料品,5%
山梨県,甲府市,旬菜そばかさふじ,サービス,飲食業,5%
山梨県,甲府市,旬菜厨房 奈のは 実りの郷,サービス,飲食業,5%
山梨県,甲府市,ショップ 湯村,小売業,家具・調度品,5%
山梨県,甲府市,寝具の望月,小売業,家具・調度品,5%
山梨県,甲府市,寝具の望月バイパス店,小売業,家具・調度品,5%
山梨県,甲府市,シンセラティ－住設,サービス,その他サービス,5%
山梨県,甲府市,新日本補聴器センター甲府店,小売業,その他小売,5%
山梨県,甲府市,新平和通りＳＳ,小売業,ガソリンスタンド,2%
山梨県,甲府市,水琴酒堂,サービス,飲食業,5%
山梨県,甲府市,スカイ通信,小売業,電化製品,5%
山梨県,甲府市,寿司処ちひろ,サービス,飲食業,5%
山梨県,甲府市,Ｓｐｒｉｎｇ Ｗｉｎｄ２３０,小売業,その他小売,5%
山梨県,甲府市,スプリング・ブリーズ,サービス,理容・美容業,5%
山梨県,甲府市,ＳＰＲＵＣＥ,小売業,衣料品,5%
山梨県,甲府市,スポーツカムイ甲府店,小売業,その他小売,5%
山梨県,甲府市,スマイル １,小売業,その他小売,5%
山梨県,甲府市,住吉ＳＳ,小売業,ガソリンスタンド,2%
山梨県,甲府市,スリーピークス,小売業,食料品,5%
山梨県,甲府市,駿河健康ランド,サービス,宿泊業,5%
山梨県,甲府市,生活彩館・みかみ,小売業,電化製品,5%
山梨県,甲府市,セルフ甲府店,小売業,ガソリンスタンド,2%
山梨県,甲府市,相互タクシー １４２４,サービス,運輸業,5%
山梨県,甲府市,（株）大成 甲府中央（営）ＳＳセンター,小売業,家具・調度品,5%
山梨県,甲府市,大成電気,小売業,電化製品,5%
山梨県,甲府市,タイヨー電気,小売業,電化製品,5%
山梨県,甲府市,高畑ＳＳ,小売業,ガソリンスタンド,2%
山梨県,甲府市,タナカタイヤサービス,小売業,その他小売,5%
山梨県,甲府市,ダンロカン,サービス,宿泊業,5%
山梨県,甲府市,ＣＨＡＫＵＲＡ,サービス,飲食業,5%
山梨県,甲府市,中央市場,小売業,ガソリンスタンド,2%
山梨県,甲府市,中央市場東,小売業,ガソリンスタンド,2%
山梨県,甲府市,中央ベニヤ株式会社,サービス,その他サービス,5%
山梨県,甲府市,土屋国母,小売業,ガソリンスタンド,2%
山梨県,甲府市,寺崎ＣＯＦＦＥＥ,サービス,飲食業,5%
山梨県,甲府市,ＤＥＬＩＳ,小売業,食料品,5%
山梨県,甲府市,ＴＵＯ 山梨大学生協 食堂部,サービス,その他サービス,5%
山梨県,甲府市,ＴｒｕｅＴｒｕｓｔｕｎ下石田店,サービス,理容・美容業,5%
山梨県,甲府市,トールペイント ｅｍｉフラワーペイント,サービス,その他サービス,5%
山梨県,甲府市,常磐ホテル,サービス,宿泊業,5%
山梨県,甲府市,Ｄｒ．Ｄｒｉｖｅカーオアシス甲府南店,小売業,ガソリンスタンド,2%
山梨県,甲府市,Ｄｒ．Ｄｒｉｖｅ甲府西店,小売業,ガソリンスタンド,2%
山梨県,甲府市,Ｄｒ．Ｄｒｉｖｅ城東店,小売業,ガソリンスタンド,2%
山梨県,甲府市,Ｄｒ．Ｄｒｉｖｅ向町店,小売業,ガソリンスタンド,2%
山梨県,甲府市,ドコモスポット 甲府バリオ店,小売業,電化製品,5%
山梨県,甲府市,ドスパラ甲府店,小売業,電化製品,5%
山梨県,甲府市,トータルウェディングセラヴィ山梨,サービス,その他サービス,5%
山梨県,甲府市,ＤＯＧＦＵＮ,小売業,その他小売,5%
山梨県,甲府市,ドバシデンキ,小売業,電化製品,5%
山梨県,甲府市,土間土間甲府店,サービス,飲食業,2%
山梨県,甲府市,トヨタカローラ山梨甲府東店,小売業,その他小売,5%
山梨県,甲府市,トヨタレンタリース山梨甲府駅前店,サービス,その他サービス,2%
山梨県,甲府市,トヨタレンタリース山梨甲府バイパス店,サービス,その他サービス,2%
山梨県,甲府市,トヨタレンタリース山梨,サービス,その他サービス,5%
山梨県,甲府市,Ｔｒｉｐｏｄ Ｔｒｉｐｏｄ,サービス,理容・美容業,5%
山梨県,甲府市,ＴＯＲＡＮｈａｉｒｒｅｓｏｒｔ,サービス,理容・美容業,5%
山梨県,甲府市,ドルチェビータ,小売業,その他小売,5%
山梨県,甲府市,トレンドフジミＳＳ,小売業,ガソリンスタンド,2%
山梨県,甲府市,とん吉,サービス,飲食業,5%
山梨県,甲府市,ナオル薬品,小売業,その他小売,5%
山梨県,甲府市,中澤プロショップ,小売業,その他小売,5%
山梨県,甲府市,ナカヤマ電気,小売業,電化製品,5%
山梨県,甲府市,ナチュラルグレース,サービス,飲食業,5%
山梨県,甲府市,Ｎａｔｕｒａｌｇｒａｃｅケータリング,小売業,食料品,5%
山梨県,甲府市,ＮＡＰｂｅｄａｎｄｌｏｕｎｇｅ,サービス,宿泊業,5%
山梨県,甲府市,南西ＳＳ 有限会社ヤマシタ,小売業,ガソリンスタンド,2%
山梨県,甲府市,ｎｉｎｏ,サービス,理容・美容業,5%
山梨県,甲府市,日本の匠と美ほさか,サービス,その他サービス,5%
山梨県,甲府市,ネッツトヨタ山梨セイリアｐｉｐｉｔ店,小売業,その他小売,5%
山梨県,甲府市,ネッツトヨタ山梨本社セイリア店,小売業,その他小売,5%
山梨県,甲府市,ネッツトヨタ山梨Ｕ－Ｃａｒセンター和戸,小売業,その他小売,5%
山梨県,甲府市,有限会社トアシステム,サービス,その他サービス,5%
山梨県,甲府市,ＢＡＣＣＨＵＳ ＫＯＦＵ,サービス,宿泊業,5%
山梨県,甲府市,ＨＡＮＡＩＣＨＩ?ハナイチ,小売業,その他小売,5%
山梨県,甲府市,花国,小売業,その他小売,5%
山梨県,甲府市,花春寿司,サービス,飲食業,5%
山梨県,甲府市,ＢＡＲＢＥＲ ＤＡＺＥ,サービス,理容・美容業,5%
山梨県,甲府市,Ｂ．Ａ．Ｌｂｅａｕｔｙｌａｂｏｒａｔｏｒｙ,サービス,理容・美容業,5%
山梨県,甲府市,ＰＣドクター,サービス,その他サービス,5%
山梨県,甲府市,ビジネスホテルニシコー ビジネスホテルニシコー,サービス,宿泊業,5%
山梨県,甲府市,ビジュ,サービス,理容・美容業,5%
山梨県,甲府市,Ｄｒ．Ｄｒｉｖｅ美術館通り店,小売業,ガソリンスタンド,2%
山梨県,甲府市,美肌工房ＳＡＴＯＳＨＩＹＡ,小売業,その他小売,5%
山梨県,甲府市,ぴゅあはーと,サービス,理容・美容業,5%
山梨県,甲府市,ＢＢＳ ＤＩＡＭＯＮＤ ＭＯＯＮ,サービス,その他サービス,5%
山梨県,甲府市,美容室Ａｅｒｎａ,サービス,理容・美容業,5%
山梨県,甲府市,美容室ｅｎｊｏｙＮＥＷＹＯＲＫ 上今井店,サービス,理容・美容業,5%
山梨県,甲府市,ＨＩＲＯＯＫＡ ＫＯＦＵ,小売業,その他小売,5%
山梨県,甲府市,ひろめ堂,サービス,その他サービス,5%
山梨県,甲府市,ファイブスピード,サービス,その他サービス,5%
山梨県,甲府市,ファミーユ 朝日,小売業,衣料品,5%
山梨県,甲府市,ファミーユ 子供服 ファミーユ,小売業,衣料品,5%
山梨県,甲府市,ファミーユジュニア,小売業,衣料品,5%
山梨県,甲府市,Ｆｅｅｌ,小売業,その他小売,5%
山梨県,甲府市,フィッシュランド イシハラ,小売業,その他小売,5%
山梨県,甲府市,フォレ・ドゥ・クープ,サービス,理容・美容業,5%
山梨県,甲府市,フカサワ宝石,小売業,貴金属・服飾品,5%
山梨県,甲府市,福寿司,サービス,飲食業,5%
山梨県,甲府市,富士地域商社,小売業,食料品,5%
山梨県,甲府市,Ｆｌｕｕｎｔ出店,サービス,飲食業,5%
山梨県,甲府市,ＰＲＯＳＨＯＰＲＥＯⅡ,小売業,その他小売,5%
山梨県,甲府市,ヘア メイク リタ ｈａｉｒ ｍａｋｅ ｒｉｔａ,サービス,理容・美容業,5%
山梨県,甲府市,ｈａｉｒｏｆＧａｒｄｅｎ,サービス,理容・美容業,5%
山梨県,甲府市,Ｈａｉｒ Ｓａｌｏｎ ＲＵＬＥＲ,サービス,理容・美容業,5%
山梨県,甲府市,ＨａｉｒＳａｌｏｎＲＵＬＥＲ,サービス,理容・美容業,5%
山梨県,甲府市,ＨａｉｒｒｏｏｍＮｏｅｌ,サービス,理容・美容業,5%
山梨県,甲府市,ベーネ甲府ショップ,小売業,貴金属・服飾品,5%
山梨県,甲府市,ペットフィールド新平和通り店,小売業,その他小売,5%
山梨県,甲府市,ヘルシーＳＰＡサンロード,サービス,その他サービス,5%
山梨県,甲府市,ヘルシーレストラン パセリ,サービス,飲食業,5%
山梨県,甲府市,ほぐし堂甲府駅前店,サービス,理容・美容業,5%
山梨県,甲府市,ほぐし堂下石田店,サービス,理容・美容業,5%
山梨県,甲府市,ほぐし堂バイパス上町店,サービス,その他サービス,5%
山梨県,甲府市,星野書店,小売業,書籍・玩具・音楽ＣＤ,5%
山梨県,甲府市,ボディショップ もど～る！,サービス,その他サービス,5%
山梨県,甲府市,ホテル シーラックパル 甲府,サービス,宿泊業,5%
山梨県,甲府市,ホテル談露館,サービス,宿泊業,5%
山梨県,甲府市,ホテル吉野,サービス,宿泊業,5%
山梨県,甲府市,ホテル１ー２ー３甲府・信玄温泉,サービス,宿泊業,5%
山梨県,甲府市,ほぐし堂山の手通り店,サービス,理容・美容業,5%
山梨県,甲府市,ボルボ・カーズ甲府,サービス,その他サービス,5%
山梨県,甲府市,ボンスポーツ,小売業,その他小売,5%
山梨県,甲府市,甲府建材商会 本店,小売業,その他小売,5%
山梨県,甲府市,ボンマルシェ,サービス,飲食業,5%
山梨県,甲府市,ｍｙ ｐｒｅｓｅｎｔ．,小売業,食料品,5%
山梨県,甲府市,マクドナルド甲府朝気店,サービス,飲食業,2%
山梨県,甲府市,マクドナルド甲府アルプス通り店,サービス,飲食業,2%
山梨県,甲府市,マクドナルド甲府湯村店,サービス,飲食業,2%
山梨県,甲府市,マクドナルド甲府和戸店,サービス,飲食業,2%
山梨県,甲府市,マクドナルド国母店,サービス,飲食業,2%
山梨県,甲府市,マクドナルド中小河原店,サービス,飲食業,2%
山梨県,甲府市,マリー化粧品店,小売業,その他小売,5%
山梨県,甲府市,株式会社 マリコ 小瀬店,小売業,家具・調度品,5%
山梨県,甲府市,まるごとやまなし館,小売業,家具・調度品,5%
山梨県,甲府市,美咲タクシー ６１７０,サービス,運輸業,5%
山梨県,甲府市,みどりや洋菓子店,小売業,食料品,5%
山梨県,甲府市,南甲府ＳＳ 山宝石油,小売業,ガソリンスタンド,2%
山梨県,甲府市,ｍｉｍｉｎａｉｌ＆ｅｙｅ,サービス,理容・美容業,5%
山梨県,甲府市,株式会社明治堂,小売業,貴金属・服飾品,5%
山梨県,甲府市,メガネ・トケイ ユキエ,小売業,貴金属・服飾品,5%
山梨県,甲府市,Ｍｅｔｉｅｒ,サービス,理容・美容業,5%
山梨県,甲府市,焼肉 ばんばん,サービス,飲食業,5%
山梨県,甲府市,山梨共栄石油 本社,小売業,ガソリンスタンド,2%
山梨県,甲府市,山梨クラリオン株式会社,サービス,その他サービス,5%
山梨県,甲府市,セブンーイレブン山梨県立美術館前店,小売業,食料品,2%
山梨県,甲府市,山梨大学生協 食堂部,サービス,その他サービス,5%
山梨県,甲府市,山梨通販,小売業,食料品,5%
山梨県,甲府市,山梨トヨペット国母店,小売業,その他小売,5%
山梨県,甲府市,山梨トヨペット本店,小売業,その他小売,5%
山梨県,甲府市,山梨トヨペットＵ－Ｃａｒ和戸店,小売業,その他小売,5%
山梨県,甲府市,山梨日野自動車株式会社,小売業,その他小売,5%
山梨県,甲府市,山梨万年筆商会,小売業,その他小売,5%
山梨県,甲府市,山梨ヤクルト販売 韮崎センター,小売業,食料品,5%
山梨県,甲府市,山梨ヤクルト販売 北杜センター,小売業,食料品,5%
山梨県,甲府市,山梨ヤクルト販売 貢川センター,小売業,食料品,5%
山梨県,甲府市,山梨ヤクルト販売 中央センター,小売業,食料品,5%
山梨県,甲府市,山梨ヤクルト販売 甲府南センター,小売業,食料品,5%
山梨県,甲府市,山梨ヤクルト販売 美咲センター,小売業,食料品,5%
山梨県,甲府市,山梨ヤクルト販売 石和センター,小売業,食料品,5%
山梨県,甲府市,山梨ヤクルト販売 みだいセンター,小売業,食料品,5%
山梨県,甲府市,山梨ヤクルト販売 国母西センター,小売業,食料品,5%
山梨県,甲府市,山梨ヤクルト販売 敷島センター,小売業,食料品,5%
山梨県,甲府市,山梨ヤクルト販売 竜王センター,小売業,食料品,5%
山梨県,甲府市,山梨ヤクルト販売 南アルプスセンター,小売業,食料品,5%
山梨県,甲府市,山梨ヤクルト販売 かのいわピーチセンター,小売業,食料品,5%
山梨県,甲府市,山梨ヤクルト販売 塩山センター,小売業,食料品,5%
山梨県,甲府市,山梨ヤクルト販売 都留センター,小売業,食料品,5%
山梨県,甲府市,山梨ヤクルト販売 上野原センター,小売業,食料品,5%
山梨県,甲府市,山梨ヤクルト販売 吉田センター,小売業,食料品,5%
山梨県,甲府市,山梨ヤクルト販売 船津センター,小売業,食料品,5%
山梨県,甲府市,山の手ホンダ株式会社,小売業,その他小売,5%
山梨県,甲府市,（有）稲屋,小売業,衣料品,5%
山梨県,甲府市,有限会社市川自動車工業,サービス,その他サービス,5%
山梨県,甲府市,有限会社髙野牛肉店,小売業,食料品,5%
山梨県,甲府市,有限会社中野モーターサービス,サービス,その他サービス,5%
山梨県,甲府市,湯村ＳＳ,小売業,ガソリンスタンド,2%
山梨県,甲府市,湯村自動車学校,サービス,その他サービス,5%
山梨県,甲府市,湯村ホテルＢ＆Ｂ,サービス,宿泊業,5%
山梨県,甲府市,Ｄｒ．Ｄｒｉｖｅ八日町店,小売業,ガソリンスタンド,2%
山梨県,甲府市,ライフインナカゴミ,小売業,電化製品,5%
山梨県,甲府市,ラウンジ 信玄,サービス,飲食業,5%
山梨県,甲府市,らしんばん 甲府店,小売業,その他小売,5%
山梨県,甲府市,Ｌａｐｉｎ,サービス,飲食業,5%
山梨県,甲府市,ラポール・沙羅,サービス,理容・美容業,5%
山梨県,甲府市,Ｒｅｇａｌｏ,小売業,食料品,5%
山梨県,甲府市,リーガルシューズ 甲府店,小売業,衣料品,5%
山梨県,甲府市,ＬＩＦＴ,小売業,衣料品,5%
山梨県,甲府市,Ｌｉｂｅｒａｒｅ,サービス,その他サービス,5%
山梨県,甲府市,竜宮館 ゆんたく,サービス,飲食業,5%
山梨県,甲府市,りゆーす,小売業,家具・調度品,5%
山梨県,甲府市,リュッカ ヘアデザイン,サービス,理容・美容業,5%
山梨県,甲府市,ＲＵＴＩＬＥ,小売業,衣料品,5%
山梨県,甲府市,Ｌｕｐｉｎｕｓ,小売業,その他小売,5%
山梨県,甲府市,ＬＵＲＡ甲府店,小売業,その他小売,5%
山梨県,甲府市,レーヴ動物病院,サービス,その他サービス,5%
山梨県,甲府市,レストランナスキノ,サービス,飲食業,5%
山梨県,甲府市,レストランバー ＳＡＩＫＩ,サービス,飲食業,5%
山梨県,甲府市,ＹＫコンサルティング,サービス,その他サービス,5%
山梨県,甲府市,ワイ・ジュエリー,小売業,貴金属・服飾品,5%
山梨県,甲府市,和カフェ 黒蜜庵きなこ亭,小売業,食料品,5%
山梨県,甲府市,和食あかざわ,サービス,飲食業,5%
山梨県,甲府市,ワタナベ電器センター,小売業,電化製品,5%
山梨県,甲府市,和風焼肉 和志牛,サービス,飲食業,5%
山梨県,甲府市,わら焼き 熊鰹,サービス,飲食業,5%
山梨県,小菅村,出光小菅ＳＳ,小売業,ガソリンスタンド,2%
山梨県,小菅村,うまカフェ,サービス,理容・美容業,5%
山梨県,小菅村,広瀬屋旅館,サービス,宿泊業,5%
山梨県,昭和町,アマノＤＥＮＫＩ,小売業,電化製品,5%
山梨県,昭和町,イシイ補聴器,サービス,その他サービス,5%
山梨県,昭和町,インクポット 昭和店,小売業,その他小売,5%
山梨県,昭和町,上野モータース,サービス,その他サービス,5%
山梨県,昭和町,栄光商事株式会社甲府ＤＣ,小売業,その他小売,5%
山梨県,昭和町,Ａ－ｍｏｔｉｏｎ,小売業,その他小売,5%
山梨県,昭和町,ａｕショップイオンモール甲府昭和,サービス,その他サービス,5%
山梨県,昭和町,ＥｎｅＪｅｔ昭和バイパスＳＳ,小売業,ガソリンスタンド,2%
山梨県,昭和町,お食事処 川 昭和本店,サービス,飲食業,5%
山梨県,昭和町,温野菜田富リバーサイド店,サービス,飲食業,2%
山梨県,昭和町,カットハウスクイック 昭和店,サービス,理容・美容業,5%
山梨県,昭和町,株式会社天商,小売業,貴金属・服飾品,5%
山梨県,昭和町,カムイ オート昭和店,小売業,その他小売,5%
山梨県,昭和町,カレーハウスココ壱番屋中巨摩昭和通り店,サービス,飲食業,2%
山梨県,昭和町,河合塾マナビス昭和校,サービス,その他サービス,2%
山梨県,昭和町,ｋｉｉｔｏｓｂｙｓｅｅｋ,サービス,理容・美容業,5%
山梨県,昭和町,ｋｉｉｔｏｓ ｂｙ ｓｅｅｋ,サービス,理容・美容業,5%
山梨県,昭和町,ギフトセンターサクマ,小売業,その他小売,5%
山梨県,昭和町,牛角田富リバーサイド店,サービス,飲食業,2%
山梨県,昭和町,くいものやあん,サービス,飲食業,5%
山梨県,昭和町,Ｃｏｏ＆ＲＩＫＵ甲府昭和通り店,小売業,その他小売,5%
山梨県,昭和町,サイクルハンズ 昭和店,小売業,その他小売,5%
山梨県,昭和町,雑貨Ｓｏｕｐ．,小売業,衣料品,5%
山梨県,昭和町,ｓｈａｎＧ,小売業,衣料品,5%
山梨県,昭和町,シューマート 甲府昭和店,小売業,衣料品,5%
山梨県,昭和町,昭和ＳＳ,小売業,ガソリンスタンド,2%
山梨県,昭和町,セブン－イレブン昭和西条店,小売業,食料品,2%
山梨県,昭和町,セブン－イレブン昭和西条南店,小売業,食料品,2%
山梨県,昭和町,セブン－イレブン昭和町河西店,小売業,食料品,2%
山梨県,昭和町,セブン－イレブン昭和町清水新居店,小売業,食料品,2%
山梨県,昭和町,スーパーＴＡＣ甲府店,小売業,食料品,5%
山梨県,昭和町,すてないで 昭和店,小売業,その他小売,5%
山梨県,昭和町,ＳｐｉｃｙＲｏｃｃａ,サービス,飲食業,5%
山梨県,昭和町,ソニーの専門店ＯＳＡＤＡ,小売業,電化製品,5%
山梨県,昭和町,（株）大成 甲府昭和（営）ＳＳセンター,小売業,家具・調度品,5%
山梨県,昭和町,高野どうぶつ病院,サービス,その他サービス,5%
山梨県,昭和町,鶴田電化,小売業,電化製品,5%
山梨県,昭和町,ｄｉｆｆｕｓｉｏｎ＆ｃｏ．,サービス,理容・美容業,5%
山梨県,昭和町,Ｄｒ．Ｄｒｉｖｅ昭和バイパス店,小売業,ガソリンスタンド,2%
山梨県,昭和町,トスカ,小売業,その他小売,5%
山梨県,昭和町,トヨタカローラ山梨昭和店,小売業,その他小売,5%
山梨県,昭和町,トヨタホ－ム山梨株式会社,サービス,その他サービス,5%
山梨県,昭和町,トヨタレンタリース山梨 釜無工業団地店,サービス,その他サービス,2%
山梨県,昭和町,トヨタレンタリース山梨営業本部,サービス,その他サービス,2%
山梨県,昭和町,トヨタレンタリース山梨 営業本部,サービス,その他サービス,5%
山梨県,昭和町,肉処寅竜,サービス,飲食業,5%
山梨県,昭和町,肉ビストロＫＡＧＵＲＡ,サービス,飲食業,5%
山梨県,昭和町,ｐｅａｃｅ,サービス,その他サービス,5%
山梨県,昭和町,ヒノマルステーキ甲府店,サービス,飲食業,5%
山梨県,昭和町,ＢｅａｕｔｙＳｐａｃｅキリーク,サービス,理容・美容業,5%
山梨県,昭和町,ＰＩＮＸ,サービス,理容・美容業,5%
山梨県,昭和町,フェイスリノベーションサロンｔｕｔｕｍｕ フェイスリノベーションサロンツツム,サービス,理容・美容業,5%
山梨県,昭和町,ＰＲＯＧＲＥＳＳＩＶＥ ＦＩＥＬＤ,サービス,その他サービス,5%
山梨県,昭和町,ボールド,サービス,理容・美容業,5%
山梨県,昭和町,ほぐし堂昭和通り店,サービス,理容・美容業,5%
山梨県,昭和町,北北西,サービス,その他サービス,5%
山梨県,昭和町,ホテル昭和,サービス,宿泊業,5%
山梨県,昭和町,ホビーゾーン甲府昭和店,小売業,書籍・玩具・音楽ＣＤ,5%
山梨県,昭和町,マクドナルド甲府昭和イトーヨーカドー店,サービス,飲食業,2%
山梨県,昭和町,マクドナルド昭和通り飯喰店,サービス,飲食業,2%
山梨県,昭和町,沁株式会社,小売業,食料品,5%
山梨県,昭和町,向山美和子の料理教室,サービス,その他サービス,5%
山梨県,昭和町,モッシーズ,小売業,その他小売,5%
山梨県,昭和町,有限会社イワトモ,サービス,その他サービス,5%
山梨県,昭和町,ユザワヤ イオンモール甲府昭和店,小売業,その他小売,5%
山梨県,昭和町,ヨウメイコクサイカブシキカイシャ,小売業,その他小売,5%
山梨県,昭和町,ＲＡＤＩＣＡ ｄｏｕｃｅ Ｈａｒｍｏｎｉｅ ＳＴＯＣＫ 甲府店,小売業,衣料品,5%
山梨県,昭和町,ＲＡＤＩＣＡｄｏｕｃｅｈａｒｍｏｎｉｅＳ,小売業,衣料品,5%
山梨県,昭和町,Ｗｒｅａｔｈ,サービス,理容・美容業,5%
山梨県,昭和町,リストランテカントゥ,サービス,飲食業,5%
山梨県,昭和町,リストランテカントゥ,サービス,飲食業,5%
山梨県,昭和町,レストランシェ．ヒガシ,サービス,飲食業,5%
山梨県,丹波山村,丹波山 ＳＳ,小売業,ガソリンスタンド,2%
山梨県,丹波山村,丹波山ＳＳ,小売業,ガソリンスタンド,2%
山梨県,中央市,アウトブラン,小売業,その他小売,5%
山梨県,中央市,アップル車検 田富店,サービス,その他サービス,5%
山梨県,中央市,イトウ,小売業,貴金属・服飾品,5%
山梨県,中央市,ウエデンリバーショップ,小売業,電化製品,5%
山梨県,中央市,エンジョイニューヨーク リバーシ,サービス,理容・美容業,5%
山梨県,中央市,オギノ田富店,小売業,食料品,5%
山梨県,中央市,オギノリバーシティー店,小売業,その他小売,5%
山梨県,中央市,おもちゃのイチノセ,小売業,書籍・玩具・音楽ＣＤ,5%
山梨県,中央市,おもちゃのイチノセ,小売業,書籍・玩具・音楽ＣＤ,5%
山梨県,中央市,株式会社清川自動車,サービス,その他サービス,5%
山梨県,中央市,クール・カレアン オギノリバーシティ店,小売業,衣料品,5%
山梨県,中央市,Ｄｒ．Ｄｒｉｖｅサラ国母店,小売業,ガソリンスタンド,2%
山梨県,中央市,Ｊ．Ｓ．医大前 ＳＳ,小売業,ガソリンスタンド,2%
山梨県,中央市,新世館 田富店,サービス,飲食業,5%
山梨県,中央市,スタジオシエル山梨中央店,サービス,その他サービス,5%
山梨県,中央市,Ｓｍｉｌｅ ２,小売業,その他小売,5%
山梨県,中央市,スマイル スマイル,小売業,その他小売,5%
山梨県,中央市,田富店,小売業,ガソリンスタンド,2%
山梨県,中央市,セブンーイレブン田富リバーサイド店,小売業,食料品,2%
山梨県,中央市,セブンーイレブン玉穂成島店,小売業,食料品,2%
山梨県,中央市,セブン－イレブン中央市西花輪店,小売業,食料品,2%
山梨県,中央市,ティアラオギノリバーシティ店,小売業,衣料品,5%
山梨県,中央市,電化のウエデン,小売業,電化製品,5%
山梨県,中央市,Ｄｒ．Ｄｒｉｖｅ田富店,小売業,ガソリンスタンド,2%
山梨県,中央市,豊富ＳＳ,小売業,ガソリンスタンド,2%
山梨県,中央市,豊富ＳＳ,小売業,ガソリンスタンド,2%
山梨県,中央市,とよとみＳＳ,小売業,ガソリンスタンド,2%
山梨県,中央市,花菓亭 イオンタウン 山梨中央店,小売業,食料品,5%
山梨県,中央市,花輪タクシー,サービス,その他サービス,5%
山梨県,中央市,東花輪ＳＳ,小売業,ガソリンスタンド,2%
山梨県,中央市,Ｆｒｅｎｃｈ Ｂｕｌｌｄｏｇ,サービス,飲食業,5%
山梨県,中央市,Ｈａｉｒ ＡＬＬＵＲＥ,サービス,理容・美容業,5%
山梨県,中央市,ＰＯＬ,サービス,理容・美容業,5%
山梨県,中央市,メイリールー 田富店,小売業,衣料品,5%
山梨県,中央市,モバイルファン,小売業,電化製品,5%
山梨県,中央市,セブン－イレブン山梨大学医学部前店,小売業,食料品,2%
山梨県,中央市,セブン－イレブン山梨田富店,小売業,食料品,2%
山梨県,中央市,山梨日野自動車田富営業所,小売業,その他小売,5%
山梨県,都留市,ａｕショップ都留,サービス,その他サービス,5%
山梨県,都留市,おかじま 都留店,小売業,食料品,5%
山梨県,都留市,オギノ都留店,小売業,食料品,5%
山梨県,都留市,回転寿し活鮮 田野倉店,サービス,飲食業,5%
山梨県,都留市,禾生 ＳＳ,小売業,ガソリンスタンド,2%
山梨県,都留市,株式会社横田電器,サービス,その他サービス,5%
山梨県,都留市,（株）タイヤ館田野倉,小売業,その他小売,2%
山梨県,都留市,桔梗屋 東次郎 都留店,小売業,食料品,5%
山梨県,都留市,コンフォート,サービス,理容・美容業,5%
山梨県,都留市,サンアイＳＳプラザＳＳ,小売業,ガソリンスタンド,2%
山梨県,都留市,サン電気,小売業,電化製品,5%
山梨県,都留市,Ｊ－ＰＬＡＮＥＴ,小売業,その他小売,5%
山梨県,都留市,鹿留ＳＳ,小売業,ガソリンスタンド,2%
山梨県,都留市,しゃしんのイソ,サービス,その他サービス,5%
山梨県,都留市,スーパーウスイ,小売業,その他小売,5%
山梨県,都留市,スーパーウスイ,小売業,食料品,5%
山梨県,都留市,すてないで都留店,小売業,その他小売,5%
山梨県,都留市,スマイル×スマイル都留店,サービス,その他サービス,5%
山梨県,都留市,炭火焼肉牛角都留店,サービス,飲食業,2%
山梨県,都留市,セルバ 都留十日市場店,小売業,食料品,5%
山梨県,都留市,セルフ都留,小売業,ガソリンスタンド,2%
山梨県,都留市,セルフ都留東桂ＳＳ,小売業,ガソリンスタンド,2%
山梨県,都留市,せんべいの泉屋,小売業,食料品,5%
山梨県,都留市,都留ＳＳ,小売業,ガソリンスタンド,2%
山梨県,都留市,都留ＩＣＳＳ,小売業,ガソリンスタンド,2%
山梨県,都留市,セブン－イレブン都留井倉店,小売業,食料品,2%
山梨県,都留市,都留ＳＳ,小売業,ガソリンスタンド,2%
山梨県,都留市,セブン－イレブン都留金井店,小売業,食料品,2%
山梨県,都留市,セブン－イレブン都留市駅前店,小売業,食料品,2%
山梨県,都留市,セブン－イレブン都留市役所前店,小売業,食料品,2%
山梨県,都留市,セブン－イレブン都留田野倉店,小売業,食料品,2%
山梨県,都留市,セブン－イレブン都留田原２丁目店,小売業,食料品,2%
山梨県,都留市,都留平光,小売業,ガソリンスタンド,2%
山梨県,都留市,セブン－イレブン都留文大通り店,小売業,食料品,2%
山梨県,都留市,都留三吉ＳＳ,小売業,ガソリンスタンド,2%
山梨県,都留市,トヨタカローラ山梨都留バイパス店,小売業,その他小売,5%
山梨県,都留市,ナカムラ薬局,小売業,その他小売,5%
山梨県,都留市,ネッツトヨタ山梨都留店,小売業,その他小売,5%
山梨県,都留市,美容室グレイス 田野倉店,サービス,理容・美容業,5%
山梨県,都留市,フォトプラザＴＳＵＲ,サービス,その他サービス,5%
山梨県,都留市,Ｈａｉｒ Ｓａｌｏｎ ＴＡＫＡＯ,サービス,理容・美容業,5%
山梨県,都留市,ヘアサロンカルネ,サービス,理容・美容業,5%
山梨県,都留市,ホテルスターらんど,サービス,宿泊業,5%
山梨県,都留市,マクドナルド都留店,サービス,飲食業,2%
山梨県,都留市,メガネストアー都留,小売業,その他小売,5%
山梨県,都留市,メガネストアー都留店,小売業,その他小売,5%
山梨県,都留市,ヤナイスポーツ,小売業,その他小売,5%
山梨県,都留市,山梨トヨペット都留店,小売業,その他小売,5%
山梨県,都留市,谷村ＳＳ,小売業,ガソリンスタンド,2%
山梨県,都留市,ＬＵＭＢＥＲ ＲＯＯＭ ＣＯＦＦＥＥ,サービス,飲食業,5%
山梨県,都留市,レストラン鎌倉 レストラン鎌倉,サービス,飲食業,5%
山梨県,都留市,渡辺燃料店,小売業,ガソリンスタンド,2%
山梨県,道志村,株式会社リトル・トリー,サービス,その他サービス,5%
山梨県,道志村,渓流の宿,サービス,宿泊業,5%
山梨県,道志村,道志ＳＳ,小売業,ガソリンスタンド,2%
山梨県,鳴沢村,株式会社かいしゃ 鳴沢ＳＳ,小売業,ガソリンスタンド,2%
山梨県,鳴沢村,セブン－イレブン鳴沢大田和店,小売業,食料品,2%
山梨県,鳴沢村,なるさわ富士山博物館,小売業,貴金属・服飾品,5%
山梨県,鳴沢村,パディーフィールド,サービス,その他サービス,5%
山梨県,鳴沢村,林タイヤ商会,小売業,その他小売,5%
山梨県,鳴沢村,林タイヤ商会,小売業,その他小売,5%
山梨県,鳴沢村,富士満願ビレッジキャンプ場,サービス,宿泊業,5%
山梨県,鳴沢村,セブン－イレブン山梨鳴沢店,小売業,食料品,2%
山梨県,鳴沢村,ロッヂスタックポイント,サービス,その他サービス,5%
山梨県,南部町,オギノキャロット南部店,小売業,食料品,5%
山梨県,南部町,南部ＳＳ,小売業,ガソリンスタンド,2%
山梨県,南部町,南部バイパスＳＳ,小売業,ガソリンスタンド,2%
山梨県,南部町,船山温泉,サービス,宿泊業,5%
山梨県,西桂町,安眠堂 枕家,小売業,家具・調度品,5%
山梨県,西桂町,カーショップ ツルタ 西桂店,小売業,その他小売,5%
山梨県,西桂町,株式会社槙田商店,小売業,衣料品,5%
山梨県,西桂町,ＳＰＲＩＮＧ ＧＡＬＬＥＲＹ,サービス,飲食業,5%
山梨県,西桂町,スマイル×スマイル西桂店,サービス,その他サービス,5%
山梨県,西桂町,ツルタ,小売業,その他小売,5%
山梨県,西桂町,セブン－イレブン都留西桂町店,小売業,食料品,2%
山梨県,西桂町,ナガノ電器,小売業,電化製品,5%
山梨県,西桂町,三ツ峠ＳＳ,小売業,ガソリンスタンド,2%
山梨県,韮崎市,ＡＭＵＳＥ韮崎ＳＳ,小売業,ガソリンスタンド,2%
山梨県,韮崎市,イソベ電器,小売業,電化製品,5%
山梨県,韮崎市,衣料ストアータナベ,小売業,衣料品,5%
山梨県,韮崎市,エンジョイニューヨーク 韮崎店,サービス,理容・美容業,5%
山梨県,韮崎市,オギノ韮崎駅前店,小売業,その他小売,5%
山梨県,韮崎市,オギノ韮崎店,小売業,食料品,5%
山梨県,韮崎市,回転寿し活鮮 韮崎店,サービス,飲食業,5%
山梨県,韮崎市,ｇａｒａｇｅＢＥＲＵ’Ｓ,小売業,その他小売,5%
山梨県,韮崎市,桔梗屋 東次郎 韮崎店,小売業,食料品,5%
山梨県,韮崎市,ＧｉｍｍＡｒｇ,サービス,その他サービス,5%
山梨県,韮崎市,コーナーポケット,小売業,食料品,5%
山梨県,韮崎市,コーナーポケット韮崎駅前店,小売業,食料品,5%
山梨県,韮崎市,清水屋旅館,サービス,宿泊業,5%
山梨県,韮崎市,スタジオＳ,サービス,その他サービス,5%
山梨県,韮崎市,須玉インター店,小売業,ガソリンスタンド,2%
山梨県,韮崎市,セゾン桐の木 ＳＳ,小売業,ガソリンスタンド,2%
山梨県,韮崎市,タイヤ館韮崎,小売業,その他小売,2%
山梨県,韮崎市,Ｄｒ．Ｄｒｉｖｅセルフ韮崎店,小売業,ガソリンスタンド,2%
山梨県,韮崎市,トヨタカローラ山梨韮崎店,小売業,その他小売,5%
山梨県,韮崎市,トヨタレンタリース山梨韮崎駅前店,サービス,その他サービス,2%
山梨県,韮崎市,セブン－イレブン韮崎旭町店,小売業,食料品,2%
山梨県,韮崎市,韮崎北ＳＳ,小売業,ガソリンスタンド,2%
山梨県,韮崎市,韮崎北ＳＳ,小売業,ガソリンスタンド,2%
山梨県,韮崎市,セブン－イレブン韮崎高校前店,小売業,食料品,2%
山梨県,韮崎市,セブン－イレブン韮崎竜岡店,小売業,食料品,2%
山梨県,韮崎市,セブン－イレブン韮崎中田店,小売業,食料品,2%
山梨県,韮崎市,韮崎西ＳＳ,小売業,ガソリンスタンド,2%
山梨県,韮崎市,セブン－イレブン韮崎一ツ谷店,小売業,食料品,2%
山梨県,韮崎市,セブン－イレブン韮崎藤井町店,小売業,食料品,2%
山梨県,韮崎市,セブン－イレブン韮崎円野店,小売業,食料品,2%
山梨県,韮崎市,ネッツトヨタ山梨韮崎店,小売業,その他小売,5%
山梨県,韮崎市,ヘアサロンチノ,サービス,理容・美容業,5%
山梨県,韮崎市,ボンシイク,サービス,飲食業,5%
山梨県,韮崎市,本社,小売業,ガソリンスタンド,2%
山梨県,韮崎市,マクドナルド韮崎店,サービス,飲食業,2%
山梨県,韮崎市,セブン－イレブン御勅使工業団地入口店,小売業,食料品,2%
山梨県,韮崎市,宮脇書店 韮崎店,小売業,書籍・玩具・音楽ＣＤ,5%
山梨県,韮崎市,山本食肉有限会社,サービス,その他サービス,5%
山梨県,韮崎市,ヤザキ オート,サービス,その他サービス,5%
山梨県,韮崎市,山梨トヨペット韮崎店,小売業,その他小売,5%
山梨県,韮崎市,有限会社フカサワ,小売業,その他小売,5%
山梨県,韮崎市,ｗａｈｅｉｍａｒｉｏ,サービス,その他サービス,5%
山梨県,早川町,新倉ＳＳ,小売業,ガソリンスタンド,2%
山梨県,早川町,ギャラリー オゴン,小売業,家具・調度品,5%
山梨県,早川町,月夜見山荘／おすくに,サービス,その他サービス,5%
山梨県,笛吹市,Ｅａｒｌ,小売業,その他小売,5%
山梨県,笛吹市,アルファ・ペット・メモリアル,サービス,その他サービス,5%
山梨県,笛吹市,イオン石和店,小売業,食料品,5%
山梨県,笛吹市,石和ＳＳ,小売業,ガソリンスタンド,2%
山梨県,笛吹市,セブン－イレブン石和温泉駅前店,小売業,食料品,2%
山梨県,笛吹市,セブン－イレブン石和唐柏店,小売業,食料品,2%
山梨県,笛吹市,石和健康ランド,サービス,宿泊業,5%
山梨県,笛吹市,有限会社 石和酒販,小売業,食料品,5%
山梨県,笛吹市,石和どうぶつ病院,サービス,その他サービス,5%
山梨県,笛吹市,石和常磐ホテル,サービス,宿泊業,5%
山梨県,笛吹市,石和西ＳＳ,小売業,ガソリンスタンド,2%
山梨県,笛吹市,石和びゅーほてる,サービス,宿泊業,5%
山梨県,笛吹市,石和名湯館糸柳,サービス,宿泊業,5%
山梨県,笛吹市,一宮ＳＳ,小売業,ガソリンスタンド,2%
山梨県,笛吹市,セブン－イレブン一宮御坂インター南店,小売業,食料品,2%
山梨県,笛吹市,一宮ＩＣ ＳＳ 東亜砿油有限会社,小売業,ガソリンスタンド,2%
山梨県,笛吹市,一宮御坂バイパスＳＳ,小売業,ガソリンスタンド,2%
山梨県,笛吹市,ｉｃｃｉｋａｗａｒａｃｏｆｆｅｅ,サービス,飲食業,5%
山梨県,笛吹市,出光花鳥ＳＳ,小売業,ガソリンスタンド,2%
山梨県,笛吹市,出光御坂ＳＳ,小売業,ガソリンスタンド,2%
山梨県,笛吹市,インクポット 石和店,小売業,その他小売,5%
山梨県,笛吹市,ウイング１４０ＳＳ,小売業,ガソリンスタンド,2%
山梨県,笛吹市,うまいもん処榎,サービス,飲食業,5%
山梨県,笛吹市,株式会社栄和交通,サービス,運輸業,5%
山梨県,笛吹市,ａｕショップ石和,サービス,その他サービス,5%
山梨県,笛吹市,ＥＬＥＤＩＵＭ落合,小売業,電化製品,5%
山梨県,笛吹市,Ｏ＆Ｊすすき,小売業,その他小売,5%
山梨県,笛吹市,オギノ春日居店,小売業,食料品,5%
山梨県,笛吹市,オギノ笛吹店,小売業,食料品,5%
山梨県,笛吹市,お弁当激安コンビニ,小売業,食料品,5%
山梨県,笛吹市,温野菜石和店,サービス,飲食業,2%
山梨県,笛吹市,春日居ＳＳ,小売業,ガソリンスタンド,2%
山梨県,笛吹市,セブン－イレブン春日居鎮目北店,小売業,食料品,2%
山梨県,笛吹市,春日居びゅーほてる,サービス,宿泊業,5%
山梨県,笛吹市,カットハウスクイック 石和店,サービス,理容・美容業,5%
山梨県,笛吹市,Ｃａｆｅ＆Ｃｒａｆｔ Ｊｉｎｇ,サービス,飲食業,5%
山梨県,笛吹市,カムイみさかスキー場,サービス,その他サービス,5%
山梨県,笛吹市,革工房 アトリエ・ＳＨＯＵ,小売業,衣料品,5%
山梨県,笛吹市,桔梗屋 東次郎 一宮店,小売業,食料品,5%
山梨県,笛吹市,京水荘,サービス,宿泊業,5%
山梨県,笛吹市,くつろぎの邸くにたち,サービス,宿泊業,5%
山梨県,笛吹市,グディーズナカヤ石和店,小売業,その他小売,5%
山梨県,笛吹市,グリーンアウトレット,小売業,食料品,5%
山梨県,笛吹市,グルーヴライン,小売業,電化製品,5%
山梨県,笛吹市,ケパサカフェ,サービス,飲食業,5%
山梨県,笛吹市,コスモ春日居,小売業,ガソリンスタンド,2%
山梨県,笛吹市,セブン－イレブン境川石橋店,小売業,食料品,2%
山梨県,笛吹市,境川ＰＡ（上り線）,サービス,その他サービス,5%
山梨県,笛吹市,境川東 ＳＳ,小売業,ガソリンスタンド,2%
山梨県,笛吹市,ＪＡフルーツ山梨 春日居支所,小売業,その他小売,5%
山梨県,笛吹市,釈迦堂ＰＡ（下り線）,サービス,その他サービス,5%
山梨県,笛吹市,食彩酒房 月のうさぎ 食彩酒房月のうさぎ,サービス,飲食業,5%
山梨県,笛吹市,シンゲンカメラ シンゲンカメラ,小売業,その他小売,5%
山梨県,笛吹市,新世館 石和店,サービス,飲食業,5%
山梨県,笛吹市,水琴茶堂 一宮店,サービス,飲食業,5%
山梨県,笛吹市,ステージアップコンサルティングサービス,サービス,その他サービス,5%
山梨県,笛吹市,すてないで 一宮店,小売業,その他小売,5%
山梨県,笛吹市,すてないで 一宮店,小売業,その他小売,5%
山梨県,笛吹市,Ｓｍｉｌｅ Ｗｏｒｌｄ 石和店,小売業,その他小売,5%
山梨県,笛吹市,セルバ 御坂店,小売業,食料品,5%
山梨県,笛吹市,セルバ笛吹境川店,小売業,食料品,5%
山梨県,笛吹市,株式会社大成 ＳＳセンター石和店,小売業,家具・調度品,5%
山梨県,笛吹市,大和薬局,小売業,その他小売,5%
山梨県,笛吹市,ＴＡＫＥＩ！,サービス,その他サービス,5%
山梨県,笛吹市,武井商事,小売業,その他小売,5%
山梨県,笛吹市,武井電気,小売業,電化製品,5%
山梨県,笛吹市,長寿村 権六,サービス,飲食業,5%
山梨県,笛吹市,鉄道ゲストハウス鐡ノ家,サービス,その他サービス,5%
山梨県,笛吹市,鉄道ゲストハウス 鐡ノ家,サービス,宿泊業,5%
山梨県,笛吹市,Ｄｒ．Ｄｒｉｖｅ石和店,小売業,ガソリンスタンド,2%
山梨県,笛吹市,トヨタレンタリース石和温泉駅前店,サービス,その他サービス,2%
山梨県,笛吹市,トヨタレンタリース山梨石和温泉駅前店,サービス,その他サービス,2%
山梨県,笛吹市,トヨタレンタリース山梨 石和温泉駅前店,サービス,その他サービス,2%
山梨県,笛吹市,日本観光 本社,サービス,その他サービス,5%
山梨県,笛吹市,猫ガレージ,小売業,その他小売,5%
山梨県,笛吹市,ネッツトヨタ山梨石和店,小売業,その他小売,5%
山梨県,笛吹市,パナエース ＩＺＵＭＩ,小売業,電化製品,5%
山梨県,笛吹市,華やぎの章 慶山,サービス,宿泊業,5%
山梨県,笛吹市,Ｂｉ髪,サービス,理容・美容業,5%
山梨県,笛吹市,日川中央葡萄酒,小売業,食料品,5%
山梨県,笛吹市,日之出観光自動車株式会社,サービス,運輸業,5%
山梨県,笛吹市,美容室 エイム スマイフ,サービス,理容・美容業,5%
山梨県,笛吹市,セブン－イレブン笛吹石和井戸店,小売業,食料品,2%
山梨県,笛吹市,セブン－イレブン笛吹石和小石和店,小売業,食料品,2%
山梨県,笛吹市,セブン－イレブン笛吹石和東高橋店,小売業,食料品,2%
山梨県,笛吹市,セブン－イレブン笛吹一宮小城店,小売業,食料品,2%
山梨県,笛吹市,セブン－イレブン笛吹一宮坪井店,小売業,食料品,2%
山梨県,笛吹市,セブン－イレブン笛吹春日居町小松店,小売業,食料品,2%
山梨県,笛吹市,セブン－イレブン笛吹高校前店,小売業,食料品,2%
山梨県,笛吹市,セブン－イレブン笛吹八代高家南店,小売業,食料品,2%
山梨県,笛吹市,セブン－イレブン笛吹八代南店,小売業,食料品,2%
山梨県,笛吹市,宝石庭園 信玄の里,小売業,貴金属・服飾品,5%
山梨県,笛吹市,ほぐし堂石和店,サービス,理容・美容業,5%
山梨県,笛吹市,Ｂｏｔｔｅｇａ Ｇｌｉｃｉｎｅ,小売業,衣料品,5%
山梨県,笛吹市,ＢＯＤＹ ＳＨＯＰ ＳＥＲＩＯＵＳ,サービス,その他サービス,5%
山梨県,笛吹市,ホテル 花いさわ,サービス,宿泊業,5%
山梨県,笛吹市,ホテル 花いさわ,サービス,宿泊業,5%
山梨県,笛吹市,ホテル石庭,サービス,宿泊業,5%
山梨県,笛吹市,ホテル虹,サービス,その他サービス,5%
山梨県,笛吹市,ホテル八田,サービス,宿泊業,5%
山梨県,笛吹市,ホテル花いさわ,サービス,宿泊業,5%
山梨県,笛吹市,ホテルふじ,サービス,宿泊業,5%
山梨県,笛吹市,ホリデー車検 石和店,小売業,ガソリンスタンド,2%
山梨県,笛吹市,マクドナルド石和アピタ店,サービス,飲食業,2%
山梨県,笛吹市,マクドナルド石和店,サービス,飲食業,2%
山梨県,笛吹市,馬込園,小売業,食料品,5%
山梨県,笛吹市,マルミフル－ツ,小売業,食料品,5%
山梨県,笛吹市,セブン－イレブン御坂夏目原店,小売業,食料品,2%
山梨県,笛吹市,御坂成田ＳＳ,小売業,ガソリンスタンド,2%
山梨県,笛吹市,御坂農園グレープハウス,小売業,その他小売,5%
山梨県,笛吹市,みなみ葡萄園,小売業,その他小売,5%
山梨県,笛吹市,酩庭の宿ホテル甲子園,サービス,宿泊業,5%
山梨県,笛吹市,メガネ 時計 宝飾 すすき,小売業,その他小売,5%
山梨県,笛吹市,メガネ・トケイ・ホウセキカモシタ,小売業,貴金属・服飾品,5%
山梨県,笛吹市,薬石の湯 瑰泉,サービス,その他サービス,5%
山梨県,笛吹市,八代ＳＳ,小売業,ガソリンスタンド,2%
山梨県,笛吹市,矢野農園,小売業,食料品,5%
山梨県,笛吹市,セブン－イレブン山梨石和店,小売業,食料品,2%
山梨県,笛吹市,セブン－イレブン山梨一宮中央店,小売業,食料品,2%
山梨県,笛吹市,山梨日野自動車中古車センター,小売業,その他小売,5%
山梨県,笛吹市,有限会社 かげつ,サービス,宿泊業,5%
山梨県,笛吹市,旅館キセン,サービス,宿泊業,5%
山梨県,笛吹市,旅館泉山荘,サービス,宿泊業,5%
山梨県,笛吹市,旅館笛吹川,サービス,宿泊業,5%
山梨県,笛吹市,旅館 深雪温泉,サービス,宿泊業,5%
山梨県,笛吹市,ルミエールワイナリー,小売業,食料品,5%
山梨県,笛吹市,和風旅館峯,サービス,宿泊業,5%
山梨県,富士河口湖町,赤池薬局,小売業,その他小売,5%
山梨県,富士河口湖町,あかいし旅館,サービス,宿泊業,5%
山梨県,富士河口湖町,赤富士ワインセラー,小売業,食料品,5%
山梨県,富士河口湖町,セルフ三本杉ＳＳ,小売業,ガソリンスタンド,2%
山梨県,富士河口湖町,足和田 ＳＳ,小売業,ガソリンスタンド,2%
山梨県,富士河口湖町,アシワダラウンジ,サービス,宿泊業,5%
山梨県,富士河口湖町,ａｄｄ,サービス,理容・美容業,5%
山梨県,富士河口湖町,居酒屋みなみ,サービス,飲食業,5%
山梨県,富士河口湖町,出光河口湖北ＳＳ,小売業,ガソリンスタンド,2%
山梨県,富士河口湖町,出光スバルラインＳＳ,小売業,ガソリンスタンド,2%
山梨県,富士河口湖町,印傳館山澄園,小売業,その他小売,5%
山梨県,富士河口湖町,ウィークエンドシャッフル,サービス,その他サービス,5%
山梨県,富士河口湖町,ヴィラ本栖,サービス,宿泊業,5%
山梨県,富士河口湖町,うなぎ割烹力,サービス,飲食業,5%
山梨県,富士河口湖町,エフ・ラインワタトウ,小売業,電化製品,5%
山梨県,富士河口湖町,オギノ河口湖店,小売業,食料品,5%
山梨県,富士河口湖町,お好み焼き遊ゆう,サービス,飲食業,5%
山梨県,富士河口湖町,オレンジ・キャビン,サービス,その他サービス,5%
山梨県,富士河口湖町,河口湖コテージｍｉｎａｍｉ,サービス,その他サービス,5%
山梨県,富士河口湖町,梶原生花店,小売業,その他小売,5%
山梨県,富士河口湖町,貸別荘ウルルン河口湖,サービス,その他サービス,5%
山梨県,富士河口湖町,貸別荘ＫＯＫＯ,サービス,その他サービス,5%
山梨県,富士河口湖町,貸別荘ゆうしん,サービス,宿泊業,5%
山梨県,富士河口湖町,花水庭おおや,サービス,宿泊業,5%
山梨県,富士河口湖町,ガストホフ メラージ,サービス,宿泊業,5%
山梨県,富士河口湖町,ガストホフ リュミエール,サービス,宿泊業,5%
山梨県,富士河口湖町,風のテラス ＫＵＫＵＮＡ,サービス,宿泊業,5%
山梨県,富士河口湖町,合唱の家おおば 合唱の家 おおば,サービス,宿泊業,5%
山梨県,富士河口湖町,割烹七草,サービス,飲食業,5%
山梨県,富士河口湖町,ＬａｋｅＳｉｄｅＣａｆｅｋｕ,サービス,飲食業,5%
山梨県,富士河口湖町,カフェ絃,サービス,飲食業,5%
山梨県,富士河口湖町,ＲＥＳＯ・ＫＹＯＥＩ河口湖ＳＳ,小売業,ガソリンスタンド,2%
山梨県,富士河口湖町,セブン－イレブン河口湖新倉トンネル店,小売業,食料品,2%
山梨県,富士河口湖町,セブン－イレブン河口湖駅東店,小売業,食料品,2%
山梨県,富士河口湖町,セブン－イレブン河口湖駅前店,小売業,食料品,2%
山梨県,富士河口湖町,河口湖ＳＳ,小売業,ガソリンスタンド,2%
山梨県,富士河口湖町,セブン－イレブン河口湖大橋南店,小売業,食料品,2%
山梨県,富士河口湖町,河口湖温泉寺 夢殿,サービス,宿泊業,5%
山梨県,富士河口湖町,セブン－イレブン河口湖勝山東店,小売業,食料品,2%
山梨県,富士河口湖町,セブン－イレブン河口湖河口店,小売業,食料品,2%
山梨県,富士河口湖町,河口湖チーズ工房,小売業,食料品,5%
山梨県,富士河口湖町,河口湖パークホテル,サービス,宿泊業,5%
山梨県,富士河口湖町,セブン－イレブン河口湖船津登山道店,小売業,食料品,2%
山梨県,富士河口湖町,観光レストランみはらし亭,小売業,その他小売,5%
山梨県,富士河口湖町,カントリーレイクシステムズ,サービス,その他サービス,5%
山梨県,富士河口湖町,グリル白樺,サービス,宿泊業,5%
山梨県,富士河口湖町,ＣＬＡＹ ＣＬＡＹ河口湖店,小売業,衣料品,5%
山梨県,富士河口湖町,クレッシェンド,サービス,宿泊業,5%
山梨県,富士河口湖町,くろにゃん,小売業,衣料品,5%
山梨県,富士河口湖町,黒蜜庵 フォレストモール富士河口湖店,小売業,家具・調度品,5%
山梨県,富士河口湖町,ゲストハウスオレンジ・キャビン,サービス,その他サービス,5%
山梨県,富士河口湖町,ケンカイロプラクティック,サービス,理容・美容業,5%
山梨県,富士河口湖町,ＫＯＫＯ,サービス,宿泊業,5%
山梨県,富士河口湖町,湖仙荘,サービス,飲食業,5%
山梨県,富士河口湖町,湖仙荘,小売業,食料品,5%
山梨県,富士河口湖町,コテージ・パストラーレ,サービス,宿泊業,5%
山梨県,富士河口湖町,コテージトガワ,サービス,宿泊業,5%
山梨県,富士河口湖町,湖南荘,サービス,宿泊業,5%
山梨県,富士河口湖町,コノハナサクヤカフェ,小売業,貴金属・服飾品,5%
山梨県,富士河口湖町,湖風の宿 あさふじ,サービス,宿泊業,5%
山梨県,富士河口湖町,湖舞家,サービス,宿泊業,5%
山梨県,富士河口湖町,湖楽おんやど富士吟景,サービス,宿泊業,5%
山梨県,富士河口湖町,酒処 和ん,サービス,飲食業,5%
山梨県,富士河口湖町,ｚａｋｋａ ｍａｒｃｈｅ,小売業,その他小売,5%
山梨県,富士河口湖町,サニーデ・リゾート＜貸別荘＞,サービス,宿泊業,5%
山梨県,富士河口湖町,サニーデリゾート,サービス,宿泊業,5%
山梨県,富士河口湖町,３８ＫＡＷＡＧＵＣＨＩＫＯ,サービス,飲食業,5%
山梨県,富士河口湖町,山水縁,サービス,飲食業,5%
山梨県,富士河口湖町,（有）サンセイトレーディング,小売業,電化製品,5%
山梨県,富士河口湖町,ｓｉｅｓｔａ,小売業,衣料品,5%
山梨県,富士河口湖町,四季の宿 富士山,サービス,宿泊業,5%
山梨県,富士河口湖町,七輪焼 ホルモンヌ,サービス,飲食業,5%
山梨県,富士河口湖町,精進マウントホテル,サービス,宿泊業,5%
山梨県,富士河口湖町,食事処 里山,サービス,飲食業,5%
山梨県,富士河口湖町,ショッピングセンター 足和田,サービス,宿泊業,5%
山梨県,富士河口湖町,白かば荘,サービス,宿泊業,5%
山梨県,富士河口湖町,スーベニル・ショップ,サービス,宿泊業,5%
山梨県,富士河口湖町,スカイラウンジ 芙蓉,サービス,宿泊業,5%
山梨県,富士河口湖町,有限会社 寿司善,サービス,飲食業,5%
山梨県,富士河口湖町,ＳＴＡＮＤＡＲＤｐｏｉｎｔ,小売業,その他小売,5%
山梨県,富士河口湖町,スパニッシュ・ラウンジ,サービス,宿泊業,5%
山梨県,富士河口湖町,炭火焼肉牛角河口湖店,サービス,飲食業,2%
山梨県,富士河口湖町,西湖いやしの里富士炉漫窯,サービス,理容・美容業,5%
山梨県,富士河口湖町,関野商店,小売業,その他小売,5%
山梨県,富士河口湖町,セルバ 河口湖ＢＥＬＬ店,小売業,食料品,5%
山梨県,富士河口湖町,セルフ河口湖新倉トンネル店,小売業,ガソリンスタンド,2%
山梨県,富士河口湖町,セルフ三本杉ＳＳ ＰＩＴ,小売業,ガソリンスタンド,2%
山梨県,富士河口湖町,セルフ・ハイランドＳＳ,小売業,ガソリンスタンド,2%
山梨県,富士河口湖町,セルフ富士河口湖ＳＳ,小売業,ガソリンスタンド,2%
山梨県,富士河口湖町,卓示書店河口湖ＢＥＬＬ店,小売業,書籍・玩具・音楽ＣＤ,5%
山梨県,富士河口湖町,タコドール,サービス,飲食業,5%
山梨県,富士河口湖町,中国料理 観富亭,サービス,宿泊業,5%
山梨県,富士河口湖町,ちりめん細工・つるしかざり,サービス,その他サービス,5%
山梨県,富士河口湖町,ティ．エム．ワークス,小売業,その他小売,5%
山梨県,富士河口湖町,天下一,小売業,家具・調度品,5%
山梨県,富士河口湖町,天上山 河口湖荘,小売業,その他小売,5%
山梨県,富士河口湖町,時悠々楽游,サービス,宿泊業,5%
山梨県,富士河口湖町,Ｄｒ．Ｄｒｉｖｅカーオアシス富士見店セルフ,小売業,ガソリンスタンド,2%
山梨県,富士河口湖町,Ｄｒ．Ｄｒｉｖｅカーオアシス富士見店,小売業,ガソリンスタンド,2%
山梨県,富士河口湖町,富ノ湖ホテル,サービス,宿泊業,5%
山梨県,富士河口湖町,トヨタレンタリース山梨富士河口湖店,サービス,その他サービス,2%
山梨県,富士河口湖町,ｔｒｏｉｓｉｅｍｅ ｍａｒｃｈｅ,サービス,飲食業,5%
山梨県,富士河口湖町,ｔｒｏｉｓｉｅｍｅ ｍａｒｃｈｅ,サービス,飲食業,5%
山梨県,富士河口湖町,バー 湖畔,サービス,宿泊業,5%
山梨県,富士河口湖町,ハーブの里コテージ,サービス,宿泊業,5%
山梨県,富士河口湖町,カジュアルワインショップバディーズ,サービス,その他サービス,5%
山梨県,富士河口湖町,ＨａｎａＣａｆｅ ｋｉｋｙｏｕ,サービス,飲食業,5%
山梨県,富士河口湖町,ハーブ庭園旅日記河口湖庭園,小売業,貴金属・服飾品,5%
山梨県,富士河口湖町,ＨＡＬＥＬＵＹＡ,サービス,宿泊業,5%
山梨県,富士河口湖町,晴家（ＨＡＬＥＬＵＹＡ）ＧＵＥＳＴＨＯＵＳＥ,サービス,その他サービス,5%
山梨県,富士河口湖町,パワーマーケットＴＡＣ,小売業,食料品,5%
山梨県,富士河口湖町,ビジネス＆リゾート河口湖 ＳＡＷＡホテル,サービス,宿泊業,5%
山梨県,富士河口湖町,ＨｉｄｄｅｎＪａｐａｎ,サービス,その他サービス,5%
山梨県,富士河口湖町,ファミリーオート,小売業,その他小売,5%
山梨県,富士河口湖町,福禄寿,サービス,飲食業,5%
山梨県,富士河口湖町,富士レークホテル,サービス,宿泊業,5%
山梨県,富士河口湖町,ふじさんデッキ,小売業,貴金属・服飾品,5%
山梨県,富士河口湖町,富士ビューホテル,サービス,宿泊業,5%
山梨県,富士河口湖町,フジプレミアムリゾート,サービス,宿泊業,5%
山梨県,富士河口湖町,フランスの食堂キャフェドゥブローニュ,サービス,飲食業,5%
山梨県,富士河口湖町,フレンドリーインぴ～ぷる,サービス,宿泊業,5%
山梨県,富士河口湖町,ベルデ,サービス,飲食業,5%
山梨県,富士河口湖町,ペンション クレヨン,サービス,宿泊業,5%
山梨県,富士河口湖町,ペンション ペイネ,サービス,宿泊業,5%
山梨県,富士河口湖町,ペンション湖水祭,サービス,宿泊業,5%
山梨県,富士河口湖町,ペンションＺｏｚａｎ,サービス,その他サービス,5%
山梨県,富士河口湖町,ペンションのーむ,サービス,その他サービス,5%
山梨県,富士河口湖町,ペンション ラヴィン スプーンフル,サービス,宿泊業,5%
山梨県,富士河口湖町,ほうとう蔵 歩成 河口湖店,サービス,飲食業,5%
山梨県,富士河口湖町,ＨｏｋｕｒｏｋｕＷｏｒｋｓ,サービス,その他サービス,5%
山梨県,富士河口湖町,ＨＯＳＴＥＬみちくさや,サービス,その他サービス,5%
山梨県,富士河口湖町,本格メキシカンタコドール,サービス,飲食業,5%
山梨県,富士河口湖町,三浦電気商会,小売業,電化製品,5%
山梨県,富士河口湖町,Ｍｉｕｒａ料理店,サービス,飲食業,5%
山梨県,富士河口湖町,湖のホテル,サービス,宿泊業,5%
山梨県,富士河口湖町,ｍｉｎｕｒｅｃｒｙｓｔａｌ,小売業,その他小売,5%
山梨県,富士河口湖町,ミヤマ 河口湖店,小売業,衣料品,5%
山梨県,富士河口湖町,ミュージアムカフェ・トンボダマ,小売業,家具・調度品,5%
山梨県,富士河口湖町,民宿丸慶,サービス,宿泊業,5%
山梨県,富士河口湖町,民宿 富岳荘,サービス,宿泊業,5%
山梨県,富士河口湖町,ムスビ,小売業,衣料品,5%
山梨県,富士河口湖町,めでたや,小売業,その他小売,5%
山梨県,富士河口湖町,本栖びゅーほてる,サービス,宿泊業,5%
山梨県,富士河口湖町,もみじ亭,サービス,飲食業,5%
山梨県,富士河口湖町,山梨トヨペット河口湖店,小売業,その他小売,5%
山梨県,富士河口湖町,湯けむり富士の宿 大池ホテル,サービス,宿泊業,5%
山梨県,富士河口湖町,吉田のうどん蔵ノ介,サービス,飲食業,5%
山梨県,富士河口湖町,ＲＩＣＥＴＴＡ,サービス,飲食業,5%
山梨県,富士河口湖町,Ｒｅｔｒｅａｔ ｃａｍｐまほろば,サービス,その他サービス,5%
山梨県,富士河口湖町,旅館丸富荘,サービス,宿泊業,5%
山梨県,富士河口湖町,Ｌｏｕｇａ,サービス,飲食業,5%
山梨県,富士河口湖町,レストラン富士乃蔵河口湖駅前店,サービス,飲食業,5%
山梨県,富士河口湖町,ロイヤルホテル河口湖,サービス,宿泊業,5%
山梨県,富士河口湖町,ローザンヌ,サービス,その他サービス,5%
山梨県,富士河口湖町,Ｙｓｈｏｐ大石店,小売業,その他小売,5%
山梨県,富士河口湖町,若草の宿 丸栄,サービス,宿泊業,5%
山梨県,富士河口湖町,和牛焼肉よりとも,サービス,飲食業,5%
山梨県,富士河口湖町,和膳屋 彩雲,サービス,飲食業,5%
山梨県,富士河口湖町,渡辺オート,サービス,その他サービス,5%
山梨県,富士川町,青柳ＳＳ,小売業,ガソリンスタンド,2%
山梨県,富士川町,いち柳ホテル,サービス,宿泊業,5%
山梨県,富士川町,出光増穂ＳＳ,小売業,ガソリンスタンド,2%
山梨県,富士川町,おかげ染め藏屋,小売業,衣料品,5%
山梨県,富士川町,オギノ富士川店,小売業,食料品,5%
山梨県,富士川町,カットハウスクイック 増穂店,サービス,理容・美容業,5%
山梨県,富士川町,食彩しん坊,サービス,飲食業,5%
山梨県,富士川町,深沢電器商会,小売業,電化製品,5%
山梨県,富士川町,セブン－イレブン富士川鰍沢口店,小売業,食料品,2%
山梨県,富士川町,マクドナルド増穂店,サービス,飲食業,2%
山梨県,富士川町,セブン－イレブン増穂大椚店,小売業,食料品,2%
山梨県,富士川町,増穂中央ＳＳ,小売業,ガソリンスタンド,2%
山梨県,富士川町,セブン－イレブン増穂長沢新町店,小売業,食料品,2%
山梨県,富士川町,セブン－イレブン増穂長沢店,小売業,食料品,2%
山梨県,富士川町,山梨トヨペット増穂店,小売業,その他小売,5%
山梨県,富士川町,有限会社アイ．タイム中沢,小売業,その他小売,5%
山梨県,富士川町,和田電気,小売業,電化製品,5%
山梨県,富士吉田市,明見ＳＳ／丸進産業株式会社,小売業,ガソリンスタンド,2%
山梨県,富士吉田市,新倉,サービス,宿泊業,5%
山梨県,富士吉田市,イーグルショップ富士五湖店,サービス,その他サービス,5%
山梨県,富士吉田市,出光吉田ＳＳ,小売業,ガソリンスタンド,2%
山梨県,富士吉田市,伊藤精肉店,小売業,食料品,5%
山梨県,富士吉田市,囲炉裏,サービス,飲食業,5%
山梨県,富士吉田市,えがおのひろば。富士吉田ショールーム,小売業,家具・調度品,5%
山梨県,富士吉田市,ＥｎｅＪｅｔ新屋ＳＳ,小売業,ガソリンスタンド,2%
山梨県,富士吉田市,オオタニデンカ,小売業,電化製品,5%
山梨県,富士吉田市,おおとり,サービス,飲食業,5%
山梨県,富士吉田市,岡本屋履物店,小売業,衣料品,5%
山梨県,富士吉田市,オギノ富士吉田店,小売業,食料品,5%
山梨県,富士吉田市,オリックスレンタカー富士吉田店,サービス,その他サービス,2%
山梨県,富士吉田市,ガーデンヴィラ,サービス,その他サービス,5%
山梨県,富士吉田市,カクヤス 横町バイパス店,小売業,食料品,5%
山梨県,富士吉田市,上吉田ＳＳ,小売業,ガソリンスタンド,2%
山梨県,富士吉田市,カムイ富士吉田店,小売業,その他小売,5%
山梨県,富士吉田市,カムイ 富士吉田二輪館,小売業,その他小売,5%
山梨県,富士吉田市,河口湖インターハイツ,サービス,宿泊業,5%
山梨県,富士吉田市,セブン－イレブン河口湖インター東店,小売業,食料品,2%
山梨県,富士吉田市,韓一館,サービス,飲食業,5%
山梨県,富士吉田市,桔梗屋 東次郎 富士吉田店,小売業,食料品,5%
山梨県,富士吉田市,小明見ＳＳ,小売業,ガソリンスタンド,2%
山梨県,富士吉田市,ココ壱番屋富士吉田店,サービス,飲食業,2%
山梨県,富士吉田市,コミヤマ電器,小売業,電化製品,5%
山梨県,富士吉田市,コルテージュ,サービス,その他サービス,5%
山梨県,富士吉田市,ゴルフショップ ヒロセスポーツ,小売業,その他小売,5%
山梨県,富士吉田市,笹梅,サービス,飲食業,5%
山梨県,富士吉田市,侍ゲストハウス,サービス,その他サービス,5%
山梨県,富士吉田市,四川龍都,サービス,飲食業,5%
山梨県,富士吉田市,シフォン富士 シフォン富士,小売業,食料品,5%
山梨県,富士吉田市,さなだ,サービス,飲食業,5%
山梨県,富士吉田市,ＪＯＫＥＲＳ ＴＡＩＬＯＲ 富士吉田店,小売業,衣料品,5%
山梨県,富士吉田市,スーパーＴＡＣ富士吉田店,小売業,食料品,5%
山梨県,富士吉田市,ＳＴＡＮＤＡＲＤ ｐｏｉｎｔ,小売業,書籍・玩具・音楽ＣＤ,5%
山梨県,富士吉田市,すてないで 富士吉田店,小売業,その他小売,5%
山梨県,富士吉田市,すてないで 富士吉田店,小売業,その他小売,5%
山梨県,富士吉田市,ＳＴＯＲＹ,サービス,理容・美容業,5%
山梨県,富士吉田市,スマイリークレープ 河口湖インター店,サービス,飲食業,5%
山梨県,富士吉田市,すみれ商店,小売業,食料品,5%
山梨県,富士吉田市,株式会社セルバ 本店,小売業,食料品,5%
山梨県,富士吉田市,セルバ富士吉田店,小売業,食料品,5%
山梨県,富士吉田市,セルバ本社ギフト,小売業,食料品,5%
山梨県,富士吉田市,セルフ富士吉田城山,小売業,ガソリンスタンド,2%
山梨県,富士吉田市,株式会社大成 富士吉田（営）ＳＳセンター,小売業,家具・調度品,5%
山梨県,富士吉田市,卓示書店 西町店,小売業,書籍・玩具・音楽ＣＤ,5%
山梨県,富士吉田市,竜ケ丘ＳＳ,小売業,ガソリンスタンド,2%
山梨県,富士吉田市,タベルナ・ラ・クーラ,サービス,飲食業,5%
山梨県,富士吉田市,茶舗おおむら,小売業,食料品,5%
山梨県,富士吉田市,東京屋製菓,小売業,食料品,5%
山梨県,富士吉田市,外川呉服店,小売業,衣料品,5%
山梨県,富士吉田市,Ｄｒ．Ｄｒｉｖｅカーオアシス富士吉田中央店,小売業,ガソリンスタンド,2%
山梨県,富士吉田市,ドコモスポット 甲府バリオ店,小売業,電化製品,5%
山梨県,富士吉田市,トヨタカローラ山梨吉田店,小売業,その他小売,5%
山梨県,富士吉田市,流しの洋裁人,小売業,衣料品,5%
山梨県,富士吉田市,なかの,サービス,宿泊業,5%
山梨県,富士吉田市,ＮＡＤＡＹＡ,小売業,食料品,5%
山梨県,富士吉田市,ネイルルームハルハル,サービス,理容・美容業,5%
山梨県,富士吉田市,ネッツトヨタ山梨 富士吉田店,小売業,その他小売,5%
山梨県,富士吉田市,呑み喰い 麦,サービス,飲食業,5%
山梨県,富士吉田市,ハタオリマチ案内所,小売業,衣料品,5%
山梨県,富士吉田市,ＨＡＤＡＣＨＵ,小売業,衣料品,5%
山梨県,富士吉田市,ハピネス,小売業,衣料品,5%
山梨県,富士吉田市,早川ストアー,小売業,食料品,5%
山梨県,富士吉田市,春木屋富士吉田店,小売業,食料品,5%
山梨県,富士吉田市,パンの実,小売業,食料品,5%
山梨県,富士吉田市,美容室パームス 下吉田店,サービス,理容・美容業,5%
山梨県,富士吉田市,富士山海の家,サービス,飲食業,5%
山梨県,富士吉田市,富士山五合目 こみたけ売店,小売業,その他小売,5%
山梨県,富士吉田市,富士スバルライン,小売業,ガソリンスタンド,2%
山梨県,富士吉田市,ＦｕｊｉＭａｔｓｕｙａｍａＢａｓｅ,サービス,その他サービス,5%
山梨県,富士吉田市,セブン－イレブン富士見バイパス中央店,小売業,食料品,2%
山梨県,富士吉田市,セブン－イレブン富士吉田旭３丁目店,小売業,食料品,2%
山梨県,富士吉田市,セブン－イレブン富士吉田おひめ坂通り店,小売業,食料品,2%
山梨県,富士吉田市,セブン－イレブン富士吉田上宿店,小売業,食料品,2%
山梨県,富士吉田市,セブン－イレブン富士吉田月江寺店,小売業,食料品,2%
山梨県,富士吉田市,セブン－イレブン富士吉田寿駅前店,小売業,食料品,2%
山梨県,富士吉田市,富士吉田昭和通 ＳＳ,小売業,ガソリンスタンド,2%
山梨県,富士吉田市,セブン－イレブン富士吉田昭和通り店,小売業,食料品,2%
山梨県,富士吉田市,富士吉田東ＳＳ,小売業,ガソリンスタンド,2%
山梨県,富士吉田市,セブン－イレブン富士吉田富士見バイパス南店,小売業,食料品,2%
山梨県,富士吉田市,セブン－イレブン富士吉田本町通り店,小売業,食料品,2%
山梨県,富士吉田市,ＢＲＵＳＣＨＥＴＴＡ,サービス,飲食業,5%
山梨県,富士吉田市,ヘアーサロンムトウ,サービス,理容・美容業,5%
山梨県,富士吉田市,ＨＡＩＲ ＰＹＴＨＯＮ,サービス,理容・美容業,5%
山梨県,富士吉田市,ｈａｉｒ Ｒｅｍｉｘ,サービス,理容・美容業,5%
山梨県,富士吉田市,へだもんＳＳ,小売業,ガソリンスタンド,2%
山梨県,富士吉田市,ｖｅｒｙ ｎｉｃｅ カフェ レストラン ｖｅｒｙ ｎｉｃｅ カフェ レストラン,サービス,飲食業,5%
山梨県,富士吉田市,ほぐりえ富士吉田店,サービス,理容・美容業,5%
山梨県,富士吉田市,ＨＯＳＴＥＬ １８８９,サービス,宿泊業,5%
山梨県,富士吉田市,ホテル鐘山苑,サービス,宿泊業,5%
山梨県,富士吉田市,ホテルベル鐘山 富士五湖リゾート＆ビジネス,サービス,宿泊業,5%
山梨県,富士吉田市,堀内オートサービス,サービス,その他サービス,5%
山梨県,富士吉田市,堀内電気商会,小売業,電化製品,5%
山梨県,富士吉田市,マクドナルド１３９富士見バイパス店,サービス,飲食業,2%
山梨県,富士吉田市,マクドナルド１３９富士吉田店,サービス,飲食業,2%
山梨県,富士吉田市,ＭＡＤＯショップ上吉田店,小売業,その他小売,5%
山梨県,富士吉田市,まるさくたなべ,小売業,衣料品,5%
山梨県,富士吉田市,丸正電器,小売業,電化製品,5%
山梨県,富士吉田市,ＭＯＯＨＡＩＲ,サービス,理容・美容業,5%
山梨県,富士吉田市,焼肉 亜羅人,サービス,飲食業,5%
山梨県,富士吉田市,山一支店 やまいちＬＩＱＵＯＲＳＴＯＲＥ,小売業,食料品,5%
山梨県,富士吉田市,山吉商店,小売業,その他小売,5%
山梨県,富士吉田市,山梨さえき本社ギフト,小売業,食料品,5%
山梨県,富士吉田市,有限会社シチフクサトー,小売業,衣料品,5%
山梨県,富士吉田市,［ＨＣ］有限会社白須デンキ商会,小売業,電化製品,5%
山梨県,富士吉田市,洋装のつちや 洋装のつちや,小売業,衣料品,5%
山梨県,富士吉田市,ＡＬＴ ＳＴＹＬＥ,小売業,その他小売,5%
山梨県,富士吉田市,リーベン古奈家,サービス,宿泊業,5%
山梨県,富士吉田市,ｒｕｍｂｅｄｏｂｂｙ,小売業,衣料品,5%
山梨県,富士吉田市,ロストオブヘアー・そや,小売業,その他小売,5%
山梨県,富士吉田市,ＬＯＮＧＴＥＭＰＳ,小売業,家具・調度品,5%
山梨県,富士吉田市,有限会社渡小織物,小売業,衣料品,5%
山梨県,富士吉田市,渡邊肉店,小売業,食料品,5%
山梨県,富士吉田市,ワンステップクロージング,小売業,衣料品,5%
山梨県,北杜市,アクアリゾート清里,サービス,その他サービス,5%
山梨県,北杜市,アクアリゾート清里,サービス,その他サービス,5%
山梨県,北杜市,アクアリゾート清里,サービス,その他サービス,5%
山梨県,北杜市,味のれん和信,サービス,飲食業,5%
山梨県,北杜市,アフリカンアートミュージアムショップ,サービス,その他サービス,5%
山梨県,北杜市,石あるく／伊藤石材工業,小売業,その他小売,5%
山梨県,北杜市,一本木,小売業,その他小売,5%
山梨県,北杜市,出光明野ＳＳ,小売業,ガソリンスタンド,2%
山梨県,北杜市,出光清里高原ＳＳ,小売業,ガソリンスタンド,2%
山梨県,北杜市,出光高根ＳＳ,小売業,ガソリンスタンド,2%
山梨県,北杜市,鉄の造形スタジオ,小売業,家具・調度品,5%
山梨県,北杜市,ｅｎｇａｗａ ｃａｆｅ,サービス,飲食業,5%
山梨県,北杜市,丘の公園オートキャンプ場,サービス,宿泊業,5%
山梨県,北杜市,丘の公園清里ゴルフコース,サービス,その他サービス,5%
山梨県,北杜市,丘の公園レジャーハウス,サービス,その他サービス,5%
山梨県,北杜市,オギノ須玉店,小売業,食料品,5%
山梨県,北杜市,オギノ長坂店,小売業,食料品,5%
山梨県,北杜市,セブン－イレブン甲斐大泉西井出店,小売業,食料品,2%
山梨県,北杜市,甲斐駒ヶ岳七丈小屋,サービス,宿泊業,5%
山梨県,北杜市,懐石の宿アウル,サービス,宿泊業,5%
山梨県,北杜市,ガストホフ コメット清里,サービス,宿泊業,5%
山梨県,北杜市,（株）坂本電機,小売業,電化製品,5%
山梨県,北杜市,ディークレア,小売業,衣料品,5%
山梨県,北杜市,ＫＡＹＡ,小売業,衣料品,5%
山梨県,北杜市,桔梗屋,小売業,食料品,5%
山梨県,北杜市,キクミ電器,小売業,電化製品,5%
山梨県,北杜市,キッズペンションめーぷる,サービス,その他サービス,5%
山梨県,北杜市,清里ＳＳ 望月商店,小売業,ガソリンスタンド,2%
山梨県,北杜市,清里高原ホテル,サービス,宿泊業,5%
山梨県,北杜市,清里の森 ペンション らふ あんど らふ,サービス,宿泊業,5%
山梨県,北杜市,清里ハイランドパーク／スキー場,サービス,その他サービス,5%
山梨県,北杜市,清里ブレーメンリゾートクラブ,サービス,宿泊業,5%
山梨県,北杜市,清里ペンショングランデール,サービス,宿泊業,5%
山梨県,北杜市,銀の森,サービス,宿泊業,5%
山梨県,北杜市,ケルンコーヒー,サービス,飲食業,5%
山梨県,北杜市,小荒間,小売業,ガソリンスタンド,2%
山梨県,北杜市,高原のレース屋もんく,小売業,衣料品,5%
山梨県,北杜市,ＳＰＩＲＩＴ,サービス,その他サービス,5%
山梨県,北杜市,小淵沢ＳＳ,小売業,ガソリンスタンド,2%
山梨県,北杜市,小淵沢 ＳＳ,小売業,ガソリンスタンド,2%
山梨県,北杜市,小淵沢インター ＳＳ,小売業,ガソリンスタンド,2%
山梨県,北杜市,セブン－イレブン小淵沢インター店,小売業,食料品,2%
山梨県,北杜市,サントヴィラージュ,サービス,宿泊業,5%
山梨県,北杜市,自然木工房ＯＮＯ,小売業,家具・調度品,5%
山梨県,北杜市,清水写真店,小売業,その他小売,5%
山梨県,北杜市,シュガープラム,小売業,その他小売,5%
山梨県,北杜市,Ｓｗｅｅｔｓ ＆ Ｂｒｅａ麦の家,サービス,飲食業,5%
山梨県,北杜市,ボディケアサロン ＭＹＳＡ,サービス,その他サービス,5%
山梨県,北杜市,スーパーおの,小売業,その他小売,5%
山梨県,北杜市,スター・パーティ,サービス,宿泊業,5%
山梨県,北杜市,スターラウンド八ヶ岳星つむぎの村,サービス,その他サービス,5%
山梨県,北杜市,須玉ＳＳ 中田油店,小売業,ガソリンスタンド,2%
山梨県,北杜市,須玉ＳＳ,小売業,ガソリンスタンド,2%
山梨県,北杜市,須玉ＳＳ 松野油店,小売業,ガソリンスタンド,2%
山梨県,北杜市,須玉インターＳＳ,小売業,ガソリンスタンド,2%
山梨県,北杜市,須玉南ＳＳ,小売業,ガソリンスタンド,2%
山梨県,北杜市,セゾン武川ＳＳ,小売業,ガソリンスタンド,2%
山梨県,北杜市,セルバ 白州エブリ店,小売業,食料品,5%
山梨県,北杜市,台ヶ原ＳＳ,小売業,ガソリンスタンド,2%
山梨県,北杜市,タイヤーズ,小売業,その他小売,5%
山梨県,北杜市,高根バイパスＳＳ,小売業,ガソリンスタンド,2%
山梨県,北杜市,セブン－イレブン高根箕輪店,小売業,食料品,2%
山梨県,北杜市,谷櫻酒造,小売業,食料品,5%
山梨県,北杜市,忠兵衛,小売業,衣料品,5%
山梨県,北杜市,ツパイ工房,サービス,その他サービス,5%
山梨県,北杜市,ツパイ工房展示室,小売業,その他小売,5%
山梨県,北杜市,手しごと屋ｔｕｋｕｒｕ＊ツクル,小売業,衣料品,5%
山梨県,北杜市,陶房のぎ,小売業,その他小売,5%
山梨県,北杜市,ＮＩＣＥ ＴＩＭＥ ＣＡＦＥ,サービス,飲食業,5%
山梨県,北杜市,長坂インターＳＳ,小売業,ガソリンスタンド,2%
山梨県,北杜市,セブン－イレブン長坂インター東店,小売業,食料品,2%
山梨県,北杜市,セブン－イレブン長坂駅前通り店,小売業,食料品,2%
山梨県,北杜市,長坂観光ホテル,サービス,宿泊業,5%
山梨県,北杜市,農夫こさいたろう,小売業,その他小売,5%
山梨県,北杜市,ハイジのテーマ館,小売業,その他小売,5%
山梨県,北杜市,ハイジの村クララ館,サービス,宿泊業,5%
山梨県,北杜市,白州,小売業,ガソリンスタンド,2%
山梨県,北杜市,機屋,小売業,衣料品,5%
山梨県,北杜市,ＰＡＰＹＲＵＳ,サービス,その他サービス,5%
山梨県,北杜市,ピー・エス・ワイ,サービス,その他サービス,5%
山梨県,北杜市,合同会社ＨＩＰＳ,サービス,その他サービス,5%
山梨県,北杜市,ＢＩＳＴＲＯ ＴＯＭＡＴＥ,サービス,飲食業,5%
山梨県,北杜市,ひといき荘アウトドアサービス,サービス,その他サービス,5%
山梨県,北杜市,美容室ハッピーハート 長坂店,サービス,理容・美容業,5%
山梨県,北杜市,ファミリー写真館スマイル,サービス,その他サービス,5%
山梨県,北杜市,フェアーヘブン,小売業,その他小売,5%
山梨県,北杜市,フジデンキ,小売業,電化製品,5%
山梨県,北杜市,藤森電気,小売業,電化製品,5%
山梨県,北杜市,ふらここ食堂,サービス,飲食業,5%
山梨県,北杜市,べいくはうす フェアリー,小売業,食料品,5%
山梨県,北杜市,ペンション アムール,サービス,宿泊業,5%
山梨県,北杜市,ペンション ピースパイプ,サービス,宿泊業,5%
山梨県,北杜市,ペンション ＢＯＯＦＯＯＷＯＯ,サービス,宿泊業,5%
山梨県,北杜市,ペンション プリンスエドワード,サービス,宿泊業,5%
山梨県,北杜市,ペンション風の季,サービス,宿泊業,5%
山梨県,北杜市,ペンション銀の道,サービス,宿泊業,5%
山梨県,北杜市,ペンションにちようび,サービス,宿泊業,5%
山梨県,北杜市,ペンションフィールド,サービス,宿泊業,5%
山梨県,北杜市,ペンション遊歩道,サービス,宿泊業,5%
山梨県,北杜市,ペンションユーリカ,サービス,宿泊業,5%
山梨県,北杜市,セブン－イレブン北杜白州店,小売業,食料品,2%
山梨県,北杜市,セブン－イレブン北杜武川店,小売業,食料品,2%
山梨県,北杜市,セブン－イレブン北杜村山西割店,小売業,食料品,2%
山梨県,北杜市,細谷隆,小売業,貴金属・服飾品,5%
山梨県,北杜市,ホテルキーフォレスト北杜,サービス,宿泊業,5%
山梨県,北杜市,ＭａｋｉｇａｉＢａｇＳｈｏｐ,小売業,衣料品,5%
山梨県,北杜市,まきばレストラン,サービス,飲食業,5%
山梨県,北杜市,みずがき山森の農園キャンプ場,サービス,宿泊業,5%
山梨県,北杜市,みどり湖動物病院,サービス,その他サービス,5%
山梨県,北杜市,メインスプリングゼンマイ屋,小売業,その他小売,5%
山梨県,北杜市,メガネの北杜,小売業,貴金属・服飾品,5%
山梨県,北杜市,メリーゴーラウンドカフェ メリーゴーラウンドカフェ,サービス,飲食業,5%
山梨県,北杜市,八ヶ岳大泉ＳＳ,小売業,ガソリンスタンド,2%
山梨県,北杜市,八ヶ岳ショールーム,小売業,家具・調度品,5%
山梨県,北杜市,八ヶ岳ＰＡ（下り線）,サービス,その他サービス,5%
山梨県,北杜市,八ヶ岳ＰＡ（上り線）,サービス,その他サービス,5%
山梨県,北杜市,やつは ?八ヶ岳Ｌｉｆｅ Ｓｈｏｐ? やつは ?八ヶ岳Ｌｉｆｅ Ｓｈｏｐ?,小売業,その他小売,5%
山梨県,北杜市,やま里,サービス,その他サービス,5%
山梨県,北杜市,セブン－イレブン山梨清里店,小売業,食料品,2%
山梨県,北杜市,装いの庭,小売業,衣料品,5%
山梨県,北杜市,ＹＯＤＡＲＡＬＬＹＩＮＧ,サービス,その他サービス,5%
山梨県,北杜市,レストランボルケーノ,サービス,飲食業,5%
山梨県,北杜市,ロッテンマイヤーズカフェ,小売業,食料品,5%
山梨県,北杜市,炉辺荘,サービス,宿泊業,5%
山梨県,北杜市,和食処 ひな菊,サービス,飲食業,5%
山梨県,北杜市,ＷａｌｔｚＧｕｉｔａｒｓ,サービス,その他サービス,5%
山梨県,南アルプス市,芦安ＣａｍｐｓｉｔｅＮｏ．２,サービス,その他サービス,5%
山梨県,南アルプス市,アルプス八田,小売業,ガソリンスタンド,2%
山梨県,南アルプス市,アルマ,サービス,その他サービス,5%
山梨県,南アルプス市,アロラヴィ,サービス,理容・美容業,5%
山梨県,南アルプス市,ＡｎＴｉｅ－ｈａｉｒｍａｋｅ,サービス,理容・美容業,5%
山梨県,南アルプス市,いしかわやゴルフ工房,サービス,その他サービス,5%
山梨県,南アルプス市,市川タイヤ商会,小売業,その他小売,5%
山梨県,南アルプス市,イチゴザンマイ,サービス,その他サービス,5%
山梨県,南アルプス市,イチムラボディーショップ,サービス,その他サービス,5%
山梨県,南アルプス市,ＩＮＮＯＣＥＮＣＥ 山梨店,サービス,理容・美容業,5%
山梨県,南アルプス市,今村写真館,サービス,その他サービス,5%
山梨県,南アルプス市,ウエストリバーオートキャンプ場,サービス,宿泊業,5%
山梨県,南アルプス市,エルパドック浅原ＳＳ,小売業,ガソリンスタンド,2%
山梨県,南アルプス市,エントランス峡西ＳＳ,小売業,ガソリンスタンド,2%
山梨県,南アルプス市,おかじま 甲西店,小売業,食料品,5%
山梨県,南アルプス市,おかじま 白根店,小売業,食料品,5%
山梨県,南アルプス市,オギノ峡西店,小売業,食料品,5%
山梨県,南アルプス市,オギノ南アルプス八田店,小売業,食料品,5%
山梨県,南アルプス市,お食事処川 甲西本店,サービス,飲食業,5%
山梨県,南アルプス市,カットハウスクイック 桃園店,サービス,その他サービス,5%
山梨県,南アルプス市,カムイオート 甲西店,小売業,その他小売,5%
山梨県,南アルプス市,カレーハウスココ壱番屋南アルプスガーデン店,サービス,その他サービス,2%
山梨県,南アルプス市,Ｋｅｙｐｌｕｓ,サービス,その他サービス,5%
山梨県,南アルプス市,桔梗屋 東次郎 櫛形店,小売業,食料品,5%
山梨県,南アルプス市,ギグハウス,サービス,その他サービス,5%
山梨県,南アルプス市,きものと帯常盤,小売業,衣料品,5%
山梨県,南アルプス市,着物乃塩田,小売業,衣料品,5%
山梨県,南アルプス市,峡西,小売業,ガソリンスタンド,2%
山梨県,南アルプス市,きよし のうえん,小売業,その他小売,5%
山梨県,南アルプス市,Ｄｒ．Ｄｒｉｖｅ櫛形スポーツ公園通り店,小売業,ガソリンスタンド,2%
山梨県,南アルプス市,甲西工業団地ＳＳ,小売業,ガソリンスタンド,2%
山梨県,南アルプス市,五味電気サービス,小売業,電化製品,5%
山梨県,南アルプス市,Ｇ ＲＥＮＴＡＬ,サービス,その他サービス,5%
山梨県,南アルプス市,ＪＡ南アルプス市 Ａコープ甲西店,小売業,食料品,5%
山梨県,南アルプス市,ＪＡ南アルプス市 Ａコープ白根店,小売業,食料品,5%
山梨県,南アルプス市,ＪＡ南アルプス市アグリガーデン南部店,小売業,その他小売,5%
山梨県,南アルプス市,ＪＡ南アルプス市アグリガーデン北部店,小売業,その他小売,5%
山梨県,南アルプス市,シミズＫＡＤＥＮ,小売業,電化製品,5%
山梨県,南アルプス市,ＪＵＪＵ,小売業,衣料品,5%
山梨県,南アルプス市,セブン－イレブン白根町西野店,小売業,食料品,2%
山梨県,南アルプス市,スーパーホテル山梨・南アルプス,サービス,宿泊業,5%
山梨県,南アルプス市,セゾン若草 ＳＳ,小売業,ガソリンスタンド,2%
山梨県,南アルプス市,総合電化小林,小売業,電化製品,5%
山梨県,南アルプス市,そらの詩,サービス,その他サービス,5%
山梨県,南アルプス市,拓進商事 小笠原ＳＳ,小売業,ガソリンスタンド,2%
山梨県,南アルプス市,ＷＫＳｅｒｖｉｃｅ,小売業,その他小売,5%
山梨県,南アルプス市,トヨタカローラ山梨峡南店,小売業,その他小売,5%
山梨県,南アルプス市,長沼電器センター,小売業,電化製品,5%
山梨県,南アルプス市,新津モータース,サービス,その他サービス,5%
山梨県,南アルプス市,西野ＳＳアルプスステーション,小売業,ガソリンスタンド,2%
山梨県,南アルプス市,ネッツトヨタ山梨南湖店,小売業,その他小売,5%
山梨県,南アルプス市,ネッツトヨタ山梨南アルプス店,小売業,その他小売,5%
山梨県,南アルプス市,農家の店 大地南アルプス店,小売業,その他小売,5%
山梨県,南アルプス市,バガボンド白根店,サービス,飲食業,5%
山梨県,南アルプス市,荊沢ＳＳ,小売業,ガソリンスタンド,2%
山梨県,南アルプス市,ハラダ種苗,小売業,その他小売,5%
山梨県,南アルプス市,ハーレーダビッドソン 山梨,小売業,その他小売,5%
山梨県,南アルプス市,ヒシケイ文具店,小売業,その他小売,5%
山梨県,南アルプス市,ヒシケイ文具店,小売業,その他小売,5%
山梨県,南アルプス市,美容室エフォート 峡西店,サービス,理容・美容業,5%
山梨県,南アルプス市,ＦｉｓｈｉｎｇＴａｃｋｌｅＬｉｆｔ,小売業,その他小売,5%
山梨県,南アルプス市,ＪＯＵＲＳ,サービス,理容・美容業,5%
山梨県,南アルプス市,#NAME?,サービス,理容・美容業,5%
山梨県,南アルプス市,マクドナルド南アルプスガーデン店,サービス,飲食業,2%
山梨県,南アルプス市,株式会社 マリコ 本店,小売業,家具・調度品,5%
山梨県,南アルプス市,ＪＡ南アルプス市道の駅しらね農産物直売所,小売業,食料品,5%
山梨県,南アルプス市,セブン－イレブン南アルプス開国橋西店,小売業,食料品,2%
山梨県,南アルプス市,セブン－イレブン南アルプス櫛形総合公園店,小売業,食料品,2%
山梨県,南アルプス市,セブン－イレブン南アルプス曲輪田店,小売業,食料品,2%
山梨県,南アルプス市,セブン－イレブン南アルプス白根店,小売業,食料品,2%
山梨県,南アルプス市,セブン－イレブン南アルプス藤田店,小売業,食料品,2%
山梨県,南アルプス市,セブン－イレブン南アルプス徳永店,小売業,食料品,2%
山梨県,南アルプス市,セブン－イレブン南アルプス西南湖店,小売業,食料品,2%
山梨県,南アルプス市,セブン－イレブン南アルプス八田店,小売業,食料品,2%
山梨県,南アルプス市,六科ＳＳ,小売業,ガソリンスタンド,2%
山梨県,南アルプス市,桃の木温泉 さんわそう,サービス,宿泊業,5%
山梨県,南アルプス市,夜叉神ＳＳ,小売業,ガソリンスタンド,2%
山梨県,南アルプス市,セブン－イレブン山梨御勅使南公園店,小売業,食料品,2%
山梨県,南アルプス市,有限会社カーセンター小宮山 有限会社カーセンター小宮山,サービス,その他サービス,5%
山梨県,南アルプス市,遊布工房,小売業,衣料品,5%
山梨県,南アルプス市,ルート５２ＳＳ,小売業,ガソリンスタンド,2%
山梨県,南アルプス市,若草町,小売業,ガソリンスタンド,2%
山梨県,身延町,ＴＯＳＳ飯富橋,小売業,ガソリンスタンド,2%
山梨県,身延町,いずみや旅館,サービス,宿泊業,5%
山梨県,身延町,梅ぞ乃,サービス,宿泊業,5%
山梨県,身延町,栄昇堂,小売業,食料品,5%
山梨県,身延町,オギノキャロット中富店,小売業,食料品,5%
山梨県,身延町,オートボディー峡南,サービス,その他サービス,5%
山梨県,身延町,切石ＳＳ,小売業,ガソリンスタンド,2%
山梨県,身延町,健康・旬彩の宿ホテル守田,サービス,宿泊業,5%
山梨県,身延町,古湯坊源泉舘,サービス,宿泊業,5%
山梨県,身延町,有限会社武州屋,サービス,その他サービス,5%
山梨県,身延町,下部ホテル,サービス,宿泊業,5%
山梨県,身延町,下山ＳＳ,小売業,ガソリンスタンド,2%
山梨県,身延町,セルバ みのぶ店,小売業,食料品,5%
山梨県,身延町,田中屋旅館,サービス,宿泊業,5%
山梨県,身延町,角打ＳＳ,小売業,ガソリンスタンド,2%
山梨県,身延町,波木井ＳＳ,小売業,ガソリンスタンド,2%
山梨県,身延町,ＦＯＯＤＳ ＢＡＲ ◯ ??,サービス,飲食業,5%
山梨県,身延町,古関ＳＳ,小売業,ガソリンスタンド,2%
山梨県,身延町,丸善自動車工業,サービス,その他サービス,5%
山梨県,身延町,セブン－イレブン身延甲南運動場前店,小売業,食料品,2%
山梨県,身延町,身延山ＳＳ,小売業,ガソリンスタンド,2%
山梨県,身延町,セブン－イレブン身延下山店,小売業,食料品,2%
山梨県,身延町,みやげ館,小売業,家具・調度品,5%
山梨県,身延町,望月電機商会 望月電機商会,小売業,電化製品,5%
山梨県,身延町,山田電気商会,小売業,電化製品,5%
山梨県,身延町,山梨水晶本店,小売業,貴金属・服飾品,5%
山梨県,身延町,有限会社山十製紙,サービス,その他サービス,5%
山梨県,身延町,湯元ホテル,サービス,宿泊業,5%
山梨県,山中湖村,癒しと潤いの杜 空雲土（ｃｏｏｔｏ）,サービス,宿泊業,5%
山梨県,山中湖村,癒しと潤いの杜空雲土,サービス,宿泊業,5%
山梨県,山中湖村,岩魚茶舎,サービス,宿泊業,5%
山梨県,山中湖村,ヴィラ季節風,サービス,宿泊業,5%
山梨県,山中湖村,オギノ山中湖店,小売業,食料品,5%
山梨県,山中湖村,カーオアシス山中湖店,小売業,ガソリンスタンド,2%
山梨県,山中湖村,霞桃苑,サービス,宿泊業,5%
山梨県,山中湖村,カフェ＆オーベルジュ里休,サービス,飲食業,5%
山梨県,山中湖村,ゲストハウスティータイム,サービス,その他サービス,5%
山梨県,山中湖村,湖雲荘,サービス,その他サービス,5%
山梨県,山中湖村,コテージ ペンション まりも コテージ ペンション まりも,サービス,宿泊業,5%
山梨県,山中湖村,コテージ・ペンションまりも,サービス,その他サービス,5%
山梨県,山中湖村,ザパーク,サービス,飲食業,5%
山梨県,山中湖村,さんさい,サービス,飲食業,5%
山梨県,山中湖村,シーホース,サービス,飲食業,5%
山梨県,山中湖村,禅,サービス,飲食業,5%
山梨県,山中湖村,郷土食と宿せんでゃー,サービス,飲食業,5%
山梨県,山中湖村,タイニーハウスホテル森旅ぃ,サービス,その他サービス,5%
山梨県,山中湖村,茶居夢,サービス,宿泊業,5%
山梨県,山中湖村,手打そばやまさと,サービス,飲食業,5%
山梨県,山中湖村,トヨタレンタリース山梨山中湖店,サービス,その他サービス,2%
山梨県,山中湖村,Ｎａｌｕ,サービス,その他サービス,5%
山梨県,山中湖村,パウエルヤマナカコ,サービス,宿泊業,5%
山梨県,山中湖村,ファイヤーライフ山中湖,小売業,その他小売,5%
山梨県,山中湖村,富士鵬欣会館,サービス,宿泊業,5%
山梨県,山中湖村,プライベートハウス アースウインド,サービス,宿泊業,5%
山梨県,山中湖村,ペンション スターダスト,サービス,宿泊業,5%
山梨県,山中湖村,ペンションアイビー,サービス,その他サービス,5%
山梨県,山中湖村,ペンションすももの木,サービス,その他サービス,5%
山梨県,山中湖村,ペンションブルーリボン,サービス,その他サービス,5%
山梨県,山中湖村,マナハウス,サービス,宿泊業,5%
山梨県,山中湖村,モンテラックガルニ＆コテージ,サービス,その他サービス,5%
山梨県,山中湖村,山中湖 ペンション ぱうぜ,サービス,宿泊業,5%
山梨県,山中湖村,セブン－イレブン山中湖旭ケ丘店,小売業,食料品,2%
山梨県,山中湖村,山中湖インタ―ＳＳ,小売業,ガソリンスタンド,2%
山梨県,山中湖村,セブン－イレブン山中湖インター店,小売業,食料品,2%
山梨県,山中湖村,山中湖ＳＳ,小売業,ガソリンスタンド,2%
山梨県,山中湖村,山中湖畔荘 清渓,サービス,宿泊業,5%
山梨県,山中湖村,セブン－イレブン山中湖畔店,小売業,食料品,2%
山梨県,山中湖村,山中湖・ホテルフジヤマ,サービス,宿泊業,5%
山梨県,山中湖村,セブン－イレブン山梨山中湖平野店,小売業,食料品,2%
山梨県,山中湖村,レイクサイドキャビン,サービス,飲食業,5%
山梨県,山中湖村,ワイルドストロベリー,サービス,宿泊業,5%
山梨県,山中湖村,ワインショップふじたや山中店,小売業,食料品,5%
山梨県,山梨市,ＡＮＤ ＣＲＡＦＴＳ,小売業,家具・調度品,5%
山梨県,山梨市,出光万力ＳＳ,小売業,ガソリンスタンド,2%
山梨県,山梨市,出光山梨ＳＳ,小売業,ガソリンスタンド,2%
山梨県,山梨市,岩下温泉旅館,サービス,宿泊業,5%
山梨県,山梨市,ＷａｔｅｒＰｌａｎｔｓＳｈｏｐＷＰＳ,小売業,その他小売,5%
山梨県,山梨市,大竹精肉店,小売業,食料品,5%
山梨県,山梨市,オオムラ時計店,小売業,貴金属・服飾品,5%
山梨県,山梨市,おかじま 七日市場店,小売業,食料品,5%
山梨県,山梨市,オギノ山梨店,小売業,食料品,5%
山梨県,山梨市,小澤農機具商会,小売業,その他小売,5%
山梨県,山梨市,お食事処 歩成 本店,サービス,飲食業,5%
山梨県,山梨市,Ｃａｆｅ 三ツ葉,サービス,飲食業,5%
山梨県,山梨市,ガリバーハウス,小売業,衣料品,5%
山梨県,山梨市,川浦温泉山県館,サービス,宿泊業,5%
山梨県,山梨市,909,小売業,その他小売,5%
山梨県,山梨市,日下部ＳＳ坂本油店,小売業,ガソリンスタンド,2%
山梨県,山梨市,ＣＲＡＦＴ ＨＯＰ ＳＴＡＳＮＤ,サービス,飲食業,5%
山梨県,山梨市,ＧＯＭＩ?ＲＩＮ 五味輪業 ＧＯＭＩ?ＲＩＮ 五味 輪業,小売業,その他小売,5%
山梨県,山梨市,株式会社佐藤農園,小売業,食料品,5%
山梨県,山梨市,サンコー電化,小売業,電化製品,5%
山梨県,山梨市,ＪＡフルーツ山梨 加納岩支所,小売業,その他小売,5%
山梨県,山梨市,ＪＡフルーツ山梨ファーマーズマーケット店,小売業,食料品,5%
山梨県,山梨市,ＪＡフルーツ山梨 フルーツ直売所,小売業,食料品,5%
山梨県,山梨市,ＪＡフルーツ山梨 八幡支所,小売業,その他小売,5%
山梨県,山梨市,ＪＡフルーツ山梨 山梨支所,小売業,その他小売,5%
山梨県,山梨市,ジャミンアメリ店,サービス,理容・美容業,5%
山梨県,山梨市,食祭亭みかど,サービス,飲食業,5%
山梨県,山梨市,鈴木園駅前店 鈴木園駅前店,小売業,その他小売,5%
山梨県,山梨市,スポーツショップ オダギリ,小売業,その他小売,5%
山梨県,山梨市,ＴａｋａｎｏＦａｒｍ,サービス,その他サービス,5%
山梨県,山梨市,タケイ電機,小売業,電化製品,5%
山梨県,山梨市,中華 味平,サービス,飲食業,5%
山梨県,山梨市,中華 李白 中華 李白,サービス,飲食業,5%
山梨県,山梨市,中国料理 白楽天,サービス,飲食業,5%
山梨県,山梨市,中国料理白楽天,サービス,その他サービス,5%
山梨県,山梨市,天下一,小売業,家具・調度品,5%
山梨県,山梨市,東晨洋酒株式会社,サービス,飲食業,5%
山梨県,山梨市,東部建機,小売業,その他小売,5%
山梨県,山梨市,Ｄｒ．Ｄｒｉｖｅ山梨店,小売業,ガソリンスタンド,2%
山梨県,山梨市,トヨタカローラ山梨峡東店,小売業,その他小売,5%
山梨県,山梨市,トヨタレンタリース山梨 山梨市駅前店,サービス,その他サービス,2%
山梨県,山梨市,整体サロンナチュラル,サービス,その他サービス,5%
山梨県,山梨市,楡の木整体 にれのきせいたい,サービス,その他サービス,5%
山梨県,山梨市,東山梨ＳＳ,小売業,ガソリンスタンド,2%
山梨県,山梨市,広瀬土木,小売業,ガソリンスタンド,2%
山梨県,山梨市,フルーツパーク 富士屋ホテル,サービス,宿泊業,5%
山梨県,山梨市,フルーツ山梨農協 笛川支所,小売業,その他小売,5%
山梨県,山梨市,古屋ペットクリニック,サービス,その他サービス,5%
山梨県,山梨市,ほうとう蔵 歩成 フルーツライン店,サービス,飲食業,5%
山梨県,山梨市,ポワール おきなや ポワール おきなや,小売業,食料品,5%
山梨県,山梨市,株式会社水地建設工業所,サービス,その他サービス,5%
山梨県,山梨市,牧丘産業株式会社,小売業,その他小売,5%
山梨県,山梨市,マクドナルド山梨万力店,サービス,飲食業,2%
山梨県,山梨市,ＭａｓｔｅｒＰｅａｃｅ,小売業,食料品,5%
山梨県,山梨市,万力ＳＳ,小売業,ガソリンスタンド,2%
山梨県,山梨市,餅菓子処こばやし製菓,小売業,食料品,5%
山梨県,山梨市,山梨ＳＳ,小売業,ガソリンスタンド,2%
山梨県,山梨市,セブン－イレブン山梨歌田店,小売業,食料品,2%
山梨県,山梨市,セブン－イレブン山梨加納岩店,小売業,食料品,2%
山梨県,山梨市,セブン－イレブン山梨上石森店,小売業,食料品,2%
山梨県,山梨市,山梨北ＳＳ,小売業,ガソリンスタンド,2%
山梨県,山梨市,セブン－イレブン山梨北中学校前店,小売業,食料品,2%
山梨県,山梨市,セブン－イレブン山梨北店,小売業,食料品,2%
山梨県,山梨市,セブン－イレブン山梨三ヶ所北店,小売業,食料品,2%
山梨県,山梨市,山梨市中央ＳＳ,小売業,ガソリンスタンド,2%
山梨県,山梨市,セブン－イレブン山梨下神内川店,小売業,食料品,2%
山梨県,山梨市,山梨トヨペット日川店,小売業,その他小売,5%
山梨県,山梨市,やまなしフルーツ温泉 ぷくぷく,サービス,その他サービス,5%
山梨県,山梨市,山梨南ＳＳ,小売業,ガソリンスタンド,2%
山梨県,山梨市,有限会社 鮨みはらし 食事処 みはらし,サービス,飲食業,5%
山梨県,山梨市,［ＨＣ］有限会社ＹＥＣ米倉電気,小売業,電化製品,5%
山梨県,山梨市,理容ヨシダ,サービス,理容・美容業,5%
山梨県,山梨市,ルーラ,小売業,その他小売,5%
山梨県,山梨市,Ｏｎｅ ｈａｉｒ,サービス,理容・美容業,5%
