香川県,綾川町,ａｉｍｅｒｆｅｅｌイオンモール綾川店,小売業,衣料品,5%
香川県,綾川町,オアシス滝宮ＳＳ,小売業,ガソリンスタンド,2%
香川県,綾川町,オアシス綾南陶ＳＳ,小売業,ガソリンスタンド,2%
香川県,綾川町,カーケアステーションセルフ綾南町,小売業,ガソリンスタンド,2%
香川県,綾川町,サイクルショップみよし,小売業,その他小売,5%
香川県,綾川町,センコヤイオンモール綾川店,小売業,その他小売,5%
香川県,綾川町,つるや イオン綾川店,小売業,衣料品,5%
香川県,綾川町,つるやイオン綾川店,小売業,衣料品,5%
香川県,綾川町,ハートフラッター イオン綾川店,小売業,衣料品,5%
香川県,綾川町,ハートフラッターイオン綾川店,小売業,衣料品,5%
香川県,綾川町,ＰＩＺＺＥＲＩＡＡＬＣＥＮＴＲＯ,サービス,飲食業,5%
香川県,綾川町,マージナル 香川店,小売業,家具・調度品,5%
香川県,綾川町,宮脇書店 綾南店,小売業,書籍・玩具・音楽ＣＤ,5%
香川県,綾川町,無印良品 イオンモール綾川,小売業,その他小売,2%
香川県,綾川町,山田 ＳＳ,小売業,ガソリンスタンド,2%
香川県,宇多津町,愛犬美容ドリームドッグ,サービス,その他サービス,5%
香川県,宇多津町,宇多津グランドホテル,サービス,宿泊業,5%
香川県,宇多津町,セブン－イレブン宇多津町浜二番丁店,小売業,食料品,2%
香川県,宇多津町,セブン－イレブン宇多津町東分店,小売業,食料品,2%
香川県,宇多津町,セブン－イレブン宇多津町平山店,小売業,食料品,2%
香川県,宇多津町,オーガニックアロマサロンひだまり,サービス,理容・美容業,5%
香川県,宇多津町,オリックスレンタカー宇多津駅前店,サービス,その他サービス,2%
香川県,宇多津町,カレーハウスＣＯＣＯ壱番屋香川宇多津店,サービス,飲食業,2%
香川県,宇多津町,キーセンターくわな,小売業,電化製品,5%
香川県,宇多津町,讃岐たこ焼き たこず イオンタウン宇多津店 イオンタウン宇多津店,サービス,飲食業,5%
香川県,宇多津町,シ－サイドパ－クさぬきＳＳ,小売業,ガソリンスタンド,2%
香川県,宇多津町,ＪＡＤＥファインパーク,サービス,理容・美容業,5%
香川県,宇多津町,セルフうどん麺太郎,サービス,飲食業,5%
香川県,宇多津町,つるや 宇多津店,小売業,衣料品,5%
香川県,宇多津町,つるや宇多津店,小売業,衣料品,5%
香川県,宇多津町,トートコーヒー,サービス,飲食業,5%
香川県,宇多津町,ｈａｉｒ ｌａｂｏ Ｗｉｓｈ,サービス,理容・美容業,5%
香川県,宇多津町,マクドナルド宇多津店,サービス,飲食業,2%
香川県,宇多津町,宮脇書店 宇多津店,小売業,書籍・玩具・音楽ＣＤ,5%
香川県,観音寺市,居酒屋 萬月,サービス,飲食業,5%
香川県,観音寺市,居酒屋遊食房屋観音寺総本店 遊食房屋 観音寺店,サービス,飲食業,5%
香川県,観音寺市,いその眼鏡店,小売業,その他小売,5%
香川県,観音寺市,出光大野原ＳＳ,小売業,ガソリンスタンド,2%
香川県,観音寺市,今屋静香園 観音寺本店,小売業,食料品,5%
香川県,観音寺市,イロハタクシー有限会社 ２０３,サービス,運輸業,5%
香川県,観音寺市,ウィッティ業天,小売業,電化製品,5%
香川県,観音寺市,うどん武蔵 箕浦店,サービス,飲食業,5%
香川県,観音寺市,うどん屋一 港店,サービス,飲食業,5%
香川県,観音寺市,うどん屋一 本大店,サービス,飲食業,5%
香川県,観音寺市,大矢鈑金塗装工業,サービス,その他サービス,5%
香川県,観音寺市,おかし工房Ｂｏｔａｎボタン木工所,小売業,食料品,5%
香川県,観音寺市,ＣＡＲ ＯＦＦＩＣＥ ｔａｋａｓｈｉｒｏ ＣＡＲ ＯＦＦＩＣＥ ｔａｋａｓｈｉｒｏ,小売業,その他小売,5%
香川県,観音寺市,ＣＡＲ ＳＨＯＰ Ｋ’ｓ,小売業,その他小売,5%
香川県,観音寺市,快眠ショップ ふとんのせいぶ,小売業,その他小売,5%
香川県,観音寺市,香川建設工業,その他業種,ー,5%
香川県,観音寺市,香川トヨタ自動車観音寺店,小売業,その他小売,5%
香川県,観音寺市,香川トヨペット 観音寺店,小売業,その他小売,5%
香川県,観音寺市,菓子処 坂口屋,サービス,飲食業,5%
香川県,観音寺市,ＣＡＦＥ ＫＮＵＴ,サービス,飲食業,5%
香川県,観音寺市,株式会社四国服装,小売業,衣料品,5%
香川県,観音寺市,パルシェ観音寺ＳＳ 四国物産株式会社,小売業,ガソリンスタンド,2%
香川県,観音寺市,観音寺,小売業,ガソリンスタンド,2%
香川県,観音寺市,観音寺 ＳＳ,小売業,ガソリンスタンド,2%
香川県,観音寺市,観音寺国道 ＳＳ,小売業,ガソリンスタンド,2%
香川県,観音寺市,観音寺サウスＳＳ,小売業,ガソリンスタンド,2%
香川県,観音寺市,セブンーイレブン観音寺坂本店,小売業,食料品,2%
香川県,観音寺市,セブン－イレブン観音寺三本松町店,小売業,食料品,2%
香川県,観音寺市,セブン－イレブン観音寺出作店,小売業,食料品,2%
香川県,観音寺市,観音寺中央 ＳＳ,小売業,ガソリンスタンド,2%
香川県,観音寺市,讃岐製綿株式会社,小売業,家具・調度品,5%
香川県,観音寺市,ｓａｌｏｎ ．ａ．ｏ．,サービス,理容・美容業,5%
香川県,観音寺市,ｓａｌｏｎｄｅｃｌｅａ,サービス,理容・美容業,5%
香川県,観音寺市,七宝亭 讃岐うどんの七宝亭,サービス,飲食業,5%
香川県,観音寺市,しのはら時計店,小売業,貴金属・服飾品,5%
香川県,観音寺市,将八うどん 本店,サービス,飲食業,5%
香川県,観音寺市,スーパードラッグひまわり豊浜店,小売業,総合（非専門）,5%
香川県,観音寺市,セルフ大野原インターＳＳ,小売業,ガソリンスタンド,2%
香川県,観音寺市,セルフ豊浜SS,小売業,ガソリンスタンド,2%
香川県,観音寺市,創作工房どい,小売業,その他小売,5%
香川県,観音寺市,大黒屋,小売業,食料品,5%
香川県,観音寺市,釣具ビッグウェーブ 観音寺店,小売業,その他小売,5%
香川県,観音寺市,電興社,小売業,電化製品,5%
香川県,観音寺市,トヨタ宝冠堂,小売業,貴金属・服飾品,5%
香川県,観音寺市,トヨタレンタリース東四国観音寺店,サービス,その他サービス,2%
香川県,観音寺市,豊浜 ＳＳ,小売業,ガソリンスタンド,2%
香川県,観音寺市,ﾄﾞﾗｯｸﾞｽﾄｱmac 観音寺中央店,小売業,その他小売,5%
香川県,観音寺市,ﾄﾞﾗｯｸﾞｽﾄｱmac 観音寺店,小売業,その他小売,5%
香川県,観音寺市,仁加屋かまぼこ,小売業,食料品,5%
香川県,観音寺市,ねむたや,小売業,家具・調度品,5%
香川県,観音寺市,美容室パーミングハウス,サービス,理容・美容業,5%
香川県,観音寺市,パルシェトキワＳＳ 四国物産株式会社,小売業,ガソリンスタンド,2%
香川県,観音寺市,ビストロ マリアージュ,サービス,飲食業,5%
香川県,観音寺市,福田薬局 坂本店,小売業,その他小売,5%
香川県,観音寺市,フレッシュショップトマト 観音寺,小売業,食料品,5%
香川県,観音寺市,ふろーら,サービス,飲食業,5%
香川県,観音寺市,Ｈａｉｒ Ａｒｔ Ｐｌｅａｓｕｒｅ,サービス,理容・美容業,5%
香川県,観音寺市,ヘアーサロンくわしろ,サービス,理容・美容業,5%
香川県,観音寺市,ヘアギャラリーファーブル,サービス,理容・美容業,5%
香川県,観音寺市,ｍａｃ観音寺中央店,小売業,その他小売,5%
香川県,観音寺市,道の駅 とよはま,小売業,家具・調度品,5%
香川県,観音寺市,宮脇書店 観音寺店,小売業,書籍・玩具・音楽ＣＤ,5%
香川県,観音寺市,宮脇書店 豊浜店,小売業,書籍・玩具・音楽ＣＤ,5%
香川県,観音寺市,メガネ本舗 観音寺店,小売業,その他小売,5%
香川県,観音寺市,毛利商店,小売業,書籍・玩具・音楽ＣＤ,5%
香川県,観音寺市,森山電機,小売業,電化製品,5%
香川県,観音寺市,有限会社西岡家具店,小売業,家具・調度品,5%
香川県,観音寺市,有 バラエテイマルタカ,小売業,その他小売,5%
香川県,観音寺市,リール,サービス,飲食業,5%
香川県,琴平町,ＳＳＧミチヒサ店,小売業,電化製品,5%
香川県,琴平町,小田象麓堂,小売業,その他小売,5%
香川県,琴平町,琴平グランドホテル桜の抄,サービス,宿泊業,5%
香川県,琴平町,セブン－イレブンこんぴら店,小売業,食料品,2%
香川県,琴平町,栞や,サービス,飲食業,5%
香川県,琴平町,スーパーセルフこんぴらＳＳ,小売業,ガソリンスタンド,2%
香川県,琴平町,高木屋酒店 琴平本店 高木屋酒店 琴平本店,小売業,食料品,5%
香川県,琴平町,（有）森清掃社,サービス,その他サービス,5%
香川県,琴平町,森のジェラテリアＭＵＣＣＡ こんぴら店,サービス,飲食業,5%
香川県,琴平町,よこた写真館,サービス,その他サービス,5%
香川県,坂出市,あや寝具店,小売業,総合（非専門）,5%
香川県,坂出市,出光坂出東ＳＳ,小売業,ガソリンスタンド,2%
香川県,坂出市,香川トヨペット坂出店,小売業,その他小売,5%
香川県,坂出市,かきのは,サービス,飲食業,5%
香川県,坂出市,加茂 ＳＳ,小売業,ガソリンスタンド,2%
香川県,坂出市,加茂 ＳＳ,小売業,ガソリンスタンド,2%
香川県,坂出市,賀茂川 ＳＳ,小売業,ガソリンスタンド,2%
香川県,坂出市,加茂北 ＳＳ,小売業,ガソリンスタンド,2%
香川県,坂出市,川津 ＳＳ,小売業,ガソリンスタンド,2%
香川県,坂出市,亀城庵・坂出売店,小売業,食料品,5%
香川県,坂出市,久つろぎや 一 ＩＣＨＩ,サービス,飲食業,5%
香川県,坂出市,クリスタルアーク,小売業,総合（非専門）,5%
香川県,坂出市,横井石油（株）坂出油槽所,小売業,ガソリンスタンド,2%
香川県,坂出市,セブン－イレブン坂出江尻町店,小売業,食料品,2%
香川県,坂出市,セブン－イレブン坂出加茂町店,小売業,食料品,2%
香川県,坂出市,セブン－イレブン坂出川津町店,小売業,食料品,2%
香川県,坂出市,セブン－イレブン坂出北インター店,小売業,食料品,2%
香川県,坂出市,セブン－イレブン坂出久米町２丁目店,小売業,食料品,2%
香川県,坂出市,坂出グランドホテル,サービス,宿泊業,5%
香川県,坂出市,坂出ナニワ,小売業,その他小売,5%
香川県,坂出市,セブン－イレブン坂出西大浜北４丁目店,小売業,食料品,2%
香川県,坂出市,セブン－イレブン坂出林田町店,小売業,食料品,2%
香川県,坂出市,坂出油槽所,小売業,ガソリンスタンド,2%
香川県,坂出市,坂出油漕所 横井石油（株）,小売業,ガソリンスタンド,2%
香川県,坂出市,高橋石油株式会社 坂出油槽所,小売業,ガソリンスタンド,2%
香川県,坂出市,サヌキ府中 ＳＳ,小売業,ガソリンスタンド,2%
香川県,坂出市,讃岐メグロモータース,サービス,その他サービス,5%
香川県,坂出市,サロンド デジャ ヴ,サービス,理容・美容業,5%
香川県,坂出市,さんがわ酒店 さんがわ酒店,小売業,食料品,5%
香川県,坂出市,四国タクシー,サービス,運輸業,5%
香川県,坂出市,スバルショップ坂出 有限会社高屋モータース,サービス,その他サービス,5%
香川県,坂出市,スミレタクシー,サービス,運輸業,5%
香川県,坂出市,瀬戸大橋通ＳＳ,小売業,ガソリンスタンド,2%
香川県,坂出市,セルフ坂出北インターＳＳ,小売業,ガソリンスタンド,2%
香川県,坂出市,セルフ栄橋,小売業,ガソリンスタンド,2%
香川県,坂出市,タイガー釣具店,小売業,その他小売,5%
香川県,坂出市,たかぎフルーツ 回生病院前店,小売業,食料品,5%
香川県,坂出市,セブン－イレブン高松道府中湖ＰＡ上り店,小売業,食料品,2%
香川県,坂出市,ダスキン坂出支店,サービス,その他サービス,2%
香川県,坂出市,日本鈑金,サービス,その他サービス,5%
香川県,坂出市,ニュー坂出ＳＳ,小売業,ガソリンスタンド,2%
香川県,坂出市,ネッツトヨタ香川坂出店,小売業,その他小売,5%
香川県,坂出市,パナプラザ山内,小売業,電化製品,5%
香川県,坂出市,林田 ＳＳ,小売業,ガソリンスタンド,2%
香川県,坂出市,フォーラム坂出店,サービス,その他サービス,5%
香川県,坂出市,富士見町ＳＳ,小売業,ガソリンスタンド,2%
香川県,坂出市,富士見電化センター,小売業,電化製品,5%
香川県,坂出市,府中 ＳＳ,小売業,ガソリンスタンド,2%
香川県,坂出市,ｆｌｏｗｅｒｇａｒｄｅｎ花工房 フラワーガーデンハナコウボウ,サービス,その他サービス,5%
香川県,坂出市,ヘアリオン,サービス,理容・美容業,5%
香川県,坂出市,平成レンタカー 坂出駅前店,サービス,その他サービス,5%
香川県,坂出市,ホテルニューセンチュリー坂出,サービス,宿泊業,5%
香川県,坂出市,マキタ京町店 マキタ京町店,小売業,その他小売,5%
香川県,坂出市,マキタ本店 マキタ本店,小売業,その他小売,5%
香川県,坂出市,丸紅化粧品店,小売業,その他小売,5%
香川県,坂出市,宮脇書店 新坂出店,小売業,書籍・玩具・音楽ＣＤ,5%
香川県,坂出市,山下写真館,サービス,その他サービス,5%
香川県,坂出市,リオン美容室,サービス,理容・美容業,5%
香川県,坂出市,菱自オートセンター,小売業,その他小売,5%
香川県,さぬき市,オアシス長尾ＳＳ,小売業,ガソリンスタンド,2%
香川県,さぬき市,オアシス津田ＳＳ,小売業,ガソリンスタンド,2%
香川県,さぬき市,大川みろくＳＳ,小売業,ガソリンスタンド,2%
香川県,さぬき市,カーケアステーションセルフ寒川町,小売業,ガソリンスタンド,2%
香川県,さぬき市,株式会社川口屋漆器店,小売業,その他小売,5%
香川県,さぬき市,カルテットみたに,小売業,電化製品,5%
香川県,さぬき市,きもの処きむら,小売業,衣料品,5%
香川県,さぬき市,こがね製麺所 志度店,サービス,飲食業,5%
香川県,さぬき市,セブン－イレブンさぬき寒川町神前店,小売業,食料品,2%
香川県,さぬき市,セブン－イレブンさぬき志度大橋店,小売業,食料品,2%
香川県,さぬき市,セブン－イレブンさぬき志度小坂店,小売業,食料品,2%
香川県,さぬき市,セブン－イレブンさぬき津田町琴林店,小売業,食料品,2%
香川県,さぬき市,セブン－イレブンさぬきみろく公園前店,小売業,食料品,2%
香川県,さぬき市,寒川 ＳＳ,小売業,ガソリンスタンド,2%
香川県,さぬき市,サンマリエフジイ,サービス,飲食業,5%
香川県,さぬき市,ＣＳＰ香川,サービス,その他サービス,5%
香川県,さぬき市,ジェラートＣａｊｕ 果樹 ジェラートＣａｊｕ 果樹,サービス,飲食業,5%
香川県,さぬき市,志度ＳＳ 浜野石油株式会社,小売業,ガソリンスタンド,2%
香川県,さぬき市,ｓｈｏｃｏｒａ,小売業,総合（非専門）,5%
香川県,さぬき市,スーパードラッグひまわり志度店,小売業,総合（非専門）,5%
香川県,さぬき市,セルフ志度ＳＳ,小売業,ガソリンスタンド,2%
香川県,さぬき市,千の風ー香川ー,サービス,その他サービス,5%
香川県,さぬき市,多和 ＳＳ,小売業,ガソリンスタンド,2%
香川県,さぬき市,Ｔシャツ屋,小売業,衣料品,5%
香川県,さぬき市,フタバカメラ,小売業,その他小売,5%
香川県,さぬき市,ヘアーサロン ナカマエ,サービス,理容・美容業,5%
香川県,さぬき市,ヘアーメイクスファー,サービス,理容・美容業,5%
香川県,さぬき市,宮脇書店 寒川店,小売業,書籍・玩具・音楽ＣＤ,5%
香川県,さぬき市,宮脇書店 志度店,小売業,書籍・玩具・音楽ＣＤ,5%
香川県,さぬき市,八十八庵 土産売り場 お土産物,小売業,食料品,5%
香川県,さぬき市,有限会社カメダ,小売業,電化製品,5%
香川県,小豆島町,あずきカフェ,サービス,飲食業,5%
香川県,小豆島町,池田 ＳＳ,小売業,ガソリンスタンド,2%
香川県,小豆島町,池田港 ＳＳ,小売業,ガソリンスタンド,2%
香川県,小豆島町,うすけはれ,小売業,衣料品,5%
香川県,小豆島町,うすけはれ,小売業,衣料品,5%
香川県,小豆島町,うすけはれ うすけはれ,小売業,衣料品,5%
香川県,小豆島町,うすけはれカフェ,小売業,食料品,5%
香川県,小豆島町,内海ＳＳ,小売業,ガソリンスタンド,2%
香川県,小豆島町,ＳＳＧフジモト店,小売業,電化製品,5%
香川県,小豆島町,草壁給油所,小売業,ガソリンスタンド,2%
香川県,小豆島町,シータイガーアイランドイン小豆島,サービス,その他サービス,5%
香川県,小豆島町,Ｊネットレンタカー坂手店,サービス,その他サービス,2%
香川県,小豆島町,島宿・真里,サービス,宿泊業,5%
香川県,小豆島町,セブンーイレブン小豆島池田店,小売業,食料品,2%
香川県,小豆島町,セブンーイレブン小豆島内海店,小売業,食料品,2%
香川県,小豆島町,セブンーイレブン小豆島馬木店,小売業,食料品,2%
香川県,小豆島町,ＳｅｎＧｕｅｓｔｈｏｕｓｅ,サービス,その他サービス,5%
香川県,小豆島町,東洋オリーブ直営店,小売業,食料品,5%
香川県,小豆島町,二十四の瞳映画村 受付,サービス,その他サービス,5%
香川県,小豆島町,ベイリゾートホテル小豆島,サービス,宿泊業,5%
香川県,小豆島町,真砂喜之助製麺所,小売業,食料品,5%
香川県,小豆島町,有限会社宮山モータース,サービス,その他サービス,5%
香川県,小豆島町,寒霞渓ロープウェイ売店,小売業,家具・調度品,5%
香川県,善通寺市,アオイ釣具店 アオイ釣具店,小売業,その他小売,5%
香川県,善通寺市,営業車１１６０ 有限会社山田屋酒店,小売業,その他小売,5%
香川県,善通寺市,香川荒物店,小売業,その他小売,5%
香川県,善通寺市,カレーハウスＣｏＣｏ壱番屋善通寺インター店,サービス,飲食業,2%
香川県,善通寺市,ゲストハウスミカサスカサ,サービス,その他サービス,5%
香川県,善通寺市,こんぴら街道うどん,サービス,飲食業,5%
香川県,善通寺市,さとう贈答文具,小売業,その他小売,5%
香川県,善通寺市,三陽自動車,サービス,その他サービス,5%
香川県,善通寺市,住まいるネット 善通寺店,小売業,電化製品,5%
香川県,善通寺市,株式会社グッドハンド,サービス,その他サービス,5%
香川県,善通寺市,セルフ善通寺ＳＳ,小売業,ガソリンスタンド,2%
香川県,善通寺市,善通寺 ＳＳ,小売業,ガソリンスタンド,2%
香川県,善通寺市,セブン－イレブン善通寺生野町店,小売業,食料品,2%
香川県,善通寺市,善通寺インターチェンジＳＳ,小売業,ガソリンスタンド,2%
香川県,善通寺市,セブン－イレブン善通寺大麻町店,小売業,食料品,2%
香川県,善通寺市,善通寺グランドホテル,サービス,宿泊業,5%
香川県,善通寺市,セブン－イレブン善通寺金蔵寺町店,小売業,食料品,2%
香川県,善通寺市,善通寺西ＳＳ,小売業,ガソリンスタンド,2%
香川県,善通寺市,セブン－イレブン善通寺吉原町店,小売業,食料品,2%
香川県,善通寺市,大栄衣料,小売業,衣料品,5%
香川県,善通寺市,ニュー善通寺ＳＳ,小売業,ガソリンスタンド,2%
香川県,善通寺市,ひな鶴,サービス,飲食業,5%
香川県,善通寺市,ふらわりーあーと ゆり,小売業,その他小売,5%
香川県,善通寺市,マクドナルド３１９善通寺店,サービス,飲食業,2%
香川県,善通寺市,松尾写真館,サービス,その他サービス,5%
香川県,善通寺市,まなべサイクル まなべサイクル,小売業,その他小売,5%
香川県,善通寺市,宮脇書店 善通寺店,小売業,書籍・玩具・音楽ＣＤ,5%
香川県,善通寺市,横田商店,小売業,その他小売,5%
香川県,高松市,アイアイイスズ Ｇ－Ｔｉｍｅ,小売業,貴金属・服飾品,5%
香川県,高松市,アイアイイスズ Ｇ－Ｔｉｍｅ,小売業,貴金属・服飾品,5%
香川県,高松市,アイアイイスズ ブライダル本店,小売業,貴金属・服飾品,5%
香川県,高松市,アイアイイスズ ブライダル本店,小売業,貴金属・服飾品,5%
香川県,高松市,アイアイイスズ本店,小売業,貴金属・服飾品,5%
香川県,高松市,アイアイイスズ リペアクリニック,サービス,その他サービス,5%
香川県,高松市,ｉｒｏｎｍｏｎｇｅｒ,小売業,その他小売,5%
香川県,高松市,アイドッグラティ高松店,サービス,その他サービス,5%
香川県,高松市,あいほん屋 あいほん屋,小売業,書籍・玩具・音楽ＣＤ,5%
香川県,高松市,ｅｙｅｌａｓｈｓａｌｏｎｅｓｔ,その他業種,ー,5%
香川県,高松市,アキ,小売業,総合（非専門）,5%
香川県,高松市,Ａｇｕ ｈａｉｒ Ａｇｕ ｈａｉｒ ｃｈａｒｔ高松,サービス,理容・美容業,5%
香川県,高松市,朝日町セントラルＳＳ,小売業,ガソリンスタンド,2%
香川県,高松市,Ａｚｕｃｌｏｔｈｅｓ＆ｃａｆｅ,小売業,衣料品,5%
香川県,高松市,ａｔｅｌｉｅｒ ＬＥＭＯＮ,サービス,理容・美容業,5%
香川県,高松市,アトリエ Ｋｉｒａｒａ,サービス,理容・美容業,5%
香川県,高松市,穴吹米穀店,小売業,食料品,5%
香川県,高松市,Ａｆｆｉｎｅｒ,サービス,理容・美容業,5%
香川県,高松市,ありがたい本舗 イオンタウン国分寺 国分寺店,小売業,食料品,5%
香川県,高松市,ａｒｔｉ,小売業,その他小売,5%
香川県,高松市,ＡＲＯＭＡＳ,小売業,衣料品,5%
香川県,高松市,アンジェロ,サービス,理容・美容業,5%
香川県,高松市,ＵＮＴＩＴＬＥＤ高松店,小売業,衣料品,5%
香川県,高松市,Ａｍｐｈｉ 高松,サービス,理容・美容業,5%
香川県,高松市,ｕｎｅ Ｆｏｙｅｒ,小売業,衣料品,2%
香川県,高松市,イイマオートエンジニアリング,サービス,その他サービス,5%
香川県,高松市,粋つ家,サービス,飲食業,5%
香川県,高松市,池上製麺所,サービス,飲食業,5%
香川県,高松市,池田屋有限会社 Ｉｋｅｄａｙａ,小売業,衣料品,5%
香川県,高松市,池まる餃子,サービス,飲食業,5%
香川県,高松市,居酒屋 まつばら,サービス,飲食業,5%
香川県,高松市,居酒屋えいと,サービス,飲食業,5%
香川県,高松市,居酒屋のろし,サービス,飲食業,5%
香川県,高松市,イソザキ 高松店,小売業,家具・調度品,5%
香川県,高松市,出光西宝町ＳＳ,小売業,ガソリンスタンド,2%
香川県,高松市,出光まんでがん勅使ＳＳ,小売業,ガソリンスタンド,2%
香川県,高松市,出光牟礼ＳＳ,小売業,ガソリンスタンド,2%
香川県,高松市,出光元山ＳＳ,小売業,ガソリンスタンド,2%
香川県,高松市,出光ユーポート朝日町ＳＳ,小売業,ガソリンスタンド,2%
香川県,高松市,出光ユーポート瀬戸内ＳＳ,小売業,ガソリンスタンド,2%
香川県,高松市,出光ユーポートセルフ朝日町ＳＳ,小売業,ガソリンスタンド,2%
香川県,高松市,ＩＮＯＵＥ ＢＡＫＥＲＹ,小売業,食料品,5%
香川県,高松市,芋屋金次郎高松店,小売業,食料品,5%
香川県,高松市,ＩＬ ＢＩＳＯＮＴＥ 高松店,小売業,衣料品,2%
香川県,高松市,イングリッシュローズ,小売業,衣料品,5%
香川県,高松市,インテリアふじかね,小売業,その他小売,5%
香川県,高松市,ＷｅＢａｓｅ 高松,サービス,宿泊業,5%
香川県,高松市,ＯＵＩ ＦＯＹＥＲ,小売業,衣料品,2%
香川県,高松市,ウイングス２１一宮ＳＳ,小売業,ガソリンスタンド,2%
香川県,高松市,ウイングス２１太田ＳＳ,小売業,ガソリンスタンド,2%
香川県,高松市,ウイングス２１国分寺ＳＳ,小売業,ガソリンスタンド,2%
香川県,高松市,ウインク美容室 ｌｏｖｅｈａｉｒ ｗｉｎｋ,サービス,理容・美容業,5%
香川県,高松市,ウイングポート インフォメーションコーナー,小売業,書籍・玩具・音楽ＣＤ,5%
香川県,高松市,ＷＡＶＥＢＩＫＥＳ高松店,小売業,その他小売,5%
香川県,高松市,うさぎや,サービス,飲食業,5%
香川県,高松市,うどん商人 つ み屋 うどん商人 つづみ屋,サービス,飲食業,5%
香川県,高松市,うどん田中,サービス,飲食業,5%
香川県,高松市,裏きせき,サービス,飲食業,5%
香川県,高松市,卯をじ,小売業,食料品,5%
香川県,高松市,Ｈ?Ｒｅｓｔｏｒｅｒ,サービス,理容・美容業,5%
香川県,高松市,エー・アールサービス,サービス,その他サービス,5%
香川県,高松市,Ｅｔｈｉｃａｌ Ｇａｒｄｅｎ,サービス,飲食業,5%
香川県,高松市,ＳＳＧタニモト店,小売業,電化製品,5%
香川県,高松市,エスパル高松空港通りＳＳ,小売業,ガソリンスタンド,2%
香川県,高松市,えびすや,小売業,食料品,5%
香川県,高松市,エムテック,その他業種,ー,5%
香川県,高松市,オアシスエアポートＳＳ,小売業,ガソリンスタンド,2%
香川県,高松市,オアシス国分寺ＳＳ,小売業,ガソリンスタンド,2%
香川県,高松市,Ｄｒ．Ｄｒｉｖｅオアシス松繩店,小売業,ガソリンスタンド,2%
香川県,高松市,オアシスミマヤＳＳ,小売業,ガソリンスタンド,2%
香川県,高松市,オアシス六条ＳＳ,小売業,ガソリンスタンド,2%
香川県,高松市,Ｄｒ．Ｄｒｉｖｅオアシス県庁前店,小売業,ガソリンスタンド,2%
香川県,高松市,大川原染色本舗,小売業,総合（非専門）,5%
香川県,高松市,太田上町施術院,サービス,理容・美容業,5%
香川県,高松市,オートロマン,サービス,その他サービス,5%
香川県,高松市,大渚亭 本店,サービス,飲食業,5%
香川県,高松市,岡崎衣料百貨店 岡崎衣料百貨店,小売業,衣料品,5%
香川県,高松市,岡田衣料品店,小売業,衣料品,5%
香川県,高松市,オカヒサペンショップ,小売業,その他小売,5%
香川県,高松市,お米のクサカ,小売業,食料品,5%
香川県,高松市,お宝買取団 高松店,小売業,その他小売,5%
香川県,高松市,おひさんにしにし,サービス,飲食業,5%
香川県,高松市,原ヲビヤ園茶舗,小売業,食料品,5%
香川県,高松市,Ｏｆｆ Ｃｌｕｂ ヨネザワ ヨネザワ木太店,小売業,衣料品,5%
香川県,高松市,オリックスレンタカー高松駅前店,サービス,その他サービス,2%
香川県,高松市,オリックスレンタカー高松駅前西の丸店,サービス,その他サービス,2%
香川県,高松市,オリックスレンタカー高松空港店,サービス,その他サービス,2%
香川県,高松市,オリックスレンタカー高松郷東店,サービス,その他サービス,2%
香川県,高松市,オリックスレンタカー高松フラワー通り店,サービス,その他サービス,2%
香川県,高松市,御料理 一心 御料理 一心,サービス,飲食業,5%
香川県,高松市,ｏｎｓｅん,サービス,飲食業,5%
香川県,高松市,株式会社おんちゃんの花屋,小売業,その他小売,5%
香川県,高松市,カーケアステーションセルフ今里町,小売業,ガソリンスタンド,2%
香川県,高松市,カーケアステーションセルフ海岸通,小売業,ガソリンスタンド,2%
香川県,高松市,ＧＡＲＤＥＮ,小売業,衣料品,5%
香川県,高松市,ｇａｒｄｅん,サービス,飲食業,5%
香川県,高松市,カードキングダム高松店,小売業,書籍・玩具・音楽ＣＤ,5%
香川県,高松市,海鮮居酒屋 神童ろ,サービス,飲食業,5%
香川県,高松市,海鮮ワイン酒場あら,サービス,飲食業,5%
香川県,高松市,海賊亭,サービス,飲食業,5%
香川県,高松市,香川県立中央病院内売店,小売業,食料品,5%
香川県,高松市,セブン－イレブン香川県立中央病院前店,小売業,食料品,2%
香川県,高松市,セブン－イレブン香川大学正門前店,小売業,食料品,2%
香川県,高松市,香川ダイハツ販売春日店,小売業,その他小売,5%
香川県,高松市,香川ダイハツ販売東バイパス店,小売業,その他小売,5%
香川県,高松市,香川ダイハツ販売Ｕ－ＣＡＲ屋島,小売業,その他小売,5%
香川県,高松市,香川トヨタ自動車高松南店,小売業,その他小売,5%
香川県,高松市,香川トヨタ自動車本店,小売業,その他小売,5%
香川県,高松市,香川トヨタ自動車屋島店,小売業,その他小売,5%
香川県,高松市,香川トヨタ自動車Ｕ－Ｃａｒルート３２中央,小売業,その他小売,5%
香川県,高松市,香川トヨタ自動車ルート３２中央店,小売業,その他小売,5%
香川県,高松市,香川トヨタ自動車レクサス高松,小売業,その他小売,5%
香川県,高松市,香川トヨペット 空港通り店,小売業,その他小売,5%
香川県,高松市,香川トヨペット 香西店,小売業,その他小売,5%
香川県,高松市,香川トヨペット 高松春日店,小売業,その他小売,5%
香川県,高松市,香川トヨペットアルメリア花園,小売業,その他小売,5%
香川県,高松市,香川トヨペット香西店Ｕ－Ｃａｒ,小売業,その他小売,5%
香川県,高松市,香川トヨペットレインボーロード店,小売業,その他小売,5%
香川県,高松市,セブン－イレブン香川労働基準会館前店,小売業,食料品,2%
香川県,高松市,菓子舗いのうえ,小売業,食料品,5%
香川県,高松市,カジュアルフォトスタジオｈｏｍｅ カジュアルスタジオ ｈｏｍｅ,小売業,その他小売,5%
香川県,高松市,カットサロン シザーズ,サービス,理容・美容業,5%
香川県,高松市,カットスタジオ モルトン,サービス,理容・美容業,5%
香川県,高松市,加藤化粧品店,小売業,その他小売,5%
香川県,高松市,かに通 高松バイパス店,サービス,飲食業,5%
香川県,高松市,かねとう未来塾,サービス,飲食業,5%
香川県,高松市,かねみつ化粧品店,小売業,その他小売,5%
香川県,高松市,ｃａｆｅ ｓｕｇａｒ ｗｉｔｃｈ,サービス,飲食業,5%
香川県,高松市,カフェギャラリー甘露,サービス,飲食業,5%
香川県,高松市,株式会社 伊賀モータース 株式会社 伊賀モータース,サービス,その他サービス,5%
香川県,高松市,株式会社アロバー,小売業,食料品,5%
香川県,高松市,株式会社伊月屋島店 御厩店,小売業,その他小売,5%
香川県,高松市,株式会社インターメソッド,小売業,書籍・玩具・音楽ＣＤ,5%
香川県,高松市,株式会社エグゼスト,サービス,その他サービス,5%
香川県,高松市,株式会社オオクボエンタープライズ,サービス,その他サービス,5%
香川県,高松市,株式会社シュプール,サービス,理容・美容業,5%
香川県,高松市,株式会社トラスト ジャパン,小売業,食料品,5%
香川県,高松市,株式会社マリーヌ,小売業,その他小売,5%
香川県,高松市,株式会社ＵＳサービス,サービス,その他サービス,5%
香川県,高松市,髪師稲垣,サービス,理容・美容業,5%
香川県,高松市,カラオケＣＬＵＢ ＤＡＭ 高松駅前店,サービス,飲食業,5%
香川県,高松市,カルテツト川西,小売業,電化製品,5%
香川県,高松市,カルメラ ｃａｆｅｓｈｏｐ,サービス,飲食業,5%
香川県,高松市,カルメラ Ｆｌｏｗｅｒｓｈｏｐ ｃａｌｍｅｌａ ｆｌｏｗｅｒ ｃａｆｅ ｓｈｏｐ,小売業,その他小売,5%
香川県,高松市,カレーハウスＣｏＣｏ壱番屋香川国分寺店,サービス,飲食業,2%
香川県,高松市,カレーハウスＣｏＣｏ壱番屋高松茜町店,サービス,飲食業,2%
香川県,高松市,カレーハウスＣｏＣｏ壱番屋高松勅使店,サービス,飲食業,2%
香川県,高松市,カレーハウスＣＯＣＯ壱番屋高松屋島店,サービス,飲食業,2%
香川県,高松市,カワゾエ衣料センター,小売業,衣料品,5%
香川県,高松市,かわにし動物病院,その他業種,ー,5%
香川県,高松市,川溿接骨院,サービス,その他サービス,5%
香川県,高松市,川東ＳＳ,小売業,ガソリンスタンド,2%
香川県,高松市,関西きもの学院,小売業,衣料品,5%
香川県,高松市,木太ゴルフセンター,サービス,その他サービス,5%
香川県,高松市,木太町 ＳＳ,小売業,ガソリンスタンド,2%
香川県,高松市,ｋｉｋｋａ,サービス,理容・美容業,5%
香川県,高松市,有限会社キャット,小売業,衣料品,5%
香川県,高松市,キャピック タカマツ,その他業種,ー,5%
香川県,高松市,久来軒 久来軒,サービス,飲食業,5%
香川県,高松市,欽山製麺所,サービス,飲食業,5%
香川県,高松市,公渕西ＳＳ,小売業,ガソリンスタンド,2%
香川県,高松市,薬のなごみ・ＡＣルック,小売業,その他小売,5%
香川県,高松市,グッドネイバーズコーヒー グッドネイバーズコーヒー 十川店,サービス,飲食業,5%
香川県,高松市,グッドネイバーズコーヒー グッドネイバーズコーヒー 高松店,サービス,飲食業,5%
香川県,高松市,暮らしすと,サービス,その他サービス,5%
香川県,高松市,ｃｒａｓ ｃｒａｓ,小売業,家具・調度品,5%
香川県,高松市,クリーニングササキヤ,サービス,その他サービス,5%
香川県,高松市,グリーンタクシー グリーンタクシー１号車,サービス,運輸業,5%
香川県,高松市,クリエイト☆ラボ,サービス,その他サービス,5%
香川県,高松市,クリニカルサロンアクア,サービス,理容・美容業,5%
香川県,高松市,グルメバー ＴＨＡＴ Ｓ,サービス,飲食業,5%
香川県,高松市,ＧＲＡＰＥＳ,小売業,衣料品,5%
香川県,高松市,クロロフィル 高松美顔教室,小売業,その他小売,5%
香川県,高松市,ゲストハウス若葉屋,サービス,その他サービス,5%
香川県,高松市,小泉自動車工業,サービス,その他サービス,5%
香川県,高松市,香西 ＳＳ,小売業,ガソリンスタンド,2%
香川県,高松市,香西北 ＳＳ,小売業,ガソリンスタンド,2%
香川県,高松市,香西釣具店,小売業,その他小売,5%
香川県,高松市,高徳電化,小売業,電化製品,5%
香川県,高松市,向陽自販,サービス,その他サービス,5%
香川県,高松市,国際フェリー 高松営業所,サービス,運輸業,5%
香川県,高松市,国分寺 ＳＳ,小売業,ガソリンスタンド,2%
香川県,高松市,五色台ペット供養社,サービス,その他サービス,5%
香川県,高松市,Ｃｏｔｔｏｎ ｎａｉｌ 高松本店,サービス,理容・美容業,5%
香川県,高松市,セブン－イレブンことでん瓦町駅店,小売業,食料品,2%
香川県,高松市,小柳電気商会,小売業,電化製品,5%
香川県,高松市,五葉寿し,サービス,飲食業,5%
香川県,高松市,こりらっくすジェイピー浅野分室,サービス,その他サービス,5%
香川県,高松市,こりらっくすジェイピー北浜店,サービス,その他サービス,5%
香川県,高松市,コンタクトはなこ,小売業,その他小売,5%
香川県,高松市,コンディショニングジムネスト,その他業種,ー,5%
香川県,高松市,ザ・チェルシー,サービス,宿泊業,5%
香川県,高松市,サイクランドヤマネ,小売業,その他小売,5%
香川県,高松市,サイクルショップ シナノ,小売業,その他小売,5%
香川県,高松市,サイクルライフ タムラ,小売業,その他小売,5%
香川県,高松市,サウンドマスター,小売業,その他小売,5%
香川県,高松市,さかな屋さんの居酒屋 北島商店,サービス,飲食業,5%
香川県,高松市,さきがけ,小売業,食料品,5%
香川県,高松市,酒のソクハイ高松本店,小売業,その他小売,5%
香川県,高松市,佐々木商店,小売業,その他小売,5%
香川県,高松市,佐藤製麺,小売業,食料品,5%
香川県,高松市,讃岐の美食と香川の地酒 讃蔵（さんぞう）,サービス,飲食業,5%
香川県,高松市,さぬきパソコン救急隊,サービス,その他サービス,5%
香川県,高松市,ＴＨＥ ＢＡＮＫ,サービス,理容・美容業,5%
香川県,高松市,さゆｃａｆｆｅ,サービス,飲食業,5%
香川県,高松市,ＳＡＬＯＮ ＤＵ ＳＨＩＮ,サービス,理容・美容業,5%
香川県,高松市,高橋石油株式会社 三条油槽所,小売業,ガソリンスタンド,2%
香川県,高松市,サンファソン,小売業,食料品,5%
香川県,高松市,サンポートＳＳ,小売業,ガソリンスタンド,2%
香川県,高松市,三友堂,小売業,食料品,5%
香川県,高松市,三洋薬品ＨＢＣ株式会社 香川営業所,小売業,その他小売,5%
香川県,高松市,サンロイヤルホテル,サービス,宿泊業,5%
香川県,高松市,ＧＥＥＫ,サービス,理容・美容業,5%
香川県,高松市,ＪＥＡＮＳ ＦＡＣＴＯＲＹ 屋島店,小売業,衣料品,5%
香川県,高松市,塩上,小売業,ガソリンスタンド,2%
香川県,高松市,塩の江ＳＳ,小売業,ガソリンスタンド,2%
香川県,高松市,塩江ＳＳ,小売業,ガソリンスタンド,2%
香川県,高松市,塩之江 ＳＳ,小売業,ガソリンスタンド,2%
香川県,高松市,四国高速バス,サービス,その他サービス,5%
香川県,高松市,自然食Ｃａｆｅ こかげ,サービス,飲食業,5%
香川県,高松市,自然食品らびっと,小売業,食料品,5%
香川県,高松市,自動車科,サービス,その他サービス,5%
香川県,高松市,清水屋,小売業,食料品,5%
香川県,高松市,しゃぶ亭まる,サービス,飲食業,5%
香川県,高松市,ジャンプワールド今里店,小売業,その他小売,5%
香川県,高松市,ジャンボフェリー ＳＳ,小売業,ガソリンスタンド,2%
香川県,高松市,時遊,サービス,飲食業,5%
香川県,高松市,ジュエリー ウォッチさんせぶん,小売業,貴金属・服飾品,5%
香川県,高松市,手芸マキ 高松店,小売業,その他小売,5%
香川県,高松市,シューズショップツツイ,小売業,衣料品,5%
香川県,高松市,純手打ちうどん元気一番 純手打ちうどん元気一番,サービス,飲食業,5%
香川県,高松市,ジョイフル恵利高松店,サービス,その他サービス,5%
香川県,高松市,食工房 ＤＯＩ,サービス,飲食業,5%
香川県,高松市,食 乃口,サービス,飲食業,5%
香川県,高松市,ショップカワニシ,小売業,その他小売,5%
香川県,高松市,ＳＨＯＮＬＹ,サービス,飲食業,5%
香川県,高松市,新樺川観光ホテル,サービス,宿泊業,5%
香川県,高松市,神在 ＳＳ,小売業,ガソリンスタンド,2%
香川県,高松市,新日本補聴器センター高松店,小売業,その他小売,5%
香川県,高松市,ｓｕａｙ,サービス,理容・美容業,5%
香川県,高松市,スーパードラッグひまわり多肥上店,小売業,総合（非専門）,5%
香川県,高松市,スーパードラッグひまわり屋島店,小売業,総合（非専門）,5%
香川県,高松市,寿し一貫 太田店,サービス,飲食業,5%
香川県,高松市,スタジオモナージュ スタジオ モナージュ,小売業,衣料品,5%
香川県,高松市,ステップオート,小売業,その他小売,5%
香川県,高松市,ｓｔｏｒｉａ．ｆ 郷東店【ストーリア エフ】,サービス,理容・美容業,5%
香川県,高松市,ｓｔｏｒｉａ．ｆ Ｓｐａ ＆ Ｒｅｌａｘａｔｉｏｎ,サービス,理容・美容業,5%
香川県,高松市,ＳＴＲＥＥＴ ＢＩＣＹＣＬＥ ＳＴＹＬＥ ＳＨＯＰ,小売業,衣料品,5%
香川県,高松市,ストレート 高松店,小売業,その他小売,5%
香川県,高松市,砂川犬と猫の病院,サービス,その他サービス,5%
香川県,高松市,スパッカナポリ,サービス,飲食業,5%
香川県,高松市,ＳＵＰＥＲ ＢＯＹ’Ｓ ＭＡＲＫＥＴ,小売業,衣料品,5%
香川県,高松市,ＳＰＨＥＲＥＳ ＧＡＴＥ,サービス,その他サービス,5%
香川県,高松市,スペイン料理ＢＵＬＬ ＬＡＴＴＥ,サービス,飲食業,5%
香川県,高松市,炭火焼鳥 十徳,サービス,飲食業,5%
香川県,高松市,炭火焼鳥 田むら家,サービス,飲食業,5%
香川県,高松市,炭火焼肉 大黒天,サービス,飲食業,5%
香川県,高松市,炭火焼肉 京もつ鍋ホルモンでん縁,サービス,飲食業,5%
香川県,高松市,ＳＬＯＷＦＬＯＷ,サービス,理容・美容業,5%
香川県,高松市,生巧堂,小売業,貴金属・服飾品,5%
香川県,高松市,整体院 形,サービス,その他サービス,5%
香川県,高松市,瀬戸内 ＳＳ,小売業,ガソリンスタンド,2%
香川県,高松市,瀬戸内家 良ちゃん,サービス,飲食業,5%
香川県,高松市,瀬戸内ジェラートＭＡＲＥ,サービス,飲食業,5%
香川県,高松市,ゼニス,サービス,その他サービス,5%
香川県,高松市,セルフ城東ＳＳ,小売業,ガソリンスタンド,2%
香川県,高松市,セルフ八栗 ＳＳ,小売業,ガソリンスタンド,2%
香川県,高松市,セルフ屋島 車検,小売業,ガソリンスタンド,2%
香川県,高松市,センコヤゆめタウン高松店,小売業,その他小売,5%
香川県,高松市,扇誉亭,小売業,その他小売,5%
香川県,高松市,創作カレー 朔日,サービス,飲食業,5%
香川県,高松市,創作たこやき まんまる,サービス,飲食業,5%
香川県,高松市,ＳＯＬ,サービス,飲食業,5%
香川県,高松市,大正そば 大正そば,サービス,飲食業,5%
香川県,高松市,大成造園,その他業種,ー,5%
香川県,高松市,ｄｉｎｉｎｇｋｉｃｈｅｎｚａｂｕ,サービス,飲食業,5%
香川県,高松市,タカギメンテナンス,小売業,電化製品,5%
香川県,高松市,高橋ふとん店 高松東店,小売業,家具・調度品,5%
香川県,高松市,株式会社高橋ふとん店十川店,小売業,その他小売,5%
香川県,高松市,株式会社高橋ふとん店高松東店,小売業,その他小売,5%
香川県,高松市,高松ＳＳ,小売業,ガソリンスタンド,2%
香川県,高松市,セブン－イレブン高松一宮町店,小売業,食料品,2%
香川県,高松市,セブン－イレブン高松今里店,小売業,食料品,2%
香川県,高松市,高松 ＥＬＥＶＥＮ ＳＴＵＤＩＯ,サービス,その他サービス,5%
香川県,高松市,高松ハイタクＳＳ,小売業,ガソリンスタンド,2%
香川県,高松市,セブン－イレブン高松太田下町店,小売業,食料品,2%
香川県,高松市,セブン－イレブン高松岡本町店,小売業,食料品,2%
香川県,高松市,セブン－イレブン高松香川町大野北店,小売業,食料品,2%
香川県,高松市,セブン－イレブン高松香川町大野店,小売業,食料品,2%
香川県,高松市,セブン－イレブン高松潟元駅北店,小売業,食料品,2%
香川県,高松市,セブン－イレブン高松鹿角町店,小売業,食料品,2%
香川県,高松市,セブン－イレブン高松上福岡町店,小売業,食料品,2%
香川県,高松市,セブン－イレブン高松瓦町駅東口店,小売業,食料品,2%
香川県,高松市,セブン－イレブン高松瓦町２丁目店,小売業,食料品,2%
香川県,高松市,セブン－イレブン高松観光通２丁目店,小売業,食料品,2%
香川県,高松市,セブン－イレブン高松木太中央公園前店,小売業,食料品,2%
香川県,高松市,セブン－イレブン高松木太町川西店,小売業,食料品,2%
香川県,高松市,セブン－イレブン高松木太町店,小売業,食料品,2%
香川県,高松市,セブン－イレブン高松木太町中浜店,小売業,食料品,2%
香川県,高松市,セブン－イレブン高松木太町本村店,小売業,食料品,2%
香川県,高松市,高松空港通りＳＳ,小売業,ガソリンスタンド,2%
香川県,高松市,セブン－イレブン高松香南町横井店,小売業,食料品,2%
香川県,高松市,高松 郷家,サービス,飲食業,5%
香川県,高松市,セブン－イレブン高松国分寺町福家店,小売業,食料品,2%
香川県,高松市,セブン－イレブン高松寿町２丁目店,小売業,食料品,2%
香川県,高松市,高松ＳＳ,小売業,ガソリンスタンド,2%
香川県,高松市,セブン－イレブン高松ＪＲ栗林駅前店,小売業,食料品,2%
香川県,高松市,高松市職員消費生活協同組合,小売業,総合（非専門）,5%
香川県,高松市,セブン－イレブン高松新番丁小学校前店,小売業,食料品,2%
香川県,高松市,セブン－イレブン高松十川西町店,小売業,食料品,2%
香川県,高松市,高松第二ＳＳ,小売業,ガソリンスタンド,2%
香川県,高松市,セブン－イレブン高松中央町店,小売業,食料品,2%
香川県,高松市,セブン－イレブン高松中間町店,小売業,食料品,2%
香川県,高松市,セルフステーション高松東バイパスＳＳ,小売業,ガソリンスタンド,2%
香川県,高松市,高松東バイパス林 ＳＳ,小売業,ガソリンスタンド,2%
香川県,高松市,セブン－イレブン高松伏石町店,小売業,食料品,2%
香川県,高松市,セブン－イレブン高松丸亀町店,小売業,食料品,2%
香川県,高松市,セブン－イレブン高松三谷町店,小売業,食料品,2%
香川県,高松市,セブン－イレブン高松屋島西店,小売業,食料品,2%
香川県,高松市,タカラブネウイングポート店,小売業,食料品,5%
香川県,高松市,タケダ靴店,小売業,その他小売,5%
香川県,高松市,多田酒店,小売業,その他小売,5%
香川県,高松市,谷澤数光商店,小売業,総合（非専門）,5%
香川県,高松市,多肥 ＳＳ,小売業,ガソリンスタンド,2%
香川県,高松市,ダモンテ商会,サービス,飲食業,5%
香川県,高松市,たわら屋 南新町店,サービス,飲食業,5%
香川県,高松市,たんぽぽドッグスクール,サービス,その他サービス,5%
香川県,高松市,ちょいのみふくろう,サービス,飲食業,5%
香川県,高松市,勅使ＳＳ,小売業,ガソリンスタンド,2%
香川県,高松市,津川電化センター,小売業,電化製品,5%
香川県,高松市,つねや １Ｆ,小売業,衣料品,2%
香川県,高松市,つねや ２Ｆ,小売業,衣料品,2%
香川県,高松市,つむら 本店,小売業,衣料品,5%
香川県,高松市,詰田川ＳＳ,小売業,ガソリンスタンド,2%
香川県,高松市,釣り船惠優丸,その他業種,ー,5%
香川県,高松市,つるいち手打うどん,サービス,飲食業,5%
香川県,高松市,つるや イオン 高松店,小売業,衣料品,5%
香川県,高松市,つるや イオン高松東店,小売業,衣料品,5%
香川県,高松市,つるやイオン高松東店,小売業,衣料品,5%
香川県,高松市,ティーフィーズ,サービス,その他サービス,5%
香川県,高松市,ＴＡＫＥ ＯＮＥ,小売業,その他小売,5%
香川県,高松市,Ｄａｉｓｙ,サービス,理容・美容業,5%
香川県,高松市,Ｄｅｖａｎｔ高松（カリモク高松）,小売業,家具・調度品,5%
香川県,高松市,テキーラバー Ａｎｅｊｏ,サービス,飲食業,5%
香川県,高松市,テクニカル ビューティー ａｎｇｅｌｏ,サービス,理容・美容業,5%
香川県,高松市,（株）デコ ＡＯＺＯＲＡ,小売業,衣料品,5%
香川県,高松市,デトックス専門店和紫友（わしゅう）,サービス,理容・美容業,5%
香川県,高松市,手もみ屋本舗 屋島店,サービス,その他サービス,2%
香川県,高松市,天山閣 郷東店,サービス,飲食業,5%
香川県,高松市,天津甘栗はまの,小売業,食料品,5%
香川県,高松市,ＴＥＮ ｔｏ ＳＥＮ ゲストハウス高松,サービス,宿泊業,5%
香川県,高松市,ＴＯＹＴＯＹＴＯＹ,小売業,書籍・玩具・音楽ＣＤ,5%
香川県,高松市,ＴＯＭＯＲＲＯＷＬＡＮＤ,小売業,衣料品,2%
香川県,高松市,ＴＯＭＯＲＲＯＷＬＡＮＤ２,小売業,衣料品,2%
香川県,高松市,トゥモローランドメンズ,小売業,衣料品,2%
香川県,高松市,ｔｏｔａｌｂｅａｕｔｙ麗,サービス,理容・美容業,5%
香川県,高松市,ＬＵＭＩＡＳ,サービス,理容・美容業,5%
香川県,高松市,ｔｏｔａｌ ｂｅａｕｔｙ 麗,サービス,理容・美容業,5%
香川県,高松市,Ｔｏｔａｌ Ｂｏｄｙ Ｃａｒｅ 和,サービス,その他サービス,5%
香川県,高松市,Ｄｒ．Ｄｒｉｖｅエスパル鶴市,小売業,ガソリンスタンド,2%
香川県,高松市,Ｄｒ．Ｄｒｉｖｅセルフ春日川,小売業,ガソリンスタンド,2%
香川県,高松市,Ｄｒ．Ｄｒｉｖｅセルフ浜街道,小売業,ガソリンスタンド,2%
香川県,高松市,トータルボディケアサロンエクテ,サービス,その他サービス,5%
香川県,高松市,ドッググッズ ＦＯＯＣＨＩ,小売業,その他小売,5%
香川県,高松市,トヨタレンタリース東四国高松空港店,サービス,その他サービス,2%
香川県,高松市,トヨタレンタリース東四国高松サンポート店,サービス,その他サービス,2%
香川県,高松市,ドライバーズオアシス林町ＳＳ,小売業,ガソリンスタンド,2%
香川県,高松市,ドラッグストアmac高松レインボー店,小売業,その他小売,5%
香川県,高松市,ｔｒａｔｔｏｒｉａ たにぐち,サービス,飲食業,5%
香川県,高松市,鳥長,サービス,飲食業,5%
香川県,高松市,ＴＯＲＩＢＡＣＯ５１４,サービス,飲食業,5%
香川県,高松市,とんかつひがさ番町店,サービス,飲食業,5%
香川県,高松市,ナイスくぼ,小売業,電化製品,5%
香川県,高松市,なかむらモータース なかむらモータース,小売業,その他小売,5%
香川県,高松市,中森大橋 ＳＳ,小売業,ガソリンスタンド,2%
香川県,高松市,乍ｎａｇａｒａ,サービス,飲食業,5%
香川県,高松市,納屋之炭 鍛冶屋町本店,サービス,飲食業,5%
香川県,高松市,納屋之炭 高松駅前店,サービス,飲食業,5%
香川県,高松市,成合町ＳＳ,小売業,ガソリンスタンド,2%
香川県,高松市,成田家,サービス,飲食業,5%
香川県,高松市,南海ゴルフ 高松店,小売業,その他小売,5%
香川県,高松市,南海部品高松店,小売業,その他小売,5%
香川県,高松市,南天堂薬局,小売業,その他小売,5%
香川県,高松市,肉力ＪＡＰＡＮ楽椿,サービス,飲食業,5%
香川県,高松市,肉の山本,小売業,食料品,5%
香川県,高松市,西日本メディカル高松営業所,小売業,その他小売,5%
香川県,高松市,西ハゼ ＳＳ,小売業,ガソリンスタンド,2%
香川県,高松市,Ｎｕｄｉｅ,サービス,理容・美容業,5%
香川県,高松市,ｎｕｄｅ ｓｕｐｐｅｒｃｌｕｂ （ヌードサパークラブ）,サービス,飲食業,5%
香川県,高松市,ヌードサパークラブ ラウンジ,サービス,飲食業,5%
香川県,高松市,ｎａｉｌ ＢＵＮＧＡ,サービス,その他サービス,5%
香川県,高松市,ねこカフェ肉灸,サービス,飲食業,5%
香川県,高松市,ＮＥＳ丸亀町店,サービス,理容・美容業,5%
香川県,高松市,ネッツトヨタ香川空港通り店,小売業,その他小売,5%
香川県,高松市,ネッツトヨタ香川たかまつ中央店,小売業,その他小売,5%
香川県,高松市,ネッツトヨタ香川本店,小売業,その他小売,5%
香川県,高松市,ネッツトヨタ香川屋島店,小売業,その他小売,5%
香川県,高松市,野田屋電機,小売業,電化製品,5%
香川県,高松市,のみもの家,小売業,食料品,5%
香川県,高松市,パキスタン インド料理 チシティ,サービス,飲食業,5%
香川県,高松市,バックヤードガーデン,サービス,飲食業,5%
香川県,高松市,Ｐａｔｉｓｓｅｒｉｅ Ｙａｍａ,サービス,飲食業,5%
香川県,高松市,Ｃａｃｈｅ?ｃａｃｈｅ,小売業,食料品,5%
香川県,高松市,花園亭,サービス,飲食業,5%
香川県,高松市,パナプラザアクセスモリタ,小売業,電化製品,5%
香川県,高松市,パナプラザ北原,小売業,電化製品,5%
香川県,高松市,ｈａｎａｍｏｒｉ ｔｅｒａｒａ,サービス,理容・美容業,5%
香川県,高松市,濱田電気,小売業,電化製品,5%
香川県,高松市,はやし食品センター,小売業,総合（非専門）,5%
香川県,高松市,はやし食品センター,小売業,食料品,5%
香川県,高松市,ＨＡＲＩｓａｌｏｎ・ｐｏｌｅｄａｎｃｅｓｔｕｄｉｏＭＯＩＳＡ,サービス,理容・美容業,5%
香川県,高松市,パルテモリタ,小売業,電化製品,5%
香川県,高松市,パルテＹ０Ｕ,小売業,電化製品,5%
香川県,高松市,晴れサロン,サービス,その他サービス,5%
香川県,高松市,Ｐａｎｄ ｓｔｕｄｉｏ,サービス,その他サービス,5%
香川県,高松市,ＢＭＯ高松今里店,小売業,衣料品,5%
香川県,高松市,東バイパス林 車検,小売業,ガソリンスタンド,2%
香川県,高松市,光自動車株式会社,サービス,その他サービス,5%
香川県,高松市,ＢＥＧＩＮＳ ＨＡＩＲ ＫＯＢＥ,サービス,理容・美容業,5%
香川県,高松市,ひごペットフレンドリー ゆめタウン高松,小売業,その他小売,5%
香川県,高松市,ビジネスホテル瓦町,サービス,宿泊業,5%
香川県,高松市,ビストロ・ボン,サービス,飲食業,5%
香川県,高松市,Ｂｉｔ,小売業,その他小売,5%
香川県,高松市,美と癒しの専門店 ぷるるりぶーる,サービス,その他サービス,5%
香川県,高松市,ＢＥＶＥＲＬＥＹＲＯＣＫ,小売業,衣料品,5%
香川県,高松市,美容室ＲＯＯＭ,サービス,理容・美容業,5%
香川県,高松市,ひろせ司法書士事務所,サービス,その他サービス,5%
香川県,高松市,フィート・ウェット,小売業,衣料品,5%
香川県,高松市,ｆｏｇ,小売業,衣料品,5%
香川県,高松市,ＦＯＲＢＩＣＩＮＡ（フォルビチーナ）,サービス,理容・美容業,5%
香川県,高松市,Ｆｏｒｍ,サービス,理容・美容業,5%
香川県,高松市,吹上亭,小売業,その他小売,5%
香川県,高松市,冨久ろ屋,小売業,食料品,5%
香川県,高松市,福家電気商会,小売業,電化製品,5%
香川県,高松市,Ｆｕｊｉ Ｃａｆｅ １９７７,サービス,飲食業,5%
香川県,高松市,藤塚町 ＳＳ,小売業,ガソリンスタンド,2%
香川県,高松市,ふじのや,サービス,飲食業,5%
香川県,高松市,藤目塗装,サービス,その他サービス,5%
香川県,高松市,伏石 ＳＳ,小売業,ガソリンスタンド,2%
香川県,高松市,フットワークスポーツ,小売業,その他小売,5%
香川県,高松市,プラザなかむら,小売業,電化製品,5%
香川県,高松市,106,小売業,衣料品,5%
香川県,高松市,プラスワンキャンピングカーレンタル,サービス,その他サービス,5%
香川県,高松市,ＦＲＡＧＭＥＮＴＦＡＣＴＯＲＹ,サービス,その他サービス,5%
香川県,高松市,Ｆｌｏｗｅｒ＆Ｌｉｆｅ Ａｎ’ｓ,小売業,その他小売,5%
香川県,高松市,ＢＬＩＳＳ,小売業,衣料品,2%
香川県,高松市,振袖専門店いちのや 振袖専門店いちのや,小売業,衣料品,5%
香川県,高松市,フルーツ大林,小売業,食料品,5%
香川県,高松市,フルール,小売業,その他小売,5%
香川県,高松市,ふるかわうどん,サービス,飲食業,5%
香川県,高松市,古着百貨,小売業,その他小売,5%
香川県,高松市,ブルンネン,サービス,飲食業,5%
香川県,高松市,フレンドやまじ,小売業,電化製品,5%
香川県,高松市,フローリストみつば,小売業,その他小売,5%
香川県,高松市,ｈａｉｒ ａｒｔ’ｓ ＢＬＯＯＭ,サービス,理容・美容業,5%
香川県,高松市,ヘア サロン コモレビ,サービス,理容・美容業,5%
香川県,高松市,ヘアーサロンかわすじ,サービス,理容・美容業,5%
香川県,高松市,ヘアサロン べリール,サービス,理容・美容業,5%
香川県,高松市,ヘアースタジオ神谷,サービス,理容・美容業,5%
香川県,高松市,ヘアサロン ベリール,サービス,理容・美容業,5%
香川県,高松市,ｈａｉｒｓａｌｏｎ ＴＡＶＯＯ,サービス,理容・美容業,5%
香川県,高松市,ヘアサロンベリール,サービス,理容・美容業,5%
香川県,高松市,平池ゴルフセンター,サービス,その他サービス,5%
香川県,高松市,平成レンタカー 高松駅前店,サービス,その他サービス,5%
香川県,高松市,ｐａｉｎ,小売業,衣料品,5%
香川県,高松市,Ｂａｋｅｒｙ Ｃａｆｅ ル レーヴ 南新町店,小売業,食料品,5%
香川県,高松市,ベッド マットレス 亀田店,小売業,家具・調度品,5%
香川県,高松市,ＢｅＬＬ ＤｏＮＮａ,小売業,衣料品,5%
香川県,高松市,ポールスミス 高松店,小売業,衣料品,5%
香川県,高松市,ほぐし処 りせっと,サービス,理容・美容業,5%
香川県,高松市,補聴器センター辻 太田店,小売業,その他小売,5%
香川県,高松市,ホテルエリアワン高松,サービス,宿泊業,5%
香川県,高松市,ホテル川六,サービス,宿泊業,5%
香川県,高松市,ホテルジャパン,サービス,宿泊業,5%
香川県,高松市,ホテル福屋,サービス,宿泊業,5%
香川県,高松市,ホテル ワカバ,サービス,宿泊業,5%
香川県,高松市,骨付鳥 寄鳥味鳥,サービス,飲食業,5%
香川県,高松市,骨付鳥 寄鳥味鳥,サービス,飲食業,5%
香川県,高松市,ほのぼの,サービス,飲食業,5%
香川県,高松市,Ｈｏｍａｒｅ,サービス,理容・美容業,5%
香川県,高松市,誉自転車,小売業,その他小売,5%
香川県,高松市,誉自転車 誉自転車,小売業,その他小売,5%
香川県,高松市,堀川住器,サービス,その他サービス,5%
香川県,高松市,ＰａｕｌＳｍｉｔｈ Ｗｏｍｅｎ,小売業,衣料品,5%
香川県,高松市,ホルモン焼肉 豊千,サービス,飲食業,5%
香川県,高松市,ポレンヘアドレッサーズ,サービス,理容・美容業,5%
香川県,高松市,本格中華料理 紹興酒家,サービス,飲食業,5%
香川県,高松市,本社,小売業,ガソリンスタンド,2%
香川県,高松市,本社 団体,小売業,ガソリンスタンド,2%
香川県,高松市,Ｂｏｎｃｉａｎｉ,小売業,衣料品,5%
香川県,高松市,本社ＬＰＧ,小売業,その他小売,5%
香川県,高松市,本屋Ｌｕｎｕｇａｎｇａ,小売業,書籍・玩具・音楽ＣＤ,5%
香川県,高松市,本屋Ｌｕｎｕｇａｎｇａ,小売業,書籍・玩具・音楽ＣＤ,5%
香川県,高松市,前田 ＳＳ,小売業,ガソリンスタンド,2%
香川県,高松市,まぐ動物病院,サービス,その他サービス,5%
香川県,高松市,マクドナルド高松元山町店,サービス,飲食業,2%
香川県,高松市,マクドナルドフジグラン十川店,サービス,飲食業,2%
香川県,高松市,マックス マーラ,小売業,衣料品,2%
香川県,高松市,Ｍａｘ Ｍａｒａ２,小売業,衣料品,2%
香川県,高松市,照仁庵,サービス,理容・美容業,5%
香川県,高松市,松縄町ＳＳ,小売業,ガソリンスタンド,2%
香川県,高松市,ＭＡＮＡＷＡ,サービス,理容・美容業,5%
香川県,高松市,ｍａｈｉｎａｌａｎｉ ＨＡＷＡＩＩＡＮ ＬＯＭＩＬＯＭＩ,サービス,その他サービス,5%
香川県,高松市,丸久自動車,その他業種,ー,5%
香川県,高松市,まるまんエ・コ,小売業,電化製品,5%
香川県,高松市,味香,サービス,飲食業,5%
香川県,高松市,ミキサーマン,小売業,食料品,5%
香川県,高松市,ｍｉｃｈｅｌｗｒｅａｔｈ,小売業,その他小売,5%
香川県,高松市,みずしま動物病院,サービス,その他サービス,5%
香川県,高松市,溝口食糧株式会社 米屋 溝口食糧,小売業,食料品,5%
香川県,高松市,ミゾブチ電化,小売業,電化製品,5%
香川県,高松市,三谷ＳＳ,小売業,ガソリンスタンド,2%
香川県,高松市,三谷行政書士事務所,その他業種,ー,5%
香川県,高松市,三並電器商会,小売業,電化製品,5%
香川県,高松市,ｍｉｎｉｍｉｘ,サービス,理容・美容業,5%
香川県,高松市,ミニやおや まるみや,小売業,食料品,5%
香川県,高松市,御厩 ＳＳ,小売業,ガソリンスタンド,2%
香川県,高松市,ミモザ イオン高松東店,小売業,衣料品,5%
香川県,高松市,宮脇書店 太田店,小売業,書籍・玩具・音楽ＣＤ,5%
香川県,高松市,宮脇書店 卸センター,小売業,書籍・玩具・音楽ＣＤ,5%
香川県,高松市,宮脇書店 川東店,小売業,書籍・玩具・音楽ＣＤ,5%
香川県,高松市,宮脇書店 香西店,小売業,書籍・玩具・音楽ＣＤ,5%
香川県,高松市,宮脇書店 新太田店,小売業,書籍・玩具・音楽ＣＤ,5%
香川県,高松市,宮脇書店 新屋島店,小売業,書籍・玩具・音楽ＣＤ,5%
香川県,高松市,宮脇書店 フジ十川店,小売業,書籍・玩具・音楽ＣＤ,5%
香川県,高松市,宮脇書店 フレスポ高松店,小売業,書籍・玩具・音楽ＣＤ,5%
香川県,高松市,宮脇書店 本店,小売業,書籍・玩具・音楽ＣＤ,5%
香川県,高松市,宮脇書店 南本店,小売業,書籍・玩具・音楽ＣＤ,5%
香川県,高松市,宮脇書店 宮脇総本店,小売業,書籍・玩具・音楽ＣＤ,5%
香川県,高松市,味楽,サービス,飲食業,5%
香川県,高松市,無印良品 高松,小売業,その他小売,2%
香川県,高松市,無印良品 ゆめタウン高松,小売業,その他小売,2%
香川県,高松市,メガネのヤマシタ国分寺店,小売業,その他小売,5%
香川県,高松市,メガネ本舗 円座店,小売業,その他小売,5%
香川県,高松市,メガネ本舗 屋島店,小売業,その他小売,5%
香川県,高松市,メガネ本舗 レインボーロード伏石店,小売業,その他小売,5%
香川県,高松市,目元専門サロン ルベル,サービス,理容・美容業,5%
香川県,高松市,ＭＥＮ Ｓ ＨＡＩＲ ＭＡＹＢＥ,サービス,理容・美容業,5%
香川県,高松市,麺屋かみ本,サービス,飲食業,5%
香川県,高松市,麺屋軌跡 高松本店,サービス,飲食業,5%
香川県,高松市,モモタローＢａｒｂｅｒ Ｓｈｏｐ,サービス,理容・美容業,5%
香川県,高松市,モリソンウォッチ＆ライフ,小売業,貴金属・服飾品,5%
香川県,高松市,Ｍｏｎｋｅｙ Ｗｒｅｎｃｈ,小売業,衣料品,5%
香川県,高松市,焼肉五苑 一宮店,サービス,飲食業,5%
香川県,高松市,焼肉酒場はち,サービス,飲食業,5%
香川県,高松市,焼肉Ｄｉｎｉｎｇ茂,サービス,飲食業,5%
香川県,高松市,ヤキブタ酒場 大門屋,サービス,飲食業,5%
香川県,高松市,ヤキブタ酒場 大門屋,サービス,飲食業,5%
香川県,高松市,ヤクルト届けてネット（香川）,その他業種,ー,5%
香川県,高松市,屋島ＳＳ,小売業,ガソリンスタンド,2%
香川県,高松市,屋島釣具店,小売業,その他小売,5%
香川県,高松市,屋島の宿 桃太郎,サービス,宿泊業,5%
香川県,高松市,屋島の宿 桃太郎,サービス,宿泊業,5%
香川県,高松市,屋島ロイヤルホテル,サービス,宿泊業,5%
香川県,高松市,やまぐち整骨院,サービス,その他サービス,5%
香川県,高松市,飲茶居天胡同,サービス,飲食業,5%
香川県,高松市,や和らぎたかす,小売業,衣料品,5%
香川県,高松市,有 長尾輪業商会,サービス,その他サービス,5%
香川県,高松市,有限会社石川商店,その他業種,ー,5%
香川県,高松市,有限会社大原順進堂 有限会社 大原順進堂,その他業種,ー,5%
香川県,高松市,有限会社日下精肉店 日下精肉店,小売業,食料品,5%
香川県,高松市,有限会社しゃぶ亭まる,小売業,食料品,5%
香川県,高松市,有限会社スパイス Ｓｐｉｃｅ,サービス,理容・美容業,5%
香川県,高松市,有限会社センコヤ本店,小売業,その他小売,5%
香川県,高松市,有限会社高嶋金物店,小売業,電化製品,5%
香川県,高松市,有限会社高松センチュリーホテル,サービス,宿泊業,5%
香川県,高松市,有限会社武下衣料センター,小売業,総合（非専門）,5%
香川県,高松市,有限会社ハートッゥハート香川,小売業,総合（非専門）,5%
香川県,高松市,有限会社三宅自転車店,小売業,その他小売,5%
香川県,高松市,有限会社森吉祥堂,その他業種,ー,5%
香川県,高松市,有限会社リブテック,サービス,その他サービス,5%
香川県,高松市,有限会社ワタナベ酒店 有限会社 ワタナベ酒店,小売業,その他小売,5%
香川県,高松市,遊食房屋高松南店,サービス,飲食業,5%
香川県,高松市,柚の木,サービス,飲食業,5%
香川県,高松市,ゆめタウン高松ａｒｕｄｉ,小売業,衣料品,5%
香川県,高松市,湯愛の里しおのえ,小売業,食料品,5%
香川県,高松市,ＹＵＲＩＭＡＨａｉｒ,サービス,理容・美容業,5%
香川県,高松市,ヨーガンレール,小売業,衣料品,2%
香川県,高松市,ヨコクラうどん,サービス,飲食業,5%
香川県,高松市,義とも,サービス,飲食業,5%
香川県,高松市,ＹＯＭＳ,小売業,その他小売,5%
香川県,高松市,ライズヘア?,サービス,理容・美容業,5%
香川県,高松市,ＬａＶｉｅ,サービス,理容・美容業,5%
香川県,高松市,ＡＲｏｕｎｄ Ｋｉｔｃｈｅｎ,サービス,飲食業,5%
香川県,高松市,ラケットショップ アッド,小売業,その他小売,5%
香川県,高松市,株式会社５１８,小売業,その他小売,5%
香川県,高松市,Ｌａ ｍａ Ｃｈｅｒｉｅ Ｌａ ｍａ ｃｈｅｒｉｅ ?ｇｏｏｄ ｄａｙ?,サービス,理容・美容業,5%
香川県,高松市,ｌａ．ｌｕｚｈａｉｒ,サービス,理容・美容業,5%
香川県,高松市,栗林公園前 ＳＳ,小売業,ガソリンスタンド,2%
香川県,高松市,ＲＥＭＩＸ．ｓｔｏｒｅ,小売業,衣料品,5%
香川県,高松市,Ｌｉｍｏ ｎａｉｌ Ｌｉｍｏ ｎａｉｌ リモネイル,サービス,理容・美容業,5%
香川県,高松市,リラクゼーションサロン パルム,サービス,その他サービス,5%
香川県,高松市,ｃａｆｅ＆ｂａｒＲｅ．Ｒｅ,サービス,飲食業,5%
香川県,高松市,ル－ト１１マツムラＳＳ,小売業,ガソリンスタンド,2%
香川県,高松市,Ｒａｉｓｅ,サービス,理容・美容業,5%
香川県,高松市,株式会社レイズＲＡＩＳＥ．ＰｅｒｓｏｎａｌＧｙｍ,その他業種,ー,5%
香川県,高松市,レストラン シェテス,サービス,飲食業,5%
香川県,高松市,レミヤン,小売業,その他小売,5%
香川県,高松市,ロイヤルハンズ高松イオン東店,サービス,その他サービス,5%
香川県,高松市,ＲＯＳＳＯ,サービス,その他サービス,5%
香川県,高松市,ロッソネロ高松店,小売業,衣料品,5%
香川県,高松市,株式会社ロハスネット,小売業,食料品,5%
香川県,高松市,和光電化,小売業,電化製品,5%
香川県,高松市,和食弁慶,サービス,飲食業,5%
香川県,高松市,ワッツウィズ香川ウイングポート店,小売業,その他小売,5%
香川県,高松市,和洋折衷 ＭＥＩＳＵＥ,サービス,飲食業,5%
香川県,多度津町,秋山電機,小売業,電化製品,5%
香川県,多度津町,イトフク,小売業,衣料品,5%
香川県,多度津町,篠原電機商会,小売業,電化製品,5%
香川県,多度津町,多度津ＳＳ,小売業,ガソリンスタンド,2%
香川県,多度津町,多度津セルフＳＳ,小売業,ガソリンスタンド,2%
香川県,多度津町,セブン－イレブン多度津町葛原店,小売業,食料品,2%
香川県,多度津町,セブン－イレブン多度津町北鴨店,小売業,食料品,2%
香川県,多度津町,多度津南 ＳＳ,小売業,ガソリンスタンド,2%
香川県,多度津町,日新モータース,小売業,その他小売,5%
香川県,多度津町,ネコノシマホステル,サービス,その他サービス,5%
香川県,多度津町,ｈｉｂｉ．ｔａｓ,サービス,理容・美容業,5%
香川県,多度津町,みなと新世 多度津店,サービス,飲食業,5%
香川県,多度津町,宮脇書店 多度津店,小売業,書籍・玩具・音楽ＣＤ,5%
香川県,土庄町,あべひろし眼鏡店,小売業,その他小売,5%
香川県,土庄町,伊藤製麺所,小売業,食料品,5%
香川県,土庄町,ＡＴ１ ストラダーレ ＡＴ １ ストラダーレ,その他業種,ー,5%
香川県,土庄町,ＳＳＧチェーン ヨコヤマ店,小売業,電化製品,5%
香川県,土庄町,オリックスレンタカー小豆島店,サービス,その他サービス,2%
香川県,土庄町,クラブ ルシアン,サービス,飲食業,5%
香川県,土庄町,サエキデンキ,小売業,電化製品,5%
香川県,土庄町,サンセットコースト,サービス,宿泊業,5%
香川県,土庄町,サンライズ土庄 ＳＳ,小売業,ガソリンスタンド,2%
香川県,土庄町,四海ＳＳ,小売業,ガソリンスタンド,2%
香川県,土庄町,島モノ家,小売業,その他小売,5%
香川県,土庄町,小豆島グランドホテル水明,サービス,宿泊業,5%
香川県,土庄町,小豆島うまいもん屋庄八,小売業,食料品,5%
香川県,土庄町,セブンーイレブン小豆島オリーブタウン店,小売業,食料品,2%
香川県,土庄町,セブンーイレブン小豆島土庄港店,小売業,食料品,2%
香川県,土庄町,セブンーイレブン小豆島土庄町店,小売業,食料品,2%
香川県,土庄町,瀬戸内カレン営業所,サービス,その他サービス,5%
香川県,土庄町,チェレステ小豆島,サービス,宿泊業,5%
香川県,土庄町,豊島ＳＳ,小売業,ガソリンスタンド,2%
香川県,土庄町,土庄 ＳＳ,小売業,ガソリンスタンド,2%
香川県,土庄町,ニュー観海本館天空ホテル海廬,サービス,宿泊業,5%
香川県,土庄町,パソコン屋ゆめ工房,小売業,電化製品,5%
香川県,土庄町,ｂｌｕｅｂｅａｔｂｌａｎｄ,サービス,飲食業,5%
香川県,土庄町,ＨＯＭＥＭＡＫＥＲＳ,サービス,飲食業,5%
香川県,土庄町,ホテルグリーンプラザ小豆島,サービス,宿泊業,5%
香川県,土庄町,ホテルニュー海風,サービス,宿泊業,5%
香川県,土庄町,ホテルニュー海風ＡＴ?１ストラダ,サービス,宿泊業,5%
香川県,土庄町,ホテルニュー海風 エーティーワンストラダーレ,サービス,宿泊業,5%
香川県,土庄町,ホテル松風,サービス,宿泊業,5%
香川県,土庄町,ミキマサ,小売業,衣料品,5%
香川県,土庄町,ＭｅｉＰＡＭ,サービス,その他サービス,5%
香川県,直島町,アカイトコーヒー,サービス,飲食業,5%
香川県,直島町,おかしとコーヒー,サービス,飲食業,5%
香川県,直島町,カフェサロン中奥,サービス,飲食業,5%
香川県,直島町,第二ＳＳ,小売業,ガソリンスタンド,2%
香川県,直島町,セブンーイレブンなおしま店,小売業,食料品,2%
香川県,東かがわ市,ａｃｏｅｕｒ,サービス,理容・美容業,5%
香川県,東かがわ市,ウエタ写真館,小売業,その他小売,5%
香川県,東かがわ市,ウエタ写真館,サービス,その他サービス,5%
香川県,東かがわ市,魚源,サービス,飲食業,5%
香川県,東かがわ市,大内 ＳＳ,小売業,ガソリンスタンド,2%
香川県,東かがわ市,有限会社 オートマックス,小売業,その他小売,5%
香川県,東かがわ市,香川ダイハツ販売東かがわ店,小売業,その他小売,5%
香川県,東かがわ市,香川トヨタ自動車三本松店,小売業,その他小売,5%
香川県,東かがわ市,香川トヨペット ＥＰＯｉＮＴ三本松,小売業,その他小売,5%
香川県,東かがわ市,三本松ＳＳ,小売業,ガソリンスタンド,2%
香川県,東かがわ市,白鳥町ＳＳ,小売業,ガソリンスタンド,2%
香川県,東かがわ市,白鳥どうぶつ園 発券所,サービス,その他サービス,5%
香川県,東かがわ市,スポーツヤード,その他業種,ー,5%
香川県,東かがわ市,ＴＯＩＲＯＣＯＦＦＥＥ,サービス,飲食業,5%
香川県,東かがわ市,東讃自動車工業株式会社,サービス,その他サービス,5%
香川県,東かがわ市,ネッツトヨタ香川東かがわ店,小売業,その他小売,5%
香川県,東かがわ市,セブン－イレブン東かがわ引田店,小売業,食料品,2%
香川県,東かがわ市,セブン－イレブン東かがわ湊店,小売業,食料品,2%
香川県,東かがわ市,引田給油所,小売業,ガソリンスタンド,2%
香川県,東かがわ市,宝飾品 メガネ 補聴器カワイ,小売業,貴金属・服飾品,5%
香川県,東かがわ市,マルエデンキ,小売業,電化製品,5%
香川県,東かがわ市,味道源,サービス,飲食業,5%
香川県,丸亀市,アークスクエア綾歌ＳＳ,小売業,ガソリンスタンド,2%
香川県,丸亀市,あかるい洋食屋,サービス,飲食業,5%
香川県,丸亀市,あやうた製麺,小売業,食料品,5%
香川県,丸亀市,Ｅｔｏｎ ｃｒｏｐ イートン クロップ,サービス,理容・美容業,5%
香川県,丸亀市,イコマ薬店,小売業,その他小売,5%
香川県,丸亀市,居酒屋 くしわか,サービス,飲食業,5%
香川県,丸亀市,居酒屋うさぎ 居酒屋 うさぎ,サービス,飲食業,5%
香川県,丸亀市,出光栗熊ＳＳ,小売業,ガソリンスタンド,2%
香川県,丸亀市,出光富熊ＳＳ,小売業,ガソリンスタンド,2%
香川県,丸亀市,Ｗｏｍａｎベンリ―,サービス,その他サービス,5%
香川県,丸亀市,有 牛田釣具店 牛田釣漁具店,小売業,その他小売,5%
香川県,丸亀市,うつみ化粧品店,その他業種,ー,5%
香川県,丸亀市,ウーフ,小売業,書籍・玩具・音楽ＣＤ,5%
香川県,丸亀市,うまか房 飯山店,サービス,飲食業,5%
香川県,丸亀市,エースワン JR丸亀店,小売業,食料品,5%
香川県,丸亀市,ＥＮＥＯＳニュー栗熊ＳＳ,小売業,ガソリンスタンド,2%
香川県,丸亀市,オアシス丸亀ＳＳ,小売業,ガソリンスタンド,2%
香川県,丸亀市,お食事処 新世,サービス,飲食業,5%
香川県,丸亀市,オフィスＡＴプランニング,サービス,その他サービス,5%
香川県,丸亀市,香川トヨタ自動車ときめっく丸亀店,小売業,その他小売,5%
香川県,丸亀市,香川トヨペット丸亀田村店,小売業,その他小売,5%
香川県,丸亀市,ＧＡＺＥＬＬＥヘアーデザイン,サービス,理容・美容業,5%
香川県,丸亀市,カットインアキヤマ,サービス,理容・美容業,5%
香川県,丸亀市,株式会社シー キュー,サービス,その他サービス,5%
香川県,丸亀市,臥龍,サービス,飲食業,5%
香川県,丸亀市,カレーハウスＣＯＣＯ壱番屋丸亀田村店,サービス,飲食業,2%
香川県,丸亀市,カワサキサービスプラザ坂出,小売業,その他小売,5%
香川県,丸亀市,亀城庵・丸亀売店,小売業,食料品,5%
香川県,丸亀市,牛角浜街道丸亀店,サービス,飲食業,2%
香川県,丸亀市,グッドネイバーズコーヒー グッドネイバーズコーヒー丸亀店,サービス,飲食業,5%
香川県,丸亀市,ＧＲＡＳＳ ＧＲＡＳＳ,小売業,衣料品,5%
香川県,丸亀市,栗熊 ＳＳ,小売業,ガソリンスタンド,2%
香川県,丸亀市,栗熊ＳＳ セルフ,小売業,ガソリンスタンド,2%
香川県,丸亀市,ゲームアーク丸亀店,小売業,その他小売,5%
香川県,丸亀市,コスモスサポート,サービス,その他サービス,5%
香川県,丸亀市,琴参タクシー １号車,サービス,運輸業,5%
香川県,丸亀市,近藤陶苑・器心家,小売業,総合（非専門）,5%
香川県,丸亀市,斉藤電機商会,小売業,電化製品,5%
香川県,丸亀市,讃岐富士ＳＳ,小売業,ガソリンスタンド,2%
香川県,丸亀市,サンテラスぐんげセルフＳＳ,小売業,ガソリンスタンド,2%
香川県,丸亀市,四国高速バス 丸亀駅バスターミナル,サービス,運輸業,5%
香川県,丸亀市,ジャンプワールド丸亀店,小売業,その他小売,5%
香川県,丸亀市,手芸マキ 丸亀店,小売業,その他小売,5%
香川県,丸亀市,ＳＫＹゆめタウン丸亀店,小売業,衣料品,5%
香川県,丸亀市,ＳＴＹＬＥＧＡＲＡＧＥ,その他業種,ー,5%
香川県,丸亀市,セルフ＆エコ丸亀西ＳＳ,小売業,ガソリンスタンド,2%
香川県,丸亀市,セルフ丸亀ＳＳ,小売業,ガソリンスタンド,2%
香川県,丸亀市,自家製粉石臼挽き蕎麦・料理 笑人,サービス,飲食業,5%
香川県,丸亀市,ｔｕｒｑｕｏｉｓｅ,サービス,理容・美容業,5%
香川県,丸亀市,ダイニングけんけん,サービス,飲食業,5%
香川県,丸亀市,株式会社高橋ふとん店丸亀店,小売業,その他小売,5%
香川県,丸亀市,垂水 ＳＳ,小売業,ガソリンスタンド,2%
香川県,丸亀市,釣具ビッグウェーブ 丸亀店,小売業,その他小売,5%
香川県,丸亀市,土器町 ＳＳ,小売業,ガソリンスタンド,2%
香川県,丸亀市,ドッグサロンくろーばー,サービス,その他サービス,5%
香川県,丸亀市,トップモードオカダ,小売業,衣料品,5%
香川県,丸亀市,トヨタレンタリース東四国丸亀店,サービス,その他サービス,2%
香川県,丸亀市,ﾄﾞﾗｯｸﾞｽﾄｱmac 丸亀川西店,小売業,その他小売,5%
香川県,丸亀市,長尾酒店 良酒倉庫,小売業,その他小売,5%
香川県,丸亀市,ながぐつ,サービス,飲食業,5%
香川県,丸亀市,ニュー島田ＳＳ,小売業,ガソリンスタンド,2%
香川県,丸亀市,ネイルサロンＶｉｖａｎｔ,サービス,理容・美容業,5%
香川県,丸亀市,ネッツトヨタ香川まるがめ田村店,小売業,その他小売,5%
香川県,丸亀市,ネッツトヨタ香川まるがめ土器店,小売業,その他小売,5%
香川県,丸亀市,バイク＆サイクルくわはら,小売業,その他小売,5%
香川県,丸亀市,ハクライ,小売業,その他小売,5%
香川県,丸亀市,パティスリーブラン 丸亀店,小売業,食料品,5%
香川県,丸亀市,林屋 飯山店,小売業,衣料品,5%
香川県,丸亀市,パルテテレサ,小売業,電化製品,5%
香川県,丸亀市,飯山 ＳＳ,小売業,ガソリンスタンド,2%
香川県,丸亀市,飯山 ＳＳ,小売業,ガソリンスタンド,2%
香川県,丸亀市,ＳａｌｏｎｄｅＷＩＳＨ,サービス,理容・美容業,5%
香川県,丸亀市,ビジネスホテル フクシマ,サービス,宿泊業,5%
香川県,丸亀市,ｐｉｔａｒｉ,サービス,飲食業,5%
香川県,丸亀市,日乃丸Ｄｉｎｉｎｇ 海月,サービス,飲食業,5%
香川県,丸亀市,美容室Ｋｕｕ,サービス,理容・美容業,5%
香川県,丸亀市,Ｈａｉｒ ＰｒａｎＡ,サービス,理容・美容業,5%
香川県,丸亀市,Ｈａｉｒ Ｓａｌｏｎ ＨＥＡＲＴ ＦＵＬＬ,サービス,理容・美容業,5%
香川県,丸亀市,ヘア＆フェイストモ美容室,サービス,理容・美容業,5%
香川県,丸亀市,ｖｏｔｉａ ｈａｉｒ＆ｓｐａ,サービス,理容・美容業,5%
香川県,丸亀市,本格手打ちうどんつづみ,サービス,飲食業,5%
香川県,丸亀市,本社,小売業,ガソリンスタンド,2%
香川県,丸亀市,マクドナルド丸亀店,サービス,飲食業,2%
香川県,丸亀市,松電サービス,小売業,電化製品,5%
香川県,丸亀市,真鍋商事 本社ＰＣ,小売業,ガソリンスタンド,2%
香川県,丸亀市,丸亀 ＳＳ,小売業,ガソリンスタンド,2%
香川県,丸亀市,丸亀ＳＳ,小売業,ガソリンスタンド,2%
香川県,丸亀市,丸亀ＳＳ,小売業,ガソリンスタンド,2%
香川県,丸亀市,セブン－イレブン丸亀葭町店,小売業,食料品,2%
香川県,丸亀市,丸亀サウスSS,小売業,ガソリンスタンド,2%
香川県,丸亀市,丸亀市猪熊弦一郎現代美術館,サービス,その他サービス,5%
香川県,丸亀市,セブン－イレブン丸亀城東町２丁目店,小売業,食料品,2%
香川県,丸亀市,セブン－イレブン丸亀飯山町川原店,小売業,食料品,2%
香川県,丸亀市,セブン－イレブン丸亀飯山町下法軍寺店,小売業,食料品,2%
香川県,丸亀市,ＭＩＲＯＣ ＢＲＥＷＥＲＹ,サービス,飲食業,5%
香川県,丸亀市,港町倉庫,小売業,ガソリンスタンド,2%
香川県,丸亀市,ミモザ フジグラン丸亀店,小売業,衣料品,5%
香川県,丸亀市,宮脇書店 フジ丸亀店,小売業,書籍・玩具・音楽ＣＤ,5%
香川県,丸亀市,宮脇書店 丸亀バサラ店,小売業,書籍・玩具・音楽ＣＤ,5%
香川県,丸亀市,三好電機店,小売業,電化製品,5%
香川県,丸亀市,メガネのえびな,その他業種,ー,5%
香川県,丸亀市,メガネのヤマシタ郡家店,小売業,その他小売,5%
香川県,丸亀市,メガネ本舗 丸亀店,小売業,その他小売,5%
香川県,丸亀市,メンズセブン,サービス,理容・美容業,5%
香川県,丸亀市,麺通堂 郡家店,サービス,飲食業,5%
香川県,丸亀市,モダンタイムス,サービス,飲食業,5%
香川県,丸亀市,やきとり山本,サービス,飲食業,5%
香川県,丸亀市,山内チェーンタナカデンキ,小売業,電化製品,5%
香川県,丸亀市,ヤマウチ 丸亀田村ＳＳ,小売業,ガソリンスタンド,2%
香川県,丸亀市,山下電設,小売業,電化製品,5%
香川県,丸亀市,山本寝具専門店,小売業,その他小売,5%
香川県,丸亀市,有限会社小谷自動車,サービス,その他サービス,5%
香川県,丸亀市,有限会社美容室ふじむら ＬＵＣＩＤＯ ＳＴＹＬＥ ＲＩＣＨＥ ｓ,サービス,理容・美容業,5%
香川県,丸亀市,有限会社脇紙店,小売業,その他小売,5%
香川県,丸亀市,ゆめタウン丸亀ａｒｕｄｉ,小売業,衣料品,5%
香川県,丸亀市,ライフサポート,その他業種,ー,5%
香川県,丸亀市,ＲｅｓｏｒｔＨａｉｒ,サービス,理容・美容業,5%
香川県,丸亀市,ｒｉｔｚ丸亀店 【リッツ】,サービス,理容・美容業,5%
香川県,まんのう町,株式会社ヤマノ,小売業,その他小売,5%
香川県,まんのう町,琴平 ＳＳ,小売業,ガソリンスタンド,2%
香川県,まんのう町,サンシコク,サービス,その他サービス,5%
香川県,まんのう町,タカガワ新琴南ゴルフ倶楽部,サービス,その他サービス,5%
香川県,まんのう町,高木屋酒店 琴平本店 満濃店,小売業,食料品,5%
香川県,まんのう町,Ｂｅａｕｔｙ ｓａｌｏｎ Ｍ Ｋ,サービス,理容・美容業,5%
香川県,まんのう町,ヘアークラブＺＥＮ,サービス,理容・美容業,5%
香川県,まんのう町,ＨＯＴ ＳＨＯＰ タカノ,小売業,食料品,5%
香川県,まんのう町,帆山ＳＳ,小売業,ガソリンスタンド,2%
香川県,まんのう町,満濃 ＳＳ,小売業,ガソリンスタンド,2%
香川県,まんのう町,満濃町ＳＳ,小売業,ガソリンスタンド,2%
香川県,まんのう町,美合ＳＳ 高尾商店,小売業,ガソリンスタンド,2%
香川県,まんのう町,道の駅ことなみ・エピアみかど,サービス,その他サービス,5%
香川県,まんのう町,有限会社 西内花月堂,小売業,食料品,5%
香川県,三木町,ＥＸＣＥＬみたに,小売業,電化製品,5%
香川県,三木町,香川トヨタ自動車三木店,小売業,その他小売,5%
香川県,三木町,サニーパーツウエアハウス,小売業,その他小売,5%
香川県,三木町,讃岐たこ焼き たこず 総本店 総本店,サービス,飲食業,5%
香川県,三木町,讃岐たこ焼き たこず イベント 移動販売キッチンカー,サービス,飲食業,5%
香川県,三木町,ドリームシップ・カンパニー,サービス,その他サービス,5%
香川県,三木町,トレスタ白山,サービス,宿泊業,5%
香川県,三木町,はとや,小売業,食料品,5%
香川県,三木町,華肴 かじばた,サービス,飲食業,5%
香川県,三木町,ＦｅｌｉｚＣ／ＴＣｌｏｖｅｒ,サービス,理容・美容業,5%
香川県,三木町,三木中央 ＳＳ,小売業,ガソリンスタンド,2%
香川県,三木町,セブン－イレブン三木町池戸店,小売業,食料品,2%
香川県,三木町,宮脇書店 医学部店,小売業,書籍・玩具・音楽ＣＤ,5%
香川県,三木町,森のジェラテリアＭＵＣＣＡ 三木町本店,サービス,飲食業,5%
香川県,三木町,森のピッツェリアＶＡＣＣＡ 森のピッツェリアＶＡＣＣＡ,サービス,飲食業,5%
香川県,三豊市,麻ＳＳ,小売業,ガソリンスタンド,2%
香川県,三豊市,アップル不動産,サービス,その他サービス,5%
香川県,三豊市,出光善通寺西ＳＳ,小売業,ガソリンスタンド,2%
香川県,三豊市,出光詫間ＳＳ,小売業,ガソリンスタンド,2%
香川県,三豊市,うどん武蔵 詫間店,サービス,飲食業,5%
香川県,三豊市,うまか房みとよ山本店,サービス,飲食業,5%
香川県,三豊市,ＳＳＧタカギ店,小売業,電化製品,5%
香川県,三豊市,カットハウスｕｐ,サービス,理容・美容業,5%
香川県,三豊市,Ｃａｆｅ Ｆａｍｉｌｌｅ ファミーユ,サービス,飲食業,5%
香川県,三豊市,キング写真館,小売業,その他小売,5%
香川県,三豊市,キング写真館,サービス,その他サービス,5%
香川県,三豊市,財田町ＳＳ 露原石油店,小売業,ガソリンスタンド,2%
香川県,三豊市,サンリッチ三野ＳＳ,小売業,ガソリンスタンド,2%
香川県,三豊市,Ｇ,サービス,理容・美容業,5%
香川県,三豊市,ＲＳＰ＆Ｃｏ．,サービス,その他サービス,5%
香川県,三豊市,荘内半島オリーブ農園,サービス,飲食業,5%
香川県,三豊市,にんにく専門農家白川農場,その他業種,ー,5%
香川県,三豊市,スーパーセルフ豊中SS,小売業,ガソリンスタンド,2%
香川県,三豊市,詫間海岸通りSS,小売業,ガソリンスタンド,2%
香川県,三豊市,詫間交通,サービス,運輸業,5%
香川県,三豊市,デンキのタオカ,小売業,電化製品,5%
香川県,三豊市,ﾄﾞﾗｯｸﾞｽﾄｱmac 詫間店,小売業,その他小売,5%
香川県,三豊市,仁尾ＳＳ 仁尾石油有限会社,小売業,ガソリンスタンド,2%
香川県,三豊市,仁尾ＳＳ 有限会社倉本,小売業,ガソリンスタンド,2%
香川県,三豊市,にがり衞門,サービス,飲食業,5%
香川県,三豊市,ニュー三野SS,小売業,ガソリンスタンド,2%
香川県,三豊市,ネッツトヨタ香川 みとよ豊中店,小売業,その他小売,5%
香川県,三豊市,パソコンサポートＡＤＤ?ｉｎ,サービス,その他サービス,5%
香川県,三豊市,パティスリーブラン 豊中店,小売業,食料品,5%
香川県,三豊市,パルテおおにし,小売業,電化製品,5%
香川県,三豊市,ビークルハウスツツミ,小売業,その他小売,5%
香川県,三豊市,ピコ,小売業,その他小売,5%
香川県,三豊市,平野屋ＳＳ 株式会社平野屋商店,小売業,ガソリンスタンド,2%
香川県,三豊市,ファーロヤマモトＳＳ,小売業,ガソリンスタンド,2%
香川県,三豊市,フレッシュショップトマト 三野,小売業,食料品,5%
香川県,三豊市,ヘアーサロンもり,サービス,理容・美容業,5%
香川県,三豊市,ＢＥＤ Ｎ ＣＨＩＬＬ 七宝屋,サービス,宿泊業,5%
香川県,三豊市,ほうち,小売業,その他小売,5%
香川県,三豊市,マルイチ化粧品店,小売業,その他小売,5%
香川県,三豊市,ミートピア サヌキ,小売業,食料品,5%
香川県,三豊市,セブン－イレブン三豊豊中町店,小売業,食料品,2%
香川県,三豊市,三野中央ＳＳ,小売業,ガソリンスタンド,2%
香川県,三豊市,三好ねぼけ堂,小売業,食料品,5%
香川県,三豊市,銘木三野林業,その他業種,ー,5%
香川県,三豊市,メリーゴーランド,サービス,飲食業,5%
香川県,三豊市,モリ刃物,小売業,家具・調度品,5%
香川県,三豊市,有限会社 小山写真館 スタジオ,サービス,その他サービス,5%
香川県,三豊市,有限会社 さぬき鳥本舗 有限会社さぬき鳥本舗,小売業,食料品,5%
香川県,三豊市,有限会社やま屋,小売業,衣料品,5%
香川県,三豊市,ゆったり整体院フィール,サービス,その他サービス,5%
