高知県,安芸市,安芸ＳＳ 有限会社並村石油店,小売業,ガソリンスタンド,2%
高知県,安芸市,安芸ＳＳ,小売業,ガソリンスタンド,2%
高知県,安芸市,伊尾木ＳＳ 藤田石油,小売業,ガソリンスタンド,2%
高知県,安芸市,出光安芸ＳＳ,小売業,ガソリンスタンド,2%
高知県,安芸市,ウィッティはっとり,小売業,電化製品,5%
高知県,安芸市,上田電器,小売業,電化製品,5%
高知県,安芸市,大野自動車,サービス,その他サービス,5%
高知県,安芸市,ギフトのさとう,小売業,総合（非専門）,5%
高知県,安芸市,ｃｕｓｕ,サービス,理容・美容業,5%
高知県,安芸市,幸野電器,小売業,電化製品,5%
高知県,安芸市,コーディネイトサロン すずや,小売業,衣料品,5%
高知県,安芸市,佐野屋 安芸店,小売業,食料品,5%
高知県,安芸市,サンシャイン 港町店,小売業,食料品,5%
高知県,安芸市,サンシャイン ランド店,小売業,食料品,2%
高知県,安芸市,ジャンプタブチ,小売業,電化製品,5%
高知県,安芸市,ｃｈｏｕｃｈｏｕ,小売業,衣料品,5%
高知県,安芸市,谷川時計店,小売業,貴金属・服飾品,5%
高知県,安芸市,ﾄﾞﾗｯｸﾞｽﾄｱmac 安芸店,小売業,その他小売,5%
高知県,安芸市,ネッツトヨタ高知安芸店,小売業,その他小売,5%
高知県,安芸市,ホームセンター マルニ 安芸店,小売業,その他小売,5%
高知県,安芸市,よどやドラッグ安芸駅前店,小売業,その他小売,5%
高知県,安芸市,よどやドラッグ安芸駅前店,小売業,その他小売,5%
高知県,いの町,出光伊野ＳＳ,小売業,ガソリンスタンド,2%
高知県,いの町,伊野ＳＳ 土居石油店,小売業,ガソリンスタンド,2%
高知県,いの町,伊野ＳＳ 有限会社和田燃料店,小売業,ガソリンスタンド,2%
高知県,いの町,ウィッティ・おかべ,小売業,電化製品,5%
高知県,いの町,Ａコープ上八川,小売業,総合（非専門）,5%
高知県,いの町,Ａコープ下八川,小売業,総合（非専門）,5%
高知県,いの町,ａｕショップサニーアクシスいの,小売業,その他小売,2%
高知県,いの町,枝川 ＳＳ,小売業,ガソリンスタンド,2%
高知県,いの町,大内 ＳＳ,小売業,ガソリンスタンド,2%
高知県,いの町,ごはん家いの,サービス,飲食業,5%
高知県,いの町,ごはん家いの,サービス,飲食業,5%
高知県,いの町,笹岡鋏製作所,小売業,電化製品,5%
高知県,いの町,サンプラザ 新鮮館 天王,小売業,食料品,2%
高知県,いの町,寿し一貫 いの店,サービス,飲食業,5%
高知県,いの町,とまと書房 天王店,小売業,書籍・玩具・音楽ＣＤ,5%
高知県,いの町,パナタウンなかがわ,小売業,電化製品,5%
高知県,いの町,パルテたにぐち,小売業,電化製品,5%
高知県,いの町,レストパークいの,サービス,飲食業,5%
高知県,馬路村,馬路ＳＳ,小売業,ガソリンスタンド,2%
高知県,大月町,出光大月ＳＳ,小売業,ガソリンスタンド,2%
高知県,大月町,大月 ＳＳ,小売業,ガソリンスタンド,2%
高知県,大月町,ピノッキオ＆力豚バル,サービス,飲食業,5%
高知県,大月町,力豚バル,サービス,飲食業,5%
高知県,大豊町,出光大豊ＳＳ,小売業,ガソリンスタンド,2%
高知県,大豊町,お山の宿 みちつじ,サービス,宿泊業,5%
高知県,大豊町,末広 おおとよ店,小売業,食料品,5%
高知県,大豊町,豊永東 ＳＳ,小売業,ガソリンスタンド,2%
高知県,大豊町,水遊び ガルバンゾ,サービス,その他サービス,5%
高知県,越知町,出光越知ＳＳ,小売業,ガソリンスタンド,2%
高知県,越知町,越知 ＳＳ,小売業,ガソリンスタンド,2%
高知県,越知町,小僧寿し 越知店,サービス,飲食業,5%
高知県,越知町,佐野屋 越知店,小売業,食料品,5%
高知県,越知町,サンプラザ 越知店,小売業,食料品,5%
高知県,越知町,土佐越知ＳＳ 中山石油,小売業,ガソリンスタンド,2%
高知県,越知町,まいどおおきに市場キリン,小売業,総合（非専門）,5%
高知県,香美市,癒しの湯宿 龍河温泉,サービス,宿泊業,5%
高知県,香美市,Ａコープ香北店,小売業,総合（非専門）,5%
高知県,香美市,大栃 給油所,小売業,ガソリンスタンド,2%
高知県,香美市,カフェダイニング マリソル,サービス,飲食業,5%
高知県,香美市,セブン－イレブン香美八王子宮前店,小売業,食料品,2%
高知県,香美市,ＫＡＲＡＯＫＥ ＣＬＵＢ ｙｏｕ,サービス,飲食業,5%
高知県,香美市,佐野屋 土佐山田店,小売業,食料品,5%
高知県,香美市,３８ ｐｈｙｔｏ ｌａｂ．,小売業,その他小売,5%
高知県,香美市,セブン－イレブン土佐山田町西本町店,小売業,食料品,2%
高知県,香美市,ﾄﾞﾗｯｸﾞｽﾄｱmac 美良布店,小売業,その他小売,5%
高知県,香美市,バリューあけぼの店,小売業,食料品,5%
高知県,香美市,バリューかがみの店,小売業,食料品,5%
高知県,香美市,バリューノア店,小売業,食料品,5%
高知県,香美市,平家の茶屋,サービス,飲食業,5%
高知県,香美市,木蔵高知,小売業,家具・調度品,5%
高知県,香美市,ほっと平山,サービス,宿泊業,5%
高知県,香美市,マルニ 山田店,小売業,その他小売,5%
高知県,香美市,焼肉ソウル,サービス,飲食業,5%
高知県,香美市,有限会社 田村電器,小売業,電化製品,5%
高知県,香美市,夢の温泉,サービス,宿泊業,5%
高知県,香美市,香美堂施術院,サービス,理容・美容業,5%
高知県,黒潮町,大方町ＳＳ,小売業,ガソリンスタンド,2%
高知県,黒潮町,クボタデンキ,小売業,電化製品,5%
高知県,黒潮町,サニーマートＦＣ みやたエイトさが店,小売業,食料品,5%
高知県,黒潮町,シバサキ電器,小売業,電化製品,5%
高知県,黒潮町,シャロットファーム,小売業,衣料品,5%
高知県,黒潮町,土佐佐賀温泉こぶしのさと,サービス,宿泊業,5%
高知県,黒潮町,民宿たかはま,サービス,その他サービス,5%
高知県,黒潮町,よどやドラッグ 大方店,小売業,その他小売,5%
高知県,芸西村,サンシャイン 芸西店,小売業,食料品,5%
高知県,高知市,ＡｒｂＲｅ【アーブレ】,サービス,その他サービス,5%
高知県,高知市,アイテック,小売業,電化製品,5%
高知県,高知市,あいほん屋 高知東店,小売業,その他小売,5%
高知県,高知市,あいほん屋 高知西店,小売業,その他小売,5%
高知県,高知市,Ｉｒｉｅ,サービス,理容・美容業,5%
高知県,高知市,青柳ＳＳ,小売業,ガソリンスタンド,2%
高知県,高知市,あき インテリアスペース,小売業,その他小売,5%
高知県,高知市,秋山酒店,小売業,食料品,5%
高知県,高知市,Ａｇｕ ｈａｉｒ Ａｇｕ ｈａｉｒ ｈｅａｒｔｓ高知,サービス,理容・美容業,5%
高知県,高知市,曙町ＳＳ,小売業,ガソリンスタンド,2%
高知県,高知市,旭タクシー ５１０,サービス,運輸業,5%
高知県,高知市,アタゴ ＳＳ,小売業,ガソリンスタンド,2%
高知県,高知市,古着屋Ａｄｉｏ,小売業,衣料品,5%
高知県,高知市,アドおおはら,小売業,電化製品,5%
高知県,高知市,ａｎｄｐｈｏｔｏ,サービス,その他サービス,5%
高知県,高知市,活海老 貝 卸の店 うみさち,小売業,食料品,5%
高知県,高知市,居酒屋 中洲,サービス,飲食業,5%
高知県,高知市,居酒屋 ハイカラ 万々店,サービス,飲食業,5%
高知県,高知市,居酒家駱駝,サービス,飲食業,5%
高知県,高知市,いせごアーザ,小売業,衣料品,5%
高知県,高知市,イタリアンバールサルーテ,サービス,飲食業,5%
高知県,高知市,いちご野ＳＳ,小売業,ガソリンスタンド,2%
高知県,高知市,一汁三菜 青柳店,サービス,飲食業,5%
高知県,高知市,一汁三菜 帯屋町店,サービス,飲食業,5%
高知県,高知市,一汁三菜 高知ｲﾝﾀｰ店,サービス,飲食業,5%
高知県,高知市,一汁三菜 百石店,サービス,飲食業,5%
高知県,高知市,一汁三菜食堂 福井店,サービス,飲食業,5%
高知県,高知市,一宮ＳＳ,小売業,ガソリンスタンド,2%
高知県,高知市,一宮ＳＳ,小売業,ガソリンスタンド,2%
高知県,高知市,出光一宮ＳＳ,小売業,ガソリンスタンド,2%
高知県,高知市,出光大津ＳＳ,小売業,ガソリンスタンド,2%
高知県,高知市,出光高知南ＳＳ,小売業,ガソリンスタンド,2%
高知県,高知市,出光桜馬場ＳＳ,小売業,ガソリンスタンド,2%
高知県,高知市,芋屋金次郎卸団地店,小売業,食料品,5%
高知県,高知市,癒しのサロン月ノ詠,サービス,理容・美容業,5%
高知県,高知市,Ｖｉｒｇｏｗｌ,サービス,理容・美容業,5%
高知県,高知市,ＶＡＬＥＲＩＡＮ,小売業,食料品,5%
高知県,高知市,ｗ／ｏ ｓｔａｎｄ 高知,サービス,飲食業,5%
高知県,高知市,ウィッティ大宮,小売業,電化製品,5%
高知県,高知市,ウィッティなかうえ,小売業,電化製品,5%
高知県,高知市,ウィッティ穂積電器福井店,小売業,電化製品,5%
高知県,高知市,ウェルカムホテル高知,サービス,宿泊業,5%
高知県,高知市,潮電気商会,小売業,電化製品,5%
高知県,高知市,ｕｔｓｕｗａ Ｓ＋,小売業,その他小売,5%
高知県,高知市,エースワン 朝倉店,小売業,食料品,5%
高知県,高知市,エースワン 潮江店,小売業,食料品,5%
高知県,高知市,エースワン 神田店,小売業,食料品,5%
高知県,高知市,エースワン 高知駅前店,小売業,食料品,5%
高知県,高知市,エースワン 十津店,小売業,食料品,5%
高知県,高知市,エースワン 横内店,小売業,食料品,5%
高知県,高知市,エーマックス 一宮店,小売業,食料品,5%
高知県,高知市,エーマックス 横浜店,小売業,食料品,5%
高知県,高知市,ＳＢＳ高知,小売業,その他小売,5%
高知県,高知市,ゑり吉,小売業,その他小売,5%
高知県,高知市,ｅｎｎｅ,サービス,理容・美容業,5%
高知県,高知市,ＥＮ ＨＯＳＴＥＬ＆ ＢＥＲ,サービス,宿泊業,5%
高知県,高知市,オウデン,小売業,電化製品,5%
高知県,高知市,オートショップ大久保,サービス,その他サービス,5%
高知県,高知市,ＡＵＴＯ・ＳＰＥＣ,サービス,その他サービス,5%
高知県,高知市,オートバリスタ,サービス,その他サービス,5%
高知県,高知市,大西時計店,小売業,貴金属・服飾品,5%
高知県,高知市,オーベルジュ 土佐山,サービス,宿泊業,5%
高知県,高知市,ＯＫＹＡＫＵ,小売業,衣料品,5%
高知県,高知市,お好み焼 みち,サービス,飲食業,5%
高知県,高知市,株式会社おしゃれサロンＴｉＭＥＳ,サービス,理容・美容業,5%
高知県,高知市,お宝市場満Ｑ葛島店,小売業,総合（非専門）,5%
高知県,高知市,小谷陶器店,小売業,その他小売,5%
高知県,高知市,お茶 ｄｅ ちっちゃ お茶ｄｅちっちゃ,サービス,飲食業,5%
高知県,高知市,お花の専門店 フローリストＪＯＹ 配達用,小売業,その他小売,5%
高知県,高知市,オリエントホテル高知,サービス,宿泊業,5%
高知県,高知市,オリエントホテル高知／Ｊ＆Ｊギフト,その他業種,ー,5%
高知県,高知市,オリックスレンタカー高知駅前店,サービス,その他サービス,2%
高知県,高知市,オリックスレンタカー高知葛島店,サービス,その他サービス,2%
高知県,高知市,オレンジベア百石店,小売業,ガソリンスタンド,2%
高知県,高知市,海鮮居酒屋龍馬屋,サービス,飲食業,5%
高知県,高知市,カギヤマ本店,小売業,その他小売,5%
高知県,高知市,隠れ家 洞窟,サービス,飲食業,5%
高知県,高知市,桂自動車,サービス,その他サービス,5%
高知県,高知市,金沢鞄店,小売業,貴金属・服飾品,5%
高知県,高知市,Ｃａｆｅ ａｉｍＵ,サービス,飲食業,5%
高知県,高知市,ｃａｆｅ＆ｂａｒ ＳＨＥＬＥＴＲ,サービス,飲食業,5%
高知県,高知市,Ｃａｆｅリエイゾン,サービス,飲食業,5%
高知県,高知市,カフェレストアルファ 万々店,サービス,飲食業,5%
高知県,高知市,カフェレストアルファ 土佐道路店,サービス,飲食業,5%
高知県,高知市,Ｃａｆｅ Ｒｅｓｔ 柊,サービス,飲食業,5%
高知県,高知市,株式会社 四国パイプクリーナー,サービス,その他サービス,5%
高知県,高知市,宇佐ショッピングセンター 春野支店,小売業,食料品,5%
高知県,高知市,株式会社城西館,サービス,宿泊業,5%
高知県,高知市,Ｃａｐｒｏｎｅ【カプローネ】,サービス,理容・美容業,5%
高知県,高知市,髪切倶楽部,サービス,理容・美容業,5%
高知県,高知市,香美堂施術院,サービス,その他サービス,5%
高知県,高知市,上町ＳＳ,小売業,ガソリンスタンド,2%
高知県,高知市,唐揚げ専門店ＴＯＲＩＣＯ,サービス,飲食業,5%
高知県,高知市,Ｃｏｌｏｒｓａｌｏｎいろどり屋,サービス,その他サービス,5%
高知県,高知市,からだりせっと ｆｏｒｓｃｈ,サービス,その他サービス,5%
高知県,高知市,からだりせっとｆｏｒｓｃｈ,サービス,その他サービス,5%
高知県,高知市,河合塾マナビスはりまや校,その他業種,ー,2%
高知県,高知市,川口 ＳＳ,小売業,ガソリンスタンド,2%
高知県,高知市,菊寿し別館,サービス,飲食業,5%
高知県,高知市,ＫＩＫＯＮＩＳＩＳＫＯ,小売業,家具・調度品,5%
高知県,高知市,喜多方ラーメン 六泉寺店,サービス,飲食業,5%
高知県,高知市,北本町ＳＳ 明神石油株式会社,小売業,ガソリンスタンド,2%
高知県,高知市,業務スーパー高須店,小売業,食料品,2%
高知県,高知市,業務用食品スーパー 朝倉店,小売業,食料品,5%
高知県,高知市,業務用食品スーパ－ 一宮店,小売業,食料品,5%
高知県,高知市,ＫＩＬＩＧ ｃｏｆｆｅｅ,サービス,飲食業,5%
高知県,高知市,Ｑｕｉｌｔ－Ｑｕｉｌｔ,小売業,衣料品,5%
高知県,高知市,ｃｌａｒａ?ｃｒａｆｔ ｃｌａｒａ?ｃｒａｆｔ,小売業,その他小売,5%
高知県,高知市,クリスティ,小売業,衣料品,5%
高知県,高知市,Ｃｈｌｏｅ,サービス,理容・美容業,5%
高知県,高知市,ＣＲＯＳＳ ＳＴＹＬＥ ＫＯＣＨＩ クロススタイル高知,小売業,その他小売,5%
高知県,高知市,Ｋｅｉ,小売業,衣料品,5%
高知県,高知市,経友会,小売業,ガソリンスタンド,2%
高知県,高知市,ケーキ カフェ １２か月,サービス,飲食業,5%
高知県,高知市,ＫＥＮＯＭＩＫＡ,サービス,理容・美容業,5%
高知県,高知市,源三 帯屋町店,サービス,飲食業,5%
高知県,高知市,合田呉服寝具店,小売業,衣料品,5%
高知県,高知市,高知イースト ＳＳ,小売業,ガソリンスタンド,2%
高知県,高知市,セブン－イレブン高知和泉町店,小売業,食料品,2%
高知県,高知市,セブン－イレブン高知駅北店,小売業,食料品,2%
高知県,高知市,高知駅前 ＳＳ,小売業,ガソリンスタンド,2%
高知県,高知市,高知駅前観光 本社,サービス,運輸業,5%
高知県,高知市,高知駅前通,小売業,ガソリンスタンド,2%
高知県,高知市,セブン－イレブン高知葛島４丁目店,小売業,食料品,2%
高知県,高知市,セブン－イレブン高知神田西店,小売業,食料品,2%
高知県,高知市,セブン－イレブン高知河ノ瀬町店,小売業,食料品,2%
高知県,高知市,セブン－イレブン高知城前店,小売業,食料品,2%
高知県,高知市,高知トヨペットヴィユ－あさくら,小売業,その他小売,5%
高知県,高知市,高知トヨペット卸団地本店,小売業,その他小売,5%
高知県,高知市,セブン－イレブン高知はりまや町３丁目店,小売業,食料品,2%
高知県,高知市,高知ビジネスホテル別館,サービス,宿泊業,5%
高知県,高知市,セブン－イレブン高知本町２丁目店,小売業,食料品,2%
高知県,高知市,高知ヤマワ,小売業,衣料品,5%
高知県,高知市,コーベリヤ １,小売業,その他小売,5%
高知県,高知市,児島屋,小売業,衣料品,5%
高知県,高知市,個人 川村タクシー,サービス,運輸業,5%
高知県,高知市,個人タクシー山西観光,サービス,運輸業,5%
高知県,高知市,小僧寿し 薊野店,サービス,飲食業,5%
高知県,高知市,小僧寿し 桟橋通り店,サービス,飲食業,5%
高知県,高知市,小僧寿し 土佐ﾛｰﾄﾞ店,サービス,飲食業,5%
高知県,高知市,寿町ＳＳ 富士産業株式会社,小売業,ガソリンスタンド,2%
高知県,高知市,小春食堂,サービス,飲食業,5%
高知県,高知市,コピーマック高知本店,サービス,その他サービス,5%
高知県,高知市,コープ かもべ,小売業,食料品,5%
高知県,高知市,コープ よしだ,小売業,食料品,5%
高知県,高知市,コマドリ 卸団地店,小売業,その他小売,5%
高知県,高知市,コマドリはりまや店,小売業,その他小売,5%
高知県,高知市,コミューン 二番街,小売業,衣料品,5%
高知県,高知市,ゴン動物病院,サービス,その他サービス,5%
高知県,高知市,さくや,小売業,衣料品,5%
高知県,高知市,酒と肴 鱗,サービス,飲食業,5%
高知県,高知市,佐野屋 福井店,小売業,食料品,5%
高知県,高知市,サリイズ・ラッシュ・ルーチェ,サービス,理容・美容業,5%
高知県,高知市,ＳａｌｏｎＡｍｅｒｉ,サービス,理容・美容業,5%
高知県,高知市,サンオート高須,サービス,その他サービス,5%
高知県,高知市,サンクス土佐道路 ＳＳ,小売業,ガソリンスタンド,2%
高知県,高知市,サンシャイン ウ゛ィアン店,小売業,食料品,5%
高知県,高知市,サンシャイン 弘岡店,小売業,食料品,5%
高知県,高知市,サンシャイン 福井店,小売業,食料品,5%
高知県,高知市,サンシャイン フレッシュパワー 介良店,小売業,食料品,5%
高知県,高知市,サンプラザ 上町店,小売業,その他小売,5%
高知県,高知市,サンプラザ 上町店,小売業,食料品,5%
高知県,高知市,サンプラザ 新鮮館 鴨部,小売業,食料品,5%
高知県,高知市,サンプラザ 塚ノ原店,小売業,食料品,5%
高知県,高知市,三洋薬品ＨＢＣ株式会社 高知営業所,小売業,その他小売,5%
高知県,高知市,Ｃ ＣＡＲＥ ＥＹＥＬＳ,サービス,理容・美容業,5%
高知県,高知市,Ｊ．ａ．ｍ,小売業,衣料品,5%
高知県,高知市,ＳＨＥＬＢＹ Ｓ 高知店,小売業,その他小売,5%
高知県,高知市,地酒＆手料理凪,サービス,飲食業,5%
高知県,高知市,ジュエリー工房Ｍｉｓａｂｏｕ,小売業,貴金属・服飾品,5%
高知県,高知市,ジュジュミツコ,小売業,その他小売,5%
高知県,高知市,松栄第二別館,サービス,宿泊業,5%
高知県,高知市,城南電化チェーン,小売業,電化製品,5%
高知県,高知市,城山 ＳＳ,小売業,ガソリンスタンド,2%
高知県,高知市,松和薬舗 松和薬舗,小売業,その他小売,5%
高知県,高知市,ＪｉＬＬ,小売業,その他小売,5%
高知県,高知市,ＪＦ ＯＵＴＬＥＴ おびさんロード店,小売業,衣料品,5%
高知県,高知市,ＪＥＡＮＳ ＦＡＣＴＯＲＹ 卸団地本店,小売業,衣料品,5%
高知県,高知市,ＪＥＡＮＳ ＦＡＣＴＯＲＹ 土佐道路店,小売業,衣料品,5%
高知県,高知市,ＪＥＡＮＳ ＦＡＣＴＯＲＹ 土佐道路店,小売業,衣料品,5%
高知県,高知市,酔鯨亭高知店,サービス,飲食業,5%
高知県,高知市,須崎魚河岸 魚貴 追手筋店,サービス,飲食業,5%
高知県,高知市,須崎魚河岸 魚貴 新阪急店,サービス,飲食業,5%
高知県,高知市,須崎魚河岸 魚貴 はなれ,サービス,飲食業,5%
高知県,高知市,寿し一貫 あさくら店,サービス,宿泊業,5%
高知県,高知市,寿し一貫 あぞうの店,サービス,飲食業,5%
高知県,高知市,寿し一貫 せと店,サービス,飲食業,5%
高知県,高知市,すしバルうますし,サービス,飲食業,5%
高知県,高知市,スズキミート,小売業,食料品,5%
高知県,高知市,スターティングＰＣスクール,その他業種,ー,5%
高知県,高知市,スタジオル・ポ,小売業,その他小売,5%
高知県,高知市,Ｓｔｅｐ Ｄｏ！．ｃｏｃｏｔｔｏ,小売業,その他小売,5%
高知県,高知市,ストロベリーコーンズ 高知中央店,サービス,飲食業,2%
高知県,高知市,スマイルヨコハマ,小売業,ガソリンスタンド,2%
高知県,高知市,炭火焼ひとすじさんとう,サービス,飲食業,5%
高知県,高知市,スリーププラスしらいし,小売業,家具・調度品,5%
高知県,高知市,ｃｅｃｉｃａ ｎｏｉ 【セシカ ノイ】,サービス,理容・美容業,5%
高知県,高知市,瀬戸ＳＳ,小売業,ガソリンスタンド,2%
高知県,高知市,瀬戸ＳＳ,小売業,ガソリンスタンド,2%
高知県,高知市,セルフステーション大津ＳＳ,小売業,ガソリンスタンド,2%
高知県,高知市,セルフステーション金田,小売業,ガソリンスタンド,2%
高知県,高知市,セルフステーション北バイパスＳＳ,小売業,ガソリンスタンド,2%
高知県,高知市,セルフステーション介良,小売業,ガソリンスタンド,2%
高知県,高知市,ソフィア,小売業,衣料品,5%
高知県,高知市,ソフトバンク 土佐道路,小売業,その他小売,5%
高知県,高知市,染匠,小売業,衣料品,5%
高知県,高知市,ソレイユ,サービス,飲食業,5%
高知県,高知市,第一さくら交通 本社,サービス,運輸業,5%
高知県,高知市,第一電器イー・エル・エス,小売業,電化製品,5%
高知県,高知市,第一電器チェーン福井店,小売業,電化製品,5%
高知県,高知市,第一電器チェーン 瀬戸店,小売業,電化製品,5%
高知県,高知市,第三さくら交通 本社,サービス,運輸業,5%
高知県,高知市,第二さくら交通 本社,サービス,運輸業,5%
高知県,高知市,台湾甜商店,サービス,飲食業,5%
高知県,高知市,高須ＳＳ,小売業,ガソリンスタンド,2%
高知県,高知市,高須ハイヤー,サービス,運輸業,5%
高知県,高知市,田内コンタクトレンズ,小売業,その他小売,5%
高知県,高知市,たも屋 帯屋町店,サービス,飲食業,5%
高知県,高知市,Ｄ’ＡＲＴＩＳＡＮ,サービス,理容・美容業,5%
高知県,高知市,チーズとパンの店 Ｏｒａｎｇｅ,サービス,飲食業,5%
高知県,高知市,チャビーズキッチン,サービス,飲食業,5%
高知県,高知市,ｃｅｌｕｋ,サービス,飲食業,5%
高知県,高知市,つついでんき,小売業,電化製品,5%
高知県,高知市,筒井電器,小売業,電化製品,5%
高知県,高知市,ＤＡＹ＇ＳＦＲＥＥ,小売業,衣料品,5%
高知県,高知市,デイトナセブン,小売業,その他小売,5%
高知県,高知市,鉄板ステーキ 上々,サービス,飲食業,5%
高知県,高知市,鉄板焼き お好み焼き 多真家,サービス,公共料金,5%
高知県,高知市,デンカショップフジ,小売業,電化製品,5%
高知県,高知市,ｔｅｎｔ ｈａｉｒ テントヘアー テントヘアー,サービス,理容・美容業,5%
高知県,高知市,天丼 久助 高須店,サービス,飲食業,5%
高知県,高知市,といこ療術院 といこ療術院,サービス,理容・美容業,5%
高知県,高知市,東崎理容室大橋通り店,サービス,理容・美容業,5%
高知県,高知市,豆匠庵,小売業,食料品,5%
高知県,高知市,とうしん電器,小売業,その他小売,5%
高知県,高知市,東北自動車有限会社,サービス,その他サービス,5%
高知県,高知市,ＨＯＮｏ【ホノ】,サービス,その他サービス,5%
高知県,高知市,Ｄｒ．Ｄｒｉｖｅ美術館通りＳＳ,小売業,ガソリンスタンド,2%
高知県,高知市,ドクターベルツ高須店プレミアムキュア,サービス,理容・美容業,5%
高知県,高知市,とさ市場,サービス,飲食業,5%
高知県,高知市,土佐御苑,サービス,宿泊業,5%
高知県,高知市,土佐御苑,サービス,宿泊業,5%
高知県,高知市,ＴＯＳＡ ＧＡＴＥ,サービス,飲食業,5%
高知県,高知市,土佐料理司 高知本店,サービス,飲食業,5%
高知県,高知市,十刻,サービス,飲食業,5%
高知県,高知市,トヨタレンタリース西四国高知駅前店,サービス,その他サービス,2%
高知県,高知市,ドライブプラザ大津ＳＳ,小売業,ガソリンスタンド,2%
高知県,高知市,ﾄﾞﾗｯｸﾞｽﾄｱmac 朝倉店,小売業,その他小売,5%
高知県,高知市,ﾄﾞﾗｯｸﾞｽﾄｱmac 大津店,小売業,その他小売,5%
高知県,高知市,ﾄﾞﾗｯｸﾞｽﾄｱmac 河ﾉ瀬店,小売業,その他小売,5%
高知県,高知市,ﾄﾞﾗｯｸﾞｽﾄｱmac 高須店,小売業,その他小売,5%
高知県,高知市,ﾄﾞﾗｯｸﾞｽﾄｱmac 竹島店,小売業,その他小売,5%
高知県,高知市,ﾄﾞﾗｯｸﾞｽﾄｱmac 三里店,小売業,その他小売,5%
高知県,高知市,ﾄﾞﾗｯｸﾞｽﾄｱmac 横浜店,小売業,その他小売,5%
高知県,高知市,ﾄﾞﾗｯｸﾞｽﾄｱmac 横浜東店,小売業,その他小売,5%
高知県,高知市,とりでん高知潮江店,サービス,飲食業,2%
高知県,高知市,どんぐり共和国,小売業,書籍・玩具・音楽ＣＤ,5%
高知県,高知市,どんぐり共和国 どんぐり共和国 高知店,小売業,総合（非専門）,5%
高知県,高知市,中西呉服店,小売業,衣料品,5%
高知県,高知市,長浜ＳＳ,小売業,ガソリンスタンド,2%
高知県,高知市,ナチュラルハウス高知店,小売業,食料品,5%
高知県,高知市,鍋焼きラーメン 谷口食堂,サービス,飲食業,5%
高知県,高知市,有限会社鳴子屋,サービス,その他サービス,5%
高知県,高知市,ナンコクスーパー 大津店,小売業,食料品,5%
高知県,高知市,ナンコクスーパー 下知店,小売業,食料品,5%
高知県,高知市,ナンコクスーパー 高須店,小売業,食料品,5%
高知県,高知市,ナンコクスーパー 長浜店,小売業,食料品,5%
高知県,高知市,仁井田ＳＳ,小売業,ガソリンスタンド,2%
高知県,高知市,仁井田 ＳＳ,小売業,ガソリンスタンド,2%
高知県,高知市,西内自動車工業,その他業種,ー,5%
高知県,高知市,にしむらスポーツ,小売業,書籍・玩具・音楽ＣＤ,5%
高知県,高知市,ネイルサロンＩ ＩＩ?アイル?,サービス,理容・美容業,5%
高知県,高知市,ネッツトヨタ高知朝倉店,小売業,その他小売,5%
高知県,高知市,ネッツトヨタ高知駅前通り店,小売業,その他小売,5%
高知県,高知市,ネッツトヨタ高知高知店,小売業,その他小売,5%
高知県,高知市,ネッツトヨタ高知高須店,小売業,その他小売,5%
高知県,高知市,ネッツトヨタ高知万々店,小売業,その他小売,5%
高知県,高知市,ハートドライブ高知,その他業種,ー,5%
高知県,高知市,パールフランセ,小売業,衣料品,5%
高知県,高知市,Ｐｅａｒｌ Ｂｅｒｒｙ,小売業,その他小売,5%
高知県,高知市,バイカオウレン,小売業,その他小売,5%
高知県,高知市,博多屋高知店,サービス,飲食業,5%
高知県,高知市,はこべ帯屋町本店,サービス,飲食業,5%
高知県,高知市,ＰＡＳＳＡＧＥ,サービス,飲食業,5%
高知県,高知市,橋本日進堂印房,小売業,その他小売,5%
高知県,高知市,八剣伝 葛島店,サービス,飲食業,2%
高知県,高知市,八剣伝 高知瀬戸店,サービス,飲食業,2%
高知県,高知市,パティスリー モンスリール,小売業,食料品,5%
高知県,高知市,鳩家 婦人部,小売業,衣料品,5%
高知県,高知市,ＨＡＮＡＭＵＳＨＩ フレグランス バー ＨＡＮＡＭＵＳＨＩ,小売業,その他小売,5%
高知県,高知市,ハマート 薊野店,小売業,その他小売,5%
高知県,高知市,ハマート 横浜店,小売業,その他小売,5%
高知県,高知市,ＨａｍａＣｈｉｒｏｐｒａｃｔｉｃ,サービス,理容・美容業,5%
高知県,高知市,ハマート 薊野店,小売業,その他小売,5%
高知県,高知市,バリニーズサロンｎｏｌ,サービス,その他サービス,5%
高知県,高知市,播磨屋 宗徳,サービス,飲食業,5%
高知県,高知市,はりまや店,小売業,総合（非専門）,5%
高知県,高知市,はりまや橋ゲストハウス,サービス,宿泊業,5%
高知県,高知市,パルテ・ＡＤＤ・トクヒラ,小売業,電化製品,5%
高知県,高知市,Ｐａｒｔｉｒ,サービス,理容・美容業,5%
高知県,高知市,パルテ百石デンキ,小売業,電化製品,5%
高知県,高知市,パン工房 だんだん,小売業,食料品,5%
高知県,高知市,ピクシス,サービス,理容・美容業,5%
高知県,高知市,ビコット 追手筋北店 配達２,小売業,食料品,5%
高知県,高知市,ビコット 追手筋店,小売業,食料品,5%
高知県,高知市,ビコット 追手筋東店,小売業,食料品,5%
高知県,高知市,ビジネスホテル港屋,サービス,宿泊業,5%
高知県,高知市,比島ＳＳ 富士産業株式会社,小売業,ガソリンスタンド,2%
高知県,高知市,ビッグ・ウェ－ヴ高知ＳＳ,小売業,ガソリンスタンド,2%
高知県,高知市,ヒマラヤンオーガニック,小売業,食料品,5%
高知県,高知市,ビームス 高知店,小売業,衣料品,5%
高知県,高知市,干魚のやまさき,小売業,食料品,5%
高知県,高知市,弘田電器,小売業,電化製品,5%
高知県,高知市,ヒロタデンキ 旭店,小売業,電化製品,5%
高知県,高知市,ＰＨＯＴＯ ＳＴＵＤＩＯ さいとう,サービス,その他サービス,5%
高知県,高知市,ＰＨＯＴＯＳＴＵＤＩＯさいとう,その他業種,ー,5%
高知県,高知市,服飾アクセサリー ＭＡＴＳＵＺＡＫＩ,小売業,衣料品,5%
高知県,高知市,ｐｏｕｒｑｕｏｉ,小売業,貴金属・服飾品,5%
高知県,高知市,プチ１２か月,サービス,飲食業,5%
高知県,高知市,プチホテル 高知,サービス,宿泊業,5%
高知県,高知市,ＦＬＡＴＦＵＲＮＩＴＵＲＥ,小売業,家具・調度品,5%
高知県,高知市,Ｐｒｉｍａ,サービス,その他サービス,5%
高知県,高知市,フレグランスバーＨＡＮＡＭＵＳＨＩ,その他業種,ー,5%
高知県,高知市,ヘアー＆コスメＨＩＧAKI,小売業,その他小売,5%
高知県,高知市,ヘアーアンドスパ トリコ Ｈａｉｒ ｓｐａ ＴＲＩＣＯ Ｈａｉｒ ｓｐａ ＴＲＩＣＯ,サービス,理容・美容業,5%
高知県,高知市,ヘアーサロン ふくはら,サービス,理容・美容業,5%
高知県,高知市,ヘアーサロンタガミ ヘアーサロンタガミ,サービス,理容・美容業,5%
高知県,高知市,グッドクラブ,サービス,理容・美容業,5%
高知県,高知市,ヘアースタジオツヤ,サービス,理容・美容業,5%
高知県,高知市,ｈａｉｒｄｅｓｉｇｎｓｐａｃｅＣＬＩＰ,サービス,理容・美容業,5%
高知県,高知市,ヘアーリメイク マージ,サービス,理容・美容業,5%
高知県,高知市,ペットＳｔｅｐ 朝倉店,小売業,その他小売,2%
高知県,高知市,ペットＳｔｅｐ 薊野店,小売業,その他小売,5%
高知県,高知市,ホームセンターブリコ 桟橋店,小売業,その他小売,5%
高知県,高知市,穂寿美,サービス,飲食業,5%
高知県,高知市,ぼっちり,サービス,飲食業,5%
高知県,高知市,穂積電器,小売業,電化製品,5%
高知県,高知市,ホテルエリアワン高知,サービス,宿泊業,5%
高知県,高知市,ホテル楽家／櫻舘,サービス,宿泊業,5%
高知県,高知市,Ｈｏｔｅｌ Ｋｏ’ｓ Ｓｔｙｌｅ,サービス,宿泊業,5%
高知県,高知市,ホテルタウン駅前,サービス,宿泊業,5%
高知県,高知市,ホテルタウンセンター,サービス,宿泊業,5%
高知県,高知市,ホテルタウン錦川,サービス,宿泊業,5%
高知県,高知市,ホテルタウン本町,サービス,宿泊業,5%
高知県,高知市,ホテル高砂,サービス,宿泊業,5%
高知県,高知市,ホテル 土佐路たかす,サービス,宿泊業,5%
高知県,高知市,ホテル南水,サービス,宿泊業,5%
高知県,高知市,ホルモン けぶりや,サービス,飲食業,5%
高知県,高知市,本社,小売業,ガソリンスタンド,2%
高知県,高知市,ボンニー ボンヌーベル,サービス,理容・美容業,5%
高知県,高知市,本町ＳＳ,小売業,ガソリンスタンド,2%
高知県,高知市,マエダ鞄店,小売業,衣料品,5%
高知県,高知市,まえの,サービス,飲食業,5%
高知県,高知市,ＭＡＥＢＡＲ,サービス,飲食業,5%
高知県,高知市,マクドナルドイオンモール高知店,サービス,飲食業,2%
高知県,高知市,マクドナルド帯屋町店,サービス,飲食業,2%
高知県,高知市,マクドナルド高知稲荷町店,サービス,飲食業,2%
高知県,高知市,マクドナルド高知インター店,サービス,飲食業,2%
高知県,高知市,マクドナルド高知パワーセンター店,サービス,飲食業,2%
高知県,高知市,マクドナルド土佐バイパス店,サービス,飲食業,2%
高知県,高知市,マクドナルドフジグラン高知店,サービス,飲食業,2%
高知県,高知市,マザーズキッチン,小売業,その他小売,5%
高知県,高知市,松岡蒲鉾店,小売業,食料品,5%
高知県,高知市,ｍａｔｓｕ 美容室,サービス,理容・美容業,5%
高知県,高知市,ママイクコ 高知,小売業,総合（非専門）,5%
高知県,高知市,ママイクコ高知,小売業,衣料品,5%
高知県,高知市,万々 ＳＳ,小売業,ガソリンスタンド,2%
高知県,高知市,ｍａｒｃｏ ｐｏｌｏ,サービス,飲食業,5%
高知県,高知市,マルトクラーメン若草店,サービス,飲食業,5%
高知県,高知市,マルニ 朝倉店,小売業,その他小売,5%
高知県,高知市,マルニ 旭店,小売業,その他小売,5%
高知県,高知市,マルニ 高須店,小売業,その他小売,5%
高知県,高知市,マルニ 十津店,小売業,その他小売,5%
高知県,高知市,みくにハイヤー １１１号車,サービス,運輸業,5%
高知県,高知市,みくにハイヤー １１５号車,サービス,運輸業,5%
高知県,高知市,みくにハイヤー １１７号車,サービス,運輸業,5%
高知県,高知市,みくにハイヤー １０４号車,サービス,運輸業,5%
高知県,高知市,御國ハイヤー有限会社,サービス,運輸業,5%
高知県,高知市,ｍ・ｉ・ｘ！,小売業,書籍・玩具・音楽ＣＤ,5%
高知県,高知市,ｍ ｉ ｘ ＫＯＣＨＩ ｍ ｉ ｘ ＫＯＣＨＩ,小売業,総合（非専門）,5%
高知県,高知市,港町 ＳＳ,小売業,ガソリンスタンド,2%
高知県,高知市,ミナミメガネ,小売業,貴金属・服飾品,5%
高知県,高知市,ミニプラ高知店,小売業,その他小売,5%
高知県,高知市,ミモザ フジグラン高知店,小売業,衣料品,5%
高知県,高知市,ミモザ イオン高知旭町店,小売業,衣料品,5%
高知県,高知市,宮脇書店 高須店,小売業,書籍・玩具・音楽ＣＤ,5%
高知県,高知市,ｍｕｕｍｕｕ,サービス,理容・美容業,5%
高知県,高知市,無印良品 イオンモール高知,小売業,その他小売,2%
高知県,高知市,メカニコ,小売業,その他小売,5%
高知県,高知市,メガネのクスノセ,小売業,貴金属・服飾品,5%
高知県,高知市,メガネの天狗堂 本店,小売業,貴金属・服飾品,5%
高知県,高知市,メガネの丸善 南久万店,小売業,貴金属・服飾品,5%
高知県,高知市,メック平石電器,小売業,電化製品,5%
高知県,高知市,麺処 あきちゃん,サービス,飲食業,5%
高知県,高知市,麺処あきちゃん,サービス,飲食業,5%
高知県,高知市,モデルショップ ヨシオカ モデルショップヨシオカ,小売業,書籍・玩具・音楽ＣＤ,5%
高知県,高知市,モードブルージュ高知店,小売業,衣料品,5%
高知県,高知市,Ｍｏｎｔｅ Ｃｕｒｅ．,サービス,理容・美容業,5%
高知県,高知市,モンマートまなづる,小売業,総合（非専門）,5%
高知県,高知市,焼肉 天壇 家族亭,サービス,飲食業,5%
高知県,高知市,やきにく家 御畳瀬,サービス,飲食業,5%
高知県,高知市,柳や,サービス,飲食業,5%
高知県,高知市,山岡商店 高知事務所,小売業,ガソリンスタンド,2%
高知県,高知市,ヤマサキ,小売業,その他小売,5%
高知県,高知市,くだものの山長（やまちょう）,その他業種,ー,5%
高知県,高知市,くだものの山長 やまちょう くだものの山長,小売業,食料品,5%
高知県,高知市,有限会社岩と雪,小売業,書籍・玩具・音楽ＣＤ,5%
高知県,高知市,有限会社観賞魚センター 観賞魚センター,小売業,その他小売,5%
高知県,高知市,（有）貴金属加工金峯,サービス,その他サービス,5%
高知県,高知市,有限会社さくらハイヤー ３０１号車,サービス,運輸業,5%
高知県,高知市,有限会社細木商会,サービス,その他サービス,5%
高知県,高知市,有限会社マルス,小売業,その他小売,5%
高知県,高知市,有限会社ミリオン シューズショップミリオン,小売業,その他小売,5%
高知県,高知市,有限会社山岡商店 高知事務所,小売業,ガソリンスタンド,2%
高知県,高知市,ゆうゆう 大津店,サービス,飲食業,5%
高知県,高知市,ゆうゆう 六泉寺店,サービス,飲食業,5%
高知県,高知市,Ｙｕｕ－ｒｉ,小売業,衣料品,5%
高知県,高知市,ユキヤ,その他業種,ー,5%
高知県,高知市,個室居酒屋 ユルギヤ 正ナカ,サービス,飲食業,5%
高知県,高知市,横山電器,小売業,電化製品,5%
高知県,高知市,ヨシダスポーツ,小売業,その他小売,5%
高知県,高知市,よどやドラッグ 土佐道路店,小売業,その他小売,5%
高知県,高知市,よどやドラッグ青柳店,小売業,その他小売,5%
高知県,高知市,よどやドラッグ青柳店,小売業,その他小売,5%
高知県,高知市,よどやドラッグ朝倉店,小売業,その他小売,5%
高知県,高知市,よどやドラッグ朝倉店,小売業,その他小売,5%
高知県,高知市,よどやドラッグ石立店,小売業,その他小売,5%
高知県,高知市,よどやドラッグ石立店,小売業,その他小売,5%
高知県,高知市,よどやドラッグ一宮店,小売業,その他小売,5%
高知県,高知市,よどやドラッグ一宮店,小売業,その他小売,5%
高知県,高知市,よどやドラッグ神田店,小売業,その他小売,5%
高知県,高知市,よどやドラッグ神田店,小売業,その他小売,5%
高知県,高知市,よどやドラッグ塩屋崎店,小売業,その他小売,5%
高知県,高知市,よどやドラッグ塩屋崎店,小売業,その他小売,5%
高知県,高知市,よどやドラッグ城北店,小売業,その他小売,5%
高知県,高知市,よどやドラッグ城北店,小売業,その他小売,5%
高知県,高知市,よどやドラッグ瀬戸店,小売業,その他小売,5%
高知県,高知市,よどやドラッグ瀬戸店,小売業,その他小売,5%
高知県,高知市,よどやドラッグ高須店,小売業,その他小売,5%
高知県,高知市,よどやドラッグ秦南店,小売業,その他小売,5%
高知県,高知市,よどやドラッグ秦南店,小売業,その他小売,5%
高知県,高知市,よどやドラッグ針木店,小売業,その他小売,5%
高知県,高知市,よどやドラッグ針木店,小売業,その他小売,5%
高知県,高知市,よどやドラッグ福井店,小売業,その他小売,5%
高知県,高知市,よどやドラッグ本社,小売業,その他小売,5%
高知県,高知市,よどやドラッグ南金田店,小売業,その他小売,5%
高知県,高知市,よどやドラッグ南金田店,小売業,その他小売,5%
高知県,高知市,よどやドラッグ南万々店,小売業,その他小売,5%
高知県,高知市,よどやドラッグ南万々店,小売業,その他小売,5%
高知県,高知市,ライフスタイルショップ ＣＡＲＮＡ,小売業,家具・調度品,5%
高知県,高知市,駱駝別邸,サービス,飲食業,5%
高知県,高知市,ラモーダロッソ,サービス,理容・美容業,5%
高知県,高知市,ランクレ高知店,小売業,貴金属・服飾品,5%
高知県,高知市,Ｌｉｖｅｒｐｏｏｌ,サービス,理容・美容業,5%
高知県,高知市,リカリカ,サービス,理容・美容業,5%
高知県,高知市,リゾートダイニングスルラクセ,サービス,飲食業,5%
高知県,高知市,利他食堂,サービス,飲食業,5%
高知県,高知市,リバーサイドホテル松栄,サービス,宿泊業,5%
高知県,高知市,リーフエッジ＆ブルーラグーン,小売業,貴金属・服飾品,5%
高知県,高知市,ＲＥＶＯＬＴ高知,サービス,その他サービス,5%
高知県,高知市,ＲＥＬＡＸＡＴＩＯＮ ａｉｍｕ 出張９,サービス,その他サービス,5%
高知県,高知市,Ｒｅｌａｃｏ 出張 １,サービス,その他サービス,5%
高知県,高知市,ルームプラスしらいし,小売業,家具・調度品,5%
高知県,高知市,レストランＭＩＫＩドゥーブル,サービス,飲食業,5%
高知県,高知市,ＲＥＶＵＥスタジオレヴュー,サービス,その他サービス,5%
高知県,高知市,Ｌｏｗｓｅｅ’ｓ,小売業,その他小売,5%
高知県,高知市,ロートレアモン 二番街,小売業,衣料品,5%
高知県,高知市,若松町ＳＳ,小売業,ガソリンスタンド,2%
高知県,高知市,藁屋,サービス,飲食業,5%
高知県,高知市,わんずくらぶ 犬の美容室,サービス,その他サービス,5%
高知県,高知市,ワンズマーク株式会社,サービス,その他サービス,5%
高知県,香南市,赤岡 ＳＳ,小売業,ガソリンスタンド,2%
高知県,香南市,出光夜須ＳＳ,小売業,ガソリンスタンド,2%
高知県,香南市,Ａコープかがみ店,小売業,総合（非専門）,5%
高知県,香南市,エーマックス 赤岡店,小売業,食料品,5%
高知県,香南市,織人,小売業,家具・調度品,5%
高知県,香南市,カーライフマルオカ,サービス,その他サービス,5%
高知県,香南市,開徳電器店,小売業,電化製品,5%
高知県,香南市,高知トヨペット野市店,小売業,その他小売,5%
高知県,香南市,セルフステーション野市,小売業,ガソリンスタンド,2%
高知県,香南市,手結山ＳＳ,小売業,ガソリンスタンド,2%
高知県,香南市,ﾄﾞﾗｯｸﾞｽﾄｱmac 野市店,小売業,その他小売,5%
高知県,香南市,西内テレビ,小売業,電化製品,5%
高知県,香南市,ネッツトヨタ高知野市店,小売業,その他小売,5%
高知県,香南市,野市ＳＳ,小売業,ガソリンスタンド,2%
高知県,香南市,野市 ＳＳ,小売業,ガソリンスタンド,2%
高知県,香南市,八剣伝 野市駅前店,サービス,飲食業,2%
高知県,香南市,ハマート 野市店,小売業,その他小売,5%
高知県,香南市,マクドナルド５５号野市店,サービス,飲食業,2%
高知県,香南市,丸米旅館,サービス,宿泊業,5%
高知県,香南市,夜須 ＳＳ,小売業,ガソリンスタンド,2%
高知県,香南市,有限会社 まる原贈答 有限会社まる原贈答,小売業,その他小売,5%
高知県,香南市,有限会社正晃石油 赤岡町ＳＳ,小売業,ガソリンスタンド,2%
高知県,香南市,よどやドラッグ香南店,小売業,その他小売,5%
高知県,香南市,よどやドラッグ香南店,小売業,その他小売,5%
高知県,香南市,よどやドラッグ野市店,小売業,その他小売,5%
高知県,香南市,よどやドラッグ野市店,小売業,その他小売,5%
高知県,佐川町,ｉｔｆｕｒｎｉｔｕｒｅ,小売業,家具・調度品,5%
高知県,佐川町,自転車 バイクの専門店 中村商会,小売業,その他小売,5%
高知県,佐川町,ｄａ ｚｅｒｏ 自然イタリア料理,サービス,飲食業,5%
高知県,佐川町,土佐加茂ＳＳ,小売業,ガソリンスタンド,2%
高知県,佐川町,とまと書房 佐川店,小売業,書籍・玩具・音楽ＣＤ,5%
高知県,佐川町,パルテほりみ,小売業,電化製品,5%
高知県,佐川町,フォトサロン幸 フォトサロン幸,小売業,その他小売,5%
高知県,佐川町,ホームセンターリッチ 佐川店,小売業,その他小売,5%
高知県,佐川町,よどやドラッグ佐川店,小売業,その他小売,5%
高知県,佐川町,よどやドラッグ佐川店,小売業,その他小売,5%
高知県,四万十市,あいほん屋 フジグラン四万十店,小売業,その他小売,5%
高知県,四万十市,アマンド,サービス,飲食業,5%
高知県,四万十市,有岡ＳＳ 合資会社松沢商店,小売業,ガソリンスタンド,2%
高知県,四万十市,出光中村西ＳＳ,小売業,ガソリンスタンド,2%
高知県,四万十市,右城松風堂,小売業,食料品,5%
高知県,四万十市,うどん工房麦屋四万十製麺所,サービス,飲食業,5%
高知県,四万十市,美容室ガイダンスリフレ,サービス,理容・美容業,5%
高知県,四万十市,カフェしまんと庵,サービス,飲食業,5%
高知県,四万十市,株式会社四万十トラベル,サービス,その他サービス,5%
高知県,四万十市,ＧＡＬＦＩＴ 四万十店,小売業,衣料品,5%
高知県,四万十市,高知トヨペットヴィユーなかむら,小売業,その他小売,5%
高知県,四万十市,佐野屋 四万十店,小売業,食料品,5%
高知県,四万十市,三洋薬品ＨＢＣ株式会社 四万十営業所,小売業,その他小売,5%
高知県,四万十市,シマヅ電器サ―ビス,小売業,電化製品,5%
高知県,四万十市,四万十楽舎,サービス,宿泊業,5%
高知県,四万十市,四万十川の宿 ゆうべ亭,サービス,宿泊業,5%
高知県,四万十市,下田 ＳＳ,小売業,ガソリンスタンド,2%
高知県,四万十市,シューズカンパニー四万十店,小売業,衣料品,5%
高知県,四万十市,セルフ右山バイパス,小売業,ガソリンスタンド,2%
高知県,四万十市,泰作さん本舗 藤家,小売業,食料品,5%
高知県,四万十市,ちきん館本店,小売業,総合（非専門）,5%
高知県,四万十市,でんき家中村,小売業,電化製品,5%
高知県,四万十市,トヨタレンタリース西四国中村店,サービス,その他サービス,2%
高知県,四万十市,ﾄﾞﾗｯｸﾞｽﾄｱmac 中村店,小売業,その他小売,5%
高知県,四万十市,中村,小売業,ガソリンスタンド,2%
高知県,四万十市,中村東ＳＳ,小売業,ガソリンスタンド,2%
高知県,四万十市,中村東ＳＳ,小売業,ガソリンスタンド,2%
高知県,四万十市,なごみ宿 安住庵,サービス,宿泊業,5%
高知県,四万十市,ネッツトヨタ高知中村店,小売業,その他小売,5%
高知県,四万十市,明屋書店 四万十川店,小売業,書籍・玩具・音楽ＣＤ,5%
高知県,四万十市,ペンションＢｅｅ,サービス,宿泊業,5%
高知県,四万十市,ホテルサンリバー四万十,サービス,宿泊業,5%
高知県,四万十市,ホテル星羅四万十,サービス,宿泊業,5%
高知県,四万十市,まぁ坊豆腐店,サービス,飲食業,5%
高知県,四万十市,マクドナルドフジグラン四万十店,サービス,飲食業,2%
高知県,四万十市,ます山,サービス,飲食業,5%
高知県,四万十市,マルニ クエスト 古津賀店,小売業,その他小売,5%
高知県,四万十市,マルニ 四万十店,小売業,その他小売,5%
高知県,四万十市,溝渕石油店 中村油槽所,小売業,ガソリンスタンド,2%
高知県,四万十市,本山畳店,その他業種,ー,5%
高知県,四万十市,森のコテージ,サービス,宿泊業,5%
高知県,四万十市,森のコテージ,サービス,宿泊業,5%
高知県,四万十市,有限会社フクヤスポーツ,小売業,その他小売,5%
高知県,四万十市,ｏｎｅｄａｙｐｈｏｔｏｓｔｕｄｉｏ,サービス,その他サービス,5%
高知県,宿毛市,アイランド宿毛 ＳＳ,小売業,ガソリンスタンド,2%
高知県,宿毛市,エステティックサロンＭ＆Ｙ本店,サービス,理容・美容業,5%
高知県,宿毛市,ＥｎｅＪｅｔ宿毛ＳＳ 増田商事株式会社,小売業,ガソリンスタンド,2%
高知県,宿毛市,片島 ＳＳ,小売業,ガソリンスタンド,2%
高知県,宿毛市,小筑紫 ＳＳ,小売業,ガソリンスタンド,2%
高知県,宿毛市,柴田渡船,サービス,その他サービス,5%
高知県,宿毛市,宿毛 ＳＳ,小売業,ガソリンスタンド,2%
高知県,宿毛市,宿毛ＳＳ,小売業,ガソリンスタンド,2%
高知県,宿毛市,宿毛大橋通ＳＳ 有限会社沢田自動車,小売業,ガソリンスタンド,2%
高知県,宿毛市,宿毛幸町ＳＳ 合資会社松沢商店,小売業,ガソリンスタンド,2%
高知県,宿毛市,宿毛西部 ＳＳ,小売業,ガソリンスタンド,2%
高知県,宿毛市,宿毛バイパスＳＳ,小売業,ガソリンスタンド,2%
高知県,宿毛市,宿毛油槽所 増田商事株式会社,小売業,ガソリンスタンド,2%
高知県,宿毛市,スポーツショップ タニモト,小売業,衣料品,5%
高知県,宿毛市,東京靴流通センター宿毛店,小売業,衣料品,2%
高知県,宿毛市,トヨタレンタリース西四国（宿毛店）,サービス,その他サービス,2%
高知県,宿毛市,なんかいリカー,小売業,食料品,5%
高知県,宿毛市,肉舗デバリ,小売業,食料品,5%
高知県,宿毛市,ネッツトヨタ高知宿毛店,小売業,その他小売,5%
高知県,宿毛市,ホテルマツヤ,サービス,宿泊業,5%
高知県,宿毛市,（有）松岡漁具宿毛店,小売業,その他小売,5%
高知県,宿毛市,まなべ旅館,サービス,宿泊業,5%
高知県,宿毛市,まなべ旅館,サービス,飲食業,5%
高知県,宿毛市,モペットハウスヤスダ,小売業,その他小売,5%
高知県,宿毛市,有限会社アズール,サービス,その他サービス,5%
高知県,宿毛市,ゆうゆう 宿毛店,サービス,飲食業,5%
高知県,宿毛市,ゆうゆう宿毛店,サービス,飲食業,5%
高知県,宿毛市,ライフオジマ,小売業,電化製品,5%
高知県,須崎市,出光須崎ＳＳ,小売業,ガソリンスタンド,2%
高知県,須崎市,浦の内ＳＳ,小売業,ガソリンスタンド,2%
高知県,須崎市,岡崎理容,サービス,理容・美容業,5%
高知県,須崎市,京呉服わだ,小売業,衣料品,5%
高知県,須崎市,久保釣具店,小売業,その他小売,5%
高知県,須崎市,暮らしのねっこ,サービス,宿泊業,5%
高知県,須崎市,高知トヨペット須崎店,小売業,その他小売,5%
高知県,須崎市,小僧寿し 大間店,サービス,飲食業,5%
高知県,須崎市,サンクス新荘 ＳＳ,小売業,ガソリンスタンド,2%
高知県,須崎市,シューズカンパニー須崎店,小売業,衣料品,5%
高知県,須崎市,シューズカンパニー 須崎店,小売業,衣料品,5%
高知県,須崎市,ショッピングやまき,小売業,総合（非専門）,5%
高知県,須崎市,須崎ＳＳ,小売業,ガソリンスタンド,2%
高知県,須崎市,須崎古倉ＳＳ,小売業,ガソリンスタンド,2%
高知県,須崎市,セブン－イレブン須崎桐間南店,小売業,食料品,2%
高知県,須崎市,須崎西 ＳＳ,小売業,ガソリンスタンド,2%
高知県,須崎市,でんき家,小売業,電化製品,5%
高知県,須崎市,どうぶつすどまりＢＯＯＫ,サービス,宿泊業,5%
高知県,須崎市,ﾄﾞﾗｯｸﾞｽﾄｱmac 須崎店,小売業,その他小売,5%
高知県,須崎市,パル・ナカイテレビ,小売業,電化製品,5%
高知県,須崎市,マルニ 須崎店,小売業,その他小売,5%
高知県,須崎市,よどやドラッグ須崎店,小売業,その他小売,5%
高知県,須崎市,よどやドラッグ須崎店,小売業,その他小売,5%
高知県,田野町,サンシャイン ゆい店,小売業,食料品,5%
高知県,田野町,マルニ 田野店,小売業,その他小売,5%
高知県,津野町,ウィッティかなお,小売業,電化製品,5%
高知県,津野町,サンシャイン ディスカ店,小売業,食料品,5%
高知県,津野町,セブン－イレブン津野町葉山店,小売業,食料品,2%
高知県,津野町,ナカイテレビ,小売業,電化製品,5%
高知県,津野町,中本モータース,サービス,その他サービス,5%
高知県,津野町,西森商店,小売業,総合（非専門）,5%
高知県,津野町,葉山ＳＳ,小売業,ガソリンスタンド,2%
高知県,津野町,東津野ＳＳ,小売業,ガソリンスタンド,2%
高知県,津野町,もりしたでんき,小売業,電化製品,5%
高知県,東洋町,オランクダイバーズ,サービス,その他サービス,5%
高知県,東洋町,甲浦ＳＳ,小売業,ガソリンスタンド,2%
高知県,東洋町,民宿いくみ,サービス,宿泊業,5%
高知県,土佐市,ＡＬＢＥＲＯ,サービス,飲食業,5%
高知県,土佐市,エレナナカウチ電器,小売業,電化製品,5%
高知県,土佐市,金子生花店,小売業,その他小売,5%
高知県,土佐市,宇佐ショッピングセンター,小売業,食料品,5%
高知県,土佐市,業務用食品スーパー ポプラ店,小売業,食料品,5%
高知県,土佐市,靴のまえだ,小売業,衣料品,5%
高知県,土佐市,佐野屋 土佐店,小売業,食料品,5%
高知県,土佐市,サンプラザ 土佐ショッピング店,小売業,食料品,5%
高知県,土佐市,地のもん市場 ハレタ,サービス,飲食業,5%
高知県,土佐市,寿し一貫 高岡店,サービス,飲食業,5%
高知県,土佐市,高橋石油店 高岡ＳＳ,小売業,ガソリンスタンド,2%
高知県,土佐市,テクノライフハカタ,小売業,電化製品,5%
高知県,土佐市,土佐シャープ電化センター,小売業,電化製品,5%
高知県,土佐市,セブン－イレブン土佐高岡店,小売業,食料品,2%
高知県,土佐市,セブン－イレブン土佐蓮池店,小売業,食料品,2%
高知県,土佐市,土佐龍温泉 三陽荘,サービス,宿泊業,5%
高知県,土佐市,パルテフジタ,小売業,電化製品,5%
高知県,土佐市,ホームセンターリッチ 土佐店,小売業,その他小売,5%
高知県,土佐市,マクドナルド５６号高岡店,サービス,飲食業,2%
高知県,土佐市,マルイスポーツ,小売業,その他小売,5%
高知県,土佐市,もりさわ治療院,サービス,その他サービス,5%
高知県,土佐市,よどやドラッグ高岡店,小売業,その他小売,5%
高知県,土佐市,レストラン 樹里,サービス,飲食業,5%
高知県,土佐清水市,足摺サニーサイドホテル,サービス,宿泊業,5%
高知県,土佐清水市,足摺テルメ,サービス,宿泊業,5%
高知県,土佐清水市,足摺岬 ＳＳ,小売業,ガソリンスタンド,2%
高知県,土佐清水市,出光土佐清水ＳＳ,小売業,ガソリンスタンド,2%
高知県,土佐清水市,大岐 ＳＳ,小売業,ガソリンスタンド,2%
高知県,土佐清水市,大岐マリン,サービス,その他サービス,5%
高知県,土佐清水市,株式会社ウェルカムジョン万カンパニー,小売業,食料品,5%
高知県,土佐清水市,株式会社えびふねや呉服店 ＥＢＩＦＵＮＥＹＡ,小売業,衣料品,5%
高知県,土佐清水市,株式会社五光商事,小売業,その他小売,5%
高知県,土佐清水市,土佐清水 ＳＳ,小売業,ガソリンスタンド,2%
高知県,土佐清水市,ハマート 清水店,小売業,その他小売,5%
高知県,土佐清水市,ペンション木のくじら,サービス,宿泊業,5%
高知県,土佐清水市,ペンションサライ,サービス,理容・美容業,5%
高知県,土佐清水市,三崎ＳＳ,小売業,ガソリンスタンド,2%
高知県,土佐町,Ａコープ とさ,小売業,総合（非専門）,5%
高知県,土佐町,サンシャイン 田井店,小売業,食料品,5%
高知県,土佐町,地蔵寺ＳＳ,小売業,ガソリンスタンド,2%
高知県,土佐町,末広ショッピングセンター本店,小売業,食料品,5%
高知県,土佐町,鳥井 ＳＳ,小売業,ガソリンスタンド,2%
高知県,土佐町,パルテ岩崎,小売業,電化製品,5%
高知県,土佐町,マルニ 田井店,小売業,その他小売,5%
高知県,中土佐町,ａｒｂｏｒ,サービス,理容・美容業,5%
高知県,中土佐町,久礼,小売業,ガソリンスタンド,2%
高知県,中土佐町,久礼ＳＳ,小売業,ガソリンスタンド,2%
高知県,中土佐町,小僧寿し 久礼店,サービス,飲食業,5%
高知県,奈半利町,気ままｓｗｅｅｔｓ 甘音,小売業,食料品,5%
高知県,奈半利町,パルテショウエイ,小売業,電化製品,5%
高知県,奈半利町,パルテショウエイ,小売業,電化製品,5%
高知県,南国市,アグリファーム高知,小売業,食料品,5%
高知県,南国市,アシストファーム,サービス,その他サービス,5%
高知県,南国市,稲生ＳＳ,小売業,ガソリンスタンド,2%
高知県,南国市,Ｉｎｄｉｇｏ ｂｌｕｅ,小売業,貴金属・服飾品,5%
高知県,南国市,オリックスレンタカー高知空港店,サービス,その他サービス,2%
高知県,南国市,カーピット,小売業,その他小売,5%
高知県,南国市,カフェレストラン カンフーレ,小売業,食料品,5%
高知県,南国市,上末松 ＳＳ,小売業,ガソリンスタンド,2%
高知県,南国市,川島サイクルモーター,小売業,その他小売,5%
高知県,南国市,くぼた電気サービス,小売業,電化製品,5%
高知県,南国市,コクピット５５,小売業,その他小売,2%
高知県,南国市,小僧寿し 南国南店,サービス,飲食業,5%
高知県,南国市,ＣＯＭＯ,小売業,その他小売,2%
高知県,南国市,佐野屋 ごめん店,小売業,食料品,5%
高知県,南国市,佐野屋 南国店,小売業,食料品,5%
高知県,南国市,サンプラザ 新鮮館 緑ヶ丘,小売業,食料品,5%
高知県,南国市,ＪＦ ＯＵＴＬＥＴ 南国店,小売業,衣料品,5%
高知県,南国市,シューズカンパニー南国店,小売業,衣料品,5%
高知県,南国市,武市モータース,小売業,その他小売,5%
高知県,南国市,ＴＯＳＡＲＩＫＩＳＨＡ,サービス,飲食業,5%
高知県,南国市,土佐料理司高知空港店,サービス,飲食業,5%
高知県,南国市,トヨタレンタリース西四国高知空港店,サービス,その他サービス,2%
高知県,南国市,ﾄﾞﾗｯｸﾞｽﾄｱmac 南国店,小売業,その他小売,5%
高知県,南国市,南国 ＳＳ,小売業,ガソリンスタンド,2%
高知県,南国市,南国インターＳＳ 有限会社西川石油,小売業,ガソリンスタンド,2%
高知県,南国市,南国インター左右山ＳＳ,小売業,ガソリンスタンド,2%
高知県,南国市,南国大埇ＳＳ有限会社武内石油店,小売業,ガソリンスタンド,2%
高知県,南国市,セブン－イレブン南国下末松店,小売業,食料品,2%
高知県,南国市,ナンコクスーパー パステ店,小売業,食料品,5%
高知県,南国市,南国バイパスＳＳ,小売業,ガソリンスタンド,2%
高知県,南国市,廿枝ＳＳ 岡林石油店,小売業,ガソリンスタンド,2%
高知県,南国市,浜改田 ＳＳ,小売業,ガソリンスタンド,2%
高知県,南国市,はまでん,小売業,電化製品,5%
高知県,南国市,ｈｏｌｌｙｗｏｏｄｒｏｏｍ,小売業,その他小売,5%
高知県,南国市,ビッグ・ウェーヴこごめＳＳ,小売業,ガソリンスタンド,2%
高知県,南国市,ビッグ・ウェーヴ南国ＳＳ,小売業,ガソリンスタンド,2%
高知県,南国市,ファナー・ジニー南国店,小売業,衣料品,5%
高知県,南国市,マクドナルド南国サニーアクシス店,サービス,飲食業,2%
高知県,南国市,ＭＡＲＵＮＩ ＧＡＲＤＥＮ,小売業,その他小売,5%
高知県,南国市,山本電商,小売業,電化製品,5%
高知県,南国市,ｙａｙａ パール,小売業,貴金属・服飾品,5%
高知県,南国市,領石ＳＳ,小売業,ガソリンスタンド,2%
高知県,南国市,レストラン ネレウス,サービス,飲食業,5%
高知県,仁淀川町,出光仁淀ＳＳ,小売業,ガソリンスタンド,2%
高知県,仁淀川町,Ａコープ吾川店,小売業,総合（非専門）,5%
高知県,仁淀川町,Ａコープ池川店,小売業,総合（非専門）,5%
高知県,仁淀川町,中津渓谷ゆの森,サービス,宿泊業,5%
高知県,仁淀川町,橋本ストアー,小売業,総合（非専門）,5%
高知県,日高村,芋屋金次郎日高本店,小売業,食料品,5%
高知県,日高村,サンキューひだか,小売業,総合（非専門）,5%
高知県,日高村,錦山カントリ－クラブ,サービス,その他サービス,5%
高知県,日高村,屋根の上のガチョウ,サービス,飲食業,5%
高知県,日高村,有 大山自動車整備工場,サービス,その他サービス,5%
高知県,日高村,レストラン高知,サービス,飲食業,5%
高知県,三原村,土佐三原どぶろく合同会社,小売業,その他小売,5%
高知県,室戸市,出光行当ＳＳ,小売業,ガソリンスタンド,2%
高知県,室戸市,岡林電気店,小売業,電化製品,5%
高知県,室戸市,サンシャイン オーシャン店,小売業,食料品,5%
高知県,室戸市,サンシャイン 室戸店,小売業,食料品,5%
高知県,室戸市,竹内酒店,小売業,その他小売,5%
高知県,室戸市,三津 ＳＳ,小売業,ガソリンスタンド,2%
高知県,室戸市,室津 ＳＳ,小売業,ガソリンスタンド,2%
高知県,室戸市,室戸 ＳＳ,小売業,ガソリンスタンド,2%
高知県,室戸市,室戸新道ＳＳ,小売業,ガソリンスタンド,2%
高知県,室戸市,室戸ドルフィンセンター,サービス,その他サービス,5%
高知県,室戸市,モンマートむろと,小売業,総合（非専門）,5%
高知県,室戸市,山本印章堂電気店,小売業,電化製品,5%
高知県,室戸市,レストラン明星,サービス,飲食業,5%
高知県,本山町,サンシャイン 本山店,小売業,食料品,5%
高知県,本山町,本山 ＳＳ,小売業,ガソリンスタンド,2%
高知県,本山町,ＪＯＫＩ ＣＯＦＦＥＥ,サービス,飲食業,5%
高知県,本山町,和田ラジオ店,小売業,電化製品,5%
高知県,梼原町,出光梼原ＳＳ,小売業,ガソリンスタンド,2%
高知県,梼原町,サニーマートＦＣスーパー丸味,小売業,食料品,5%
高知県,四万十町,興津青少年旅行村,サービス,宿泊業,5%
高知県,四万十町,北の川 ＳＳ,小売業,ガソリンスタンド,2%
高知県,四万十町,窪川 ＳＳ,小売業,ガソリンスタンド,2%
高知県,四万十町,窪川ＳＳ,小売業,ガソリンスタンド,2%
高知県,四万十町,窪川ＳＳ,小売業,ガソリンスタンド,2%
高知県,四万十町,Ｋ－ＷＯＲＫＳ,小売業,その他小売,5%
高知県,四万十町,小僧寿し 窪川店,サービス,飲食業,5%
高知県,四万十町,サニーマートＦＣ みやたエイト窪川店,小売業,食料品,5%
高知県,四万十町,サンシャイン 四万十店,小売業,食料品,5%
高知県,四万十町,四万十ダイブ,サービス,その他サービス,5%
高知県,四万十町,四万十東ＳＳ,小売業,ガソリンスタンド,2%
高知県,四万十町,大正 ＳＳ,小売業,ガソリンスタンド,2%
高知県,四万十町,十川ＳＳ,小売業,ガソリンスタンド,2%
高知県,四万十町,十和 ＳＳ,小売業,ガソリンスタンド,2%
高知県,四万十町,轟崎 ＳＳ,小売業,ガソリンスタンド,2%
高知県,四万十町,中平電粧社,小売業,電化製品,5%
高知県,四万十町,ＮＡＴＵＲＡＬＧＲＯＯＶＥ,サービス,その他サービス,5%
高知県,四万十町,パイプカフェ,サービス,飲食業,5%
高知県,四万十町,東窪川ＳＳ 森光石油店,小売業,ガソリンスタンド,2%
高知県,四万十町,東又 ＳＳ,小売業,ガソリンスタンド,2%
高知県,四万十町,ビッグ・ウェーヴ窪川ＳＳ 有限会社三栄商会,小売業,ガソリンスタンド,2%
高知県,四万十町,ファミリーファッションひさかわ,小売業,衣料品,5%
高知県,四万十町,ヘアーサロン ＪＯＹ,サービス,理容・美容業,5%
高知県,四万十町,マルニ 窪川店,小売業,その他小売,5%
高知県,四万十町,美馬旅館,サービス,その他サービス,5%
高知県,四万十町,宮田窪川店,小売業,衣料品,5%
高知県,四万十町,よどやドラッグ窪川店,小売業,その他小売,5%
高知県,四万十町,よどやドラッグ窪川店,小売業,その他小売,5%
