長崎県,壱岐市,アイランド壹岐２号館,サービス,宿泊業,5%
長崎県,壱岐市,赤木クリーニング店,サービス,その他サービス,5%
長崎県,壱岐市,芦辺ＳＳ,小売業,ガソリンスタンド,2%
長崎県,壱岐市,芦辺ＳＳ,小売業,ガソリンスタンド,2%
長崎県,壱岐市,芦辺給油所,小売業,ガソリンスタンド,2%
長崎県,壱岐市,安堵家近海荘,サービス,宿泊業,5%
長崎県,壱岐市,井川電機商会,小売業,電化製品,5%
長崎県,壱岐市,壱岐ステラコート太安閣,サービス,宿泊業,5%
長崎県,壱岐市,壱岐の蔵酒造株式会社 壱岐の蔵酒造株式会社 販売場,小売業,食料品,5%
長崎県,壱岐市,石田ＳＳ,小売業,ガソリンスタンド,2%
長崎県,壱岐市,出光郷ノ浦ＳＳ,小売業,ガソリンスタンド,2%
長崎県,壱岐市,印通寺ＳＳ,小売業,ガソリンスタンド,2%
長崎県,壱岐市,大川ラジオ店,小売業,電化製品,5%
長崎県,壱岐市,オリックスレンタカー長崎壱岐店,サービス,その他サービス,2%
長崎県,壱岐市,勝本給油所,小売業,ガソリンスタンド,2%
長崎県,壱岐市,川村電気店,小売業,電化製品,5%
長崎県,壱岐市,ゲストハウスＬＡＭＰ壱岐,サービス,宿泊業,5%
長崎県,壱岐市,玄海酒造 株式会社,小売業,食料品,5%
長崎県,壱岐市,篠崎タイヤサービス,小売業,その他小売,5%
長崎県,壱岐市,下久土産品店,小売業,総合（非専門）,5%
長崎県,壱岐市,下條くだもの店,小売業,食料品,5%
長崎県,壱岐市,下條酒店,小売業,食料品,5%
長崎県,壱岐市,地もん屋さん,小売業,食料品,5%
長崎県,壱岐市,食堂よしもと,サービス,飲食業,5%
長崎県,壱岐市,辻川電器 パナポートつじがわ,小売業,電化製品,5%
長崎県,壱岐市,デンキのハラダ,小売業,電化製品,5%
長崎県,壱岐市,橋川家電サービス,小売業,電化製品,5%
長崎県,壱岐市,パナポート つじがわ,小売業,電化製品,5%
長崎県,壱岐市,林田酒店,その他業種,ー,5%
長崎県,壱岐市,ブック ワン,小売業,書籍・玩具・音楽ＣＤ,5%
長崎県,壱岐市,ブティックひぐち ブティック ひぐち,小売業,衣料品,5%
長崎県,壱岐市,ポプラ壱岐勝本店,小売業,総合（非専門）,2%
長崎県,壱岐市,堀江ガス・デンキ,小売業,電化製品,5%
長崎県,壱岐市,マルエーショッピングタウン郷ノ浦生活館 マルエーショッピングタウン郷ノ浦 生活館,小売業,総合（非専門）,5%
長崎県,壱岐市,みなとやゲストハウス,サービス,宿泊業,5%
長崎県,壱岐市,民宿繁屋千賀荘,サービス,宿泊業,5%
長崎県,壱岐市,山内苗木園緑化センター,小売業,その他小売,5%
長崎県,壱岐市,有限会社イービック,サービス,その他サービス,5%
長崎県,壱岐市,大阪屋石油店,小売業,ガソリンスタンド,2%
長崎県,諫早市,Ｒ ａｎｄ Ｒ ｃｏｆｆｅｅ ｌａｂｏ,小売業,食料品,5%
長崎県,諫早市,あかちゃん肌着専門店マルマイユ（株式会社美泉）,小売業,衣料品,5%
長崎県,諫早市,有限会社アップヒル,小売業,貴金属・服飾品,5%
長崎県,諫早市,ａ’－ｄｅｕｘ,サービス,理容・美容業,5%
長崎県,諫早市,アトリエ風月花,小売業,衣料品,5%
長崎県,諫早市,猿崎ＳＳ,小売業,ガソリンスタンド,2%
長崎県,諫早市,ａｌｕｋｕ,サービス,飲食業,5%
長崎県,諫早市,アンジェロ,小売業,衣料品,5%
長崎県,諫早市,セブン－イレブン飯盛開店,小売業,食料品,2%
長崎県,諫早市,セブン－イレブン諫早有喜町店,小売業,食料品,2%
長崎県,諫早市,セブン－イレブン諫早宇都町店,小売業,食料品,2%
長崎県,諫早市,セブン－イレブン諫早小川町店,小売業,食料品,2%
長崎県,諫早市,セブン－イレブン諫早上町店,小売業,食料品,2%
長崎県,諫早市,セブン－イレブン諫早唐比東店,小売業,食料品,2%
長崎県,諫早市,諫早北バイパスＳＳ,小売業,ガソリンスタンド,2%
長崎県,諫早市,セブン－イレブン諫早久山台店,小売業,食料品,2%
長崎県,諫早市,セブン－イレブン諫早幸町店,小売業,食料品,2%
長崎県,諫早市,セブン－イレブン諫早猿崎町店,小売業,食料品,2%
長崎県,諫早市,セブン－イレブン諫早多良見町店,小売業,食料品,2%
長崎県,諫早市,セブン－イレブン諫早仲沖町店,小売業,食料品,2%
長崎県,諫早市,セブン－イレブン諫早バイパス店,小売業,食料品,2%
長崎県,諫早市,セブン－イレブン諫早八天町店,小売業,食料品,2%
長崎県,諫早市,セブン－イレブン諫早平山町店,小売業,食料品,2%
長崎県,諫早市,セブン－イレブン諫早馬渡町店,小売業,食料品,2%
長崎県,諫早市,セブン－イレブン諫早森山町店,小売業,食料品,2%
長崎県,諫早市,石窯ピザＬＩＢＥＲＯｃａｆｅ,サービス,飲食業,5%
長崎県,諫早市,イタリア料理 トラットリア ぽるとふぃーの,サービス,飲食業,5%
長崎県,諫早市,出光久留里ＳＳ,小売業,ガソリンスタンド,2%
長崎県,諫早市,出光セルフ大村南ＳＳ,小売業,ガソリンスタンド,2%
長崎県,諫早市,出光セルフ住吉ＳＳ,小売業,ガソリンスタンド,2%
長崎県,諫早市,出光セルフ俵町ＳＳ,小売業,ガソリンスタンド,2%
長崎県,諫早市,出光セントポールＳＳ,小売業,ガソリンスタンド,2%
長崎県,諫早市,出光東長崎ＳＳ,小売業,ガソリンスタンド,2%
長崎県,諫早市,上田自動車工業,サービス,その他サービス,5%
長崎県,諫早市,栄田ＳＳ,小売業,ガソリンスタンド,2%
長崎県,諫早市,ＳＢＳ諫早,小売業,その他小売,5%
長崎県,諫早市,ＥＨＯＯ,小売業,衣料品,5%
長崎県,諫早市,小江ＳＳ,小売業,ガソリンスタンド,2%
長崎県,諫早市,オーディオ・ラボ有限会社,小売業,電化製品,5%
長崎県,諫早市,オートプロ山下,サービス,その他サービス,5%
長崎県,諫早市,ＡＬＤ ＬＡＭＰ,小売業,衣料品,5%
長崎県,諫早市,お菓子のみよしや,小売業,食料品,5%
長崎県,諫早市,Ｏｓｔｅｒｉａ Ｅｓｓｅｎｚａ,サービス,飲食業,5%
長崎県,諫早市,お茶処しまだ,小売業,食料品,5%
長崎県,諫早市,小野タクシー １,サービス,運輸業,5%
長崎県,諫早市,小船越給油所,小売業,ガソリンスタンド,2%
長崎県,諫早市,カーサービス イシダ,サービス,その他サービス,5%
長崎県,諫早市,かいづ動物病院,サービス,その他サービス,5%
長崎県,諫早市,ガステクノサービス,その他業種,ー,5%
長崎県,諫早市,カットハウスティーズ,サービス,理容・美容業,5%
長崎県,諫早市,Ｃａｆｅ Ｄｉｎｉｎｇ 七夜月,サービス,飲食業,5%
長崎県,諫早市,カフェここんの,サービス,飲食業,5%
長崎県,諫早市,ｃａｆｅ ｓｌｏｗ,サービス,飲食業,5%
長崎県,諫早市,株式会社クロスロード,その他業種,ー,5%
長崎県,諫早市,株式会社親和タクシー ４０１,サービス,運輸業,5%
長崎県,諫早市,かめや釣具 長崎諫早店,小売業,その他小売,5%
長崎県,諫早市,ガンバル市場まつもと君,小売業,総合（非専門）,5%
長崎県,諫早市,喜々津ＳＳ,小売業,ガソリンスタンド,2%
長崎県,諫早市,喜々津ステーションホテル,サービス,宿泊業,5%
長崎県,諫早市,Ｋｙｒｉｅ,サービス,理容・美容業,5%
長崎県,諫早市,銀屋,小売業,衣料品,5%
長崎県,諫早市,くつろ木 くつろ木,サービス,その他サービス,5%
長崎県,諫早市,セブン－イレブン小長井牧店,小売業,食料品,2%
長崎県,諫早市,小林呉服店,小売業,衣料品,5%
長崎県,諫早市,幸町給油所,小売業,ガソリンスタンド,2%
長崎県,諫早市,さかいタクシー１,サービス,運輸業,5%
長崎県,諫早市,Ｊネットレンタカー諫早店,サービス,その他サービス,2%
長崎県,諫早市,システムサプライサポートセンター,小売業,その他小売,5%
長崎県,諫早市,Ｓｉｐｉｌｉｃａ,小売業,電化製品,5%
長崎県,諫早市,嶋崎工務店,サービス,その他サービス,5%
長崎県,諫早市,シモン諫早店,小売業,衣料品,5%
長崎県,諫早市,シモンリンドバーグ,小売業,衣料品,5%
長崎県,諫早市,自由区,小売業,衣料品,5%
長崎県,諫早市,自由区,小売業,衣料品,5%
長崎県,諫早市,シューズ＆バッグ コア,小売業,衣料品,5%
長崎県,諫早市,ジョリ・ファム 諫早店,小売業,衣料品,5%
長崎県,諫早市,城見ＳＳ,小売業,ガソリンスタンド,2%
長崎県,諫早市,杉谷本舗橘店,小売業,その他小売,5%
長崎県,諫早市,スズキインター諫早,サービス,その他サービス,5%
長崎県,諫早市,ＳＴＡＮＤ ＦＩＲＭ,小売業,衣料品,5%
長崎県,諫早市,スワンドライ 諫早マルキョウ店,サービス,その他サービス,5%
長崎県,諫早市,スワンドライ 久山マルキョウ店,サービス,その他サービス,5%
長崎県,諫早市,スワンドライ 長野店,サービス,その他サービス,5%
長崎県,諫早市,スワンドライ 西諫早店,サービス,その他サービス,5%
長崎県,諫早市,スワンドライ マックスバリュ諫早中央店,サービス,その他サービス,5%
長崎県,諫早市,セルフ諫早ＳＳ,小売業,ガソリンスタンド,2%
長崎県,諫早市,セルフ高来ＳＳ,小売業,ガソリンスタンド,2%
長崎県,諫早市,太白楼 太白楼,サービス,飲食業,5%
長崎県,諫早市,セブン－イレブン高来湯江店,小売業,食料品,2%
長崎県,諫早市,合資会社立川酸素プロパン,その他業種,ー,5%
長崎県,諫早市,多良見ＳＳ,小売業,ガソリンスタンド,2%
長崎県,諫早市,セブン－イレブン多良見体育センター前店,小売業,食料品,2%
長崎県,諫早市,竹馬モータース,小売業,その他小売,5%
長崎県,諫早市,中華ダイニング杏てい,サービス,飲食業,5%
長崎県,諫早市,辻木工所,小売業,家具・調度品,5%
長崎県,諫早市,ディードットステーション諫早教室,その他業種,ー,5%
長崎県,諫早市,Ｄｒ．Ｄｒｉｖｅ貝津店,小売業,ガソリンスタンド,2%
長崎県,諫早市,徳永自動車 多良見工場,サービス,その他サービス,5%
長崎県,諫早市,徳永電器,小売業,電化製品,5%
長崎県,諫早市,トヨタカローラ長崎ユ－カ－ランド久山店,小売業,その他小売,5%
長崎県,諫早市,トヨタ部品福岡共販 長崎支社,その他業種,ー,5%
長崎県,諫早市,ＤＯＮ’Ｔ ＢＡ’ＲＡ,サービス,理容・美容業,5%
長崎県,諫早市,中川原酒店,小売業,その他小売,5%
長崎県,諫早市,株式会社ナガサキトラベル,サービス,その他サービス,5%
長崎県,諫早市,ニューステーションホテル・プレミア,サービス,宿泊業,5%
長崎県,諫早市,配送センター,小売業,ガソリンスタンド,2%
長崎県,諫早市,博多麺王久山,サービス,飲食業,5%
長崎県,諫早市,橋本電器,小売業,電化製品,5%
長崎県,諫早市,パナプラザ きよしや,小売業,電化製品,5%
長崎県,諫早市,パナプラザ ミヤショウ,小売業,電化製品,5%
長崎県,諫早市,パナプラザ モリシタ,小売業,電化製品,5%
長崎県,諫早市,パピオフジヤ,小売業,電化製品,5%
長崎県,諫早市,ピザクルサ多良見店,サービス,飲食業,5%
長崎県,諫早市,Ｂｉｔｔｙ,小売業,衣料品,5%
長崎県,諫早市,ひらまつ斎場,サービス,その他サービス,5%
長崎県,諫早市,福籠,サービス,飲食業,5%
長崎県,諫早市,ブックマート諫早,小売業,書籍・玩具・音楽ＣＤ,5%
長崎県,諫早市,ふなき電器,小売業,電化製品,5%
長崎県,諫早市,フラクタルデザイン諫早,サービス,理容・美容業,5%
長崎県,諫早市,ＦＬＡＰ,小売業,その他小売,5%
長崎県,諫早市,フラップグローバルビューティー諫早店,サービス,理容・美容業,5%
長崎県,諫早市,プロショップマツダ,小売業,電化製品,5%
長崎県,諫早市,Ｈａｉｒ Ａｒｔ Ｌｉｔｔｌｅ,サービス,理容・美容業,5%
長崎県,諫早市,ＶＯＧＵＥ．Ｎ．Ｙ,サービス,理容・美容業,5%
長崎県,諫早市,ヘアーサロン ひがし,サービス,理容・美容業,5%
長崎県,諫早市,ヘアースタジオ レインボー,サービス,理容・美容業,5%
長崎県,諫早市,Ｈａｉｒ＆Ｍａｋｅ ｎｉｃｏ Ｎａｇａｓａｋｉ,サービス,理容・美容業,5%
長崎県,諫早市,ポイントタクシー 本社営業所 ２０９,サービス,運輸業,5%
長崎県,諫早市,マクドナルド諫早インター店,サービス,飲食業,2%
長崎県,諫早市,マクドナルド５７号諫早店,サービス,飲食業,2%
長崎県,諫早市,松尾石材本社 松尾石材 工場,小売業,その他小売,5%
長崎県,諫早市,まるちゃん,その他業種,ー,5%
長崎県,諫早市,まんまる,サービス,飲食業,5%
長崎県,諫早市,ミクト,サービス,その他サービス,5%
長崎県,諫早市,三星電器商会,小売業,電化製品,5%
長崎県,諫早市,メガネ本舗 諫早店,小売業,貴金属・服飾品,5%
長崎県,諫早市,Ｍｏｎｋｅｙｐｏｄ,サービス,理容・美容業,5%
長崎県,諫早市,有限会社 山富士 諫早店,小売業,家具・調度品,5%
長崎県,諫早市,有限会社Ｌ＆Ｌホテルセンリュウ,サービス,宿泊業,5%
長崎県,諫早市,有限会社緒方電器,小売業,電化製品,5%
長崎県,諫早市,ラウンジ鹿鳴館,サービス,飲食業,5%
長崎県,諫早市,Ｒｅ：ＴｏｏｌｓＡｎｄＷｏｒｋｓ,小売業,衣料品,5%
長崎県,諫早市,Ｒｅｌａｘａｔｉｏｎ ｓａｌｏｎ ｌｅ ｓｏｌｅｉｌ,サービス,その他サービス,5%
長崎県,諫早市,ＲＩＮＤＢＥＲＧ,小売業,衣料品,5%
長崎県,諫早市,ＲＯＯＴＳ ＢＥＧＩＮ,サービス,理容・美容業,5%
長崎県,雲仙市,愛菜館,サービス,飲食業,5%
長崎県,雲仙市,愛野カントリー倶楽部,サービス,その他サービス,5%
長崎県,雲仙市,東園,サービス,宿泊業,5%
長崎県,雲仙市,池田石油,小売業,ガソリンスタンド,2%
長崎県,雲仙市,出光林田輪業瑞穂ＳＳ,小売業,ガソリンスタンド,2%
長崎県,雲仙市,セブン－イレブン雲仙愛野店,小売業,食料品,2%
長崎県,雲仙市,セブン－イレブン雲仙吾妻店,小売業,食料品,2%
長崎県,雲仙市,セブン－イレブン雲仙小浜町金浜店,小売業,食料品,2%
長崎県,雲仙市,セブン－イレブン雲仙小浜町北野店,小売業,食料品,2%
長崎県,雲仙市,セブン－イレブン雲仙小浜マリーナ店,小売業,食料品,2%
長崎県,雲仙市,セブン－イレブン雲仙グリーンロード店,小売業,食料品,2%
長崎県,雲仙市,セブン－イレブン雲仙千々石店,小売業,食料品,2%
長崎県,雲仙市,セブン－イレブン雲仙瑞穂店,小売業,食料品,2%
長崎県,雲仙市,小浜春陽館,サービス,宿泊業,5%
長崎県,雲仙市,くうかい,サービス,飲食業,5%
長崎県,雲仙市,国民宿舎 青雲荘,サービス,宿泊業,5%
長崎県,雲仙市,スワンドライ 愛野マルキョウ店,サービス,その他サービス,5%
長崎県,雲仙市,セルフおばま,小売業,ガソリンスタンド,2%
長崎県,雲仙市,大衆割烹 龍,サービス,飲食業,5%
長崎県,雲仙市,多比良ＳＳ,小売業,ガソリンスタンド,2%
長崎県,雲仙市,千々石ＳＳ,小売業,ガソリンスタンド,2%
長崎県,雲仙市,千々石観光センター 千鶏カステラ本舗 １,小売業,食料品,5%
長崎県,雲仙市,つじマート,小売業,総合（非専門）,5%
長崎県,雲仙市,つたや旅館,サービス,宿泊業,5%
長崎県,雲仙市,パナプラザ とりやま,小売業,電化製品,5%
長崎県,雲仙市,浜観ホテル,サービス,宿泊業,5%
長崎県,雲仙市,土黒ＳＳ,小売業,ガソリンスタンド,2%
長崎県,雲仙市,平田石材工業,小売業,その他小売,5%
長崎県,雲仙市,ボスコ瑞穂ＳＳ,小売業,ガソリンスタンド,2%
長崎県,雲仙市,南串タクシー,サービス,運輸業,5%
長崎県,雲仙市,南串山ＳＳ,小売業,ガソリンスタンド,2%
長崎県,雲仙市,民芸モダンの宿 雲仙福田屋,サービス,宿泊業,5%
長崎県,雲仙市,民宿 雲仙,サービス,宿泊業,5%
長崎県,雲仙市,ゆやど雲仙新湯,サービス,宿泊業,5%
長崎県,雲仙市,湯宿 蒸気家,サービス,宿泊業,5%
長崎県,雲仙市,ルート２５１国見ＳＳ,小売業,ガソリンスタンド,2%
長崎県,雲仙市,レストハウス 森のしらべ,サービス,宿泊業,5%
長崎県,雲仙市,レストハウス 森のしらべ,サービス,飲食業,5%
長崎県,雲仙市,レストラン ペガサス,サービス,飲食業,5%
長崎県,大村市,ＡＲＴ,サービス,理容・美容業,5%
長崎県,大村市,アバンダンシア,サービス,その他サービス,5%
長崎県,大村市,居酒屋 海豚,サービス,飲食業,5%
長崎県,大村市,居酒屋よっとこ 竹松店 居酒屋 よっとこ 竹松店,サービス,飲食業,5%
長崎県,大村市,居酒屋よっとこ 玖島店,サービス,飲食業,5%
長崎県,大村市,イタリアンバル カフェ ＴＥＲＲＡＣＥＤ ＦＩＥＬＤＳ,サービス,飲食業,5%
長崎県,大村市,一瀬珈琲,サービス,飲食業,5%
長崎県,大村市,岩井屋,小売業,家具・調度品,5%
長崎県,大村市,岩松ＳＳ,小売業,ガソリンスタンド,2%
長崎県,大村市,梅ヶ枝荘,サービス,飲食業,5%
長崎県,大村市,浦川豆店,小売業,食料品,5%
長崎県,大村市,エシャロット,サービス,飲食業,5%
長崎県,大村市,大きな新鮮村,小売業,食料品,5%
長崎県,大村市,お みや化粧品店,小売業,その他小売,5%
長崎県,大村市,大村 ＳＳ,小売業,ガソリンスタンド,2%
長崎県,大村市,大村ＳＳ,小売業,ガソリンスタンド,2%
長崎県,大村市,セブン－イレブン大村池田１丁目店,小売業,食料品,2%
長崎県,大村市,セブン－イレブン大村池田２丁目店,小売業,食料品,2%
長崎県,大村市,セブン－イレブン大村植松３丁目店,小売業,食料品,2%
長崎県,大村市,大村角寿司 満洲屋,サービス,飲食業,5%
長崎県,大村市,セブン－イレブン大村水主町１丁目店,小売業,食料品,2%
長崎県,大村市,セブン－イレブン大村協和町店,小売業,食料品,2%
長崎県,大村市,セブン－イレブン大村久原２丁目店,小売業,食料品,2%
長崎県,大村市,おおむらケーブルテレビ株式会社,その他業種,ー,5%
長崎県,大村市,セブン－イレブン大村須田ノ木町店,小売業,食料品,2%
長崎県,大村市,大村ステーションホテル,サービス,宿泊業,5%
長崎県,大村市,大村ステーションホテル,サービス,宿泊業,5%
長崎県,大村市,セブン－イレブン大村竹松本町店,小売業,食料品,2%
長崎県,大村市,セブン－イレブン大村富の原２丁目店,小売業,食料品,2%
長崎県,大村市,沖カフェＩＣＨＡＲＩＢＡ,サービス,飲食業,5%
長崎県,大村市,オリックスレンタカー長崎空港店,サービス,その他サービス,2%
長崎県,大村市,カーボディーササウラ,サービス,その他サービス,5%
長崎県,大村市,金子石油 株 竹松給油所 金子石油 株 竹松給油所,小売業,ガソリンスタンド,2%
長崎県,大村市,株 イチノセオートサービス 株式会社イチノセオートサービス,サービス,その他サービス,5%
長崎県,大村市,カレーハウスＣＯＣＯ壱番屋長崎空港バイパス店,サービス,飲食業,2%
長崎県,大村市,ＪＥＷＥＬ きしかわ,小売業,貴金属・服飾品,5%
長崎県,大村市,車倶楽部,小売業,その他小売,5%
長崎県,大村市,ことぶき電器,小売業,電化製品,5%
長崎県,大村市,菜園ブッフェ ピソリーノ 菜園ブッフェピソリーノ,サービス,飲食業,5%
長崎県,大村市,サンオイルサービス サンオイルサービス,小売業,その他小売,5%
長崎県,大村市,サンセットドライブステーションＳＳ 光洋石油株式会社,小売業,ガソリンスタンド,2%
長崎県,大村市,Ｊネットレンタカー長崎空港店,サービス,その他サービス,2%
長崎県,大村市,時代美術,小売業,その他小売,5%
長崎県,大村市,ジュエルきしかわ ジュエルきしかわ,小売業,貴金属・服飾品,5%
長崎県,大村市,食彩ストア－マイマ－ト,小売業,総合（非専門）,5%
長崎県,大村市,すたみな太郎 大村店,サービス,飲食業,5%
長崎県,大村市,スワンドライ イオン大村店,サービス,その他サービス,5%
長崎県,大村市,スワンドライ ララ富の原店,サービス,その他サービス,5%
長崎県,大村市,セラピア大村店,サービス,その他サービス,5%
長崎県,大村市,セルフ大村給油所,小売業,ガソリンスタンド,2%
長崎県,大村市,セルフ大村南給油所,小売業,ガソリンスタンド,2%
長崎県,大村市,セルフスタンド サンスパＳＳ 旭商事株式会社,小売業,ガソリンスタンド,2%
長崎県,大村市,竹松タクシー１,サービス,運輸業,5%
長崎県,大村市,たけまつ電器,小売業,電化製品,5%
長崎県,大村市,たにうえ電器,小売業,電化製品,5%
長崎県,大村市,ＤｅＳｏｔｏ ＣＬＯＴＨＩＮＧ ＣＯＭＰＡＮＹ,小売業,衣料品,5%
長崎県,大村市,トヨタカローラ長崎大村店,小売業,その他小売,5%
長崎県,大村市,トヨタレンタリース長崎長崎空港店,サービス,その他サービス,2%
長崎県,大村市,ＤＲＯＰＳ,サービス,理容・美容業,5%
長崎県,大村市,永尾茶舗 永尾茶舗,小売業,食料品,5%
長崎県,大村市,セブン－イレブン長崎道今村ＰＡ上り店,小売業,食料品,2%
長崎県,大村市,セブン－イレブン長崎道木場ＰＡ下り店,小売業,食料品,2%
長崎県,大村市,人形のたなか,小売業,書籍・玩具・音楽ＣＤ,5%
長崎県,大村市,パナ電ヒサマツデンキ,小売業,電化製品,5%
長崎県,大村市,ピザクルサ 大村店,サービス,飲食業,5%
長崎県,大村市,美容室木もれび,サービス,理容・美容業,5%
長崎県,大村市,フラクタルデザイン大村,サービス,理容・美容業,5%
長崎県,大村市,フラワーショップタカハラ,小売業,その他小売,5%
長崎県,大村市,ｃａｒｒｏｔｇａｒｄｅｎ,サービス,理容・美容業,5%
長崎県,大村市,マクドナルドイオン大村店,サービス,飲食業,2%
長崎県,大村市,マクドナルド大村店,サービス,飲食業,2%
長崎県,大村市,マレットメット 大村店,小売業,衣料品,5%
長崎県,大村市,みぞえ電器,小売業,電化製品,5%
長崎県,大村市,無法松 大村店,小売業,その他小売,5%
長崎県,大村市,モータードリーム・ビート,小売業,その他小売,5%
長崎県,大村市,焼肉 大福,サービス,飲食業,5%
長崎県,大村市,有限会社シュシュ おおむら夢ファーム 新鮮組,小売業,食料品,5%
長崎県,大村市,有限会社シュシュ おおむら夢ファーム ぶどう畑のれすとらん,サービス,飲食業,5%
長崎県,大村市,有限会社シュシュ おおむら夢フォーム アイス工房,サービス,飲食業,5%
長崎県,大村市,有限会社 シュシュ おおむら夢ファーム 洋菓子工房,小売業,食料品,5%
長崎県,大村市,合同会社ライフアラウンド,小売業,家具・調度品,5%
長崎県,大村市,らくだ診断舎,サービス,その他サービス,5%
長崎県,大村市,ｌｕｎｉｑｕｅ,サービス,理容・美容業,5%
長崎県,大村市,レストラン ペーパームーン,サービス,飲食業,5%
長崎県,大村市,レストランいとう,サービス,飲食業,5%
長崎県,大村市,ワコールショップ彩苑,小売業,衣料品,5%
長崎県,小値賀町,株式会社御縁,サービス,その他サービス,5%
長崎県,小値賀町,全日食 丸祐,小売業,総合（非専門）,5%
長崎県,川棚町,ａｎｏｗｅｓ ｆｏｒ ｈａｉｒ,サービス,理容・美容業,5%
長崎県,川棚町,出光川棚東ＳＳ,小売業,ガソリンスタンド,2%
長崎県,川棚町,株式会社 大東設備 修理部,サービス,その他サービス,5%
長崎県,川棚町,川棚ＳＳ,小売業,ガソリンスタンド,2%
長崎県,川棚町,川棚ＳＳ 谷山油糧,小売業,ガソリンスタンド,2%
長崎県,川棚町,セブン－イレブン川棚町倉本橋店,小売業,食料品,2%
長崎県,川棚町,セルフスマイル川棚給油所,小売業,ガソリンスタンド,2%
長崎県,川棚町,でんきやワイズ１,小売業,電化製品,5%
長崎県,川棚町,セブン－イレブン東彼杵川棚店,小売業,食料品,2%
長崎県,川棚町,ヤマグチ写真館,サービス,その他サービス,5%
長崎県,川棚町,山口電気商店,小売業,電化製品,5%
長崎県,川棚町,レコンテファミリー,サービス,理容・美容業,5%
長崎県,川棚町,レストランまゆみ,サービス,飲食業,5%
長崎県,五島市,味よし,サービス,飲食業,5%
長崎県,五島市,新井電器,小売業,電化製品,5%
長崎県,五島市,出光岐宿ＳＳ,小売業,ガソリンスタンド,2%
長崎県,五島市,出光五島中央病院前ＳＳ,小売業,ガソリンスタンド,2%
長崎県,五島市,出光セルフ福江ＳＳ,小売業,ガソリンスタンド,2%
長崎県,五島市,出光福江ＳＳ,小売業,ガソリンスタンド,2%
長崎県,五島市,江口土産品,小売業,食料品,5%
長崎県,五島市,お菓子かつもと,小売業,食料品,5%
長崎県,五島市,緒方電機商会,小売業,電化製品,5%
長崎県,五島市,奥音,サービス,宿泊業,5%
長崎県,五島市,おみやげ カフェごと,サービス,飲食業,5%
長崎県,五島市,カンパーナホテル,サービス,宿泊業,5%
長崎県,五島市,岐宿ＳＳ,小売業,ガソリンスタンド,2%
長崎県,五島市,ＧＯＴＯ ＴＳＵＢＡＫＩ ＨＯＴＥＬ,サービス,宿泊業,5%
長崎県,五島市,籠淵ＳＳ 有限会社船越商事,小売業,ガソリンスタンド,2%
長崎県,五島市,ライトハウス ライトハウス,サービス,宿泊業,5%
長崎県,五島市,酒と肴 大衆酒場 きまぐれ,サービス,飲食業,5%
長崎県,五島市,ダイキョーバリュー 岐宿店,小売業,食料品,5%
長崎県,五島市,ダイキョーバリュー 三井楽店,小売業,食料品,5%
長崎県,五島市,ダイキョービッグバリュー 福江店,小売業,食料品,5%
長崎県,五島市,富江ＳＳ,小売業,ガソリンスタンド,2%
長崎県,五島市,富江ＳＳ,小売業,ガソリンスタンド,2%
長崎県,五島市,トヨタカローラ長崎五島店,小売業,その他小売,5%
長崎県,五島市,トヨタレンタリース長崎福江店,サービス,その他サービス,2%
長崎県,五島市,びんづめ専門店くまごろう,小売業,食料品,5%
長崎県,五島市,フォトハウスみやまえ,その他業種,ー,5%
長崎県,五島市,福江ＳＳ,小売業,ガソリンスタンド,2%
長崎県,五島市,福江ＳＳ,小売業,ガソリンスタンド,2%
長崎県,五島市,ホテルダウンタウン,サービス,宿泊業,5%
長崎県,五島市,ポプラ五島病院前店,小売業,総合（非専門）,2%
長崎県,五島市,ポプラ福江岐宿店,小売業,総合（非専門）,2%
長崎県,五島市,ポプラ福江中央店,小売業,総合（非専門）,2%
長崎県,五島市,ポプラ福江富江店,小売業,総合（非専門）,2%
長崎県,五島市,ポプラ福江吉久木店,小売業,総合（非専門）,2%
長崎県,五島市,マリアージュ,サービス,その他サービス,5%
長崎県,五島市,丸宗水産,小売業,食料品,5%
長崎県,五島市,ミウラ電器,小売業,電化製品,5%
長崎県,五島市,三尾野ＰＳ,小売業,ガソリンスタンド,2%
長崎県,五島市,メガネ・時計のヤグチ,小売業,その他小売,5%
長崎県,五島市,ヤクルト届けてネット（五島）,小売業,その他小売,5%
長崎県,五島市,有限会社有川喜石材店,小売業,その他小売,5%
長崎県,五島市,ユトリパンコヤ ブランブラン,小売業,食料品,5%
長崎県,五島市,ルート３８４福江ＳＳ,小売業,ガソリンスタンド,2%
長崎県,五島市,ｗａｎ－ｍａｄｅｉｎｇｏｔｏｉｓｌａｎｄｓ－,小売業,家具・調度品,5%
長崎県,佐々町,ｉｔプラザ,小売業,電化製品,5%
長崎県,佐々町,Ａｒｉｓａヘアメイク,サービス,理容・美容業,5%
長崎県,佐々町,でんきや・おおた,小売業,電化製品,5%
長崎県,佐々町,セブン－イレブン佐々市場免店,小売業,食料品,2%
長崎県,佐々町,セブン－イレブン佐々須崎免店,小売業,食料品,2%
長崎県,佐々町,大和タクシー株式会社 ２０２,サービス,運輸業,5%
長崎県,佐々町,鶴電気商会,小売業,電化製品,5%
長崎県,佐々町,Ｈｉｌｕｌｕ 佐々店,サービス,理容・美容業,5%
長崎県,佐々町,ブリスにしやま佐々店,小売業,衣料品,5%
長崎県,佐々町,ヘアーサロン髪ｉｎｇ,サービス,理容・美容業,5%
長崎県,佐々町,真申ＳＳ,小売業,ガソリンスタンド,2%
長崎県,佐々町,ムックハウス佐々店,小売業,衣料品,5%
長崎県,佐々町,ライフスタイルマーケット,小売業,家具・調度品,5%
長崎県,佐々町,ＹＳ ａｕｔｏＳＥＲＶＩＣＥ,その他業種,ー,5%
長崎県,佐世保市,アートスクエア リブ,小売業,その他小売,5%
長崎県,佐世保市,赤崎ＳＳ,小売業,ガソリンスタンド,2%
長崎県,佐世保市,アガぺ田中薬局,小売業,その他小売,5%
長崎県,佐世保市,芦屋 貴兆陶家 佐世保店,小売業,その他小売,5%
長崎県,佐世保市,あすみ鍼灸治療室,サービス,その他サービス,5%
長崎県,佐世保市,ＡＮＡＳＡ,小売業,貴金属・服飾品,5%
長崎県,佐世保市,アピ－ルセンターいわい,小売業,総合（非専門）,5%
長崎県,佐世保市,アリュー,サービス,理容・美容業,5%
長崎県,佐世保市,アレーズ,サービス,その他サービス,5%
長崎県,佐世保市,居酒屋 三平,サービス,飲食業,5%
長崎県,佐世保市,いづみや俵町店,小売業,衣料品,5%
長崎県,佐世保市,井手ちゃんぽん 佐世保店,サービス,飲食業,5%
長崎県,佐世保市,出光宇久平ＳＳ,小売業,ガソリンスタンド,2%
長崎県,佐世保市,出光世知原ＳＳ,小売業,ガソリンスタンド,2%
長崎県,佐世保市,イロドリカフェ,サービス,飲食業,5%
長崎県,佐世保市,いろは,サービス,その他サービス,5%
長崎県,佐世保市,岩崎本舗 佐世保三ヶ町店,小売業,食料品,5%
長崎県,佐世保市,イワモトコーヒー,サービス,飲食業,5%
長崎県,佐世保市,ＶＯＩＣＥ ＣＬＵＢ,小売業,衣料品,5%
長崎県,佐世保市,魚市場もったいない食堂,サービス,飲食業,5%
長崎県,佐世保市,ＳＳＢ ＣＡＲＧＯ,サービス,その他サービス,5%
長崎県,佐世保市,大谷モータース,サービス,その他サービス,5%
長崎県,佐世保市,沖田酒店,小売業,食料品,5%
長崎県,佐世保市,尾崎電気,小売業,電化製品,5%
長崎県,佐世保市,ｏｈａｒｉｄｏ,小売業,衣料品,5%
長崎県,佐世保市,オリックスレンタカー佐世保若葉町店,サービス,その他サービス,2%
長崎県,佐世保市,オリックスレンタカー早岐駅前店,サービス,その他サービス,2%
長崎県,佐世保市,Ｏｒｇａｎ．,サービス,理容・美容業,5%
長崎県,佐世保市,カーショップ パイパーズ,小売業,その他小売,5%
長崎県,佐世保市,甲斐モーターショップ,小売業,その他小売,5%
長崎県,佐世保市,かえるプロジェクト（有限会社壹良産業）,サービス,運輸業,5%
長崎県,佐世保市,かぎろっく長崎,サービス,その他サービス,5%
長崎県,佐世保市,嘉久房,小売業,その他小売,5%
長崎県,佐世保市,カーセンタータクシマ,小売業,その他小売,5%
長崎県,佐世保市,片渕電気商会,小売業,総合（非専門）,5%
長崎県,佐世保市,Ｃａｆｅ’ ないしょ,サービス,飲食業,5%
長崎県,佐世保市,カフェないしょ,サービス,飲食業,5%
長崎県,佐世保市,カフェ・バーコンセント,サービス,飲食業,5%
長崎県,佐世保市,株式会社いろは,サービス,その他サービス,5%
長崎県,佐世保市,株式会社フローレ,小売業,その他小売,5%
長崎県,佐世保市,理容室髪処Ｏｋｕｎｏ,サービス,理容・美容業,5%
長崎県,佐世保市,かめや釣具 佐世保大塔店,小売業,その他小売,5%
長崎県,佐世保市,かもはら電機,小売業,電化製品,5%
長崎県,佐世保市,ＫａｒａｄａＳｔｕｄｉｏりこあ,サービス,その他サービス,5%
長崎県,佐世保市,からだラボＭａｒｓｕｓｈｉｍａｄｏ,サービス,理容・美容業,5%
長崎県,佐世保市,カレーハウスＣｏＣｏ壱番屋早岐ＪＲ駅前店,サービス,宿泊業,2%
長崎県,佐世保市,カレーハウスＣｏＣｏ壱番屋ララプレイス佐世保店,サービス,飲食業,2%
長崎県,佐世保市,川下電機商会,小売業,電化製品,5%
長崎県,佐世保市,川下ピアノ店,小売業,電化製品,5%
長崎県,佐世保市,川原自動車,サービス,その他サービス,5%
長崎県,佐世保市,北佐世保ＳＳ,小売業,ガソリンスタンド,2%
長崎県,佐世保市,北村ホンダ販売株式会社,小売業,その他小売,5%
長崎県,佐世保市,キッチンはーとらんど,サービス,飲食業,5%
長崎県,佐世保市,キッチンはーとらんど キッチンはーとらんど,サービス,飲食業,5%
長崎県,佐世保市,九州銘菓 島瀬店,小売業,総合（非専門）,5%
長崎県,佐世保市,金明堂大野モール店,小売業,書籍・玩具・音楽ＣＤ,5%
長崎県,佐世保市,金明堂京町店,小売業,書籍・玩具・音楽ＣＤ,5%
長崎県,佐世保市,金明堂日野店,小売業,書籍・玩具・音楽ＣＤ,5%
長崎県,佐世保市,ぐーす,サービス,飲食業,5%
長崎県,佐世保市,九十九島海鮮市場,小売業,総合（非専門）,5%
長崎県,佐世保市,Ｇｕｓｔａｒｅ Ｇｕｓｔａｒｅ,サービス,飲食業,5%
長崎県,佐世保市,クスリのウラタ,小売業,その他小売,5%
長崎県,佐世保市,くすりのたんぽぽ,サービス,その他サービス,5%
長崎県,佐世保市,グリーンデンキ,小売業,電化製品,5%
長崎県,佐世保市,クレド佐世保,サービス,その他サービス,5%
長崎県,佐世保市,黒島ＳＳ,小売業,ガソリンスタンド,2%
長崎県,佐世保市,公共の宿山暖簾,サービス,宿泊業,5%
長崎県,佐世保市,Ｃｏｆｆｅｅｌａｂｇｅｅｋ,サービス,飲食業,5%
長崎県,佐世保市,ＫＯ?ＯＮ,小売業,食料品,5%
長崎県,佐世保市,古賀商店,小売業,その他小売,5%
長崎県,佐世保市,国際石油サービス株式会社 中里サービスステーション,小売業,ガソリンスタンド,2%
長崎県,佐世保市,セブン－イレブン小佐々黒石店,小売業,食料品,2%
長崎県,佐世保市,個人 伊藤タクシー,サービス,運輸業,5%
長崎県,佐世保市,コズミックバース,サービス,理容・美容業,5%
長崎県,佐世保市,株式会社コトタビ,サービス,その他サービス,5%
長崎県,佐世保市,西海橋ＳＳ 有限会社西海橋石油店,小売業,ガソリンスタンド,2%
長崎県,佐世保市,さかな市場 佐世保店,サービス,飲食業,5%
長崎県,佐世保市,坂本屋,小売業,総合（非専門）,5%
長崎県,佐世保市,佐々木無線,小売業,電化製品,5%
長崎県,佐世保市,セブン－イレブン佐世保赤崎町店,小売業,食料品,2%
長崎県,佐世保市,セブン－イレブン佐世保有福町店,小売業,食料品,2%
長崎県,佐世保市,セブン－イレブン佐世保今福町店,小売業,食料品,2%
長崎県,佐世保市,セブン－イレブン佐世保江上町店,小売業,食料品,2%
長崎県,佐世保市,セブン－イレブン佐世保駅前店,小売業,食料品,2%
長崎県,佐世保市,セブン－イレブン佐世保上相浦店,小売業,食料品,2%
長崎県,佐世保市,セブン－イレブン佐世保上京町店,小売業,食料品,2%
長崎県,佐世保市,セブン－イレブン佐世保小舟店,小売業,食料品,2%
長崎県,佐世保市,セブン－イレブン佐世保権常寺店,小売業,食料品,2%
長崎県,佐世保市,セブン－イレブン佐世保崎岡町店,小売業,食料品,2%
長崎県,佐世保市,セブン－イレブン佐世保桜木町店,小売業,食料品,2%
長崎県,佐世保市,セブン－イレブン佐世保重尾町店,小売業,食料品,2%
長崎県,佐世保市,セブン－イレブン佐世保市総合病院店,小売業,食料品,2%
長崎県,佐世保市,セブン－イレブン佐世保瀬戸越２丁目店,小売業,食料品,2%
長崎県,佐世保市,セブン－イレブン佐世保大塔町店,小売業,食料品,2%
長崎県,佐世保市,セブン－イレブン佐世保田原町店,小売業,食料品,2%
長崎県,佐世保市,セブン－イレブン佐世保天神５丁目店,小売業,食料品,2%
長崎県,佐世保市,セブンーイレブン佐世保天神店,小売業,食料品,2%
長崎県,佐世保市,佐世保電販住宅設備,小売業,電化製品,5%
長崎県,佐世保市,セブン－イレブン佐世保長畑町店,小売業,食料品,2%
長崎県,佐世保市,セブン－イレブン佐世保針尾橋店,小売業,食料品,2%
長崎県,佐世保市,セブン－イレブン佐世保日宇町店,小売業,食料品,2%
長崎県,佐世保市,セブン－イレブン佐世保干尽町店,小売業,食料品,2%
長崎県,佐世保市,Ｄｒ．Ｄｒｉｖｅセルフ佐世保日野ＳＳ,小売業,ガソリンスタンド,2%
長崎県,佐世保市,セブン－イレブン佐世保日野町店,小売業,食料品,2%
長崎県,佐世保市,させぼ日和,サービス,飲食業,5%
長崎県,佐世保市,セブン－イレブン佐世保大和町店,小売業,食料品,2%
長崎県,佐世保市,セブン－イレブン佐世保吉井町店,小売業,食料品,2%
長崎県,佐世保市,Ｄｒ．Ｄｒｉｖｅセルフ佐世保吉岡ＳＳ,小売業,ガソリンスタンド,2%
長崎県,佐世保市,セブン－イレブン佐世保吉岡店,小売業,食料品,2%
長崎県,佐世保市,サニーカイロプラクティック,サービス,理容・美容業,5%
長崎県,佐世保市,サニーカイロプラクティック,サービス,その他サービス,5%
長崎県,佐世保市,サンウエストホテル佐世保,サービス,宿泊業,5%
長崎県,佐世保市,Ｊネットレンタカー佐世保店,サービス,その他サービス,2%
長崎県,佐世保市,四季乃華,サービス,飲食業,5%
長崎県,佐世保市,しげとみ美容院,サービス,理容・美容業,5%
長崎県,佐世保市,自然食 草月庵,サービス,飲食業,5%
長崎県,佐世保市,自然食草月庵,サービス,飲食業,5%
長崎県,佐世保市,シティコンタクト 佐世保店,小売業,その他小売,5%
長崎県,佐世保市,シティコンタクト させぼ五番街店,小売業,その他小売,5%
長崎県,佐世保市,ＪｕｎｋＳｔｙｌｅ,サービス,理容・美容業,5%
長崎県,佐世保市,Ｊｕｎｋ?Ｓｔｙｌｅ,サービス,理容・美容業,5%
長崎県,佐世保市,シューレスキューアルク,その他業種,ー,5%
長崎県,佐世保市,旬彩旬魚 桃兵衛,サービス,飲食業,5%
長崎県,佐世保市,城間ＳＳ,小売業,ガソリンスタンド,2%
長崎県,佐世保市,ジョリ・ファム 佐世保店,小売業,衣料品,5%
長崎県,佐世保市,白木給油所,小売業,ガソリンスタンド,2%
長崎県,佐世保市,ｇｉｒａｓｏｌｅ,サービス,理容・美容業,5%
長崎県,佐世保市,白岳自動車商会,サービス,その他サービス,5%
長崎県,佐世保市,Ｓｋｙ－ｈｉｇｈ,サービス,その他サービス,5%
長崎県,佐世保市,すし処元禄,サービス,飲食業,5%
長崎県,佐世保市,ストロベリースタイル,サービス,飲食業,5%
長崎県,佐世保市,素肌サロンＹＯＵ,小売業,衣料品,5%
長崎県,佐世保市,スワンドライ イオン佐世保店,サービス,その他サービス,5%
長崎県,佐世保市,スワンドライ イオン白岳店,サービス,その他サービス,5%
長崎県,佐世保市,スワンドライ イオン大塔店,サービス,その他サービス,5%
長崎県,佐世保市,セブンタクシー株式会社 ２０２,サービス,運輸業,5%
長崎県,佐世保市,株 ＣＥＬＬ ＣＥＬＬ,サービス,理容・美容業,5%
長崎県,佐世保市,セルフ上原ＳＳ,小売業,ガソリンスタンド,2%
長崎県,佐世保市,セルフ江迎給油所,小売業,ガソリンスタンド,2%
長崎県,佐世保市,セルフ沖田ＳＳ,小売業,ガソリンスタンド,2%
長崎県,佐世保市,セルフ白岳ＳＳ,小売業,ガソリンスタンド,2%
長崎県,佐世保市,セルフ俵町給油所,小売業,ガソリンスタンド,2%
長崎県,佐世保市,セルフ南風崎ＳＳ,小売業,ガソリンスタンド,2%
長崎県,佐世保市,セルフ針尾バイパスＳＳ,小売業,ガソリンスタンド,2%
長崎県,佐世保市,セレモニーやまおく佐世保,小売業,その他小売,5%
長崎県,佐世保市,大塔ＳＳ,小売業,ガソリンスタンド,2%
長崎県,佐世保市,大塔自動車整備工場,サービス,その他サービス,5%
長崎県,佐世保市,高砂給油所,小売業,ガソリンスタンド,2%
長崎県,佐世保市,たきもとサイクルショップ,小売業,その他小売,5%
長崎県,佐世保市,田中精肉店,小売業,食料品,5%
長崎県,佐世保市,たなか電器,小売業,電化製品,5%
長崎県,佐世保市,たべつむぎ豆腐店,小売業,食料品,5%
長崎県,佐世保市,中国家庭厨房 紅燈籠,サービス,飲食業,5%
長崎県,佐世保市,ＣＹｏＢｉ ＣＹｏＢｉ チョビチョビ,サービス,飲食業,5%
長崎県,佐世保市,辻酒店 辻酒店,小売業,食料品,5%
長崎県,佐世保市,つながる雑貨屋 てとて舎,小売業,衣料品,5%
長崎県,佐世保市,つながる雑貨屋てとて舎,小売業,衣料品,5%
長崎県,佐世保市,ＤＩＧ,サービス,飲食業,5%
長崎県,佐世保市,でんきのアズこんどう店,小売業,電化製品,5%
長崎県,佐世保市,でんきのアズ サンコウ店,小売業,電化製品,5%
長崎県,佐世保市,でんきのアズ サンフクダ店,小売業,電化製品,5%
長崎県,佐世保市,でんきや パナサン,小売業,電化製品,5%
長崎県,佐世保市,でんきや・フカエ,小売業,電化製品,5%
長崎県,佐世保市,でんきやヤマモト,小売業,電化製品,5%
長崎県,佐世保市,陶房亀岡,小売業,その他小売,5%
長崎県,佐世保市,トマトクラブ佐世保店,サービス,飲食業,5%
長崎県,佐世保市,富山メディック １,小売業,その他小売,5%
長崎県,佐世保市,トヨタ部品福岡共販佐世保営業所,その他業種,ー,5%
長崎県,佐世保市,トヨタレンタリース長崎佐世保店,サービス,その他サービス,2%
長崎県,佐世保市,トヨタレンタリース長崎ハウステンボス店,サービス,その他サービス,2%
長崎県,佐世保市,ＴＲＡＦＦＩＣ ｈａｉｒ ｍａｋｅ,サービス,理容・美容業,5%
長崎県,佐世保市,中島（鯨）商店,小売業,食料品,5%
長崎県,佐世保市,永田宝石店,小売業,貴金属・服飾品,5%
長崎県,佐世保市,中村タイヤ商会,小売業,その他小売,5%
長崎県,佐世保市,２３区 アルバ西沢店,小売業,衣料品,5%
長崎県,佐世保市,ねこ,小売業,貴金属・服飾品,5%
長崎県,佐世保市,セブン－イレブンハウステンボス駅前店,小売業,食料品,2%
長崎県,佐世保市,ハウステンボス観光,サービス,その他サービス,5%
長崎県,佐世保市,博多麺王 佐世保,サービス,飲食業,5%
長崎県,佐世保市,パソコン修理店 パソコン修理店,サービス,その他サービス,5%
長崎県,佐世保市,パソコンショップコムコム,小売業,電化製品,5%
長崎県,佐世保市,パピオ キョウエイ,小売業,電化製品,5%
長崎県,佐世保市,パピオとおたけ,小売業,電化製品,5%
長崎県,佐世保市,パピオ ひごや,小売業,電化製品,5%
長崎県,佐世保市,パピープラザ,小売業,電化製品,5%
長崎県,佐世保市,原口ボデー,サービス,その他サービス,5%
長崎県,佐世保市,原野住宅器材店,小売業,電化製品,5%
長崎県,佐世保市,はり灸大丸健康院,サービス,理容・美容業,5%
長崎県,佐世保市,バリニーズサロン,サービス,その他サービス,5%
長崎県,佐世保市,パワーボックス,小売業,その他小売,5%
長崎県,佐世保市,ハンバーグ家ＳＳ３８９ 佐世保店,サービス,飲食業,5%
長崎県,佐世保市,Ｂ Ｂｌｕｅ,サービス,理容・美容業,5%
長崎県,佐世保市,光電機商会,小売業,電化製品,5%
長崎県,佐世保市,ピザクルサ相浦店,サービス,飲食業,5%
長崎県,佐世保市,ピザクルサ春日店,サービス,飲食業,5%
長崎県,佐世保市,ＢｉｇＭａｎ上京町本店,サービス,飲食業,5%
長崎県,佐世保市,Ｈｉｔｏｔｅｍａ,その他業種,ー,5%
長崎県,佐世保市,日野ＳＳ,小売業,ガソリンスタンド,2%
長崎県,佐世保市,ひろた犬猫クリニック,サービス,その他サービス,5%
長崎県,佐世保市,フードショップ丸宮,小売業,総合（非専門）,5%
長崎県,佐世保市,福岡金文堂 イオン大塔店,小売業,書籍・玩具・音楽ＣＤ,5%
長崎県,佐世保市,フクダサイクル,小売業,その他小売,5%
長崎県,佐世保市,藤山自動車,小売業,その他小売,5%
長崎県,佐世保市,フラットファイブ,サービス,飲食業,5%
長崎県,佐世保市,フラワーバルーン,小売業,その他小売,5%
長崎県,佐世保市,ブリスにしやま早岐店,小売業,衣料品,5%
長崎県,佐世保市,ブリスにしやま矢峰店,小売業,衣料品,5%
長崎県,佐世保市,フルノストアー夢市場,小売業,食料品,5%
長崎県,佐世保市,ｐｌｕｍｅｒｉａ,小売業,衣料品,5%
長崎県,佐世保市,プレゼントショップともなが,小売業,衣料品,5%
長崎県,佐世保市,ｈａｉｒ ａｎｔｉｑｕｅ Ｃｏｃｏｆ,サービス,理容・美容業,5%
長崎県,佐世保市,ヘアークリエイト髪風船,サービス,理容・美容業,5%
長崎県,佐世保市,ｈａｉｒｓａｌｏｎｇｒａｂ,その他業種,ー,5%
長崎県,佐世保市,ヘアーサロン Ｔｉｍｅ,サービス,理容・美容業,5%
長崎県,佐世保市,ＨＡＩＲ ＤＥＳＩＧＮ ｆｒｅｕｄｅ,サービス,理容・美容業,5%
長崎県,佐世保市,ヘアーメイク ヴァリエ,サービス,飲食業,5%
長崎県,佐世保市,ヘアールーム丹頂,サービス,理容・美容業,5%
長崎県,佐世保市,Ｈａｉｒ Ｍａｋｅ Ｒｕｅｌｌｅ,サービス,理容・美容業,5%
長崎県,佐世保市,ＶａｐｅＬｉｎｅ ＳＡＳＥＢＯ,小売業,その他小売,5%
長崎県,佐世保市,ベーカリータシロ,小売業,食料品,5%
長崎県,佐世保市,ベースボールパーク スタンドイン ベースボールパーク スタンドイン佐世保店,小売業,その他小売,5%
長崎県,佐世保市,ベースボールパークスタンドイン 佐世保店,小売業,その他小売,5%
長崎県,佐世保市,ペットクリニックいわきり,サービス,その他サービス,5%
長崎県,佐世保市,帽子と紳士洋品のニシムタ,小売業,衣料品,5%
長崎県,佐世保市,ボーロアール,サービス,理容・美容業,5%
長崎県,佐世保市,堀越刃物店,小売業,その他小売,5%
長崎県,佐世保市,まいどからあげ駅前店,サービス,飲食業,5%
長崎県,佐世保市,前川楽器店,小売業,その他小売,5%
長崎県,佐世保市,マクドナルドイオン大塔ショッピングセンター店,サービス,飲食業,2%
長崎県,佐世保市,マクドナルド佐世保早岐店,サービス,飲食業,2%
長崎県,佐世保市,マクドナルド早岐マックスバリュー店,サービス,飲食業,2%
長崎県,佐世保市,マクドナルド四ケ町店,サービス,飲食業,2%
長崎県,佐世保市,増栄丸辻商店,小売業,総合（非専門）,5%
長崎県,佐世保市,松浦町ＳＳ 増本石油株式会社,小売業,ガソリンスタンド,2%
長崎県,佐世保市,松浦電気商会,小売業,電化製品,5%
長崎県,佐世保市,松本畳店,その他業種,ー,5%
長崎県,佐世保市,マリーン干尽ＳＳ,小売業,ガソリンスタンド,2%
長崎県,佐世保市,丸宮商店,小売業,総合（非専門）,5%
長崎県,佐世保市,ミサロッソ ミサロッソ,サービス,飲食業,5%
長崎県,佐世保市,ミツオカ電器,小売業,電化製品,5%
長崎県,佐世保市,ＭＩＮＥＴＴＥ,小売業,その他小売,5%
長崎県,佐世保市,ＭＩＮＥＴＴＥ,小売業,総合（非専門）,5%
長崎県,佐世保市,みのるＣａｆｅ,サービス,飲食業,5%
長崎県,佐世保市,宮田町ＳＳ,小売業,ガソリンスタンド,2%
長崎県,佐世保市,ｍｕｇｕｅｔ,小売業,衣料品,5%
長崎県,佐世保市,無法松 佐世保店,小売業,その他小売,5%
長崎県,佐世保市,無法松 佐世保店,小売業,その他小売,5%
長崎県,佐世保市,メガネのアイランド,小売業,その他小売,5%
長崎県,佐世保市,メガネの大久保 黒髪店,小売業,その他小売,5%
長崎県,佐世保市,メガネプラザ 早岐店,小売業,貴金属・服飾品,5%
長崎県,佐世保市,麺や潮風 本店,サービス,飲食業,5%
長崎県,佐世保市,モイスティーヌサロン ラ・メルシェ,小売業,その他小売,5%
長崎県,佐世保市,もつ鍋・焼肉 えいじろう,サービス,飲食業,5%
長崎県,佐世保市,ＭＯＮＳＴＥＲＳＴＡＴＴＯＯ ＳＡＳＥＢＯ,サービス,その他サービス,5%
長崎県,佐世保市,薬局リッキーファーマシー,小売業,その他小売,5%
長崎県,佐世保市,でんきや・ヤマグチ,小売業,電化製品,5%
長崎県,佐世保市,やました薬品,小売業,その他小売,5%
長崎県,佐世保市,やましな電器,小売業,電化製品,5%
長崎県,佐世保市,やま瀧,サービス,飲食業,5%
長崎県,佐世保市,山田屋 新田店,小売業,衣料品,5%
長崎県,佐世保市,有 薬のあおやぎ 有 薬のあおやぎ,小売業,その他小売,5%
長崎県,佐世保市,有限会社つつみ商会 アトム電気相浦店,小売業,電化製品,5%
長崎県,佐世保市,有限会社サスティートランクライオン,サービス,その他サービス,5%
長崎県,佐世保市,有限会社ビジネスホテル富士屋,サービス,宿泊業,5%
長崎県,佐世保市,有限会社前田石材,その他業種,ー,5%
長崎県,佐世保市,ＹＵＪＩ Ｓ,サービス,理容・美容業,5%
長崎県,佐世保市,葉港町珈琲,サービス,飲食業,5%
長崎県,佐世保市,葉港町珈琲,サービス,飲食業,5%
長崎県,佐世保市,吉井ＳＳ,小売業,ガソリンスタンド,2%
長崎県,佐世保市,よしとみメガネ よしとみメガネ,小売業,その他小売,5%
長崎県,佐世保市,ラッキー自動車株式会社 早岐営業所 １２７,サービス,運輸業,5%
長崎県,佐世保市,力武金物店,小売業,その他小売,5%
長崎県,佐世保市,ｒｅｐｏｓｏ．,サービス,理容・美容業,5%
長崎県,佐世保市,ＲｅｌａｘＳａｌｏｎ Ｓｗｅｅｔ,サービス,理容・美容業,5%
長崎県,佐世保市,ルーシュ 大塔店,小売業,衣料品,5%
長崎県,佐世保市,ルナ美容室,サービス,理容・美容業,5%
長崎県,佐世保市,Ｒｅｉ．,小売業,衣料品,5%
長崎県,佐世保市,ＲＥＣＯＲＤ ＳＰＯＲＴＳ ＫＡＷＡＳＨＩＭＯ,小売業,その他小売,5%
長崎県,佐世保市,Ｒｅｄｌｉｇｈｔ,小売業,衣料品,5%
長崎県,佐世保市,Ｌｏｔｔｉ,小売業,その他小売,5%
長崎県,佐世保市,Ｌｏｔｔｉ．ｃｌｏｔｈｅｓ,小売業,衣料品,5%
長崎県,島原市,安部鍛冶工場,小売業,その他小売,5%
長崎県,島原市,出光島原ＳＳ,小売業,ガソリンスタンド,2%
長崎県,島原市,出光ハーテック島原外港SS,小売業,ガソリンスタンド,2%
長崎県,島原市,出光松尾ＳＳ,小売業,ガソリンスタンド,2%
長崎県,島原市,上田宝飾時計店,小売業,貴金属・服飾品,5%
長崎県,島原市,エーバーガーズカフェ エーバーガーズカフェ,サービス,飲食業,5%
長崎県,島原市,エガワ電器商会,小売業,電化製品,5%
長崎県,島原市,カーポート２５１ＳＳ,小売業,ガソリンスタンド,2%
長崎県,島原市,ＣＡＰＳＥＬ,サービス,理容・美容業,5%
長崎県,島原市,菓舗しまだ,小売業,食料品,5%
長崎県,島原市,カレーハウスＣＯＣＯ壱番屋島原柏野町店,サービス,飲食業,2%
長崎県,島原市,グリーンロード フルＳＳ,小売業,ガソリンスタンド,2%
長崎県,島原市,グリーンロードＳＳ,小売業,ガソリンスタンド,2%
長崎県,島原市,コワーキングスペース Ｈ Ｕ Ｂ,サービス,その他サービス,5%
長崎県,島原市,近藤酒店,小売業,食料品,5%
長崎県,島原市,栄町給油所,小売業,ガソリンスタンド,2%
長崎県,島原市,三勇堂菓子舗,小売業,食料品,5%
長崎県,島原市,島原ＳＳ 株式会社落水正商店,小売業,ガソリンスタンド,2%
長崎県,島原市,セブン－イレブン島原有明町店,小売業,食料品,2%
長崎県,島原市,島原ＳＳ,小売業,ガソリンスタンド,2%
長崎県,島原市,島原外港ＳＳ 丸栖商事,小売業,ガソリンスタンド,2%
長崎県,島原市,セブン－イレブン島原下川尻町店,小売業,食料品,2%
長崎県,島原市,セブン－イレブン島原白土湖店,小売業,食料品,2%
長崎県,島原市,セブン－イレブン島原城見町店,小売業,食料品,2%
長崎県,島原市,島原ステーションホテル,サービス,宿泊業,5%
長崎県,島原市,セブン－イレブン島原高島２丁目店,小売業,食料品,2%
長崎県,島原市,島原東洋シティホテル,サービス,宿泊業,5%
長崎県,島原市,島原東洋パークサイドホテル,サービス,宿泊業,5%
長崎県,島原市,セルフ有明給油所,小売業,ガソリンスタンド,2%
長崎県,島原市,筑後屋,小売業,電化製品,5%
長崎県,島原市,恒 本店,サービス,飲食業,5%
長崎県,島原市,ＴｗｏＢｅｅ,サービス,理容・美容業,5%
長崎県,島原市,東洋九十九ベィホテル,サービス,宿泊業,5%
長崎県,島原市,ドクターベルツ中山 ドクターベルツ中山,サービス,理容・美容業,5%
長崎県,島原市,トヨタレンタリース長崎島原店,サービス,その他サービス,2%
長崎県,島原市,中村金物,小売業,その他小売,5%
長崎県,島原市,肉のもりうち,小売業,食料品,5%
長崎県,島原市,美容ピュア島原店,サービス,理容・美容業,5%
長崎県,島原市,ブーランジェリー吉田パン,小売業,食料品,5%
長崎県,島原市,藤田チェリー豆総本店,小売業,食料品,5%
長崎県,島原市,ＨａｉｒＣｒｅａｔｅＰＡＳＨ,サービス,理容・美容業,5%
長崎県,島原市,Ｈａｉｒ Ｃｒｅａｔｅ ＰＡＳＨ,サービス,理容・美容業,5%
長崎県,島原市,ボスコ 島原ＳＳ,小売業,ガソリンスタンド,2%
長崎県,島原市,ボスコ 湯江ＳＳ,小売業,ガソリンスタンド,2%
長崎県,島原市,ホテル 南風楼,サービス,宿泊業,5%
長崎県,島原市,ホテル南風楼,サービス,宿泊業,5%
長崎県,島原市,本社,小売業,ガソリンスタンド,2%
長崎県,島原市,マクドナルド島原店,サービス,飲食業,2%
長崎県,島原市,ミネ 中堀町店,小売業,その他小売,5%
長崎県,島原市,有限会社美乃本店,小売業,衣料品,5%
長崎県,島原市,三原電器商会,その他業種,ー,5%
長崎県,島原市,ムラサト電器,小売業,電化製品,5%
長崎県,島原市,メガネ本舗 島原店,小売業,貴金属・服飾品,5%
長崎県,島原市,遊電館,小売業,電化製品,5%
長崎県,島原市,横浜電器店,小売業,電化製品,5%
長崎県,島原市,好光鍛冶屋,その他業種,ー,5%
長崎県,島原市,リップマン通商株式会社,小売業,電化製品,5%
長崎県,島原市,理容室 ＤＥＮ,サービス,理容・美容業,5%
長崎県,島原市,レディースファッションたまや,小売業,衣料品,5%
長崎県,島原市,ロビン理容院,サービス,その他サービス,5%
長崎県,新上五島町,青方ＳＳ,小売業,ガソリンスタンド,2%
長崎県,新上五島町,青方給油所,小売業,ガソリンスタンド,2%
長崎県,新上五島町,青砂ＳＳ,小売業,ガソリンスタンド,2%
長崎県,新上五島町,有川ＳＳ,小売業,ガソリンスタンド,2%
長崎県,新上五島町,有川港ＳＳ,小売業,ガソリンスタンド,2%
長崎県,新上五島町,出光青方ＳＳ,小売業,ガソリンスタンド,2%
長崎県,新上五島町,井上電化サービス,小売業,電化製品,5%
長崎県,新上五島町,太田製麺所,小売業,食料品,5%
長崎県,新上五島町,大橋ＳＳ,小売業,ガソリンスタンド,2%
長崎県,新上五島町,ｃａｆｅｎａｎａｍｉ,サービス,飲食業,5%
長崎県,新上五島町,高仏ＳＳ,小売業,ガソリンスタンド,2%
長崎県,新上五島町,島ｄｉｎｉｎｇとらや,サービス,飲食業,5%
長崎県,新上五島町,新魚目ＳＳ,小売業,ガソリンスタンド,2%
長崎県,新上五島町,曽根ＳＳ,小売業,ガソリンスタンド,2%
長崎県,新上五島町,長南石油店,小売業,総合（非専門）,5%
長崎県,新上五島町,でんきのアクト,小売業,電化製品,5%
長崎県,新上五島町,でんきやイシダ,小売業,電化製品,5%
長崎県,新上五島町,トヨタレンタリース長崎有川店,サービス,その他サービス,2%
長崎県,新上五島町,トヨタレンタリース長崎奈良尾店,サービス,その他サービス,2%
長崎県,新上五島町,南松堂,小売業,電化製品,5%
長崎県,新上五島町,ハザマ電器,小売業,電化製品,5%
長崎県,新上五島町,はまぐりデッキ,サービス,飲食業,5%
長崎県,新上五島町,ポプラ上五島有川店,小売業,総合（非専門）,2%
長崎県,新上五島町,ポプラ上五島浦桑店,小売業,総合（非専門）,2%
長崎県,新上五島町,よしむら生花店,小売業,その他小売,5%
長崎県,新上五島町,有限会社ロードスター,小売業,その他小売,5%
長崎県,新上五島町,若松大橋ＳＳ,小売業,ガソリンスタンド,2%
長崎県,対馬市,天瀬電機,小売業,電化製品,5%
長崎県,対馬市,厳原給油所,小売業,ガソリンスタンド,2%
長崎県,対馬市,厳原ＳＳ,小売業,ガソリンスタンド,2%
長崎県,対馬市,厳原中央給油所,小売業,ガソリンスタンド,2%
長崎県,対馬市,厳原南ＳＳ,小売業,ガソリンスタンド,2%
長崎県,対馬市,エイムおおば,小売業,電化製品,5%
長崎県,対馬市,エイム サゴ,小売業,電化製品,5%
長崎県,対馬市,エイム中島,小売業,電化製品,5%
長崎県,対馬市,オカダデンキ,小売業,電化製品,5%
長崎県,対馬市,オリックスレンタカー対馬空港ツバキ店,サービス,その他サービス,2%
長崎県,対馬市,オリックスレンタカー対馬空港ひとつばたご店,サービス,その他サービス,2%
長崎県,対馬市,上対馬給油所,小売業,ガソリンスタンド,2%
長崎県,対馬市,古藤電器サービス,小売業,電化製品,5%
長崎県,対馬市,サイキ豊玉店,小売業,食料品,5%
長崎県,対馬市,サイキ美津島店,小売業,食料品,5%
長崎県,対馬市,佐須奈ＳＳ,小売業,ガソリンスタンド,2%
長崎県,対馬市,志多賀ＳＳ,小売業,ガソリンスタンド,2%
長崎県,対馬市,舟志ＳＳ,小売業,ガソリンスタンド,2%
長崎県,対馬市,すしや すしや,サービス,飲食業,5%
長崎県,対馬市,対馬中央給油所,小売業,ガソリンスタンド,2%
長崎県,対馬市,対馬旅行センター,サービス,その他サービス,5%
長崎県,対馬市,豆酘ＳＳ,小売業,ガソリンスタンド,2%
長崎県,対馬市,豆酘ＳＳ,小売業,ガソリンスタンド,2%
長崎県,対馬市,豊玉ＳＳ,小売業,ガソリンスタンド,2%
長崎県,対馬市,トヨタレンタリース長崎 厳原店,サービス,その他サービス,2%
長崎県,対馬市,トヨタレンタリース長崎対馬空港店（ＱＰ利,サービス,その他サービス,2%
長崎県,対馬市,トヨタレンタリース長崎対馬空港店,サービス,その他サービス,2%
長崎県,対馬市,仁位ＳＳ,小売業,ガソリンスタンド,2%
長崎県,対馬市,仁田ＳＳ,小売業,ガソリンスタンド,2%
長崎県,対馬市,仁田給油所,小売業,ガソリンスタンド,2%
長崎県,対馬市,比田勝ＳＳ,小売業,ガソリンスタンド,2%
長崎県,対馬市,一重給油所,小売業,ガソリンスタンド,2%
長崎県,対馬市,フチガミ電器,小売業,電化製品,5%
長崎県,対馬市,ホテル対馬,サービス,宿泊業,5%
長崎県,対馬市,ポプラ対馬桟原店,小売業,総合（非専門）,2%
長崎県,対馬市,美津島ＳＳ,小売業,ガソリンスタンド,2%
長崎県,対馬市,美津島給油所,小売業,ガソリンスタンド,2%
長崎県,対馬市,ＭＩＮＡＴＯｃａｆｅ,サービス,飲食業,5%
長崎県,対馬市,みなと寿し,サービス,飲食業,5%
長崎県,対馬市,有限会社 脇本本店,小売業,食料品,5%
長崎県,時津町,アウズ,小売業,貴金属・服飾品,5%
長崎県,時津町,イタリアントマトカフェ長崎時津,サービス,飲食業,2%
長崎県,時津町,ガーデンカルチャー 幸田 ガーデンカルチャー幸田,小売業,その他小売,5%
長崎県,時津町,株式会社さわもと犬猫病院,その他業種,ー,5%
長崎県,時津町,かめや釣具 長崎時津店,小売業,その他小売,5%
長崎県,時津町,カレーハウスＣｏＣｏ壱番屋ミスターマックス時津店,サービス,飲食業,2%
長崎県,時津町,久留里,小売業,ガソリンスタンド,2%
長崎県,時津町,さわもと犬猫病院,サービス,その他サービス,5%
長崎県,時津町,すし勘,サービス,飲食業,5%
長崎県,時津町,スワンドライ マックスバリュ時津店,サービス,その他サービス,5%
長崎県,時津町,ｚｅｘｙ時津店,サービス,理容・美容業,5%
長崎県,時津町,セルフ時津ＳＳ,小売業,ガソリンスタンド,2%
長崎県,時津町,セレモニーやまおく長崎,小売業,その他小売,5%
長崎県,時津町,匠プロモーション株式会社,小売業,書籍・玩具・音楽ＣＤ,5%
長崎県,時津町,電化プラザサークル,小売業,電化製品,5%
長崎県,時津町,時津ＳＳ,小売業,ガソリンスタンド,2%
長崎県,時津町,セブン－イレブン時津左底郷店,小売業,食料品,2%
長崎県,時津町,セブン－イレブン時津西時津郷店,小売業,食料品,2%
長崎県,時津町,セブン－イレブン時津野田郷店,小売業,食料品,2%
長崎県,時津町,セブンーイレブン時津浜田郷店,小売業,食料品,2%
長崎県,時津町,セブン－イレブン時津日並郷店,小売業,食料品,2%
長崎県,時津町,トヨタカローラ長崎時津店,小売業,その他小売,5%
長崎県,時津町,美容室ＷＩＳＨ,サービス,理容・美容業,5%
長崎県,時津町,フラクタルデザイン時津,サービス,理容・美容業,5%
長崎県,時津町,ｐｌｕｓ,サービス,その他サービス,5%
長崎県,時津町,マクドナルドイオン時津店,サービス,飲食業,2%
長崎県,時津町,マンガ倉庫 時津店,小売業,その他小売,5%
長崎県,時津町,ムックハウス時津店,小売業,衣料品,5%
長崎県,時津町,リエックス,小売業,その他小売,5%
長崎県,長崎市,アージョ,その他業種,ー,5%
長崎県,長崎市,ＡＩセルフ小ヶ倉ＳＳ,小売業,ガソリンスタンド,2%
長崎県,長崎市,あお,サービス,飲食業,5%
長崎県,長崎市,あお玉,サービス,飲食業,5%
長崎県,長崎市,あかねや,小売業,その他小売,5%
長崎県,長崎市,あかま,サービス,飲食業,5%
長崎県,長崎市,アクアライフ,小売業,その他小売,5%
長崎県,長崎市,Ａｇｕ ｈａｉｒ Ａｇｕ ｈａｉｒ ｓｔｅｌｌａ長崎,サービス,理容・美容業,5%
長崎県,長崎市,味美屋,小売業,食料品,5%
長崎県,長崎市,畝刈ＳＳ,小売業,ガソリンスタンド,2%
長崎県,長崎市,アブニールハーティー,サービス,理容・美容業,5%
長崎県,長崎市,アメリカン雑貨店 ＯＨ，ＭＥ,小売業,書籍・玩具・音楽ＣＤ,5%
長崎県,長崎市,ＡＮ,小売業,電化製品,5%
長崎県,長崎市,安心電気,小売業,電化製品,5%
長崎県,長崎市,安全タクシー １,サービス,運輸業,5%
長崎県,長崎市,ｕｍｂｒｅｌｌａ,サービス,その他サービス,5%
長崎県,長崎市,アンペキャブル,サービス,飲食業,5%
長崎県,長崎市,イーズカイロプラクティック,サービス,理容・美容業,5%
長崎県,長崎市,ｅ－ｈａｉｒ ｃｏ．新大工,サービス,理容・美容業,5%
長崎県,長崎市,ＩＣＯＦＯＭ,サービス,その他サービス,5%
長崎県,長崎市,居酒屋 粋花?ｓｕｉｋａ?,サービス,飲食業,5%
長崎県,長崎市,石丸文行堂 夢彩都店,小売業,その他小売,5%
長崎県,長崎市,イーズ カイロプラクティック,サービス,その他サービス,5%
長崎県,長崎市,イタリアントマト長崎浜町,サービス,飲食業,2%
長崎県,長崎市,イタリアンバル レ・アーリ,サービス,飲食業,5%
長崎県,長崎市,一心堂,小売業,その他小売,5%
長崎県,長崎市,絲屋,サービス,飲食業,5%
長崎県,長崎市,稲佐ＳＳ,小売業,ガソリンスタンド,2%
長崎県,長崎市,稲佐山観光ホテル,サービス,宿泊業,5%
長崎県,長崎市,岩崎本舗 グラバー園店,小売業,食料品,5%
長崎県,長崎市,岩崎本舗 西浜町店,小売業,食料品,5%
長崎県,長崎市,岩崎本舗 浜町観光通り店,小売業,食料品,5%
長崎県,長崎市,ウィズン 幸町店,小売業,食料品,5%
長崎県,長崎市,ウィズンニシキタテン ウィズン西北店,サービス,飲食業,5%
長崎県,長崎市,ヴェルグラース滑石店 ヴェルグラース滑石店,小売業,その他小売,5%
長崎県,長崎市,ＷＡＳＨ＆ＦＯＬＤ長崎古町店,サービス,その他サービス,5%
長崎県,長崎市,うたげや炉談 浜口店,サービス,飲食業,5%
長崎県,長崎市,内田電器,小売業,電化製品,5%
長崎県,長崎市,内田電器,小売業,電化製品,5%
長崎県,長崎市,エール薬局,小売業,その他小売,5%
長崎県,長崎市,エクセルアップワン美容室,サービス,理容・美容業,5%
長崎県,長崎市,江口電機商会,小売業,電化製品,5%
長崎県,長崎市,エコー電化,小売業,電化製品,5%
長崎県,長崎市,Sマート新漁港店,小売業,食料品,5%
長崎県,長崎市,Sマート新大工店,小売業,食料品,5%
長崎県,長崎市,Sマート田上店,小売業,食料品,5%
長崎県,長崎市,Sマート茂木店,小売業,食料品,5%
長崎県,長崎市,江戸町ＳＳ,小売業,ガソリンスタンド,2%
長崎県,長崎市,長崎恵美須町ＳＳ,小売業,ガソリンスタンド,2%
長崎県,長崎市,ゑびす屋 Ｌ ＡＬＡ ＶＩＳＴＡ ＮＡＧＡＳＡＫＩ,サービス,その他サービス,5%
長崎県,長崎市,エリカ エリカ,小売業,その他小売,5%
長崎県,長崎市,ＥＮｎｅｘ,サービス,飲食業,5%
長崎県,長崎市,大川龍商店,小売業,家具・調度品,5%
長崎県,長崎市,大阪やき三太 稲佐山店,サービス,飲食業,5%
長崎県,長崎市,オートガレージエム,その他業種,ー,5%
長崎県,長崎市,オートサービスオオムラ,サービス,その他サービス,5%
長崎県,長崎市,オート東長崎,サービス,その他サービス,5%
長崎県,長崎市,大橋町ＳＳ,小売業,ガソリンスタンド,2%
長崎県,長崎市,ＡＬＤＬＡＭＰ ＢＡＳＥＭＥＮＴ,小売業,衣料品,5%
長崎県,長崎市,岡町給油所,小売業,ガソリンスタンド,2%
長崎県,長崎市,ＯＫホーム＆ガーデン戸町店,小売業,総合（非専門）,5%
長崎県,長崎市,ＯＫホーム＆ガーデンララプレイス愛宕店,小売業,総合（非専門）,5%
長崎県,長崎市,おしゃれのお店博多屋 博多屋滑石店,小売業,その他小売,5%
長崎県,長崎市,小田あみもの,小売業,衣料品,5%
長崎県,長崎市,鬼岳牧場,小売業,食料品,5%
長崎県,長崎市,オフィスサポート,サービス,その他サービス,5%
長崎県,長崎市,Ｈｏｍｍｅｓ Ｈａｉｒ,サービス,理容・美容業,5%
長崎県,長崎市,オリックスレンタカー長崎駅前店,サービス,その他サービス,2%
長崎県,長崎市,カギの１１０番長崎,サービス,その他サービス,5%
長崎県,長崎市,ＫＡＫＵ ｃｒａｆｔ,小売業,その他小売,5%
長崎県,長崎市,カットハウスくれよん,サービス,理容・美容業,5%
長崎県,長崎市,ｃａｆｅ＆ｂａｒ ＢＡＳＥ,サービス,飲食業,5%
長崎県,長崎市,カフェオリンピック,サービス,飲食業,5%
長崎県,長崎市,ｃａｆｅ’平井,サービス,飲食業,5%
長崎県,長崎市,カフェレストランレッケル,サービス,飲食業,5%
長崎県,長崎市,株式会社サンミシェル パティスリーサンミシェル,小売業,食料品,5%
長崎県,長崎市,株式会社 矢太樓,サービス,宿泊業,5%
長崎県,長崎市,上小島ＳＳ,小売業,ガソリンスタンド,2%
長崎県,長崎市,かめや釣具 長崎戸町店,小売業,その他小売,5%
長崎県,長崎市,蒲原タクシー株式会社,サービス,運輸業,5%
長崎県,長崎市,ｍｅａｔ＆ｂａｒカランコロン,サービス,飲食業,5%
長崎県,長崎市,ガレージペンチ,サービス,その他サービス,5%
長崎県,長崎市,Ｋａｒｅｎｉｎａ,小売業,衣料品,5%
長崎県,長崎市,カレーハウスＣＯＣＯ壱番屋長崎浜町店,サービス,飲食業,2%
長崎県,長崎市,カレーハウスＣＯＣＯ壱番屋ミスターマックス長崎店,サービス,公共料金,2%
長崎県,長崎市,かわせみ社川瀬隆一郎,その他業種,ー,5%
長崎県,長崎市,川平,小売業,ガソリンスタンド,2%
長崎県,長崎市,ＫｅｙＲｈｙｍｅ,サービス,理容・美容業,5%
長崎県,長崎市,株式会社明治商会（ＧａｌｌｅｒｙＥＭ）,その他業種,ー,5%
長崎県,長崎市,牛角長崎思案橋店,サービス,飲食業,2%
長崎県,長崎市,琴海,小売業,ガソリンスタンド,2%
長崎県,長崎市,琴海 ＳＳ,小売業,ガソリンスタンド,2%
長崎県,長崎市,セブン－イレブン琴海戸根店,小売業,食料品,2%
長崎県,長崎市,セブン－イレブン琴海長浦店,小売業,食料品,2%
長崎県,長崎市,セブン－イレブン琴海村松店,小売業,食料品,2%
長崎県,長崎市,銀頂,サービス,その他サービス,5%
長崎県,長崎市,銀杏堂印房 有 銀杏堂,小売業,その他小売,5%
長崎県,長崎市,くすりのあぜくら,小売業,その他小売,5%
長崎県,長崎市,ｃｏｏｋ ｓ ｃｌｏｃｋ 地鶏食堂 ぶっちょ鶏 地鶏食堂ぶっちょ鶏,サービス,飲食業,5%
長崎県,長崎市,靴のアベニュー,小売業,その他小売,5%
長崎県,長崎市,Ｃｌａｔ 喰らっと 長崎,サービス,飲食業,5%
長崎県,長崎市,クリーニングショップサニー,サービス,その他サービス,5%
長崎県,長崎市,（株）クリスタルネイル 長崎ゆめタウン夢彩都店,サービス,その他サービス,5%
長崎県,長崎市,Ｃｒｏｃｈｅ,小売業,衣料品,5%
長崎県,長崎市,軍艦島コンシェルジュ,サービス,その他サービス,5%
長崎県,長崎市,桂風堂,小売業,食料品,5%
長崎県,長崎市,化粧品のとみなが,サービス,飲食業,5%
長崎県,長崎市,げんまいや,小売業,食料品,5%
長崎県,長崎市,げんまいやフレスポ深堀店,小売業,食料品,5%
長崎県,長崎市,合資会社小峰呉服店 小峰呉服店,小売業,衣料品,5%
長崎県,長崎市,合同会社ＡＺ Ｎａｉｌ Ｅｙｅｌａｓｈ ＴＩＡＲＡ,サービス,その他サービス,5%
長崎県,長崎市,神浦給油所,小売業,ガソリンスタンド,2%
長崎県,長崎市,合名会社冨永商店,小売業,食料品,5%
長崎県,長崎市,小江原ＳＳ,小売業,ガソリンスタンド,2%
長崎県,長崎市,小江町ＳＳ,小売業,ガソリンスタンド,2%
長崎県,長崎市,古賀タクシー ２,サービス,運輸業,5%
長崎県,長崎市,小型船舶上下架作業所（相川住宅）,サービス,その他サービス,5%
長崎県,長崎市,コメコヤコーヒースタンズ,サービス,飲食業,5%
長崎県,長崎市,ＣＯＬＤＢＥＣＫ ｗｏｍｅｎ,小売業,衣料品,5%
長崎県,長崎市,ＣＯＬＤＢＥＣＫ ＭＥＮ’Ｓ,小売業,衣料品,5%
長崎県,長崎市,ＣＯＬＤＢＥＣＫ ＭＥＮ’Ｓ,小売業,衣料品,5%
長崎県,長崎市,ｃｏｍｐｌｅｔｅｈａｉｒ,サービス,理容・美容業,5%
長崎県,長崎市,さかな市場 銅座店,サービス,飲食業,5%
長崎県,長崎市,さくらスタジオ,サービス,その他サービス,5%
長崎県,長崎市,酒のソクハイ銅座町本店,小売業,その他小売,5%
長崎県,長崎市,ササ電機,小売業,電化製品,5%
長崎県,長崎市,サザンクロス 長崎,サービス,飲食業,5%
長崎県,長崎市,サザンクロスⅡ,サービス,飲食業,5%
長崎県,長崎市,さとる個人タクシー,サービス,運輸業,5%
長崎県,長崎市,サニーバード,サービス,飲食業,5%
長崎県,長崎市,ＴＨＥ ＲＥＬＡＸ ＳＡＬＯＮ,サービス,その他サービス,5%
長崎県,長崎市,サルヴァトーレ,サービス,理容・美容業,5%
長崎県,長崎市,デンキのサンアイ稲佐,小売業,電化製品,5%
長崎県,長崎市,サンガ二十一,小売業,総合（非専門）,5%
長崎県,長崎市,サンシャイン江川ＳＳ,小売業,ガソリンスタンド,2%
長崎県,長崎市,サンシャイン長崎ＳＳ,小売業,ガソリンスタンド,2%
長崎県,長崎市,さんち家具,小売業,家具・調度品,5%
長崎県,長崎市,Ｓｕｎｒｉｓｅ Ｓｈｅｌｌ,サービス,理容・美容業,5%
長崎県,長崎市,サンロード日見ＳＳ,小売業,ガソリンスタンド,2%
長崎県,長崎市,三和技研,サービス,その他サービス,5%
長崎県,長崎市,三和自動車鈑金塗装,その他業種,ー,5%
長崎県,長崎市,ＳａｌｏｎｄｅＣｌａｒａ,サービス,その他サービス,5%
長崎県,長崎市,ＪＭＦ長崎・車検センター,その他業種,ー,5%
長崎県,長崎市,Ｊネットレンタカー長崎大橋店,サービス,その他サービス,2%
長崎県,長崎市,Ｊネットレンタカー長崎宝町店,サービス,その他サービス,2%
長崎県,長崎市,ｃｈｅｒｉｍｏｈａｉｒｍａｋｅ,サービス,理容・美容業,5%
長崎県,長崎市,しし丸,サービス,飲食業,5%
長崎県,長崎市,四川菜ｒｉｎｒｉｎ,サービス,飲食業,5%
長崎県,長崎市,島屋饅頭店,小売業,食料品,5%
長崎県,長崎市,写真ながお,サービス,その他サービス,5%
長崎県,長崎市,写真ながお,その他業種,ー,5%
長崎県,長崎市,１４番目の月,サービス,飲食業,5%
長崎県,長崎市,ｊｅ ｖｏｕｓ ｒｅｍｅｒｃｉｅ,小売業,その他小売,5%
長崎県,長崎市,シューズファミリー,小売業,衣料品,5%
長崎県,長崎市,シュバンツオート,その他業種,ー,5%
長崎県,長崎市,松翁軒,小売業,食料品,5%
長崎県,長崎市,昭豊モータース,サービス,その他サービス,5%
長崎県,長崎市,食楽酒房 花蔵,サービス,飲食業,5%
長崎県,長崎市,書道スタジオｓｔａｒｔ（中町教室）,サービス,その他サービス,5%
長崎県,長崎市,ジョリ・ファム長崎店,小売業,衣料品,5%
長崎県,長崎市,ＣＹＮＤｉ ｈａｉｒ ｍａｋｅ,サービス,理容・美容業,5%
長崎県,長崎市,新日本補聴器センター長崎店,小売業,その他小売,5%
長崎県,長崎市,Ｓｋｙ,サービス,その他サービス,5%
長崎県,長崎市,炭いち,サービス,飲食業,5%
長崎県,長崎市,ｓｏｕｒｉｒｅ ｓｏｕｒｉｒｅ,小売業,食料品,5%
長崎県,長崎市,スワンドライ 油屋店,サービス,その他サービス,5%
長崎県,長崎市,スワンドライ イオン東長崎店,サービス,その他サービス,5%
長崎県,長崎市,スワン・ドライ ココウォーク店,サービス,その他サービス,5%
長崎県,長崎市,スワンドライ 桜馬場店,サービス,その他サービス,5%
長崎県,長崎市,スワンドライ 新大工店,サービス,その他サービス,5%
長崎県,長崎市,スワンドライ 住吉店,サービス,その他サービス,5%
長崎県,長崎市,スワンドライ 戸町店,サービス,その他サービス,5%
長崎県,長崎市,スワンドライ 葉山店,サービス,その他サービス,5%
長崎県,長崎市,スワン・ドライ 東町店,サービス,その他サービス,5%
長崎県,長崎市,スワンドライ まるたか東長崎店,サービス,その他サービス,5%
長崎県,長崎市,スワンドライ 本原交差点店,サービス,その他サービス,5%
長崎県,長崎市,スワンドライ 本原店,サービス,その他サービス,5%
長崎県,長崎市,スワンドライ 矢上店,サービス,その他サービス,5%
長崎県,長崎市,スワンドライ ララ愛宕店,サービス,その他サービス,5%
長崎県,長崎市,スワンドライ ララ矢上店,サービス,その他サービス,5%
長崎県,長崎市,西洋菓子 樹,サービス,飲食業,5%
長崎県,長崎市,セルフステーション西山バイパスＳＳ,小売業,ガソリンスタンド,2%
長崎県,長崎市,セルフ住吉給油所,小売業,ガソリンスタンド,2%
長崎県,長崎市,セルフフレスポ福田ＳＳ,小売業,ガソリンスタンド,2%
長崎県,長崎市,セルフ蛍茶屋ＳＳ,小売業,ガソリンスタンド,2%
長崎県,長崎市,セルフ矢上ＳＳ,小売業,ガソリンスタンド,2%
長崎県,長崎市,セルフ八千代町ＳＳ,小売業,ガソリンスタンド,2%
長崎県,長崎市,セントポール給油所,小売業,ガソリンスタンド,2%
長崎県,長崎市,セントラル矢上ＳＳ,小売業,ガソリンスタンド,2%
長崎県,長崎市,ｓｏｒｅｌｌａ,その他業種,ー,5%
長崎県,長崎市,泰安洋行,小売業,その他小売,5%
長崎県,長崎市,大衆酒場 はち煌,サービス,飲食業,5%
長崎県,長崎市,Ｄｉｎｉｎｇ＆Ｂａｒ 響,サービス,飲食業,5%
長崎県,長崎市,ダイニングバー 椿,サービス,飲食業,5%
長崎県,長崎市,ダイビングショップＶＥＲＲＹＳ,サービス,その他サービス,5%
長崎県,長崎市,高野コンタクトレンズセンター,小売業,その他小売,5%
長崎県,長崎市,高浜ＳＳ 有限会社野母崎石油,小売業,ガソリンスタンド,2%
長崎県,長崎市,タカヤマ電器設備,小売業,電化製品,5%
長崎県,長崎市,田川精肉店,小売業,食料品,5%
長崎県,長崎市,竹下サイクルセンター,サービス,その他サービス,5%
長崎県,長崎市,龍屋本舗,小売業,総合（非専門）,2%
長崎県,長崎市,タムラ電機,小売業,電化製品,5%
長崎県,長崎市,小さな丸い好日 小さな丸い好日,小売業,食料品,5%
長崎県,長崎市,ｃｈｉｎｏ,サービス,飲食業,5%
長崎県,長崎市,チェリータウン,サービス,飲食業,5%
長崎県,長崎市,中華酒家 てんねんｍａｒｋｅｔ,サービス,飲食業,5%
長崎県,長崎市,中古パソコン市場 長崎店,小売業,電化製品,5%
長崎県,長崎市,直売,小売業,ガソリンスタンド,2%
長崎県,長崎市,辻鮮魚店,小売業,食料品,5%
長崎県,長崎市,つつじヶ丘ＳＳ,小売業,ガソリンスタンド,2%
長崎県,長崎市,ディードットステーション平和町教室,その他業種,ー,5%
長崎県,長崎市,ＴｉＴＯ Ｄｒａｇｏｎ,サービス,飲食業,5%
長崎県,長崎市,出島,小売業,電化製品,5%
長崎県,長崎市,出島焼肉 ゑん,サービス,飲食業,5%
長崎県,長崎市,出島焼肉 ゑん,サービス,飲食業,5%
長崎県,長崎市,鉄鍋餃子 哲平,サービス,飲食業,5%
長崎県,長崎市,鉄板酒場ジャポニカ,サービス,飲食業,5%
長崎県,長崎市,デルコ,小売業,衣料品,5%
長崎県,長崎市,電化プラザサークル畝刈,小売業,電化製品,5%
長崎県,長崎市,デンキのアルファ,小売業,電化製品,5%
長崎県,長崎市,デント屋すぎさん,サービス,その他サービス,5%
長崎県,長崎市,天ぷら居酒屋 朱々 浜口店,サービス,飲食業,5%
長崎県,長崎市,天ぷら朱々 駅前店,サービス,飲食業,5%
長崎県,長崎市,戸石ＳＳ,小売業,ガソリンスタンド,2%
長崎県,長崎市,東美浜町店,小売業,食料品,5%
長崎県,長崎市,ＤＯＴ．ＬＡＭＢ Ｄｉｎｉｎｇ,サービス,飲食業,5%
長崎県,長崎市,土間土間長崎店,サービス,飲食業,2%
長崎県,長崎市,とみた時計眼鏡店,小売業,貴金属・服飾品,5%
長崎県,長崎市,冨永自動車整備工場,サービス,その他サービス,5%
長崎県,長崎市,とめ手羽 思案橋店,サービス,飲食業,5%
長崎県,長崎市,トヨタカローラ長崎南長崎店,小売業,その他小売,5%
長崎県,長崎市,鳥一,サービス,飲食業,5%
長崎県,長崎市,ＤＲＩＣ,サービス,飲食業,5%
長崎県,長崎市,﨑石油店 長浦ＳＳ,小売業,ガソリンスタンド,2%
長崎県,長崎市,長崎Ｉ・Ｋホテル,サービス,宿泊業,5%
長崎県,長崎市,長崎 南山手プリン,小売業,食料品,5%
長崎県,長崎市,長崎揚げかんぼこ研究所,サービス,飲食業,5%
長崎県,長崎市,セブン－イレブン長崎畝刈町店,小売業,食料品,2%
長崎県,長崎市,セブン－イレブン長崎磯道町店,小売業,食料品,2%
長崎県,長崎市,セブン－イレブン長崎稲佐橋店,小売業,食料品,2%
長崎県,長崎市,セブン－イレブン長崎馬町店,小売業,食料品,2%
長崎県,長崎市,セブン－イレブン長崎江川町店,小売業,食料品,2%
長崎県,長崎市,セブン－イレブン長崎鍛冶市通り店,小売業,食料品,2%
長崎県,長崎市,セブン－イレブン長崎上小島店,小売業,食料品,2%
長崎県,長崎市,セブン－イレブン長崎蚊焼町店,小売業,食料品,2%
長崎県,長崎市,セブン－イレブン長崎京泊店,小売業,食料品,2%
長崎県,長崎市,セブン－イレブン長崎興善町店,小売業,食料品,2%
長崎県,長崎市,セブン－イレブン長崎小ヶ倉町店,小売業,食料品,2%
長崎県,長崎市,セブン－イレブン長崎五島町店,小売業,食料品,2%
長崎県,長崎市,長崎茶寮 川徳,サービス,飲食業,5%
長崎県,長崎市,長崎三昧 暁,サービス,飲食業,5%
長崎県,長崎市,セブン－イレブン長崎思案橋店,小売業,食料品,2%
長崎県,長崎市,セブン－イレブン長崎末石町店,小売業,食料品,2%
長崎県,長崎市,長崎セントラルＳＳ,小売業,ガソリンスタンド,2%
長崎県,長崎市,セブン－イレブン長崎総合科学大学前店,小売業,食料品,2%
長崎県,長崎市,セブン－イレブン長崎高丘１丁目店,小売業,食料品,2%
長崎県,長崎市,セブン－イレブン長崎田中町東望店,小売業,食料品,2%
長崎県,長崎市,セブン－イレブン長崎千歳町店,小売業,食料品,2%
長崎県,長崎市,セブン－イレブン長崎戸石町店,小売業,食料品,2%
長崎県,長崎市,セブン－イレブン長崎銅座町店,小売業,食料品,2%
長崎県,長崎市,セブン－イレブン長崎中川１丁目店,小売業,食料品,2%
長崎県,長崎市,セブン－イレブン長崎中里町店,小売業,食料品,2%
長崎県,長崎市,セブン－イレブン長崎滑石５丁目店,小売業,食料品,2%
長崎県,長崎市,セブン－イレブン長崎滑石３丁目店,小売業,食料品,2%
長崎県,長崎市,セブン－イレブン長崎滑石６丁目店,小売業,食料品,2%
長崎県,長崎市,セブン－イレブン長崎西山２丁目店,小売業,食料品,2%
長崎県,長崎市,セブン－イレブン長崎花園町店,小売業,食料品,2%
長崎県,長崎市,セブン－イレブン長崎東町店,小売業,食料品,2%
長崎県,長崎市,セブン－イレブン長崎平間町店,小売業,食料品,2%
長崎県,長崎市,セブン－イレブン長崎深堀町店,小売業,食料品,2%
長崎県,長崎市,セブン－イレブン長崎古河町店,小売業,食料品,2%
長崎県,長崎市,セブン－イレブン長崎文教通り店,小売業,食料品,2%
長崎県,長崎市,長崎ホテル 異邦館,サービス,宿泊業,5%
長崎県,長崎市,セブン－イレブン長崎万才町店,小売業,食料品,2%
長崎県,長崎市,セブン－イレブン長崎道ノ尾店,小売業,食料品,2%
長崎県,長崎市,セブン－イレブン長崎三原２丁目店,小売業,食料品,2%
長崎県,長崎市,ナガサキ模型センター,小売業,その他小売,5%
長崎県,長崎市,セブン－イレブン長崎矢上町店,小売業,食料品,2%
長崎県,長崎市,長崎友諠商店,小売業,その他小売,5%
長崎県,長崎市,中通りセキネ無線,小売業,電化製品,5%
長崎県,長崎市,ナカムラ電器商会,小売業,電化製品,5%
長崎県,長崎市,中村塗装,サービス,その他サービス,5%
長崎県,長崎市,ｎａｔｕＲＡＬ?,サービス,理容・美容業,5%
長崎県,長崎市,ナップス,サービス,理容・美容業,5%
長崎県,長崎市,滑石ＳＳ,小売業,ガソリンスタンド,2%
長崎県,長崎市,ＤＯ！プラザ滑石ＳＳ,小売業,ガソリンスタンド,2%
長崎県,長崎市,二代目はまたに食堂 二代目はまたに食堂,サービス,飲食業,5%
長崎県,長崎市,ＮＯＯＫｈａｉｒ,サービス,理容・美容業,5%
長崎県,長崎市,布目屋,小売業,衣料品,5%
長崎県,長崎市,ネイルサロン Ｅｓｔｅｌｌａ,サービス,その他サービス,5%
長崎県,長崎市,Ｂａｒ Ｃｈｕｒｉ Ｂａｒ Ｃｈｕｒｉ,サービス,飲食業,5%
長崎県,長崎市,ＢＩＫＥ ＳＨＯＰ フリークス,サービス,その他サービス,5%
長崎県,長崎市,博多とりかわ春,サービス,飲食業,5%
長崎県,長崎市,博多麺王 戸町,サービス,飲食業,5%
長崎県,長崎市,博多麺王フレスポ福田,サービス,飲食業,5%
長崎県,長崎市,博多屋,小売業,その他小売,5%
長崎県,長崎市,ぱそこん塾アップルシード,サービス,その他サービス,5%
長崎県,長崎市,Ｐａｔａｔａの花,小売業,衣料品,5%
長崎県,長崎市,花丘 ＳＳ,小売業,ガソリンスタンド,2%
長崎県,長崎市,パナプラザおおつ,小売業,電化製品,5%
長崎県,長崎市,パナプラザきたじま,小売業,電化製品,5%
長崎県,長崎市,パナプラザトクヨシ,小売業,電化製品,5%
長崎県,長崎市,パナプラザヤマダ,小売業,電化製品,5%
長崎県,長崎市,ＢＡＢＡＫＥ江戸町本店,サービス,飲食業,5%
長崎県,長崎市,ＢＡＢＡＫＥ興善町店,サービス,飲食業,5%
長崎県,長崎市,パピオヤマウチ,小売業,電化製品,5%
長崎県,長崎市,ぱぶ茶屋 次男坊,サービス,飲食業,5%
長崎県,長崎市,パブリック レーベル ストア,小売業,衣料品,5%
長崎県,長崎市,浜﨑オート,サービス,その他サービス,5%
長崎県,長崎市,ＨＡＹＡＭＡ ＣＯＦＦＥＥ 長崎オランダ通り店,サービス,飲食業,5%
長崎県,長崎市,はりまや,小売業,その他小売,5%
長崎県,長崎市,春木,小売業,ガソリンスタンド,2%
長崎県,長崎市,パル モア,サービス,その他サービス,5%
長崎県,長崎市,ｈｅｌｌｏＣＡＦＥ,サービス,飲食業,5%
長崎県,長崎市,ぱんのいえ ぱんのいえ 思案橋店,小売業,食料品,5%
長崎県,長崎市,ＰＡＴ,小売業,衣料品,5%
長崎県,長崎市,東長崎,小売業,ガソリンスタンド,2%
長崎県,長崎市,東長崎ＳＳ,小売業,ガソリンスタンド,2%
長崎県,長崎市,ビクトリア・イン長崎,サービス,宿泊業,5%
長崎県,長崎市,ビジネス観光ホテルいけだ,サービス,宿泊業,5%
長崎県,長崎市,ＢＩＳＴＡＲ,その他業種,ー,5%
長崎県,長崎市,ビストロボルドー,サービス,飲食業,5%
長崎県,長崎市,肥前屋,小売業,その他小売,5%
長崎県,長崎市,びっと,サービス,飲食業,5%
長崎県,長崎市,ビームス,小売業,衣料品,5%
長崎県,長崎市,ビームス,小売業,衣料品,5%
長崎県,長崎市,ひめ福,サービス,飲食業,5%
長崎県,長崎市,美容室 ａｍ,サービス,理容・美容業,5%
長崎県,長崎市,美容室 Ｂｏｎ・ａｍｉ,サービス,理容・美容業,5%
長崎県,長崎市,美容室 ロージー,サービス,理容・美容業,5%
長崎県,長崎市,美容室ロベリア,サービス,理容・美容業,5%
長崎県,長崎市,平間ＳＳ,小売業,ガソリンスタンド,2%
長崎県,長崎市,ＨｉｒｏＬｉｃｉｏｕｓ,サービス,飲食業,5%
長崎県,長崎市,ファーストキャビン長崎,サービス,宿泊業,5%
長崎県,長崎市,ファッション フィノ,小売業,衣料品,5%
長崎県,長崎市,Ｆｉｇａｒｏ,サービス,理容・美容業,5%
長崎県,長崎市,Ｆｅｌｉｓｉ 長崎,小売業,衣料品,5%
長崎県,長崎市,Ｆｅｌｉｓｉ 長崎,小売業,衣料品,5%
長崎県,長崎市,福田ＳＳ,小売業,ガソリンスタンド,2%
長崎県,長崎市,ふじわら旅館,サービス,宿泊業,5%
長崎県,長崎市,ブティックムーブ,小売業,衣料品,5%
長崎県,長崎市,フュージョンディッシュ蘭桂坊 フュージョンディッシュ 蘭桂坊,サービス,飲食業,5%
長崎県,長崎市,プライス 咲,小売業,その他小売,5%
長崎県,長崎市,ブライダルコスチューム・スエヒロ,小売業,衣料品,5%
長崎県,長崎市,フラクタルデザインセントラル,サービス,理容・美容業,5%
長崎県,長崎市,フラクタルデザイン東長崎・多良見,サービス,理容・美容業,5%
長崎県,長崎市,プラザ５１０,小売業,衣料品,5%
長崎県,長崎市,ふらり,サービス,飲食業,5%
長崎県,長崎市,Ｖｅｒｄｅ,小売業,その他小売,5%
長崎県,長崎市,Ｂｒａｎｃｈ ＯＴＴＯ ＤＥＪＩＭＡ,サービス,飲食業,5%
長崎県,長崎市,フレードミュート,サービス,理容・美容業,5%
長崎県,長崎市,ヘア リゾート Ｃａｓｉｔａ 【ヘア リゾート カシータ】,サービス,理容・美容業,5%
長崎県,長崎市,ｈａｉｒ ｓａｌｏｎ ａｓｓａ,サービス,その他サービス,5%
長崎県,長崎市,ｈａｉｒｓｔａｔｉｏｎ Ｋ,サービス,理容・美容業,5%
長崎県,長崎市,ｈａｉｒｈａｐｐｙ Ｌｉｂｅｒｏ,サービス,理容・美容業,5%
長崎県,長崎市,ＨａｉｒＭａｋｅ ＥＬＬＥ,サービス,理容・美容業,5%
長崎県,長崎市,ヘアーワークス ヴィクサス,サービス,理容・美容業,5%
長崎県,長崎市,ｈａｉｒ ｅｆ,サービス,理容・美容業,5%
長崎県,長崎市,ｈａｉｒ ｃａｆｅ Ｋｏｔｏｎｏｈａ【ヘアカフェ コトノハ】,サービス,理容・美容業,5%
長崎県,長崎市,ｈａｉｒ ｓａｌｏｎ ｅｘｃｅｌ,サービス,理容・美容業,5%
長崎県,長崎市,ｈａｉｒｓａｌｏｎ ｅｘｃｅｌ,サービス,理容・美容業,5%
長崎県,長崎市,ベースボールパーク スタンドイン ベースボールパーク スタンドイン長崎店,小売業,その他小売,5%
長崎県,長崎市,ＰＨ７?Ｓｋ,サービス,理容・美容業,5%
長崎県,長崎市,ベースボールパークスタンドイン 長崎店,小売業,その他小売,5%
長崎県,長崎市,ペンションバーデンハイム,サービス,宿泊業,5%
長崎県,長崎市,ＶＯＳＧＥＳ 【ボージュ】,サービス,理容・美容業,5%
長崎県,長崎市,美容室ＶＯＳＧＥＳ 美容室ボージュ,サービス,その他サービス,5%
長崎県,長崎市,ほかほか弁当 稲佐店,サービス,飲食業,5%
長崎県,長崎市,ポップ・ジョウマ,その他業種,ー,5%
長崎県,長崎市,ホテルコンチェルト長崎,サービス,宿泊業,5%
長崎県,長崎市,ポール・スミス 長崎店,小売業,衣料品,5%
長崎県,長崎市,ホンダウイングコヤナギ,小売業,その他小売,5%
長崎県,長崎市,ホンダショップタケダ,小売業,その他小売,5%
長崎県,長崎市,有限会社本間宝石,小売業,貴金属・服飾品,5%
長崎県,長崎市,前田冷菓 １号車,小売業,その他小売,5%
長崎県,長崎市,マーガレット・ハウエル長崎店,小売業,衣料品,5%
長崎県,長崎市,マクドナルドイオン東長崎店,サービス,飲食業,2%
長崎県,長崎市,マクドナルド江川ジョイフルサン店,サービス,飲食業,2%
長崎県,長崎市,マクドナルド長崎家野町店,サービス,飲食業,2%
長崎県,長崎市,マクドナルド長崎浜町店,サービス,飲食業,2%
長崎県,長崎市,マクドナルド長崎ミスターマックスＳ．Ｃ．店,サービス,飲食業,2%
長崎県,長崎市,マクドナルド長崎夢彩都店,サービス,飲食業,2%
長崎県,長崎市,マクドナルド道ノ尾西友店,サービス,飲食業,2%
長崎県,長崎市,マクドナルドみらい長崎ココウォーク店,サービス,飲食業,2%
長崎県,長崎市,マクドナルド４９９浪の平店,サービス,飲食業,2%
長崎県,長崎市,政井商店,サービス,その他サービス,5%
長崎県,長崎市,松尾車輌整備工場,サービス,理容・美容業,5%
長崎県,長崎市,松尾石材株式会社,その他業種,ー,5%
長崎県,長崎市,松尾石材本社 松尾石材 展示場,小売業,その他小売,5%
長崎県,長崎市,松山ＳＳ,小売業,ガソリンスタンド,2%
長崎県,長崎市,マレットメット ココウォーク店,小売業,衣料品,5%
長崎県,長崎市,ｍｅａｔ ｓｕｋｋｙ,サービス,飲食業,5%
長崎県,長崎市,みどり屋,小売業,食料品,5%
長崎県,長崎市,ＭｉｎａＭｏ長崎店,小売業,衣料品,5%
長崎県,長崎市,ＭｉｎａＭＯ 長崎店,小売業,衣料品,5%
長崎県,長崎市,みのだでんき,小売業,電化製品,5%
長崎県,長崎市,ｍｉｒａｃｏ,サービス,理容・美容業,5%
長崎県,長崎市,ムーブ・ムーブ,小売業,衣料品,5%
長崎県,長崎市,むつくら,サービス,飲食業,5%
長崎県,長崎市,無法松 南長崎店,小売業,その他小売,5%
長崎県,長崎市,無法松 南長崎店,小売業,その他小売,5%
長崎県,長崎市,村上靴店,小売業,総合（非専門）,5%
長崎県,長崎市,メディックハピネスプラザ,サービス,その他サービス,5%
長崎県,長崎市,モイスティーヌ平野町サロン エトワール,小売業,その他小売,5%
長崎県,長崎市,茂木ＳＳ,小売業,ガソリンスタンド,2%
長崎県,長崎市,茂木給油所,小売業,ガソリンスタンド,2%
長崎県,長崎市,本原ＳＳ,小売業,ガソリンスタンド,2%
長崎県,長崎市,もとふな鍼灸院,サービス,その他サービス,5%
長崎県,長崎市,茂里町ＳＳ,小売業,ガソリンスタンド,2%
長崎県,長崎市,Ｍｏｎ?Ａｍｉ ＢＬＵＥ ＵＮＩＴＹ,小売業,衣料品,5%
長崎県,長崎市,矢上珈琲の杜,サービス,飲食業,5%
長崎県,長崎市,やき鳥 しゅん,サービス,飲食業,5%
長崎県,長崎市,焼鳥平次 西洋館前店,サービス,飲食業,5%
長崎県,長崎市,焼鳥平次 大学病院前店,サービス,飲食業,5%
長崎県,長崎市,焼き肉 浜ちゃん,サービス,飲食業,5%
長崎県,長崎市,矢太樓,サービス,宿泊業,5%
長崎県,長崎市,山口鮮魚店,小売業,食料品,5%
長崎県,長崎市,山口屋,小売業,その他小売,5%
長崎県,長崎市,山下石油店 本社,小売業,ガソリンスタンド,2%
長崎県,長崎市,山屋タイヤサービス,小売業,その他小売,5%
長崎県,長崎市,ｙａｗａｒａ整体院長崎店,サービス,その他サービス,5%
長崎県,長崎市,（有）松庫商店,小売業,食料品,5%
長崎県,長崎市,有限会社 サニーボーイ サニーボーイ,小売業,書籍・玩具・音楽ＣＤ,5%
長崎県,長崎市,有限会社 志田製菓店,小売業,その他小売,5%
長崎県,長崎市,有限会社池田屋,サービス,飲食業,5%
長崎県,長崎市,有限会社木村蒲鉾,小売業,食料品,5%
長崎県,長崎市,有限会社セブンタクシー,その他業種,ー,5%
長崎県,長崎市,有限会社大幸商事 ダイコー青果平和町店,小売業,食料品,5%
長崎県,長崎市,有限会社まつかた建設,その他業種,ー,5%
長崎県,長崎市,有限会社マツデン,小売業,電化製品,5%
長崎県,長崎市,ｕｓｅｄｓｅｌｅｃｔＪＡＭＲＵＥ,小売業,衣料品,5%
長崎県,長崎市,ユメキ整体,サービス,その他サービス,5%
長崎県,長崎市,ｙｏｇａｓｐａｃｅ－ｓｕｒｙａ,その他業種,ー,5%
長崎県,長崎市,よかよか／炙りや 長崎店,サービス,飲食業,5%
長崎県,長崎市,吉谷鮮魚店 吉谷鮮魚店,小売業,食料品,5%
長崎県,長崎市,Ｌｉｖｅ Ｌｉｖｉｎｇ,サービス,理容・美容業,5%
長崎県,長崎市,楽々癒し体ソレイユ,サービス,その他サービス,5%
長崎県,長崎市,楽々癒し体 ソレイユ 賑町店,サービス,その他サービス,5%
長崎県,長崎市,楽々癒し体 ＬｕｃｋＹｏｕ,サービス,その他サービス,5%
長崎県,長崎市,Ｌｅｅ アミュプラザ長崎店,小売業,衣料品,5%
長崎県,長崎市,Ｌｉｏｎ,サービス,理容・美容業,5%
長崎県,長崎市,理学美容院ひで,サービス,理容・美容業,5%
長崎県,長崎市,ｒｉｐｐｉｎｇ,サービス,理容・美容業,5%
長崎県,長崎市,Ｌｉｂ×Ｌａｂ,小売業,総合（非専門）,5%
長崎県,長崎市,リメディオ夢彩都店,小売業,衣料品,5%
長崎県,長崎市,Ｌｉｌｏｕ【リル】,サービス,理容・美容業,5%
長崎県,長崎市,リンパドレナージュ専門Ｚｅｘｙ中央橋店,サービス,理容・美容業,5%
長崎県,長崎市,Ｒｕａｎａ,小売業,その他小売,5%
長崎県,長崎市,ＲＯＯ,サービス,理容・美容業,5%
長崎県,長崎市,Ｒａｙ ＢＥＡＭＳ,小売業,衣料品,5%
長崎県,長崎市,Ｒａｙ ＢＥＡＭＳ,小売業,衣料品,5%
長崎県,長崎市,０ＦＬＡＰ,サービス,理容・美容業,5%
長崎県,長崎市,露菴 長崎店,サービス,飲食業,5%
長崎県,長崎市,ＲＯＣＯ ＨＡＩＲ ＭＡＫＥ 【ロコ ヘアーメイク】,サービス,理容・美容業,5%
長崎県,長崎市,ＹＳＰ長崎,小売業,その他小売,5%
長崎県,長崎市,Ｙ・Ｐｌａｎｎｉｎｇヤマガ,小売業,衣料品,5%
長崎県,長崎市,ｗｉｌｄｆｌｏｗｅｒ ワイルドフラワー,小売業,衣料品,5%
長崎県,長崎市,ワンズホープ小ケ倉,小売業,ガソリンスタンド,2%
長崎県,長与町,石丸文行堂 長与店,小売業,その他小売,5%
長崎県,長与町,イタリアントマトケーキショップイオンタウン長与店,サービス,飲食業,2%
長崎県,長与町,岩崎本舗 本社工場店,小売業,食料品,5%
長崎県,長与町,ウィズン 女の都店,小売業,食料品,5%
長崎県,長与町,オートサービスマツシタ,サービス,その他サービス,5%
長崎県,長与町,カサ電機,小売業,電化製品,5%
長崎県,長与町,片岡産業有限会社,その他業種,ー,5%
長崎県,長与町,片岡産業有限会社 お肉のカーニバル,小売業,食料品,5%
長崎県,長与町,カフェ ド ジーノ,サービス,飲食業,5%
長崎県,長与町,ｋｉ：ｉｒｏ,小売業,その他小売,5%
長崎県,長与町,クリーニングアラタ,サービス,その他サービス,5%
長崎県,長与町,Ｋｏｔｉ ｈａｉｒ ｗｏｒｋｓ,サービス,理容・美容業,5%
長崎県,長与町,ジュエリー工房 森,小売業,貴金属・服飾品,5%
長崎県,長与町,ジョイフル恵利長崎店,サービス,その他サービス,5%
長崎県,長与町,スワンドライ 長与本店,サービス,その他サービス,5%
長崎県,長与町,谷口動物病院,サービス,その他サービス,5%
長崎県,長与町,谷口動物病院 谷口動物病院,サービス,その他サービス,5%
長崎県,長与町,セブン－イレブン長与嬉里氷取店,小売業,食料品,2%
長崎県,長与町,長与ＳＳ,小売業,ガソリンスタンド,2%
長崎県,長与町,セブン－イレブン長与高田郷店,小売業,食料品,2%
長崎県,長与町,セブン－イレブン長与ニュータウン入口店,小売業,食料品,2%
長崎県,長与町,セブン－イレブン長与まなび野店,小売業,食料品,2%
長崎県,長与町,セブン－イレブン長与吉無田郷店,小売業,食料品,2%
長崎県,長与町,パナプラザイナマツ,小売業,電化製品,5%
長崎県,長与町,ＨｏｎｅｙＭａｃａｒｏｎ,小売業,衣料品,5%
長崎県,長与町,ビジョン ヘアーワークス ビジョン?ヘアーワークス,サービス,理容・美容業,5%
長崎県,長与町,ひまわり動物病院,サービス,運輸業,5%
長崎県,長与町,福田電機 長与店,小売業,電化製品,5%
長崎県,長与町,プレタポルテロワール,小売業,衣料品,5%
長崎県,長与町,有限会社ポールポジション長崎高田整備工場,小売業,その他小売,5%
長崎県,長与町,雪の浦手造りハム,その他業種,ー,5%
長崎県,長与町,雪の浦手造りハム,小売業,食料品,5%
長崎県,長与町,龍虎堂薬局 龍虎堂薬局,小売業,その他小売,5%
長崎県,長与町,ロゼハウス長与店,小売業,衣料品,5%
長崎県,西海市,ＡＲＴ ＧＡＬＬＥＲＹ Ｓ,サービス,その他サービス,5%
長崎県,西海市,Ａコープ多以良店,小売業,総合（非専門）,5%
長崎県,西海市,Ａコープ中浦店,小売業,総合（非専門）,5%
長崎県,西海市,Ａコープ雪浦店,小売業,総合（非専門）,5%
長崎県,西海市,Ａコープ横瀬店,小売業,総合（非専門）,5%
長崎県,西海市,オーベルジュあかだま,サービス,その他サービス,5%
長崎県,西海市,垣山養鶏園,その他業種,ー,5%
長崎県,西海市,セブン－イレブン西海大島大橋店,小売業,食料品,2%
長崎県,西海市,セブン－イレブン西海大瀬戸町店,小売業,食料品,2%
長崎県,西海市,セブン－イレブン西海亀岳店,小売業,食料品,2%
長崎県,西海市,セブン－イレブン西海小迎郷店,小売業,食料品,2%
長崎県,西海市,セブン－イレブン西海鳥加郷店,小売業,食料品,2%
長崎県,西海市,西海橋ＳＳ,小売業,ガソリンスタンド,2%
長崎県,西海市,西海橋物産館,小売業,その他小売,5%
長崎県,西海市,スーパーウエスト,小売業,総合（非専門）,5%
長崎県,西海市,スーパーウエスト亀岳店,小売業,総合（非専門）,5%
長崎県,西海市,スーパーながむら,小売業,総合（非専門）,5%
長崎県,西海市,たいよう動物クリニック,サービス,その他サービス,5%
長崎県,西海市,でんきや西海,小売業,電化製品,5%
長崎県,西海市,ナカムラデンキ,小売業,電化製品,5%
長崎県,西海市,松形屋,小売業,総合（非専門）,5%
長崎県,西海市,村の菓子工房,小売業,食料品,5%
長崎県,西海市,有限会社西村木材産業,その他業種,ー,5%
長崎県,西海市,雪浦給油所,小売業,ガソリンスタンド,2%
長崎県,西海市,レストラン ケーナ,サービス,飲食業,5%
長崎県,波佐見町,石丸陶芸,小売業,家具・調度品,5%
長崎県,波佐見町,イソザキ珈琲「ｓｈａｄｙ」,小売業,食料品,5%
長崎県,波佐見町,今里酒店,小売業,食料品,5%
長崎県,波佐見町,今里酒店,小売業,食料品,5%
長崎県,波佐見町,金子石油 株 波佐見給油所,小売業,ガソリンスタンド,2%
長崎県,波佐見町,株式会社 西山,小売業,その他小売,5%
長崎県,波佐見町,有限会社 勲山製陶,小売業,その他小売,5%
長崎県,波佐見町,ＳＴＵＤＩＯー頌ー,サービス,その他サービス,5%
長崎県,波佐見町,ＳＰＡＲＲＯＷＳ,小売業,衣料品,5%
長崎県,波佐見町,正幸陶器古ロク窯,小売業,総合（非専門）,5%
長崎県,波佐見町,セルフ波佐見給油所,小売業,ガソリンスタンド,2%
長崎県,波佐見町,相互交通株式会社 佐世保５００あ１１６４,サービス,運輸業,5%
長崎県,波佐見町,大桂工房,その他業種,ー,5%
長崎県,波佐見町,長崎サッシ工業,サービス,その他サービス,5%
長崎県,波佐見町,西波佐見ＳＳ,小売業,ガソリンスタンド,2%
長崎県,波佐見町,ノマドコーヒー,サービス,飲食業,5%
長崎県,波佐見町,波佐見ＳＳ,小売業,ガソリンスタンド,2%
長崎県,波佐見町,波佐見オフィス 水 未来図株式会社 波佐見ＯＦ,小売業,その他小売,5%
長崎県,波佐見町,セブン－イレブン波佐見折敷瀬店,小売業,食料品,2%
長崎県,波佐見町,セブン－イレブン波佐見川内店,小売業,食料品,2%
長崎県,波佐見町,セブン－イレブン波佐見宿郷店,小売業,食料品,2%
長崎県,波佐見町,ハスポ 波佐見店,小売業,その他小売,5%
長崎県,波佐見町,堀池電器商会,小売業,電化製品,5%
長崎県,波佐見町,ｍｉｇｎｏｎ,小売業,その他小売,5%
長崎県,波佐見町,有限会社ナカムラ陶器 ＲＯＸＹ,小売業,その他小売,5%
長崎県,東彼杵町,浦川理容,サービス,理容・美容業,5%
長崎県,東彼杵町,お茶のこばやし,小売業,食料品,5%
長崎県,東彼杵町,きょうりゅうと宇宙,小売業,その他小売,5%
長崎県,東彼杵町,製茶問屋（有）岡田商会,小売業,食料品,5%
長崎県,東彼杵町,彼杵商店（浜田）,小売業,食料品,5%
長崎県,東彼杵町,多々樂,サービス,飲食業,5%
長崎県,東彼杵町,ハートフル彼杵,小売業,ガソリンスタンド,2%
長崎県,東彼杵町,セブン－イレブン東彼杵蔵本郷店,小売業,食料品,2%
長崎県,東彼杵町,セブン－イレブン東彼杵八反田郷店,小売業,食料品,2%
長崎県,平戸市,生月ＳＳ,小売業,ガソリンスタンド,2%
長崎県,平戸市,生月ＳＳ,小売業,ガソリンスタンド,2%
長崎県,平戸市,井手家具店,小売業,家具・調度品,5%
長崎県,平戸市,井手家具店,小売業,家具・調度品,5%
長崎県,平戸市,ＷＥＢ ＷＯＲＫ ウェブワーク,小売業,その他小売,5%
長崎県,平戸市,神田スポーツ,小売業,その他小売,5%
長崎県,平戸市,かんぼストア,小売業,食料品,5%
長崎県,平戸市,一棟貸し平戸よこた,サービス,その他サービス,5%
長崎県,平戸市,国際観光ホテル旗松亭,サービス,宿泊業,5%
長崎県,平戸市,酒のさざん,小売業,食料品,5%
長崎県,平戸市,ＪＦいきつき しおかぜ,小売業,総合（非専門）,5%
長崎県,平戸市,シューズタカサゴ 有 高砂商会,小売業,その他小売,5%
長崎県,平戸市,たけだ スピリッツ,小売業,総合（非専門）,5%
長崎県,平戸市,田平給油所,小売業,ガソリンスタンド,2%
長崎県,平戸市,中部ＳＳ,小売業,ガソリンスタンド,2%
長崎県,平戸市,でんきやアイチ,小売業,電化製品,5%
長崎県,平戸市,なかしま,小売業,その他小売,5%
長崎県,平戸市,ノエビア平戸,小売業,総合（非専門）,5%
長崎県,平戸市,パピオにしけん,小売業,電化製品,5%
長崎県,平戸市,美容室ＢＩＧＩＮ,サービス,理容・美容業,5%
長崎県,平戸市,セブン－イレブン平戸大橋店,小売業,食料品,2%
長崎県,平戸市,セブン－イレブン平戸田平西店,小売業,食料品,2%
長崎県,平戸市,セブン－イレブン平戸田平東店,小売業,食料品,2%
長崎県,平戸市,平戸中央ＳＳ,小売業,ガソリンスタンド,2%
長崎県,平戸市,セブン－イレブン平戸紐差町店,小売業,食料品,2%
長崎県,平戸市,平戸有香製茶,小売業,食料品,5%
長崎県,平戸市,フードショップ たけだメルカド,小売業,総合（非専門）,5%
長崎県,平戸市,フレッシュマート アリーナ,小売業,総合（非専門）,5%
長崎県,平戸市,フレッシュマート 里店,小売業,総合（非専門）,5%
長崎県,平戸市,前津吉ＳＳ,小売業,ガソリンスタンド,2%
長崎県,平戸市,マルセイ中部店,小売業,総合（非専門）,5%
長崎県,平戸市,マルセイ南部店,小売業,総合（非専門）,5%
長崎県,平戸市,めしどころ 一楽 めしどころ 一楽,サービス,飲食業,5%
長崎県,平戸市,よかろ物産,小売業,食料品,5%
長崎県,平戸市,吉田自動車 平戸店,サービス,その他サービス,5%
長崎県,平戸市,ＲＩＣ酒蔵,小売業,総合（非専門）,5%
長崎県,平戸市,旅亭彩月庵,サービス,宿泊業,5%
長崎県,松浦市,アミスタホテル,サービス,宿泊業,5%
長崎県,松浦市,岩元製菓舗 岩元製菓舗,小売業,食料品,5%
長崎県,松浦市,金井田石材店 金井田石材店,小売業,その他小売,5%
長崎県,松浦市,黒田ストアー,小売業,総合（非専門）,5%
長崎県,松浦市,セレモニーやまおく志佐,小売業,その他小売,5%
長崎県,松浦市,大栄松浦店,小売業,衣料品,5%
長崎県,松浦市,でんきのアズふるかわ店,小売業,電化製品,5%
長崎県,松浦市,にこいろ,小売業,衣料品,5%
長崎県,松浦市,西村釣具店,小売業,書籍・玩具・音楽ＣＤ,5%
長崎県,松浦市,深流（ふる）リンパケアＳａｗａ,サービス,その他サービス,5%
長崎県,松浦市,深流 リンパケアｓａｗａ,サービス,その他サービス,5%
長崎県,松浦市,フレッシュマート 松浦店,小売業,総合（非専門）,5%
長崎県,松浦市,ＢＬＯＷＩＮ ＯＺＯＮＥ,サービス,理容・美容業,5%
長崎県,松浦市,松浦ＳＳ,小売業,ガソリンスタンド,2%
長崎県,松浦市,セブン－イレブン松浦今福店,小売業,食料品,2%
長崎県,松浦市,Ｍａｓｔｕｏ Ｎｏｕｅｎ Ｃｏｆｆｅｅ,サービス,飲食業,5%
長崎県,松浦市,御厨ＳＳ,小売業,ガソリンスタンド,2%
長崎県,松浦市,有限会社みくりや自動車工業,その他業種,ー,5%
長崎県,松浦市,でんきや・みやざき,小売業,電化製品,5%
長崎県,松浦市,モーターサービス・ライズ,小売業,その他小売,5%
長崎県,南島原市,アグリファーム 汁吉屋,小売業,食料品,5%
長崎県,南島原市,アトリエグランパ,サービス,飲食業,5%
長崎県,南島原市,荒木電器,小売業,電化製品,5%
長崎県,南島原市,出光ジョイフル深江ＳＳ,小売業,ガソリンスタンド,2%
長崎県,南島原市,内田機械店,小売業,その他小売,5%
長崎県,南島原市,内田機械店,小売業,その他小売,5%
長崎県,南島原市,お好み焼まつりや,サービス,飲食業,5%
長崎県,南島原市,加津佐ＳＳ,小売業,ガソリンスタンド,2%
長崎県,南島原市,かづさイルカウォッチング,サービス,その他サービス,5%
長崎県,南島原市,株式会社コクリエシステムズ,サービス,その他サービス,5%
長崎県,南島原市,くすりの新生堂国道店,小売業,その他小売,5%
長崎県,南島原市,ショッピングセンターはやしだ,小売業,総合（非専門）,5%
長崎県,南島原市,新有家,小売業,ガソリンスタンド,2%
長崎県,南島原市,スタジオすぎもと,小売業,その他小売,5%
長崎県,南島原市,諏訪ＳＳ,小売業,ガソリンスタンド,2%
長崎県,南島原市,諏訪電器商会,小売業,電化製品,5%
長崎県,南島原市,セルフ口之津給油所,小売業,ガソリンスタンド,2%
長崎県,南島原市,中華料理華豊 中華料理 華豊,サービス,飲食業,5%
長崎県,南島原市,ドラッグ新生堂有家店,小売業,その他小売,5%
長崎県,南島原市,のうち製麺 大八屋,小売業,食料品,5%
長崎県,南島原市,パピオ たけした,小売業,電化製品,5%
長崎県,南島原市,深江ＳＳ 岸本石油店,小売業,ガソリンスタンド,2%
長崎県,南島原市,服美人,サービス,その他サービス,5%
長崎県,南島原市,布津ＳＳ,小売業,ガソリンスタンド,2%
長崎県,南島原市,株式会社ながいけ,小売業,衣料品,5%
長崎県,南島原市,ホームリビングＭＩＺＯＴＡ,小売業,家具・調度品,5%
長崎県,南島原市,本多兄弟商会,小売業,食料品,5%
長崎県,南島原市,セブン－イレブン南島原有家店,小売業,食料品,2%
長崎県,南島原市,セブン－イレブン南島原大野木場店,小売業,食料品,2%
長崎県,南島原市,セブン－イレブン南島原口之津店,小売業,食料品,2%
長崎県,南島原市,セブン－イレブン南島原深江店,小売業,食料品,2%
長崎県,南島原市,メガネ本舗 南島原店,小売業,貴金属・服飾品,5%
長崎県,南島原市,メナードフェイシャルサロン 南島原深江代行店,サービス,理容・美容業,5%
長崎県,南島原市,山田共栄堂,小売業,電化製品,5%
長崎県,南島原市,山本喜久栄堂,サービス,飲食業,5%
長崎県,南島原市,ＬａＶｉｅｒｉｅ（ラヴィリエ）,サービス,理容・美容業,5%
長崎県,南島原市,ルート５７深江町ＳＳ,小売業,ガソリンスタンド,2%
長崎県,南島原市,ルート２５１原城ＳＳ,小売業,ガソリンスタンド,2%
