群馬県,安中市,旭館,サービス,宿泊業,5%
群馬県,安中市,セブン－イレブン安中磯部温泉入口店,小売業,食料品,2%
群馬県,安中市,セブン－イレブン安中磯部４丁目店,小売業,食料品,2%
群馬県,安中市,セブン－イレブン安中板鼻店,小売業,食料品,2%
群馬県,安中市,安中岩井ＳＳ,小売業,ガソリンスタンド,2%
群馬県,安中市,アンナカカイロプラクティック,サービス,理容・美容業,5%
群馬県,安中市,安中ＳＳ,小売業,ガソリンスタンド,2%
群馬県,安中市,セブン－イレブン安中下後閑店,小売業,食料品,2%
群馬県,安中市,安中バイパスＳＳ,小売業,ガソリンスタンド,2%
群馬県,安中市,セブン－イレブン安中バイパス店,小売業,食料品,2%
群馬県,安中市,セブン－イレブン安中原市店,小売業,食料品,2%
群馬県,安中市,セブン－イレブン安中松井田バイパス店,小売業,食料品,2%
群馬県,安中市,安中南ＳＳ,小売業,ガソリンスタンド,2%
群馬県,安中市,飯塚電気,小売業,電化製品,5%
群馬県,安中市,板垣 安中店,小売業,貴金属・服飾品,5%
群馬県,安中市,大手時計店,小売業,貴金属・服飾品,5%
群馬県,安中市,お菓子のゆもと,小売業,食料品,5%
群馬県,安中市,カジュアル酒場ＮａＳｕＢｉ,サービス,飲食業,5%
群馬県,安中市,軽井沢インタープラザ,サービス,飲食業,5%
群馬県,安中市,グルマンディーズ,小売業,食料品,5%
群馬県,安中市,群馬トヨタ自動車安中杉並木店,小売業,その他小売,5%
群馬県,安中市,猿谷電機商会,小売業,電化製品,5%
群馬県,安中市,ＳＷＥＥＴＳ ＦＡＣＴＯＲＹ ヌーベル三浦,小売業,その他小売,5%
群馬県,安中市,高台旅館,サービス,宿泊業,5%
群馬県,安中市,多胡でん,小売業,電化製品,5%
群馬県,安中市,適塾,サービス,その他サービス,5%
群馬県,安中市,手作り猫雑貨専門店 猫のひげ 手作り猫雑貨専門店 猫のひげ,小売業,その他小売,5%
群馬県,安中市,トピック キタ,小売業,電化製品,5%
群馬県,安中市,ＰＡＣＥ,サービス,理容・美容業,5%
群馬県,安中市,ビータイムいそべＳＳ,小売業,ガソリンスタンド,2%
群馬県,安中市,冨士屋,小売業,食料品,5%
群馬県,安中市,ふわふわ豆腐鍋のおいしいお宿 見晴館,サービス,宿泊業,5%
群馬県,安中市,ＨａｉｒＳａｌｏｎ ＴＯＰ ＨａｉｒＳａｌｏｎ ＴＯＰ,サービス,理容・美容業,5%
群馬県,安中市,ホ－ムガスショップ安中,小売業,その他小売,5%
群馬県,安中市,マイポ－ト,小売業,その他小売,5%
群馬県,安中市,マクドナルド１８号安中店,サービス,飲食業,2%
群馬県,安中市,横川ＳＳ,小売業,ガソリンスタンド,2%
群馬県,安中市,横川碓氷ＳＳ,小売業,ガソリンスタンド,2%
群馬県,安中市,リアルオート,サービス,その他サービス,5%
群馬県,安中市,ルート１８安中セルフＳＳ,小売業,ガソリンスタンド,2%
群馬県,伊勢崎市,Ａｉｚａｗａ Ｃｏｒｐｏｒａｔｉｏｎ,小売業,その他小売,5%
群馬県,伊勢崎市,セブン－イレブン赤堀今井店,小売業,食料品,2%
群馬県,伊勢崎市,セブン－イレブン赤堀香林店,小売業,食料品,2%
群馬県,伊勢崎市,赤堀中央ＳＳ,小売業,ガソリンスタンド,2%
群馬県,伊勢崎市,ａｓｈ ｈａｉｒ×ｍａｋｅ伊勢崎,サービス,理容・美容業,5%
群馬県,伊勢崎市,アヅマ補聴器センター 伊勢崎支店,小売業,その他小売,5%
群馬県,伊勢崎市,Ａｌｂａ,小売業,その他小売,5%
群馬県,伊勢崎市,ＡＮＳＷＥＲ,小売業,貴金属・服飾品,5%
群馬県,伊勢崎市,居酒屋 酔い笑（よいしょ）,サービス,飲食業,5%
群馬県,伊勢崎市,ｉＺｍＺ,サービス,理容・美容業,5%
群馬県,伊勢崎市,伊勢崎ＳＳ,小売業,ガソリンスタンド,2%
群馬県,伊勢崎市,伊勢崎ＳＳ,小売業,ガソリンスタンド,2%
群馬県,伊勢崎市,セブン－イレブン伊勢崎安堀町店,小売業,食料品,2%
群馬県,伊勢崎市,伊勢崎インター,小売業,ガソリンスタンド,2%
群馬県,伊勢崎市,セブン－イレブン伊勢崎国定町２丁目店,小売業,食料品,2%
群馬県,伊勢崎市,セブン－イレブン伊勢崎寿町店,小売業,食料品,2%
群馬県,伊勢崎市,伊勢崎ＳＳ,小売業,ガソリンスタンド,2%
群馬県,伊勢崎市,セブン－イレブン伊勢崎境伊与久店,小売業,食料品,2%
群馬県,伊勢崎市,セブン－イレブン伊勢崎境女塚店,小売業,食料品,2%
群馬県,伊勢崎市,セブン－イレブン伊勢崎境東新井店,小売業,食料品,2%
群馬県,伊勢崎市,セブン－イレブン伊勢崎市民病院前店,小売業,食料品,2%
群馬県,伊勢崎市,セブン－イレブン伊勢崎下植木店,小売業,食料品,2%
群馬県,伊勢崎市,セブン－イレブン伊勢崎下触町南店,小売業,食料品,2%
群馬県,伊勢崎市,セブン－イレブン伊勢崎昭和町北店,小売業,食料品,2%
群馬県,伊勢崎市,セブン－イレブン伊勢崎昭和町店,小売業,食料品,2%
群馬県,伊勢崎市,セブン－イレブン伊勢崎新栄町店,小売業,食料品,2%
群馬県,伊勢崎市,伊勢崎ステーションホテル,サービス,宿泊業,5%
群馬県,伊勢崎市,セブン－イレブン伊勢崎西部公園前店,小売業,食料品,2%
群馬県,伊勢崎市,メガネのイタガキ 伊勢崎西友楽市店,小売業,その他小売,5%
群馬県,伊勢崎市,セブン－イレブン伊勢崎田中島店,小売業,食料品,2%
群馬県,伊勢崎市,セブン－イレブン伊勢崎田中町店,小売業,食料品,2%
群馬県,伊勢崎市,セブン－イレブン伊勢崎田部井町店,小売業,食料品,2%
群馬県,伊勢崎市,セブン－イレブン伊勢崎連取町店,小売業,食料品,2%
群馬県,伊勢崎市,セブン－イレブン伊勢崎連取吉原店,小売業,食料品,2%
群馬県,伊勢崎市,セブン－イレブン伊勢崎富塚町店,小売業,食料品,2%
群馬県,伊勢崎市,セブン－イレブン伊勢崎豊城町店,小売業,食料品,2%
群馬県,伊勢崎市,セブン－イレブン伊勢崎長沼町店,小売業,食料品,2%
群馬県,伊勢崎市,セブン－イレブン伊勢崎西久保店,小売業,食料品,2%
群馬県,伊勢崎市,セブン－イレブン伊勢崎韮塚町店,小売業,食料品,2%
群馬県,伊勢崎市,セブン－イレブン伊勢崎羽黒台店,小売業,食料品,2%
群馬県,伊勢崎市,セブン－イレブン伊勢崎波志江町店,小売業,食料品,2%
群馬県,伊勢崎市,セブン－イレブン伊勢崎波志江東店,小売業,食料品,2%
群馬県,伊勢崎市,イセサキＰＫサービス,サービス,その他サービス,5%
群馬県,伊勢崎市,セブン－イレブン伊勢崎東小保方町店,小売業,食料品,2%
群馬県,伊勢崎市,セブンーイレブン伊勢崎東上之宮町店,小売業,食料品,2%
群馬県,伊勢崎市,セブン－イレブン伊勢崎日乃出町店,小売業,食料品,2%
群馬県,伊勢崎市,セブン－イレブン伊勢崎平和町店,小売業,食料品,2%
群馬県,伊勢崎市,伊勢崎南,小売業,ガソリンスタンド,2%
群馬県,伊勢崎市,セブン－イレブン伊勢崎南千木町店,小売業,食料品,2%
群馬県,伊勢崎市,セブン－イレブン伊勢崎宮子西店,小売業,食料品,2%
群馬県,伊勢崎市,セブン－イレブン伊勢崎宮子町店,小売業,食料品,2%
群馬県,伊勢崎市,セブン－イレブン伊勢崎茂呂店,小売業,食料品,2%
群馬県,伊勢崎市,セブン－イレブン伊勢崎八斗島町店,小売業,食料品,2%
群馬県,伊勢崎市,セブン－イレブン伊勢崎除ヶ町店,小売業,食料品,2%
群馬県,伊勢崎市,板垣 伊勢崎韮塚店,小売業,貴金属・服飾品,5%
群馬県,伊勢崎市,板垣伊勢崎 うえはす店,小売業,貴金属・服飾品,5%
群馬県,伊勢崎市,いち笑,サービス,飲食業,5%
群馬県,伊勢崎市,出光パラーダ伊勢崎南ＳＳ,小売業,ガソリンスタンド,2%
群馬県,伊勢崎市,上之宮,小売業,ガソリンスタンド,2%
群馬県,伊勢崎市,ＶＥＲＥＤＡ ＴＲＯＰＩＣＡＬ,小売業,食料品,5%
群馬県,伊勢崎市,うどん酒場 めんぞう,サービス,飲食業,5%
群馬県,伊勢崎市,Ｈ２Ｏ,サービス,理容・美容業,5%
群馬県,伊勢崎市,ＡＢＣトレーディング,その他業種,ー,5%
群馬県,伊勢崎市,ＡＢホテル伊勢崎,サービス,宿泊業,5%
群馬県,伊勢崎市,太田マシンサービス前橋店,小売業,家具・調度品,5%
群馬県,伊勢崎市,オールドギア群馬伊勢崎店,小売業,その他小売,5%
群馬県,伊勢崎市,小此木不動産建設,サービス,その他サービス,5%
群馬県,伊勢崎市,お好み焼きＫＡＮＳＡＩ 伊勢崎茂呂店,サービス,飲食業,5%
群馬県,伊勢崎市,お好み焼きＫＡＮＳＡＩ 伊勢崎宮子店,サービス,飲食業,5%
群馬県,伊勢崎市,尾崎商店 尾崎商店,小売業,食料品,5%
群馬県,伊勢崎市,オリックスレンタカー伊勢崎店,サービス,その他サービス,2%
群馬県,伊勢崎市,Ｃａｌｍ ｈａｉｒ,サービス,理容・美容業,5%
群馬県,伊勢崎市,海鮮居酒屋どんさん亭 伊勢崎西店,サービス,飲食業,5%
群馬県,伊勢崎市,かきあげ 昭和町店,小売業,その他小売,5%
群馬県,伊勢崎市,かきあげ 宮郷店,小売業,その他小売,5%
群馬県,伊勢崎市,家具のホンダ 伊勢崎店,小売業,家具・調度品,5%
群馬県,伊勢崎市,かつはな亭伊勢崎赤堀店,サービス,飲食業,5%
群馬県,伊勢崎市,かつはな亭伊勢崎今泉店,サービス,飲食業,5%
群馬県,伊勢崎市,かつはな亭伊勢崎宮子店,サービス,飲食業,5%
群馬県,伊勢崎市,ｃａｆｅ Ｒｏｓｓｙ,サービス,飲食業,5%
群馬県,伊勢崎市,株式会社ナガシマ,サービス,その他サービス,5%
群馬県,伊勢崎市,株式会社Ｖａｒｉｏｕｓ．Ｆ,小売業,その他小売,5%
群馬県,伊勢崎市,カルマヘアー,サービス,理容・美容業,5%
群馬県,伊勢崎市,カレーハウスＣＯＣＯ壱番屋伊勢崎茂呂町店,サービス,飲食業,2%
群馬県,伊勢崎市,関東モバイルネットワーク株式会社 アイステーション,小売業,電化製品,5%
群馬県,伊勢崎市,木島ＳＳ,小売業,ガソリンスタンド,2%
群馬県,伊勢崎市,木村造園,サービス,その他サービス,5%
群馬県,伊勢崎市,キャメル ダイニング,サービス,飲食業,5%
群馬県,伊勢崎市,牛角伊勢崎韮塚店,サービス,飲食業,2%
群馬県,伊勢崎市,きよ治療院,サービス,理容・美容業,5%
群馬県,伊勢崎市,グシガレージ,その他業種,ー,5%
群馬県,伊勢崎市,Ｇｏｏｄ,サービス,その他サービス,5%
群馬県,伊勢崎市,ＧｏｏｄＦｉｅｌｄ,サービス,その他サービス,5%
群馬県,伊勢崎市,クニサダ ヘアーコレクション,サービス,理容・美容業,5%
群馬県,伊勢崎市,クライミングジムゼロ 伊勢崎店,小売業,その他小売,5%
群馬県,伊勢崎市,クライミングジムランボ,サービス,その他サービス,5%
群馬県,伊勢崎市,グラマラッシュ,サービス,飲食業,5%
群馬県,伊勢崎市,メガネのイタガキ グランド伊勢崎店,小売業,その他小売,5%
群馬県,伊勢崎市,群興,サービス,その他サービス,5%
群馬県,伊勢崎市,セブン－イレブン群馬赤堀南店,小売業,食料品,2%
群馬県,伊勢崎市,群馬トヨタ自動車 伊勢崎つなとり店,小売業,その他小売,5%
群馬県,伊勢崎市,群馬トヨタ自動車伊勢崎日乃出店,小売業,その他小売,5%
群馬県,伊勢崎市,群馬トヨタ自動車総合センター,小売業,その他小売,5%
群馬県,伊勢崎市,群馬トヨタ自動車Ｕ．Ｐａｒｋ伊勢崎つなとり店,小売業,その他小売,5%
群馬県,伊勢崎市,ＧＡＴＥｍｏｔｏｒｃｙｃｌｅ,サービス,その他サービス,5%
群馬県,伊勢崎市,セブンーイレブンＫＯＹＯ伊勢崎市民病院店,小売業,食料品,2%
群馬県,伊勢崎市,コープ宮子店,小売業,食料品,5%
群馬県,伊勢崎市,ＣｏＣｏ壱番屋伊勢崎宮子町店,サービス,飲食業,2%
群馬県,伊勢崎市,子供服アップルパイン,小売業,衣料品,5%
群馬県,伊勢崎市,小林会計事務所,サービス,その他サービス,5%
群馬県,伊勢崎市,ＧＯＹＡ,サービス,その他サービス,5%
群馬県,伊勢崎市,境南ＳＳ,小売業,ガソリンスタンド,2%
群馬県,伊勢崎市,セブン－イレブン佐波東運動公園前店,小売業,食料品,2%
群馬県,伊勢崎市,ジーマックス国定縫製,小売業,衣料品,5%
群馬県,伊勢崎市,Ｊ ｚ ｎａｉｌ,サービス,理容・美容業,5%
群馬県,伊勢崎市,しゃぶしゃぶ温野菜伊勢崎店,サービス,飲食業,2%
群馬県,伊勢崎市,ジョイマハール 伊勢崎店,サービス,飲食業,5%
群馬県,伊勢崎市,セブン－イレブン新伊勢崎駅前店,小売業,食料品,2%
群馬県,伊勢崎市,酔楽,サービス,飲食業,5%
群馬県,伊勢崎市,Ｓｔｒｅａｍ,サービス,理容・美容業,5%
群馬県,伊勢崎市,スナック 月下美人,サービス,飲食業,5%
群馬県,伊勢崎市,ＳＰＵＲＳ,小売業,衣料品,5%
群馬県,伊勢崎市,ＳＰＵＲＳ,小売業,衣料品,5%
群馬県,伊勢崎市,スピリットガレージ,サービス,その他サービス,5%
群馬県,伊勢崎市,清閑堂 伊勢崎店,小売業,家具・調度品,5%
群馬県,伊勢崎市,セキナン商会,小売業,電化製品,5%
群馬県,伊勢崎市,株式会社ＧＡＫＵ,サービス,理容・美容業,5%
群馬県,伊勢崎市,セルフ伊勢崎田中ＳＳ,小売業,ガソリンスタンド,2%
群馬県,伊勢崎市,千里,サービス,飲食業,5%
群馬県,伊勢崎市,痩身専門 イッツボディ,サービス,その他サービス,5%
群馬県,伊勢崎市,タイムズアーチェンジン伊勢崎,小売業,食料品,5%
群馬県,伊勢崎市,ダンスファッション フレンド,小売業,衣料品,5%
群馬県,伊勢崎市,ＴＹＬＣＯ,サービス,理容・美容業,5%
群馬県,伊勢崎市,手打ち蕎麦 さとみ,サービス,飲食業,5%
群馬県,伊勢崎市,テルループ伊勢崎,小売業,その他小売,5%
群馬県,伊勢崎市,ｔｏｉ ｔｏｉ ｔｏｉ,サービス,飲食業,5%
群馬県,伊勢崎市,トヨタレンタリース群馬伊勢崎駅北口店,サービス,その他サービス,2%
群馬県,伊勢崎市,トヨマサペット美容院,サービス,その他サービス,5%
群馬県,伊勢崎市,トラストオート,小売業,その他小売,5%
群馬県,伊勢崎市,中田薬局,小売業,その他小売,5%
群馬県,伊勢崎市,長沼農園,その他業種,ー,5%
群馬県,伊勢崎市,日経商会,サービス,その他サービス,5%
群馬県,伊勢崎市,ネッツトヨタ高崎 伊勢崎つなとり店Ｕ－Ｃ,小売業,その他小売,5%
群馬県,伊勢崎市,ネッツトヨタ高崎伊勢崎つなとり店,小売業,その他小売,5%
群馬県,伊勢崎市,ＨＥＡＲＴＳ ｈａｉｒ,サービス,理容・美容業,5%
群馬県,伊勢崎市,ＢＡＲ ＤＯＭＯＯＲ,サービス,飲食業,5%
群馬県,伊勢崎市,ハーベストホテル,サービス,宿泊業,5%
群馬県,伊勢崎市,ハウスリーフ 本店,小売業,その他小売,5%
群馬県,伊勢崎市,ハシモトデンキ,小売業,電化製品,5%
群馬県,伊勢崎市,はせでん,小売業,電化製品,5%
群馬県,伊勢崎市,ハチスデンキ,小売業,電化製品,5%
群馬県,伊勢崎市,パティスリー ル カドゥー,サービス,飲食業,5%
群馬県,伊勢崎市,パドック宮子ＳＳ,小売業,ガソリンスタンド,2%
群馬県,伊勢崎市,はなぜん はなぜん,サービス,飲食業,5%
群馬県,伊勢崎市,ハンコステーション伊勢崎店,小売業,総合（非専門）,5%
群馬県,伊勢崎市,ＰＣ－ＷＡＶＥ,小売業,電化製品,5%
群馬県,伊勢崎市,東小保方,小売業,ガソリンスタンド,2%
群馬県,伊勢崎市,ビジネスホテル ファースト・イン,サービス,宿泊業,5%
群馬県,伊勢崎市,ピッツェリアラガッタ,サービス,飲食業,5%
群馬県,伊勢崎市,ピポパーク伊勢崎店,小売業,電化製品,5%
群馬県,伊勢崎市,ビューティーリゾート麗,サービス,理容・美容業,5%
群馬県,伊勢崎市,ＢＥＹＯＮＤＢＥＡＵＴＹ,サービス,その他サービス,5%
群馬県,伊勢崎市,富士書店 赤城店,小売業,総合（非専門）,5%
群馬県,伊勢崎市,双葉電機,小売業,電化製品,5%
群馬県,伊勢崎市,ブライダル砂岡,サービス,その他サービス,5%
群馬県,伊勢崎市,ふらっと整体院,サービス,理容・美容業,5%
群馬県,伊勢崎市,ブルドッカータゴス,サービス,その他サービス,5%
群馬県,伊勢崎市,ヘアーサロンはしもと,サービス,理容・美容業,5%
群馬県,伊勢崎市,ヘアーサロンはしもと,サービス,理容・美容業,5%
群馬県,伊勢崎市,Ｈａｉｒ ｍａｍｅｃｏ,サービス,理容・美容業,5%
群馬県,伊勢崎市,ヘアメイク ディアローグ,サービス,理容・美容業,5%
群馬県,伊勢崎市,ベーカリカフェカミムラ 上村パン,小売業,食料品,5%
群馬県,伊勢崎市,ペーニャ ペーニャ,サービス,理容・美容業,5%
群馬県,伊勢崎市,Ｂｅｄｆｏｒｄ Ｃａｆｅ,サービス,飲食業,5%
群馬県,伊勢崎市,堀口町ＳＳ,小売業,ガソリンスタンド,2%
群馬県,伊勢崎市,マクドナルド赤堀ベイシア店,サービス,飲食業,2%
群馬県,伊勢崎市,マクドナルド伊勢崎東Ｍ．ドン・キホーテＵＮＹ店,サービス,飲食業,2%
群馬県,伊勢崎市,マクドナルド伊勢崎店,サービス,飲食業,2%
群馬県,伊勢崎市,マクドナルド伊勢崎宮子町店,サービス,飲食業,2%
群馬県,伊勢崎市,マクドナルド伊勢崎茂呂店,サービス,飲食業,2%
群馬県,伊勢崎市,ＭＡＧＮＥＴ,小売業,衣料品,5%
群馬県,伊勢崎市,松本工業,サービス,その他サービス,5%
群馬県,伊勢崎市,南風,サービス,理容・美容業,5%
群馬県,伊勢崎市,妙ちくりん 伊勢崎店,小売業,食料品,5%
群馬県,伊勢崎市,明光電器商会,小売業,電化製品,5%
群馬県,伊勢崎市,メガネのイタガキ MEGAドン・キホーテ伊勢崎東店,小売業,その他小売,5%
群馬県,伊勢崎市,メガネのイタガキ 伊勢崎本店,小売業,その他小売,5%
群馬県,伊勢崎市,メガネのカイガン 境店,小売業,その他小売,5%
群馬県,伊勢崎市,メディカルスリムカッツェ,サービス,理容・美容業,5%
群馬県,伊勢崎市,麺屋 五郎蔵,サービス,飲食業,5%
群馬県,伊勢崎市,ＭｏｎＡｍｉｅ モナミ,サービス,理容・美容業,5%
群馬県,伊勢崎市,焼肉 力,サービス,飲食業,5%
群馬県,伊勢崎市,焼肉・ホルモンおかだ,サービス,飲食業,5%
群馬県,伊勢崎市,有限会社池島商店,小売業,その他小売,5%
群馬県,伊勢崎市,楽楽,サービス,理容・美容業,5%
群馬県,伊勢崎市,rush・valley,小売業,貴金属・服飾品,5%
群馬県,伊勢崎市,理容坂田,サービス,理容・美容業,5%
群馬県,伊勢崎市,理容松島,サービス,理容・美容業,5%
群馬県,伊勢崎市,Ｌｕｒａｌ ｈａｉｒ ｄｅｓｉｇｎ,サービス,理容・美容業,5%
群馬県,伊勢崎市,ＹＫ建物,その他業種,ー,5%
群馬県,板倉町,大塚商店 海老瀬ＳＳ,小売業,ガソリンスタンド,2%
群馬県,板倉町,籾谷サービスステーション,小売業,ガソリンスタンド,2%
群馬県,上野村,ヴィラせせらぎ,サービス,宿泊業,5%
群馬県,上野村,エムラボ,サービス,その他サービス,5%
群馬県,上野村,エムラボ,サービス,その他サービス,5%
群馬県,上野村,やまびこ荘,サービス,宿泊業,5%
群馬県,邑楽町,セブン－イレブン邑楽石打店,小売業,食料品,2%
群馬県,邑楽町,セブン－イレブン邑楽篠塚店,小売業,食料品,2%
群馬県,邑楽町,セブン－イレブン邑楽中野横町店,小売業,食料品,2%
群馬県,邑楽町,セブン－イレブン邑楽蛭沼店,小売業,食料品,2%
群馬県,邑楽町,セブン－イレブン邑楽狸塚店,小売業,食料品,2%
群馬県,邑楽町,オートプロジェクトサービス 邑楽店,小売業,その他小売,5%
群馬県,邑楽町,株式会社資材の窓口,その他業種,ー,5%
群馬県,邑楽町,コープ中野店,小売業,食料品,5%
群馬県,邑楽町,米蔵ふでや,小売業,食料品,5%
群馬県,邑楽町,すまいる電機 邑楽店,小売業,電化製品,5%
群馬県,邑楽町,ｎｅｅｚ ａｕｔｏ,サービス,その他サービス,5%
群馬県,邑楽町,はいどあんどしーく,小売業,その他小売,5%
群馬県,邑楽町,パフォレ 中野店,小売業,電化製品,5%
群馬県,邑楽町,フローラカンパニー,小売業,その他小売,5%
群馬県,邑楽町,ホ－ムガスショップ邑楽,小売業,その他小売,5%
群馬県,邑楽町,マクドナルド邑楽カインズホーム店,サービス,飲食業,2%
群馬県,邑楽町,妙ちくりん 邑楽町店,小売業,食料品,5%
群馬県,邑楽町,るべりえ,サービス,飲食業,5%
群馬県,大泉町,味の素冷凍食品㈱社員食堂,サービス,飲食業,5%
群馬県,大泉町,アレツクスアライデンカ,小売業,電化製品,5%
群馬県,大泉町,いずみマート大泉店,小売業,食料品,5%
群馬県,大泉町,出光パラーダ大泉吉田ＳＳ,小売業,ガソリンスタンド,2%
群馬県,大泉町,セブン－イレブン大泉朝日店,小売業,食料品,2%
群馬県,大泉町,セブン－イレブン大泉北小泉３丁目店,小売業,食料品,2%
群馬県,大泉町,セブン－イレブン大泉中央１丁目店,小売業,食料品,2%
群馬県,大泉町,セブン－イレブン大泉中央店,小売業,食料品,2%
群馬県,大泉町,セブン－イレブン大泉西小泉２丁目店,小売業,食料品,2%
群馬県,大泉町,セブン－イレブン大泉古氷店,小売業,食料品,2%
群馬県,大泉町,セブン－イレブン大泉南原店,小売業,食料品,2%
群馬県,大泉町,君島電器商会,小売業,電化製品,5%
群馬県,大泉町,牛角大泉店,サービス,飲食業,2%
群馬県,大泉町,ビリオン,小売業,電化製品,5%
群馬県,大泉町,マクドナルド３５４大泉店,サービス,飲食業,2%
群馬県,大泉町,ラジオルーム,サービス,理容・美容業,5%
群馬県,大泉町,ワールドツアーズ,サービス,その他サービス,5%
群馬県,太田市,ａｓｈ ｋｅｉｎ 太田,サービス,理容・美容業,5%
群馬県,太田市,アヅマ補聴器センター 太田支店,小売業,その他小売,5%
群馬県,太田市,ｃｈｅｅｓｅ＋ｃａｖｅＡｔｒｉ,サービス,飲食業,5%
群馬県,太田市,有賀園ゴルフ太田店,小売業,その他小売,5%
群馬県,太田市,イーグルジャパン,サービス,その他サービス,5%
群馬県,太田市,飯田モータース,サービス,その他サービス,5%
群馬県,太田市,イエロームング,サービス,飲食業,5%
群馬県,太田市,メガネのイタガキ イオンモール太田店,小売業,その他小売,5%
群馬県,太田市,居酒屋どん 太田店,サービス,飲食業,5%
群馬県,太田市,いずみマート龍舞店,小売業,食料品,5%
群馬県,太田市,板垣 太田新井店,小売業,貴金属・服飾品,5%
群馬県,太田市,出光只上ＳＳ,小売業,ガソリンスタンド,2%
群馬県,太田市,イトイ 新田店,小売業,貴金属・服飾品,5%
群馬県,太田市,イトイ本店,小売業,貴金属・服飾品,5%
群馬県,太田市,イノセ宝石,小売業,衣料品,5%
群馬県,太田市,今井自動車整備工場,サービス,その他サービス,5%
群馬県,太田市,インド料理ＭＡＨＡＲＡＮＩ マハラニ,サービス,飲食業,5%
群馬県,太田市,うたげや,サービス,飲食業,5%
群馬県,太田市,Ａ＆Ｘ,小売業,その他小売,5%
群馬県,太田市,ａｕショップ 太田中央,小売業,電化製品,5%
群馬県,太田市,ａｕショップ太田南,小売業,電化製品,5%
群馬県,太田市,セブン－イレブン大泉仙石２丁目店,小売業,食料品,2%
群馬県,太田市,太田ＳＳ,小売業,ガソリンスタンド,2%
群馬県,太田市,オーダースーツ注文紳士服アベ オーダースーツ注文紳士服アベ太田店,小売業,衣料品,5%
群馬県,太田市,太田イン,サービス,宿泊業,5%
群馬県,太田市,太田ガス事業所,小売業,その他小売,5%
群馬県,太田市,太田グランドホテル,サービス,宿泊業,5%
群馬県,太田市,セブン－イレブン太田高校西店,小売業,食料品,2%
群馬県,太田市,セブン－イレブン太田市新井町南店,小売業,食料品,2%
群馬県,太田市,セブン－イレブン太田市飯塚町店,小売業,食料品,2%
群馬県,太田市,セブン－イレブン太田市市場町店,小売業,食料品,2%
群馬県,太田市,セブン－イレブン太田市内ケ島東店,小売業,食料品,2%
群馬県,太田市,セブン－イレブン太田市追分店,小売業,食料品,2%
群馬県,太田市,セブン－イレブン太田市沖之郷町店,小売業,食料品,2%
群馬県,太田市,セブン－イレブン太田市小舞木店,小売業,食料品,2%
群馬県,太田市,セブン－イレブン太田市下浜田町店,小売業,食料品,2%
群馬県,太田市,セブン－イレブン太田市台之郷店,小売業,食料品,2%
群馬県,太田市,セブン－イレブン太田市高林店,小売業,食料品,2%
群馬県,太田市,セブン－イレブン太田市高林バイパス店,小売業,食料品,2%
群馬県,太田市,セブン－イレブン太田市高林東町店,小売業,食料品,2%
群馬県,太田市,セブン－イレブン太田市七日市店,小売業,食料品,2%
群馬県,太田市,セブン－イレブン太田市新野町店,小売業,食料品,2%
群馬県,太田市,セブン－イレブン太田市西新町店,小売業,食料品,2%
群馬県,太田市,セブン－イレブン太田市新田運動公園前店,小売業,食料品,2%
群馬県,太田市,セブン－イレブン太田市新田金井町店,小売業,食料品,2%
群馬県,太田市,セブン－イレブン太田市新田木崎店,小売業,食料品,2%
群馬県,太田市,セブン－イレブン太田市新田反町北店,小売業,食料品,2%
群馬県,太田市,セブン－イレブン太田市八幡町店,小売業,食料品,2%
群馬県,太田市,セブン－イレブン太田市東今泉町店,小売業,食料品,2%
群馬県,太田市,セブン－イレブン太田市東金井店,小売業,食料品,2%
群馬県,太田市,セブン－イレブン太田市東本町店,小売業,食料品,2%
群馬県,太田市,セブン－イレブン太田市東矢島町店,小売業,食料品,2%
群馬県,太田市,セブン－イレブン太田市藤阿久北店,小売業,食料品,2%
群馬県,太田市,セブン－イレブン太田市藤阿久町店,小売業,食料品,2%
群馬県,太田市,セブン－イレブン太田市細谷町店,小売業,食料品,2%
群馬県,太田市,セブン－イレブン太田市細谷バイパス店,小売業,食料品,2%
群馬県,太田市,セブン－イレブン太田市南矢島町店,小売業,食料品,2%
群馬県,太田市,セブン－イレブン太田市龍舞バイパス店,小売業,食料品,2%
群馬県,太田市,セブン－イレブン太田市龍舞南店,小売業,食料品,2%
群馬県,太田市,太田西ＳＳ,小売業,ガソリンスタンド,2%
群馬県,太田市,太田浜町ＳＳ,小売業,ガソリンスタンド,2%
群馬県,太田市,太田マシンサービス 太田店,小売業,その他小売,5%
群馬県,太田市,オートガレージ武井,その他業種,ー,5%
群馬県,太田市,オートジュン,サービス,その他サービス,5%
群馬県,太田市,オートレット太田,小売業,その他小売,5%
群馬県,太田市,大原,小売業,ガソリンスタンド,2%
群馬県,太田市,オカベ電子,小売業,電化製品,5%
群馬県,太田市,お好み焼きＫＡＮＳＡＩ 太田南矢島店,サービス,飲食業,5%
群馬県,太田市,お好み焼きＫＡＮＳＡＩ 太田岩瀬川本店,サービス,飲食業,5%
群馬県,太田市,お好み焼てっぱん職人,サービス,飲食業,5%
群馬県,太田市,オリックスレンタカー太田駅前店,サービス,その他サービス,2%
群馬県,太田市,オリックスレンタカー太田店,サービス,その他サービス,2%
群馬県,太田市,海鮮どんさん亭 藤阿久店,サービス,飲食業,5%
群馬県,太田市,家具のホンダ 太田店,小売業,家具・調度品,5%
群馬県,太田市,梶塚商店,小売業,食料品,5%
群馬県,太田市,がってん寿司太田店,サービス,飲食業,5%
群馬県,太田市,ＣＵＴＩＮＹ’Ｓー理容ワイズー,サービス,理容・美容業,5%
群馬県,太田市,かつはな亭太田矢島店,サービス,飲食業,5%
群馬県,太田市,かつはな亭太田由良店,サービス,飲食業,5%
群馬県,太田市,かつはな亭新田店,サービス,飲食業,5%
群馬県,太田市,Ｃａｆｅ タイ夢,小売業,その他小売,5%
群馬県,太田市,株式会社グリーンワークス,サービス,その他サービス,5%
群馬県,太田市,株式会社 日本常備薬,小売業,その他小売,5%
群馬県,太田市,株式会社ブロードヒューマンネットワーク,サービス,その他サービス,5%
群馬県,太田市,上村電機,小売業,電化製品,5%
群馬県,太田市,ガレージ天竜,サービス,その他サービス,5%
群馬県,太田市,カレーハウスＣＯＣＯ壱番屋太田末広店,サービス,飲食業,2%
群馬県,太田市,カレーハウスＣＯＣＯ壱番屋太田西矢島店,サービス,飲食業,2%
群馬県,太田市,川田電機,小売業,電化製品,5%
群馬県,太田市,金星食品有限会社,小売業,食料品,5%
群馬県,太田市,くずし割烹とせいろ飯の店 杏,サービス,飲食業,5%
群馬県,太田市,クライミングジム オズ,その他業種,ー,5%
群馬県,太田市,栗原モータース,サービス,その他サービス,5%
群馬県,太田市,ｇｌｅａｍ,小売業,その他小売,5%
群馬県,太田市,群馬電気,小売業,電化製品,5%
群馬県,太田市,群馬トヨタ自動車太田４０７号店,小売業,その他小売,5%
群馬県,太田市,群馬トヨタ自動車太田竜舞店,小売業,その他小売,5%
群馬県,太田市,群馬トヨタ自動車ＰｉＰｉｔ太田竜舞店,小売業,その他小売,5%
群馬県,太田市,群馬トヨタ自動車Ｕ．Ｐａｒｋ太田竜舞店,小売業,その他小売,5%
群馬県,太田市,群馬トヨタ自動車レクサス太田,小売業,その他小売,5%
群馬県,太田市,合同会社ＣＡＭＴＥＣＫ,小売業,電化製品,5%
群馬県,太田市,コープ新井店,小売業,食料品,5%
群馬県,太田市,小金井ＳＳ,小売業,ガソリンスタンド,2%
群馬県,太田市,Ｃｏｇｉｃ ｈａｉｒ＆ｅｙｅ,サービス,理容・美容業,5%
群馬県,太田市,後藤自動車,サービス,その他サービス,5%
群馬県,太田市,坂田理容所,サービス,理容・美容業,5%
群馬県,太田市,三永,小売業,その他小売,5%
群馬県,太田市,サンドイッチ専門店 まめや,サービス,飲食業,5%
群馬県,太田市,ジェームス太田高林店,小売業,その他小売,2%
群馬県,太田市,しげる工業株式会社 市野倉工場内食堂,サービス,飲食業,5%
群馬県,太田市,しげる工業株式会社 本社工場内食堂,サービス,飲食業,5%
群馬県,太田市,セブン－イレブン上州新田店,小売業,食料品,2%
群馬県,太田市,シンエネ太田ＳＳ,小売業,ガソリンスタンド,2%
群馬県,太田市,スイーツカフェプルミエ,小売業,食料品,5%
群馬県,太田市,スタジオマックス太田店,サービス,その他サービス,5%
群馬県,太田市,ｓｔｏｎｅ ｃｏｌｏｒｔｈｅｒａｐｙ ＰＲＥＣＩＯＵＳ ＰＲＥＣＩＯＵＳ,小売業,その他小売,5%
群馬県,太田市,清閑堂 太田店,小売業,家具・調度品,5%
群馬県,太田市,Ｓｏｐｈｅｒｓ,サービス,理容・美容業,5%
群馬県,太田市,タイヤ激安センター,小売業,その他小売,5%
群馬県,太田市,タカラコーポレーション,小売業,電化製品,5%
群馬県,太田市,竹澤畳店,その他業種,ー,5%
群馬県,太田市,たなべ。,サービス,飲食業,5%
群馬県,太田市,津久井酒店ハタヤ,小売業,食料品,5%
群馬県,太田市,津久井酒店ハタヤ,小売業,食料品,5%
群馬県,太田市,ＴＫＭ Ｅｎｚｙｍｅ Ｓｐａ,サービス,その他サービス,5%
群馬県,太田市,Ｔ ｓ Ｒｏｏｍ,サービス,その他サービス,5%
群馬県,太田市,ＴＳオートボディー,サービス,その他サービス,5%
群馬県,太田市,ＤＥＬＩＧＨＴ,小売業,衣料品,5%
群馬県,太田市,ＤＥＬＩＧＨＴ ＰＯＰＵＰ ＴＷＯ,小売業,衣料品,5%
群馬県,太田市,テーラー岡,小売業,衣料品,5%
群馬県,太田市,ｄｅｓｉｇｎ ｌａｂｏ,サービス,理容・美容業,5%
群馬県,太田市,鉄板焼 仁屋,サービス,飲食業,5%
群馬県,太田市,東楊軒,サービス,飲食業,5%
群馬県,太田市,トータルウエディングサロン ブライズ,小売業,衣料品,5%
群馬県,太田市,戸田動物病院,サービス,その他サービス,5%
群馬県,太田市,トヨタレンタリース群馬太田駅北口店,サービス,その他サービス,2%
群馬県,太田市,トヨタレンタリース群馬太田新道町店,サービス,その他サービス,2%
群馬県,太田市,鳥やき 福やす,サービス,飲食業,5%
群馬県,太田市,呑龍文庫ももとせ,サービス,飲食業,5%
群馬県,太田市,有限会社永井酒店,サービス,飲食業,5%
群馬県,太田市,永井自動車,サービス,その他サービス,5%
群馬県,太田市,新田ＳＳ,小売業,ガソリンスタンド,2%
群馬県,太田市,ニッタガス,小売業,その他小売,5%
群馬県,太田市,セブン－イレブン新田上田中店,小売業,食料品,2%
群馬県,太田市,新田町ＳＳ,小売業,ガソリンスタンド,2%
群馬県,太田市,セブン－イレブン新田綿打店,小売業,食料品,2%
群馬県,太田市,日本料理 川畑,サービス,飲食業,5%
群馬県,太田市,ニュ－タカラ薮塚店,小売業,電化製品,5%
群馬県,太田市,のぼり屋,サービス,飲食業,5%
群馬県,太田市,バーバー ペニーレーン,サービス,理容・美容業,5%
群馬県,太田市,橋本絞店,小売業,衣料品,5%
群馬県,太田市,花のこばやし,小売業,その他小売,5%
群馬県,太田市,ｈａｒｕｋａ,サービス,その他サービス,5%
群馬県,太田市,ハンコステーション太田店,小売業,総合（非専門）,5%
群馬県,太田市,ＰＣプラス ＰＣプラス,小売業,電化製品,5%
群馬県,太田市,東金井ＳＳ,小売業,ガソリンスタンド,2%
群馬県,太田市,ヒカリエ療術院,サービス,その他サービス,5%
群馬県,太田市,美才都パソコン道場,サービス,その他サービス,5%
群馬県,太田市,ビステッカ ＢＵＮ ビステッカＢＵＮ,サービス,飲食業,5%
群馬県,太田市,Ｂｉｓｔｒｏ Ｆａｍｉｌｌｅ,サービス,飲食業,5%
群馬県,太田市,ピポパーク太田店,小売業,電化製品,5%
群馬県,太田市,Ｂｅａｕｔｙ Ｂｏｘ ＢＡＭＢＩ,サービス,理容・美容業,5%
群馬県,太田市,美容室 ＰＵＮＩＭ 矢島店,サービス,理容・美容業,5%
群馬県,太田市,美容室 ＰＵＮＩＭ 龍舞店,サービス,理容・美容業,5%
群馬県,太田市,広瀬総合自動車 新車市場太田店,サービス,その他サービス,5%
群馬県,太田市,ファッションハウスすずまん,小売業,衣料品,5%
群馬県,太田市,Ｆａｉｒｙｔｏｒｓｏ,小売業,衣料品,5%
群馬県,太田市,ヘアーサロン ウチヤマ,サービス,理容・美容業,5%
群馬県,太田市,Ｈａｉｒ Ｇａｒｄｅｎ,サービス,理容・美容業,5%
群馬県,太田市,ぺぱぁみんと美容室,サービス,理容・美容業,5%
群馬県,太田市,ベルボア 太田店,サービス,飲食業,5%
群馬県,太田市,ＭＯＵＮＴＡＩＮ ＤＥＥＲ,小売業,衣料品,5%
群馬県,太田市,マクドナルドイオンモール太田店,サービス,飲食業,2%
群馬県,太田市,マクドナルド太田内ヶ島店,サービス,飲食業,2%
群馬県,太田市,マクドナルド５０号原宿南店,サービス,飲食業,2%
群馬県,太田市,マクドナルド新田ショッピングセンター店,サービス,飲食業,2%
群馬県,太田市,マクドナルド新田町店,サービス,飲食業,2%
群馬県,太田市,マクドナルド４０７太田店,サービス,飲食業,2%
群馬県,太田市,マグノリアコーヒーロースターズ,サービス,飲食業,5%
群馬県,太田市,むらやま 太田店,小売業,その他小売,5%
群馬県,太田市,ｍｏｒｅ Ａｍｅｎｉｔｙ,サービス,理容・美容業,5%
群馬県,太田市,焼肉大臣苑,サービス,飲食業,5%
群馬県,太田市,焼肉 東海苑 太田店,サービス,飲食業,5%
群馬県,太田市,焼肉飯店やしろう苑,サービス,飲食業,5%
群馬県,太田市,藪塚,小売業,ガソリンスタンド,2%
群馬県,太田市,セブン－イレブン藪塚大原店,小売業,食料品,2%
群馬県,太田市,セブン－イレブン藪塚町藪塚店,小売業,食料品,2%
群馬県,太田市,セブン－イレブン藪塚山之神店,小売業,食料品,2%
群馬県,太田市,有限会社 ヨシカワスポーツ,小売業,その他小売,5%
群馬県,太田市,有限会社シー エス トップ,小売業,その他小売,5%
群馬県,太田市,有限会社真下会計事務所,サービス,その他サービス,5%
群馬県,太田市,吉田時計店,小売業,その他小売,5%
群馬県,太田市,Ｌｏｖｅｌｙ 【ラブリー】,サービス,理容・美容業,5%
群馬県,太田市,リノンツ－リスト太田店,サービス,その他サービス,5%
群馬県,太田市,リンゴ屋 太田店,サービス,その他サービス,5%
群馬県,太田市,アイラッシュサロン ルアナ,サービス,理容・美容業,5%
群馬県,太田市,ＬＯＴＵＳＨＡＩＲ,サービス,理容・美容業,5%
群馬県,太田市,ワシントンモーターズ,その他業種,ー,5%
群馬県,片品村,オウレット,サービス,宿泊業,5%
群馬県,片品村,セブン－イレブン片品須賀川店,小売業,食料品,2%
群馬県,片品村,ＮＩＳＨＩＭＯＴＯ,サービス,理容・美容業,5%
群馬県,片品村,平人旅館,サービス,その他サービス,5%
群馬県,片品村,不思議草,サービス,宿泊業,5%
群馬県,片品村,ペンション もみの詩,サービス,公共料金,5%
群馬県,片品村,ペンション ワルツ,サービス,宿泊業,5%
群馬県,片品村,ペンションぽかぽか,サービス,宿泊業,5%
群馬県,川場村,カッフェカネカワ,サービス,飲食業,5%
群馬県,川場村,酒蔵 誉国光,小売業,その他小売,5%
群馬県,神流町,神流町ＳＳ,小売業,ガソリンスタンド,2%
群馬県,甘楽町,小幡ＳＳ,小売業,ガソリンスタンド,2%
群馬県,甘楽町,小幡ＳＳ 有限会社山富商店,小売業,ガソリンスタンド,2%
群馬県,甘楽町,甘楽ＳＳ,小売業,ガソリンスタンド,2%
群馬県,甘楽町,甘楽福島ＳＳ,小売業,ガソリンスタンド,2%
群馬県,甘楽町,セブンーイレブン甘楽福島北店,小売業,食料品,2%
群馬県,甘楽町,白倉ＳＳ,小売業,ガソリンスタンド,2%
群馬県,甘楽町,ヘアーサロン ヤマダ,サービス,理容・美容業,5%
群馬県,桐生市,藍場酒店,小売業,食料品,5%
群馬県,桐生市,あなはら本店,その他業種,ー,5%
群馬県,桐生市,有賀園ゴルフ桐生店,小売業,その他小売,5%
群馬県,桐生市,Ａｌｌｕｍｅｒｇｕｎｍａアリュメール群馬,小売業,電化製品,5%
群馬県,桐生市,アンシャンテ,サービス,理容・美容業,5%
群馬県,桐生市,居酒屋どん 本町店,サービス,飲食業,5%
群馬県,桐生市,イタリア料理ＲＯＫＡ,サービス,飲食業,5%
群馬県,桐生市,イヅハラ産業株式会社,小売業,衣料品,5%
群馬県,桐生市,エーアンドズィー,小売業,電化製品,5%
群馬県,桐生市,エールヒライ,小売業,その他小売,5%
群馬県,桐生市,エストサポートサクライ,小売業,電化製品,5%
群馬県,桐生市,尾池自動車,サービス,その他サービス,5%
群馬県,桐生市,オートショップ下山,小売業,その他小売,5%
群馬県,桐生市,オ－トプラザ相生ＳＳ,小売業,ガソリンスタンド,2%
群馬県,桐生市,お好み焼きＫＡＮＳＡＩ 桐生店,サービス,飲食業,5%
群馬県,桐生市,オリックスレンタカー桐生店,サービス,その他サービス,2%
群馬県,桐生市,ガーデンタナカヤ,小売業,食料品,5%
群馬県,桐生市,海鮮居酒屋どんさん亭 相生店,サービス,飲食業,5%
群馬県,桐生市,海鮮居酒屋どんさん亭 新宿郷屋敷店,サービス,飲食業,5%
群馬県,桐生市,カーコンビニ倶楽部 Ｐｉｔ桐生,サービス,その他サービス,5%
群馬県,桐生市,株式会社 貸衣裳いしかわ,サービス,その他サービス,5%
群馬県,桐生市,がってん寿司桐生店,サービス,飲食業,5%
群馬県,桐生市,カトレア,小売業,その他小売,5%
群馬県,桐生市,木のおもちゃと手仕事屋かばんねこ,その他業種,ー,5%
群馬県,桐生市,株式会社 水越,サービス,その他サービス,5%
群馬県,桐生市,株式会社ワールドツーリスト,サービス,その他サービス,5%
群馬県,桐生市,上條電器,小売業,電化製品,5%
群馬県,桐生市,かみ処髪技,サービス,理容・美容業,5%
群馬県,桐生市,亀六そば,サービス,飲食業,5%
群馬県,桐生市,カワカミ電器,小売業,電化製品,5%
群馬県,桐生市,関東日石 本社,小売業,その他小売,2%
群馬県,桐生市,キッチンさわい,サービス,飲食業,5%
群馬県,桐生市,ｋｉｒｉｋａ,小売業,家具・調度品,5%
群馬県,桐生市,桐生ＳＳ,小売業,ガソリンスタンド,2%
群馬県,桐生市,セブン－イレブン桐生相生５丁目店,小売業,食料品,2%
群馬県,桐生市,セブン－イレブン桐生相生店,小売業,食料品,2%
群馬県,桐生市,セブン－イレブン桐生相生西店,小売業,食料品,2%
群馬県,桐生市,セブン－イレブン桐生間ノ島店,小売業,食料品,2%
群馬県,桐生市,セブン－イレブン桐生天沼店,小売業,食料品,2%
群馬県,桐生市,セブン－イレブン桐生川内店,小売業,食料品,2%
群馬県,桐生市,桐生グランドホテル,サービス,宿泊業,5%
群馬県,桐生市,桐生琴平町ＳＳ,小売業,ガソリンスタンド,2%
群馬県,桐生市,セブン－イレブン桐生境野店,小売業,食料品,2%
群馬県,桐生市,桐生食堂,その他業種,ー,5%
群馬県,桐生市,桐生食堂（Ｔｕｏ）,その他業種,ー,5%
群馬県,桐生市,メガネのイタガキ 桐生新宿店,小売業,その他小売,5%
群馬県,桐生市,セブン－イレブン桐生新宿店,小売業,食料品,2%
群馬県,桐生市,桐生天神町,小売業,ガソリンスタンド,2%
群馬県,桐生市,セブン－イレブン桐生新里町小林店,小売業,食料品,2%
群馬県,桐生市,セブン－イレブン桐生新里町元宿店,小売業,食料品,2%
群馬県,桐生市,桐生西ＳＳ,小売業,ガソリンスタンド,2%
群馬県,桐生市,セブン－イレブン桐生東仲通り店,小売業,食料品,2%
群馬県,桐生市,桐生広沢ＳＳ,小売業,ガソリンスタンド,2%
群馬県,桐生市,セブン－イレブン桐生広沢１丁目店,小売業,食料品,2%
群馬県,桐生市,セブン－イレブン桐生広沢店,小売業,食料品,2%
群馬県,桐生市,セブン－イレブン桐生広沢７丁目店,小売業,食料品,2%
群馬県,桐生市,桐生本町ＳＳ,小売業,ガソリンスタンド,2%
群馬県,桐生市,桐生南ＳＳ,小売業,ガソリンスタンド,2%
群馬県,桐生市,桐生南ＳＳ,小売業,ガソリンスタンド,2%
群馬県,桐生市,眼鏡王,小売業,その他小売,5%
群馬県,桐生市,Ｇｒｏｏｍｉｎｇ Ｓｐａ Ｓｉｅｓｔａ,サービス,理容・美容業,5%
群馬県,桐生市,黒保根ＳＳ カナイ石油 有限会社十一屋商店,小売業,ガソリンスタンド,2%
群馬県,桐生市,群馬大学生協 桐生購買,その他業種,ー,5%
群馬県,桐生市,群馬大学生協 桐生購買（ＴＵＯ）,その他業種,ー,5%
群馬県,桐生市,群馬大学生協 桐生購買書籍,その他業種,ー,5%
群馬県,桐生市,群馬トヨタ自動車桐生バイパス店,小売業,その他小売,5%
群馬県,桐生市,群馬トヨタ自動車Ｕ．Ｐａｒｋ桐生バイパス店,小売業,その他小売,5%
群馬県,桐生市,ケント商会,小売業,電化製品,5%
群馬県,桐生市,コープ東久方店,小売業,食料品,5%
群馬県,桐生市,ＣＯＭＭＥ ＣＡ ＩＳＭ,小売業,衣料品,5%
群馬県,桐生市,サイクルショップ タジマ,小売業,その他小売,5%
群馬県,桐生市,サイクルショップ タジマ ファミリー館,小売業,その他小売,5%
群馬県,桐生市,佐藤眼鏡店,小売業,その他小売,5%
群馬県,桐生市,ｓａｌｏｎ ＭＩＮＯＲＩ Ｌｏｏｐ,小売業,その他小売,5%
群馬県,桐生市,参夕,サービス,飲食業,5%
群馬県,桐生市,三友居,小売業,その他小売,5%
群馬県,桐生市,ＳＥＡＳＯＮ ＣＡＦＥ,サービス,飲食業,5%
群馬県,桐生市,志多美屋相生支店,サービス,飲食業,5%
群馬県,桐生市,新桐生ＳＳ,小売業,ガソリンスタンド,2%
群馬県,桐生市,新浜せんべい,小売業,食料品,5%
群馬県,桐生市,スタジオ・モカ,サービス,その他サービス,5%
群馬県,桐生市,ＳＴＥＰ ｆｏｒ ｈａｉｒ ｆａｃｅ,サービス,理容・美容業,5%
群馬県,桐生市,３ＰＥＡＫ ３ＰＥＡＫ,小売業,衣料品,5%
群馬県,桐生市,ソノダオートサービス,サービス,その他サービス,5%
群馬県,桐生市,そばよし,サービス,飲食業,5%
群馬県,桐生市,高野商店市役所通り店,小売業,食料品,5%
群馬県,桐生市,高野商店錦町本店,小売業,食料品,5%
群馬県,桐生市,たなべ化粧品店,小売業,その他小売,5%
群馬県,桐生市,中国料理 上海亭,サービス,飲食業,5%
群馬県,桐生市,ＤｏｇＧａｒｄｅｎ ＮＥＯＣＵＯＲＥ,サービス,その他サービス,5%
群馬県,桐生市,トヨタレンタリース群馬新桐生駅前店,サービス,その他サービス,2%
群馬県,桐生市,セブン－イレブン新里新川店,小売業,食料品,2%
群馬県,桐生市,肉の専門店 中信 中信,小売業,食料品,5%
群馬県,桐生市,セブン－イレブン西桐生駅前店,小売業,食料品,2%
群馬県,桐生市,新川ＳＳ,小売業,ガソリンスタンド,2%
群馬県,桐生市,沼田屋タクシー １,サービス,運輸業,5%
群馬県,桐生市,ハーブ アロマ香草屋,小売業,その他小売,5%
群馬県,桐生市,バイチャリわたらせ店,小売業,その他小売,5%
群馬県,桐生市,パームコバヤシ,小売業,電化製品,5%
群馬県,桐生市,パ－ム電気屋ヒライ,小売業,電化製品,5%
群馬県,桐生市,パンフォーユー,小売業,食料品,5%
群馬県,桐生市,びすとろラメール,サービス,飲食業,5%
群馬県,桐生市,福田時計店,小売業,貴金属・服飾品,5%
群馬県,桐生市,藤屋第一支店,サービス,飲食業,5%
群馬県,桐生市,フラワーギャラリーエフ,小売業,その他小売,5%
群馬県,桐生市,フラワーギャラリーエフ,小売業,その他小売,5%
群馬県,桐生市,文化堂,小売業,貴金属・服飾品,5%
群馬県,桐生市,ヘアーコレクション スパーク,サービス,理容・美容業,5%
群馬県,桐生市,ヘアーサロン タカハシ,サービス,理容・美容業,5%
群馬県,桐生市,Ｈａｉｒ Ｓａｌｏｎ 嘉凛,サービス,理容・美容業,5%
群馬県,桐生市,ベストワン,小売業,電化製品,5%
群馬県,桐生市,ペットシッター＆ホテル パワーアップ,サービス,その他サービス,5%
群馬県,桐生市,ベルーリア 桐生店,小売業,衣料品,5%
群馬県,桐生市,ベルタイム,小売業,食料品,5%
群馬県,桐生市,ボディーショップテクノ,サービス,その他サービス,5%
群馬県,桐生市,ぽぽん,小売業,衣料品,5%
群馬県,桐生市,マクドナルド桐生マーケットシティ店,サービス,飲食業,2%
群馬県,桐生市,マクドナルド５０号桐生店,サービス,飲食業,2%
群馬県,桐生市,街の印刷屋ぱれっと,小売業,総合（非専門）,5%
群馬県,桐生市,磨き処 ｊｉｎ,その他業種,ー,5%
群馬県,桐生市,有限会社三木商店,小売業,食料品,5%
群馬県,桐生市,ムラオカ理容室,サービス,理容・美容業,5%
群馬県,桐生市,モーターサイクルショップヒルマ,小売業,その他小売,5%
群馬県,桐生市,山口電気,小売業,電化製品,5%
群馬県,桐生市,有限会社 岩上商店,小売業,食料品,5%
群馬県,桐生市,（有）塩谷商事,サービス,その他サービス,5%
群馬県,桐生市,読売センター桐生広沢,小売業,その他小売,5%
群馬県,桐生市,ライフデンキ,小売業,電化製品,5%
群馬県,桐生市,ＬＯＵＮＧＥ Ｐｏｎｏ,サービス,飲食業,5%
群馬県,桐生市,料亭 一婦美,サービス,飲食業,5%
群馬県,桐生市,ルシアン,サービス,理容・美容業,5%
群馬県,桐生市,レストランラベイユ,サービス,飲食業,5%
群馬県,桐生市,ワダモーターサイクル,サービス,その他サービス,5%
群馬県,桐生市,渡良瀬ＳＳ,小売業,ガソリンスタンド,2%
群馬県,草津町,伊東園ホテル草津,サービス,宿泊業,5%
群馬県,草津町,益成屋旅館,サービス,宿泊業,5%
群馬県,草津町,近江屋ラジオ店,小売業,電化製品,5%
群馬県,草津町,お宿 善,サービス,宿泊業,5%
群馬県,草津町,お宿 善,サービス,宿泊業,5%
群馬県,草津町,菊水荘,サービス,宿泊業,5%
群馬県,草津町,喫茶去,サービス,宿泊業,5%
群馬県,草津町,草津ＳＳ,小売業,ガソリンスタンド,2%
群馬県,草津町,草津温泉民泊暁天,サービス,その他サービス,5%
群馬県,草津町,草津温泉宿 永田屋,サービス,宿泊業,5%
群馬県,草津町,草津温泉旅館協同組合,小売業,その他小売,5%
群馬県,草津町,清重館,サービス,その他サービス,5%
群馬県,草津町,セブン－イレブン群馬草津東店,小売業,食料品,2%
群馬県,草津町,セブン－イレブン群馬草津前口店,小売業,食料品,2%
群馬県,草津町,セブン－イレブン群馬草津湯畑店,小売業,食料品,2%
群馬県,草津町,群龍館,サービス,宿泊業,5%
群馬県,草津町,炯,サービス,宿泊業,5%
群馬県,草津町,コンドミニアム フラットレット草津,サービス,宿泊業,5%
群馬県,草津町,有限会社駿河屋商店,小売業,家具・調度品,5%
群馬県,草津町,泉水館,サービス,宿泊業,5%
群馬県,草津町,天狗山ペンション”トーク”,サービス,宿泊業,5%
群馬県,草津町,とり彦,サービス,飲食業,5%
群馬県,草津町,花栞（はなしおり）,サービス,宿泊業,5%
群馬県,草津町,ＨＡＮＡＹＡＤＯ ＢＡＥＬＺ,サービス,宿泊業,5%
群馬県,草津町,ペンション陽のあたる場所,サービス,宿泊業,5%
群馬県,草津町,ペンションみとも,サービス,その他サービス,5%
群馬県,草津町,ホテル一井,サービス,宿泊業,5%
群馬県,草津町,ホテル一井 カフェ バー,サービス,飲食業,5%
群馬県,草津町,前口ＳＳ 株式会社ミナミ燃料,小売業,ガソリンスタンド,2%
群馬県,草津町,山びこ温泉まんじゅう,サービス,飲食業,5%
群馬県,草津町,湯の宿みさご,サービス,宿泊業,5%
群馬県,草津町,Ｌｕｃｋｙ Ｂａｇｅｌ,サービス,飲食業,5%
群馬県,草津町,旅館 美津木,サービス,宿泊業,5%
群馬県,草津町,旅館たむら,サービス,宿泊業,5%
群馬県,渋川市,青沼貴金属店,小売業,貴金属・服飾品,5%
群馬県,渋川市,赤城インターＳＳ,小売業,ガソリンスタンド,2%
群馬県,渋川市,セブン－イレブン赤城勝保沢店,小売業,食料品,2%
群馬県,渋川市,赤城樽ＳＳ カナイ石油 星野石油,小売業,ガソリンスタンド,2%
群馬県,渋川市,荒木商店,小売業,ガソリンスタンド,2%
群馬県,渋川市,有馬ＳＳ,小売業,ガソリンスタンド,2%
群馬県,渋川市,伊香保ＳＳ,小売業,ガソリンスタンド,2%
群馬県,渋川市,伊香保温泉 旅館ふくぜん,サービス,宿泊業,5%
群馬県,渋川市,伊香保温泉さくらい旅館,サービス,宿泊業,5%
群馬県,渋川市,伊香保商事有限会社,小売業,ガソリンスタンド,2%
群馬県,渋川市,伊勢屋本店,サービス,飲食業,5%
群馬県,渋川市,市川別館 晴観荘,サービス,宿泊業,5%
群馬県,渋川市,井上印房 井上印房,小売業,その他小売,5%
群馬県,渋川市,Ｗｉｎｋ いわた,小売業,その他小売,5%
群馬県,渋川市,小野上ＳＳ カナイ石油 有限会社福島石油販売,小売業,ガソリンスタンド,2%
群馬県,渋川市,お宿 玉樹,サービス,宿泊業,5%
群馬県,渋川市,温泉宿 塚越屋七兵衛,サービス,宿泊業,5%
群馬県,渋川市,カーライフ関口,その他業種,ー,5%
群馬県,渋川市,ガレージＧＴＭ 渋川伊香保インター店,小売業,その他小売,5%
群馬県,渋川市,川崎商店,小売業,電化製品,5%
群馬県,渋川市,川島ＳＳ,小売業,ガソリンスタンド,2%
群馬県,渋川市,岸権旅館,サービス,宿泊業,5%
群馬県,渋川市,牛角渋川店,サービス,飲食業,2%
群馬県,渋川市,グランドデンキ,小売業,電化製品,5%
群馬県,渋川市,クリーニング イーコンビ みゆきだ本社店,サービス,その他サービス,5%
群馬県,渋川市,クロスターミュージック,小売業,その他小売,5%
群馬県,渋川市,群馬トヨタ自動車オートモール渋川店,小売業,その他小売,5%
群馬県,渋川市,群馬トヨタ自動車Ｕ．Ｐａｒｋオートモール渋川店,小売業,その他小売,5%
群馬県,渋川市,小池,サービス,飲食業,5%
群馬県,渋川市,心に咲く花 古久家,サービス,宿泊業,5%
群馬県,渋川市,子持ＳＳ,小売業,ガソリンスタンド,2%
群馬県,渋川市,櫻澤タイヤ商会,小売業,その他小売,5%
群馬県,渋川市,雑貨 おみやげ すみよしや 雑貨 おみやげ すみよしや,小売業,その他小売,5%
群馬県,渋川市,サーバントカミムラ,小売業,電化製品,5%
群馬県,渋川市,茶房 てまり,サービス,飲食業,5%
群馬県,渋川市,山陽ホテル,サービス,宿泊業,5%
群馬県,渋川市,敷島ＳＳ,小売業,ガソリンスタンド,2%
群馬県,渋川市,セブン－イレブン渋川赤城津久田店,小売業,食料品,2%
群馬県,渋川市,セブン－イレブン渋川東町店,小売業,食料品,2%
群馬県,渋川市,澁川インターＳＳ,小売業,ガソリンスタンド,2%
群馬県,渋川市,セブン－イレブン渋川折原店,小売業,食料品,2%
群馬県,渋川市,セブン－イレブン渋川金井店,小売業,食料品,2%
群馬県,渋川市,セブン－イレブン渋川川島店,小売業,食料品,2%
群馬県,渋川市,渋川北ＳＳ,小売業,ガソリンスタンド,2%
群馬県,渋川市,セブン－イレブン渋川白井店,小売業,食料品,2%
群馬県,渋川市,セブン－イレブン渋川辰巳町店,小売業,食料品,2%
群馬県,渋川市,渋川乗物センターこんどう,小売業,その他小売,5%
群馬県,渋川市,渋川バイパスＳＳ,小売業,ガソリンスタンド,2%
群馬県,渋川市,セブン－イレブン渋川吹屋店,小売業,食料品,2%
群馬県,渋川市,セブン－イレブン渋川八木原店,小売業,食料品,2%
群馬県,渋川市,十一屋酒店,小売業,食料品,5%
群馬県,渋川市,上越ボデー,サービス,その他サービス,5%
群馬県,渋川市,上州物産館,小売業,その他小売,5%
群馬県,渋川市,ｃｉｌｄｅｒｉｎａ,サービス,理容・美容業,5%
群馬県,渋川市,須藤司法書士事務所,サービス,その他サービス,5%
群馬県,渋川市,西武赤城ＳＳ,小売業,ガソリンスタンド,2%
群馬県,渋川市,たか幸食堂,サービス,飲食業,5%
群馬県,渋川市,中華菜館 有天楼,サービス,飲食業,5%
群馬県,渋川市,テクノＢＯＸ,小売業,電化製品,5%
群馬県,渋川市,トヨタレンタリース群馬渋川駅前店,サービス,その他サービス,2%
群馬県,渋川市,和心の宿 オーモリ,サービス,宿泊業,5%
群馬県,渋川市,ネッツトヨタ高崎 渋川ありま店Ｕ－Ｃａｒ,小売業,その他小売,5%
群馬県,渋川市,ネッツトヨタ高崎オートモール渋川店,小売業,その他小売,5%
群馬県,渋川市,八崎ＳＳ,小売業,ガソリンスタンド,2%
群馬県,渋川市,花笑ミ,サービス,理容・美容業,5%
群馬県,渋川市,Ｂａｒｂｅｒ Ｌｏｕｎｇｅ ＬＥＡＦ,サービス,理容・美容業,5%
群馬県,渋川市,ｂｌａｎｃ ｃｏｕｌｅｕｒ,小売業,その他小売,5%
群馬県,渋川市,ＲＥ．ＭＲＳＨ,サービス,理容・美容業,5%
群馬県,渋川市,北橘ＳＳ,小売業,ガソリンスタンド,2%
群馬県,渋川市,マーキームーン,サービス,飲食業,5%
群馬県,渋川市,前和,小売業,貴金属・服飾品,5%
群馬県,渋川市,マクドナルド渋川鯉沢カインズホーム店,サービス,飲食業,2%
群馬県,渋川市,マクドナルド渋川店,サービス,飲食業,2%
群馬県,渋川市,三国自動車工業,サービス,その他サービス,5%
群馬県,渋川市,溝呂木ＳＳ,小売業,ガソリンスタンド,2%
群馬県,渋川市,メガネの板垣 渋川店,小売業,貴金属・服飾品,5%
群馬県,渋川市,麺舗わく玉,サービス,飲食業,5%
群馬県,渋川市,森秋旅館,サービス,宿泊業,5%
群馬県,渋川市,焼肉金田,サービス,飲食業,5%
群馬県,渋川市,八木原ドライ,サービス,その他サービス,5%
群馬県,渋川市,有限会社前田時計店,小売業,その他小売,5%
群馬県,渋川市,Ｌｉｔａｂｌａｎｃ,サービス,飲食業,5%
群馬県,渋川市,料亭 風流亭,サービス,飲食業,5%
群馬県,渋川市,旅館しん喜,サービス,宿泊業,5%
群馬県,渋川市,六箇山工房,その他業種,ー,5%
群馬県,下仁田町,御菓子處 総本家紙屋,小売業,食料品,5%
群馬県,下仁田町,おみやげまるや れすとらんヒロ,小売業,食料品,5%
群馬県,下仁田町,金子酒店,小売業,食料品,5%
群馬県,下仁田町,寝具の大島,小売業,総合（非専門）,5%
群馬県,下仁田町,総本家紙屋 本店,小売業,食料品,5%
群馬県,下仁田町,ニュー本宿,小売業,ガソリンスタンド,2%
群馬県,下仁田町,ヘアーサロンＨＩＲＯ,サービス,理容・美容業,5%
群馬県,昭和村,赤城高原ＳＳ 松井石油店,小売業,ガソリンスタンド,2%
群馬県,昭和村,出光糸井ＳＳ,小売業,ガソリンスタンド,2%
群馬県,昭和村,貝野瀬ＳＳ,小売業,ガソリンスタンド,2%
群馬県,昭和村,ちいさなサロンＰｕｒｅＰｒｉｅｒ,サービス,理容・美容業,5%
群馬県,榛東村,出光榛名東ＳＳ,小売業,ガソリンスタンド,2%
群馬県,榛東村,サイトウ・デンキ,小売業,電化製品,5%
群馬県,榛東村,セブン－イレブン榛東新井店,小売業,食料品,2%
群馬県,榛東村,セブン－イレブン榛東広馬場店,小売業,食料品,2%
群馬県,榛東村,セブン－イレブン榛東山子田店,小売業,食料品,2%
群馬県,榛東村,相馬ヶ原ＳＳ カナイ石油 加藤モータース,小売業,ガソリンスタンド,2%
群馬県,榛東村,ハチマンＳＳ,小売業,ガソリンスタンド,2%
群馬県,榛東村,南風設備,サービス,その他サービス,5%
群馬県,高崎市,ａ＇ｍｅ,小売業,衣料品,5%
群馬県,高崎市,Ａｍａｎａ Ｚｉｅｌ,サービス,その他サービス,5%
群馬県,高崎市,ＩＶＹ Ｈａｉｒ,サービス,理容・美容業,5%
群馬県,高崎市,アイラッシュサロンエトワール エトワール アイラッシュ高崎浜尻店,サービス,理容・美容業,5%
群馬県,高崎市,アクザワデンキ,小売業,電化製品,5%
群馬県,高崎市,ＡｚｉｔＧｙｍ,サービス,その他サービス,5%
群馬県,高崎市,東煎餅 なかの,小売業,食料品,5%
群馬県,高崎市,アヅマ補聴器センター 高崎支店,小売業,その他小売,5%
群馬県,高崎市,アーテリア,小売業,家具・調度品,5%
群馬県,高崎市,Ａｂｏ ｈａｉｒ,サービス,理容・美容業,5%
群馬県,高崎市,アミング高崎飯塚店,小売業,その他小売,5%
群馬県,高崎市,アミング高崎上中居店,小売業,その他小売,5%
群馬県,高崎市,有賀園ゴルフ高崎店,小売業,その他小売,5%
群馬県,高崎市,Ａｌｋａｙａ ｗｏｒｋｓ,小売業,その他小売,5%
群馬県,高崎市,安中動物病院,サービス,その他サービス,5%
群馬県,高崎市,飯島電機商会,小売業,電化製品,5%
群馬県,高崎市,五十嵐酒店 桝屋五十嵐酒店,小売業,食料品,5%
群馬県,高崎市,いざか屋あそす,サービス,飲食業,5%
群馬県,高崎市,居酒屋 蔵之助,サービス,飲食業,5%
群馬県,高崎市,板垣 高崎本店コンタクト,小売業,貴金属・服飾品,5%
群馬県,高崎市,市川サイクル,小売業,その他小売,5%
群馬県,高崎市,一閑堂 一閑堂,小売業,その他小売,5%
群馬県,高崎市,一心庵,サービス,飲食業,5%
群馬県,高崎市,出光沖町ＳＳ,小売業,ガソリンスタンド,2%
群馬県,高崎市,出光剣崎ＳＳ,小売業,ガソリンスタンド,2%
群馬県,高崎市,出光セルフ観音山ＳＳ,小売業,ガソリンスタンド,2%
群馬県,高崎市,出光高崎南ＳＳ,小売業,ガソリンスタンド,2%
群馬県,高崎市,出光榛名町ＳＳ,小売業,ガソリンスタンド,2%
群馬県,高崎市,出光箕郷ＳＳ,小売業,ガソリンスタンド,2%
群馬県,高崎市,出光箕郷南ＳＳ,小売業,ガソリンスタンド,2%
群馬県,高崎市,イノザキッチン,サービス,飲食業,5%
群馬県,高崎市,インテリア考房 あーる,小売業,その他小売,5%
群馬県,高崎市,ウイング サービスセンター,小売業,その他小売,5%
群馬県,高崎市,ウイング 本店,小売業,その他小売,5%
群馬県,高崎市,ウエディングドレスショップ プリーレ プリーレ,サービス,その他サービス,5%
群馬県,高崎市,上原インテリア,小売業,その他小売,5%
群馬県,高崎市,Ｖｅｒｔ Ｏｒｏ,小売業,貴金属・服飾品,5%
群馬県,高崎市,魚仲,サービス,飲食業,5%
群馬県,高崎市,うつわぬくもり,その他業種,ー,5%
群馬県,高崎市,ウラノ写真館,サービス,その他サービス,5%
群馬県,高崎市,ＨＧＳ高崎,小売業,その他小売,5%
群馬県,高崎市,ＨＹ ｈａｉｒ ｄｅｓｉｇｎ,サービス,理容・美容業,5%
群馬県,高崎市,エステ２ｉｎ１,サービス,理容・美容業,5%
群馬県,高崎市,エスポワール足門ＳＳ,小売業,ガソリンスタンド,2%
群馬県,高崎市,エトワールネイル 高崎緑町店,サービス,その他サービス,5%
群馬県,高崎市,エトワールネイル エトワールネイル高崎緑町店,サービス,その他サービス,5%
群馬県,高崎市,大八木ＳＳ,小売業,ガソリンスタンド,2%
群馬県,高崎市,（有）岡村鞄製作所,小売業,衣料品,5%
群馬県,高崎市,お元氣ですか,小売業,食料品,5%
群馬県,高崎市,お好み焼きＫＡＮＳＡＩ 高崎倉賀野店,サービス,飲食業,5%
群馬県,高崎市,お好み焼きＫＡＮＳＡＩ 高崎高関店,サービス,飲食業,5%
群馬県,高崎市,お好み焼きＫＡＮＳＡＩ 高崎緑町店,サービス,飲食業,5%
群馬県,高崎市,お好み焼き ふーま,サービス,飲食業,5%
群馬県,高崎市,おしゃれ洋品中川屋,小売業,衣料品,5%
群馬県,高崎市,ＯＳＴＥＲＩＡ ３６ ?トレンタセイ?,サービス,飲食業,5%
群馬県,高崎市,オバタデンキ,小売業,電化製品,5%
群馬県,高崎市,オリックスレンタカー高崎江木店,サービス,その他サービス,2%
群馬県,高崎市,オリックスレンタカー高崎駅前店,サービス,その他サービス,2%
群馬県,高崎市,オリックスレンタカー高崎下之城店,サービス,その他サービス,2%
群馬県,高崎市,オリックスレンタカー高崎問屋町店,サービス,その他サービス,2%
群馬県,高崎市,カードラボ高崎店,小売業,書籍・玩具・音楽ＣＤ,5%
群馬県,高崎市,開運食堂だるま餃子．ｃｏｍ,サービス,飲食業,5%
群馬県,高崎市,海鮮どんさん亭 高崎北店,サービス,飲食業,5%
群馬県,高崎市,海鮮どんさん亭 高崎店,サービス,飲食業,5%
群馬県,高崎市,ガイソー高崎店,サービス,その他サービス,5%
群馬県,高崎市,家具のホンダ 高前バイパスアカマル店,小売業,家具・調度品,5%
群馬県,高崎市,菓子工房 アルル,小売業,食料品,5%
群馬県,高崎市,カジュアル,サービス,その他サービス,5%
群馬県,高崎市,がってん寿司高崎上大類店,サービス,飲食業,5%
群馬県,高崎市,がってん寿司高崎下小鳥店,サービス,飲食業,5%
群馬県,高崎市,ＧＡＲＤＥＮ ＡＶＥＤＡ,サービス,理容・美容業,5%
群馬県,高崎市,株式会社金澤屋商店,小売業,家具・調度品,5%
群馬県,高崎市,かなや犬猫鳥の病院,サービス,その他サービス,5%
群馬県,高崎市,ＣａｆｅＯＨＡＮＡ,サービス,飲食業,5%
群馬県,高崎市,ＣＡＦＥ ＢＡＲＴＩＣ?ＴＯＣＫ,サービス,飲食業,5%
群馬県,高崎市,株式会社 協豊 金古町給油所,小売業,ガソリンスタンド,2%
群馬県,高崎市,株式会社 Ｋ＇ｚ,サービス,その他サービス,5%
群馬県,高崎市,株式会社 大丸青果,小売業,食料品,5%
群馬県,高崎市,株式会社アートこうげつ,小売業,家具・調度品,5%
群馬県,高崎市,株式会社榮養亭,サービス,飲食業,5%
群馬県,高崎市,株式会社ＳＫ,サービス,飲食業,5%
群馬県,高崎市,唐揚げ じゃんじゃん,サービス,飲食業,5%
群馬県,高崎市,かる楽,サービス,その他サービス,5%
群馬県,高崎市,カレーハウスＣＯＣＯ壱番屋高崎下之城店,サービス,飲食業,2%
群馬県,高崎市,カレーム 本店,小売業,食料品,5%
群馬県,高崎市,関東食品１,小売業,食料品,5%
群馬県,高崎市,北高崎ＳＳ,小売業,ガソリンスタンド,2%
群馬県,高崎市,木の実 吉井店,サービス,飲食業,5%
群馬県,高崎市,牛角高崎問屋町店,サービス,飲食業,2%
群馬県,高崎市,京ヶ島通りＳＳ,小売業,ガソリンスタンド,2%
群馬県,高崎市,行政書士本間事務所,サービス,その他サービス,5%
群馬県,高崎市,行政書士本間事務所,サービス,その他サービス,5%
群馬県,高崎市,クシタニ高崎店,小売業,書籍・玩具・音楽ＣＤ,5%
群馬県,高崎市,倉賀野ＢＰＳＳ,小売業,ガソリンスタンド,2%
群馬県,高崎市,クリーニングまるやま,サービス,その他サービス,5%
群馬県,高崎市,グリル工房 高崎店,サービス,飲食業,5%
群馬県,高崎市,Ｇｒｅｅｎｐｏｉｎｔ,サービス,飲食業,5%
群馬県,高崎市,Ｋｒａｚｙ Ｃｈｒｏｍｅ,小売業,その他小売,5%
群馬県,高崎市,くれせんと,サービス,飲食業,5%
群馬県,高崎市,クローゼット,小売業,衣料品,5%
群馬県,高崎市,群馬町ＳＳ,小売業,ガソリンスタンド,2%
群馬県,高崎市,群馬トヨタ自動車ＧＲ Ｇａｒａｇｅ 高崎ＩＣ,小売業,その他小売,5%
群馬県,高崎市,群馬トヨタ自動車ＲＶ ＰＡｒｋ ＱＰ利用分,小売業,その他小売,5%
群馬県,高崎市,群馬トヨタ自動車ＲＶ ＰＡＲＫ,小売業,その他小売,5%
群馬県,高崎市,群馬トヨタ自動車財務部,小売業,その他小売,5%
群馬県,高崎市,群馬トヨタ自動車高崎東町店,小売業,その他小売,5%
群馬県,高崎市,群馬トヨタ自動車高崎倉賀野店,小売業,その他小売,5%
群馬県,高崎市,群馬トヨタ自動車高崎問屋町店,小売業,その他小売,5%
群馬県,高崎市,群馬トヨタ自動車高前バイパス店,小売業,その他小売,5%
群馬県,高崎市,群馬トヨタ自動車特販部,小売業,その他小売,5%
群馬県,高崎市,群馬トヨタ自動車バリューチェーン部,小売業,その他小売,5%
群馬県,高崎市,群馬トヨタ自動車Ｕ．Ｐａｒｋ高崎江木店,小売業,その他小売,5%
群馬県,高崎市,群馬トヨタ自動車レクサスＣＰＯ高崎,小売業,その他小売,5%
群馬県,高崎市,群馬トヨタ自動車レクサス高崎,小売業,その他小売,5%
群馬県,高崎市,セブン－イレブン群馬吉井長根店,小売業,食料品,2%
群馬県,高崎市,セブン－イレブン群馬吉井町店,小売業,食料品,2%
群馬県,高崎市,ケーズプロデュース,サービス,その他サービス,5%
群馬県,高崎市,元気集会所,サービス,飲食業,5%
群馬県,高崎市,幸盛,サービス,飲食業,5%
群馬県,高崎市,コープ寺尾店,小売業,食料品,5%
群馬県,高崎市,小人のかごや,小売業,衣料品,5%
群馬県,高崎市,ゴルフプラス 本店,小売業,その他小売,5%
群馬県,高崎市,Ｃｏｒｏｎｅｔ,サービス,飲食業,5%
群馬県,高崎市,サイクルハウスＷＩＳＨ 高崎足門店,小売業,その他小売,5%
群馬県,高崎市,ＳＡＢＩ,小売業,その他小売,5%
群馬県,高崎市,ＴＨＥＭＯＤＥＲＮＡＧＥ,小売業,衣料品,5%
群馬県,高崎市,サロン ドリーブ,サービス,その他サービス,5%
群馬県,高崎市,ＳａｌｏｎＢａｒｏｎｅｓｓ,サービス,理容・美容業,5%
群馬県,高崎市,サン・カーショップ,サービス,その他サービス,5%
群馬県,高崎市,三代目だるま屋ましも,その他業種,ー,5%
群馬県,高崎市,ＧＧＣ高崎本店,サービス,飲食業,5%
群馬県,高崎市,ジェームス高崎問屋町店,小売業,その他小売,2%
群馬県,高崎市,ｇｅｒｍｅｒ ｈａｉｒ,サービス,理容・美容業,5%
群馬県,高崎市,島野町,小売業,ガソリンスタンド,2%
群馬県,高崎市,株式会社清水商事,小売業,その他小売,5%
群馬県,高崎市,清水電器,小売業,電化製品,5%
群馬県,高崎市,下里見ＳＳ,小売業,ガソリンスタンド,2%
群馬県,高崎市,ＪＵＮＫＢＬＵＥＳ,小売業,衣料品,5%
群馬県,高崎市,ジューシー株式会社,サービス,その他サービス,5%
群馬県,高崎市,述章堂,小売業,その他小売,5%
群馬県,高崎市,城田電器センター,小売業,電化製品,5%
群馬県,高崎市,神宮燃料株式会社,小売業,ガソリンスタンド,2%
群馬県,高崎市,しんたろう,サービス,飲食業,5%
群馬県,高崎市,スズキデンキ,小売業,電化製品,5%
群馬県,高崎市,スズデン,小売業,電化製品,5%
群馬県,高崎市,ＳＴＡＲ ＳＥＥＤ,サービス,理容・美容業,5%
群馬県,高崎市,スタジオタナカ,サービス,その他サービス,5%
群馬県,高崎市,すたみな太郎 高崎店,サービス,飲食業,5%
群馬県,高崎市,素肌美サロン＆自然治癒力 健康院,小売業,その他小売,5%
群馬県,高崎市,炭串焼厨房はっかい串,サービス,飲食業,5%
群馬県,高崎市,セイデンＬＳ２事業部,小売業,その他小売,5%
群馬県,高崎市,セブンファクトリー,小売業,その他小売,5%
群馬県,高崎市,セルフ高崎飯塚ＳＳ,小売業,ガソリンスタンド,2%
群馬県,高崎市,セルフ高崎小八木ＳＳ,小売業,ガソリンスタンド,2%
群馬県,高崎市,セントラルホテル 高崎,サービス,宿泊業,5%
群馬県,高崎市,ｓｏｎａｒ,小売業,衣料品,5%
群馬県,高崎市,ｓｏｎａｒ ｓｏｎａｒ,小売業,衣料品,5%
群馬県,高崎市,そば処 叶家 そば処叶家,サービス,飲食業,5%
群馬県,高崎市,ダイニングキッチン ひなたや,サービス,飲食業,5%
群馬県,高崎市,タイムズアーチェンジン,小売業,衣料品,5%
群馬県,高崎市,台湾式Ｒｅｌａｘａｔｉｏｎ 悠泉,サービス,その他サービス,5%
群馬県,高崎市,高崎,サービス,その他サービス,5%
群馬県,高崎市,セブン－イレブン高崎旭町店,小売業,食料品,2%
群馬県,高崎市,セブン－イレブン高崎飯塚町店,小売業,食料品,2%
群馬県,高崎市,セブン－イレブン高崎石原町店,小売業,食料品,2%
群馬県,高崎市,セブン－イレブン高崎井野町店,小売業,食料品,2%
群馬県,高崎市,高崎駅東口ＳＳ,小売業,ガソリンスタンド,2%
群馬県,高崎市,セブン－イレブン高崎大沢町店,小売業,食料品,2%
群馬県,高崎市,セブン－イレブン高崎大橋町店,小売業,食料品,2%
群馬県,高崎市,セブン－イレブン高崎上小鳥町店,小売業,食料品,2%
群馬県,高崎市,セブン－イレブン高崎上小塙町店,小売業,食料品,2%
群馬県,高崎市,セブン－イレブン高崎上佐野町店,小売業,食料品,2%
群馬県,高崎市,セブン－イレブン高崎上滝東店,小売業,食料品,2%
群馬県,高崎市,セブン－イレブン高崎上中居町店,小売業,食料品,2%
群馬県,高崎市,高崎環状貝沢セルフＳＳ,小売業,ガソリンスタンド,2%
群馬県,高崎市,セブンーイレブン高崎京目町店,小売業,食料品,2%
群馬県,高崎市,セブン－イレブン高崎九蔵町店,小売業,食料品,2%
群馬県,高崎市,セブン－イレブン高崎倉賀野東店,小売業,食料品,2%
群馬県,高崎市,セブン－イレブン高崎倉賀野町上町店,小売業,食料品,2%
群馬県,高崎市,セブン－イレブン高崎倉賀野町正六店,小売業,食料品,2%
群馬県,高崎市,セブン－イレブン高崎倉賀野町南店,小売業,食料品,2%
群馬県,高崎市,セブン－イレブン高崎小八木西店,小売業,食料品,2%
群馬県,高崎市,セブン－イレブン高崎下大類町店,小売業,食料品,2%
群馬県,高崎市,セブン－イレブン高崎下小塙町店,小売業,食料品,2%
群馬県,高崎市,セブン－イレブン高崎下中居町店,小売業,食料品,2%
群馬県,高崎市,セブン－イレブン高崎下中居町西店,小売業,食料品,2%
群馬県,高崎市,セブン－イレブン高崎下室田町店,小売業,食料品,2%
群馬県,高崎市,高崎白銀ビル 貸し会議室,サービス,その他サービス,5%
群馬県,高崎市,セブン－イレブン高崎城山団地入口店,小売業,食料品,2%
群馬県,高崎市,セブン－イレブン高崎新町中河原店,小売業,食料品,2%
群馬県,高崎市,セブン－イレブン高崎新町笛木境店,小売業,食料品,2%
群馬県,高崎市,セブン－イレブン高崎住吉町店,小売業,食料品,2%
群馬県,高崎市,セブン－イレブン高崎筑縄町店,小売業,食料品,2%
群馬県,高崎市,セブン－イレブン高崎鶴見町店,小売業,食料品,2%
群馬県,高崎市,セブン－イレブン高崎問屋町中央通り店,小売業,食料品,2%
群馬県,高崎市,セブン－イレブン高崎中居団地店,小売業,食料品,2%
群馬県,高崎市,セブン－イレブン高崎中尾町店,小売業,食料品,2%
群馬県,高崎市,セブン－イレブン高崎中里見町店,小売業,食料品,2%
群馬県,高崎市,高崎 肉 流通センター,サービス,飲食業,5%
群馬県,高崎市,高崎西ＳＳ,小売業,ガソリンスタンド,2%
群馬県,高崎市,セブン－イレブン高崎西国分町店,小売業,食料品,2%
群馬県,高崎市,セブン－イレブン高崎乗附町店,小売業,食料品,2%
群馬県,高崎市,高崎浜川町ＳＳ 大山石油店,小売業,ガソリンスタンド,2%
群馬県,高崎市,セブン－イレブン高崎浜川町店,小売業,食料品,2%
群馬県,高崎市,セブン－イレブン高崎日高町行人店,小売業,食料品,2%
群馬県,高崎市,セブン－イレブン高崎日高町店,小売業,食料品,2%
群馬県,高崎市,セブン－イレブン高崎福島店,小売業,食料品,2%
群馬県,高崎市,高崎北部環状セルフＳＳ,小売業,ガソリンスタンド,2%
群馬県,高崎市,セブン－イレブン高崎本郷店,小売業,食料品,2%
群馬県,高崎市,セブン－イレブン高崎箕郷上芝店,小売業,食料品,2%
群馬県,高崎市,セブン－イレブン高崎緑町２丁目店,小売業,食料品,2%
群馬県,高崎市,セブン－イレブン高崎棟高北店,小売業,食料品,2%
群馬県,高崎市,セブン－イレブン高崎棟高町店,小売業,食料品,2%
群馬県,高崎市,セブン－イレブン高崎矢島町店,小売業,食料品,2%
群馬県,高崎市,セブン－イレブン高崎八千代店,小売業,食料品,2%
群馬県,高崎市,セブン－イレブン高崎矢中町店,小売業,食料品,2%
群馬県,高崎市,セブン－イレブン高崎山名町店,小売業,食料品,2%
群馬県,高崎市,高崎ワインバール,サービス,飲食業,5%
群馬県,高崎市,セブン－イレブン高崎若田町店,小売業,食料品,2%
群馬県,高崎市,高砂庵,サービス,飲食業,5%
群馬県,高崎市,タカセン高崎店,小売業,その他小売,5%
群馬県,高崎市,高前バイパスＳＳ,小売業,ガソリンスタンド,2%
群馬県,高崎市,武部商店,小売業,総合（非専門）,5%
群馬県,高崎市,多胡石材産業 本社,その他業種,ー,5%
群馬県,高崎市,ダストボウル楽器店 高崎店,小売業,その他小売,5%
群馬県,高崎市,舘山法律事務所,サービス,その他サービス,5%
群馬県,高崎市,小さなパスタ屋マカロニ,サービス,飲食業,5%
群馬県,高崎市,チャオＩＳＨＩＩ,小売業,その他小売,5%
群馬県,高崎市,チャナネット,小売業,その他小売,5%
群馬県,高崎市,Ｔ?ＹＯＧＡ Ｓｔｕｄｉｏ,サービス,その他サービス,5%
群馬県,高崎市,ＤＥＸ ｈａｉｒ ＤＥＸ ｈａｉｒ,サービス,理容・美容業,5%
群馬県,高崎市,でんきの修理やさん 浜川店,小売業,電化製品,5%
群馬県,高崎市,でんきの修理やさん八千代店,小売業,電化製品,5%
群馬県,高崎市,ＴＯＤＯＫＯＲＯ,小売業,衣料品,5%
群馬県,高崎市,トヨタレンタリース群馬 新町駅前店,サービス,その他サービス,2%
群馬県,高崎市,トヨタレンタリース群馬高崎駅東口店,サービス,その他サービス,2%
群馬県,高崎市,トヨタレンタリース群馬高崎柴崎店,サービス,その他サービス,2%
群馬県,高崎市,トヨタレンタリース群馬高崎問屋町店,サービス,その他サービス,2%
群馬県,高崎市,トヨタレンタリース群馬高崎浜川店,サービス,その他サービス,2%
群馬県,高崎市,トラットリア バンビーナ 高崎アリーナ店,小売業,食料品,5%
群馬県,高崎市,トラットリア バンビーナ 筑縄店,小売業,食料品,5%
群馬県,高崎市,ナカデン,小売業,電化製品,5%
群馬県,高崎市,ｎａｐｏｃａ,サービス,理容・美容業,5%
群馬県,高崎市,西口１８番,サービス,飲食業,5%
群馬県,高崎市,日本絹の里ミュ－ジアムショップ,小売業,その他小売,5%
群馬県,高崎市,にんにくや 高崎店,サービス,飲食業,5%
群馬県,高崎市,ｎａｉｌａｔｅｌｉｅｒ ＭｉｊＵ,サービス,その他サービス,5%
群馬県,高崎市,ネッツトヨタ高崎 高崎とんやまち店（Ｕ）,小売業,その他小売,5%
群馬県,高崎市,ネッツトヨタ高崎高崎とんやまち店,小売業,その他小売,5%
群馬県,高崎市,バイチャリ高崎店,小売業,その他小売,5%
群馬県,高崎市,パティスリージェノワーズ,小売業,食料品,5%
群馬県,高崎市,花暦,小売業,その他小売,5%
群馬県,高崎市,はなはな,サービス,飲食業,5%
群馬県,高崎市,ハマカワ洋電社,小売業,電化製品,5%
群馬県,高崎市,バリニーズカフェ,サービス,飲食業,5%
群馬県,高崎市,榛名ＳＳ,小売業,ガソリンスタンド,2%
群馬県,高崎市,榛名町ＳＳ,小売業,ガソリンスタンド,2%
群馬県,高崎市,ハレルヤ美容院,サービス,理容・美容業,5%
群馬県,高崎市,ｐｅｎｓｅｅ,サービス,理容・美容業,5%
群馬県,高崎市,ピアノプラザ群馬 高崎本店,小売業,その他小売,5%
群馬県,高崎市,ＢウェーブＳＨＩＲＡＩ高崎吉井店,小売業,家具・調度品,5%
群馬県,高崎市,ＰＩＺＺＥＲＩＡ ＢＡＣＩ,サービス,飲食業,5%
群馬県,高崎市,美容中島,サービス,理容・美容業,5%
群馬県,高崎市,Ｆ・Ｉ・Ｒ・Ｓ・Ｔ ｔａｋａｓａｋｉ,サービス,理容・美容業,5%
群馬県,高崎市,ファクトリーギア高崎店,小売業,その他小売,5%
群馬県,高崎市,Ｖ．Ｉ．Ｃ Ｃｏ．Ｌｔｄ,サービス,その他サービス,5%
群馬県,高崎市,ふーま,サービス,飲食業,5%
群馬県,高崎市,富士書店 高崎店,小売業,総合（非専門）,5%
群馬県,高崎市,フジミ,小売業,衣料品,5%
群馬県,高崎市,フランス厨房コクレドール,サービス,飲食業,5%
群馬県,高崎市,ブリアント 高崎店,サービス,理容・美容業,5%
群馬県,高崎市,ＰＲＩＶＥ,サービス,理容・美容業,5%
群馬県,高崎市,ぶりっく,サービス,飲食業,5%
群馬県,高崎市,ＰＲＩＶＩＬＥＧＥ ＰＲＩＶＩＬＥＧＥ ＴＡＫＡＳＡＫＩ,小売業,衣料品,5%
群馬県,高崎市,ＰＲＯＰ Ｈａｉｒ Ｄｒｅｓｓｉｎｇ,サービス,理容・美容業,5%
群馬県,高崎市,美容室クローバー,サービス,理容・美容業,5%
群馬県,高崎市,Ｈａｉｒ Ｓｕｐｐｏｒｔ ＳＯ,サービス,理容・美容業,5%
群馬県,高崎市,ヘアーサロン トヤ,サービス,理容・美容業,5%
群馬県,高崎市,ヘアーサロンマエダ,サービス,理容・美容業,5%
群馬県,高崎市,ｈａｉｒ ＦＯＲＴ,サービス,理容・美容業,5%
群馬県,高崎市,ＨＡＩＲｃｏｎｃｉｅｒｇｅＧＡＵＤＩ,サービス,理容・美容業,5%
群馬県,高崎市,ヘアーサロンマエダ,サービス,その他サービス,5%
群馬県,高崎市,ヘアルーム ビビ,サービス,理容・美容業,5%
群馬県,高崎市,ベストクリーンジャパン,サービス,その他サービス,5%
群馬県,高崎市,ホ－ムガスショップ吉井－２,小売業,その他小売,5%
群馬県,高崎市,ホーム家電サービス,小売業,電化製品,5%
群馬県,高崎市,ボンヴィバングロワール,サービス,理容・美容業,5%
群馬県,高崎市,ポンヌフ,小売業,衣料品,5%
群馬県,高崎市,ｐｏｍｐｅｔｔｅ,サービス,飲食業,5%
群馬県,高崎市,本間酒店,小売業,食料品,5%
群馬県,高崎市,ＭＡＱＵＩＡ高崎店,サービス,理容・美容業,2%
群馬県,高崎市,マクドナルドイオンモール高崎店,サービス,飲食業,2%
群馬県,高崎市,マクドナルド倉賀野西店,サービス,飲食業,2%
群馬県,高崎市,マクドナルド１７号高崎店,サービス,飲食業,2%
群馬県,高崎市,マクドナルド高崎小塙町店,サービス,飲食業,2%
群馬県,高崎市,マクドナルド東高崎店,サービス,飲食業,2%
群馬県,高崎市,株式会社メイクワン,その他業種,ー,5%
群馬県,高崎市,松井長生療院ｋｅｙ鍼灸院 松井長生療院,サービス,その他サービス,5%
群馬県,高崎市,松田電化センター,小売業,電化製品,5%
群馬県,高崎市,マツダ電気,小売業,電化製品,5%
群馬県,高崎市,マトウデンキ,小売業,電化製品,5%
群馬県,高崎市,まるとみ薬品,小売業,その他小売,5%
群馬県,高崎市,権田ＳＳ 三木商店,小売業,ガソリンスタンド,2%
群馬県,高崎市,ミック浜尻オフィス,サービス,理容・美容業,5%
群馬県,高崎市,ミナミジュエル,小売業,貴金属・服飾品,5%
群馬県,高崎市,ミナミ電気商会,小売業,電化製品,5%
群馬県,高崎市,峯岸自動車,サービス,その他サービス,5%
群馬県,高崎市,宮石青果店 本店,小売業,食料品,5%
群馬県,高崎市,宮石青果店 山名支店,小売業,食料品,5%
群馬県,高崎市,三好電気商会,小売業,電化製品,5%
群馬県,高崎市,ＭＩＲＡＧＥ,小売業,衣料品,5%
群馬県,高崎市,メガネの板垣 高崎石原店,小売業,貴金属・服飾品,5%
群馬県,高崎市,メガネのイタガキ高崎福島店,小売業,貴金属・服飾品,5%
群馬県,高崎市,メガネの板垣 榛名店,小売業,貴金属・服飾品,5%
群馬県,高崎市,Ｍａｉｓｏｎ ｄｅ Ｊｉｌｌｃｏ,サービス,飲食業,5%
群馬県,高崎市,モータースポーツショップパックアール,サービス,その他サービス,5%
群馬県,高崎市,もぎたて完熟屋,サービス,飲食業,5%
群馬県,高崎市,ＴＯＹＳ＆ＧＩＦＴ ＭＯＭＯ,小売業,総合（非専門）,5%
群馬県,高崎市,紋次郎高崎店 紋次郎高崎店,サービス,飲食業,5%
群馬県,高崎市,やたい家,サービス,飲食業,5%
群馬県,高崎市,ヤマグチ電機商会吉井店,小売業,電化製品,5%
群馬県,高崎市,ユアサ園芸,小売業,その他小売,5%
群馬県,高崎市,有限会社川島メガネ,小売業,その他小売,5%
群馬県,高崎市,有限会社肥田自動車,サービス,その他サービス,5%
群馬県,高崎市,有限会社ホンダリビング,小売業,家具・調度品,5%
群馬県,高崎市,ｕｎｉｔｅ,サービス,理容・美容業,5%
群馬県,高崎市,洋食香味亭,サービス,飲食業,5%
群馬県,高崎市,横内ガラス店,小売業,その他小売,5%
群馬県,高崎市,メガネのイタガキ 吉井店,小売業,その他小売,5%
群馬県,高崎市,吉井町ＳＳ,小売業,ガソリンスタンド,2%
群馬県,高崎市,ラ・ターブル・ドゥ・シュエット,サービス,飲食業,5%
群馬県,高崎市,ラ・ターブル・ドゥ・シュエット,サービス,飲食業,5%
群馬県,高崎市,らーめんキッチン いいづか らーめんキッチンいいづか,サービス,飲食業,5%
群馬県,高崎市,らーめんキッチンかえで,サービス,飲食業,5%
群馬県,高崎市,La-Sante,サービス,その他サービス,5%
群馬県,高崎市,ＬＡ ＣＨＯＵ ＣＨＯＵ,小売業,貴金属・服飾品,5%
群馬県,高崎市,らしんばん 高崎店,小売業,その他小売,5%
群馬県,高崎市,ＲａＰａＬａ,サービス,理容・美容業,5%
群馬県,高崎市,Ｌａｐｌｕｓ,その他業種,ー,5%
群馬県,高崎市,ＬＡＭＡＩＳＯＮＤＵＮＯＭＵＲＡ,サービス,飲食業,5%
群馬県,高崎市,リラクゼーションエステサロンラルジュ,サービス,理容・美容業,5%
群馬県,高崎市,ＬＵＭＢＥＲ ＪＡＣＫ,サービス,飲食業,5%
群馬県,高崎市,Ｒｉｅｎ Ｌｉｅｎ Ｒｉｅｎ Ｌｉｅｎ,サービス,理容・美容業,5%
群馬県,高崎市,Ｒｅｚｏｎａ Ｂｅａｕｔｙ Ｐａｒｋ,サービス,理容・美容業,5%
群馬県,高崎市,リバティ・ヘア,サービス,理容・美容業,5%
群馬県,高崎市,リボルト高崎,サービス,その他サービス,5%
群馬県,高崎市,瀧澤禅寺,サービス,その他サービス,5%
群馬県,高崎市,旅館レストランふじや ふじや,サービス,飲食業,5%
群馬県,高崎市,リラクゼーション ひかり,サービス,その他サービス,5%
群馬県,高崎市,リラクゼーション 整体 あおぞら施療室 高崎井野店,サービス,その他サービス,5%
群馬県,高崎市,Ｒｅｓｔａｕｒａｎｔ Ｃａｆｅ ＣＡＲＯ,サービス,飲食業,5%
群馬県,高崎市,レッツクロサキ,小売業,電化製品,5%
群馬県,高崎市,Ｒｏｓｓａ,サービス,飲食業,5%
群馬県,高崎市,ロデオマニュファクチャリング,小売業,その他小売,5%
群馬県,高崎市,ＷＡＩＴＡＲＩＡＴＩＧＡ矢中店,サービス,飲食業,5%
群馬県,高崎市,和 高しま,サービス,飲食業,5%
群馬県,高山村,Ａ・ＣＯＯＰ 高山店,小売業,食料品,5%
群馬県,高山村,カエルトープ,小売業,衣料品,5%
群馬県,高山村,テック おおしま,小売業,電化製品,5%
群馬県,高山村,中山ＳＳ,小売業,ガソリンスタンド,2%
群馬県,館林市,ｉ．ｃｏ,サービス,理容・美容業,5%
群馬県,館林市,ｉＰｈｏｎｅ修理Ｗｏｒｋｓ（えびすや館林店）,サービス,その他サービス,5%
群馬県,館林市,あおきでんき,小売業,電化製品,5%
群馬県,館林市,アジュール ケンゾー,小売業,総合（非専門）,5%
群馬県,館林市,石田ピアノ調律プロモーション,小売業,その他小売,5%
群馬県,館林市,出光館林南ＳＳ,小売業,ガソリンスタンド,2%
群馬県,館林市,岩田電気商会,小売業,電化製品,5%
群馬県,館林市,ＶｉＶｉ,サービス,理容・美容業,5%
群馬県,館林市,Ｎｓｏｕｋｈ,小売業,衣料品,5%
群馬県,館林市,オートプロ カマツカ,サービス,その他サービス,5%
群馬県,館林市,オオハシ電気,小売業,電化製品,5%
群馬県,館林市,落合モータース,サービス,その他サービス,5%
群馬県,館林市,オリックスレンタカー館林店,サービス,その他サービス,2%
群馬県,館林市,海鮮居酒屋どんさん亭 館林店,サービス,飲食業,5%
群馬県,館林市,がってん寿司館林店,サービス,飲食業,5%
群馬県,館林市,かつはな亭館林店,サービス,飲食業,5%
群馬県,館林市,株式会社亀屋本店,小売業,その他小売,5%
群馬県,館林市,株式会社すだ包装 株式会社すだ包装 館林店,小売業,その他小売,5%
群馬県,館林市,カレーハウスＣＯＣＯ壱番屋館林国道１２２号店,サービス,飲食業,2%
群馬県,館林市,関東食品 館林営業所,小売業,食料品,5%
群馬県,館林市,牛角館林店,サービス,飲食業,2%
群馬県,館林市,行政書士つつじ国際法務事務所,サービス,その他サービス,5%
群馬県,館林市,群馬トヨタ自動車館林インタ－店,小売業,その他小売,5%
群馬県,館林市,光英電機商会,小売業,電化製品,5%
群馬県,館林市,サークルコーポレーション,小売業,その他小売,5%
群馬県,館林市,ジョイハウス,サービス,飲食業,5%
群馬県,館林市,株式会社シライシ 両毛営業所,小売業,その他小売,5%
群馬県,館林市,スウィン館林スイミングスクール,サービス,その他サービス,5%
群馬県,館林市,寿々や,小売業,食料品,5%
群馬県,館林市,すまいる電機アオノ,小売業,電化製品,5%
群馬県,館林市,清閑堂 館林店,小売業,家具・調度品,5%
群馬県,館林市,タキグチデンキ,小売業,電化製品,5%
群馬県,館林市,セブン－イレブン館林赤生田町店,小売業,食料品,2%
群馬県,館林市,館林うどん,小売業,食料品,5%
群馬県,館林市,セブン－イレブン館林近藤町店,小売業,食料品,2%
群馬県,館林市,セブン－イレブン館林下三林店,小売業,食料品,2%
群馬県,館林市,セブン－イレブン館林城町店,小売業,食料品,2%
群馬県,館林市,セブン－イレブン館林多々良沼店,小売業,食料品,2%
群馬県,館林市,館林当郷ＳＳ,小売業,ガソリンスタンド,2%
群馬県,館林市,セブン－イレブン館林花山町店,小売業,食料品,2%
群馬県,館林市,館林南ＳＳ 三野谷オートサービス 大隈幸樹,小売業,ガソリンスタンド,2%
群馬県,館林市,館林南ＳＳ,小売業,ガソリンスタンド,2%
群馬県,館林市,セブン－イレブン館林三野谷店,小売業,食料品,2%
群馬県,館林市,セブン－イレブン館林茂林寺駅前店,小売業,食料品,2%
群馬県,館林市,田部井石材,小売業,その他小売,5%
群馬県,館林市,ｄｉｚｚｙ,サービス,飲食業,5%
群馬県,館林市,トヨタレンタリース群馬館林駅西口店,サービス,その他サービス,2%
群馬県,館林市,トラベルネット館林店,サービス,その他サービス,5%
群馬県,館林市,長浜モーターサイクル,サービス,その他サービス,5%
群馬県,館林市,ハンドメイドレザークラフトコテージ,小売業,衣料品,5%
群馬県,館林市,ＦＡＴ ＣＡＴＳ,サービス,飲食業,5%
群馬県,館林市,ＰＨＯＥＮＩＸ,サービス,理容・美容業,5%
群馬県,館林市,藤倉電気館林店,小売業,電化製品,5%
群馬県,館林市,筆屋米穀店,小売業,食料品,5%
群馬県,館林市,Ｐｌｕｍ Ｇａｒｄｅｎ,サービス,理容・美容業,5%
群馬県,館林市,ｈａｉｒ ｓａｌｏｎ ＶＩＡＲＳ,サービス,理容・美容業,5%
群馬県,館林市,ｈａｉｒ ｓａｌｏｎ ＶＩＡＲＳ 松原店,サービス,理容・美容業,5%
群馬県,館林市,マクドナルド館林アゼリアモール店,サービス,飲食業,2%
群馬県,館林市,マクドナルド館林店,サービス,飲食業,2%
群馬県,館林市,メガネの板垣 館林本店,小売業,貴金属・服飾品,5%
群馬県,館林市,焼肉東海苑館林店,サービス,飲食業,5%
群馬県,館林市,八木橋衣裳店,サービス,その他サービス,5%
群馬県,館林市,ヤマノイ電器,小売業,電化製品,5%
群馬県,館林市,ライフパートナー映音,小売業,電化製品,5%
群馬県,館林市,レストラン トロアの森,サービス,その他サービス,5%
群馬県,玉村町,出光玉村ＳＳ,小売業,ガソリンスタンド,2%
群馬県,玉村町,オートパーク玉村ＳＳ,小売業,ガソリンスタンド,2%
群馬県,玉村町,オートワークスさいとう,サービス,その他サービス,5%
群馬県,玉村町,クリハラデンキ,小売業,電化製品,5%
群馬県,玉村町,スペイン料理 アリオンダス,サービス,飲食業,5%
群馬県,玉村町,太陽電気,小売業,電化製品,5%
群馬県,玉村町,セブン－イレブン玉村上茂木店,小売業,食料品,2%
群馬県,玉村町,セブン－イレブン玉村五料店,小売業,食料品,2%
群馬県,玉村町,セブン－イレブン玉村下新田店,小売業,食料品,2%
群馬県,玉村町,セブン－イレブン玉村角渕店,小売業,食料品,2%
群馬県,玉村町,セブン－イレブン玉村福島店,小売業,食料品,2%
群馬県,玉村町,福嶋屋,サービス,飲食業,5%
群馬県,玉村町,メガネの板垣 玉村店,小売業,貴金属・服飾品,5%
群馬県,千代田町,新福寺給油所,小売業,ガソリンスタンド,2%
群馬県,千代田町,セブン－イレブン千代田町鞍掛店,小売業,食料品,2%
群馬県,千代田町,セブン－イレブン千代田町なかさと公園前店,小売業,食料品,2%
群馬県,千代田町,７８１インセンス千代田ジョイフル本田店,小売業,衣料品,5%
群馬県,千代田町,６７３シーベレット千代田ジョイフル本田店,小売業,衣料品,5%
群馬県,嬬恋村,大笹ＳＳ,小売業,ガソリンスタンド,2%
群馬県,嬬恋村,奥嬬恋温泉 花いち,サービス,宿泊業,5%
群馬県,嬬恋村,卸売センター サンエイ,小売業,総合（非専門）,5%
群馬県,嬬恋村,貸別荘ルネス軽井沢,サービス,宿泊業,5%
群馬県,嬬恋村,Ｍａｍａ’ｓ Ｇａｒｄｅｎ,サービス,飲食業,5%
群馬県,嬬恋村,北軽井沢ハイランドリゾートＨ,サービス,宿泊業,5%
群馬県,嬬恋村,北軽井沢ブルーベリーＹＧＨ,サービス,宿泊業,5%
群馬県,嬬恋村,群馬トヨタ自動車嬬恋三原店,小売業,その他小売,5%
群馬県,嬬恋村,キャベツ畑のパン＆ケーキ工房シューレビュー,サービス,宿泊業,5%
群馬県,嬬恋村,セブン－イレブン嬬恋大笹店,小売業,食料品,2%
群馬県,嬬恋村,株式会社嬬恋燃料商会,小売業,その他小売,5%
群馬県,嬬恋村,嬬恋の宿 あいさい,サービス,宿泊業,5%
群馬県,嬬恋村,セブン－イレブン嬬恋三原店,小売業,食料品,2%
群馬県,嬬恋村,嬬恋村観光案内所,小売業,食料品,5%
群馬県,嬬恋村,有）サザンライト・クラブ,サービス,その他サービス,5%
群馬県,嬬恋村,プチホテル エトワール・アベニュー,サービス,宿泊業,5%
群馬県,嬬恋村,三原ＳＳ,小売業,ガソリンスタンド,2%
群馬県,嬬恋村,ログコテージアルテック北軽井沢,サービス,宿泊業,5%
群馬県,富岡市,甘なっとうの小嶋屋,小売業,食料品,5%
群馬県,富岡市,板垣 富岡本店,小売業,貴金属・服飾品,5%
群馬県,富岡市,一の宮ＳＳ,小売業,ガソリンスタンド,2%
群馬県,富岡市,井戸沢電機,小売業,電化製品,5%
群馬県,富岡市,いりやま,小売業,衣料品,5%
群馬県,富岡市,菓匠 星野,小売業,食料品,5%
群馬県,富岡市,がってん寿司富岡店,サービス,飲食業,5%
群馬県,富岡市,割烹 竹乃花,サービス,飲食業,5%
群馬県,富岡市,カフェドローム,サービス,飲食業,5%
群馬県,富岡市,絹のヒロインＴｏｍｉｏｋａＳｉｌｋ．Ｓｈｏｐ,その他業種,ー,5%
群馬県,富岡市,ｃｒｅｐｅ Ｔｏｔｔｏ,小売業,食料品,5%
群馬県,富岡市,群馬トヨタ自動車富岡バイパス店,小売業,その他小売,5%
群馬県,富岡市,須賀モータース,サービス,その他サービス,5%
群馬県,富岡市,第一繊維,小売業,衣料品,5%
群馬県,富岡市,髙野輪業 高野輪業,小売業,その他小売,5%
群馬県,富岡市,手打ちそば大村支店,サービス,飲食業,5%
群馬県,富岡市,富岡ＳＳ,小売業,ガソリンスタンド,2%
群馬県,富岡市,富岡ＳＳ,小売業,ガソリンスタンド,2%
群馬県,富岡市,セブン－イレブン富岡相野田店,小売業,食料品,2%
群馬県,富岡市,セブン－イレブン富岡インター店,小売業,食料品,2%
群馬県,富岡市,セブン－イレブン富岡宇田店,小売業,食料品,2%
群馬県,富岡市,セブン－イレブン富岡黒川店,小売業,食料品,2%
群馬県,富岡市,富岡ＳＳ,小売業,ガソリンスタンド,2%
群馬県,富岡市,富岡西ＳＳ,小売業,ガソリンスタンド,2%
群馬県,富岡市,富岡西ＳＳ,小売業,ガソリンスタンド,2%
群馬県,富岡市,セブン－イレブン富岡バイパス店,小売業,食料品,2%
群馬県,富岡市,トヨタレンタリース群馬上州富岡駅前店,サービス,その他サービス,2%
群馬県,富岡市,ニューなんじゃい,小売業,ガソリンスタンド,2%
群馬県,富岡市,パークゴルフ富岡,サービス,その他サービス,5%
群馬県,富岡市,プラザみょうぎ,小売業,ガソリンスタンド,2%
群馬県,富岡市,ベーカリーカフェレストラン ケンケン,小売業,食料品,5%
群馬県,富岡市,マクドナルド富岡バイパス店,サービス,飲食業,2%
群馬県,富岡市,セブン－イレブン妙義上高田店,小売業,食料品,2%
群馬県,富岡市,妙義町ＳＳ,小売業,ガソリンスタンド,2%
群馬県,富岡市,メガネの板垣 富岡バイパス店,小売業,貴金属・服飾品,5%
群馬県,富岡市,有限会社きりぶち茶店 有限会社きりぶち茶店,小売業,食料品,5%
群馬県,富岡市,ヨシダスポーツ,小売業,その他小売,5%
群馬県,富岡市,リトルペア 不二美,小売業,衣料品,5%
群馬県,中之条町,一花館,サービス,宿泊業,5%
群馬県,中之条町,出光沢渡ＳＳ,小売業,ガソリンスタンド,2%
群馬県,中之条町,出光中之条ＳＳ,小売業,ガソリンスタンド,2%
群馬県,中之条町,伊東園ホテル四万,サービス,宿泊業,5%
群馬県,中之条町,六合直売所,小売業,食料品,2%
群馬県,中之条町,くれない,サービス,飲食業,5%
群馬県,中之条町,群馬興産株式会社,小売業,その他小売,5%
群馬県,中之条町,群馬トヨタ自動車中之条バイパス店,小売業,その他小売,5%
群馬県,中之条町,渓声の宿 いずみや,サービス,宿泊業,5%
群馬県,中之条町,剱持美容室,サービス,理容・美容業,5%
群馬県,中之条町,酒のケンモチ,小売業,食料品,5%
群馬県,中之条町,シクヤ電機商会,小売業,電化製品,5%
群馬県,中之条町,四万温泉豊島屋,サービス,その他サービス,5%
群馬県,中之条町,でんきやさん 綿貫電機,小売業,電化製品,5%
群馬県,中之条町,時わすれの宿 佳元,サービス,宿泊業,5%
群馬県,中之条町,中之条ＳＳ,小売業,ガソリンスタンド,2%
群馬県,中之条町,中之条伊勢町ＳＳ,小売業,ガソリンスタンド,2%
群馬県,中之条町,中之条ＳＳ,小売業,ガソリンスタンド,2%
群馬県,中之条町,セブン－イレブン中之条折田店,小売業,食料品,2%
群馬県,中之条町,セブン－イレブン中之条バイパス店,小売業,食料品,2%
群馬県,中之条町,セブン－イレブン中之条横尾店,小売業,食料品,2%
群馬県,中之条町,ニューサイトウ ニューサイトウ,サービス,飲食業,5%
群馬県,中之条町,ヘアー ザ シルク ヘアー ザ シルク,サービス,理容・美容業,5%
群馬県,中之条町,湯の宿山ばと,サービス,宿泊業,5%
群馬県,長野原町,吾妻ＳＳ,小売業,ガソリンスタンド,2%
群馬県,長野原町,Ａ・ＣＯＯＰ 北軽井沢店,小売業,食料品,5%
群馬県,長野原町,かくだい かくだい小林商店,小売業,総合（非専門）,5%
群馬県,長野原町,セブン－イレブン群馬北軽井沢店,小売業,食料品,2%
群馬県,長野原町,蕎麦茶寮 ｎａｎａｋｕｓａ,サービス,飲食業,5%
群馬県,長野原町,長野原,小売業,ガソリンスタンド,2%
群馬県,長野原町,パスタ ｄｅ マンジャーレ,サービス,飲食業,5%
群馬県,長野原町,プレジデントリゾートホテル軽井沢,サービス,宿泊業,5%
群馬県,長野原町,ペンション夢紀行 ペンション夢紀行,サービス,宿泊業,5%
群馬県,長野原町,ペンション夢紀行,サービス,宿泊業,5%
群馬県,長野原町,夢紀行,サービス,宿泊業,5%
群馬県,沼田市,ＡｎｎｏＤｏｍｉｎｉ,小売業,衣料品,5%
群馬県,沼田市,出光高平ＳＳ,小売業,ガソリンスタンド,2%
群馬県,沼田市,出光多那ＳＳ,小売業,ガソリンスタンド,2%
群馬県,沼田市,老神温泉 観山荘,その他業種,ー,5%
群馬県,沼田市,かざはな,サービス,飲食業,5%
群馬県,沼田市,がじゅまる がじゅまる,サービス,飲食業,5%
群馬県,沼田市,株式会社大内,小売業,その他小売,5%
群馬県,沼田市,カレーハウスＣｏＣｏ壱番屋沼田インター店,サービス,飲食業,2%
群馬県,沼田市,群馬トヨタ自動車沼田インタ－店,小売業,その他小売,5%
群馬県,沼田市,高原の宿水芭蕉,サービス,宿泊業,5%
群馬県,沼田市,コーヒーカップミルキー館,サービス,宿泊業,5%
群馬県,沼田市,小菅電気商会,小売業,電化製品,5%
群馬県,沼田市,ゴルフクラブ スカイリゾート,サービス,その他サービス,5%
群馬県,沼田市,上州武尊ＳＳ,小売業,ガソリンスタンド,2%
群馬県,沼田市,炭火居酒屋 酒宴,サービス,飲食業,5%
群馬県,沼田市,仙郷,サービス,飲食業,5%
群馬県,沼田市,有限会社大正堂眼鏡専門店,その他業種,ー,5%
群馬県,沼田市,千明書店,小売業,書籍・玩具・音楽ＣＤ,5%
群馬県,沼田市,Ｃｈｏｉｔｏ,サービス,飲食業,5%
群馬県,沼田市,直売,小売業,ガソリンスタンド,2%
群馬県,沼田市,Ｄｒ．Ｄｒｉｖｅ沼田インター店,小売業,ガソリンスタンド,2%
群馬県,沼田市,Ｄｒ．Ｄｒｉｖｅ沼田店,小売業,ガソリンスタンド,2%
群馬県,沼田市,利根白沢ＳＳ 常木石油,小売業,ガソリンスタンド,2%
群馬県,沼田市,沼田バイパスセルフステーションＳＳ,小売業,ガソリンスタンド,2%
群馬県,沼田市,利根日石株式会社 住宅設備,小売業,ガソリンスタンド,2%
群馬県,沼田市,利根無線商事,小売業,電化製品,5%
群馬県,沼田市,富澤商店,小売業,その他小売,5%
群馬県,沼田市,トヨタレンタリース群馬沼田駅前店,サービス,その他サービス,2%
群馬県,沼田市,とんかつ金重,サービス,飲食業,5%
群馬県,沼田市,沼田ＳＳ 佐々木石油株式会社,小売業,ガソリンスタンド,2%
群馬県,沼田市,セブン－イレブン沼田井土上店,小売業,食料品,2%
群馬県,沼田市,沼田インターＳＳ 佐々木石油株式会社,小売業,ガソリンスタンド,2%
群馬県,沼田市,沼田インター西ＳＳ,小売業,ガソリンスタンド,2%
群馬県,沼田市,セブン－イレブン沼田インター店,小売業,食料品,2%
群馬県,沼田市,セブンーイレブン沼田岡谷町店,小売業,食料品,2%
群馬県,沼田市,セブン－イレブン沼田上久屋店,小売業,食料品,2%
群馬県,沼田市,セブン－イレブン沼田善桂寺店,小売業,食料品,2%
群馬県,沼田市,セブン－イレブン沼田高橋場北店,小売業,食料品,2%
群馬県,沼田市,セブン－イレブン沼田西倉内町店,小売業,食料品,2%
群馬県,沼田市,沼田東ＳＳ,小売業,ガソリンスタンド,2%
群馬県,沼田市,馬喰町ＳＳ,小売業,ガソリンスタンド,2%
群馬県,沼田市,美容室クレオ,サービス,理容・美容業,5%
群馬県,沼田市,フラワー メイ,小売業,その他小売,5%
群馬県,沼田市,プレジール沼田ＳＳ,小売業,ガソリンスタンド,2%
群馬県,沼田市,ヘアーサロン なかむら,サービス,理容・美容業,5%
群馬県,沼田市,ヘアーサロン エラン,サービス,理容・美容業,5%
群馬県,沼田市,ペンション バン・デ・ルージュ）,サービス,宿泊業,5%
群馬県,沼田市,ペンション ホワイトルージュ,その他業種,ー,5%
群馬県,沼田市,ペンション ホワイトルージュ,その他業種,ー,5%
群馬県,沼田市,ペンションハートレストクラブ１９５９,サービス,宿泊業,5%
群馬県,沼田市,ペンション バン デ ルージュ,サービス,宿泊業,5%
群馬県,沼田市,星野電器商会,小売業,電化製品,5%
群馬県,沼田市,ボディーリラクゼーションゆるりら ボディーリラクゼーションゆるりら,サービス,その他サービス,5%
群馬県,沼田市,ボディメイクサロン タケル,サービス,理容・美容業,5%
群馬県,沼田市,本社,小売業,ガソリンスタンド,2%
群馬県,沼田市,マクドナルド沼田インター店,サービス,飲食業,2%
群馬県,沼田市,町田ＳＳ,小売業,ガソリンスタンド,2%
群馬県,沼田市,明光電化センター,小売業,電化製品,5%
群馬県,沼田市,メガネの板垣 沼田材木町店,小売業,貴金属・服飾品,5%
群馬県,沼田市,洋菓子工房 樫の木 洋菓子工房樫の木,小売業,食料品,5%
群馬県,東吾妻町,セブン－イレブン吾妻東村店,小売業,食料品,2%
群馬県,東吾妻町,Ａ・ＣＯＯＰ あがつま店（食品）,小売業,食料品,5%
群馬県,東吾妻町,セブン－イレブン群馬吾妻原町店,小売業,食料品,2%
群馬県,東吾妻町,郷原ＳＳ,小売業,ガソリンスタンド,2%
群馬県,東吾妻町,原町東ＳＳ,小売業,ガソリンスタンド,2%
群馬県,東吾妻町,ホ－ムガスショップ吾妻,小売業,その他小売,5%
群馬県,東吾妻町,メガネのイタガキ原町店,小売業,貴金属・服飾品,5%
群馬県,藤岡市,ＥＹＥＬＯＯＫ ＭＥＧＡＮＥ,小売業,その他小売,5%
群馬県,藤岡市,出光浄法寺ＳＳ,小売業,ガソリンスタンド,2%
群馬県,藤岡市,ウイズ,小売業,その他小売,5%
群馬県,藤岡市,鬼石ＳＳ,小売業,ガソリンスタンド,2%
群馬県,藤岡市,鬼石店,小売業,ガソリンスタンド,2%
群馬県,藤岡市,セブン－イレブン鬼石三杉町店,小売業,食料品,2%
群馬県,藤岡市,カーショップノア,サービス,その他サービス,5%
群馬県,藤岡市,絹の湯 久惠屋旅館,サービス,宿泊業,5%
群馬県,藤岡市,栗須ＳＳ／有限会社山口石油店,小売業,ガソリンスタンド,2%
群馬県,藤岡市,群馬トヨタ自動車藤岡みやもと店,小売業,その他小売,5%
群馬県,藤岡市,コープ藤岡店,小売業,食料品,5%
群馬県,藤岡市,三月うさぎ藤岡店,サービス,飲食業,5%
群馬県,藤岡市,如水堂本舗,サービス,その他サービス,5%
群馬県,藤岡市,白石,小売業,ガソリンスタンド,2%
群馬県,藤岡市,そば処 昌良,サービス,飲食業,5%
群馬県,藤岡市,タイヤショップワイズ,小売業,その他小売,5%
群馬県,藤岡市,田村タイヤ商会,小売業,その他小売,5%
群馬県,藤岡市,チボアンドピアンタート,サービス,飲食業,5%
群馬県,藤岡市,どうぶつウェルネスセンターアニクス,サービス,その他サービス,5%
群馬県,藤岡市,とんかつ甘楽亭 藤岡店,サービス,飲食業,5%
群馬県,藤岡市,パル・ナガハマ,小売業,電化製品,5%
群馬県,藤岡市,ハローどうぶつ病院,サービス,その他サービス,5%
群馬県,藤岡市,ハローどうぶつ病院,サービス,その他サービス,5%
群馬県,藤岡市,藤岡ＳＳ,小売業,ガソリンスタンド,2%
群馬県,藤岡市,藤岡ＳＳ,小売業,ガソリンスタンド,2%
群馬県,藤岡市,セブン－イレブン藤岡芦田町店,小売業,食料品,2%
群馬県,藤岡市,セブン－イレブン藤岡上戸塚店,小売業,食料品,2%
群馬県,藤岡市,セブン－イレブン藤岡白石店,小売業,食料品,2%
群馬県,藤岡市,藤岡新町ＳＳ,小売業,ガソリンスタンド,2%
群馬県,藤岡市,藤岡タイヤ商会,小売業,その他小売,5%
群馬県,藤岡市,セブン－イレブン藤岡立石店,小売業,食料品,2%
群馬県,藤岡市,セブン－イレブン藤岡中央高校前店,小売業,食料品,2%
群馬県,藤岡市,セブン－イレブン藤岡中島店,小売業,食料品,2%
群馬県,藤岡市,セブン－イレブン藤岡仲町店,小売業,食料品,2%
群馬県,藤岡市,藤岡２５４セルフＳＳ,小売業,ガソリンスタンド,2%
群馬県,藤岡市,セブン－イレブン藤岡平井店,小売業,食料品,2%
群馬県,藤岡市,藤岡ボウル,サービス,その他サービス,5%
群馬県,藤岡市,セブン－イレブン藤岡本郷店,小売業,食料品,2%
群馬県,藤岡市,セブン－イレブン藤岡宮本町店,小売業,食料品,2%
群馬県,藤岡市,セブン－イレブン藤岡本動堂店,小売業,食料品,2%
群馬県,藤岡市,セブン－イレブン藤岡森店,小売業,食料品,2%
群馬県,藤岡市,堀越電気商会,小売業,電化製品,5%
群馬県,藤岡市,マクドナルド藤岡インター店,サービス,飲食業,2%
群馬県,藤岡市,松浦電器商会,小売業,電化製品,5%
群馬県,藤岡市,メガネのイタガキ藤岡店,小売業,貴金属・服飾品,5%
群馬県,藤岡市,モトゴーイング,小売業,総合（非専門）,5%
群馬県,藤岡市,山田電機,小売業,電化製品,5%
群馬県,藤岡市,有限会社クリーニングほんだ 有 クリーニングほんだ,サービス,その他サービス,5%
群馬県,藤岡市,有限会社 長浜電機商会,小売業,電化製品,5%
群馬県,藤岡市,若林家具センター 藤岡店,小売業,家具・調度品,5%
群馬県,前橋市,ＡＲＴ ＰＵＲＥ,サービス,理容・美容業,5%
群馬県,前橋市,アイシステム,小売業,電化製品,5%
群馬県,前橋市,アイツアーズ前橋みなみ店,サービス,その他サービス,5%
群馬県,前橋市,赤城山ＳＳ,小売業,ガソリンスタンド,2%
群馬県,前橋市,あかしや商店,小売業,その他小売,5%
群馬県,前橋市,アヅマ補聴器センター 前橋本店,小売業,その他小売,5%
群馬県,前橋市,アトリエ ベリッシマ,小売業,衣料品,5%
群馬県,前橋市,ＡＮＮＥＡＵ,サービス,理容・美容業,5%
群馬県,前橋市,天川大島町ＳＳ 株式会社三山石油天川エスエス,小売業,ガソリンスタンド,2%
群馬県,前橋市,アミング前橋駅南店,小売業,その他小売,5%
群馬県,前橋市,アラキデンキ,小売業,電化製品,5%
群馬県,前橋市,荒牧食堂,その他業種,ー,5%
群馬県,前橋市,荒牧食堂（Ｔｕｏ）,その他業種,ー,5%
群馬県,前橋市,アラマキッチン,サービス,飲食業,5%
群馬県,前橋市,有賀園ゴルフＮＥＷ前橋店,小売業,その他小売,5%
群馬県,前橋市,イイジマデンキ前橋店,小売業,電化製品,5%
群馬県,前橋市,いか焼き剣々,サービス,飲食業,5%
群馬県,前橋市,いか焼き剣々,サービス,飲食業,5%
群馬県,前橋市,いか焼き剣々 ダイニングバー いか焼き剣々,サービス,飲食業,5%
群馬県,前橋市,石井ＳＳ,小売業,ガソリンスタンド,2%
群馬県,前橋市,板垣 大胡店,小売業,貴金属・服飾品,5%
群馬県,前橋市,板垣 前橋三俣店,小売業,貴金属・服飾品,5%
群馬県,前橋市,イタリア料理ランゴスタ,サービス,飲食業,5%
群馬県,前橋市,出光赤城通りＳＳ,小売業,ガソリンスタンド,2%
群馬県,前橋市,出光赤城山ＳＳ,小売業,ガソリンスタンド,2%
群馬県,前橋市,出光大友町ＳＳ,小売業,ガソリンスタンド,2%
群馬県,前橋市,出光セルフパラーダ下小出ＳＳ,小売業,ガソリンスタンド,2%
群馬県,前橋市,出光パラーダ野中ＳＳ,小売業,ガソリンスタンド,2%
群馬県,前橋市,岩上電機,小売業,電化製品,5%
群馬県,前橋市,Ｗｉｎｇ ＲＥＤ ＬＡＢＥＬ 前橋５０号店,小売業,その他小売,5%
群馬県,前橋市,海香美容室,サービス,理容・美容業,5%
群馬県,前橋市,Ｓ．Ｄ．レザー,サービス,その他サービス,5%
群馬県,前橋市,江原モータース,その他業種,ー,5%
群馬県,前橋市,江原屋本店,小売業,食料品,5%
群馬県,前橋市,エビス企画,小売業,食料品,5%
群馬県,前橋市,ＦＣ煥乎堂,小売業,書籍・玩具・音楽ＣＤ,5%
群馬県,前橋市,Ｍ ＲｏｏＭ,サービス,飲食業,5%
群馬県,前橋市,ＭＲＧａｒａｇｅ,小売業,その他小売,5%
群馬県,前橋市,エルシー株式会社,サービス,その他サービス,5%
群馬県,前橋市,大胡バイパス,小売業,ガソリンスタンド,2%
群馬県,前橋市,セブン－イレブン大胡樋越店,小売業,食料品,2%
群馬県,前橋市,オーダースーツ注文紳士服アベ オーダースーツ注文紳士服アベ前橋店,小売業,衣料品,5%
群馬県,前橋市,大手町ＳＳ,小売業,ガソリンスタンド,2%
群馬県,前橋市,Ａｕｔｏ ｅｇｇ,サービス,その他サービス,5%
群馬県,前橋市,オートＫ,小売業,その他小売,5%
群馬県,前橋市,お好み焼きＫＡＮＳＡＩ 前橋荒牧店,サービス,飲食業,5%
群馬県,前橋市,お好み焼きＫＡＮＳＡＩ 前橋野中店,サービス,飲食業,5%
群馬県,前橋市,お好み焼きＫＡＮＳＡＩ 前橋元総社店,サービス,飲食業,5%
群馬県,前橋市,オプトさいとう,小売業,貴金属・服飾品,5%
群馬県,前橋市,お野菜食堂そら ーＳｏＬａーｃａｆｅ,サービス,飲食業,5%
群馬県,前橋市,オリックスレンタカー前橋駅前店,サービス,その他サービス,2%
群馬県,前橋市,オリックスレンタカー前橋城東店,サービス,その他サービス,2%
群馬県,前橋市,カーショップ リカオン,サービス,その他サービス,5%
群馬県,前橋市,桂萱,小売業,ガソリンスタンド,2%
群馬県,前橋市,海鮮居酒屋どんさん亭 片貝店,サービス,飲食業,5%
群馬県,前橋市,海鮮どんさん亭 前橋店,サービス,飲食業,5%
群馬県,前橋市,粕川,小売業,ガソリンスタンド,2%
群馬県,前橋市,セブン－イレブン粕川店,小売業,食料品,2%
群馬県,前橋市,セブン－イレブン粕川中店,小売業,食料品,2%
群馬県,前橋市,カスタムモデル,小売業,その他小売,5%
群馬県,前橋市,カット スタジオ ＳＱＵＡＬＬ,サービス,理容・美容業,5%
群馬県,前橋市,ＣｕｔＨｏｕｓｅ ＴＡＴＥＮＯ,サービス,理容・美容業,5%
群馬県,前橋市,かつはな亭前橋片貝店,サービス,飲食業,5%
群馬県,前橋市,かつはな亭前橋文京店,サービス,飲食業,5%
群馬県,前橋市,かつはな亭前橋南店,サービス,飲食業,5%
群馬県,前橋市,カナメ,サービス,その他サービス,5%
群馬県,前橋市,ＣＡＦＥ １８番,サービス,飲食業,5%
群馬県,前橋市,株式会社 群馬トラベルサービス,サービス,その他サービス,5%
群馬県,前橋市,株式会社アライデンキ,小売業,電化製品,5%
群馬県,前橋市,株式会社滋野堤水堂,小売業,その他小売,5%
群馬県,前橋市,かまくら亭,サービス,飲食業,5%
群馬県,前橋市,ＣＵＲＲＹ ＯＮ,サービス,飲食業,5%
群馬県,前橋市,ガレージスターフィールド,サービス,その他サービス,5%
群馬県,前橋市,カレーハウスＣＯＣＯ壱番屋前橋荒牧店,サービス,飲食業,2%
群馬県,前橋市,カレーハウスＣＯＣＯ壱番屋前橋日吉店,サービス,飲食業,2%
群馬県,前橋市,煥乎堂,小売業,書籍・玩具・音楽ＣＤ,5%
群馬県,前橋市,ＫＡＮＤＡＴＡ,サービス,理容・美容業,5%
群馬県,前橋市,ｋｉｇｉ ｋｉｇｉ,小売業,その他小売,5%
群馬県,前橋市,北爪電化サービス,小売業,電化製品,5%
群馬県,前橋市,キャメリアブラン キャメリアブラン,サービス,理容・美容業,5%
群馬県,前橋市,牛角前橋岩神店,サービス,飲食業,2%
群馬県,前橋市,キヨノデンキ,小売業,電化製品,5%
群馬県,前橋市,ＫＩＮＧ ＧＯＤ 本店,サービス,飲食業,5%
群馬県,前橋市,金の水花前橋店,サービス,飲食業,5%
群馬県,前橋市,Ｃｏｏ＆ＲＩＫＵ前橋店,小売業,その他小売,5%
群馬県,前橋市,久保田薬局,小売業,その他小売,5%
群馬県,前橋市,株式会社ウォールストリート,サービス,理容・美容業,5%
群馬県,前橋市,倉林電機商会,小売業,電化製品,5%
群馬県,前橋市,クラブＢＩＤ,小売業,その他小売,5%
群馬県,前橋市,クリーニングリフレ,その他業種,ー,5%
群馬県,前橋市,Ｇｌｏｓｓｙ,サービス,理容・美容業,5%
群馬県,前橋市,セブン－イレブン群大荒牧キャンパス通り店,小売業,食料品,2%
群馬県,前橋市,群馬ＩＰコミュニケーションズ 料金収納,サービス,その他サービス,5%
群馬県,前橋市,群馬大学生協 荒牧購買,その他業種,ー,5%
群馬県,前橋市,群馬大学生協 荒牧購買（ＴＵＯ）,その他業種,ー,5%
群馬県,前橋市,群馬大学生協 荒牧購買書籍,その他業種,ー,5%
群馬県,前橋市,群馬大学生協 昭和購買,その他業種,ー,5%
群馬県,前橋市,群馬大学生協 昭和購買（ＴＵＯ）,その他業種,ー,5%
群馬県,前橋市,群馬大学生協 昭和購買書籍,その他業種,ー,5%
群馬県,前橋市,群馬トヨタ自動車ＲＶ ＰＡＲＫ ＳＥＣＯＮＤ,小売業,その他小売,5%
群馬県,前橋市,群馬トヨタ自動車前橋天川大島店,小売業,その他小売,5%
群馬県,前橋市,群馬トヨタ自動車前橋大友店,小売業,その他小売,5%
群馬県,前橋市,群馬トヨタ自動車前橋下小出店,小売業,その他小売,5%
群馬県,前橋市,群馬メガネ,小売業,その他小売,5%
群馬県,前橋市,ＫＳＳ,サービス,その他サービス,5%
群馬県,前橋市,源氏,サービス,飲食業,5%
群馬県,前橋市,紅茶専門店リバティー,小売業,食料品,5%
群馬県,前橋市,コープ昭和店,小売業,食料品,5%
群馬県,前橋市,コープ細井店,小売業,食料品,5%
群馬県,前橋市,ＣＯＣＯＮＡＩＬ,サービス,その他サービス,5%
群馬県,前橋市,セブン－イレブン駒形駅北店,小売業,食料品,2%
群馬県,前橋市,駒形ＢＰＳＳ,小売業,ガソリンスタンド,2%
群馬県,前橋市,ｃｏｒｋ ＨＡＩＲ,サービス,理容・美容業,5%
群馬県,前橋市,サイクルハウスＷＩＳＨ 前橋南店,小売業,その他小売,5%
群馬県,前橋市,菜穀和食 むくび,サービス,飲食業,5%
群馬県,前橋市,ｓｕｐｐｏｒｔ,サービス,理容・美容業,5%
群馬県,前橋市,Ｓａｌ Ｓａｌ フットサルセレクトショップ サル,小売業,衣料品,5%
群馬県,前橋市,山王町,小売業,ガソリンスタンド,2%
群馬県,前橋市,ＧＧＣ前橋店,サービス,飲食業,5%
群馬県,前橋市,ＳＥＥＤ ＣＡＦＥ,サービス,飲食業,5%
群馬県,前橋市,ジェームス敷島店,小売業,その他小売,2%
群馬県,前橋市,Ｃｈｅｒｉｒ,サービス,理容・美容業,5%
群馬県,前橋市,しなの弥,サービス,飲食業,5%
群馬県,前橋市,シノダ電機,小売業,電化製品,5%
群馬県,前橋市,しみずスーパー亀里店,小売業,その他小売,5%
群馬県,前橋市,下大屋,小売業,ガソリンスタンド,2%
群馬県,前橋市,しゃぶしゃぶ温野菜前橋大友店,サービス,飲食業,2%
群馬県,前橋市,十六時,サービス,その他サービス,5%
群馬県,前橋市,ジュエリースタジオ ポエット,小売業,貴金属・服飾品,5%
群馬県,前橋市,手芸センタードリームリリカ前橋店,小売業,その他小売,5%
群馬県,前橋市,手芸センタードリームリリカ前橋,小売業,その他小売,5%
群馬県,前橋市,ＪＯＹ,小売業,その他小売,5%
群馬県,前橋市,上州そば 将太,サービス,飲食業,5%
群馬県,前橋市,昭和食堂,その他業種,ー,5%
群馬県,前橋市,昭和食堂（Ｔｕｏ）,その他業種,ー,5%
群馬県,前橋市,食匠 なる花,サービス,飲食業,5%
群馬県,前橋市,食楽酒喜 厨（くりや）,サービス,飲食業,5%
群馬県,前橋市,Ｓｉｌｋ ｄｅ Ｓｍｉｌｅ,小売業,その他小売,5%
群馬県,前橋市,シロタホテル,サービス,宿泊業,5%
群馬県,前橋市,神久電機工業所,小売業,電化製品,5%
群馬県,前橋市,新交通システムサービス,小売業,総合（非専門）,5%
群馬県,前橋市,シンワオート,小売業,その他小売,5%
群馬県,前橋市,ＳｕａｙＬｏｍ,サービス,その他サービス,5%
群馬県,前橋市,ＳＷＥＥＴＳＳＨＯＰＹＯＳＨＩＤＡ,サービス,飲食業,5%
群馬県,前橋市,末広ガス株式会社 直売,小売業,その他小売,5%
群馬県,前橋市,有限会社八番舘,サービス,理容・美容業,5%
群馬県,前橋市,ステーキ海鮮焼かな,サービス,飲食業,5%
群馬県,前橋市,ステーキ屋 甚,サービス,飲食業,5%
群馬県,前橋市,ストレート 前橋店,小売業,その他小売,5%
群馬県,前橋市,炭火焼き たぬき,サービス,飲食業,5%
群馬県,前橋市,炭リッチ 炭リッチ前橋駅南口本店,サービス,飲食業,5%
群馬県,前橋市,清閑堂,小売業,家具・調度品,5%
群馬県,前橋市,Ｓｅｌｆｉｓｈ,サービス,飲食業,5%
群馬県,前橋市,セルフ新前橋ＳＳ,小売業,ガソリンスタンド,2%
群馬県,前橋市,セルフ前橋西善,小売業,ガソリンスタンド,2%
群馬県,前橋市,鮮魚市場 ゆう,サービス,飲食業,5%
群馬県,前橋市,洗濯工房ココア上小出店,サービス,その他サービス,5%
群馬県,前橋市,洗濯工房ココア文京店,サービス,その他サービス,5%
群馬県,前橋市,箏曲家鈴木創,その他業種,ー,5%
群馬県,前橋市,ＳｏＬａ Ｍｕｓｉｃ Ｓｃｈｏｏｌ,サービス,その他サービス,5%
群馬県,前橋市,大衆酒場 炉ばた焼き 大将,サービス,飲食業,5%
群馬県,前橋市,Ｄｉｎｉｎｇ Ｂａｒ ＩＯＲＩ,サービス,飲食業,5%
群馬県,前橋市,高橋功税理士事務所,サービス,その他サービス,5%
群馬県,前橋市,多胡石材産業 前橋営業所,その他業種,ー,5%
群馬県,前橋市,タジマヤ 前橋支店,その他業種,ー,5%
群馬県,前橋市,田中の人形,小売業,書籍・玩具・音楽ＣＤ,5%
群馬県,前橋市,ダンティモト,小売業,その他小売,5%
群馬県,前橋市,中央大橋ＳＳ,小売業,ガソリンスタンド,2%
群馬県,前橋市,中央自動車硝子,小売業,その他小売,5%
群馬県,前橋市,角田写真館,サービス,その他サービス,5%
群馬県,前橋市,ＤＥＯＳ潜水堂,小売業,その他小売,5%
群馬県,前橋市,電器館うめざわ,小売業,電化製品,5%
群馬県,前橋市,電器館 うめざわ,小売業,電化製品,5%
群馬県,前橋市,ＴＯＢＥＫＯＦＦＥＥ,サービス,飲食業,5%
群馬県,前橋市,ＴＵＯ 前橋工科大生協 購買書籍部,その他業種,ー,5%
群馬県,前橋市,ＴＵＯ 前橋工科大生協 食堂部,その他業種,ー,5%
群馬県,前橋市,トヨタレンタリース群馬前橋駅南口店,サービス,その他サービス,2%
群馬県,前橋市,とんかつ甘楽亭 前橋店,サービス,飲食業,5%
群馬県,前橋市,ナベリフォーム,サービス,その他サービス,5%
群馬県,前橋市,行方電機,小売業,電化製品,5%
群馬県,前橋市,ｎｉｃｏ ｒｅｌａｘ,サービス,その他サービス,5%
群馬県,前橋市,ニューアルファーサポート有限会社,その他業種,ー,5%
群馬県,前橋市,ネギシムセン,小売業,電化製品,5%
群馬県,前橋市,ネッツトヨタ高崎 前橋はこだ店Ｕ－ｃａｒ,小売業,その他小売,5%
群馬県,前橋市,Ｋｎｏｔ＆Ｂｅｌｌ,サービス,理容・美容業,5%
群馬県,前橋市,芳賀,小売業,ガソリンスタンド,2%
群馬県,前橋市,はぎわらペットクリニック,サービス,その他サービス,5%
群馬県,前橋市,獏山美容院,サービス,理容・美容業,5%
群馬県,前橋市,パソコンスクールＬＩＦＴＥ,その他業種,ー,5%
群馬県,前橋市,パティスリー ル ベリエ,小売業,食料品,5%
群馬県,前橋市,羽鳥電機,小売業,電化製品,5%
群馬県,前橋市,鼻毛石,小売業,ガソリンスタンド,2%
群馬県,前橋市,はな工房＆花カフェ,サービス,飲食業,5%
群馬県,前橋市,はなせん,小売業,その他小売,5%
群馬県,前橋市,ＰａｎａｓｏｎｉｃリフォームＣｌｕｂ小林工業株式会社,その他業種,ー,5%
群馬県,前橋市,ＨａｎａｍａｒｕＡｕｔｏＰａｒｔｓ群馬店,小売業,その他小売,5%
群馬県,前橋市,ハルナ眼鏡店,小売業,その他小売,5%
群馬県,前橋市,はんこの欅堂,小売業,その他小売,5%
群馬県,前橋市,パンチャ ピエーナ,サービス,飲食業,5%
群馬県,前橋市,美巧装業,サービス,その他サービス,5%
群馬県,前橋市,久田屋そば店,サービス,飲食業,5%
群馬県,前橋市,ピザテン・フォー 前橋茂木店 １,サービス,その他サービス,5%
群馬県,前橋市,ＰＣメディアサ－ビス,サービス,その他サービス,5%
群馬県,前橋市,ビストロ らくだ屋,サービス,飲食業,5%
群馬県,前橋市,ピポパークカインズ前橋みなみモール店,小売業,電化製品,5%
群馬県,前橋市,ビューティスリムピュアスタイル,サービス,理容・美容業,5%
群馬県,前橋市,平野屋米穀店,小売業,食料品,5%
群馬県,前橋市,株式会社廣川書店 前橋店,小売業,書籍・玩具・音楽ＣＤ,5%
群馬県,前橋市,ＢＵＢＵｃａｆｅぷれいん,サービス,飲食業,5%
群馬県,前橋市,フォトすまいる,サービス,その他サービス,5%
群馬県,前橋市,ふくふく二の宮食堂,サービス,飲食業,5%
群馬県,前橋市,富士書店 前橋店,小売業,総合（非専門）,5%
群馬県,前橋市,藤田電器,小売業,電化製品,5%
群馬県,前橋市,富士見,小売業,ガソリンスタンド,2%
群馬県,前橋市,フットステージ新前橋,サービス,その他サービス,5%
群馬県,前橋市,フットボールマーク外販売,小売業,その他小売,5%
群馬県,前橋市,プライド・ワン,サービス,その他サービス,5%
群馬県,前橋市,Ｐｌａｎｅｔ３ｒｄ,小売業,衣料品,5%
群馬県,前橋市,ｉｒｏｄｏｒｉ 【イロドリ】,サービス,理容・美容業,5%
群馬県,前橋市,ヘアーサロン オオクボ,サービス,理容・美容業,5%
群馬県,前橋市,ヘアーサロンもりかわ,サービス,理容・美容業,5%
群馬県,前橋市,ヘアーサロンやまぐち,サービス,理容・美容業,5%
群馬県,前橋市,ｈａｉｒ ｓａｌｏｎ Ｒｉｓｅ Ｈｅａｒｔ,サービス,理容・美容業,5%
群馬県,前橋市,ｈａｉｒ ｃｈｏｕ ｃｈｏｕ,サービス,理容・美容業,5%
群馬県,前橋市,Ｈａｉｒ’ｓ Ｃｏｏｌ ークールー,サービス,理容・美容業,5%
群馬県,前橋市,ｈａｉｒｗｏｒｋｓＲｅＳＰＥＣ,サービス,理容・美容業,5%
群馬県,前橋市,Ｈａｉｒ Ｃｌｕｂ Ｈｅａｒｔｌａｎｄ,サービス,理容・美容業,5%
群馬県,前橋市,ＨＡＩＲＳＴＵＤＩＯ Ｃ?ｂｕ,サービス,理容・美容業,5%
群馬県,前橋市,Ｐａｉｓｌｅｙ Ｐａｒｋ,サービス,理容・美容業,5%
群馬県,前橋市,ＢＥＮＴＯ２６１,サービス,飲食業,5%
群馬県,前橋市,北部車体整備工業,その他業種,ー,5%
群馬県,前橋市,ＢＯＳＳ ＩＮＴＥＲＮＡＴＩＯＮＡＬ,サービス,理容・美容業,5%
群馬県,前橋市,ホテルグリーンガーデン,サービス,宿泊業,5%
群馬県,前橋市,ポパイの家具,小売業,家具・調度品,5%
群馬県,前橋市,株式会社フジサワ,サービス,その他サービス,5%
群馬県,前橋市,本社営業企画部,小売業,その他小売,5%
群馬県,前橋市,マール,小売業,衣料品,5%
群馬県,前橋市,セブン－イレブン前橋青柳町店,小売業,食料品,2%
群馬県,前橋市,セブン－イレブン前橋青柳町南店,小売業,食料品,2%
群馬県,前橋市,セブン－イレブン前橋朝倉町１丁目店,小売業,食料品,2%
群馬県,前橋市,セブン－イレブン前橋朝日町４丁目店,小売業,食料品,2%
群馬県,前橋市,セブン－イレブン前橋天川大島３丁目店,小売業,食料品,2%
群馬県,前橋市,セブン－イレブン前橋天川大島町西店,小売業,食料品,2%
群馬県,前橋市,セブン－イレブン前橋天川原町１丁目店,小売業,食料品,2%
群馬県,前橋市,セブン－イレブン前橋天川町店,小売業,食料品,2%
群馬県,前橋市,セブン－イレブン前橋石倉５丁目店,小売業,食料品,2%
群馬県,前橋市,セブン－イレブン前橋岩神町３丁目店,小売業,食料品,2%
群馬県,前橋市,セブン－イレブン前橋大友町店,小売業,食料品,2%
群馬県,前橋市,セブン－イレブン前橋大渡町店,小売業,食料品,2%
群馬県,前橋市,セブン－イレブン前橋荻窪町店,小売業,食料品,2%
群馬県,前橋市,セブン－イレブン前橋表町２丁目店,小売業,食料品,2%
群馬県,前橋市,セブン－イレブン前橋柏倉町店,小売業,食料品,2%
群馬県,前橋市,セブン－イレブン前橋勝沢町店,小売業,食料品,2%
群馬県,前橋市,セブン－イレブン前橋上沖町店,小売業,食料品,2%
群馬県,前橋市,セブンーイレブン前橋上小出店,小売業,食料品,2%
群馬県,前橋市,セブン－イレブン前橋亀里町店,小売業,食料品,2%
群馬県,前橋市,セブン－イレブン前橋川原町店,小売業,食料品,2%
群馬県,前橋市,セブン－イレブン前橋川原町西原店,小売業,食料品,2%
群馬県,前橋市,セブン－イレブン前橋北代田町店,小売業,食料品,2%
群馬県,前橋市,セブン－イレブン前橋小相木町店,小売業,食料品,2%
群馬県,前橋市,前橋工科大生協 購買書籍部,その他業種,ー,5%
群馬県,前橋市,前橋工科大生協 食堂部,その他業種,ー,5%
群馬県,前橋市,セブン－イレブン前橋国領町店,小売業,食料品,2%
群馬県,前橋市,セブン－イレブン前橋駒形インター店,小売業,食料品,2%
群馬県,前橋市,セブン－イレブン前橋小屋原店,小売業,食料品,2%
群馬県,前橋市,セブン－イレブン前橋市民文化会館前店,小売業,食料品,2%
群馬県,前橋市,セブン－イレブン前橋下石倉町店,小売業,食料品,2%
群馬県,前橋市,セブン－イレブン前橋下小出２丁目店,小売業,食料品,2%
群馬県,前橋市,セブン－イレブン前橋下佐鳥町店,小売業,食料品,2%
群馬県,前橋市,セブン－イレブン前橋城東町店,小売業,食料品,2%
群馬県,前橋市,セブン－イレブン前橋堤町店,小売業,食料品,2%
群馬県,前橋市,セブン－イレブン前橋富田町店,小売業,食料品,2%
群馬県,前橋市,前橋問屋町,小売業,ガソリンスタンド,2%
群馬県,前橋市,セブン－イレブン前橋問屋町店,小売業,食料品,2%
群馬県,前橋市,前橋西ＳＳ,小売業,ガソリンスタンド,2%
群馬県,前橋市,セブンーイレブン前橋西片貝２丁目店,小売業,食料品,2%
群馬県,前橋市,セブン－イレブン前橋西善町店,小売業,食料品,2%
群馬県,前橋市,セブン－イレブン前橋二之宮町南店,小売業,食料品,2%
群馬県,前橋市,セブン－イレブン前橋野中南店,小売業,食料品,2%
群馬県,前橋市,セブン－イレブン前橋箱田町店,小売業,食料品,2%
群馬県,前橋市,セブン－イレブン前橋日吉町１丁目店,小売業,食料品,2%
群馬県,前橋市,セブン－イレブン前橋広瀬１丁目店,小売業,食料品,2%
群馬県,前橋市,セブン－イレブン前橋広瀬３丁目店,小売業,食料品,2%
群馬県,前橋市,セブン－イレブン前橋富士見大鳥居店,小売業,食料品,2%
群馬県,前橋市,セブン－イレブン前橋富士見原之郷店,小売業,食料品,2%
群馬県,前橋市,セブン－イレブン前橋富士見皆沢店,小売業,食料品,2%
群馬県,前橋市,セブン－イレブン前橋文京町店,小売業,食料品,2%
群馬県,前橋市,前橋ホテルルカ,サービス,宿泊業,5%
群馬県,前橋市,セブン－イレブン前橋堀越町店,小売業,食料品,2%
群馬県,前橋市,セブン－イレブン前橋本町２丁目店,小売業,食料品,2%
群馬県,前橋市,前橋南インターＳＳ,小売業,ガソリンスタンド,2%
群馬県,前橋市,セブン－イレブン前橋南高校前店,小売業,食料品,2%
群馬県,前橋市,セブン－イレブン前橋南町４丁目店,小売業,食料品,2%
群馬県,前橋市,セブン－イレブン前橋南町２丁目店,小売業,食料品,2%
群馬県,前橋市,セブン－イレブン前橋宮地町店,小売業,食料品,2%
群馬県,前橋市,セブン－イレブン前橋元総社蒼海店,小売業,食料品,2%
群馬県,前橋市,セブン－イレブン前橋元総社町北店,小売業,食料品,2%
群馬県,前橋市,セブン－イレブン前橋元総社町店,小売業,食料品,2%
群馬県,前橋市,セブン－イレブン前橋横沢町店,小売業,食料品,2%
群馬県,前橋市,セブン－イレブン前橋六供町店,小売業,食料品,2%
群馬県,前橋市,セブン－イレブン前橋若宮町店,小売業,食料品,2%
群馬県,前橋市,マーキュリーホテル,サービス,宿泊業,5%
群馬県,前橋市,マクドナルド大胡バイパス店,サービス,飲食業,2%
群馬県,前橋市,マクドナルド５０号前橋朝日町店,サービス,飲食業,2%
群馬県,前橋市,マクドナルドＪＲ前橋駅店,サービス,飲食業,2%
群馬県,前橋市,マクドナルド新前橋店,サービス,飲食業,2%
群馬県,前橋市,マクドナルド前橋荒牧店,サービス,飲食業,2%
群馬県,前橋市,マクドナルド前橋ガーデン店,サービス,飲食業,2%
群馬県,前橋市,マクドナルド前橋けやきウォーク店,サービス,飲食業,2%
群馬県,前橋市,マクドナルド前橋三俣町店,サービス,飲食業,2%
群馬県,前橋市,マクドナルド前橋みなみパワーモール店,サービス,飲食業,2%
群馬県,前橋市,マルカワ前橋店,小売業,衣料品,5%
群馬県,前橋市,ミカワ電気,小売業,電化製品,5%
群馬県,前橋市,水本園,小売業,食料品,5%
群馬県,前橋市,ミナミ石油株式会社 クルマのミナミ前橋店,小売業,その他小売,5%
群馬県,前橋市,ミミクロージング,小売業,衣料品,5%
群馬県,前橋市,ミヤシタデンキ,小売業,電化製品,5%
群馬県,前橋市,Ｍｉｙａｍａ,小売業,衣料品,5%
群馬県,前橋市,ミルキーネイル,サービス,理容・美容業,5%
群馬県,前橋市,ミルキー美容室,サービス,理容・美容業,5%
群馬県,前橋市,メイクハウス,サービス,その他サービス,5%
群馬県,前橋市,Ｍａｔｅ Ｃａｆｅ メイト,サービス,飲食業,5%
群馬県,前橋市,メガネの板垣 箱田店,小売業,貴金属・服飾品,5%
群馬県,前橋市,メガネの板垣 前橋本店,小売業,貴金属・服飾品,5%
群馬県,前橋市,メロディハウス 煥乎堂,小売業,書籍・玩具・音楽ＣＤ,5%
群馬県,前橋市,旬菜・酒処 もりそん,サービス,飲食業,5%
群馬県,前橋市,焼鳥 一藏 上小出店,サービス,飲食業,5%
群馬県,前橋市,やきとり ＣｏｖＡ．,サービス,飲食業,5%
群馬県,前橋市,焼肉屋 たくみ 焼肉屋たくみ,サービス,飲食業,5%
群馬県,前橋市,山田ドライ,サービス,その他サービス,5%
群馬県,前橋市,株式会社山都園,その他業種,ー,5%
群馬県,前橋市,有限会社山恵商店,小売業,その他小売,5%
群馬県,前橋市,有限会社石田製麺工場,小売業,食料品,5%
群馬県,前橋市,有限会社高橋与商店,小売業,食料品,5%
群馬県,前橋市,有限会社タムラ商会,小売業,その他小売,5%
群馬県,前橋市,有限会社丸山自動車整備工場 有 丸山自動車整備工場,サービス,その他サービス,5%
群馬県,前橋市,ユザワヤ 前橋店,小売業,総合（非専門）,5%
群馬県,前橋市,洋風居酒屋 瀬里奈,サービス,飲食業,5%
群馬県,前橋市,ＹＯＧＡｓｔｕｄｉｏＡｓｈａｎｈｔｉ,サービス,その他サービス,5%
群馬県,前橋市,楽園ビアガーデン,サービス,飲食業,5%
群馬県,前橋市,Ｌ＇ａｔｅｌｉｅｒＢｒｏｃａｎｔｅ,小売業,その他小売,5%
群馬県,前橋市,Ｌｏｖｉｎｇ Ｃａｒｅ,サービス,その他サービス,5%
群馬県,前橋市,ＬＬＩＥＨＴＨ ＨＡＩＲ ＡＲＴ ＬＬＩＥＨＴＨ ＨＡＩＲ ＡＲＴ,サービス,理容・美容業,5%
群馬県,前橋市,ＲｅｚｏｎａＢｅａｕｔｙＰａｒｋ Ｍａｅ,サービス,理容・美容業,5%
群馬県,前橋市,ＲＩＰＯＳＯ,サービス,理容・美容業,5%
群馬県,前橋市,Ｒｅ．Ｂｏｒｎ,サービス,理容・美容業,5%
群馬県,前橋市,琉球酒場 カーニバル,サービス,飲食業,5%
群馬県,前橋市,龍遊亭,サービス,飲食業,5%
群馬県,前橋市,理容タケウチ,サービス,理容・美容業,5%
群馬県,前橋市,ＬＩＮＫ ＰＬＵＳ,サービス,理容・美容業,5%
群馬県,前橋市,ｌｅｖｉｎ,サービス,飲食業,5%
群馬県,前橋市,レグルス,サービス,その他サービス,5%
群馬県,前橋市,Ｒｅｓｔａｕｒａｎｔ Ｄｏｉ,サービス,飲食業,5%
群馬県,前橋市,若林家具センター 本店,小売業,家具・調度品,5%
群馬県,みどり市,赤石デンキ,小売業,電化製品,5%
群馬県,みどり市,赤城興産株式会社直売,小売業,その他小売,5%
群馬県,みどり市,阿左美ＳＳ 有限会社森田石油,小売業,ガソリンスタンド,2%
群馬県,みどり市,出光笠懸西ＳＳ,小売業,ガソリンスタンド,2%
群馬県,みどり市,出光神戸ＳＳ,小売業,ガソリンスタンド,2%
群馬県,みどり市,今泉家具センター,小売業,家具・調度品,5%
群馬県,みどり市,ＳＫ－Ⅱ マルキン化粧品,小売業,その他小売,5%
群馬県,みどり市,大間々ＳＳ,小売業,ガソリンスタンド,2%
群馬県,みどり市,オートガレージカネコ,サービス,その他サービス,5%
群馬県,みどり市,笠懸ＳＳ,小売業,ガソリンスタンド,2%
群馬県,みどり市,セブンーイレブン笠懸岩宿店,小売業,食料品,2%
群馬県,みどり市,メガネのイタガキ 笠懸店,小売業,その他小売,5%
群馬県,みどり市,カレーハウスＣＯＣＯ壱番屋群馬大間々店,サービス,飲食業,2%
群馬県,みどり市,木村木材,小売業,その他小売,5%
群馬県,みどり市,魚彩遊膳 うおふじ,サービス,飲食業,5%
群馬県,みどり市,セブン－イレブン桐生競艇場前店,小売業,食料品,2%
群馬県,みどり市,セブン－イレブン桐生バイパス店,小売業,食料品,2%
群馬県,みどり市,草木ダム,小売業,ガソリンスタンド,2%
群馬県,みどり市,セブン－イレブン群馬桐原店,小売業,食料品,2%
群馬県,みどり市,群馬トヨタ自動車笠懸５０号店,小売業,その他小売,5%
群馬県,みどり市,セブンーイレブン群馬みどり北店,小売業,食料品,2%
群馬県,みどり市,小林米穀店,小売業,食料品,5%
群馬県,みどり市,ＳｏｆｔＢａｎｋみどり,小売業,電化製品,5%
群馬県,みどり市,茶寮 いま泉,サービス,飲食業,5%
群馬県,みどり市,ＴＭオート,サービス,飲食業,5%
群馬県,みどり市,電気のさいとう,小売業,電化製品,5%
群馬県,みどり市,有限会社 天宝堂,小売業,食料品,5%
群馬県,みどり市,桐栄オートサービス,その他業種,ー,5%
群馬県,みどり市,Ｄｒ．Ｄｒｉｖｅ大間々ＳＳ,小売業,ガソリンスタンド,2%
群馬県,みどり市,人形のオギノ,サービス,その他サービス,5%
群馬県,みどり市,花輪ＳＳ,小売業,ガソリンスタンド,2%
群馬県,みどり市,パームフジコウ,小売業,電化製品,5%
群馬県,みどり市,ビクトリーオート,サービス,その他サービス,5%
群馬県,みどり市,ピポパーク桐生店,小売業,電化製品,5%
群馬県,みどり市,美容室ブリッサ,サービス,理容・美容業,5%
群馬県,みどり市,有限会社福田電気商会,小売業,電化製品,5%
群馬県,みどり市,Ｂｌｉｃ ｍｔ ｈａｉｒ ｍａｋｅ,サービス,理容・美容業,5%
群馬県,みどり市,ブロートクーヘン,小売業,食料品,5%
群馬県,みどり市,ヘアートリック床竹,サービス,理容・美容業,5%
群馬県,みどり市,マクドナルド大間々さくらもーる店,サービス,飲食業,2%
群馬県,みどり市,マクドナルド大間々ベイシア店,サービス,飲食業,2%
群馬県,みどり市,セブン－イレブンみどり笠懸吹上店,小売業,食料品,2%
群馬県,みどり市,セブン－イレブンみどり市笠懸横町店,小売業,食料品,2%
群馬県,みどり市,ヤマシン,小売業,電化製品,5%
群馬県,みどり市,ヤマト屋,小売業,食料品,5%
群馬県,みどり市,わらぼうし,小売業,食料品,5%
群馬県,みなかみ町,アイラブアウトドアーズジャパン,サービス,その他サービス,5%
群馬県,みなかみ町,一作農園,サービス,飲食業,5%
群馬県,みなかみ町,出光上牧ＳＳ,小売業,ガソリンスタンド,2%
群馬県,みなかみ町,出光水上湯原ＳＳ,小売業,ガソリンスタンド,2%
群馬県,みなかみ町,お食事処ふじ,サービス,飲食業,5%
群馬県,みなかみ町,温泉農家民宿はしば,サービス,宿泊業,5%
群馬県,みなかみ町,温宿 三河屋,サービス,宿泊業,5%
群馬県,みなかみ町,株式会社 なかや旅館,サービス,宿泊業,5%
群馬県,みなかみ町,株式会社ＢＭＺ,小売業,その他小売,5%
群馬県,みなかみ町,窯焼きピザの店ラ・ビエール,サービス,飲食業,5%
群馬県,みなかみ町,河合自転車店,小売業,その他小売,5%
群馬県,みなかみ町,桐匠根津,小売業,家具・調度品,5%
群馬県,みなかみ町,セブン－イレブン群馬みなかみ町店,小売業,食料品,2%
群馬県,みなかみ町,蛍雪の宿 尚文,サービス,宿泊業,5%
群馬県,みなかみ町,源泉湯の宿松乃井,サービス,宿泊業,5%
群馬県,みなかみ町,生寿苑,サービス,宿泊業,5%
群馬県,みなかみ町,水素風呂と美食と・・・。谷川温泉やど莞山ＫＡＮＺＡＮ,サービス,宿泊業,5%
群馬県,みなかみ町,滝口薬品,小売業,その他小売,5%
群馬県,みなかみ町,中華たむら,サービス,飲食業,5%
群馬県,みなかみ町,月夜野ＳＳ 佐々木石油株式会社,小売業,ガソリンスタンド,2%
群馬県,みなかみ町,セブン－イレブン月夜野下津店,小売業,食料品,2%
群馬県,みなかみ町,電化のいしざか,小売業,電化製品,5%
群馬県,みなかみ町,豆富懐石 猿ヶ京ホテル,サービス,宿泊業,5%
群馬県,みなかみ町,トコヤ ホンダ トコヤホンダ,サービス,理容・美容業,5%
群馬県,みなかみ町,トヨタレンタリース群馬上毛高原駅前店,サービス,その他サービス,2%
群馬県,みなかみ町,ドラッグ たむら,小売業,その他小売,2%
群馬県,みなかみ町,ニュー水上ＳＳ,小売業,ガソリンスタンド,2%
群馬県,みなかみ町,旅籠しんでん,サービス,宿泊業,5%
群馬県,みなかみ町,旅籠屋丸一,その他業種,ー,5%
群馬県,みなかみ町,原理美容所,サービス,理容・美容業,5%
群馬県,みなかみ町,別亭やえ野,サービス,宿泊業,5%
群馬県,みなかみ町,ペンション朝ねぼう,サービス,宿泊業,5%
群馬県,みなかみ町,三国電気商会,小売業,電化製品,5%
群馬県,みなかみ町,三国ボデーショップ,サービス,その他サービス,5%
群馬県,みなかみ町,水上ＳＳ,小売業,ガソリンスタンド,2%
群馬県,みなかみ町,水上温泉 みなかみホテルジュラク,サービス,宿泊業,5%
群馬県,みなかみ町,セブン－イレブンみなかみ後閑店,小売業,食料品,2%
群馬県,みなかみ町,民宿つなご,サービス,宿泊業,5%
群馬県,みなかみ町,モロダ洋服店 モロダ洋服店,小売業,衣料品,5%
群馬県,みなかみ町,有限会社 龍洞,サービス,宿泊業,5%
群馬県,みなかみ町,湯豆のやど 本伝,サービス,宿泊業,5%
群馬県,みなかみ町,夢や,サービス,飲食業,5%
群馬県,みなかみ町,料理旅館樋口,サービス,宿泊業,2%
群馬県,みなかみ町,旅館 永楽荘,サービス,宿泊業,5%
群馬県,みなかみ町,ワインとお酒の専門店 瀧澤,小売業,食料品,5%
群馬県,みなかみ町,和洋レストラン竹 和洋レストラン竹,サービス,飲食業,5%
群馬県,みなかみ町,有限会社藤村クリーニング,サービス,その他サービス,5%
群馬県,南牧村,南牧ＳＳ,小売業,ガソリンスタンド,2%
群馬県,明和町,セブン－イレブン群馬明和店,小売業,食料品,2%
群馬県,明和町,関口電機,小売業,電化製品,5%
群馬県,明和町,メイワケンゾー,小売業,総合（非専門）,5%
群馬県,明和町,明和交通 １,サービス,運輸業,5%
群馬県,明和町,セブン－イレブン明和南大島店,小売業,食料品,2%
群馬県,吉岡町,アイツアーズ前橋吉岡店,サービス,その他サービス,5%
群馬県,吉岡町,栄和電器,小売業,電化製品,5%
群馬県,吉岡町,オオタケオート,サービス,その他サービス,5%
群馬県,吉岡町,株式会社 協豊 吉岡町給油所,小売業,ガソリンスタンド,2%
群馬県,吉岡町,グリルキッチン シャイニング グリル キッチン シャイニング,サービス,飲食業,5%
群馬県,吉岡町,Ｚａｂｕｔｏｍ／ザブトン伊香保,サービス,飲食業,5%
群馬県,吉岡町,清閑堂 渋川店,小売業,その他小売,5%
群馬県,吉岡町,マクドナルド吉岡フォリオ店,サービス,飲食業,2%
群馬県,吉岡町,水沢ＳＳ,小売業,ガソリンスタンド,2%
群馬県,吉岡町,メガネの板垣 吉岡店,小売業,貴金属・服飾品,5%
群馬県,吉岡町,セブン－イレブン吉岡大久保店,小売業,食料品,2%
群馬県,吉岡町,セブン－イレブン吉岡上野田店,小売業,食料品,2%
群馬県,吉岡町,セブン－イレブン吉岡バイパス店,小売業,食料品,2%
群馬県,吉岡町,セブン－イレブン吉岡南下店,小売業,食料品,2%
