島根県,海士町,出光菱浦ＳＳ,小売業,ガソリンスタンド,2%
島根県,海士町,島宿但馬屋,サービス,その他サービス,5%
島根県,飯南町,赤名酒造直売店,小売業,食料品,5%
島根県,飯南町,出光頓原ＳＳ,小売業,ガソリンスタンド,2%
島根県,飯南町,来島ＳＳ,小売業,ガソリンスタンド,2%
島根県,飯南町,新赤名ＳＳ,小売業,ガソリンスタンド,2%
島根県,飯南町,（有）飯南自動車整備工場,小売業,その他小売,5%
島根県,飯南町,ラブリーしおだ,小売業,電化製品,5%
島根県,出雲市,アートステージ アズ,サービス,理容・美容業,5%
島根県,出雲市,Ａｇｕ ｈａｉｒ Ａｇｕ ｈａｉｒ ｃｕｒｒｏ出雲,サービス,理容・美容業,5%
島根県,出雲市,足立電気商会,小売業,電化製品,5%
島根県,出雲市,アッベリーナ,サービス,理容・美容業,5%
島根県,出雲市,アッベリーレ,サービス,理容・美容業,5%
島根県,出雲市,ａｐｐｒｏｖｅ,サービス,理容・美容業,5%
島根県,出雲市,アルファいいつか,小売業,電化製品,5%
島根県,出雲市,アルファ いいつか,小売業,電化製品,5%
島根県,出雲市,楽しむ算数,その他業種,ー,5%
島根県,出雲市,居酒屋ＢＡＭＢＯＯ,サービス,飲食業,5%
島根県,出雲市,セブン－イレブン出雲朝山町店,小売業,食料品,2%
島根県,出雲市,セブン－イレブン出雲大塚町店,小売業,食料品,2%
島根県,出雲市,セブン－イレブン出雲大津新崎２丁目店,小売業,食料品,2%
島根県,出雲市,出雲北 ＳＳ,小売業,ガソリンスタンド,2%
島根県,出雲市,出雲市駅前ＳＳ,小売業,ガソリンスタンド,2%
島根県,出雲市,出雲路遊食八雲,サービス,飲食業,5%
島根県,出雲市,出雲そば めぐみ 惠,サービス,飲食業,5%
島根県,出雲市,出雲大社 御師の宿 ますや旅館,サービス,宿泊業,5%
島根県,出雲市,セブン－イレブン出雲天神町店,小売業,食料品,2%
島根県,出雲市,セブン－イレブン出雲長浜店,小売業,食料品,2%
島根県,出雲市,出雲西ＳＳ,小売業,ガソリンスタンド,2%
島根県,出雲市,セブン－イレブン出雲西新町店,小売業,食料品,2%
島根県,出雲市,セブン－イレブン出雲浜山通り店,小売業,食料品,2%
島根県,出雲市,イズモＢＰセルフＳＳ,小売業,ガソリンスタンド,2%
島根県,出雲市,セブン－イレブン出雲斐川町荘原店,小売業,食料品,2%
島根県,出雲市,出雲南ＳＳ,小売業,ガソリンスタンド,2%
島根県,出雲市,出雲南ＳＳ セルフ用,小売業,ガソリンスタンド,2%
島根県,出雲市,出雲ロイヤルホテル,サービス,宿泊業,5%
島根県,出雲市,板垣電器店,小売業,電化製品,5%
島根県,出雲市,とんぼ玉工房いちの家大社店,小売業,その他小売,5%
島根県,出雲市,一福 出雲大社店,サービス,飲食業,5%
島根県,出雲市,出光出雲ＳＳ,小売業,ガソリンスタンド,2%
島根県,出雲市,出光一畑口ＳＳ,小売業,ガソリンスタンド,2%
島根県,出雲市,出光神西ＳＳ,小売業,ガソリンスタンド,2%
島根県,出雲市,出光湯の川ＳＳ,小売業,ガソリンスタンド,2%
島根県,出雲市,伊藤武道店,小売業,その他小売,5%
島根県,出雲市,今井書店ＡＲＥＡ,小売業,書籍・玩具・音楽ＣＤ,5%
島根県,出雲市,今井書店出雲店,小売業,書籍・玩具・音楽ＣＤ,5%
島根県,出雲市,今井書店スタジオワンダーゆめタウン出雲店,小売業,書籍・玩具・音楽ＣＤ,5%
島根県,出雲市,今井書店ゆめタウン出雲店,小売業,書籍・玩具・音楽ＣＤ,5%
島根県,出雲市,井山屋製菓,小売業,食料品,5%
島根県,出雲市,井山屋製菓 出雲店,小売業,食料品,5%
島根県,出雲市,インテルナモリイ 出雲店,小売業,家具・調度品,5%
島根県,出雲市,鵜鷺店舗,小売業,食料品,5%
島根県,出雲市,宇竜店舗,小売業,食料品,5%
島根県,出雲市,ＳＰＧ大西店,小売業,電化製品,5%
島根県,出雲市,ＭＳサービス,小売業,その他小売,5%
島根県,出雲市,ＬｉｔｔｌｅＬｉｌｙ,サービス,理容・美容業,5%
島根県,出雲市,オートサービスオオノ,サービス,飲食業,5%
島根県,出雲市,ＯＶＡＬ,サービス,理容・美容業,5%
島根県,出雲市,オールマイティ,小売業,その他小売,5%
島根県,出雲市,岡清木芸,その他業種,ー,5%
島根県,出雲市,御菓子 福泉堂 福泉堂,小売業,食料品,5%
島根県,出雲市,おきな,サービス,飲食業,5%
島根県,出雲市,オクイ電器,小売業,電化製品,5%
島根県,出雲市,オリックスレンタカー出雲空港カウンター,サービス,その他サービス,2%
島根県,出雲市,オリックスレンタカー出雲空港店,サービス,その他サービス,2%
島根県,出雲市,オリックスレンタカー出雲市駅前店,サービス,その他サービス,2%
島根県,出雲市,おれんじ整体,サービス,その他サービス,5%
島根県,出雲市,おれんじ整体,サービス,その他サービス,5%
島根県,出雲市,カッテゴ Ｂａｒｂｅｒ ｓｈｏｐ,サービス,理容・美容業,5%
島根県,出雲市,カット・インＫ,サービス,理容・美容業,5%
島根県,出雲市,カットハウス シザーハンズ,サービス,理容・美容業,5%
島根県,出雲市,株式会社ＥＸＣＥＥＤ,小売業,その他小売,5%
島根県,出雲市,株式会社おかや（直営店）,小売業,家具・調度品,5%
島根県,出雲市,株式会社ダブル,小売業,その他小売,5%
島根県,出雲市,株式会社日発オートセンター,小売業,その他小売,5%
島根県,出雲市,株式会社フレスト,小売業,その他小売,5%
島根県,出雲市,株式会社夢屋,小売業,貴金属・服飾品,5%
島根県,出雲市,株式会社よろずやサービス,サービス,その他サービス,5%
島根県,出雲市,かめや釣具 出雲店,小売業,その他小売,5%
島根県,出雲市,カワシマ本店,小売業,衣料品,5%
島根県,出雲市,川跡ＳＳ,小売業,ガソリンスタンド,2%
島根県,出雲市,北神立ＳＳ,小売業,ガソリンスタンド,2%
島根県,出雲市,北村酒店,小売業,食料品,5%
島根県,出雲市,北村電機ストアー,小売業,電化製品,5%
島根県,出雲市,北村電機ストア－塩冶後藤店,小売業,電化製品,5%
島根県,出雲市,ギフティスミカワ,小売業,その他小売,5%
島根県,出雲市,きものと装いの店つねまつ,小売業,衣料品,5%
島根県,出雲市,牛角出雲渡橋店,サービス,飲食業,2%
島根県,出雲市,きらら薬局,小売業,その他小売,5%
島根県,出雲市,くしかつ笑,サービス,飲食業,5%
島根県,出雲市,久多美ＳＳ,小売業,ガソリンスタンド,2%
島根県,出雲市,グッディー医大通店,小売業,食料品,5%
島根県,出雲市,グッディー上成店,小売業,食料品,5%
島根県,出雲市,グッディー斐川店,小売業,食料品,5%
島根県,出雲市,グッディー平田店,小売業,食料品,5%
島根県,出雲市,グッディー北部店,小売業,食料品,5%
島根県,出雲市,久村ＳＳ,小売業,ガソリンスタンド,2%
島根県,出雲市,ＧＲＡＮＴ,サービス,理容・美容業,5%
島根県,出雲市,グリーンセンター出雲,小売業,その他小売,5%
島根県,出雲市,グリーンセンター大社,小売業,その他小売,5%
島根県,出雲市,グリーンセンター南,小売業,その他小売,5%
島根県,出雲市,來間屋生姜糖本舗,小売業,食料品,5%
島根県,出雲市,ＣＯＣＯ壱番屋出雲大津新崎店,サービス,飲食業,2%
島根県,出雲市,心と身体の美と健康サポートサロンｌｕｎｏｎ,サービス,理容・美容業,5%
島根県,出雲市,ココロンイオン出雲店,小売業,その他小売,5%
島根県,出雲市,湖北ＳＳ,小売業,ガソリンスタンド,2%
島根県,出雲市,在 ＴＡＳＨＩＲＯ,サービス,理容・美容業,5%
島根県,出雲市,ＳｉｄｅーＢ,小売業,その他小売,5%
島根県,出雲市,佐田ＳＳ,小売業,ガソリンスタンド,2%
島根県,出雲市,ＴＨＥＰＡＲＫＩＺＵＭＯ,小売業,衣料品,5%
島根県,出雲市,ＳＡＢ’Ｓ Ｋａｗａｓｈｉｍａ,小売業,衣料品,5%
島根県,出雲市,ｓａｌｏｎ ｃｈｏｃｏ エステ,サービス,理容・美容業,5%
島根県,出雲市,サンドリーム出雲ＳＳ,小売業,ガソリンスタンド,2%
島根県,出雲市,山洋電機商会,小売業,電化製品,5%
島根県,出雲市,ＪＡしまね斐川地区本部グリーンセンター,小売業,その他小売,5%
島根県,出雲市,ＪＡイズモ 旅行センター,サービス,その他サービス,5%
島根県,出雲市,紫翠窯,その他業種,ー,5%
島根県,出雲市,ＳＩＸＴＨ ＳＥＮＳＥ,小売業,その他小売,5%
島根県,出雲市,島根医大前ＳＳ,小売業,ガソリンスタンド,2%
島根県,出雲市,有限会社島根井上書店,小売業,書籍・玩具・音楽ＣＤ,5%
島根県,出雲市,シャディギフト こばやし 斐川店,小売業,その他小売,5%
島根県,出雲市,しゃぶしゃぶ温野菜出雲店,サービス,飲食業,2%
島根県,出雲市,松園,サービス,宿泊業,5%
島根県,出雲市,白枝ＳＳ,小売業,ガソリンスタンド,2%
島根県,出雲市,ジンギスカンじゅじゅ,サービス,飲食業,5%
島根県,出雲市,宍道インター,小売業,ガソリンスタンド,2%
島根県,出雲市,宍道インターＳＳ,小売業,ガソリンスタンド,2%
島根県,出雲市,スーパードラッグひまわり今市店,小売業,総合（非専門）,5%
島根県,出雲市,スーパードラッグひまわり姫原店,小売業,総合（非専門）,5%
島根県,出雲市,スーパーホームセンターいない 斐川店,小売業,家具・調度品,5%
島根県,出雲市,スタジオナウ,サービス,その他サービス,5%
島根県,出雲市,スタジオフォトワークス,サービス,その他サービス,5%
島根県,出雲市,ズーム,小売業,電化製品,5%
島根県,出雲市,スリープマリアージュ糸賀,サービス,その他サービス,5%
島根県,出雲市,生花センター 天神店,小売業,その他小売,5%
島根県,出雲市,セルフサンハートかんどＳＳ,小売業,ガソリンスタンド,2%
島根県,出雲市,セントラルスポーツ,小売業,その他小売,5%
島根県,出雲市,葬祭センター 出雲,サービス,その他サービス,5%
島根県,出雲市,創作ダイニング ｋｏｈａｋｕ,サービス,飲食業,5%
島根県,出雲市,園山輪店,小売業,その他小売,5%
島根県,出雲市,そば処 喜多縁,サービス,飲食業,5%
島根県,出雲市,大社港 ＳＳ,小売業,ガソリンスタンド,2%
島根県,出雲市,タカハシデンキ,小売業,電化製品,5%
島根県,出雲市,田儀マーケット,小売業,食料品,5%
島根県,出雲市,ＴＡＳＨＩＲＯ ＩＺＵＭＯ,サービス,理容・美容業,5%
島根県,出雲市,株式会社田中種苗北本町店,小売業,その他小売,5%
島根県,出雲市,直売,小売業,その他小売,2%
島根県,出雲市,ティーエヌ出雲店,サービス,理容・美容業,2%
島根県,出雲市,テックサイクルビルド,小売業,その他小売,5%
島根県,出雲市,鉄板・お好み焼き Ｓｙｕ,サービス,飲食業,5%
島根県,出雲市,デントリペアうえのや,サービス,その他サービス,5%
島根県,出雲市,天ぷら海鮮と釜飯 縁福,サービス,飲食業,5%
島根県,出雲市,ドッグライフ エルム 販売,サービス,その他サービス,5%
島根県,出雲市,トヨタカローラ島根出雲店,小売業,その他小売,5%
島根県,出雲市,トヨタレンタリース島根 出雲駅南店,サービス,その他サービス,2%
島根県,出雲市,直江ＳＳ,小売業,ガソリンスタンド,2%
島根県,出雲市,長崎モータース,サービス,その他サービス,5%
島根県,出雲市,ＮＡＭＩ,サービス,飲食業,5%
島根県,出雲市,西尾自動車株式会社 出雲店,サービス,その他サービス,5%
島根県,出雲市,ニュー出雲ＳＳ,小売業,ガソリンスタンド,2%
島根県,出雲市,ニューウェルシティ出雲,サービス,宿泊業,5%
島根県,出雲市,人形のはなふさ 出雲店,小売業,その他小売,5%
島根県,出雲市,ＢＡＲＢＥＲ ＮＡＲＩＡＩ,サービス,理容・美容業,5%
島根県,出雲市,ハウジングランドいない 出雲ドーム東店,小売業,家具・調度品,5%
島根県,出雲市,パソコンドック２４ 出雲店,サービス,その他サービス,5%
島根県,出雲市,ハッピーランド三愛平田 ＳＳ,小売業,ガソリンスタンド,2%
島根県,出雲市,ハッピーランド三愛平田２,小売業,ガソリンスタンド,2%
島根県,出雲市,ハナダ電器,小売業,電化製品,5%
島根県,出雲市,パナックふじはら,小売業,電化製品,5%
島根県,出雲市,パナックアサヒ,小売業,電化製品,5%
島根県,出雲市,パナックやくも,小売業,電化製品,5%
島根県,出雲市,東山,サービス,飲食業,5%
島根県,出雲市,斐川ＳＳ,小売業,ガソリンスタンド,2%
島根県,出雲市,斐川中央自動車,その他業種,ー,5%
島根県,出雲市,ビジネスホテル大社,サービス,宿泊業,5%
島根県,出雲市,ビストロ ヴルーテ ビストロ ヴルーテ,サービス,飲食業,5%
島根県,出雲市,美容室ＳＡＬＰＨＡ,サービス,理容・美容業,5%
島根県,出雲市,美容室ＡＬＯＨＡ,その他業種,ー,5%
島根県,出雲市,平田ＳＳ,小売業,ガソリンスタンド,2%
島根県,出雲市,広島鉄板焼 ＨＥＲＡ,サービス,飲食業,5%
島根県,出雲市,ＢＩＮＧＯＹＡ ＳＵＰＥＲ ＳＨＯＰ 出雲店,小売業,衣料品,5%
島根県,出雲市,ファインヘアーセブン,サービス,理容・美容業,5%
島根県,出雲市,フジ電器,小売業,電化製品,5%
島根県,出雲市,フロッシー出雲店,小売業,衣料品,5%
島根県,出雲市,ｆｌｏｓｓｙ 出雲店,小売業,衣料品,5%
島根県,出雲市,ｈａｉｒ ａｒｋ ＬＥＡＰ Ｓ,サービス,理容・美容業,5%
島根県,出雲市,ＨＡＩＲ ＰＬＡＹ ＮＥＩＲＯ,サービス,理容・美容業,5%
島根県,出雲市,ＨＡＩＲ ＳＡＬＯＮ ＩＮＯＵＥ,サービス,理容・美容業,5%
島根県,出雲市,ヘアーサロンカツミ,サービス,理容・美容業,5%
島根県,出雲市,ヘアーズミカミ,サービス,理容・美容業,5%
島根県,出雲市,ヘアサロン エココロ,サービス,理容・美容業,5%
島根県,出雲市,ヘアサロンアート,サービス,理容・美容業,5%
島根県,出雲市,ホテルエリアワン出雲,サービス,宿泊業,5%
島根県,出雲市,ホテルサンヌーベ,サービス,宿泊業,5%
島根県,出雲市,ホテルながた,サービス,宿泊業,5%
島根県,出雲市,Ｂｏｎｄ ＣＬＡＩＲ ＢｏｎｄＣＬＡＩＲ,小売業,衣料品,5%
島根県,出雲市,マクドナルド出雲店,サービス,飲食業,2%
島根県,出雲市,マクドナルド出雲バイパス店,サービス,飲食業,2%
島根県,出雲市,マクドナルド出雲ゆめタウン店,サービス,飲食業,2%
島根県,出雲市,松井銘木,小売業,家具・調度品,5%
島根県,出雲市,松ヶ枝屋,小売業,食料品,5%
島根県,出雲市,電化のマツモト,小売業,電化製品,5%
島根県,出雲市,馬庭 本店,小売業,その他小売,5%
島根県,出雲市,マルエーデンキ,小売業,電化製品,5%
島根県,出雲市,マルサン石油株式会社 本社,小売業,ガソリンスタンド,2%
島根県,出雲市,ミサキ自動車,サービス,その他サービス,5%
島根県,出雲市,ミルポア イオンモール出雲店,小売業,その他小売,5%
島根県,出雲市,無印良品 ゆめタウン出雲,小売業,その他小売,2%
島根県,出雲市,メガネ２１出雲店,小売業,その他小売,5%
島根県,出雲市,メディアハウスイケブチ,小売業,電化製品,5%
島根県,出雲市,モッチモパスタ 出雲店,サービス,飲食業,5%
島根県,出雲市,森山寝装,小売業,家具・調度品,5%
島根県,出雲市,焼肉韓国家庭料理 幸楽苑,サービス,飲食業,5%
島根県,出雲市,焼肉と鍋料理の店 あらき,サービス,飲食業,5%
島根県,出雲市,矢野ＳＳ,小売業,ガソリンスタンド,2%
島根県,出雲市,大社ＳＳ,小売業,ガソリンスタンド,2%
島根県,出雲市,有限会社岡田忠市商店,小売業,その他小売,5%
島根県,出雲市,有限会社小早川自動車ボデー,小売業,その他小売,5%
島根県,出雲市,有限会社フリーク,小売業,その他小売,5%
島根県,出雲市,荒茅ＳＳ,小売業,ガソリンスタンド,2%
島根県,出雲市,有限会社森山商会,小売業,その他小売,5%
島根県,出雲市,有限会社安原自動車,小売業,その他小売,5%
島根県,出雲市,有限会社よふきや,サービス,飲食業,5%
島根県,出雲市,ユウデン,小売業,電化製品,5%
島根県,出雲市,豊商事,小売業,電化製品,5%
島根県,出雲市,湯元湯の川,サービス,宿泊業,5%
島根県,出雲市,湯宿草菴,サービス,宿泊業,5%
島根県,出雲市,吉田電器,小売業,電化製品,5%
島根県,出雲市,ライブデンキ,小売業,電化製品,5%
島根県,出雲市,ラピタ きた店,小売業,食料品,5%
島根県,出雲市,ラピタ 湖陵店,小売業,食料品,5%
島根県,出雲市,ラピタ 佐田店,小売業,食料品,5%
島根県,出雲市,ラピタ 大社店須藤クリーニング,サービス,その他サービス,5%
島根県,出雲市,ラピタ 多伎店クリーニング,サービス,その他サービス,5%
島根県,出雲市,ラピタ はまやま店 食品売場,小売業,食料品,5%
島根県,出雲市,ラピタ ひらた店太陽ドライ,サービス,その他サービス,5%
島根県,出雲市,ラピタ本店 スペース,サービス,理容・美容業,5%
島根県,出雲市,ラピタ本店 たこ焼き,小売業,食料品,5%
島根県,出雲市,ラピタ本店 プティパトラン,小売業,食料品,5%
島根県,出雲市,ラピタ 本店 ブライダル,サービス,その他サービス,5%
島根県,出雲市,ラピタ みなみ店須藤クリーニング,サービス,その他サービス,5%
島根県,出雲市,ラピタひらた店 プティパトラン,小売業,食料品,5%
島根県,出雲市,ラピタ 予備店５,小売業,その他小売,5%
島根県,出雲市,ｌａｍｉｅｌｌ,サービス,理容・美容業,5%
島根県,出雲市,リサイクルショップゴリラ,小売業,その他小売,5%
島根県,出雲市,Ｌｉｔｈｉｕｍ,サービス,理容・美容業,5%
島根県,出雲市,Ｒｉｃｈｅ ｈａｉｒ,サービス,理容・美容業,5%
島根県,出雲市,Ｒｅ ｂｉｒｔｈ ｈａｉｒ Ｒｅ ｂｉｒｔｈ ｈａｉｒ,サービス,理容・美容業,5%
島根県,出雲市,ワークショップ イモッツェ,小売業,その他小売,5%
島根県,出雲市,和食 出雲集い処 やおよろず,サービス,飲食業,5%
島根県,出雲市,和想館出雲店,小売業,衣料品,5%
島根県,雲南市,アドバンスサエキ,小売業,電化製品,5%
島根県,雲南市,＆ＣＡＦＥ華羅,サービス,飲食業,5%
島根県,雲南市,出雲たかはし,小売業,食料品,5%
島根県,雲南市,今井書店木次マルシェリーズ店,小売業,書籍・玩具・音楽ＣＤ,5%
島根県,雲南市,海潮ＳＳ,小売業,ガソリンスタンド,2%
島根県,雲南市,エアペイジス トレカタウン三刀屋,小売業,その他小売,5%
島根県,雲南市,オイルタイヤショップＮａｎｂａ,小売業,ガソリンスタンド,2%
島根県,雲南市,オ―トオアシス里方ＳＳ,小売業,ガソリンスタンド,2%
島根県,雲南市,オートセンター大東ＳＳ,小売業,ガソリンスタンド,2%
島根県,雲南市,御菓子司橘屋,小売業,食料品,5%
島根県,雲南市,掛合ＳＳ,小売業,ガソリンスタンド,2%
島根県,雲南市,掛合中央ＳＳ,小売業,ガソリンスタンド,2%
島根県,雲南市,株式会社赤川自動車,小売業,その他小売,5%
島根県,雲南市,加茂ＳＳ,小売業,ガソリンスタンド,2%
島根県,雲南市,かもマート,小売業,総合（非専門）,5%
島根県,雲南市,木次ＳＳ,小売業,ガソリンスタンド,2%
島根県,雲南市,木次ＳＳ,小売業,ガソリンスタンド,2%
島根県,雲南市,木次国道ＳＳ,小売業,ガソリンスタンド,2%
島根県,雲南市,木次国道ＳＳ,小売業,ガソリンスタンド,2%
島根県,雲南市,グッディー木次店,小売業,食料品,5%
島根県,雲南市,グリーンシティー,小売業,総合（非専門）,5%
島根県,雲南市,酒ゴリラ 三刀屋店,小売業,食料品,5%
島根県,雲南市,下佐世ＳＳ,小売業,ガソリンスタンド,2%
島根県,雲南市,シャディギフト こばやし 三刀屋店,小売業,その他小売,5%
島根県,雲南市,しらつき,小売業,衣料品,5%
島根県,雲南市,スズキ販売雲南,小売業,その他小売,5%
島根県,雲南市,セルフ加茂ＳＳ,小売業,ガソリンスタンド,2%
島根県,雲南市,大東,小売業,ガソリンスタンド,2%
島根県,雲南市,直売,小売業,ガソリンスタンド,2%
島根県,雲南市,Ｄｒ．Ｄｒｉｖｅ三刀屋店,小売業,ガソリンスタンド,2%
島根県,雲南市,トビタデンキ,小売業,電化製品,5%
島根県,雲南市,トヨタカローラ島根雲南店,小売業,その他小売,5%
島根県,雲南市,ハウジングランドいない 三刀屋店,小売業,家具・調度品,5%
島根県,雲南市,はたマーケット,小売業,総合（非専門）,5%
島根県,雲南市,パナックみはら,小売業,電化製品,5%
島根県,雲南市,ビストロ オーブ ビストロ オーブ,サービス,飲食業,5%
島根県,雲南市,ひのストア,小売業,食料品,5%
島根県,雲南市,美容室ＭＯＲＩＫＡ【モリカ】,サービス,理容・美容業,5%
島根県,雲南市,ＨＡＩＲ ＤＥＳＩＧＮ ＧＲＯＷ,サービス,理容・美容業,5%
島根県,雲南市,みしまや 三刀屋店,小売業,食料品,5%
島根県,雲南市,みつばタクシー 本社,サービス,運輸業,5%
島根県,雲南市,三刀屋ＳＳ,小売業,ガソリンスタンド,2%
島根県,雲南市,めかだ電気,小売業,電化製品,5%
島根県,雲南市,有限会社アプローズおかだ,小売業,その他小売,5%
島根県,雲南市,大東ＳＳ,小売業,ガソリンスタンド,2%
島根県,雲南市,有限会社美容室アール,サービス,理容・美容業,5%
島根県,雲南市,有限会社横山時計店,小売業,貴金属・服飾品,5%
島根県,雲南市,吉田ＳＳ,小売業,ガソリンスタンド,2%
島根県,雲南市,ラケットショップＴＫ,小売業,その他小売,5%
島根県,大田市,池の原 ＳＳ,小売業,ガソリンスタンド,2%
島根県,大田市,一宮酒造有限会社,小売業,食料品,5%
島根県,大田市,出光大田国道ＳＳ,小売業,ガソリンスタンド,2%
島根県,大田市,出光大田栄町ＳＳ,小売業,ガソリンスタンド,2%
島根県,大田市,出光大田石油本社,小売業,ガソリンスタンド,2%
島根県,大田市,大田中央 ＳＳ,小売業,ガソリンスタンド,2%
島根県,大田市,奥野自動車商会,その他業種,ー,5%
島根県,大田市,荊尾商会,サービス,その他サービス,5%
島根県,大田市,カフェ＆パスタ ピッコリーノ,サービス,飲食業,5%
島根県,大田市,株式会社 銀企画,サービス,宿泊業,5%
島根県,大田市,川合ＳＳ,小売業,ガソリンスタンド,2%
島根県,大田市,京都らーめん とりの助 大田店,サービス,飲食業,5%
島根県,大田市,業務用食品スーパー 大田店,小売業,食料品,5%
島根県,大田市,ぎんざん市場,小売業,食料品,5%
島根県,大田市,グッディー大田店,小売業,食料品,5%
島根県,大田市,三瓶ＳＳ,小売業,ガソリンスタンド,2%
島根県,大田市,ＪＡグリーンおおだ,小売業,その他小売,5%
島根県,大田市,シャディギフト おおくま シャディギフトおおくま,小売業,その他小売,5%
島根県,大田市,すいせんの里,小売業,食料品,5%
島根県,大田市,スカイホテル大田,サービス,宿泊業,5%
島根県,大田市,ＳＴＡＹ＆ＣＡＦＥ ＷＡＭＯＴＯ,サービス,飲食業,5%
島根県,大田市,ｓｔｉｔｃｈｃｒａｆｔ,小売業,衣料品,5%
島根県,大田市,全野電器店大田店,小売業,電化製品,5%
島根県,大田市,久手東ＳＳ,小売業,ガソリンスタンド,2%
島根県,大田市,中央自動車 大田店,サービス,その他サービス,5%
島根県,大田市,チョッキンハウス大田店,サービス,理容・美容業,5%
島根県,大田市,トヨタカローラ島根大田店,小売業,その他小売,5%
島根県,大田市,なかのや旅館,サービス,宿泊業,5%
島根県,大田市,なかのや旅館,サービス,宿泊業,5%
島根県,大田市,長久ＳＳ,小売業,ガソリンスタンド,2%
島根県,大田市,仁万東ＳＳ,小売業,ガソリンスタンド,2%
島根県,大田市,ハウジングランドいない 大田店,小売業,家具・調度品,5%
島根県,大田市,波根ＳＳ,小売業,ガソリンスタンド,2%
島根県,大田市,福光ＳＳ,小売業,ガソリンスタンド,2%
島根県,大田市,マルシェ温泉津市場,小売業,総合（非専門）,5%
島根県,大田市,マルタケストア,小売業,総合（非専門）,5%
島根県,大田市,みしまや 大田長久店,小売業,食料品,5%
島根県,大田市,水上 ＳＳ,小売業,ガソリンスタンド,2%
島根県,大田市,水間電器,小売業,電化製品,5%
島根県,大田市,みどりや,小売業,衣料品,5%
島根県,大田市,メガネのルック,小売業,その他小売,5%
島根県,大田市,山崎教具店,小売業,電化製品,5%
島根県,大田市,有限会社大田オート,小売業,その他小売,5%
島根県,大田市,ユウナガ電器,小売業,電化製品,5%
島根県,大田市,温泉津ＳＳ,小売業,ガソリンスタンド,2%
島根県,邑南町,朝日屋商店,小売業,食料品,5%
島根県,邑南町,出光石見ＳＳ,小売業,ガソリンスタンド,2%
島根県,邑南町,いわみプラザ,小売業,総合（非専門）,5%
島根県,邑南町,小河内ＳＳ,小売業,ガソリンスタンド,2%
島根県,邑南町,株式会社パソム,サービス,その他サービス,5%
島根県,邑南町,口羽,小売業,ガソリンスタンド,2%
島根県,邑南町,児玉電器,小売業,電化製品,5%
島根県,邑南町,里山イタリアンＡＪＩＫＵＲＡ,サービス,飲食業,5%
島根県,邑南町,島根おおち農業協同組合口羽店舗,小売業,総合（非専門）,5%
島根県,邑南町,中村電機商会,小売業,電化製品,5%
島根県,邑南町,ビレッジストアー・フーズ・フーズ,小売業,総合（非専門）,5%
島根県,邑南町,ファミリーショップうめだ,小売業,総合（非専門）,5%
島根県,邑南町,瑞穂ＳＳ,小売業,ガソリンスタンド,2%
島根県,邑南町,矢上ＳＳ,小売業,ガソリンスタンド,2%
島根県,隠岐の島町,あいらんどパークホテル,サービス,宿泊業,5%
島根県,隠岐の島町,隠岐西郷ＳＳ 有限会社泉商会,小売業,ガソリンスタンド,2%
島根県,隠岐の島町,隠岐電化センター,小売業,電化製品,5%
島根県,隠岐の島町,隠岐ビューポートホテル,サービス,宿泊業,5%
島根県,隠岐の島町,北方ＰＳ,小売業,ガソリンスタンド,2%
島根県,隠岐の島町,こころ旅館,サービス,宿泊業,5%
島根県,隠岐の島町,西郷ＳＳ,小売業,ガソリンスタンド,2%
島根県,隠岐の島町,西郷南ＳＳ,小売業,ガソリンスタンド,2%
島根県,隠岐の島町,都万ＳＳ,小売業,ガソリンスタンド,2%
島根県,隠岐の島町,土中米穀店,小売業,食料品,5%
島根県,隠岐の島町,中村ＳＳ,小売業,ガソリンスタンド,2%
島根県,隠岐の島町,ひまり隠岐店,小売業,食料品,5%
島根県,隠岐の島町,港町ＳＳ,小売業,ガソリンスタンド,2%
島根県,隠岐の島町,民宿喜兵衛,サービス,その他サービス,5%
島根県,隠岐の島町,有限会社あずま家具住建センター,小売業,家具・調度品,5%
島根県,奥出雲町,阿井食品センター,小売業,総合（非専門）,5%
島根県,奥出雲町,出光仁多ＳＳ,小売業,ガソリンスタンド,2%
島根県,奥出雲町,雲州そろばん協業組合,小売業,家具・調度品,5%
島根県,奥出雲町,奥出雲ＳＳ,小売業,ガソリンスタンド,2%
島根県,奥出雲町,亀嵩温泉 玉峰山荘,サービス,宿泊業,5%
島根県,奥出雲町,下横田ＳＳ,小売業,ガソリンスタンド,2%
島根県,奥出雲町,下横田,小売業,ガソリンスタンド,2%
島根県,奥出雲町,ダイニ電工,小売業,電化製品,5%
島根県,奥出雲町,たいのす食品,小売業,食料品,5%
島根県,奥出雲町,浪花旅館,サービス,宿泊業,5%
島根県,奥出雲町,にしこおり時計店,小売業,その他小売,5%
島根県,奥出雲町,パナックしようわ,小売業,電化製品,5%
島根県,奥出雲町,藤原写真館,サービス,その他サービス,5%
島根県,奥出雲町,ポプラ仁多亀嵩店,小売業,総合（非専門）,2%
島根県,奥出雲町,ポプラ横田中央店,小売業,総合（非専門）,2%
島根県,奥出雲町,松葉屋,小売業,食料品,5%
島根県,奥出雲町,村上石油店,小売業,ガソリンスタンド,2%
島根県,奥出雲町,有限会社 石原電機,小売業,電化製品,5%
島根県,奥出雲町,横田ＳＳ,小売業,ガソリンスタンド,2%
島根県,川本町,出光因原ＳＳ,小売業,ガソリンスタンド,2%
島根県,川本町,川本ＳＳ,小売業,ガソリンスタンド,2%
島根県,川本町,フードプラザすまいる,小売業,総合（非専門）,5%
島根県,川本町,リンパ屋Ｌａｕｇｈ,サービス,その他サービス,5%
島根県,江津市,浅利ＳＳ,小売業,ガソリンスタンド,2%
島根県,江津市,浅利ＳＳ,小売業,ガソリンスタンド,2%
島根県,江津市,浅利ＳＳ,小売業,ガソリンスタンド,2%
島根県,江津市,有福温泉 旅館ぬしや,サービス,宿泊業,5%
島根県,江津市,出光江津ＳＳ,小売業,ガソリンスタンド,2%
島根県,江津市,出光セルフ桜江ＳＳ,小売業,ガソリンスタンド,2%
島根県,江津市,石見麦酒 石見麦酒江津工場,小売業,食料品,5%
島根県,江津市,オカダ電気,その他業種,ー,5%
島根県,江津市,キヌヤ都野津店,小売業,食料品,5%
島根県,江津市,キヌヤ二宮店,小売業,食料品,5%
島根県,江津市,キヌヤ渡津店,小売業,食料品,5%
島根県,江津市,江津給油所,小売業,ガソリンスタンド,2%
島根県,江津市,江津中央ＳＳ,小売業,ガソリンスタンド,2%
島根県,江津市,セブン－イレブン江津二宮店,小売業,食料品,2%
島根県,江津市,セブン－イレブン江津和木店,小売業,食料品,2%
島根県,江津市,珈琲専門店 壱番館,サービス,飲食業,5%
島根県,江津市,サントウ電機,小売業,電化製品,5%
島根県,江津市,地場産センター,小売業,その他小売,5%
島根県,江津市,セルフ＆カーケアステーションつのづ,小売業,ガソリンスタンド,2%
島根県,江津市,都野津給油所,小売業,ガソリンスタンド,2%
島根県,江津市,Ｄｒ．Ｄｒｉｖｅセルフ江津かわら町店,小売業,ガソリンスタンド,2%
島根県,江津市,パナックおおむかい,小売業,電化製品,5%
島根県,江津市,ＨＡＩＲ－ＳＴＹＬＥ－,サービス,理容・美容業,5%
島根県,江津市,本社,小売業,ガソリンスタンド,2%
島根県,江津市,舞乃市,小売業,家具・調度品,5%
島根県,江津市,まつの駅前店,小売業,電化製品,5%
島根県,江津市,マルシェあさり市場,小売業,総合（非専門）,5%
島根県,江津市,南山酒店,小売業,食料品,5%
島根県,江津市,もりでん,小売業,電化製品,5%
島根県,津和野町,出光日原ＳＳ,小売業,ガソリンスタンド,2%
島根県,津和野町,駅前ビジネスホテルつわの,サービス,宿泊業,5%
島根県,津和野町,ＳＰＧ津和野店,小売業,電化製品,5%
島根県,津和野町,キヌヤ津和野店,小売業,食料品,5%
島根県,津和野町,沙羅の木・松韻亭,小売業,その他小売,5%
島根県,津和野町,津和野のお宿 よしのや,サービス,宿泊業,5%
島根県,津和野町,日原国道ＳＳ,小売業,ガソリンスタンド,2%
島根県,西ノ島町,コンセーユ,サービス,飲食業,5%
島根県,西ノ島町,Ｂａｒｂｅｒ Ｉｗａｓａ,サービス,理容・美容業,5%
島根県,西ノ島町,ホテル隠岐,サービス,宿泊業,5%
島根県,西ノ島町,美田ＳＳ,小売業,ガソリンスタンド,2%
島根県,西ノ島町,旅館みつけ島荘,サービス,宿泊業,5%
島根県,浜田市,浅井倉庫,小売業,ガソリンスタンド,2%
島根県,浜田市,アリス＠alice,小売業,電化製品,5%
島根県,浜田市,市木 ＳＳ,小売業,ガソリンスタンド,2%
島根県,浜田市,出光岡見ＳＳ,小売業,ガソリンスタンド,2%
島根県,浜田市,今井書店ゆめタウン浜田店,小売業,書籍・玩具・音楽ＣＤ,5%
島根県,浜田市,今福ＳＳ,小売業,ガソリンスタンド,2%
島根県,浜田市,岩垣電器,小売業,電化製品,5%
島根県,浜田市,＆．ｃｕｏｒｅ,サービス,理容・美容業,5%
島根県,浜田市,お魚のなかだ,小売業,総合（非専門）,5%
島根県,浜田市,おさだコンタクトレンズ,小売業,その他小売,5%
島根県,浜田市,かくれの里ゆかり,サービス,宿泊業,5%
島根県,浜田市,家電プラザ・タナカ,小売業,電化製品,5%
島根県,浜田市,金城ＳＳ,小売業,ガソリンスタンド,2%
島根県,浜田市,Ｃａｆｅ．Ｂａｌｌｏｎｄ＇Ｏｒ,サービス,飲食業,5%
島根県,浜田市,株式会社かめや旅館,サービス,宿泊業,5%
島根県,浜田市,株式会社ブルーコーンズ,小売業,その他小売,5%
島根県,浜田市,かめや釣具 浜田店,小売業,その他小売,5%
島根県,浜田市,キヌヤ笠柄店,小売業,食料品,5%
島根県,浜田市,キヌヤ金城店,小売業,食料品,5%
島根県,浜田市,キヌヤ国府店,小売業,食料品,5%
島根県,浜田市,キヌヤひなし店,小売業,食料品,5%
島根県,浜田市,キヌヤプリル店,小売業,食料品,5%
島根県,浜田市,雲城ＳＳ,小売業,ガソリンスタンド,2%
島根県,浜田市,黒川 ＳＳ,小売業,ガソリンスタンド,2%
島根県,浜田市,合庁前ＳＳ,小売業,ガソリンスタンド,2%
島根県,浜田市,国府ＳＳ,小売業,ガソリンスタンド,2%
島根県,浜田市,澤蓮商店,小売業,総合（非専門）,5%
島根県,浜田市,七条ＳＳ,小売業,ガソリンスタンド,2%
島根県,浜田市,下府ＳＳ,小売業,ガソリンスタンド,2%
島根県,浜田市,スタジオアニー,サービス,その他サービス,5%
島根県,浜田市,すふＳＳ,小売業,ガソリンスタンド,2%
島根県,浜田市,清香苑,サービス,飲食業,5%
島根県,浜田市,セルフ神在坂ＳＳ,小売業,ガソリンスタンド,2%
島根県,浜田市,セントラルスポーツ浜田店,小売業,その他小売,5%
島根県,浜田市,田町 ＳＳ,小売業,ガソリンスタンド,2%
島根県,浜田市,電文社,小売業,電化製品,5%
島根県,浜田市,電菱センター,小売業,電化製品,5%
島根県,浜田市,Ｄｒ．Ｄｒｉｖｅ浜田ＳＳ,小売業,ガソリンスタンド,2%
島根県,浜田市,Ｄｏｇ Ｓａｌｏｎ Ｍｉｅｌ．,サービス,その他サービス,5%
島根県,浜田市,トヨタカローラ島根浜田店,小売業,その他小売,5%
島根県,浜田市,トヨタレンタリース島根浜田店,サービス,その他サービス,2%
島根県,浜田市,直江デンキ,小売業,電化製品,5%
島根県,浜田市,長浜ＳＳ,小売業,ガソリンスタンド,2%
島根県,浜田市,人形のはなふさ 浜田店,小売業,その他小売,5%
島根県,浜田市,パキノ パン工房パキノ,小売業,食料品,5%
島根県,浜田市,ハゼヤマ 本社,小売業,ガソリンスタンド,2%
島根県,浜田市,パナック うめづ,小売業,電化製品,5%
島根県,浜田市,パナック おおや,小売業,電化製品,5%
島根県,浜田市,パナックおかもと,小売業,電化製品,5%
島根県,浜田市,パナックおきた,小売業,電化製品,5%
島根県,浜田市,パナック しながわ,小売業,電化製品,5%
島根県,浜田市,セブン－イレブン浜田相生町店,小売業,食料品,2%
島根県,浜田市,セブン－イレブン浜田浅井町店,小売業,食料品,2%
島根県,浜田市,浜田駅前ＳＳ,小売業,ガソリンスタンド,2%
島根県,浜田市,セブン－イレブン浜田金城町店,小売業,食料品,2%
島根県,浜田市,セブン－イレブン浜田京町店,小売業,食料品,2%
島根県,浜田市,セブン－イレブン浜田黒川町店,小売業,食料品,2%
島根県,浜田市,セブン－イレブン浜田県立体育館前店,小売業,食料品,2%
島根県,浜田市,セブン－イレブン浜田国分店,小売業,食料品,2%
島根県,浜田市,セブン－イレブン浜田新町店,小売業,食料品,2%
島根県,浜田市,セブン－イレブン浜田周布店,小売業,食料品,2%
島根県,浜田市,浜田 田町第２ＳＳ,小売業,ガソリンスタンド,2%
島根県,浜田市,浜田東ＳＳ,小売業,ガソリンスタンド,2%
島根県,浜田市,浜田フラワーセンター,小売業,その他小売,5%
島根県,浜田市,セブン－イレブン浜田三隅町店,小売業,食料品,2%
島根県,浜田市,浜田南 ＳＳ,小売業,ガソリンスタンド,2%
島根県,浜田市,ファミリーショップ オカモト,小売業,電化製品,5%
島根県,浜田市,ボウルＪＡＣ,サービス,その他サービス,5%
島根県,浜田市,ホテル川隅,サービス,宿泊業,5%
島根県,浜田市,マクドナルド浜田ゆめタウン店,サービス,飲食業,2%
島根県,浜田市,ミカミデンキ,小売業,電化製品,5%
島根県,浜田市,三隅西ＳＳ,小売業,ガソリンスタンド,2%
島根県,浜田市,メンズプラザスワキ,小売業,衣料品,5%
島根県,浜田市,湯屋温泉リフレパークきんたの里,サービス,宿泊業,5%
島根県,浜田市,旅館みくにや,サービス,宿泊業,5%
島根県,浜田市,レディスワールド,小売業,衣料品,5%
島根県,浜田市,レンタルスペースＴＡＭＡＣＨＩ,サービス,その他サービス,5%
島根県,浜田市,和想館 浜田店,小売業,衣料品,5%
島根県,益田市,アネックス益田,サービス,宿泊業,5%
島根県,益田市,ＡＮＧＬＥＢＡＮＫ,小売業,その他小売,5%
島根県,益田市,出光エアポート石見ＳＳ,小売業,ガソリンスタンド,2%
島根県,益田市,出光仙道ＳＳ,小売業,ガソリンスタンド,2%
島根県,益田市,出光津田ＳＳ,小売業,ガソリンスタンド,2%
島根県,益田市,いまみや電器,小売業,電化製品,5%
島根県,益田市,いまみや電器,小売業,電化製品,5%
島根県,益田市,石見横田ＳＳ,小売業,ガソリンスタンド,2%
島根県,益田市,ＳＰＧ久城店,小売業,電化製品,5%
島根県,益田市,大谷ＳＳ,小売業,ガソリンスタンド,2%
島根県,益田市,オリックスレンタカー石見空港カウンター,サービス,その他サービス,2%
島根県,益田市,オリックスレンタカー益田駅前店,サービス,その他サービス,2%
島根県,益田市,外販部,小売業,ガソリンスタンド,2%
島根県,益田市,ＣＵＴＴＥＲ,サービス,理容・美容業,5%
島根県,益田市,Ｋｅｅｐｒｉｄｅ,サービス,その他サービス,5%
島根県,益田市,キヌヤ久城店,小売業,食料品,5%
島根県,益田市,キヌヤ遠田店,小売業,食料品,5%
島根県,益田市,キヌヤ中吉田店,小売業,食料品,5%
島根県,益田市,キヌヤ西益田店,小売業,食料品,5%
島根県,益田市,キヌヤ東町店,小売業,食料品,5%
島根県,益田市,キヌヤ益田ショッピングセンター店,小売業,食料品,5%
島根県,益田市,キヌヤ緑ヶ丘店,小売業,食料品,5%
島根県,益田市,（有）サンフラワーナチュレ店,小売業,その他小売,5%
島根県,益田市,シューズ バッグ エビスヤ シューズ バッグエビスヤ,小売業,その他小売,5%
島根県,益田市,高津 ＳＳ,小売業,ガソリンスタンド,2%
島根県,益田市,東和電器,小売業,電化製品,5%
島根県,益田市,Ｄｒ．Ｄｒｉｖｅ中吉田ＳＳ,小売業,ガソリンスタンド,2%
島根県,益田市,Ｄｒ．Ｄｒｉｖｅ東町ＳＳ,小売業,ガソリンスタンド,2%
島根県,益田市,Ｄｒ．Ｄｒｉｖｅ緑ヶ丘ＳＳ,小売業,ガソリンスタンド,2%
島根県,益田市,トヨタカローラ島根益田店,小売業,その他小売,5%
島根県,益田市,豊田電器店,小売業,電化製品,5%
島根県,益田市,トヨタレンタリース島根 石見空港店,サービス,その他サービス,2%
島根県,益田市,トヨタレンタリース島根 益田駅北店,サービス,その他サービス,2%
島根県,益田市,西益田 ＳＳ,小売業,ガソリンスタンド,2%
島根県,益田市,パナソニック・ライフ,小売業,電化製品,5%
島根県,益田市,ビー・グランテッド,小売業,その他小売,5%
島根県,益田市,Ｐｉｚｚｅｒｉａ ｄａＮＡＰＯＩ,サービス,飲食業,5%
島根県,益田市,美容室 マジック 美容室 マジック,サービス,理容・美容業,5%
島根県,益田市,美容室・マジック,サービス,理容・美容業,5%
島根県,益田市,福原電気商会,小売業,電化製品,5%
島根県,益田市,双葉電機商会,小売業,電化製品,5%
島根県,益田市,ヘアーサロンあけぼの,サービス,理容・美容業,5%
島根県,益田市,ホテルダイエー益田,サービス,宿泊業,5%
島根県,益田市,ホルモンたけちゃん,サービス,飲食業,5%
島根県,益田市,本社,小売業,ガソリンスタンド,2%
島根県,益田市,マクドナルド益田店,サービス,飲食業,2%
島根県,益田市,ＭＡＳＣＯＳ ＨＯＴＥＬ,サービス,宿泊業,5%
島根県,益田市,セブン－イレブン益田あけぼの本町店,小売業,食料品,2%
島根県,益田市,セブン－イレブン益田乙吉町店,小売業,食料品,2%
島根県,益田市,セブン－イレブン益田かもしま西町店,小売業,食料品,2%
島根県,益田市,益田石油 管理部,小売業,ガソリンスタンド,2%
島根県,益田市,益田中央 ＳＳ,小売業,ガソリンスタンド,2%
島根県,益田市,セブン－イレブン益田中吉田店,小売業,食料品,2%
島根県,益田市,益田西ＳＳ,小売業,ガソリンスタンド,2%
島根県,益田市,セブン－イレブン益田横田町店,小売業,食料品,2%
島根県,益田市,瑞穂イン石見益田,サービス,宿泊業,5%
島根県,益田市,ＭＩＮＯＹＡ,サービス,飲食業,5%
島根県,益田市,明林堂書店益田店,小売業,その他小売,5%
島根県,益田市,ｍｏｒｉｔａｎｉ,小売業,食料品,5%
島根県,益田市,リコスマイル リコスマイル,小売業,その他小売,5%
島根県,松江市,秋鹿ＳＳ,小売業,ガソリンスタンド,2%
島根県,松江市,秋鹿ＳＳ,小売業,ガソリンスタンド,2%
島根県,松江市,アイパルテ東出雲店,小売業,総合（非専門）,5%
島根県,松江市,アイパルテ矢田店,小売業,総合（非専門）,5%
島根県,松江市,あいマーケット,小売業,総合（非専門）,5%
島根県,松江市,青山電器サービス,小売業,電化製品,5%
島根県,松江市,味富,サービス,飲食業,5%
島根県,松江市,あとりえｇｔｐ,小売業,衣料品,5%
島根県,松江市,アベニュークラブ ＮＡＧＡＹＡ,小売業,貴金属・服飾品,5%
島根県,松江市,Ａｌａｎａ’ｓ,サービス,飲食業,5%
島根県,松江市,アルソアさとわ,その他業種,ー,5%
島根県,松江市,ａｒｔｏｓ Ｂｏｏｋ Ｓｔｏｒｅ,小売業,書籍・玩具・音楽ＣＤ,5%
島根県,松江市,ａｌｆａ シャミネ松江,小売業,衣料品,5%
島根県,松江市,アンベリール ささき シャミネ松江,小売業,衣料品,5%
島根県,松江市,ｉｋｏｉ ｓａｌｏｎ ｍｅｌｏ,サービス,理容・美容業,5%
島根県,松江市,出雲そば たたらや シャミネ松江,小売業,食料品,5%
島根県,松江市,一力堂 シャミネ松江,小売業,食料品,5%
島根県,松江市,出光ジョイフル上乃木ＳＳ,小売業,ガソリンスタンド,2%
島根県,松江市,出光宍道ＳＳ,小売業,ガソリンスタンド,2%
島根県,松江市,出光宍道南ＳＳ,小売業,ガソリンスタンド,2%
島根県,松江市,出光ハートランドセルフ東津田ＳＳ,小売業,ガソリンスタンド,2%
島根県,松江市,出光東出雲ＳＳ,小売業,ガソリンスタンド,2%
島根県,松江市,出光乃木ＳＳ,小売業,ガソリンスタンド,2%
島根県,松江市,出光松江ＳＳ,小売業,ガソリンスタンド,2%
島根県,松江市,出光セルフ松江インター西ＳＳ,小売業,ガソリンスタンド,2%
島根県,松江市,出光セルフくにびきＳＳ,小売業,ガソリンスタンド,2%
島根県,松江市,出光セルフ松江城北ＳＳ,小売業,ガソリンスタンド,2%
島根県,松江市,出光松江城東ＳＳ,小売業,ガソリンスタンド,2%
島根県,松江市,いとし屋ついん,小売業,その他小売,5%
島根県,松江市,今井書店学園通り店,小売業,書籍・玩具・音楽ＣＤ,5%
島根県,松江市,今井書店グループセンター店,小売業,書籍・玩具・音楽ＣＤ,5%
島根県,松江市,今井書店グループセンター店スタジオワンダー,小売業,書籍・玩具・音楽ＣＤ,5%
島根県,松江市,ｉｎｈｅｒｉｔ ｉｎｈｅｒｉｔ,小売業,衣料品,5%
島根県,松江市,ＶＭＶ シャミネ松江店,サービス,飲食業,5%
島根県,松江市,ヴィヴィアン,小売業,電化製品,5%
島根県,松江市,ヴェルデ 中央店,小売業,食料品,5%
島根県,松江市,ヴェルデ 中原店,小売業,食料品,5%
島根県,松江市,ヴェルデ 八束店,小売業,食料品,5%
島根県,松江市,宇宙のたまご,小売業,衣料品,5%
島根県,松江市,うつわギャラリー唯,小売業,その他小売,5%
島根県,松江市,旨味牛たん玉田屋,サービス,飲食業,5%
島根県,松江市,ＮＲーＣ,小売業,その他小売,5%
島根県,松江市,Ｎプランニング,小売業,その他小売,5%
島根県,松江市,ＭＢ?ＭＡＸ,サービス,理容・美容業,5%
島根県,松江市,ｅｍｐｆａｎｇｅｎｃａｎｄｌｅ,その他業種,ー,5%
島根県,松江市,オートショップコイズミ,小売業,その他小売,5%
島根県,松江市,オートショップ さぽーと,サービス,その他サービス,5%
島根県,松江市,オートプラス,小売業,その他小売,5%
島根県,松江市,オーベル,小売業,その他小売,5%
島根県,松江市,Ａｕｒａ－Ｓｏｐｈｉａ,その他業種,ー,5%
島根県,松江市,お米の広場ふじもと,小売業,食料品,5%
島根県,松江市,オステリアサンテ,サービス,飲食業,5%
島根県,松江市,Ｃａｆｅおつまみ研究所,サービス,飲食業,5%
島根県,松江市,ＯｍａｇｇｉｏｄａＫｏｎｉｓｈｉ,サービス,飲食業,5%
島根県,松江市,オリックスレンタカー島根大学通りカウンター,サービス,その他サービス,2%
島根県,松江市,オリックスレンタカー浜乃木玉造温泉カウンター,サービス,その他サービス,2%
島根県,松江市,オリックスレンタカー松江駅東カウンター,サービス,その他サービス,2%
島根県,松江市,オリックスレンタカー松江駅前店,サービス,その他サービス,2%
島根県,松江市,オリックスレンタカー松江店,サービス,その他サービス,2%
島根県,松江市,温泉街の珈琲屋 Ｙｏｒｉ荘,サービス,飲食業,5%
島根県,松江市,温野菜松江上乃木店,サービス,飲食業,2%
島根県,松江市,温野菜松江駅前店,サービス,飲食業,2%
島根県,松江市,カーテンとリフォームの店 ｗｏｏｄｙ,その他業種,ー,5%
島根県,松江市,海鮮れすとらん四季庵 松江店,サービス,飲食業,5%
島根県,松江市,加賀ＳＳ,小売業,ガソリンスタンド,2%
島根県,松江市,学園通り ＳＳ,小売業,ガソリンスタンド,2%
島根県,松江市,Ｃａｆｅ ＰＵＥＮＴＥ,サービス,飲食業,5%
島根県,松江市,Ｃａｆｅ Ｂｒｏｗｎｉｅ,サービス,飲食業,5%
島根県,松江市,株式会社オートガレージフレンド,小売業,その他小売,5%
島根県,松江市,株式会社ブックス文化の友,小売業,書籍・玩具・音楽ＣＤ,5%
島根県,松江市,株式会社松江三和部品商会,その他業種,ー,5%
島根県,松江市,株式会社Ｌｉｎｋ,小売業,その他小売,5%
島根県,松江市,株式会社レアルボックス,小売業,その他小売,5%
島根県,松江市,Ｋａｐｏｋ,サービス,理容・美容業,5%
島根県,松江市,ｋａｐｏｋ（カポック）,サービス,その他サービス,5%
島根県,松江市,かめや釣具 松江店,小売業,その他小売,5%
島根県,松江市,カラオケルーム３３５松江駅前店,サービス,飲食業,5%
島根県,松江市,Ｇａｒａｇｅ ＣＯＰＥＬ,小売業,その他小売,5%
島根県,松江市,カワシマアルファ店,小売業,衣料品,5%
島根県,松江市,川津ＳＳ,小売業,ガソリンスタンド,2%
島根県,松江市,ＫＩＫＵＮＯＢＵ 松江,小売業,衣料品,5%
島根県,松江市,北浦ＳＳ,小売業,ガソリンスタンド,2%
島根県,松江市,牛角松江北店,サービス,飲食業,2%
島根県,松江市,牛角松江上乃木店,サービス,飲食業,2%
島根県,松江市,共栄工業,小売業,電化製品,5%
島根県,松江市,協同メイカ 桂月堂 シャミネ松江,小売業,食料品,5%
島根県,松江市,橋北ＳＳ,小売業,ガソリンスタンド,2%
島根県,松江市,業務スーパーＦＣ朝日町店,小売業,食料品,2%
島根県,松江市,クォータリールーム,小売業,衣料品,5%
島根県,松江市,Ｑｕａｒｔｅｒｌｙｒｏｏｍ,小売業,衣料品,5%
島根県,松江市,暮らしのギャラリーなすの花,小売業,衣料品,5%
島根県,松江市,ＧＬＡＮＺ,小売業,その他小売,5%
島根県,松江市,グランドホテル水天閣／Ｊ＆Ｊギフト,その他業種,ー,5%
島根県,松江市,ｃｒｙｓｔａｌ,サービス,理容・美容業,5%
島根県,松江市,クリニカルルーム咲－ｓａｋｕ－,サービス,理容・美容業,5%
島根県,松江市,呉竹鮨,サービス,飲食業,5%
島根県,松江市,クロード,小売業,食料品,5%
島根県,松江市,グローバーク株式会社,サービス,その他サービス,5%
島根県,松江市,クロスキャンパ― クロスキャンパ―,小売業,その他小売,5%
島根県,松江市,燻製居酒屋 Ｔｈｅ Ｏａｋｓ,サービス,飲食業,5%
島根県,松江市,Ｄｒ．Ｄｒｉｖｅ松江けやき通りＳＳ,小売業,ガソリンスタンド,2%
島根県,松江市,ＣｏＣｏ壱番屋松江学園通り店,サービス,宿泊業,2%
島根県,松江市,ＣｏＣｏ壱番屋松江城山西通り店,サービス,飲食業,2%
島根県,松江市,ＣＯＣＯ壱番屋松江田和山店,サービス,飲食業,2%
島根県,松江市,ココロン松江店,小売業,その他小売,5%
島根県,松江市,コドモトリタイスタジオ コトリス,サービス,その他サービス,5%
島根県,松江市,ゴルフパートナー 松江くにびき通り店,小売業,その他小売,2%
島根県,松江市,サイクルショップ おおくぼ,小売業,その他小売,5%
島根県,松江市,鷦鷯屋 シャミネ松江,小売業,食料品,5%
島根県,松江市,三英堂 シャミネ松江,小売業,食料品,5%
島根県,松江市,Ｄｒ．Ｄｒｉｖｅサンドリーム春日ＳＳ,小売業,ガソリンスタンド,2%
島根県,松江市,Ｄｒ．Ｄｒｉｖｅサンライズ松江ＳＳ,小売業,ガソリンスタンド,2%
島根県,松江市,ｇ ａｉｒ,サービス,理容・美容業,5%
島根県,松江市,シーエルタイヤ,小売業,その他小売,5%
島根県,松江市,Ｇｉｎａ ｈａｉｒ,サービス,理容・美容業,5%
島根県,松江市,Ｇｉｎａｈａｉｒ,サービス,理容・美容業,5%
島根県,松江市,シェ・ブラン シャミネ松江,小売業,食料品,5%
島根県,松江市,地ビール 松江ビアへるん イベント店舗,サービス,飲食業,5%
島根県,松江市,島大前ＳＳ,小売業,ガソリンスタンド,2%
島根県,松江市,シャディギフト こばやし 松江店,小売業,その他小売,5%
島根県,松江市,シャミネ松江 しまね寶楽庵,小売業,食料品,5%
島根県,松江市,ジョイクラブナガサコ,小売業,その他小売,5%
島根県,松江市,ジョイフルレンタカー 本店,サービス,その他サービス,5%
島根県,松江市,尚武堂,小売業,その他小売,5%
島根県,松江市,松平閣,サービス,宿泊業,5%
島根県,松江市,昭和自動車,サービス,その他サービス,5%
島根県,松江市,昭和自動車,サービス,その他サービス,5%
島根県,松江市,シンコー黒田店,小売業,総合（非専門）,5%
島根県,松江市,シンコー玉湯店,小売業,総合（非専門）,5%
島根県,松江市,宍道ＳＳ,小売業,ガソリンスタンド,2%
島根県,松江市,本格中華 酔仙楼,サービス,飲食業,5%
島根県,松江市,スーパーホームセンターいない 松江春日店,小売業,家具・調度品,5%
島根県,松江市,スーパーホームセンターいない 松江田和山店,小売業,その他小売,5%
島根県,松江市,スーパーマーケット ハロー,小売業,食料品,5%
島根県,松江市,スカイビューキャンドル スカイビューキャンドル,サービス,飲食業,5%
島根県,松江市,スタジオワンダーイオン松江店,小売業,書籍・玩具・音楽ＣＤ,5%
島根県,松江市,ＳＬＯＷ ｉｎ ｔｈｅ ＤＥＥ,サービス,理容・美容業,5%
島根県,松江市,清風荘,サービス,宿泊業,5%
島根県,松江市,cepo..STATICE シャミネ松江,小売業,衣料品,5%
島根県,松江市,セルフステーション浜乃木,小売業,ガソリンスタンド,2%
島根県,松江市,セルフステーション松江,小売業,ガソリンスタンド,2%
島根県,松江市,セルフ日吉ＳＳ,小売業,ガソリンスタンド,2%
島根県,松江市,ＣＥＲＯ ＴＡＳＨＩＲＯ,サービス,理容・美容業,5%
島根県,松江市,千本ＳＳ,小売業,ガソリンスタンド,2%
島根県,松江市,袖師窯,小売業,その他小売,5%
島根県,松江市,ターミナル,小売業,衣料品,5%
島根県,松江市,ダイキ自動車,サービス,その他サービス,5%
島根県,松江市,大根島研究所,小売業,食料品,5%
島根県,松江市,竹内電気,小売業,電化製品,5%
島根県,松江市,ＴＡＳＨＩＲＯ 春日,サービス,理容・美容業,5%
島根県,松江市,玉造国際ホテル／Ｊ＆Ｊギフト,その他業種,ー,5%
島根県,松江市,千鳥寿し,サービス,飲食業,5%
島根県,松江市,中華蕎麦奨 津田本店,サービス,飲食業,5%
島根県,松江市,チュチュアンナ シャミネ松江店,サービス,飲食業,2%
島根県,松江市,Ｄｒ．Ｄｒｉｖｅ津田街道ＳＳ,小売業,ガソリンスタンド,2%
島根県,松江市,つなぐ,小売業,衣料品,5%
島根県,松江市,ティーエヌ松江店,サービス,理容・美容業,2%
島根県,松江市,ＤＲＩＤＥ,小売業,その他小売,5%
島根県,松江市,ＤＥＬＩ＆ＣＡＦＥＳＴＡＲＬＥＯ,サービス,飲食業,5%
島根県,松江市,電化のワコー,小売業,電化製品,5%
島根県,松江市,天狗堂,小売業,その他小売,5%
島根県,松江市,天麩羅 神いし,サービス,飲食業,5%
島根県,松江市,天ぷら海鮮米福 シャミネ松江店,サービス,飲食業,5%
島根県,松江市,トキワ電気店,小売業,電化製品,5%
島根県,松江市,ｔｏｓｃａ,小売業,衣料品,5%
島根県,松江市,トスカ トスカ,小売業,衣料品,5%
島根県,松江市,トップスビューティサロン,サービス,理容・美容業,5%
島根県,松江市,ＴＯＮＯＭＡＣＨＩ６３,小売業,書籍・玩具・音楽ＣＤ,5%
島根県,松江市,トピックス,小売業,衣料品,5%
島根県,松江市,戸谷畳店,その他業種,ー,5%
島根県,松江市,トヨタカローラ島根黒田店,小売業,その他小売,5%
島根県,松江市,トヨタカローラ島根松江店,小売業,その他小売,5%
島根県,松江市,トヨタレンタリース島根 松江駅南店,サービス,その他サービス,2%
島根県,松江市,トラント・サンク,小売業,食料品,5%
島根県,松江市,とんぼ玉工房いちの家,小売業,その他小売,5%
島根県,松江市,中梅木,サービス,飲食業,5%
島根県,松江市,nana's green tea シャミネ松江店,サービス,飲食業,5%
島根県,松江市,西尾自動車株式会社 松江店,サービス,その他サービス,5%
島根県,松江市,Ｄｒ．Ｄｒｉｖｅ西川津ＳＳ,小売業,ガソリンスタンド,2%
島根県,松江市,西津田ＳＳ,小売業,ガソリンスタンド,2%
島根県,松江市,西日本メディカル松江営業所,小売業,その他小売,5%
島根県,松江市,人形のはなふさ 松江店,小売業,その他小売,5%
島根県,松江市,ＮＡＫＥＤ ＳＰＡＣＥ,サービス,飲食業,5%
島根県,松江市,野津旅館,サービス,宿泊業,5%
島根県,松江市,Ｈｉ ｓｔｏｃｋ,小売業,衣料品,5%
島根県,松江市,ＨＩＤＥ ＯＵＴ ?ハイドアウト?,サービス,飲食業,5%
島根県,松江市,バッグショップかわた,小売業,貴金属・服飾品,5%
島根県,松江市,服部珈琲工房 シャミネ店 シャミネ松江,サービス,飲食業,5%
島根県,松江市,ハッピーランド三愛楽山 ＳＳ,小売業,ガソリンスタンド,2%
島根県,松江市,パナックおおさこ,小売業,電化製品,5%
島根県,松江市,パナック みかみ,小売業,電化製品,5%
島根県,松江市,パナックみかみ,小売業,電化製品,5%
島根県,松江市,花の店ひらた シャミネ松江,小売業,その他小売,5%
島根県,松江市,バルコスブルー シャミネ松江,サービス,飲食業,5%
島根県,松江市,ビ・センス上乃木店,サービス,理容・美容業,5%
島根県,松江市,ＢＭＯ松江店,小売業,衣料品,5%
島根県,松江市,皮革工房尊（みこと）,その他業種,ー,5%
島根県,松江市,セブン－イレブン東出雲インター店,小売業,食料品,2%
島根県,松江市,東津田ＳＳ,小売業,ガソリンスタンド,2%
島根県,松江市,ビ・センス 上乃木店,サービス,理容・美容業,5%
島根県,松江市,ひまり大庭店,小売業,食料品,5%
島根県,松江市,Ｂｅａｕｔｙ ｓｈｏｐ Ｑ,サービス,理容・美容業,5%
島根県,松江市,日吉ＳＳ,小売業,ガソリンスタンド,2%
島根県,松江市,平野醤油醸造元,小売業,食料品,5%
島根県,松江市,ＢＩＮＧＯＹＡ ＳＵＰＥＲ ＳＨＯＰ 松江店,小売業,衣料品,5%
島根県,松江市,ＢＩＮＧＯＹＡ 浜乃木店,小売業,衣料品,5%
島根県,松江市,ファッションハウスミナリ,小売業,衣料品,5%
島根県,松江市,風流堂 シャミネ松江,小売業,食料品,5%
島根県,松江市,ブティックＢＩＧＩ,小売業,衣料品,5%
島根県,松江市,プラチナ・オート,サービス,その他サービス,5%
島根県,松江市,ＦＬＡＲＹ ＦＬＡＲＹ,小売業,衣料品,5%
島根県,松江市,Ｐｌｅａｓｕｒｅ ｂｙ ＰｌｅａｓｕｒｅＧｅｎｅ シャミネ松江,小売業,衣料品,5%
島根県,松江市,ふれんち酒場びいどろ,サービス,飲食業,5%
島根県,松江市,ｆｌｏｓｓｙ 松江店,小売業,衣料品,5%
島根県,松江市,ｆｒｏｍ４０,小売業,衣料品,5%
島根県,松江市,ぶんぶん松江店 ぶんぶん堂松江店,小売業,その他小売,5%
島根県,松江市,ｈａｉｒ ｒｏｏｍ Ｃｈｅｒｉｅ,サービス,理容・美容業,5%
島根県,松江市,ｈａｉｒｃｒｅａｔｅ Ｌａｒｇｅ,サービス,理容・美容業,5%
島根県,松江市,ＨａｉｒＰｒｏｄｕｃｅ ＭＢ?ＭＡＸ,サービス,理容・美容業,5%
島根県,松江市,ｈａｉｒｇａｒｄｅｎａｉｍｅｒ,その他業種,ー,5%
島根県,松江市,Ｈａｉｒ Ｓａｌｏｎ ＭＯＮＴＥ,サービス,理容・美容業,5%
島根県,松江市,ｈａｉｒｄｅｓｉｇｎｌｕｃａｎｏ,サービス,理容・美容業,5%
島根県,松江市,ヘアメイク カルメ,サービス,理容・美容業,5%
島根県,松江市,ｈａｉｒ ｒｏｏｍ ｐｉｔｅ,サービス,理容・美容業,5%
島根県,松江市,ｈａｉｒ ｒｏｏｍ Ｃｈｅｒｉｅ,サービス,理容・美容業,5%
島根県,松江市,ホームデコ 松江店,小売業,その他小売,5%
島根県,松江市,POP MAIZ シャミネ松江,小売業,食料品,5%
島根県,松江市,ボディメソッド,サービス,理容・美容業,5%
島根県,松江市,ポテ洋菓子店,小売業,食料品,5%
島根県,松江市,ポプラ美保関森山店,小売業,総合（非専門）,2%
島根県,松江市,Ｈｏｎｄａ Ｃａｒｓ 松江,小売業,その他小売,5%
島根県,松江市,ｂｏｎｄ Ｂｏｎｄ,小売業,衣料品,5%
島根県,松江市,マクドナルドイオン松江店,サービス,飲食業,2%
島根県,松江市,マクドナルド９号線松江店,サービス,飲食業,2%
島根県,松江市,マクドナルド松江店,サービス,飲食業,2%
島根県,松江市,松江アーバンホテル,サービス,宿泊業,5%
島根県,松江市,セブン－イレブン松江朝日町店,小売業,食料品,2%
島根県,松江市,松江アーバンホテル レークイン,サービス,宿泊業,5%
島根県,松江市,松江営業部,小売業,ガソリンスタンド,2%
島根県,松江市,セブン－イレブン松江大庭バイパス店,小売業,食料品,2%
島根県,松江市,セブン－イレブン松江春日店,小売業,食料品,2%
島根県,松江市,セブン－イレブン松江北田町西店,小売業,食料品,2%
島根県,松江市,松江湖北電器,小売業,電化製品,5%
島根県,松江市,松江市宍道ふるさと森林公園,サービス,宿泊業,5%
島根県,松江市,松江シティホテル本館,サービス,宿泊業,5%
島根県,松江市,セブン－イレブン松江宍道大森店,小売業,食料品,2%
島根県,松江市,セブン－イレブン松江宍道町昭和店,小売業,食料品,2%
島根県,松江市,松江赤十字病院内売店,小売業,食料品,5%
島根県,松江市,セブン－イレブン松江玉湯町布志名店,小売業,食料品,2%
島根県,松江市,セブン－イレブン松江千鳥町店,小売業,食料品,2%
島根県,松江市,松江中央 ＳＳ,小売業,ガソリンスタンド,2%
島根県,松江市,松江巴庵,サービス,飲食業,5%
島根県,松江市,セブン－イレブン松江西川津東店,小売業,食料品,2%
島根県,松江市,松江ニューアーバンホテル,サービス,宿泊業,5%
島根県,松江市,松江ニューアーバンホテル,サービス,宿泊業,5%
島根県,松江市,松江販売部,小売業,ガソリンスタンド,2%
島根県,松江市,松江八幡町ＳＳ,小売業,ガソリンスタンド,2%
島根県,松江市,セブン－イレブン松江米子町店,小売業,食料品,2%
島根県,松江市,セブン－イレブン松江楽山店,小売業,食料品,2%
島根県,松江市,松田電気店,小売業,電化製品,5%
島根県,松江市,マネケン シャミネ松江,サービス,飲食業,5%
島根県,松江市,丸三商店,小売業,食料品,5%
島根県,松江市,マルマン 茶山店,小売業,食料品,5%
島根県,松江市,みしまや 津田店,小売業,食料品,5%
島根県,松江市,みしまや 楽山店,小売業,食料品,5%
島根県,松江市,みしまや 上の木店,小売業,食料品,5%
島根県,松江市,みしまや 学園店,小売業,食料品,5%
島根県,松江市,みしまや 鹿島店,小売業,食料品,5%
島根県,松江市,みしまや 春日店,小売業,食料品,5%
島根県,松江市,みしまや さいか店,小売業,食料品,5%
島根県,松江市,みしまや 田和山店,小売業,食料品,5%
島根県,松江市,みしまや 津田店,小売業,食料品,5%
島根県,松江市,みしまや 楽山店,小売業,食料品,5%
島根県,松江市,水都タクシー １,サービス,運輸業,5%
島根県,松江市,水都タクシー ５,サービス,運輸業,5%
島根県,松江市,水都タクシー ３,サービス,運輸業,5%
島根県,松江市,水都タクシー ２,サービス,運輸業,5%
島根県,松江市,水都タクシー ４,サービス,運輸業,5%
島根県,松江市,水都タクシー ６,サービス,運輸業,5%
島根県,松江市,三成薬局,小売業,その他小売,5%
島根県,松江市,ミルポア イオン松江店,小売業,その他小売,5%
島根県,松江市,無印良品 イオン松江,小売業,その他小売,2%
島根県,松江市,メカニック工房,小売業,その他小売,5%
島根県,松江市,メガネ２１松江店,小売業,その他小売,5%
島根県,松江市,モッチモパスタ 松江店,サービス,飲食業,5%
島根県,松江市,モルツウェル株式会社,小売業,食料品,5%
島根県,松江市,焼肉 丸喜 松江学園店,サービス,飲食業,5%
島根県,松江市,山京 平成支店,小売業,食料品,5%
島根県,松江市,ヤマハパルス 米子楽器社 松江店,小売業,その他小売,5%
島根県,松江市,有限会社出岡自動車サービス,小売業,その他小売,5%
島根県,松江市,有限会社島根自動車整備工場,サービス,その他サービス,5%
島根県,松江市,有限会社原田米穀,小売業,食料品,5%
島根県,松江市,有限会社松江自動車テストセンター,小売業,その他小売,5%
島根県,松江市,有限会社丸善オート,小売業,その他小売,5%
島根県,松江市,有限会社森山園 イオン松江店,小売業,食料品,5%
島根県,松江市,有限会社八雲モータース,小売業,その他小売,5%
島根県,松江市,ユニクロ松江店,小売業,衣料品,2%
島根県,松江市,湯之助の宿長楽園,その他業種,ー,5%
島根県,松江市,吉田写真堂,サービス,その他サービス,5%
島根県,松江市,らーめんとんてき大翔,サービス,飲食業,5%
島根県,松江市,ライラック,小売業,衣料品,5%
島根県,松江市,ｌａｍｉｅｌｌ ｍａｔｓｕｅ,サービス,理容・美容業,5%
島根県,松江市,リラクゼーションスペースラフィネ シャミネ松江,サービス,その他サービス,5%
島根県,松江市,ルクールブラン シャミネ松江,小売業,衣料品,5%
島根県,松江市,ルプリ ヘアープロデュース,サービス,理容・美容業,5%
島根県,松江市,レストラン至誠 くにびきメッセ店,サービス,飲食業,5%
島根県,松江市,ロンネフェルトティーハウス松江,サービス,飲食業,5%
島根県,松江市,ロンネフェルトティーブティック,小売業,食料品,5%
島根県,松江市,和光電気商会本店,小売業,電化製品,5%
島根県,松江市,和想館 松江店,小売業,衣料品,5%
島根県,松江市,和田オートサイクル,小売業,その他小売,5%
島根県,美郷町,飯塚モーター,サービス,その他サービス,5%
島根県,美郷町,出光粕渕ＳＳ,小売業,ガソリンスタンド,2%
島根県,美郷町,亀遊亭,サービス,宿泊業,5%
島根県,美郷町,清水電器,小売業,電化製品,5%
島根県,美郷町,みさと市,小売業,総合（非専門）,5%
島根県,安来市,天野紺屋,小売業,衣料品,5%
島根県,安来市,荒島電器,小売業,電化製品,5%
島根県,安来市,出光荒島ＳＳ,小売業,ガソリンスタンド,2%
島根県,安来市,出光安来ＳＳ,小売業,ガソリンスタンド,2%
島根県,安来市,今井書店プラーナ店,小売業,書籍・玩具・音楽ＣＤ,5%
島根県,安来市,ＳＰＧ広瀬店,小売業,電化製品,5%
島根県,安来市,家具ランドタナカ 有限会社家具ランドタナカ,小売業,家具・調度品,5%
島根県,安来市,片山でんき店,小売業,電化製品,5%
島根県,安来市,Ｃｕｔ Ｈｏｕｓｅ ＶＩＰ,サービス,理容・美容業,5%
島根県,安来市,興南堂,小売業,総合（非専門）,5%
島根県,安来市,紅葉館,サービス,宿泊業,5%
島根県,安来市,スーパーウィズ,小売業,総合（非専門）,5%
島根県,安来市,スーパーウィズマイショップ店,小売業,総合（非専門）,5%
島根県,安来市,ｔｏｎｉ－ｔｏｒｏ．,サービス,理容・美容業,5%
島根県,安来市,トヨタカローラ島根安来店,小売業,その他小売,5%
島根県,安来市,永賞石材 神田展示場,その他業種,ー,5%
島根県,安来市,ハウジングランドいない 安来飯島店,小売業,家具・調度品,5%
島根県,安来市,原畳店,小売業,その他小売,5%
島根県,安来市,比田,小売業,ガソリンスタンド,2%
島根県,安来市,比田ＳＳ,小売業,ガソリンスタンド,2%
島根県,安来市,広瀬ＳＳ,小売業,ガソリンスタンド,2%
島根県,安来市,広瀬ＳＳ,小売業,ガソリンスタンド,2%
島根県,安来市,広瀬南ＳＳ,小売業,ガソリンスタンド,2%
島根県,安来市,広瀬南ＳＳ,小売業,ガソリンスタンド,2%
島根県,安来市,福間電器店,小売業,電化製品,5%
島根県,安来市,ホームデコ安来店,小売業,その他小売,5%
島根県,安来市,母里 ＳＳ,小売業,ガソリンスタンド,2%
島根県,安来市,有限会社松本デンキ店,小売業,電化製品,5%
島根県,安来市,ＭＡＲＥＮ,サービス,理容・美容業,5%
島根県,安来市,水谷電業社,小売業,電化製品,5%
島根県,安来市,セブン－イレブン安来清水店,小売業,食料品,2%
島根県,安来市,安来自動車工業有限会社,小売業,その他小売,5%
島根県,安来市,セブン－イレブン安来飯島町店,小売業,食料品,2%
島根県,安来市,山崎食料品店,小売業,食料品,5%
島根県,安来市,山本石材店,小売業,その他小売,5%
島根県,安来市,有限会社車屋,小売業,その他小売,5%
島根県,安来市,有限会社山本輪業,サービス,その他サービス,5%
島根県,安来市,和鋼博物館内守谷宗光,小売業,その他小売,5%
島根県,吉賀町,出光柿木ＳＳ,小売業,ガソリンスタンド,2%
島根県,吉賀町,出光七日市ＳＳ,小売業,ガソリンスタンド,2%
島根県,吉賀町,柿木ＳＳ,小売業,ガソリンスタンド,2%
島根県,吉賀町,活鮮ストアー六日市,小売業,総合（非専門）,5%
島根県,吉賀町,キヌヤ七日市店,小売業,食料品,5%
島根県,吉賀町,蔵木 ＳＳ,小売業,ガソリンスタンド,2%
島根県,吉賀町,水津商店 水津商店,小売業,総合（非専門）,5%
島根県,吉賀町,セルフ六日市 ＳＳ,小売業,ガソリンスタンド,2%
島根県,吉賀町,松前電気商会,小売業,電化製品,5%
島根県,吉賀町,六日市ＳＳ,小売業,ガソリンスタンド,2%
