沖縄県,粟国村,ＪＡおきなわ粟国支店 購買課,小売業,その他小売,5%
沖縄県,伊江村,Ｋａ’ｓｈａｎｙａ,サービス,飲食業,5%
沖縄県,伊江村,ＪＡおきなわ伊江支店 経済課,小売業,その他小売,5%
沖縄県,伊江村,ｎｉｎｕｆａ,小売業,衣料品,5%
沖縄県,伊江村,Ｐｒｉｖａｔｅ Ｈｏｕｓｅ ＮＩＮＵＦＡ,サービス,宿泊業,5%
沖縄県,伊江村,ＦＬＡＶＡ,小売業,衣料品,5%
沖縄県,伊江村,マルイストアー,小売業,その他小売,5%
沖縄県,石垣市,Ａｇｕ ｈａｉｒ Ａｇｕ ｈａｉｒ ｒｅｓｏｒｔ石垣島,サービス,理容・美容業,5%
沖縄県,石垣市,新川シードＳＳ,小売業,ガソリンスタンド,2%
沖縄県,石垣市,新小前ＳＳ,小売業,ガソリンスタンド,2%
沖縄県,石垣市,イエローサブマリンダイブスタジオ,サービス,その他サービス,5%
沖縄県,石垣市,石垣ＳＳ,小売業,ガソリンスタンド,2%
沖縄県,石垣市,石垣空港ＳＳ,小売業,ガソリンスタンド,2%
沖縄県,石垣市,石垣シーサイドホテル,サービス,宿泊業,5%
沖縄県,石垣市,居酒屋 海彩,サービス,飲食業,5%
沖縄県,石垣市,石垣島一棟貸切りのお宿ちゅら赤瓦,サービス,その他サービス,5%
沖縄県,石垣市,石垣島エコツアーりんぱな,サービス,その他サービス,5%
沖縄県,石垣市,石垣島セレクトショップ ＹｏｕＩ,小売業,貴金属・服飾品,5%
沖縄県,石垣市,石垣島タイ古式マッサージふくら,サービス,理容・美容業,5%
沖縄県,石垣市,石垣島ホテルククル,サービス,宿泊業,5%
沖縄県,石垣市,石垣タクシー １,サービス,運輸業,5%
沖縄県,石垣市,石垣やいま村,小売業,家具・調度品,5%
沖縄県,石垣市,石垣焼窯元,小売業,その他小売,5%
沖縄県,石垣市,磯辺ＳＳ,小売業,ガソリンスタンド,2%
沖縄県,石垣市,イチグスクモード,小売業,衣料品,5%
沖縄県,石垣市,伊原間ＳＳ,小売業,ガソリンスタンド,2%
沖縄県,石垣市,ｗｉ－ｍａｎオアシティ共和,サービス,宿泊業,5%
沖縄県,石垣市,Ｖｉｌｌａ Ｋａｂｉｒａ Ｂａｙ,サービス,宿泊業,5%
沖縄県,石垣市,海人居酒屋 源 平得店,サービス,飲食業,5%
沖縄県,石垣市,海のメロディー,サービス,その他サービス,5%
沖縄県,石垣市,海人居酒屋 源 美崎店,サービス,飲食業,5%
沖縄県,石垣市,海人居酒屋源新栄店,サービス,飲食業,5%
沖縄県,石垣市,エアリ－ スパ,サービス,その他サービス,5%
沖縄県,石垣市,沖縄居酒家石垣島,サービス,飲食業,5%
沖縄県,石垣市,沖縄のお酒とみやぶた ゆい,サービス,飲食業,5%
沖縄県,石垣市,お好み焼〇じゅう,サービス,飲食業,5%
沖縄県,石垣市,オリックスレンタカー石垣島店,サービス,その他サービス,2%
沖縄県,石垣市,オリックスレンタカー新石垣空港ハイビスカス店,サービス,その他サービス,2%
沖縄県,石垣市,オリックスレンタカー新石垣空港ゆうな店,サービス,その他サービス,2%
沖縄県,石垣市,オリックスレンタカー八重山店,サービス,その他サービス,2%
沖縄県,石垣市,カーチバイ,サービス,その他サービス,5%
沖縄県,石垣市,春日自動車工業,小売業,その他小売,5%
沖縄県,石垣市,川平ＳＳ,小売業,ガソリンスタンド,2%
沖縄県,石垣市,川平カーデン,小売業,貴金属・服飾品,5%
沖縄県,石垣市,川平マエタケ農園,サービス,飲食業,5%
沖縄県,石垣市,株式会社内田食品,小売業,その他小売,5%
沖縄県,石垣市,カラオケバー バーコージ,サービス,飲食業,5%
沖縄県,石垣市,カラオケバー ビーコージ,サービス,飲食業,5%
沖縄県,石垣市,カレーハウスＣｏＣｏ壱番屋沖縄石垣店,サービス,飲食業,2%
沖縄県,石垣市,キジムナーの台所,サービス,飲食業,5%
沖縄県,石垣市,Ｃａｔｃａｆｅ美ら猫,サービス,飲食業,5%
沖縄県,石垣市,Ｃｏｏ＆ＲＩＫＵ石垣店,小売業,その他小売,5%
沖縄県,石垣市,クマさんのダイビングショップ,サービス,その他サービス,5%
沖縄県,石垣市,くまのみ・れんた,サービス,その他サービス,5%
沖縄県,石垣市,ＫＭ自動車サービス,サービス,その他サービス,5%
沖縄県,石垣市,国際旅行社 八重山支店,サービス,その他サービス,5%
沖縄県,石垣市,ココマジック石垣島,サービス,その他サービス,5%
沖縄県,石垣市,こころ・まろろ,サービス,宿泊業,5%
沖縄県,石垣市,さうすぽいんと,小売業,その他小売,5%
沖縄県,石垣市,Ｓｏｕｔｈｅｒｎｂｅｌｌｅ石垣店,サービス,理容・美容業,5%
沖縄県,石垣市,サロンドキミコ,サービス,理容・美容業,5%
沖縄県,石垣市,シーフォレスト,サービス,宿泊業,5%
沖縄県,石垣市,シーフレンズ,サービス,その他サービス,5%
沖縄県,石垣市,ＪＡおきなわ八重山支店 経済部,小売業,その他小売,5%
沖縄県,石垣市,ＪＡおきなわ八重山地区資材店,小売業,その他小売,5%
沖縄県,石垣市,ＳｉｅｓｔａＰｒｉｖａｔｅＰｏｏｌＶｉｌｌａ,サービス,その他サービス,5%
沖縄県,石垣市,白保ＳＳ,小売業,ガソリンスタンド,2%
沖縄県,石垣市,しらほハウス,サービス,宿泊業,5%
沖縄県,石垣市,新栄町ＳＳ,小売業,ガソリンスタンド,2%
沖縄県,石垣市,すーべにあショップすながわ,小売業,その他小売,5%
沖縄県,石垣市,スカイアドベンチャーうーまくぅ,サービス,その他サービス,5%
沖縄県,石垣市,スターダストヴィラミルキーウェイ,サービス,宿泊業,5%
沖縄県,石垣市,Ｔｈｒｅｅｌｉｔｔｌｅｂｉｒｄｓ,小売業,その他小売,5%
沖縄県,石垣市,ダイコクドラッグ石垣７３０記念碑前店,小売業,その他小売,5%
沖縄県,石垣市,ダイビングセンター ＭＯＳＳＤＩＶＥＲＳ,サービス,その他サービス,5%
沖縄県,石垣市,タウンプラザかねひで 石垣店,小売業,食料品,5%
沖縄県,石垣市,ダグズバーガー石垣島,サービス,飲食業,5%
沖縄県,石垣市,ＷＢＦレンタカー 石垣空港営業所,サービス,その他サービス,5%
沖縄県,石垣市,中央ツーリスト 南ぬ島石垣店,サービス,その他サービス,5%
沖縄県,石垣市,美ら海,小売業,その他小売,5%
沖縄県,石垣市,ちゅらさん,小売業,その他小売,5%
沖縄県,石垣市,美ら宿石垣島,サービス,宿泊業,5%
沖縄県,石垣市,美らやどココちゃん,サービス,宿泊業,5%
沖縄県,石垣市,Ｔ・Ｍ・ＭＯＲＥ,サービス,その他サービス,5%
沖縄県,石垣市,デルタ・エー・ネット,サービス,その他サービス,5%
沖縄県,石垣市,桃原建材,小売業,その他小売,5%
沖縄県,石垣市,徳村菓子店,小売業,その他小売,5%
沖縄県,石垣市,トヨタレンタリース沖縄 石垣島空港店,サービス,その他サービス,2%
沖縄県,石垣市,虎壱精肉店,小売業,食料品,5%
沖縄県,石垣市,トラベラーズカフェ朔,サービス,飲食業,5%
沖縄県,石垣市,仲間商店,小売業,その他小売,5%
沖縄県,石垣市,仲道ＳＳ,小売業,ガソリンスタンド,2%
沖縄県,石垣市,南碧想庵,小売業,その他小売,5%
沖縄県,石垣市,ＮＩＣＯ,小売業,衣料品,5%
沖縄県,石垣市,農事組合法人石垣島海のもの山のもの生産組合 農事組合法人石垣島海のもの山のもの生産組合,小売業,食料品,5%
沖縄県,石垣市,Ｎｏｓｏｋｏ・マロロ,サービス,飲食業,5%
沖縄県,石垣市,ＮＯＢＵ,小売業,衣料品,5%
沖縄県,石垣市,箱亀,小売業,その他小売,5%
沖縄県,石垣市,パティシエール,小売業,食料品,5%
沖縄県,石垣市,パラダイス倶楽部 石垣島店,小売業,その他小売,5%
沖縄県,石垣市,ばんやファーム ばんやファーム,サービス,飲食業,5%
沖縄県,石垣市,ビーチヴィレッジ野底,サービス,宿泊業,5%
沖縄県,石垣市,ビッグワン 石垣店,小売業,その他小売,5%
沖縄県,石垣市,ビッグワン 石垣店,小売業,その他小売,5%
沖縄県,石垣市,ｂｅａｕｔｙ Ｂｅａｓｔ 石垣２,サービス,理容・美容業,5%
沖縄県,石垣市,平川ＳＳ,小売業,ガソリンスタンド,2%
沖縄県,石垣市,ファーマーズマーケットやえやまゆらてぃく,小売業,食料品,5%
沖縄県,石垣市,Ｂｒｅｅｚｅ石垣島,サービス,その他サービス,5%
沖縄県,石垣市,ＦＲＥＥＦＯＷＬＳ,小売業,衣料品,5%
沖縄県,石垣市,ブルーウォーターダイバーズ,サービス,その他サービス,5%
沖縄県,石垣市,ペンション海のなかま,サービス,宿泊業,5%
沖縄県,石垣市,ＢＯＤＹＭＡＫＥＳＴＵＤＩＯＢｕｉｌＰａｎｉ,サービス,その他サービス,5%
沖縄県,石垣市,ホテルＷＢＦ ＭＡＲＣＨＥ石垣島,サービス,宿泊業,5%
沖縄県,石垣市,ホテルＷＢＦポルト石垣島,サービス,宿泊業,5%
沖縄県,石垣市,ホテルＷＢＦリゾートイン石垣島,サービス,宿泊業,5%
沖縄県,石垣市,ホテルＷＢＦ石垣島,サービス,宿泊業,5%
沖縄県,石垣市,ホテルパティーナ石垣島,サービス,宿泊業,5%
沖縄県,石垣市,ホテル 花と緑のみずほ石垣島,サービス,宿泊業,5%
沖縄県,石垣市,ホテルロイヤルマリンパレス,サービス,宿泊業,5%
沖縄県,石垣市,ポンツーン,サービス,その他サービス,5%
沖縄県,石垣市,真栄里給油所,小売業,ガソリンスタンド,2%
沖縄県,石垣市,真栄里ＢＰ ＳＳ,小売業,ガソリンスタンド,2%
沖縄県,石垣市,前高屋,サービス,その他サービス,5%
沖縄県,石垣市,マリンサポートブルーナ,サービス,その他サービス,5%
沖縄県,石垣市,海人石垣島（マリンちゅ）,サービス,理容・美容業,5%
沖縄県,石垣市,みやま,小売業,その他小売,5%
沖縄県,石垣市,みんさー工芸館,小売業,その他小売,5%
沖縄県,石垣市,ｍｅｒａｈ,小売業,衣料品,5%
沖縄県,石垣市,モアナダイビングカレッジ石垣島,サービス,その他サービス,5%
沖縄県,石垣市,八重泉酒造ショップ,小売業,食料品,5%
沖縄県,石垣市,やきとり とり琉 石垣本店,サービス,飲食業,5%
沖縄県,石垣市,焼肉おおつか,サービス,飲食業,5%
沖縄県,石垣市,焼肉金城石垣大川店,小売業,食料品,5%
沖縄県,石垣市,ヤールー,小売業,衣料品,5%
沖縄県,石垣市,ボディーマインドラボ,サービス,理容・美容業,5%
沖縄県,石垣市,ＪＵＳＡＮＤＩ,サービス,宿泊業,5%
沖縄県,石垣市,洋食えがお,サービス,飲食業,5%
沖縄県,石垣市,RISE石垣島,サービス,その他サービス,5%
沖縄県,石垣市,Ｈａｃｈｉ,サービス,飲食業,5%
沖縄県,石垣市,陸運総合株式会社,サービス,その他サービス,5%
沖縄県,石垣市,リトルマーメイドホテル石垣島,サービス,宿泊業,5%
沖縄県,石垣市,リトルマーメイドホテル石垣島,サービス,宿泊業,5%
沖縄県,石垣市,琉球真珠 石垣店,小売業,貴金属・服飾品,5%
沖縄県,石垣市,琉球真珠 本店,小売業,貴金属・服飾品,5%
沖縄県,石垣市,琉球真珠 本店,小売業,貴金属・服飾品,5%
沖縄県,石垣市,竜球創作ダイニングＴＩＤＡＰＡＮＡ,サービス,飲食業,5%
沖縄県,石垣市,琉球まぶやー,小売業,その他小売,5%
沖縄県,石垣市,琉球民芸センターあやぱに店,小売業,その他小売,5%
沖縄県,石垣市,琉木民,小売業,貴金属・服飾品,5%
沖縄県,石垣市,ＲｅＬｉｇｈｔ石垣島,サービス,その他サービス,5%
沖縄県,石垣市,Ｌｕｌａｌｉｙａ（るらりや）,サービス,その他サービス,5%
沖縄県,石垣市,れと宿,サービス,その他サービス,5%
沖縄県,伊是名村,イゼナマリンサービスグイン,サービス,その他サービス,5%
沖縄県,伊是名村,ＪＡおきなわ伊是名支店 経済課,小売業,その他小売,5%
沖縄県,伊是名村,ＪＡおきなわ伊是名支店 ＪＡオート,サービス,その他サービス,5%
沖縄県,伊是名村,ＲＯＵＴＥ１７７,サービス,宿泊業,5%
沖縄県,糸満市,Ａｇｕ ｈａｉｒ Ａｇｕ ｈａｉｒ ｃｈｕｒａ糸満,サービス,理容・美容業,5%
沖縄県,糸満市,味どころ田舎家,サービス,飲食業,5%
沖縄県,糸満市,ａｔｅｌｉｅｒｓｏｕ,小売業,衣料品,5%
沖縄県,糸満市,泡盛まさひろギャラリー,小売業,その他小売,5%
沖縄県,糸満市,ＹＥＳＳＵＲＦ,小売業,その他小売,5%
沖縄県,糸満市,ＷＩＮＧエステティックサロン,サービス,理容・美容業,5%
沖縄県,糸満市,かねひで サンプラザいとまん店,小売業,家具・調度品,5%
沖縄県,糸満市,ＢｌｕｅＳｋｙＲｅｓｏｒｔ,サービス,その他サービス,5%
沖縄県,糸満市,株式会社ひめゆり会館,小売業,その他小売,5%
沖縄県,糸満市,（株）ＬＵＣＵＳ 沖縄店,小売業,その他小売,5%
沖縄県,糸満市,カラオケハウス とまと 西崎店,サービス,その他サービス,5%
沖縄県,糸満市,カレーハウスＣｏＣｏ壱番屋糸満潮平店,サービス,飲食業,2%
沖縄県,糸満市,かんな農園,サービス,その他サービス,5%
沖縄県,糸満市,業務スーパー糸満店,小売業,食料品,2%
沖縄県,糸満市,國吉タクシー,サービス,運輸業,5%
沖縄県,糸満市,ゲゲゲの酒場,サービス,飲食業,5%
沖縄県,糸満市,合同会社Ｄ，ライセンス沖縄,サービス,その他サービス,5%
沖縄県,糸満市,ｐｅｔｉｔｃｈｏｕｃｈｏｕ雑貨屋プティシュシュ,小売業,衣料品,5%
沖縄県,糸満市,サンセール潮平ＳＳ,小売業,ガソリンスタンド,2%
沖縄県,糸満市,サンセール照屋ＳＳ,小売業,ガソリンスタンド,2%
沖縄県,糸満市,ＧＦＣ・ジニーしおざきシティ店,小売業,衣料品,5%
沖縄県,糸満市,ＪＡおきなわ福地購買店,小売業,その他小売,5%
沖縄県,糸満市,ジミー 糸満店,小売業,食料品,5%
沖縄県,糸満市,SAUVAGE,サービス,理容・美容業,5%
沖縄県,糸満市,大衆酒場ワンわん,サービス,飲食業,5%
沖縄県,糸満市,大衆酒場ワンわん いちまん横丁店,サービス,飲食業,5%
沖縄県,糸満市,タウンプラザかねひで いちゅまん市場,小売業,食料品,5%
沖縄県,糸満市,タウンプラザかねひで 西崎店,小売業,食料品,5%
沖縄県,糸満市,タウンプラザかねひで 真栄里店,小売業,食料品,5%
沖縄県,糸満市,タウンプラザかねひでサンプラザいとまん店,サービス,宿泊業,5%
沖縄県,糸満市,Ｔａｋｕｍａタクシー,サービス,運輸業,5%
沖縄県,糸満市,たばこ屋本舗 外間 糸満店,小売業,家具・調度品,5%
沖縄県,糸満市,茶処 真壁ちなー,サービス,飲食業,5%
沖縄県,糸満市,美ら味 島ぬ音,サービス,飲食業,5%
沖縄県,糸満市,Ｄｅｔｏｘ ｃａｆｅ ｆｅｌｉｃｉｄａｄ,サービス,飲食業,5%
沖縄県,糸満市,テニスラウンジ糸満,サービス,その他サービス,5%
沖縄県,糸満市,ときわ交通,サービス,運輸業,5%
沖縄県,糸満市,ＮａｔｕｒａｌＰａｓｓｉｏｎ沖縄,サービス,その他サービス,5%
沖縄県,糸満市,南部病院売店,小売業,その他小売,5%
沖縄県,糸満市,にしざきペットクリニック,サービス,その他サービス,5%
沖縄県,糸満市,Ｂｕｒｌｅｉｇｈ Ｈｅａｄｓ Ｃａｆｅ,サービス,飲食業,5%
沖縄県,糸満市,ＨＩＴＯタクシー,サービス,運輸業,5%
沖縄県,糸満市,美酒道楽マスター,サービス,飲食業,5%
沖縄県,糸満市,ひめゆり観光センターでいご,小売業,その他小売,5%
沖縄県,糸満市,美容室 Ｔｅ Ｔｅ,サービス,理容・美容業,5%
沖縄県,糸満市,フォーリーフハウス フォーリーフハウス,小売業,食料品,5%
沖縄県,糸満市,福正タクシー,サービス,運輸業,5%
沖縄県,糸満市,ＰＲＩＤＥｏｆＲｙｕｋｙｕ,小売業,衣料品,5%
沖縄県,糸満市,ヘアークラブ ダブル,サービス,理容・美容業,5%
沖縄県,糸満市,ヘアークラブ ダブル ヘアークラブ ダブル,サービス,理容・美容業,5%
沖縄県,糸満市,ｈａｉｒ ｏａｓｉｓＲｕｕ,サービス,理容・美容業,5%
沖縄県,糸満市,マクドナルド糸満店,サービス,飲食業,2%
沖縄県,糸満市,又吉タクシー,サービス,運輸業,5%
沖縄県,糸満市,松江タクシー,サービス,運輸業,5%
沖縄県,糸満市,?ＴＡＸＩ,サービス,運輸業,5%
沖縄県,糸満市,マルサンランドリー サンエー糸満店,サービス,その他サービス,5%
沖縄県,糸満市,マルサンランドリー サンエー西崎店,サービス,その他サービス,5%
沖縄県,糸満市,マルサンランドリー 潮崎シティ店,サービス,その他サービス,5%
沖縄県,糸満市,丸大糸満店,小売業,食料品,5%
沖縄県,糸満市,宮脇書店 糸満店,小売業,書籍・玩具・音楽ＣＤ,5%
沖縄県,糸満市,ｍｅｒ．,小売業,衣料品,5%
沖縄県,糸満市,やちむん工房結,サービス,その他サービス,5%
沖縄県,糸満市,やど有,サービス,その他サービス,5%
沖縄県,糸満市,有限会社新垣洋らん園,小売業,その他小売,5%
沖縄県,糸満市,優美堂,小売業,その他小売,5%
沖縄県,糸満市,Ｌａｃｌｅｆ,サービス,理容・美容業,5%
沖縄県,糸満市,笑おう家,サービス,飲食業,5%
沖縄県,伊平屋村,ＪＡおきなわ伊平屋支店 経済課,小売業,その他小売,5%
沖縄県,伊平屋村,世界塩博物館 ＳＡＬＴ ＣＲＵＩＳＥ 世界塩博物館 ＳＡＬＴ ＣＲＵＩＳＥ,サービス,その他サービス,5%
沖縄県,伊平屋村,藤田食品 カフェフジタ,サービス,飲食業,5%
沖縄県,浦添市,アーチ浦添,サービス,運輸業,5%
沖縄県,浦添市,アイランド,サービス,その他サービス,5%
沖縄県,浦添市,アイレント本店,サービス,その他サービス,5%
沖縄県,浦添市,アンジェリィ,小売業,その他小売,5%
沖縄県,浦添市,ＡＮＧＥＬＱＵＥ．,サービス,理容・美容業,5%
沖縄県,浦添市,安全ガラス沖縄,サービス,その他サービス,5%
沖縄県,浦添市,一般社団法人ＮＯＡＨ,サービス,その他サービス,5%
沖縄県,浦添市,稲嶺整備センター,サービス,その他サービス,5%
沖縄県,浦添市,Ｗｉｄｅｅｐ,サービス,その他サービス,5%
沖縄県,浦添市,Ｖｅｎｔｏ ｄｅｌ ｓｕｄ,サービス,飲食業,5%
沖縄県,浦添市,ＶＯＳＴＯＫＰＯＰＵＰ,小売業,衣料品,5%
沖縄県,浦添市,ＶＯＳＴＯＫ,小売業,衣料品,5%
沖縄県,浦添市,出光浦西ＳＳ,小売業,ガソリンスタンド,2%
沖縄県,浦添市,エキスティックエピセンター株式会社,サービス,その他サービス,5%
沖縄県,浦添市,ｅｃｌａｉｒ,サービス,理容・美容業,5%
沖縄県,浦添市,エクロール,サービス,理容・美容業,5%
沖縄県,浦添市,Ｍ２ サンエー経塚シティ店,小売業,衣料品,5%
沖縄県,浦添市,ＥＭＯＮｂｙｋｍｄ,サービス,理容・美容業,5%
沖縄県,浦添市,ＬＨｅａｒｔ,サービス,その他サービス,5%
沖縄県,浦添市,ＯＡ事業部 アド・オフィス,小売業,電化製品,5%
沖縄県,浦添市,沖繩ヤクルト 牧港,小売業,食料品,5%
沖縄県,浦添市,温野菜浦添ピーズスクエア店,サービス,飲食業,2%
沖縄県,浦添市,回復整体リセット浦添,サービス,その他サービス,5%
沖縄県,浦添市,カットルームＰＡＰＡ ｓ,サービス,理容・美容業,5%
沖縄県,浦添市,株式会社ＩＨＡメディカルプラス,小売業,その他小売,5%
沖縄県,浦添市,株式会社東日産自動車,サービス,その他サービス,2%
沖縄県,浦添市,株）稲嶺整備センター,サービス,その他サービス,5%
沖縄県,浦添市,株式会社オキシマ・コーポレーション,小売業,その他小売,5%
沖縄県,浦添市,株式会社スリーエス,サービス,その他サービス,5%
沖縄県,浦添市,カラオケハウス とまと 浦西店,サービス,その他サービス,5%
沖縄県,浦添市,カレーハウスＣｏＣｏ壱番屋浦添バークレーズコート店,サービス,飲食業,2%
沖縄県,浦添市,河合塾マナビス浦添校,サービス,その他サービス,2%
沖縄県,浦添市,牛角バークレーズコート店,サービス,飲食業,2%
沖縄県,浦添市,京都屋クリーニング 浦西りうぼう店,サービス,その他サービス,5%
沖縄県,浦添市,京都屋クリーニング 大平りうぼう店,サービス,その他サービス,5%
沖縄県,浦添市,Ｃｏｏ＆ＲＩＫＵ沖縄浦添店,小売業,その他小売,5%
沖縄県,浦添市,くもん式浦添伊祖教室,サービス,その他サービス,2%
沖縄県,浦添市,ＧＲＥＥＮ,サービス,理容・美容業,5%
沖縄県,浦添市,大賀薬局 グリーンドラッグ 伊祖店,小売業,その他小売,5%
沖縄県,浦添市,グリーンドラッグ 伊祖店,小売業,その他小売,5%
沖縄県,浦添市,合同会社ミリオンズ,サービス,その他サービス,5%
沖縄県,浦添市,コープ牧港,小売業,食料品,5%
沖縄県,浦添市,個人ｔａｘｉ５７２,サービス,運輸業,5%
沖縄県,浦添市,ＧｏｌｆＡｉｄ,小売業,その他小売,5%
沖縄県,浦添市,ザウエストフィールドカフェ,サービス,飲食業,5%
沖縄県,浦添市,酒＆業務スーパー浦添店,小売業,食料品,2%
沖縄県,浦添市,ザップス北那覇店,サービス,その他サービス,5%
沖縄県,浦添市,サンセ－ル前田ＳＳ,小売業,ガソリンスタンド,2%
沖縄県,浦添市,サンセール屋富祖ＳＳ,小売業,ガソリンスタンド,2%
沖縄県,浦添市,ＪＡおきなわ浦添支店 経済課,小売業,その他小売,5%
沖縄県,浦添市,シマコーポレーション 茨木店,小売業,家具・調度品,5%
沖縄県,浦添市,シマコーポレーション 門真店,小売業,家具・調度品,5%
沖縄県,浦添市,シマコーポレーション 中環八尾店,小売業,家具・調度品,5%
沖縄県,浦添市,シマコーポレーション 豊中店,小売業,家具・調度品,5%
沖縄県,浦添市,シマコーポレーション 守口店,小売業,家具・調度品,5%
沖縄県,浦添市,シマコーポレーション本部,小売業,その他小売,5%
沖縄県,浦添市,ＳＨＩＭＡ ＤＥＮＩＭ ＷＯＲＫＳ,小売業,衣料品,5%
沖縄県,浦添市,ジミー 浦添店,小売業,食料品,5%
沖縄県,浦添市,ｓｗｉｍｍｙ 【スイミー】,サービス,理容・美容業,5%
沖縄県,浦添市,ＳｕｐｅｒＣｌｅａｎｉｎｇ,サービス,その他サービス,5%
沖縄県,浦添市,青雲タクシー,サービス,運輸業,5%
沖縄県,浦添市,セイモリ電器浦添店,小売業,電化製品,5%
沖縄県,浦添市,セルフ浦添ＳＳ,小売業,ガソリンスタンド,2%
沖縄県,浦添市,セルフ浦添東ＳＳ,小売業,ガソリンスタンド,2%
沖縄県,浦添市,セルフ城間ＳＳ,小売業,ガソリンスタンド,2%
沖縄県,浦添市,大衆ビストロ ブルーノ,サービス,飲食業,5%
沖縄県,浦添市,タウンプラザかねひで 広栄店,小売業,食料品,5%
沖縄県,浦添市,タウンプラザかねひで パイプライン伊祖店,小売業,食料品,5%
沖縄県,浦添市,タウンプラザかねひで パイプライン内間店,小売業,食料品,5%
沖縄県,浦添市,タウンプラザかねひで 前田国際市場,小売業,食料品,5%
沖縄県,浦添市,タウンプラザかねひで 牧港店,小売業,食料品,5%
沖縄県,浦添市,タウンプラザかねひで 宮城店,小売業,食料品,5%
沖縄県,浦添市,タウンプラザかねひでパイプライン内,サービス,宿泊業,5%
沖縄県,浦添市,タウンプラザかねひでパイプライン伊,サービス,宿泊業,5%
沖縄県,浦添市,ＴＡＰＹ,サービス,飲食業,5%
沖縄県,浦添市,ＷＭＤＢＢＱ,サービス,飲食業,5%
沖縄県,浦添市,中央紫雲閣,サービス,その他サービス,5%
沖縄県,浦添市,株式会社中央ツーリスト 浦添店,サービス,その他サービス,5%
沖縄県,浦添市,てぃーぐすい,サービス,理容・美容業,5%
沖縄県,浦添市,仲西自動車サービスステーションダイハツ販,小売業,その他小売,5%
沖縄県,浦添市,南海部品商会浦添営業所,小売業,その他小売,5%
沖縄県,浦添市,ナンキュウ 那覇営業所,小売業,その他小売,5%
沖縄県,浦添市,西島動物病院,サービス,その他サービス,5%
沖縄県,浦添市,人情くるまや三和自動車株式会社,サービス,その他サービス,5%
沖縄県,浦添市,Ｈｉｇｈ Ｆｅｓｔａ,サービス,理容・美容業,5%
沖縄県,浦添市,Ｈｕｍｍｉｎｇ Ｂｉｒｄ,サービス,理容・美容業,5%
沖縄県,浦添市,はり灸サロンゆふ,サービス,理容・美容業,5%
沖縄県,浦添市,ビッグワン 城間店,小売業,その他小売,5%
沖縄県,浦添市,ＰｉｔｃｈａｎｄＳｌｏｗ,サービス,その他サービス,5%
沖縄県,浦添市,ｂｅａｕｔｙ ｂｅａｓｔ前田店,サービス,理容・美容業,5%
沖縄県,浦添市,美容室蘭らん,サービス,理容・美容業,5%
沖縄県,浦添市,ファミリーフォート ＭＶ伊祖店,サービス,その他サービス,5%
沖縄県,浦添市,ファミリーフォート 大名店,サービス,その他サービス,5%
沖縄県,浦添市,フィジカルサポートトワイル,サービス,理容・美容業,5%
沖縄県,浦添市,ブルックリンハウス 浦添店,サービス,飲食業,5%
沖縄県,浦添市,ヘアーサポートサロンアンベリール,サービス,理容・美容業,5%
沖縄県,浦添市,ｈａｉｒｍａｋｅ ｌｐｕｉａｓ,サービス,理容・美容業,5%
沖縄県,浦添市,ｈａｉｒｍａｋｅＬｉｔｔｌｅＧａｒｄｅｎ,サービス,理容・美容業,5%
沖縄県,浦添市,ＨａｉｒｒｅｓｏｒｔＤｉＤｉｕｎ,サービス,理容・美容業,5%
沖縄県,浦添市,Ｂｅｌｌａ Ｌｕｎａ浦添店,サービス,理容・美容業,5%
沖縄県,浦添市,北斗電器,小売業,電化製品,5%
沖縄県,浦添市,ポムアレー沖縄浦添店 ポムアレー沖縄浦添店,小売業,その他小売,5%
沖縄県,浦添市,ＭＡＸＩＭ ＯＫＩＮＡＷＡ,小売業,食料品,5%
沖縄県,浦添市,ＭＡＭＭＹ Ｓ ＣＡＦＥ ＵＮＪＯＵＲ 雑貨,サービス,飲食業,5%
沖縄県,浦添市,マルサンランドリー 浦城店,サービス,その他サービス,5%
沖縄県,浦添市,マルサンランドリー 浦添店,サービス,その他サービス,5%
沖縄県,浦添市,マルサンランドリー 浦西ジュニア店,サービス,その他サービス,5%
沖縄県,浦添市,マルサンランドリー サンエー浦西店,サービス,その他サービス,5%
沖縄県,浦添市,マルサンランドリー サンエー経塚シティ店,サービス,その他サービス,5%
沖縄県,浦添市,マルサンランドリー サンエー牧港店,サービス,その他サービス,5%
沖縄県,浦添市,マルサンランドリー サンエー宮城店,サービス,その他サービス,5%
沖縄県,浦添市,マルサンランドリー マチナト店,サービス,その他サービス,5%
沖縄県,浦添市,丸大勢理客店,小売業,食料品,5%
沖縄県,浦添市,みぃーかじ 浦添店,サービス,飲食業,5%
沖縄県,浦添市,ミ・ゼール牧港店,サービス,理容・美容業,5%
沖縄県,浦添市,ｍｉｍａｒ,サービス,理容・美容業,5%
沖縄県,浦添市,雅自動車サービス,サービス,その他サービス,5%
沖縄県,浦添市,宮脇書店 経塚シティ店,小売業,書籍・玩具・音楽ＣＤ,5%
沖縄県,浦添市,有限会社エレクトロニクスブレイン沖縄,小売業,電化製品,5%
沖縄県,浦添市,ランクレ浦添店,小売業,貴金属・服飾品,5%
沖縄県,浦添市,ＲＥ：ＡＬＬＹ経塚シティ店,小売業,衣料品,5%
沖縄県,浦添市,リハーサルサロンエンシア,サービス,その他サービス,5%
沖縄県,浦添市,リラクゼーション＆マタニティケアサロンａ＋,サービス,理容・美容業,5%
沖縄県,浦添市,リンパ療法サロンｍａｎｏ＊ｍａｎｏ,サービス,理容・美容業,5%
沖縄県,浦添市,ＬＯＫＡＨＩ,サービス,理容・美容業,5%
沖縄県,浦添市,木もれび,サービス,飲食業,5%
沖縄県,うるま市,Ｉ－ＣＥＮＴ,サービス,その他サービス,5%
沖縄県,うるま市,アイノン,サービス,その他サービス,5%
沖縄県,うるま市,ＩＳＬＡＮＤＲＥＳＯＲＴ７６,サービス,その他サービス,5%
沖縄県,うるま市,アイレント中部店,サービス,その他サービス,5%
沖縄県,うるま市,Ｉｔａｌｉａ ＢＡＲ Ａｍｅｌｉａ,サービス,飲食業,5%
沖縄県,うるま市,池武当新垣三線店うるま店,小売業,書籍・玩具・音楽ＣＤ,5%
沖縄県,うるま市,一心,サービス,飲食業,5%
沖縄県,うるま市,出光港ＳＳ,小売業,ガソリンスタンド,2%
沖縄県,うるま市,江戸飯 つきの,サービス,飲食業,5%
沖縄県,うるま市,Ｍ２ サンエー具志川メインシティ店,小売業,衣料品,5%
沖縄県,うるま市,沖繩ヤクルト 石川営業所,小売業,食料品,5%
沖縄県,うるま市,沖繩ヤクルト うるま,小売業,食料品,5%
沖縄県,うるま市,ｏｔａｍａ,小売業,食料品,5%
沖縄県,うるま市,オートガレージウィング,サービス,その他サービス,5%
沖縄県,うるま市,Ｃａｓａｇａｒｄｅｎ,サービス,宿泊業,5%
沖縄県,うるま市,カーズ・マックス,サービス,その他サービス,5%
沖縄県,うるま市,カーボディ タカセ,サービス,その他サービス,5%
沖縄県,うるま市,開成 泡瀬営業所,サービス,その他サービス,5%
沖縄県,うるま市,カフェ＆居酒屋 琉球くらしっく,サービス,飲食業,5%
沖縄県,うるま市,株式会社丸中商会,小売業,その他小売,5%
沖縄県,うるま市,カラオケハウスとまと 石川店,サービス,その他サービス,5%
沖縄県,うるま市,カラオケハウスとまと 具志川店,サービス,その他サービス,5%
沖縄県,うるま市,カレーハウスＣｏＣｏ壱番屋沖縄石川店,サービス,飲食業,2%
沖縄県,うるま市,キャプテンズグループ,サービス,飲食業,5%
沖縄県,うるま市,Ｇａｌｌｅｒｙはらいそ,サービス,その他サービス,5%
沖縄県,うるま市,牛角うるま石川店,サービス,飲食業,2%
沖縄県,うるま市,京都屋クリーニング ＭＶ石川店,サービス,その他サービス,5%
沖縄県,うるま市,京都屋クリーニング ＭＶ屋慶名店,サービス,その他サービス,5%
沖縄県,うるま市,業務スーパー石川店,小売業,食料品,2%
沖縄県,うるま市,具志川園芸センター,小売業,その他小売,5%
沖縄県,うるま市,ＫＥＮＩＣＨＩＴＡＸＩ,サービス,運輸業,5%
沖縄県,うるま市,コートハウスＫ,サービス,その他サービス,5%
沖縄県,うるま市,個人タクシー,サービス,運輸業,5%
沖縄県,うるま市,ザ・ホワイトリーフ,サービス,宿泊業,5%
沖縄県,うるま市,さかな居酒屋みらの,サービス,飲食業,5%
沖縄県,うるま市,ＳａｌｏｎｄｅＭｕ－ｓｅ,サービス,理容・美容業,5%
沖縄県,うるま市,Ｓｕｎｓｔａｃｈｅ Ｃｏｆｆｅｅ,サービス,飲食業,5%
沖縄県,うるま市,ｊｉｉ,小売業,衣料品,5%
沖縄県,うるま市,ＪＡおきなわ石川支店 経済課,小売業,その他小売,5%
沖縄県,うるま市,ＪＡおきなわ伊波出張所,小売業,その他小売,5%
沖縄県,うるま市,ＪＡおきなわ豊原支店,小売業,その他小売,5%
沖縄県,うるま市,ジミー あげな店,小売業,食料品,5%
沖縄県,うるま市,ジミー うるま店,小売業,食料品,5%
沖縄県,うるま市,しゃぶ右衛門 うるまみどり町店,サービス,飲食業,5%
沖縄県,うるま市,シーランド うるま店,小売業,その他小売,5%
沖縄県,うるま市,ＳｍｉｌａｘＫｕｒｉｃｈｉ,サービス,その他サービス,5%
沖縄県,うるま市,せでゅーすレンタカー,サービス,その他サービス,5%
沖縄県,うるま市,セルフ兼原ＳＳ,小売業,ガソリンスタンド,2%
沖縄県,うるま市,タイムステーションＮＥＯイオン具志川店,小売業,貴金属・服飾品,5%
沖縄県,うるま市,平良川ＳＳ,小売業,ガソリンスタンド,2%
沖縄県,うるま市,タウンプラザかねひで あげな店,小売業,食料品,5%
沖縄県,うるま市,タウンプラザかねひで ＡＢＬＯうるま市場,小売業,食料品,5%
沖縄県,うるま市,タウンプラザかねひで 石川店,小売業,食料品,5%
沖縄県,うるま市,タウンプラザかねひで 具志川店,小売業,食料品,5%
沖縄県,うるま市,タウンプラザかねひで 志林川店,小売業,食料品,5%
沖縄県,うるま市,タウンプラザかねひで 東恩納市場,小売業,食料品,5%
沖縄県,うるま市,タウンプラザかねひで よかつ阿麻和利市場,小売業,食料品,5%
沖縄県,うるま市,タウンプラザかねひで 与勝店,小売業,食料品,5%
沖縄県,うるま市,タウンプラザかねひで ＡＢＬＯうる,サービス,宿泊業,5%
沖縄県,うるま市,タウンプラザかねひで よかつ阿麻和,サービス,宿泊業,5%
沖縄県,うるま市,ｃｈａｍｏｃｈａｍｏ,小売業,衣料品,5%
沖縄県,うるま市,ｓａｌｏｎ∞ｃｈａｌｉｃｅｗｅｌｌ,サービス,理容・美容業,5%
沖縄県,うるま市,ちゅうらん,サービス,飲食業,5%
沖縄県,うるま市,ＴＫＴＡＸＩ,サービス,運輸業,5%
沖縄県,うるま市,Ｔｉｐ ｔｏｐ,サービス,理容・美容業,5%
沖縄県,うるま市,天願ＳＳ,小売業,ガソリンスタンド,2%
沖縄県,うるま市,電遊館くだか,小売業,電化製品,5%
沖縄県,うるま市,ＴＯＰフクハラ,小売業,電化製品,5%
沖縄県,うるま市,ドラッグストアＣｏｎ,小売業,その他小売,5%
沖縄県,うるま市,ぬちうなー ショップ,小売業,その他小売,5%
沖縄県,うるま市,パナハート石川店,小売業,電化製品,5%
沖縄県,うるま市,パナハート平良川店,小売業,電化製品,5%
沖縄県,うるま市,パナハートちばな店,小売業,電化製品,5%
沖縄県,うるま市,パワーバンド,小売業,その他小売,5%
沖縄県,うるま市,ひが家具 与那原店,小売業,家具・調度品,5%
沖縄県,うるま市,ｂｉｔｔｅｒ ｓｕｇａｒ,小売業,食料品,5%
沖縄県,うるま市,ビッグワン みどり町店,小売業,その他小売,5%
沖縄県,うるま市,ファミリーフォート ＭＶ田場店,サービス,その他サービス,5%
沖縄県,うるま市,ｐｒｉｖａｔｅｓａｌｏｎＰｉｋａ,サービス,理容・美容業,5%
沖縄県,うるま市,ブルーカフェゲストハウス,サービス,飲食業,5%
沖縄県,うるま市,ブンリンドー 具志川メインシティ店,小売業,その他小売,5%
沖縄県,うるま市,ホテル浜比嘉島リゾート,サービス,宿泊業,5%
沖縄県,うるま市,ポポロポイントウインドサーフィン,小売業,その他小売,5%
沖縄県,うるま市,ＭＡＩＮＡＮＡ－ＲｅｌａｘａｔｉｏｎＲｏｏｍ－,サービス,理容・美容業,5%
沖縄県,うるま市,マクドナルド安慶名店,サービス,飲食業,2%
沖縄県,うるま市,マクドナルド具志川イオン店,サービス,飲食業,2%
沖縄県,うるま市,マクドナルド具志川店,サービス,飲食業,2%
沖縄県,うるま市,マクドナルド具志川メインシテイ店,サービス,飲食業,2%
沖縄県,うるま市,マクドナルド与勝サンエー店,サービス,飲食業,2%
沖縄県,うるま市,マルサンランドリー サンエー石川店,サービス,その他サービス,5%
沖縄県,うるま市,マルサンランドリー サンエー具志川メインシティ店,サービス,その他サービス,5%
沖縄県,うるま市,マルサンランドリー サンエー田場店,サービス,その他サービス,5%
沖縄県,うるま市,マルサンランドリー サンエー東恩納店,サービス,その他サービス,5%
沖縄県,うるま市,マルサンランドリー サンエー与勝シティ店,サービス,その他サービス,5%
沖縄県,うるま市,みぃーかじ,サービス,飲食業,5%
沖縄県,うるま市,ｍｉｍｉｆｌｅｕｒ,サービス,理容・美容業,5%
沖縄県,うるま市,有限会社宮城ミート,小売業,食料品,5%
沖縄県,うるま市,宮脇書店 うるま店,小売業,書籍・玩具・音楽ＣＤ,5%
沖縄県,うるま市,宮脇書店 具志川店,小売業,書籍・玩具・音楽ＣＤ,5%
沖縄県,うるま市,スウィート・エム株式会社,サービス,その他サービス,5%
沖縄県,うるま市,山内タクシー,サービス,運輸業,5%
沖縄県,うるま市,有限会社兼城自動車整備工場,サービス,その他サービス,5%
沖縄県,うるま市,有限会社中部三共電機,サービス,その他サービス,5%
沖縄県,うるま市,有限会社ワコー貿易,小売業,衣料品,5%
沖縄県,うるま市,４１３はまひがホテル＆カフェ,サービス,飲食業,5%
沖縄県,うるま市,ライフ電子,小売業,電化製品,5%
沖縄県,うるま市,ＬＡＢＯ みどり町店,小売業,衣料品,5%
沖縄県,うるま市,リシェリエ具志川メインシティ店,小売業,衣料品,5%
沖縄県,うるま市,ｒｅｌａｘｉｎｇ ３３,サービス,その他サービス,5%
沖縄県,うるま市,ＬｉＬｉａ サンエー具志川メインシティ,小売業,衣料品,5%
沖縄県,うるま市,ＬＵＣＩＤＯ ＳＴＹＬＥ ＪＡＰＡＮ,サービス,理容・美容業,5%
沖縄県,大宜味村,やきものいちば,サービス,その他サービス,5%
沖縄県,沖縄市,ＡｒｃａｄｅＲｅｓｏｒｔＯｋｉｎａｗａＨｏｔｅｌ＆Ｃａｆｅ,サービス,その他サービス,5%
沖縄県,沖縄市,あがりんて～ら～ｗｉｔｈｈａｐｐｙ,小売業,衣料品,5%
沖縄県,沖縄市,アクティブリース,サービス,その他サービス,5%
沖縄県,沖縄市,ＡｔｈｌｅｔｅＶｉｌｌａｇｅ沖縄,サービス,その他サービス,5%
沖縄県,沖縄市,Ａｐｐｌｅ製Ｍａｃ修理相談所,小売業,電化製品,5%
沖縄県,沖縄市,泡瀬ＳＳ,小売業,ガソリンスタンド,2%
沖縄県,沖縄市,イエローボックス,サービス,その他サービス,5%
沖縄県,沖縄市,生け簀の銀次 泡瀬店,サービス,飲食業,5%
沖縄県,沖縄市,居酒屋ゴヤイチ,サービス,飲食業,5%
沖縄県,沖縄市,居酒屋平松,サービス,飲食業,5%
沖縄県,沖縄市,居酒屋もり花,サービス,飲食業,5%
沖縄県,沖縄市,出光グランドＳＳ,小売業,ガソリンスタンド,2%
沖縄県,沖縄市,有限会社上原自動車,小売業,その他小売,5%
沖縄県,沖縄市,Ｓ＆Ｓファッションズジャパン,サービス,飲食業,5%
沖縄県,沖縄市,エポック カネシマ,小売業,電化製品,5%
沖縄県,沖縄市,オートメイクＲ,サービス,その他サービス,5%
沖縄県,沖縄市,沖縄市観光物産センター 店舗外,小売業,その他小売,5%
沖縄県,沖縄市,Ｔ．Ｔ,サービス,飲食業,5%
沖縄県,沖縄市,沖繩ヤクルト 泡瀬,小売業,食料品,5%
沖縄県,沖縄市,沖縄ロハス,小売業,その他小売,5%
沖縄県,沖縄市,お好み焼き工房やっぱ好きやねん,サービス,飲食業,5%
沖縄県,沖縄市,おつまみｄｉｎｉｎｇ Ｌａｒｉａ,サービス,飲食業,5%
沖縄県,沖縄市,ＯＭＮＩＶＡＳ,小売業,電化製品,5%
沖縄県,沖縄市,温野菜泡瀬ベイストリート店,サービス,飲食業,2%
沖縄県,沖縄市,カーポートよぎ,小売業,ガソリンスタンド,2%
沖縄県,沖縄市,開成 中部支店,サービス,その他サービス,5%
沖縄県,沖縄市,かぐら,サービス,運輸業,5%
沖縄県,沖縄市,かねしろ商店,サービス,飲食業,5%
沖縄県,沖縄市,ＣａｆｅＢａｒＡＢＣ,サービス,飲食業,5%
沖縄県,沖縄市,株式会社普久原楽器,小売業,書籍・玩具・音楽ＣＤ,5%
沖縄県,沖縄市,カレーハウスＣｏＣｏ壱番屋沖縄美里店,サービス,飲食業,2%
沖縄県,沖縄市,カレーハウスＣｏＣｏ壱番屋沖縄南インター店,サービス,飲食業,2%
沖縄県,沖縄市,ＧＩＧ ＳＴＵＤＩＯ 騒音舎,サービス,その他サービス,5%
沖縄県,沖縄市,キッチンのぎ,サービス,飲食業,5%
沖縄県,沖縄市,キッチンのぎ,サービス,飲食業,5%
沖縄県,沖縄市,牛角泡瀬店,サービス,飲食業,2%
沖縄県,沖縄市,牛角美里店,サービス,飲食業,2%
沖縄県,沖縄市,京都屋クリーニング コープ美里店,サービス,その他サービス,5%
沖縄県,沖縄市,京都屋クリーニング ＭＶ高原店,サービス,その他サービス,5%
沖縄県,沖縄市,業務スーパー泡瀬店,小売業,食料品,2%
沖縄県,沖縄市,業務スーパーコザ店,小売業,食料品,2%
沖縄県,沖縄市,金城オート,小売業,その他小売,5%
沖縄県,沖縄市,金城 ミュージック プロダクション,小売業,書籍・玩具・音楽ＣＤ,5%
沖縄県,沖縄市,クラウンホテル,サービス,宿泊業,5%
沖縄県,沖縄市,クラウンホテル アネックス,サービス,宿泊業,5%
沖縄県,沖縄市,ケーキハウス夢翔,小売業,食料品,5%
沖縄県,沖縄市,有限会社大和,サービス,その他サービス,5%
沖縄県,沖縄市,幸和ボディー,サービス,その他サービス,5%
沖縄県,沖縄市,コープ美里,小売業,食料品,5%
沖縄県,沖縄市,コープ山内,小売業,食料品,5%
沖縄県,沖縄市,ごーやー荘,サービス,宿泊業,5%
沖縄県,沖縄市,コザ会計事務所,サービス,その他サービス,5%
沖縄県,沖縄市,コザ酒楽ＥＢ,サービス,飲食業,5%
沖縄県,沖縄市,コザ中央ＳＳ,小売業,ガソリンスタンド,2%
沖縄県,沖縄市,古謝ハウス,サービス,その他サービス,5%
沖縄県,沖縄市,コバック沖縄店,サービス,その他サービス,5%
沖縄県,沖縄市,ごはん屋 デイリースプーン,サービス,飲食業,5%
沖縄県,沖縄市,コミックバスター沖縄知花店,サービス,その他サービス,2%
沖縄県,沖縄市,Ｃｏｎａｍｏｒ,小売業,衣料品,5%
沖縄県,沖縄市,ＴＨＥ ＧＲＡＣＥ,小売業,家具・調度品,5%
沖縄県,沖縄市,さきはま化粧品店,サービス,その他サービス,5%
沖縄県,沖縄市,サンシー 知花店,小売業,家具・調度品,5%
沖縄県,沖縄市,シードリーフ合同会社,サービス,その他サービス,5%
沖縄県,沖縄市,ジミー 泡瀬店,小売業,食料品,5%
沖縄県,沖縄市,ジミー 美里店,小売業,食料品,5%
沖縄県,沖縄市,シャディ沖縄 泡瀬店,小売業,その他小売,5%
沖縄県,沖縄市,ＪＩＮＴＡＸＩ,サービス,運輸業,5%
沖縄県,沖縄市,助さん・たくさん,小売業,家具・調度品,5%
沖縄県,沖縄市,Ｓｐａｊｅｍｐｉｒｉｎｇ,サービス,理容・美容業,5%
沖縄県,沖縄市,整体院 琉花,サービス,その他サービス,5%
沖縄県,沖縄市,石鹸工房ラクッチーナ,小売業,その他小売,5%
沖縄県,沖縄市,せでゅーす★おーと,小売業,その他小売,5%
沖縄県,沖縄市,７ｔｈ Ｈｅａｖｅｎ Ｋｏｚａ,サービス,飲食業,5%
沖縄県,沖縄市,セルフ運動公園ＳＳ,小売業,ガソリンスタンド,2%
沖縄県,沖縄市,セルフ高原ＳＳ,小売業,ガソリンスタンド,2%
沖縄県,沖縄市,Ｔａａｍｉｉ．ｃｏｍ,サービス,その他サービス,5%
沖縄県,沖縄市,だいこんの花 美里店,サービス,飲食業,5%
沖縄県,沖縄市,ダイニング集,サービス,飲食業,5%
沖縄県,沖縄市,ＤｉｖｉｎｇＳｈｏｐＲｅ：Ｏｒｃａ,サービス,その他サービス,5%
沖縄県,沖縄市,タウンプラザかねひで 泡瀬店,小売業,食料品,5%
沖縄県,沖縄市,タウンプラザかねひで 越来店,小売業,食料品,5%
沖縄県,沖縄市,タウンプラザかねひで コザ十字路店,小売業,食料品,5%
沖縄県,沖縄市,タウンプラザかねひで 高原店,小売業,食料品,5%
沖縄県,沖縄市,タウンプラザかねひで 照屋店,小売業,食料品,5%
沖縄県,沖縄市,タウンプラザかねひで 登川店,小売業,食料品,5%
沖縄県,沖縄市,タウンプラザかねひで 比屋根市場,小売業,食料品,5%
沖縄県,沖縄市,タウンプラザかねひで プラザハウス店,小売業,食料品,5%
沖縄県,沖縄市,タウンプラザかねひで 美里市場,小売業,食料品,5%
沖縄県,沖縄市,タウンプラザかねひで 諸見店,小売業,食料品,5%
沖縄県,沖縄市,タウンプラザかねひで 山内市場,小売業,食料品,5%
沖縄県,沖縄市,ＤＡＺＺＬＥ ＯＫＩＮＡＷＡ,サービス,飲食業,5%
沖縄県,沖縄市,脱毛専門店ＣＲＥＡ泡瀬店,サービス,理容・美容業,5%
沖縄県,沖縄市,株式会社中部鋼材,小売業,家具・調度品,5%
沖縄県,沖縄市,中部支店ＳＳ,小売業,ガソリンスタンド,2%
沖縄県,沖縄市,合同会社ちむわざデイサービスちむわざ,サービス,その他サービス,5%
沖縄県,沖縄市,Ｔｅｑｕｉｌａ Ｂａｒ＆Ｇｒｉｌｌ,サービス,飲食業,5%
沖縄県,沖縄市,照屋楽器店,小売業,その他小売,5%
沖縄県,沖縄市,電遊館・かようだ,小売業,電化製品,5%
沖縄県,沖縄市,ＴＯＤＡＹ Ｏ！Ｋ,小売業,家具・調度品,5%
沖縄県,沖縄市,合名会社東宝タクシー,サービス,運輸業,5%
沖縄県,沖縄市,トヨタレンタリース沖縄中部店,サービス,その他サービス,2%
沖縄県,沖縄市,仲松商事 店舗,小売業,食料品,5%
沖縄県,沖縄市,仲松商事店舗,小売業,その他小売,5%
沖縄県,沖縄市,ナンキュウ 海邦営業所,小売業,その他小売,5%
沖縄県,沖縄市,ナンキュウ沖縄営業所,小売業,その他小売,5%
沖縄県,沖縄市,西島テレビ店,小売業,電化製品,5%
沖縄県,沖縄市,ＮｅｗｔｒａＬｈａｉｒｗｏｒｋｓ,サービス,理容・美容業,5%
沖縄県,沖縄市,株式会社ＦＵＦＵＹＡ,サービス,理容・美容業,5%
沖縄県,沖縄市,ネイルサロンＪＡＨＦＲＩＣＡＮ,サービス,理容・美容業,5%
沖縄県,沖縄市,ネイルサロン ＪＡＨＦＲＩＣＡＮ,サービス,理容・美容業,5%
沖縄県,沖縄市,Ｂｕｒｇｅｒ Ｗｏｌｆ,サービス,飲食業,5%
沖縄県,沖縄市,パイウォーターのお店 ありがとう水,小売業,食料品,5%
沖縄県,沖縄市,パナハート宮里店,小売業,電化製品,5%
沖縄県,沖縄市,パナハート諸見店,小売業,電化製品,5%
沖縄県,沖縄市,パナハウスハッピー,小売業,電化製品,5%
沖縄県,沖縄市,シロアリ防除サービスパワーズ,サービス,その他サービス,5%
沖縄県,沖縄市,バンブーカフェ,サービス,飲食業,5%
沖縄県,沖縄市,Ｂ．Ｃ．ＵＳＥＤＣＡＲＳ 知花工場,サービス,理容・美容業,5%
沖縄県,沖縄市,ビジュアル,サービス,理容・美容業,5%
沖縄県,沖縄市,ビッグワン,小売業,その他小売,5%
沖縄県,沖縄市,ビッグワン 泡瀬店,小売業,その他小売,5%
沖縄県,沖縄市,ビッグワン 美里店,小売業,その他小売,5%
沖縄県,沖縄市,ビッグワン 山内店,小売業,その他小売,5%
沖縄県,沖縄市,美肌脱毛専門店パールプラス泡瀬店,サービス,理容・美容業,5%
沖縄県,沖縄市,Ｂｅａｕｔｙ＆ＴｈｅｒａｐｙＧｒｅｙ,サービス,理容・美容業,5%
沖縄県,沖縄市,ファストストア ジップマート 美原店,小売業,食料品,5%
沖縄県,沖縄市,ファミリーフォート ＭＶ泡瀬店,サービス,その他サービス,5%
沖縄県,沖縄市,ファミリーフォート ＭＶ知花店,サービス,その他サービス,5%
沖縄県,沖縄市,ＴｏｔａｌＢｅａｕｔｙＬａｂ．Я∞Ｔ,サービス,理容・美容業,5%
沖縄県,沖縄市,プリモキッチン 美里店,サービス,飲食業,5%
沖縄県,沖縄市,ＢＰ池原ＳＳ,小売業,ガソリンスタンド,2%
沖縄県,沖縄市,フロントライン泡瀬,サービス,その他サービス,5%
沖縄県,沖縄市,ヘアーサロン エクラン,サービス,理容・美容業,5%
沖縄県,沖縄市,ヘアーサロンルート,サービス,理容・美容業,5%
沖縄県,沖縄市,ｂｒｉｌｌｉａｎｔ,サービス,理容・美容業,5%
沖縄県,沖縄市,Ｈａｉｒ Ｄｃｏ ＨａｉｒＤｃｏ,サービス,理容・美容業,5%
沖縄県,沖縄市,ヘアーラウンジ ジェンティーレ,サービス,理容・美容業,5%
沖縄県,沖縄市,ボディートータルサロンシャリーベイビー,サービス,理容・美容業,5%
沖縄県,沖縄市,ＨＯＴＥＬＳＨＡＬＡＬＡ,サービス,その他サービス,5%
沖縄県,沖縄市,マクドナルド泡瀬店,サービス,飲食業,2%
沖縄県,沖縄市,マクドナルド上地店,サービス,飲食業,2%
沖縄県,沖縄市,マクドナルドコザ十字路店,サービス,飲食業,2%
沖縄県,沖縄市,マクドナルド中の町サンエー店,サービス,飲食業,2%
沖縄県,沖縄市,マクドナルド登川店,サービス,飲食業,2%
沖縄県,沖縄市,ｍａｘｐｌｕｓ Ａｗａｓｅ,小売業,家具・調度品,5%
沖縄県,沖縄市,ママイクコ 沖縄,小売業,その他小売,5%
沖縄県,沖縄市,転勤族ママのためのおうちサロン,サービス,理容・美容業,5%
沖縄県,沖縄市,マルサン コープ山内店,サービス,その他サービス,5%
沖縄県,沖縄市,マルサンランドリー サンエー泡瀬店,サービス,その他サービス,5%
沖縄県,沖縄市,マルサンランドリー サンエー古謝店,サービス,その他サービス,5%
沖縄県,沖縄市,マルサンランドリー サンエー高原店,サービス,その他サービス,5%
沖縄県,沖縄市,マルサンランドリー サンエー知花店,サービス,その他サービス,5%
沖縄県,沖縄市,マルサンランドリー サンエー照屋店,サービス,その他サービス,5%
沖縄県,沖縄市,マルサンランドリー サンエー宮里店,サービス,その他サービス,5%
沖縄県,沖縄市,マルサンランドリー 中の町店,サービス,その他サービス,5%
沖縄県,沖縄市,美里資材センター,小売業,その他小売,5%
沖縄県,沖縄市,南の島のトマト農家ＶｉＶｉＡＮＡ,サービス,飲食業,5%
沖縄県,沖縄市,宮脇書店 中の町店,小売業,書籍・玩具・音楽ＣＤ,5%
沖縄県,沖縄市,宮脇書店 美里店,小売業,書籍・玩具・音楽ＣＤ,5%
沖縄県,沖縄市,みやんちＳＴＵＤＩＯＣＯＦＦＥＥ,サービス,飲食業,5%
沖縄県,沖縄市,メガネ工房 泡瀬店,小売業,その他小売,5%
沖縄県,沖縄市,八重島ＳＳ,小売業,ガソリンスタンド,2%
沖縄県,沖縄市,焼肉居酒屋カルビ大王,サービス,飲食業,5%
沖縄県,沖縄市,有限会社大和,サービス,その他サービス,5%
沖縄県,沖縄市,有限会社神田興産,小売業,その他小売,5%
沖縄県,沖縄市,有限会社タサトカメラ,小売業,電化製品,5%
沖縄県,沖縄市,ゆらり整体,サービス,その他サービス,5%
沖縄県,沖縄市,ＬＡ・ｓｔｕｄｉｏ,サービス,その他サービス,5%
沖縄県,沖縄市,ラ・プティプリ,小売業,衣料品,5%
沖縄県,沖縄市,ＬＩＧＨＴ ＨＯＵＳＥ,サービス,飲食業,5%
沖縄県,沖縄市,ＬＩＦＥキャリアサポート,サービス,その他サービス,5%
沖縄県,沖縄市,Ｌａｒｉａ,サービス,飲食業,5%
沖縄県,沖縄市,Ｒｅ－ＯＫ,小売業,家具・調度品,5%
沖縄県,沖縄市,琉球プロトコール協会,サービス,その他サービス,5%
沖縄県,沖縄市,Ｈｉｗａｌａｎｉ,サービス,その他サービス,5%
沖縄県,沖縄市,Ｒｅｈｂｅ沖縄,サービス,理容・美容業,5%
沖縄県,沖縄市,ＲＯＫＡＨＩＭＡＮＡ,サービス,理容・美容業,5%
沖縄県,恩納村,Ｅｍｉ?ｙｅｌｌ株式会社 Ａｎｊｅｌ ｃｌｕｂ ｏｋｉｎａｗａ,サービス,その他サービス,5%
沖縄県,恩納村,居食屋 おｊｉ?,サービス,飲食業,5%
沖縄県,恩納村,ＯＡＳＩＳ ＴＨＡＩ,サービス,飲食業,5%
沖縄県,恩納村,御菓子御殿 恩納店,小売業,その他小売,5%
沖縄県,恩納村,沖縄工芸村,サービス,その他サービス,5%
沖縄県,恩納村,沖縄工芸村,小売業,その他小売,5%
沖縄県,恩納村,オリエンタルヒルズ沖縄,サービス,宿泊業,5%
沖縄県,恩納村,恩納ＳＳ,小売業,ガソリンスタンド,2%
沖縄県,恩納村,おんなの駅『なかゆくい市場』,小売業,その他小売,5%
沖縄県,恩納村,貸別荘ほわいとはうす,サービス,宿泊業,5%
沖縄県,恩納村,カフェジ・トゥディ,サービス,飲食業,5%
沖縄県,恩納村,クリスタルイン恩納,サービス,宿泊業,5%
沖縄県,恩納村,コンドミニアムホテルしまんちゅクラブ,サービス,宿泊業,5%
沖縄県,恩納村,ザ・ペリドットスマートホテルタンチャワード,サービス,宿泊業,5%
沖縄県,恩納村,さく来奈,サービス,飲食業,5%
沖縄県,恩納村,サマーリゾート沖縄,サービス,その他サービス,5%
沖縄県,恩納村,皿の上の自然,サービス,飲食業,5%
沖縄県,恩納村,ｓｅａＨｅａｒｔ,サービス,飲食業,5%
沖縄県,恩納村,ＳｅａＢｒｅｅｚｅ,サービス,その他サービス,5%
沖縄県,恩納村,ＪＡおきなわ山田出張所,小売業,その他小売,5%
沖縄県,恩納村,島バーグと島カレー,サービス,飲食業,5%
沖縄県,恩納村,ジミー 大学院大学,小売業,食料品,5%
沖縄県,恩納村,純沖縄料理三線の花,サービス,飲食業,5%
沖縄県,恩納村,ステーキハウス８８恩納店,サービス,飲食業,5%
沖縄県,恩納村,ステーキハウスＮＡＫＡＭＡ,サービス,飲食業,5%
沖縄県,恩納村,スマイルファクトリー株式会社,サービス,その他サービス,5%
沖縄県,恩納村,寿味屋おんなの駅店,小売業,食料品,5%
沖縄県,恩納村,スリーピースオキナワ,サービス,その他サービス,5%
沖縄県,恩納村,Ｔ＆ＴＶＡＣＡＴＩＯＮＲＥＮＴＡＬＳ,サービス,その他サービス,5%
沖縄県,恩納村,タイガービーチリゾートクラブ,サービス,その他サービス,5%
沖縄県,恩納村,ＣｈｉｂｉＣｒｏｇａｒｄｅｎ,サービス,その他サービス,5%
沖縄県,恩納村,縱橫四海イーオーシャン,サービス,その他サービス,5%
沖縄県,恩納村,縱橫四海イーオーシャン,サービス,その他サービス,5%
沖縄県,恩納村,縦横四海イ－オシャン,サービス,その他サービス,5%
沖縄県,恩納村,ｎａｋａｄｏｍａｒｉ ｈｉｌｌｓ,サービス,宿泊業,5%
沖縄県,恩納村,南国ロッジ Ｂｏｏｙａ,サービス,宿泊業,5%
沖縄県,恩納村,南国ロッジＢｏｏｙａ,サービス,その他サービス,5%
沖縄県,恩納村,ＨＡＰＩＴＡＰＩ,サービス,飲食業,5%
沖縄県,恩納村,ハブボックス 恩納店,小売業,衣料品,5%
沖縄県,恩納村,Ｂｅａｃｈ Ｐｌｕｓ,サービス,宿泊業,5%
沖縄県,恩納村,ＢｅａｃｈＰｌｕｓ,サービス,その他サービス,5%
沖縄県,恩納村,ピンクマーリンクラブ,サービス,宿泊業,5%
沖縄県,恩納村,青の洞窟専門店ブルーオーシャン,サービス,その他サービス,5%
沖縄県,恩納村,ブルーリーフ,サービス,その他サービス,5%
沖縄県,恩納村,ブルーリンク,サービス,その他サービス,5%
沖縄県,恩納村,ホテルサンセットヒル,サービス,宿泊業,5%
沖縄県,恩納村,南恩納トロピカル,サービス,宿泊業,5%
沖縄県,恩納村,ムーンビーチパレスホテル,サービス,宿泊業,5%
沖縄県,恩納村,ＭＯＡＮＡＢＬＵＥ,サービス,その他サービス,5%
沖縄県,恩納村,焼肉ＤＲＥ×ＤＲＥ恩納村店,サービス,飲食業,5%
沖縄県,恩納村,ヤマダＳＳ,小売業,ガソリンスタンド,2%
沖縄県,恩納村,Ｌｉｖｅｆｉｓｈ ＯＫＩＮＡＷＡ,サービス,その他サービス,5%
沖縄県,恩納村,琉球村,小売業,その他小売,5%
沖縄県,恩納村,琉球焼肉ＮＡＫＡＭＡ,サービス,飲食業,5%
沖縄県,恩納村,ＷＩＲＥＳＨＯＴＥＬクリッパーオキナワベース,サービス,宿泊業,5%
沖縄県,嘉手納町,アルファダイブ沖縄,サービス,その他サービス,5%
沖縄県,嘉手納町,海あしび（海うさぎ丸）,サービス,その他サービス,5%
沖縄県,嘉手納町,かねひで ネーブルカデナ店,小売業,家具・調度品,5%
沖縄県,嘉手納町,カフェプラス,サービス,飲食業,5%
沖縄県,嘉手納町,カレーハウスＣｏＣｏ壱番屋沖縄嘉手納店,サービス,飲食業,2%
沖縄県,嘉手納町,ｓａｌｏｎ ＡＲＭＥＲＩＡ,サービス,その他サービス,5%
沖縄県,嘉手納町,ＪＡおきなわ嘉手納支店 経済課,小売業,その他小売,5%
沖縄県,嘉手納町,ジミー 嘉手納店,小売業,食料品,5%
沖縄県,嘉手納町,ＳＵＺＵＴＡＮ沖縄ネーブルカデナ店,小売業,衣料品,5%
沖縄県,嘉手納町,タウンプラザかねひで ネーブルカデナ店,小売業,食料品,5%
沖縄県,嘉手納町,タウンプラザかねひでネーブルカデナ,サービス,宿泊業,5%
沖縄県,嘉手納町,ＤＥＥＰＥＭＯＴＩＯＮ,サービス,その他サービス,5%
沖縄県,嘉手納町,パナハート嘉手納店,小売業,電化製品,5%
沖縄県,嘉手納町,パナプラザ ちねん,小売業,電化製品,5%
沖縄県,嘉手納町,マクドナルド５８号嘉手納店,サービス,飲食業,2%
沖縄県,嘉手納町,マルサンランドリー サンエー嘉手納店,サービス,その他サービス,5%
沖縄県,嘉手納町,マルサンランドリー サンエー水釜店,サービス,その他サービス,5%
沖縄県,嘉手納町,宮脇書店 嘉手納店,小売業,書籍・玩具・音楽ＣＤ,5%
沖縄県,北大東村,ハマユウ荘 うふあがり島,サービス,宿泊業,5%
沖縄県,北中城村,ｅｃｒｕ,小売業,衣料品,5%
沖縄県,北中城村,エステティックサロンフリーパス,サービス,理容・美容業,5%
沖縄県,北中城村,ＥｎｅＪｅｔ屋宜原ＳＳ,小売業,ガソリンスタンド,2%
沖縄県,北中城村,エポツクヤマデン,小売業,電化製品,5%
沖縄県,北中城村,Ａｕｇｕｓｐａ,サービス,理容・美容業,5%
沖縄県,北中城村,ｃａｆｅ＆ｚａｋｋａ Ｊａｍ,サービス,飲食業,5%
沖縄県,北中城村,究極の痩身ふわり☆゜,サービス,理容・美容業,5%
沖縄県,北中城村,ガラス工房ブンタロウ,サービス,その他サービス,5%
沖縄県,北中城村,ＳＡＮＫＡＫＵ,小売業,衣料品,5%
沖縄県,北中城村,サンセール和仁屋ＳＳ,小売業,ガソリンスタンド,2%
沖縄県,北中城村,ずけらん東ＳＳ,小売業,ガソリンスタンド,2%
沖縄県,北中城村,ｓｐａ Ｆａｒｈａｎａ,サービス,その他サービス,5%
沖縄県,北中城村,中央ツーリスト イオンモール沖縄ライカム店,サービス,その他サービス,5%
沖縄県,北中城村,ｔｅｎ,小売業,衣料品,5%
沖縄県,北中城村,中村洋装,小売業,衣料品,5%
沖縄県,北中城村,パティスリーフェアリー,小売業,食料品,5%
沖縄県,北中城村,ＢａｍＢｏｏＣａｆｅ,サービス,飲食業,5%
沖縄県,北中城村,ＦＩＦＴＨ ＳＯＮ,サービス,飲食業,5%
沖縄県,北中城村,福くる里学,サービス,飲食業,5%
沖縄県,北中城村,Ｐｒｉｎｃｅｓｓ Ｐａｒｔｙ,小売業,貴金属・服飾品,5%
沖縄県,北中城村,マクドナルドイオンモール沖縄ライカム店,サービス,飲食業,2%
沖縄県,北中城村,マクドナルド３３０瑞慶覧店,サービス,飲食業,2%
沖縄県,北中城村,ライカムレンタカー,サービス,その他サービス,5%
沖縄県,宜野座村,あしぴぎのざ,サービス,その他サービス,5%
沖縄県,宜野座村,エステサロン?ＳＨＡＮＤＥＥＬ?,サービス,理容・美容業,5%
沖縄県,宜野座村,ＯＲＤＮＡＮＣＥＴＡＣＴＩＣＡＬ,小売業,その他小売,5%
沖縄県,宜野座村,沖繩ヤクルト ぎのざ,小売業,食料品,5%
沖縄県,宜野座村,ファストストア ジップマート 宜野座店,小売業,食料品,5%
沖縄県,宜野座村,カフェ タンデム,サービス,飲食業,5%
沖縄県,宜野座村,宜野座村観光拠点施設 観光案内所,小売業,その他小売,5%
沖縄県,宜野座村,喰遊,サービス,飲食業,5%
沖縄県,宜野座村,車えびレストラン球屋,サービス,飲食業,5%
沖縄県,宜野座村,ジップマート宜野座店,小売業,食料品,5%
沖縄県,宜野座村,ｚｕｃｃｈｅｒｏ,サービス,飲食業,5%
沖縄県,宜野座村,Ｂ＆Ｂ タンデム,サービス,宿泊業,5%
沖縄県,宜野座村,リブマックスアムス・カンナリゾートヴィラ,サービス,宿泊業,5%
沖縄県,宜野湾市,あいあいケータリング沖縄,サービス,飲食業,5%
沖縄県,宜野湾市,アクティブリース 宜野湾店,サービス,その他サービス,5%
沖縄県,宜野湾市,ＡｐｉｓＩｎｔｅｒｎａｔｉｏｎａｌ,サービス,その他サービス,5%
沖縄県,宜野湾市,アピスレンタカー,サービス,その他サービス,5%
沖縄県,宜野湾市,ＡｍｅｒｉｃａｎＨｏｕｓｅ Ｋ１１３,サービス,宿泊業,5%
沖縄県,宜野湾市,アロカシアヴィンテージ,小売業,衣料品,5%
沖縄県,宜野湾市,あんじゅ動物病院,サービス,その他サービス,5%
沖縄県,宜野湾市,伊佐ＳＳ,小売業,ガソリンスタンド,2%
沖縄県,宜野湾市,宗像堂,サービス,飲食業,5%
沖縄県,宜野湾市,Ｖｉｖｒｅ Ｏｋｉｎａｗａ,小売業,食料品,5%
沖縄県,宜野湾市,上原ＳＳ,小売業,ガソリンスタンド,2%
沖縄県,宜野湾市,詩,サービス,理容・美容業,5%
沖縄県,宜野湾市,ＡＩＲＳＯＦＴ９７,サービス,その他サービス,5%
沖縄県,宜野湾市,ＨＩＤ・ＡＱＲＯＳ沖縄,小売業,その他小売,5%
沖縄県,宜野湾市,エステＲｏｏｍ ａ．ｍ,サービス,理容・美容業,5%
沖縄県,宜野湾市,エポツク１０１,小売業,電化製品,5%
沖縄県,宜野湾市,エポツク ナカムラ,小売業,電化製品,5%
沖縄県,宜野湾市,ＭＭ．ｅｌａ．,サービス,その他サービス,5%
沖縄県,宜野湾市,ＥＬＩＴＥｏｆＢｏｄｙ,サービス,その他サービス,5%
沖縄県,宜野湾市,ゑんぴつ堂,小売業,その他小売,5%
沖縄県,宜野湾市,沖縄不動産ＧＯＩＮＧ株式会社 沖縄不動産ＧＯＩＮＧ 株,サービス,その他サービス,5%
沖縄県,宜野湾市,沖繩ヤクルト はにんす健康館,小売業,食料品,5%
沖縄県,宜野湾市,沖繩ヤクルト 宜野湾,小売業,食料品,5%
沖縄県,宜野湾市,沖縄ランドセル社,小売業,衣料品,5%
沖縄県,宜野湾市,沖縄料理としゃぶしゃぶのお店赤瓦,サービス,飲食業,5%
沖縄県,宜野湾市,開成 宜野湾支店,サービス,その他サービス,5%
沖縄県,宜野湾市,ガクアルベース,サービス,その他サービス,5%
沖縄県,宜野湾市,カットハウスＫ,サービス,理容・美容業,5%
沖縄県,宜野湾市,株式会社 かりゆし・２１,小売業,家具・調度品,5%
沖縄県,宜野湾市,株式会社Ｃａｌｏｒｉａ,サービス,その他サービス,5%
沖縄県,宜野湾市,株式会社フレイム,サービス,その他サービス,5%
沖縄県,宜野湾市,カラオケハウス とまと 宜野湾店,サービス,その他サービス,5%
沖縄県,宜野湾市,カレーハウスＣｏＣｏ壱番屋ラウンドワン宜野湾店,サービス,飲食業,2%
沖縄県,宜野湾市,宜野湾ファーマーズマーケットはごろも市場,小売業,食料品,5%
沖縄県,宜野湾市,株式会社フランクスピード,サービス,その他サービス,5%
沖縄県,宜野湾市,牛角宜野湾店,サービス,飲食業,2%
沖縄県,宜野湾市,京都屋クリーニング ユニオン新城店,サービス,その他サービス,5%
沖縄県,宜野湾市,業務スーパー宜野湾愛知店,小売業,食料品,2%
沖縄県,宜野湾市,きりんカメラ,小売業,その他小売,5%
沖縄県,宜野湾市,孔雀樓,サービス,飲食業,5%
沖縄県,宜野湾市,紅陽庵,サービス,理容・美容業,5%
沖縄県,宜野湾市,ｋｏｋｕａ,サービス,理容・美容業,5%
沖縄県,宜野湾市,ゴフェルダイブ沖縄,サービス,その他サービス,5%
沖縄県,宜野湾市,ｃｏｍ－ｐｌａｃｅ,サービス,飲食業,5%
沖縄県,宜野湾市,サキナビューティーラウンジ沖縄,小売業,その他小売,5%
沖縄県,宜野湾市,ＳａｌｏｎｄｅＡＲＩＳＡ,サービス,理容・美容業,5%
沖縄県,宜野湾市,ｚａｗａｎ２４,サービス,その他サービス,5%
沖縄県,宜野湾市,サンシー 宜野湾店,小売業,家具・調度品,5%
沖縄県,宜野湾市,さんしんの松田,小売業,書籍・玩具・音楽ＣＤ,5%
沖縄県,宜野湾市,サンセール大山ＳＳ,小売業,ガソリンスタンド,2%
沖縄県,宜野湾市,サンフレンドナガタ,サービス,その他サービス,5%
沖縄県,宜野湾市,Ｇｗａｖｅ Ｃａｆｅ,サービス,飲食業,5%
沖縄県,宜野湾市,Ｇｗａｖｅ Ｃａｆｅ Ｒｙｕｋｙｕ Ｉｎｔｅｒａｃｔｉｖｅ本社店,サービス,飲食業,5%
沖縄県,宜野湾市,ＪＡグリーン我如古店,小売業,その他小売,5%
沖縄県,宜野湾市,シーサータクシー,サービス,運輸業,5%
沖縄県,宜野湾市,ジミー 大山店,小売業,食料品,5%
沖縄県,宜野湾市,ジミー ファクトリーショップ,小売業,食料品,5%
沖縄県,宜野湾市,Ｊａｚｌｉｅ,サービス,理容・美容業,5%
沖縄県,宜野湾市,シャディ沖縄 普天間店,小売業,その他小売,5%
沖縄県,宜野湾市,しゃぶしゃぶ温野菜宜野湾店,サービス,飲食業,2%
沖縄県,宜野湾市,旬彩創作工房なかむら,サービス,飲食業,5%
沖縄県,宜野湾市,シーランド 宜野湾店,小売業,その他小売,5%
沖縄県,宜野湾市,シーランド 名護店,小売業,その他小売,5%
沖縄県,宜野湾市,シーランド 南風原店,小売業,その他小売,5%
沖縄県,宜野湾市,ＳＩＮＧＬＦＩＮ,サービス,宿泊業,5%
沖縄県,宜野湾市,ＳＫＩＤ－ＭＡＲＫｍｏｔｏｒｃｙｃｌｅｓｈｏｐ,小売業,その他小売,5%
沖縄県,宜野湾市,スターレンタリース,小売業,その他小売,5%
沖縄県,宜野湾市,スタジオＲａｄｉｓｈ,サービス,理容・美容業,5%
沖縄県,宜野湾市,ＳｍｉｌｅＦａｃｔｏｒｙ宜野湾店,サービス,その他サービス,5%
沖縄県,宜野湾市,大衆イタ飯酒場 あるべろぐらんで,サービス,飲食業,5%
沖縄県,宜野湾市,タウンプラザかねひで 沖国大前店,小売業,食料品,5%
沖縄県,宜野湾市,タウンプラザかねひで 宜野湾店,小売業,食料品,5%
沖縄県,宜野湾市,タウンプラザかねひでのだけ市場,小売業,食料品,5%
沖縄県,宜野湾市,タウンプラザかねひで 真志喜店,小売業,食料品,5%
沖縄県,宜野湾市,Ｄｒ．Ｄｒｉｖｅ 大久保ＳＳ,小売業,ガソリンスタンド,2%
沖縄県,宜野湾市,Ｄｒ．Ｄｒｉｖｅセルフ サンルート我如古ＳＳ,小売業,ガソリンスタンド,2%
沖縄県,宜野湾市,ｄｒｅａｍｉ,小売業,衣料品,5%
沖縄県,宜野湾市,とりの丸焼こけこっこハウス,サービス,飲食業,5%
沖縄県,宜野湾市,Ｎｉｇｈｔ Ａｎｇｅｌ,サービス,飲食業,5%
沖縄県,宜野湾市,ナンキュウ 宜野湾営業所,小売業,その他小売,5%
沖縄県,宜野湾市,ｎｉｃｏＴｏｔａｌＢｏｄｙＣａｒｅ,サービス,理容・美容業,5%
沖縄県,宜野湾市,ねいる。いまじね,サービス,その他サービス,5%
沖縄県,宜野湾市,バイクショップくえすと,小売業,その他小売,5%
沖縄県,宜野湾市,ブルームーン,サービス,その他サービス,5%
沖縄県,宜野湾市,はごろもＳＳ,小売業,ガソリンスタンド,2%
沖縄県,宜野湾市,ハッピーモア市場,小売業,食料品,5%
沖縄県,宜野湾市,パドルファクトリー,サービス,その他サービス,5%
沖縄県,宜野湾市,ＨＡＮＡｇｕｒｕｍａ,小売業,その他小売,5%
沖縄県,宜野湾市,花さく屋,小売業,その他小売,5%
沖縄県,宜野湾市,ピアノプラザ沖縄,小売業,その他小売,5%
沖縄県,宜野湾市,ｐｉｑｕｅｔｏｉｌｅ,サービス,理容・美容業,5%
沖縄県,宜野湾市,ビッグワン 宜野湾愛知店,小売業,その他小売,5%
沖縄県,宜野湾市,ひふみ税理士事務所,サービス,その他サービス,5%
沖縄県,宜野湾市,Ｈｙｇｇｅアジアンスパ＆ビューティー,サービス,理容・美容業,5%
沖縄県,宜野湾市,ファッションキャンディ メインプレイス店,小売業,食料品,5%
沖縄県,宜野湾市,Ｆａｖｏｒｉ,小売業,衣料品,5%
沖縄県,宜野湾市,ファミリーフォート 真志喜店,サービス,その他サービス,5%
沖縄県,宜野湾市,ファミリーフォート ユニオン普天間店,サービス,その他サービス,5%
沖縄県,宜野湾市,風来坊,サービス,飲食業,5%
沖縄県,宜野湾市,Ｆａｉｒ Ａｔｔｒａｃｔｉｏｎ’ｓ,サービス,飲食業,5%
沖縄県,宜野湾市,ｆａｉｒａｔｔｒａｃｔｉｏｎｓ＿ｃｏｆｆｅｅｓｔａｎｄ＿,サービス,飲食業,5%
沖縄県,宜野湾市,ブエノチキン普天間店,サービス,飲食業,5%
沖縄県,宜野湾市,ＦＬＡＰ ＣＯＦＦＥＥ 宜野湾店,サービス,飲食業,5%
沖縄県,宜野湾市,ＢＰ伊佐ＳＳ,小売業,ガソリンスタンド,2%
沖縄県,宜野湾市,ｈａｉｒ ｃｈｏｃｏｌａｎ,サービス,理容・美容業,5%
沖縄県,宜野湾市,Ｈａｉｒ＆Ｍａｋｅ Ｂｒｉｌｌｉ,サービス,理容・美容業,5%
沖縄県,宜野湾市,ベレール沖縄サロン,サービス,その他サービス,5%
沖縄県,宜野湾市,ＢｏｄｙＭａｋｅＳｔｕｄｉｏＡＲＲＯＷＳ,サービス,その他サービス,5%
沖縄県,宜野湾市,ホテル・ベースビュー真栄原,サービス,宿泊業,5%
沖縄県,宜野湾市,ｍａ＇ｏｎａ,小売業,衣料品,5%
沖縄県,宜野湾市,マウーシュ,小売業,衣料品,5%
沖縄県,宜野湾市,丸三 コンベンションシティ店,サービス,その他サービス,5%
沖縄県,宜野湾市,マルサンランドリー サンエー大山店,サービス,その他サービス,5%
沖縄県,宜野湾市,マルサンランドリー サンエー桜店,サービス,その他サービス,5%
沖縄県,宜野湾市,マルサンランドリー サンエー棚原店,サービス,その他サービス,5%
沖縄県,宜野湾市,マルサンランドリー サンエー長田店,サービス,その他サービス,5%
沖縄県,宜野湾市,マルサンランドリー サンエー普天間店,サービス,その他サービス,5%
沖縄県,宜野湾市,マルサンランドリー ユニオン宇地泊店,サービス,その他サービス,5%
沖縄県,宜野湾市,ＭＡＲＵＭＩＹＡ ＣＲＡＦＴＥＲ,サービス,飲食業,5%
沖縄県,宜野湾市,ＭＩＴＳＵタクシー,サービス,運輸業,5%
沖縄県,宜野湾市,宮脇書店 大山店,小売業,書籍・玩具・音楽ＣＤ,5%
沖縄県,宜野湾市,宮脇書店 宜野湾店,小売業,書籍・玩具・音楽ＣＤ,5%
沖縄県,宜野湾市,宮脇書店 コンベンションシティ店,小売業,書籍・玩具・音楽ＣＤ,5%
沖縄県,宜野湾市,ｍｏｕ,サービス,飲食業,5%
沖縄県,宜野湾市,ムラサキスポーツ 沖縄宜野湾店,小売業,その他小売,5%
沖縄県,宜野湾市,名刺センター宜野湾店,サービス,その他サービス,5%
沖縄県,宜野湾市,ＭＥＮ’Ｓ ＳＨＯＰ ＩＮＡＧＡＫＩ,小売業,貴金属・服飾品,5%
沖縄県,宜野湾市,麺処たかね,サービス,飲食業,5%
沖縄県,宜野湾市,Ｍｏｃａｌｏａ,サービス,理容・美容業,5%
沖縄県,宜野湾市,もぐもぐ食堂 ちいさなおやつカフェもぐもぐ,サービス,飲食業,5%
沖縄県,宜野湾市,安木屋 宜野湾店,小売業,その他小売,5%
沖縄県,宜野湾市,ＹＵＡＷｅｄｄｉｎｇ,サービス,その他サービス,5%
沖縄県,宜野湾市,有限会社 ニコニコ商事,小売業,電化製品,5%
沖縄県,宜野湾市,ＲＩＤＥＲ’Ｓ ＧＡＲＡＧＥ,サービス,飲食業,5%
沖縄県,宜野湾市,ラウンジＲｏｕｇｅ,サービス,飲食業,5%
沖縄県,宜野湾市,ラグナガーデンホテル バーラウンジ パドル,サービス,飲食業,5%
沖縄県,宜野湾市,ラジコンショップＳＩＲＯ,小売業,その他小売,5%
沖縄県,宜野湾市,リラクゼーションエステＭＯＲＥ,サービス,理容・美容業,5%
沖縄県,宜野湾市,Ｌｅｉ Ｈａｌｅ Ｏｋｉｎａｗａ,小売業,その他小売,5%
沖縄県,宜野湾市,レーゲンス,小売業,食料品,5%
沖縄県,宜野湾市,Ｒ．ｐｅｓ,サービス,飲食業,5%
沖縄県,宜野湾市,ワシテ,サービス,その他サービス,5%
沖縄県,金武町,アトム金武店,小売業,電化製品,5%
沖縄県,金武町,アトム電器伊芸店 株式会社Ｋくりえいと,小売業,電化製品,5%
沖縄県,金武町,ＥｎｅＪｅｔ伊芸ＳＳ,小売業,ガソリンスタンド,2%
沖縄県,金武町,開成 北部支店,サービス,その他サービス,5%
沖縄県,金武町,きん ドラッグ,小売業,その他小売,5%
沖縄県,金武町,クリアローズ,サービス,理容・美容業,5%
沖縄県,金武町,ＪＡおきなわ伊芸出張所,小売業,その他小売,5%
沖縄県,金武町,スポーツショップきんすぽ,小売業,その他小売,5%
沖縄県,金武町,タウンプラザかねひで 金武店,小売業,食料品,5%
沖縄県,金武町,ファミリーフォート 金武店,サービス,その他サービス,5%
沖縄県,金武町,ｒｉｃｈａｍｏｃｈａ ｃａｆｅ,サービス,飲食業,5%
沖縄県,金武町,株式会社ＫＳ貿易,小売業,家具・調度品,5%
沖縄県,国頭村,ＯＫＩＮＡＷＡ ＣＡＣＡＯ,小売業,食料品,5%
沖縄県,国頭村,奥間ＳＳ,小売業,ガソリンスタンド,2%
沖縄県,国頭村,ＣＡＭＰ ＨＥＮＴＯＮＡ ＬＯＵＮＧＥ,サービス,飲食業,5%
沖縄県,国頭村,ＪＡおきなわ国頭支店 経済課,小売業,その他小売,5%
沖縄県,国頭村,Ｍａｋｉ＇ｓｇｕｅｓｔｈｏｕｓｅへちま荘,サービス,その他サービス,5%
沖縄県,国頭村,山ねこ料理店,サービス,飲食業,5%
沖縄県,国頭村,山原工藝店,小売業,その他小売,5%
沖縄県,国頭村,ｙａｍｂａｒｕｂｌｕｅ,サービス,その他サービス,5%
沖縄県,国頭村,ＹＡＮＢＡＲＵ ＨＯＳＴＥＬ,サービス,宿泊業,5%
沖縄県,国頭村,やんばる学びの森,サービス,宿泊業,5%
沖縄県,久米島町,アイランドリラクゼーションＯｌｕＯｌｕ,サービス,理容・美容業,5%
沖縄県,久米島町,イーフスポーツクラブ,サービス,その他サービス,5%
沖縄県,久米島町,栄光堂薬局,小売業,その他小売,5%
沖縄県,久米島町,おやつ村,サービス,その他サービス,5%
沖縄県,久米島町,オリックスレンタカー久米島空港店,サービス,その他サービス,2%
沖縄県,久米島町,ｋｉｉｔｏｓｈａｉｒ＆ｍａｋｅ,サービス,理容・美容業,5%
沖縄県,久米島町,具志川ＳＳ,小売業,ガソリンスタンド,2%
沖縄県,久米島町,久米ＳＳ,小売業,ガソリンスタンド,2%
沖縄県,久米島町,ＪＡおきなわ久米島支店 経済課,小売業,その他小売,5%
沖縄県,久米島町,ＢＡＣＫＳＨＯＲＥ ＲＡＮＣＨ,サービス,飲食業,5%
沖縄県,久米島町,プラスアルファ,サービス,その他サービス,5%
沖縄県,座間味村,ａｍｕｌｅｔーｚａｍａｍｉ,サービス,飲食業,5%
沖縄県,座間味村,インザストリーム,サービス,その他サービス,5%
沖縄県,座間味村,オルターダイブ,サービス,その他サービス,5%
沖縄県,座間味村,ざまみむん市場 ざまみむん市場,小売業,その他小売,5%
沖縄県,座間味村,シーサー,小売業,その他小売,5%
沖縄県,座間味村,シーサー,小売業,その他小売,5%
沖縄県,座間味村,シーサー 阿嘉島店,サービス,その他サービス,5%
沖縄県,座間味村,ＴｒａｔｔｏｒｉａＢａｒ慶留間ｇｎｏｎ,サービス,飲食業,5%
沖縄県,座間味村,ｎｏａｈｚａｍａｍｉ,サービス,その他サービス,5%
沖縄県,座間味村,パーラー憩,サービス,飲食業,5%
沖縄県,座間味村,ハナムロホテルズ,サービス,その他サービス,5%
沖縄県,座間味村,ファンファンドルフィン沖縄,サービス,飲食業,5%
沖縄県,座間味村,マリンクラブ Ｂｅｒｒｙ,小売業,その他小売,5%
沖縄県,座間味村,マリンハウスシーサー阿嘉島店,サービス,宿泊業,5%
沖縄県,座間味村,民宿中村屋,サービス,宿泊業,5%
沖縄県,座間味村,民宿ロビンソン,サービス,その他サービス,5%
沖縄県,座間味村,ＭａｒｉｎｅＯｃｅａｎ,サービス,その他サービス,5%
沖縄県,竹富町,イ・テリオスダイビングサービス西表島,サービス,その他サービス,5%
沖縄県,竹富町,株式会社一慶事務所,サービス,その他サービス,5%
沖縄県,竹富町,西表自然学校,サービス,その他サービス,5%
沖縄県,竹富町,西表自然学校,サービス,その他サービス,5%
沖縄県,竹富町,西表島ＡＤＶＥＮＴＵＲＥＰｉＰｉ,サービス,その他サービス,5%
沖縄県,竹富町,西表島ゲストハウス島時間,サービス,運輸業,5%
沖縄県,竹富町,ｗｉｔｈ－ｔｅｒｒａｃｅ海,サービス,その他サービス,5%
沖縄県,竹富町,ヴィラヒルギ,サービス,その他サービス,5%
沖縄県,竹富町,上原給油所,小売業,ガソリンスタンド,2%
沖縄県,竹富町,うまんちゅＣａｆｅ西表島,サービス,飲食業,5%
沖縄県,竹富町,オハナアウトフィッターズ,サービス,その他サービス,5%
沖縄県,竹富町,オリックスレンタカー西表島大原店,サービス,その他サービス,2%
沖縄県,竹富町,カイジ浜売店 カイジ浜売店,小売業,その他小売,5%
沖縄県,竹富町,ｃａｎａａｎｃｏｆｆｅｅ＆ｂａｋｅｓｔｏｒｅ,サービス,飲食業,5%
沖縄県,竹富町,カヤック＆リクエスト西表島海月,サービス,その他サービス,5%
沖縄県,竹富町,Ｓａｎｕｆａ（サヌファ）,サービス,飲食業,5%
沖縄県,竹富町,島廻遊,サービス,その他サービス,5%
沖縄県,竹富町,スーパー川満,小売業,その他小売,5%
沖縄県,竹富町,スマイルフィッシュダイビングサービス,サービス,その他サービス,5%
沖縄県,竹富町,Ｓａｌｔｙｅｅｄ,サービス,飲食業,5%
沖縄県,竹富町,ダイビングサービスひでｓｕｎ,サービス,その他サービス,5%
沖縄県,竹富町,玉盛スーパー,小売業,その他小売,5%
沖縄県,竹富町,ちいさな島宿ｃａｇｏ,サービス,その他サービス,5%
沖縄県,竹富町,テラス西表島コンドミニアム,サービス,その他サービス,5%
沖縄県,竹富町,ニライナリゾート,サービス,宿泊業,5%
沖縄県,竹富町,Ｎａｔｕｒｅｓｄｅｌｉｇｈｔ西表,サービス,その他サービス,5%
沖縄県,竹富町,南風見給油所,小売業,ガソリンスタンド,2%
沖縄県,竹富町,ハナイチデアマール,サービス,飲食業,5%
沖縄県,竹富町,民宿マリウド,サービス,宿泊業,5%
沖縄県,北谷町,ｉサポ,サービス,理容・美容業,5%
沖縄県,北谷町,アイランドテラス,サービス,飲食業,5%
沖縄県,北谷町,アカラギャラリー,小売業,その他小売,5%
沖縄県,北谷町,Ａｇｕ ｈａｉｒ Ａｇｕ ｈａｉｒ ｏｃｅａｎ沖縄,サービス,理容・美容業,5%
沖縄県,北谷町,あじとや 北谷店,サービス,飲食業,5%
沖縄県,北谷町,ａｔａｂｉｉ’ｓ,サービス,飲食業,5%
沖縄県,北谷町,ＡＬＬＹ＇Ｓ沖縄,サービス,飲食業,5%
沖縄県,北谷町,ＡＲＩＧＡＴＯ,サービス,飲食業,5%
沖縄県,北谷町,ｕｎｓｏｕｒｉｒｅ,サービス,理容・美容業,5%
沖縄県,北谷町,＆Ｅｇｇｓ,サービス,飲食業,5%
沖縄県,北谷町,石垣牛ステーキハウス金城美浜店,小売業,食料品,5%
沖縄県,北谷町,石垣牛ＳＴＥＡＫＨＯＵＳＥゆいまーる牧場,サービス,飲食業,5%
沖縄県,北谷町,一番亭,サービス,飲食業,5%
沖縄県,北谷町,癒し空間・ボヌール,サービス,理容・美容業,5%
沖縄県,北谷町,ウプラヤ,サービス,飲食業,5%
沖縄県,北谷町,Ａ ｍ ｙ,小売業,衣料品,5%
沖縄県,北谷町,Ｘ－Ｆａｃｔｏｒｙ Ｏｕｔｌｅｔ,サービス,飲食業,5%
沖縄県,北谷町,エポツクゴエク,小売業,電化製品,5%
沖縄県,北谷町,ＥＬＥＧＬＡＭ,小売業,衣料品,5%
沖縄県,北谷町,おうちさろんカラココ,サービス,理容・美容業,5%
沖縄県,北谷町,ＯＲＲＳ,サービス,その他サービス,5%
沖縄県,北谷町,丘の一本松,小売業,家具・調度品,5%
沖縄県,北谷町,おきなわ屋 美浜店,小売業,家具・調度品,5%
沖縄県,北谷町,おきなわ屋泡盛蔵北谷店,小売業,その他小売,2%
沖縄県,北谷町,おきなわ屋ＭＩＨＡＭＡ,小売業,その他小売,5%
沖縄県,北谷町,オキナワンミュージックカラハーイ,サービス,飲食業,5%
沖縄県,北谷町,オレンジブーム,サービス,飲食業,5%
沖縄県,北谷町,温野菜北谷店,サービス,飲食業,2%
沖縄県,北谷町,ＣＡＲＤＢＯＸ北谷店,小売業,その他小売,5%
沖縄県,北谷町,回転寿司一番亭,サービス,飲食業,5%
沖縄県,北谷町,ＡｓｉａｎＤｉｎｉｎｇＢＩｎｔａｎｇＴｅｒｒａｃｅ,サービス,飲食業,5%
沖縄県,北谷町,株式会社ユナイテッドコーポレーション,サービス,その他サービス,5%
沖縄県,北谷町,ＣＯＬＯＵＲ ＳＥＡＳＯＮ,サービス,その他サービス,5%
沖縄県,北谷町,Ｃａｒａｃａｌｌａ（株式会社シャングリラ）,サービス,飲食業,5%
沖縄県,北谷町,ＫＡＨＬＵＡ,サービス,理容・美容業,5%
沖縄県,北谷町,カレーハウスＣｏＣｏ壱番屋沖縄北谷ハンビー店,サービス,飲食業,2%
沖縄県,北谷町,かんざし屋,小売業,家具・調度品,5%
沖縄県,北谷町,北海鮮,サービス,飲食業,5%
沖縄県,北谷町,きなりがらす 沖縄北谷店,小売業,その他小売,5%
沖縄県,北谷町,キャプテンズイン 美浜店,サービス,飲食業,5%
沖縄県,北谷町,ギャラリープルミエ,サービス,その他サービス,5%
沖縄県,北谷町,牛角北谷店,サービス,飲食業,2%
沖縄県,北谷町,京都屋クリーニング ユニオン北谷店,サービス,その他サービス,5%
沖縄県,北谷町,ＫＵＰＵＫＵＰＵ,サービス,飲食業,5%
沖縄県,北谷町,クライマックスコーヒーデポアイランド店,サービス,飲食業,5%
沖縄県,北谷町,グリーンリーフ北谷店,小売業,食料品,5%
沖縄県,北谷町,Ｇｌｏｓｓ,小売業,衣料品,5%
沖縄県,北谷町,ゲストハウス「おやど」,サービス,その他サービス,5%
沖縄県,北谷町,ケンレンタカー,サービス,その他サービス,5%
沖縄県,北谷町,五右衛門,サービス,飲食業,5%
沖縄県,北谷町,ｃｏｆｆｅｅ ｃａｓａ,サービス,飲食業,5%
沖縄県,北谷町,ココシャスモンパ,サービス,その他サービス,5%
沖縄県,北谷町,こころウイメンズクリニカル＆ヒーリングマッサージ,サービス,理容・美容業,5%
沖縄県,北谷町,ＭＯＮＰＡ,サービス,その他サービス,5%
沖縄県,北谷町,サーフサイドサービスハイサイ,サービス,その他サービス,5%
沖縄県,北谷町,ＴＨＥ ＣＡＬＩＦ ＫＩＴＣＨＥＮ ＯＫＩＮＡＷＡ,サービス,飲食業,5%
沖縄県,北谷町,ザワカモレブリトートラック,サービス,飲食業,5%
沖縄県,北谷町,サンセットバイク,小売業,その他小売,5%
沖縄県,北谷町,Ｃ＆Ｋ Ｃｒｅａｔｉｏｎ,サービス,その他サービス,5%
沖縄県,北谷町,ＳＥＡＷＡＬＬＨＯＳＴＥＬ,サービス,その他サービス,5%
沖縄県,北谷町,ｓｅａｓａｉｄｅｎａｉｌ,サービス,その他サービス,5%
沖縄県,北谷町,シーランド,小売業,その他小売,5%
沖縄県,北谷町,ジミー 北谷店,小売業,食料品,5%
沖縄県,北谷町,じゃんじゃん,サービス,飲食業,5%
沖縄県,北谷町,蒸気海鮮ＣＨＡＴＡＮ,サービス,飲食業,5%
沖縄県,北谷町,白石サービスステーション 北谷美浜,小売業,ガソリンスタンド,2%
沖縄県,北谷町,シーランド 北谷店,小売業,その他小売,5%
沖縄県,北谷町,Ｓｔｙｌｅｂｏｒｎ,サービス,理容・美容業,5%
沖縄県,北谷町,ｓｔｕｄｉｏ７０３,小売業,衣料品,5%
沖縄県,北谷町,ステーキハウスキャピタル北谷店,サービス,飲食業,5%
沖縄県,北谷町,ステーキハウス８８北谷店西館,サービス,飲食業,5%
沖縄県,北谷町,ステーキハウス８８北谷店西館,サービス,飲食業,5%
沖縄県,北谷町,ステーキハウス８８北谷店東館,サービス,飲食業,5%
沖縄県,北谷町,ストライプヌードルズ,サービス,飲食業,5%
沖縄県,北谷町,スマイルネイル サンエーハンビータウン店,サービス,理容・美容業,5%
沖縄県,北谷町,Ｓｍｏｏｄｇｅ ハンビータウン店,小売業,衣料品,5%
沖縄県,北谷町,ＳｏｕｒｃｅＳｕｒｆａｎｄＩｍｐｏｒｔ,小売業,その他小売,5%
沖縄県,北谷町,ＳＯＰＨＩＳ,サービス,その他サービス,5%
沖縄県,北谷町,ダイコクドラッグ北谷アメリカンビレッジ店,小売業,その他小売,5%
沖縄県,北谷町,ダイコクドラッグ北谷西２階店,小売業,その他小売,5%
沖縄県,北谷町,タイムステーションＮＥＯイオン北谷店,小売業,貴金属・服飾品,5%
沖縄県,北谷町,タウンプラザかねひで 美浜店,小売業,食料品,5%
沖縄県,北谷町,心体カウンセラー武田美紀,サービス,その他サービス,5%
沖縄県,北谷町,ダビッド村,小売業,家具・調度品,5%
沖縄県,北谷町,ＣＨＥＲＲＹ ＣＡＲＯＬ,サービス,理容・美容業,5%
沖縄県,北谷町,ＣＨＯＣＯＬＡＴＥＪＥＳＵＳ,小売業,衣料品,5%
沖縄県,北谷町,Ｄｅａｒ’ｓ 【ディアーズ】,サービス,理容・美容業,5%
沖縄県,北谷町,ＤＳＨＲｅｓｏｒｔｓ,サービス,その他サービス,5%
沖縄県,北谷町,デポズガーデン,サービス,飲食業,5%
沖縄県,北谷町,Ｔｏｙ Ｋｉｔｃｈｅｎ,サービス,飲食業,5%
沖縄県,北谷町,トヨタレンタリース沖縄北谷店,サービス,その他サービス,2%
沖縄県,北谷町,とんかつ太郎北谷店,サービス,飲食業,5%
沖縄県,北谷町,トンキュホテ,サービス,飲食業,5%
沖縄県,北谷町,Ｎａｃｈｕｒａ ｃａｓａ,サービス,宿泊業,5%
沖縄県,北谷町,Ｎａｉｌｓｂｙｇａｋｋｙ,サービス,理容・美容業,5%
沖縄県,北谷町,Ｎｏｒａｒｉ＆Ｋｕｒａｒｉ,小売業,家具・調度品,5%
沖縄県,北谷町,バイキング居酒屋じゃんじゃん,サービス,飲食業,5%
沖縄県,北谷町,博多焼肉天神,サービス,飲食業,5%
沖縄県,北谷町,Ｂａｒ２７０°,サービス,飲食業,5%
沖縄県,北谷町,ハブボックス 美浜店,小売業,衣料品,5%
沖縄県,北谷町,ハワイアン家具マータク,小売業,家具・調度品,5%
沖縄県,北谷町,ＢｅａｃｈＦｒｏｎｔＴｏｗｅｒＭｉｈａｍａ,サービス,その他サービス,5%
沖縄県,北谷町,Ｂｅｅｆｙ'ｓ,サービス,飲食業,5%
沖縄県,北谷町,株式会社ひが家具 北谷店,小売業,家具・調度品,5%
沖縄県,北谷町,ＢｅａｕｔｙｓａｌｏｎＪｏｙ,サービス,理容・美容業,5%
沖縄県,北谷町,ＢｅａｕｔｙＳａｌｏｎＬｕｎａＦｉｏｒｅ,サービス,理容・美容業,5%
沖縄県,北谷町,Ｖｉｌｌａｇｅ Ｈｏｕｓｅ 美浜店,小売業,衣料品,5%
沖縄県,北谷町,ｆａｂｒｉｃ,小売業,衣料品,5%
沖縄県,北谷町,ファーマーズマーケット北谷ニライ市場,小売業,食料品,5%
沖縄県,北谷町,ＦＯＧＯ ＢＲＡＺＩＬ,サービス,飲食業,5%
沖縄県,北谷町,フォトスタジオピープピープ,サービス,その他サービス,5%
沖縄県,北谷町,ぷちまりー沖縄北谷店,小売業,その他小売,5%
沖縄県,北谷町,ぷちまりー沖縄北谷店,小売業,その他小売,5%
沖縄県,北谷町,ＢＲＩＤＡＬ ＳＨＯＰ ムクベル,小売業,貴金属・服飾品,5%
沖縄県,北谷町,プライベートサロンＲａｙｌｅｉｇｈ,サービス,理容・美容業,5%
沖縄県,北谷町,ブランジュジュ,小売業,衣料品,5%
沖縄県,北谷町,ベッセルホテルカンパーナ沖縄,サービス,宿泊業,5%
沖縄県,北谷町,ＰＥＴＢＯＸ北谷店,小売業,その他小売,5%
沖縄県,北谷町,ｐｏｃｋｅｆａｒｍ,サービス,飲食業,5%
沖縄県,北谷町,ほっこり家,小売業,家具・調度品,5%
沖縄県,北谷町,ホテルサンセットアメリカン,サービス,宿泊業,5%
沖縄県,北谷町,ホテルサンセットテラス,サービス,宿泊業,5%
沖縄県,北谷町,ホーム電化,小売業,電化製品,5%
沖縄県,北谷町,本場インド料理の店ＫＡＢＡＢ’Ｓ,サービス,飲食業,5%
沖縄県,北谷町,マクドナルド５８号桑江店,サービス,飲食業,2%
沖縄県,北谷町,マクドナルド北谷店,サービス,飲食業,2%
沖縄県,北谷町,ＭＡＸ ＳＴＵＤＩＯ,サービス,その他サービス,5%
沖縄県,北谷町,ＤｉｖｉｎｇｓｅｒｖｉｃｅＭａｒｉｎｅＪｏｉｎｔ,サービス,その他サービス,5%
沖縄県,北谷町,マルサン サンエー浜川店,サービス,その他サービス,5%
沖縄県,北谷町,マルサンランドリー サンエーハンビータウン店,サービス,その他サービス,5%
沖縄県,北谷町,ｍｉｎｉｎｏ 美浜店,小売業,衣料品,5%
沖縄県,北谷町,美浜硝子 宇宙,小売業,家具・調度品,5%
沖縄県,北谷町,有限会社 宮城解体,小売業,その他小売,5%
沖縄県,北谷町,ミヤサト家具,小売業,家具・調度品,5%
沖縄県,北谷町,宮脇書店 北谷店,小売業,書籍・玩具・音楽ＣＤ,5%
沖縄県,北谷町,ＭＵＱＢＥＬ,小売業,貴金属・服飾品,5%
沖縄県,北谷町,由来助産院,サービス,その他サービス,5%
沖縄県,北谷町,ｙｏｋｏｄａパン工房,小売業,食料品,5%
沖縄県,北谷町,らーめん我道,サービス,飲食業,5%
沖縄県,北谷町,ＬａｎｉｋａｉＴｅｒｒａｃｅ,サービス,飲食業,5%
沖縄県,北谷町,ラハイナ北谷店,小売業,その他小売,5%
沖縄県,北谷町,ｌｉｔｔｌｅｃａｃｔｕｓ,サービス,飲食業,5%
沖縄県,北谷町,琉球ぴらす 美浜デポアイランド店,小売業,衣料品,5%
沖縄県,北谷町,ＲＩＮＫＥＮ’ＳＫＩＴＣＨＥＮ,サービス,飲食業,5%
沖縄県,北谷町,ＲＩＮＫＥＮ’Ｓ ＨＯＴＥＬ,サービス,宿泊業,5%
沖縄県,北谷町,Ｒａｃｈｅｌ 美浜店,サービス,飲食業,5%
沖縄県,北谷町,ｌｅａｔｈｅｒｂａｓｅ,小売業,衣料品,5%
沖縄県,北谷町,株式会社フロンティアリゾート,サービス,その他サービス,5%
沖縄県,北谷町,ロングソフトクリーム沖縄,サービス,飲食業,5%
沖縄県,渡嘉敷村,ＡｃｏｕｓｔｉｃＬｉｆｅ,サービス,その他サービス,5%
沖縄県,渡嘉敷村,ケラマテラス,サービス,宿泊業,5%
沖縄県,渡嘉敷村,ケラマバックパッカーズ,サービス,その他サービス,5%
沖縄県,渡嘉敷村,シーフレンド,サービス,宿泊業,5%
沖縄県,渡嘉敷村,ホテル サンフラワー,サービス,宿泊業,5%
沖縄県,渡嘉敷村,ホテルサンフラワー,サービス,宿泊業,5%
沖縄県,豊見城市,沖縄事務代行,サービス,その他サービス,5%
沖縄県,豊見城市,アシスト行政書士事務所,サービス,その他サービス,5%
沖縄県,豊見城市,居酒屋ねぎ左馬,サービス,飲食業,5%
沖縄県,豊見城市,ＩＣＨＩＣＯＮＣＨＩ,サービス,理容・美容業,5%
沖縄県,豊見城市,海あじＯ．ＴＯＳＨＩ丸,サービス,飲食業,5%
沖縄県,豊見城市,うるくそば 豊見城店,サービス,飲食業,5%
沖縄県,豊見城市,ＥＩＧＨＴ ｔｏｙｏｓａｋｉ,サービス,理容・美容業,5%
沖縄県,豊見城市,オーシャンダイニング 風庭 ＯＣＥＡＮ ＤＩＮＩＮＧ 風庭,サービス,宿泊業,5%
沖縄県,豊見城市,ＡＵＢＥ,サービス,理容・美容業,5%
沖縄県,豊見城市,親父のまぐろ,サービス,飲食業,5%
沖縄県,豊見城市,温野菜豊崎店,サービス,飲食業,2%
沖縄県,豊見城市,ＫＡＩ,サービス,飲食業,5%
沖縄県,豊見城市,株式会社Ｋ－ＧＡＲＧＥ,小売業,その他小売,5%
沖縄県,豊見城市,株式会社興和工機 豊見城店,小売業,その他小売,5%
沖縄県,豊見城市,ＤｅＫＡＮ ＫＡＬＩＫＡ,サービス,飲食業,5%
沖縄県,豊見城市,漢方薬局 琉華,小売業,その他小売,5%
沖縄県,豊見城市,北野エース リウボウ豊崎食品館店,小売業,食料品,5%
沖縄県,豊見城市,牛角豊崎店,サービス,飲食業,2%
沖縄県,豊見城市,京都屋クリーニング,サービス,その他サービス,5%
沖縄県,豊見城市,京都屋クリーニング ＭＶとよみ店,サービス,その他サービス,5%
沖縄県,豊見城市,京都屋クリーニング 豊見城店,サービス,その他サービス,5%
沖縄県,豊見城市,クレイ時間,サービス,その他サービス,5%
沖縄県,豊見城市,Sunset,サービス,理容・美容業,5%
沖縄県,豊見城市,シーベレットファム豊見城店,小売業,衣料品,5%
沖縄県,豊見城市,ＪＡおきなわ豊見城支店 経済課,小売業,その他小売,5%
沖縄県,豊見城市,ＪＡグリーン豊見城,小売業,その他小売,5%
沖縄県,豊見城市,ＧＹＰＳＹ,サービス,飲食業,5%
沖縄県,豊見城市,ジミー 豊見城店,小売業,食料品,5%
沖縄県,豊見城市,ジミー とよみ店,小売業,食料品,5%
沖縄県,豊見城市,ＳＰＩＮＧＬＥ ＭＯＶＥ ウミカジテラス,小売業,その他小売,5%
沖縄県,豊見城市,Ｓｍｉｌｅｐｈｏｔｏｐｌｕｓ,サービス,その他サービス,5%
沖縄県,豊見城市,１０００円ステーキ,サービス,飲食業,5%
沖縄県,豊見城市,若石足療庵,サービス,その他サービス,5%
沖縄県,豊見城市,タウンプラザかねひで 豊見城団地前店,小売業,食料品,5%
沖縄県,豊見城市,タウンプラザかねひで豊見城団地前,サービス,宿泊業,5%
沖縄県,豊見城市,高タクシー,サービス,運輸業,5%
沖縄県,豊見城市,ＤＯＵＢＬＥ,小売業,衣料品,5%
沖縄県,豊見城市,株式会社中央ツーリスト イオンタウン豊見城店,サービス,その他サービス,5%
沖縄県,豊見城市,ディフィール イオンタウントヨミテン,小売業,衣料品,5%
沖縄県,豊見城市,ｔｏｔｏｇｅ,サービス,その他サービス,5%
沖縄県,豊見城市,ＴｏｎｙＣａｆｅ＆Ｈｕｂ,サービス,飲食業,5%
沖縄県,豊見城市,豊見城グランド給油所,小売業,ガソリンスタンド,2%
沖縄県,豊見城市,豊見城中央病院売店,小売業,その他小売,5%
沖縄県,豊見城市,豊見城南ＳＳ,小売業,ガソリンスタンド,2%
沖縄県,豊見城市,トヨタレンタリース沖縄 とよみ店,サービス,その他サービス,2%
沖縄県,豊見城市,トライエア,サービス,その他サービス,5%
沖縄県,豊見城市,南海部品豊見城営業所,小売業,その他小売,5%
沖縄県,豊見城市,ＰＡＲＬＥＹ ウミカジテラス店,小売業,その他小売,5%
沖縄県,豊見城市,ハコレンタカー那覇空港店,サービス,その他サービス,5%
沖縄県,豊見城市,ハッピ－ハウス,小売業,その他小売,5%
沖縄県,豊見城市,ＨＡＲＵ ＴＡＸＩ,サービス,運輸業,5%
沖縄県,豊見城市,Ｐｕｒｅｃａｓｔｌｅ珈琲,小売業,食料品,5%
沖縄県,豊見城市,ＢｅａｕｔｙｃｏｌｌｅｃｔｉｏｎＮＡＮＡ,サービス,理容・美容業,5%
沖縄県,豊見城市,ＢＥＡＲＳ’ＣＯＦＦＥＥ,サービス,飲食業,5%
沖縄県,豊見城市,ｈａｉｒ ｄｅｓｉｇｎ Ｄｏｕｂｌｅ 【ヘアデザインダブル】,サービス,理容・美容業,5%
沖縄県,豊見城市,Ｍａｉｔｏｐａｒｔａ,サービス,飲食業,5%
沖縄県,豊見城市,マクドナルド豊見城サンエー店,サービス,飲食業,2%
沖縄県,豊見城市,マクドナルドとよみイオンタウン店,サービス,飲食業,2%
沖縄県,豊見城市,マルサンランドリー サンエー糸満ロード店,サービス,その他サービス,5%
沖縄県,豊見城市,マルサンランドリー サンエーウイングシティ店,サービス,その他サービス,5%
沖縄県,豊見城市,マルサンランドリー サンエー宜保店,サービス,その他サービス,5%
沖縄県,豊見城市,マルサンランドリー 丸大真玉橋店,サービス,その他サービス,5%
沖縄県,豊見城市,丸大真玉橋店,小売業,食料品,5%
沖縄県,豊見城市,丸安タクシー,サービス,運輸業,5%
沖縄県,豊見城市,宮脇書店 豊見城店,小売業,書籍・玩具・音楽ＣＤ,5%
沖縄県,豊見城市,メガネ・コンタクト トナキ,小売業,その他小売,5%
沖縄県,豊見城市,ｍｅｌｃｏ ＨａｉｒＤｅｓｉｇｎ,サービス,理容・美容業,5%
沖縄県,豊見城市,桃タクシー,サービス,運輸業,5%
沖縄県,豊見城市,森のリス,サービス,飲食業,5%
沖縄県,豊見城市,琉球温泉 龍神の湯,サービス,宿泊業,5%
沖縄県,豊見城市,琉球温泉瀬長島ホテル,サービス,宿泊業,5%
沖縄県,豊見城市,ＷＡＩＯＬＩ,サービス,宿泊業,5%
沖縄県,中城村,カスタム沖縄,小売業,その他小売,5%
沖縄県,中城村,牛角中城店,サービス,飲食業,2%
沖縄県,中城村,京都屋クリーニング ユニオン中城店,サービス,その他サービス,5%
沖縄県,中城村,合同会社 エックスパワー,小売業,その他小売,5%
沖縄県,中城村,サンセール琉大前ＳＳ,小売業,ガソリンスタンド,2%
沖縄県,中城村,タウンプラザかねひで 中城モール店,小売業,食料品,5%
沖縄県,中城村,知花テント,サービス,その他サービス,5%
沖縄県,中城村,ｃｈｏｃｏｔｉｎｉ,小売業,衣料品,5%
沖縄県,中城村,ビストロ食堂ＣｈｅｚＮｏｒｉ,サービス,飲食業,5%
沖縄県,中城村,美容室Ｂｅｅ．,サービス,理容・美容業,5%
沖縄県,中城村,マルサンランドリー サンエー中城店,サービス,その他サービス,5%
沖縄県,中城村,ＭｅｏｗＳｏｆｔ,小売業,衣料品,5%
沖縄県,中城村,有機農産物 ぱるず,サービス,その他サービス,5%
沖縄県,中城村,ＬＡＢＯ 琉大前店,小売業,衣料品,5%
沖縄県,中城村,ＬＵＣＵ,小売業,衣料品,5%
沖縄県,今帰仁村,アカバナーイン,サービス,宿泊業,5%
沖縄県,今帰仁村,ＯｃｅａｎＢｒｅｅｚｅ,サービス,宿泊業,5%
沖縄県,今帰仁村,沖縄のひとつ宿ｔｉｎｔｏ＊ｔｉｎｔｏ,サービス,宿泊業,5%
沖縄県,今帰仁村,Ｏｎ ｔｈｅ Ｂｅａｃｈ,サービス,飲食業,5%
沖縄県,今帰仁村,ＫｅｉｋｉＢｅａｃｈＨｏｕｓｅ＆Ｃａｆｅ,サービス,宿泊業,5%
沖縄県,今帰仁村,古宇利オーシャンタワー,小売業,その他小売,5%
沖縄県,今帰仁村,古宇利島ビーチサイド,サービス,その他サービス,5%
沖縄県,今帰仁村,株式会社 崎浜電気商会,小売業,電化製品,5%
沖縄県,今帰仁村,ＪＡおきなわ今帰仁支店 経済課,小売業,その他小売,5%
沖縄県,今帰仁村,たびの邸宅 沖縄今帰仁,サービス,宿泊業,5%
沖縄県,今帰仁村,たびの邸宅沖縄今帰仁,サービス,宿泊業,5%
沖縄県,今帰仁村,ｔｉｎｔｏｔｉｎｔｏ,サービス,宿泊業,5%
沖縄県,今帰仁村,今帰仁古民家の宿つばめや,サービス,その他サービス,5%
沖縄県,今帰仁村,パーラー恋島,サービス,飲食業,5%
沖縄県,今帰仁村,ハイビスリゾートカフェ・ペンション,サービス,理容・美容業,5%
沖縄県,今帰仁村,Ｈａｎａ Ｖｉｌｌａ,サービス,宿泊業,5%
沖縄県,今帰仁村,Ｈａｎａｌｅｅ Ｌａｎｉｋａｉ,サービス,宿泊業,5%
沖縄県,今帰仁村,ハナリヴィラコウリ,サービス,宿泊業,5%
沖縄県,今帰仁村,ＨａｎａｌｅｅＶｉｌｌａＫｏｕｒｉ,サービス,その他サービス,5%
沖縄県,今帰仁村,プチリゾート古宇利島,サービス,宿泊業,5%
沖縄県,今帰仁村,フランス料理６〔シス〕,サービス,飲食業,5%
沖縄県,今帰仁村,ホテルオーシャンズ今帰仁,サービス,宿泊業,5%
沖縄県,今帰仁村,やんばるＢＢＱビアガーデン,サービス,飲食業,5%
沖縄県,今帰仁村,有限会社富士産業,サービス,飲食業,5%
沖縄県,今帰仁村,ゆうな製菓リンクス ゆうな製菓 移動販売店,小売業,食料品,5%
沖縄県,今帰仁村,ゆめじん有限会社 ＹＵＭＥＪＩＮ Ｏｋｉｎａｗａｎ ｃｏｓｍｅ Ｆａｃｔｏｒｙ Ｓｈｏｐ,小売業,その他小売,5%
沖縄県,今帰仁村,レストラン オーシャンブルー,サービス,その他サービス,5%
沖縄県,今帰仁村,ろくまま,小売業,その他小売,5%
沖縄県,名護市,Ａｇｕ ｈａｉｒ Ａｇｕ ｈａｉｒ ｎａｇｏ名護,サービス,理容・美容業,5%
沖縄県,名護市,アジア食堂 みのり屋,サービス,飲食業,5%
沖縄県,名護市,Ａｔｅｌｉｅｒ４３,サービス,その他サービス,5%
沖縄県,名護市,ａｌｍａｒ ｃａｆｅ,サービス,飲食業,5%
沖縄県,名護市,出光宮里ＳＳ,小売業,ガソリンスタンド,2%
沖縄県,名護市,出光屋部ＳＳ,小売業,ガソリンスタンド,2%
沖縄県,名護市,ＩｎａｈｏＦａｒｍ,サービス,理容・美容業,5%
沖縄県,名護市,イマル商店,小売業,その他小売,5%
沖縄県,名護市,ＶＡＬＯＩＲ 【ヴァロワール】,サービス,理容・美容業,5%
沖縄県,名護市,大家,サービス,その他サービス,5%
沖縄県,名護市,うるつや脱毛Ｆｌｅｅｙ,サービス,理容・美容業,5%
沖縄県,名護市,雲茶,サービス,飲食業,5%
沖縄県,名護市,大北ＳＳ,小売業,ガソリンスタンド,2%
沖縄県,名護市,大田電機,小売業,電化製品,5%
沖縄県,名護市,御菓子御殿 名護店,小売業,その他小売,5%
沖縄県,名護市,沖繩ヤクルト 北部営業所,小売業,食料品,5%
沖縄県,名護市,おきなわんふるーつ園,小売業,衣料品,5%
沖縄県,名護市,おばあの家,サービス,飲食業,5%
沖縄県,名護市,おばんざいとあぶり焼き ひとみや,サービス,飲食業,5%
沖縄県,名護市,恩ザビ－チ,サービス,飲食業,5%
沖縄県,名護市,温野菜ザ・フォレストモール名護店,サービス,飲食業,2%
沖縄県,名護市,開成 名護支店,サービス,その他サービス,5%
沖縄県,名護市,かねひで 喜瀬ビーチパレス,サービス,宿泊業,5%
沖縄県,名護市,ｏｃｅａｎｇｒｅｅｎｃｏｒｐｏｒａｔｉｏｎ,サービス,その他サービス,5%
沖縄県,名護市,カラオケハウス とまと 名護店,サービス,その他サービス,5%
沖縄県,名護市,カラオケハウス とまと 名護店,サービス,その他サービス,5%
沖縄県,名護市,カレーハウスＣｏＣｏ壱番屋沖縄名護店,サービス,飲食業,2%
沖縄県,名護市,キセカントリークラブ,サービス,その他サービス,5%
沖縄県,名護市,京都屋クリーニング イオンタウン名護店,サービス,その他サービス,5%
沖縄県,名護市,ＱｕｅｅｎＳｃｏｒｐｉｏｎ,小売業,衣料品,5%
沖縄県,名護市,グラスサンドアートジャパン,サービス,その他サービス,5%
沖縄県,名護市,コープなご 宮里,小売業,食料品,5%
沖縄県,名護市,ゴールド東江給油所 ゴールド東江給油所,小売業,ガソリンスタンド,2%
沖縄県,名護市,ゴールド柳給油所 ゴールド柳給油所,小売業,ガソリンスタンド,2%
沖縄県,名護市,ごや電機,小売業,電化製品,5%
沖縄県,名護市,酒のアイランド名護,小売業,食料品,5%
沖縄県,名護市,Ｓａｎｔ?ｅｔＢｅａｕｔ?,サービス,理容・美容業,5%
沖縄県,名護市,Ｓａｎｔｅ ｅｔ Ｂｅａｕｔｅ,サービス,その他サービス,5%
沖縄県,名護市,シーサーパーク 琉球窯,サービス,その他サービス,5%
沖縄県,名護市,ＪＡおきなわ久志支店,小売業,その他小売,5%
沖縄県,名護市,ＪＡおきなわ屋部出張所,小売業,その他小売,5%
沖縄県,名護市,島電気商会,小売業,電化製品,5%
沖縄県,名護市,ジミー なご店,小売業,食料品,5%
沖縄県,名護市,シャディ沖縄 名護店,小売業,その他小売,5%
沖縄県,名護市,白石サービスステーション 東江店,小売業,ガソリンスタンド,2%
沖縄県,名護市,シーランド 名護店,小売業,その他小売,5%
沖縄県,名護市,スタジオエース 名護店,サービス,その他サービス,5%
沖縄県,名護市,セルフ名護ＳＳ,小売業,ガソリンスタンド,2%
沖縄県,名護市,やんばる遊び処・蒼空堂,サービス,その他サービス,5%
沖縄県,名護市,タウンプラザかねひで 大北店,小売業,食料品,5%
沖縄県,名護市,タウンプラザかねひで 大宮市場,小売業,食料品,5%
沖縄県,名護市,タウンプラザかねひで 名護店,小売業,食料品,5%
沖縄県,名護市,玉城オート,サービス,その他サービス,5%
沖縄県,名護市,株式会社中央ツーリスト イオン名護店,サービス,その他サービス,5%
沖縄県,名護市,美らテラス,サービス,飲食業,5%
沖縄県,名護市,美ら花 別邸,サービス,飲食業,5%
沖縄県,名護市,鉄板焼ステーキ エル，フランセ,サービス,飲食業,5%
沖縄県,名護市,トヨタレンタリース沖縄名護店,サービス,その他サービス,2%
沖縄県,名護市,長嶺農園,小売業,食料品,5%
沖縄県,名護市,ナゴパイナップルパーク,小売業,その他小売,5%
沖縄県,名護市,名護バイパス ＳＳ,小売業,ガソリンスタンド,2%
沖縄県,名護市,名護リゾートＳＳ,小売業,ガソリンスタンド,2%
沖縄県,名護市,名護リゾートＳＳ 第２,小売業,ガソリンスタンド,2%
沖縄県,名護市,ネイル アイラッシュサロン ブレス 沖縄名護店,サービス,理容・美容業,5%
沖縄県,名護市,ｎａｉｌｓａｌｏｎ＿ｒｅｎａｔｕｓ,サービス,理容・美容業,5%
沖縄県,名護市,ネルビーチ,サービス,宿泊業,5%
沖縄県,名護市,羽地生産資材センター,小売業,その他小売,5%
沖縄県,名護市,ＨＵＢＣＹＣＬＥＯＫＩＮＡＷＡ,小売業,その他小売,5%
沖縄県,名護市,ビッグワン 名護店,小売業,その他小売,5%
沖縄県,名護市,紅型キジムナー工房,サービス,その他サービス,5%
沖縄県,名護市,紅型キジムナー工房,サービス,その他サービス,5%
沖縄県,名護市,ファミリーフォート 東江店,サービス,その他サービス,5%
沖縄県,名護市,ファミリーストアーキヨタ,小売業,食料品,5%
沖縄県,名護市,フィールダイブ フィールダイブ,サービス,その他サービス,5%
沖縄県,名護市,ＦＬＡＰ ＣＯＦＦＥＥ,サービス,飲食業,5%
沖縄県,名護市,ＢＰ名護ＳＳ,小売業,ガソリンスタンド,2%
沖縄県,名護市,ヘアーサロンロイヤル,サービス,理容・美容業,5%
沖縄県,名護市,ｈａｉｒｍａｋｅＯＮＥ００６,サービス,理容・美容業,5%
沖縄県,名護市,ｈａｉｒ‐ｒｏｏｍｉｎｆｉｎｉｔｙ,サービス,理容・美容業,5%
沖縄県,名護市,辺野古ＳＳ,小売業,ガソリンスタンド,2%
沖縄県,名護市,ペンションいぺ－,サービス,宿泊業,5%
沖縄県,名護市,北部観光タクシー,サービス,運輸業,5%
沖縄県,名護市,北部スズキ,小売業,その他小売,5%
沖縄県,名護市,ホテルトーマス名護,サービス,宿泊業,5%
沖縄県,名護市,ホテル山田荘,サービス,宿泊業,5%
沖縄県,名護市,ホテルヤンバルニア,サービス,その他サービス,5%
沖縄県,名護市,ｍｙＨＡＬＯ６３,サービス,理容・美容業,5%
沖縄県,名護市,又吉観光農園,サービス,飲食業,5%
沖縄県,名護市,マリンクラブ Ｂｅｒｒｙ,小売業,その他小売,5%
沖縄県,名護市,マリンクラブ Ｂｅｒｒｙ,サービス,その他サービス,5%
沖縄県,名護市,マリンクラブベリー,サービス,その他サービス,5%
沖縄県,名護市,マルサンランドリー サンエー東江店,サービス,その他サービス,5%
沖縄県,名護市,マルサンランドリー サンエー伊差川店,サービス,その他サービス,5%
沖縄県,名護市,マルサンランドリー サンエー為又シティ店,サービス,その他サービス,5%
沖縄県,名護市,おきぽたショップ,小売業,食料品,5%
沖縄県,名護市,宮脇書店 イオン名護店,小売業,書籍・玩具・音楽ＣＤ,5%
沖縄県,名護市,宮脇書店 名護店,小売業,書籍・玩具・音楽ＣＤ,5%
沖縄県,名護市,名桜ＳＳ,小売業,ガソリンスタンド,2%
沖縄県,名護市,ＬＡＢＯ 名護店,小売業,衣料品,5%
沖縄県,名護市,リサイクルマート 名護店,小売業,その他小売,5%
沖縄県,那覇市,ホテルアーバンシー,サービス,その他サービス,5%
沖縄県,那覇市,Ｉｓｎａｉｌ,サービス,その他サービス,5%
沖縄県,那覇市,ａｉｍｉ,サービス,理容・美容業,5%
沖縄県,那覇市,アイレント那覇店,サービス,その他サービス,5%
沖縄県,那覇市,ａｏ． Ｏｋｉｎａｗａ,サービス,その他サービス,5%
沖縄県,那覇市,ＡＱＵＡ ＣＩＴＴＡ ホテルアクアチッタナハｂｙＷＢＦ,サービス,宿泊業,5%
沖縄県,那覇市,アクア グランド沖縄 海鮮料理 優尋,サービス,飲食業,5%
沖縄県,那覇市,アクアデート,サービス,その他サービス,5%
沖縄県,那覇市,Ａｇｕ ｈａｉｒ Ａｇｕ ｈａｉｒ ｔｅｒｒａｃｅ沖縄,サービス,理容・美容業,5%
沖縄県,那覇市,アクロスおもろまち那覇,サービス,宿泊業,5%
沖縄県,那覇市,安里バイパス給油所,小売業,ガソリンスタンド,2%
沖縄県,那覇市,安里バイパスＳＳ,小売業,ガソリンスタンド,2%
沖縄県,那覇市,アジアン居酒屋 サバイディー,サービス,飲食業,5%
沖縄県,那覇市,味と踊りの竜宮城 うらしま,サービス,飲食業,5%
沖縄県,那覇市,あじとやエクスプレス,サービス,飲食業,5%
沖縄県,那覇市,Ａｊｕ－ｒ ｈａｉｒ ｄｅｓｉｇｎ 【アジュール ヘアデザイン】,サービス,理容・美容業,5%
沖縄県,那覇市,アートデンキツボヤ,小売業,電化製品,5%
沖縄県,那覇市,ａｔｅｌｉｅｒ［ｅｓ］ＨＡＩＲＤＥＳＩＧＮ,サービス,理容・美容業,5%
沖縄県,那覇市,ａｔｅｌｉｅｒ［ｊｉｌｌ］ＨＡＩＲＤＥＳＩＧＮ,サービス,理容・美容業,5%
沖縄県,那覇市,ａｔｅｌｉｅｒ ｊｉｌｌ ＨＡＩＲＤＥＳＩＧＮ おもろまち支店,サービス,理容・美容業,5%
沖縄県,那覇市,あぱらぎ 曙店,サービス,飲食業,5%
沖縄県,那覇市,アピストゥクトゥクレンタカー,サービス,その他サービス,5%
沖縄県,那覇市,ＡＲＩＧＡＴＯ,小売業,衣料品,5%
沖縄県,那覇市,アルコリスタ,サービス,飲食業,5%
沖縄県,那覇市,歩人・灯,サービス,飲食業,5%
沖縄県,那覇市,α－ＢＯＤＹ,サービス,その他サービス,5%
沖縄県,那覇市,アロマリラクゼーションｚｚｚ,サービス,その他サービス,5%
沖縄県,那覇市,アロマリラクゼーションサロンｚｚｚ…,サービス,理容・美容業,5%
沖縄県,那覇市,アンジ,小売業,その他小売,5%
沖縄県,那覇市,ＵｎｄｅｒｂａｒＩｎｃ．,サービス,その他サービス,5%
沖縄県,那覇市,ＵＮＨＩＬＯＲＯＳＳＯ,サービス,理容・美容業,5%
沖縄県,那覇市,ｕｎｈｉｌｏｒｏｓｓｏｈａｉｒｍ,サービス,理容・美容業,5%
沖縄県,那覇市,ＥａｓｅＪａｐａｎ,小売業,衣料品,5%
沖縄県,那覇市,井口税理士事務所,サービス,その他サービス,5%
沖縄県,那覇市,井口千秋税理士事務所,サービス,その他サービス,5%
沖縄県,那覇市,生け簀の銀次 新都心店,サービス,飲食業,5%
沖縄県,那覇市,居酒屋 Ｅｉｌｌｙ 松尾店,サービス,飲食業,5%
沖縄県,那覇市,居酒屋 カシラ,サービス,飲食業,5%
沖縄県,那覇市,癒酒屋 こんちわ 首里城前店,サービス,飲食業,5%
沖縄県,那覇市,居酒屋七福神,サービス,飲食業,5%
沖縄県,那覇市,居酒屋レキオス,サービス,飲食業,5%
沖縄県,那覇市,石垣牛本舗焼肉八十八,サービス,飲食業,5%
沖縄県,那覇市,石垣牛焼肉 金城 久茂地,サービス,飲食業,5%
沖縄県,那覇市,石焼 石庵 那覇店,サービス,飲食業,5%
沖縄県,那覇市,ＩＴＳＵＫＯＰＬＵＳ,サービス,理容・美容業,5%
沖縄県,那覇市,Ｉｔ’ｓ．．．＠ｃａｆｅ,サービス,飲食業,5%
沖縄県,那覇市,いづみ洋菓子店,小売業,食料品,5%
沖縄県,那覇市,出光真玉橋ＳＳ,小売業,ガソリンスタンド,2%
沖縄県,那覇市,いぶし銀次郎 小禄店,サービス,飲食業,5%
沖縄県,那覇市,イマージュ 国際通り店,サービス,その他サービス,5%
沖縄県,那覇市,ｆＩＮＫＯＮＴＯＲＯ,サービス,理容・美容業,5%
沖縄県,那覇市,ＶＩＶＡＮＴ,サービス,理容・美容業,5%
沖縄県,那覇市,Ｗｉｃｋｙ サンエー具志川メインシティ,小売業,衣料品,5%
沖縄県,那覇市,ヴィラコーストニシマチ,サービス,その他サービス,5%
沖縄県,那覇市,ＵＥＨＡＲＡ ＴＡＸＩ,サービス,運輸業,5%
沖縄県,那覇市,上原ミート 市場前本店,小売業,食料品,5%
沖縄県,那覇市,上原ミート 牧志公設市場店,小売業,食料品,5%
沖縄県,那覇市,ウェリナ,サービス,その他サービス,5%
沖縄県,那覇市,ＵＫＩＳＨＩＭＡＩＮＮ,サービス,その他サービス,5%
沖縄県,那覇市,浮島ガーデン 沖縄店,サービス,飲食業,5%
沖縄県,那覇市,うどんそば松山,サービス,飲食業,5%
沖縄県,那覇市,海のちんぼらぁ,サービス,飲食業,5%
沖縄県,那覇市,うるま牛,サービス,飲食業,5%
沖縄県,那覇市,エアーショップ琉球,小売業,その他小売,5%
沖縄県,那覇市,エアポートイン那覇旭橋駅前,サービス,宿泊業,5%
沖縄県,那覇市,ＥＩＧＨＴ ｏｋｉｎａｗａ,サービス,理容・美容業,5%
沖縄県,那覇市,ＥＩＧＨＴ ｍａｋａｂｉ,サービス,理容・美容業,5%
沖縄県,那覇市,ＡＣＳ沖縄,サービス,その他サービス,5%
沖縄県,那覇市,ＥｎｅＪｅｔ上間ＳＳ,小売業,ガソリンスタンド,2%
沖縄県,那覇市,#FR2 月桃,小売業,衣料品,5%
沖縄県,那覇市,エポックゲート那覇メインプレイス店,小売業,衣料品,5%
沖縄県,那覇市,ＭＳふぁみーゆ,サービス,その他サービス,5%
沖縄県,那覇市,ＪＭ／エルサフィログラシアス,サービス,理容・美容業,5%
沖縄県,那覇市,大阪お好み焼き・鉄板焼き 森口家,サービス,飲食業,5%
沖縄県,那覇市,大迫商店,小売業,衣料品,5%
沖縄県,那覇市,大雅ダイニング,サービス,飲食業,5%
沖縄県,那覇市,オキテネムル,サービス,飲食業,5%
沖縄県,那覇市,沖東 大栄交通 本社営業所,サービス,運輸業,5%
沖縄県,那覇市,沖奈波タクシー,サービス,運輸業,5%
沖縄県,那覇市,沖縄アート体験 美ら風,サービス,その他サービス,5%
沖縄県,那覇市,オキナワアイランドサービス,サービス,その他サービス,5%
沖縄県,那覇市,沖縄オリエンタルホテル,サービス,宿泊業,5%
沖縄県,那覇市,沖縄久茂地おりがみ,サービス,飲食業,5%
沖縄県,那覇市,沖縄交通 沖縄交通 ５号車,サービス,運輸業,5%
沖縄県,那覇市,沖縄交通 沖縄交通タクシー,サービス,運輸業,5%
沖縄県,那覇市,沖縄港油給油所,小売業,ガソリンスタンド,2%
沖縄県,那覇市,沖縄塩元売株式会社,小売業,食料品,5%
沖縄県,那覇市,沖縄支店,サービス,その他サービス,5%
沖縄県,那覇市,沖縄自転車通販那覇ショールーム,小売業,その他小売,5%
沖縄県,那覇市,おきなわトロピコ,サービス,その他サービス,5%
沖縄県,那覇市,ＯＫＩＮＡＷＡＢＩＡＮＣＯ,小売業,その他小売,5%
沖縄県,那覇市,沖縄表装,サービス,その他サービス,5%
沖縄県,那覇市,ＯＫＩＮＡＷＡ文化屋雑貨店,小売業,家具・調度品,5%
沖縄県,那覇市,ＯＫＩＮＡＷＡ文化屋雑貨店,小売業,家具・調度品,5%
沖縄県,那覇市,沖縄ポーターサービス,サービス,その他サービス,5%
沖縄県,那覇市,沖縄ホテル,サービス,宿泊業,5%
沖縄県,那覇市,おきなわ屋 泡盛蔵 国際店,小売業,家具・調度品,5%
沖縄県,那覇市,おきなわ屋 国際通り店,小売業,家具・調度品,5%
沖縄県,那覇市,おきなわ屋 スクランブル店,小売業,家具・調度品,5%
沖縄県,那覇市,おきなわ屋 本店,小売業,その他小売,5%
沖縄県,那覇市,おきなわ屋 本店,小売業,家具・調度品,5%
沖縄県,那覇市,おきなわ屋 美浜店,小売業,家具・調度品,5%
沖縄県,那覇市,おきなわ屋泡盛蔵 美栄橋店,小売業,家具・調度品,5%
沖縄県,那覇市,おきなわ屋泡盛蔵美栄橋店,小売業,その他小売,5%
沖縄県,那覇市,沖繩ヤクルト 健康みらい 週極,小売業,食料品,5%
沖縄県,那覇市,沖繩ヤクルト 小禄,小売業,食料品,5%
沖縄県,那覇市,沖繩ヤクルト 波の上,小売業,食料品,5%
沖縄県,那覇市,沖繩ヤクルト 新都心,小売業,食料品,5%
沖縄県,那覇市,おきなわ屋国際通り店,小売業,その他小売,5%
沖縄県,那覇市,おきなわ屋スクランブル店,小売業,その他小売,5%
沖縄県,那覇市,沖らく,サービス,飲食業,5%
沖縄県,那覇市,おたべ・辻利那覇空港店,小売業,その他小売,5%
沖縄県,那覇市,オペレッタ 那覇ＯＰＡ店,小売業,その他小売,5%
沖縄県,那覇市,お土産店 台風,小売業,その他小売,5%
沖縄県,那覇市,オランディア・ガーデン,小売業,その他小売,5%
沖縄県,那覇市,オン・ザ・ビーチ ルー,サービス,宿泊業,5%
沖縄県,那覇市,ＯＮＯＦＦＹＥＳＮＯ,サービス,飲食業,5%
沖縄県,那覇市,カービングショップまんてん,小売業,その他小売,5%
沖縄県,那覇市,回おもろまち店,サービス,飲食業,5%
沖縄県,那覇市,カイザ－マリンクラブ,サービス,その他サービス,5%
沖縄県,那覇市,海鮮とろ箱と島やさい天串 ぬもんちゅが,サービス,飲食業,5%
沖縄県,那覇市,回本店,サービス,飲食業,5%
沖縄県,那覇市,かき小屋桜坂,サービス,飲食業,5%
沖縄県,那覇市,カクレミノ家 那覇店,小売業,その他小売,5%
沖縄県,那覇市,語い処 みるく世果報,サービス,飲食業,5%
沖縄県,那覇市,かとれあ,サービス,理容・美容業,5%
沖縄県,那覇市,カネタカ電器,小売業,電化製品,5%
沖縄県,那覇市,Ｃａｆｅ ＯＮＥＯＲＥＩＧＨＴ,サービス,飲食業,5%
沖縄県,那覇市,カフェ＆ダイニングＭａｔｅｋｉ,サービス,飲食業,5%
沖縄県,那覇市,Ｃａｆｅ３?ＰＬＡＮＴ,サービス,飲食業,5%
沖縄県,那覇市,株式会社アサヒ商事,小売業,電化製品,5%
沖縄県,那覇市,株式会社国際旅行社 本社営業所,サービス,その他サービス,5%
沖縄県,那覇市,株式会社トージツ貨物,サービス,運輸業,5%
沖縄県,那覇市,株式会社ＢＲＩＬＬＩＡＮＴ,サービス,その他サービス,5%
沖縄県,那覇市,株式会社レカム沖縄,小売業,家具・調度品,5%
沖縄県,那覇市,株式会社わかさ,サービス,その他サービス,5%
沖縄県,那覇市,がブリチキン。那覇久茂地店,サービス,飲食業,5%
沖縄県,那覇市,神原三洋,小売業,電化製品,5%
沖縄県,那覇市,ｃｏｌｏｒ＇ｓｃｒｏｐ,サービス,その他サービス,5%
沖縄県,那覇市,カラオケハウス とまと 一日橋店,サービス,その他サービス,5%
沖縄県,那覇市,カラオケハウス とまと 古波蔵店,サービス,その他サービス,5%
沖縄県,那覇市,カラオケハウス とまと 名護店,サービス,その他サービス,5%
沖縄県,那覇市,カラオケ屋和Ｓａｂｉ,サービス,飲食業,5%
沖縄県,那覇市,Ｋａｒａｈａｉ店,小売業,衣料品,5%
沖縄県,那覇市,かりゆしツーリスト,サービス,その他サービス,5%
沖縄県,那覇市,ｃａｒｉｎ 那覇真嘉比店,サービス,理容・美容業,5%
沖縄県,那覇市,ＣｕｒｒｙＢａｒ ＮＡＴＳＵＥ,サービス,飲食業,5%
沖縄県,那覇市,カレーハウスＣｏＣｏ壱番屋那覇天久店,サービス,飲食業,2%
沖縄県,那覇市,カレーハウスＣＯＣＯ壱番屋那覇金城店,サービス,飲食業,2%
沖縄県,那覇市,河合塾マナビスおもろまち校,サービス,その他サービス,2%
沖縄県,那覇市,河合塾マナビス首里儀保校,サービス,その他サービス,2%
沖縄県,那覇市,玩具ロードワークス,サービス,その他サービス,5%
沖縄県,那覇市,がんじゅう鍼灸院 がんじゅう鍼灸院,サービス,その他サービス,5%
沖縄県,那覇市,ｋｉｔｃｈｅｎ３３,サービス,飲食業,5%
沖縄県,那覇市,キャップキッチン,サービス,飲食業,5%
沖縄県,那覇市,キャプテンズ イン 国際通り店,サービス,飲食業,5%
沖縄県,那覇市,キャプテンズ イン 松尾店,サービス,飲食業,5%
沖縄県,那覇市,キャプテンズイン東町店,サービス,飲食業,5%
沖縄県,那覇市,Ｃａｎｄｙ,サービス,飲食業,5%
沖縄県,那覇市,Ｃｕｉｓｓｏｎ ｄｅ Ｌａ ｖｉａｎｄｅ,サービス,飲食業,5%
沖縄県,那覇市,牛角天久店,サービス,飲食業,2%
沖縄県,那覇市,牛角おもろまち駅前店,サービス,飲食業,2%
沖縄県,那覇市,牛角那覇鏡原店,サービス,飲食業,2%
沖縄県,那覇市,ｃｕｒｉｏｓｉｔｉｅｓ,小売業,衣料品,5%
沖縄県,那覇市,京都屋クリーニング 天久りうぼう店,サービス,その他サービス,5%
沖縄県,那覇市,京都屋クリーニング 一日橋店,サービス,その他サービス,5%
沖縄県,那覇市,京都屋クリーニング ＭＶ小禄店,サービス,その他サービス,5%
沖縄県,那覇市,京都屋クリーニング りうぼう国場店,サービス,その他サービス,5%
沖縄県,那覇市,京都屋クリーニング りうぼう栄町店,サービス,その他サービス,5%
沖縄県,那覇市,鏡原ＳＳ,小売業,ガソリンスタンド,2%
沖縄県,那覇市,業務スーパー小禄店,小売業,食料品,2%
沖縄県,那覇市,金武アグーしゃぶしゃぶ金武,サービス,飲食業,5%
沖縄県,那覇市,金城実佳,サービス,その他サービス,5%
沖縄県,那覇市,きんそば 沖縄そば きんそば,サービス,飲食業,5%
沖縄県,那覇市,金太郎開発,サービス,その他サービス,5%
沖縄県,那覇市,ＫＵＫＵＲＵＯＫＩＮＡＷＡ市場店,小売業,衣料品,5%
沖縄県,那覇市,ＫＵＫＵＲＵＯＫＩＮＡＷＡ島結店,小売業,衣料品,5%
沖縄県,那覇市,ＫＵＫＵＲＵＯＫＩＮＡＷＡ那覇店,小売業,衣料品,5%
沖縄県,那覇市,串かつ こぱん 那覇店,サービス,飲食業,5%
沖縄県,那覇市,串カツ居酒屋クニヒロ,サービス,飲食業,5%
沖縄県,那覇市,古酒家 市場店,小売業,家具・調度品,5%
沖縄県,那覇市,古酒家 ２号店,小売業,家具・調度品,5%
沖縄県,那覇市,古酒家 本店,小売業,家具・調度品,5%
沖縄県,那覇市,国吉ミシン店,小売業,電化製品,5%
沖縄県,那覇市,くば笠屋 国際通り店,小売業,その他小売,5%
沖縄県,那覇市,くば笠屋 平和通り店,小売業,その他小売,5%
沖縄県,那覇市,Ｇｒａｎｏ,サービス,飲食業,5%
沖縄県,那覇市,ＣＬＡＳＩＣＡ那覇おもろまち店,サービス,理容・美容業,5%
沖縄県,那覇市,蔵土,サービス,飲食業,5%
沖縄県,那覇市,グランドキャビンホテル那覇小禄,サービス,宿泊業,5%
沖縄県,那覇市,クリアスホテル壺川マルシェ,サービス,宿泊業,5%
沖縄県,那覇市,グリーンドラッグ 首里店（調剤）,小売業,その他小売,5%
沖縄県,那覇市,グリーンドラッグ 与儀店（調剤）,小売業,その他小売,5%
沖縄県,那覇市,グリーンドラッグ首里店,小売業,その他小売,5%
沖縄県,那覇市,グリーンドラッグ与儀店,小売業,その他小売,5%
沖縄県,那覇市,グレイス那覇,サービス,宿泊業,5%
沖縄県,那覇市,ＣｌｅｏＢｅａｕｔｙ＆Ｃｏ．,サービス,理容・美容業,5%
沖縄県,那覇市,グレディブリリアン 那覇メインプレイス店,小売業,衣料品,5%
沖縄県,那覇市,ｑｕｉｅｔｄｅｓｉｇｎ,小売業,衣料品,5%
沖縄県,那覇市,燻製酒場 煙人,サービス,飲食業,5%
沖縄県,那覇市,ケイ・ウノ沖縄おもろまち店,小売業,貴金属・服飾品,5%
沖縄県,那覇市,ｋ‘ｓ ｈａｉｒ,サービス,理容・美容業,5%
沖縄県,那覇市,Ｋ－ＦＵＮＫ,サービス,飲食業,5%
沖縄県,那覇市,ゲストハウスＹＵＴＡＫＡ,サービス,宿泊業,5%
沖縄県,那覇市,ｑｕｅｔｚａｌ ＴＡＸＩ,サービス,運輸業,5%
沖縄県,那覇市,公設市場横丁 公設市場横丁,小売業,その他小売,5%
沖縄県,那覇市,合同会社 沖縄科学教材社 沖縄バーゲンブック,小売業,書籍・玩具・音楽ＣＤ,5%
沖縄県,那覇市,ＣＯＴＥＤＯＲ,小売業,食料品,5%
沖縄県,那覇市,ＣＯＦＦＥＥ ｐｏｔｏｈｏｔｏ,サービス,飲食業,5%
沖縄県,那覇市,コープあっぷるタウン,小売業,食料品,5%
沖縄県,那覇市,コープおきなわ コープあぷれ,サービス,その他サービス,5%
沖縄県,那覇市,コープおろく,小売業,食料品,5%
沖縄県,那覇市,コープこくば,小売業,食料品,5%
沖縄県,那覇市,コープ寒川,小売業,食料品,2%
沖縄県,那覇市,コープ首里,小売業,食料品,5%
沖縄県,那覇市,コキヤ,サービス,飲食業,5%
沖縄県,那覇市,国際旅行社 本社,サービス,その他サービス,5%
沖縄県,那覇市,黒糖屋,小売業,食料品,5%
沖縄県,那覇市,心地治療院,サービス,理容・美容業,5%
沖縄県,那覇市,ココロｈａｉｒ＆ｍａｋｅ 快,サービス,理容・美容業,5%
沖縄県,那覇市,個人タクシ?,サービス,運輸業,5%
沖縄県,那覇市,コスモワイン館,小売業,家具・調度品,5%
沖縄県,那覇市,コータロー自動車,サービス,その他サービス,5%
沖縄県,那覇市,Ｋｏｃｃｈｉ＆Ｋｏｃｃｈｉ,小売業,家具・調度品,5%
沖縄県,那覇市,ＫＯ菜ＹＡ 小禄駅前店,サービス,飲食業,5%
沖縄県,那覇市,ＫＯ菜ＹＡ 新都心店,サービス,飲食業,5%
沖縄県,那覇市,三代目米八十米,サービス,その他サービス,5%
沖縄県,那覇市,Ｇ ｏ ｎ カフェ,サービス,飲食業,5%
沖縄県,那覇市,Ｋｏｎｃｈｉｗａ,サービス,飲食業,5%
沖縄県,那覇市,コンドミニアム ＧＯＬＦ ＧＯＬＦ 壺屋,サービス,宿泊業,5%
沖縄県,那覇市,コンドミニオ マキシ,サービス,宿泊業,5%
沖縄県,那覇市,ＣｏｎｄｏｍｉｎｉｏＭａｋｉｓｈｉＡｎｎ,サービス,宿泊業,5%
沖縄県,那覇市,ザ・プールサイドバー,サービス,宿泊業,5%
沖縄県,那覇市,サイコロ堂,小売業,その他小売,5%
沖縄県,那覇市,ＳＩＧＮ,サービス,理容・美容業,5%
沖縄県,那覇市,ＳＯＵＴＨ ＳＴＯＲＥ,小売業,衣料品,5%
沖縄県,那覇市,ＦＩＶＥ,サービス,飲食業,5%
沖縄県,那覇市,肴菜,サービス,飲食業,5%
沖縄県,那覇市,肴屋 あうん,サービス,飲食業,5%
沖縄県,那覇市,肴屋 あうん,サービス,飲食業,5%
沖縄県,那覇市,ＳＵＣＣＥＳＳ－Ｂ,サービス,その他サービス,5%
沖縄県,那覇市,酒のスマイル小禄店,小売業,食料品,5%
沖縄県,那覇市,酒のレッジアル,小売業,その他小売,5%
沖縄県,那覇市,サザンウィング高良セルフステーション,小売業,ガソリンスタンド,2%
沖縄県,那覇市,幸タクシー,サービス,運輸業,5%
沖縄県,那覇市,☆ｓｕｎｎｙｐｌａｃｅ☆,サービス,その他サービス,5%
沖縄県,那覇市,サロンドゥシャルム,サービス,その他サービス,5%
沖縄県,那覇市,サロンドぐー沖縄,小売業,衣料品,5%
沖縄県,那覇市,サンキュー真嘉比店,小売業,その他小売,5%
沖縄県,那覇市,サンセール宇栄原ＳＳ,小売業,ガソリンスタンド,2%
沖縄県,那覇市,サンセットヒルズイン那覇,サービス,宿泊業,5%
沖縄県,那覇市,産直市場,小売業,家具・調度品,5%
沖縄県,那覇市,サンテ・ルージュ,サービス,理容・美容業,5%
沖縄県,那覇市,サンプラザかねひで 県庁売店,小売業,食料品,5%
沖縄県,那覇市,サンプラザ県庁店,サービス,宿泊業,5%
沖縄県,那覇市,サンプラザホテル,サービス,宿泊業,5%
沖縄県,那覇市,ＧＲＧホテル 那覇東町,サービス,宿泊業,5%
沖縄県,那覇市,ＧＲＧホテル那覇,サービス,宿泊業,5%
沖縄県,那覇市,シーサー海人商店,小売業,その他小売,5%
沖縄県,那覇市,シーサイドレンタカー 沖縄営業所,サービス,その他サービス,5%
沖縄県,那覇市,ｃｃ,小売業,衣料品,5%
沖縄県,那覇市,ｓｈｅ’ｓｎａｉｌ,サービス,理容・美容業,5%
沖縄県,那覇市,ＪＥＥＮＡＲ 牧志店,小売業,貴金属・服飾品,5%
沖縄県,那覇市,ＪＥＥＮＡＲ 松尾店,小売業,貴金属・服飾品,5%
沖縄県,那覇市,ｓｅａＦｏｒｅｓｔ,サービス,理容・美容業,5%
沖縄県,那覇市,シーランド 那覇店,小売業,その他小売,5%
沖縄県,那覇市,ＪＡおきなわ小禄支店 経済課,小売業,その他小売,5%
沖縄県,那覇市,ＪＡグリーン首里,小売業,その他小売,5%
沖縄県,那覇市,シーサー海人商店,小売業,その他小売,5%
沖縄県,那覇市,疾風ホルモン久茂地本店,サービス,飲食業,5%
沖縄県,那覇市,疾風ホルモン前島店,サービス,飲食業,5%
沖縄県,那覇市,芝崎プロポーション＆ボディケア,サービス,その他サービス,5%
沖縄県,那覇市,島しゃぶしゃぶＮＡＫＡＭＡ,サービス,飲食業,5%
沖縄県,那覇市,シマのお菓子屋さんｐｅｌｉｐｅｌｉ,サービス,飲食業,5%
沖縄県,那覇市,島の人,サービス,飲食業,5%
沖縄県,那覇市,島豚石焼燦,サービス,飲食業,5%
沖縄県,那覇市,びがすり,サービス,飲食業,5%
沖縄県,那覇市,ジミー イオン那覇店,小売業,食料品,5%
沖縄県,那覇市,ジミー 空港店,小売業,食料品,5%
沖縄県,那覇市,ジミー 首里店,小売業,食料品,5%
沖縄県,那覇市,ジミー 那覇店,小売業,食料品,5%
沖縄県,那覇市,Ｓｈｉｍｕはまかわ,サービス,飲食業,5%
沖縄県,那覇市,ＪｏｕｒｎｅｙＯＫＩＮＡＷＡ,サービス,その他サービス,5%
沖縄県,那覇市,ＪＡＪＡ ＱＵＥＥＮ,小売業,衣料品,5%
沖縄県,那覇市,ＪｕｓｔａｄｄＢｏｏｋｓ,小売業,書籍・玩具・音楽ＣＤ,5%
沖縄県,那覇市,シャディ沖縄 那覇店,小売業,その他小売,5%
沖縄県,那覇市,しゃぶちん ｂｙ 金城商店,サービス,飲食業,5%
沖縄県,那覇市,ＪＡＭ ＭＡＲＫＥＴ 国際通り店,小売業,家具・調度品,5%
沖縄県,那覇市,ＣｈａｎｄｅｌｉｅｒＢｏｕｔｉｑｕｅ,小売業,衣料品,5%
沖縄県,那覇市,ジャンピングシーサー,小売業,家具・調度品,5%
沖縄県,那覇市,ｃｈｏｕ ｃｈｏｕ,サービス,理容・美容業,5%
沖縄県,那覇市,十文字屋呉服店,小売業,衣料品,5%
沖縄県,那覇市,ＪＵＬＥＳ,サービス,理容・美容業,5%
沖縄県,那覇市,酒家とりふく,サービス,飲食業,5%
沖縄県,那覇市,首里 東道Ｄｉｎｉｎｇ,サービス,飲食業,5%
沖縄県,那覇市,首里ＳＳ,小売業,ガソリンスタンド,2%
沖縄県,那覇市,首里琉染,小売業,衣料品,5%
沖縄県,那覇市,守礼堂,小売業,家具・調度品,5%
沖縄県,那覇市,守礼堂,小売業,家具・調度品,5%
沖縄県,那覇市,守礼堂 久茂地店,小売業,家具・調度品,5%
沖縄県,那覇市,ジョイクリエイト沖縄ティーダ,サービス,その他サービス,5%
沖縄県,那覇市,省エネニュ－システム株式会社,小売業,電化製品,5%
沖縄県,那覇市,常次タクシー,サービス,運輸業,5%
沖縄県,那覇市,Ｓｈｏｕｚｕ ｓｗｅｅｔｓ ＯＺ,小売業,食料品,5%
沖縄県,那覇市,焼酎酒場 いざよい おもろまち店,サービス,飲食業,5%
沖縄県,那覇市,笑店 首里城公園内売店,小売業,衣料品,5%
沖縄県,那覇市,昭和物語前島店,サービス,飲食業,5%
沖縄県,那覇市,ＪＡＷＳ ＭＥＡＴＰＩＥ,サービス,飲食業,5%
沖縄県,那覇市,叙々苑 沖縄おもろまち店,サービス,飲食業,5%
沖縄県,那覇市,ショップみやひら,小売業,その他小売,5%
沖縄県,那覇市,ショールーム＆流通センター,小売業,家具・調度品,5%
沖縄県,那覇市,白石サービスステーション 那覇大橋,小売業,ガソリンスタンド,2%
沖縄県,那覇市,白石サービスステーション 波之上海岸,小売業,ガソリンスタンド,2%
沖縄県,那覇市,神宮スタジオ,サービス,その他サービス,5%
沖縄県,那覇市,甚兵衛,サービス,飲食業,5%
沖縄県,那覇市,ＶＡＧＡＢＯＮＤ,小売業,衣料品,5%
沖縄県,那覇市,すき焼き松山燦別館,サービス,飲食業,5%
沖縄県,那覇市,ｓｕｇｕｒｉ美ら島すぐりぃ,小売業,その他小売,5%
沖縄県,那覇市,すし きわむ,サービス,飲食業,5%
沖縄県,那覇市,鮨いずみ,サービス,飲食業,5%
沖縄県,那覇市,鮨やぎぬま,サービス,飲食業,5%
沖縄県,那覇市,スタジオハリウッド,小売業,その他小売,5%
沖縄県,那覇市,ステーキハウス８８Ｊｒ．松山店,サービス,飲食業,5%
沖縄県,那覇市,ステーキハウス８８那覇空港店,サービス,飲食業,5%
沖縄県,那覇市,ステーキ海鮮 八十八亭,サービス,飲食業,5%
沖縄県,那覇市,ステーキダイニング８８ 松尾店,サービス,飲食業,5%
沖縄県,那覇市,ステーキハウス ８８ 国際通り店,サービス,飲食業,5%
沖縄県,那覇市,ステーキハウス８８,サービス,飲食業,5%
沖縄県,那覇市,ステーキハウス８８ 国際通り店,サービス,飲食業,5%
沖縄県,那覇市,ステーキハウス８８ 国際通り店ＡＮＮＥＸ,サービス,飲食業,5%
沖縄県,那覇市,ステーキハウス８８ 辻本店,サービス,飲食業,5%
沖縄県,那覇市,ステーキハウス８８国際アネックス,サービス,飲食業,5%
沖縄県,那覇市,ステーキハウス８８国際通り西口店,サービス,飲食業,5%
沖縄県,那覇市,ステーキハウス８８Ｊｒ．マツヤマテン,サービス,飲食業,5%
沖縄県,那覇市,ステーキハウス８８那覇空港店,サービス,飲食業,5%
沖縄県,那覇市,ステップバイステップ,小売業,その他小売,5%
沖縄県,那覇市,スヒロー,サービス,その他サービス,5%
沖縄県,那覇市,スマートコンド泊,サービス,宿泊業,5%
沖縄県,那覇市,炭火焼肉 ぶち 久茂地店,サービス,飲食業,5%
沖縄県,那覇市,炭火焼肉 平和苑,サービス,飲食業,5%
沖縄県,那覇市,ＴＨＲＥＥ ＢＥＥ,サービス,理容・美容業,5%
沖縄県,那覇市,整体院フルール,サービス,その他サービス,5%
沖縄県,那覇市,整体美顔まほろば真地店,サービス,その他サービス,5%
沖縄県,那覇市,セイモリ電器,小売業,電化製品,5%
沖縄県,那覇市,沖縄総合貿易,小売業,家具・調度品,5%
沖縄県,那覇市,セルフ小禄バイパスＳＳ,小売業,ガソリンスタンド,2%
沖縄県,那覇市,セレクトブランドショップＩＬＴ,小売業,その他小売,5%
沖縄県,那覇市,セレクトレンタカー,サービス,その他サービス,5%
沖縄県,那覇市,０３ｈａｉｒ,サービス,理容・美容業,5%
沖縄県,那覇市,潜水屋,サービス,その他サービス,5%
沖縄県,那覇市,蕎麦ダイニング 浄照窯,サービス,飲食業,5%
沖縄県,那覇市,ソフィアカロン,サービス,理容・美容業,5%
沖縄県,那覇市,空の土産屋 美ら島,小売業,家具・調度品,5%
沖縄県,那覇市,ＳＳＯＬＳｕｐｏｒｔｓＳｏｌｕｔｉｏｎＬａｂｏ,サービス,その他サービス,5%
沖縄県,那覇市,ダイコクドラッグ小禄駅前店,小売業,その他小売,5%
沖縄県,那覇市,ダイコクドラッグ久茂地１丁目店,小売業,その他小売,5%
沖縄県,那覇市,ダイコクドラッグ県庁前駅北店,小売業,その他小売,5%
沖縄県,那覇市,ダイコクドラッグ国際通り県庁前店,小売業,その他小売,5%
沖縄県,那覇市,ダイコクドラッグ国際通り西店,小売業,その他小売,5%
沖縄県,那覇市,ダイコクドラッグ国際通り牧志店,小売業,その他小売,5%
沖縄県,那覇市,ダイコクドラッグ国際通り松尾１丁目店,小売業,その他小売,5%
沖縄県,那覇市,ダイコクドラッグ国際通りむつみ橋店,小売業,その他小売,5%
沖縄県,那覇市,ダイコクドラッグ那覇平和通り店,小売業,その他小売,5%
沖縄県,那覇市,だいこんの花 安謝店,サービス,飲食業,5%
沖縄県,那覇市,だいこんの花 小禄店,サービス,飲食業,5%
沖縄県,那覇市,大衆酒場 八六,サービス,飲食業,5%
沖縄県,那覇市,ダイニング花,サービス,飲食業,5%
沖縄県,那覇市,ダイブコーヴィー,サービス,その他サービス,5%
沖縄県,那覇市,タイムステーションＮＥＯイオン那覇店,小売業,貴金属・服飾品,5%
沖縄県,那覇市,タイヤＢＯＸ,小売業,その他小売,5%
沖縄県,那覇市,タウンプラザかねひで あけぼの店,小売業,食料品,5%
沖縄県,那覇市,タウンプラザかねひで 小禄店,小売業,食料品,5%
沖縄県,那覇市,タウンプラザかねひで 首里久場川市場,小売業,食料品,5%
沖縄県,那覇市,タウンプラザかねひで 壺川店,小売業,食料品,5%
沖縄県,那覇市,タウンプラザかねひで にしのまち市場,小売業,食料品,5%
沖縄県,那覇市,タウンプラザかねひで 繁多川市場,小売業,食料品,5%
沖縄県,那覇市,タウンプラザかねひで 古島店,小売業,食料品,5%
沖縄県,那覇市,タウンプラザかねひで 与儀公園前店,小売業,食料品,5%
沖縄県,那覇市,タウンプラザかねひで 与儀店,小売業,食料品,5%
沖縄県,那覇市,タウンプラザかねひで 与儀東店,小売業,食料品,5%
沖縄県,那覇市,タウンプラザかねひで首里久場川市,サービス,宿泊業,5%
沖縄県,那覇市,タウンプラザかねひで壷川店,サービス,宿泊業,5%
沖縄県,那覇市,タウンプラザかねひで西町店,サービス,宿泊業,5%
沖縄県,那覇市,たくし薬局,小売業,その他小売,5%
沖縄県,那覇市,［ＨＣ］ただし電気,小売業,電化製品,5%
沖縄県,那覇市,たばこショップけむり屋沖縄,小売業,その他小売,5%
沖縄県,那覇市,たばこ屋本舗 外間,小売業,家具・調度品,5%
沖縄県,那覇市,田原ＳＳ,小売業,ガソリンスタンド,2%
沖縄県,那覇市,たびの邸宅 沖縄那覇,サービス,宿泊業,5%
沖縄県,那覇市,旅の宿 らくちん,サービス,宿泊業,5%
沖縄県,那覇市,たびのレシピ 沖縄支店,サービス,その他サービス,5%
沖縄県,那覇市,ＷＢＦレンタカー 那覇空港営業所,サービス,その他サービス,5%
沖縄県,那覇市,ダブルツリーｂｙヒルトン那覇首里城店,小売業,貴金属・服飾品,5%
沖縄県,那覇市,ＤＵＮＫ ＤＩＶＩＮＧ ／ マリンスター,サービス,その他サービス,5%
沖縄県,那覇市,団欒酒場 赤とんぼ,サービス,飲食業,5%
沖縄県,那覇市,千笑タクシー,サービス,運輸業,5%
沖縄県,那覇市,ｃｉｅｌｏ,サービス,理容・美容業,5%
沖縄県,那覇市,チビかつ商店３丁目,サービス,飲食業,5%
沖縄県,那覇市,北谷メディア有限会社,サービス,その他サービス,5%
沖縄県,那覇市,Ｃｈａｈａｔナハ,小売業,衣料品,5%
沖縄県,那覇市,チャンプルー家,小売業,食料品,5%
沖縄県,那覇市,株式会社中央ツーリスト イオン那覇店,サービス,その他サービス,2%
沖縄県,那覇市,株式会社中央ツーリスト 本店,サービス,その他サービス,5%
沖縄県,那覇市,ちゅら ちゅら,小売業,家具・調度品,5%
沖縄県,那覇市,ＣＨＵＲＡＣＯＳ,小売業,その他小売,5%
沖縄県,那覇市,美らほぐし本舗もみぐすい,サービス,理容・美容業,5%
沖縄県,那覇市,長寿沖縄村 遊び庭,小売業,家具・調度品,5%
沖縄県,那覇市,ちんだみ三線店,小売業,その他小売,5%
沖縄県,那覇市,手作り島ぞうり工房チンダミ屋,小売業,衣料品,5%
沖縄県,那覇市,Ｔｉ－ｍｕｎ,サービス,理容・美容業,5%
沖縄県,那覇市,築地青空三代目 那覇本店,サービス,飲食業,5%
沖縄県,那覇市,築地男前鮓国際通り屋台村店,サービス,飲食業,5%
沖縄県,那覇市,辻タクシー,サービス,運輸業,5%
沖縄県,那覇市,ＤＥＡＲＲＹＵＱ,小売業,家具・調度品,5%
沖縄県,那覇市,Ｔ ｓ ｓｔｙｌｅ Ｃｏｆｆｅｅ 那覇新都心店,小売業,書籍・玩具・音楽ＣＤ,5%
沖縄県,那覇市,Ｄｅｔａｉｌｆｕｌｌ,小売業,衣料品,5%
沖縄県,那覇市,ティサージホテル那覇,サービス,宿泊業,5%
沖縄県,那覇市,ｔｉｔｕｔｉ,サービス,その他サービス,5%
沖縄県,那覇市,チーズＢＡＲ ＴＩＮＧＡＲＡ,サービス,飲食業,5%
沖縄県,那覇市,ティンガーラ牧志店,小売業,衣料品,5%
沖縄県,那覇市,ＤＥＮＮＹ´Ｓ,サービス,飲食業,5%
沖縄県,那覇市,寺子屋 琉膳,小売業,その他小売,5%
沖縄県,那覇市,天丼はせ川,サービス,飲食業,5%
沖縄県,那覇市,東洋交通,サービス,運輸業,5%
沖縄県,那覇市,Ｔｗｉｃｅ,サービス,理容・美容業,5%
沖縄県,那覇市,トーエ洋菓子店,小売業,食料品,5%
沖縄県,那覇市,Ｄｒ．Ｄｒｉｖｅ 寒川ＳＳ,小売業,ガソリンスタンド,2%
沖縄県,那覇市,Ｄｒ．Ｄｒｉｖｅ 寄宮ＳＳ,小売業,ガソリンスタンド,2%
沖縄県,那覇市,トップラインコーポレーション,サービス,その他サービス,5%
沖縄県,那覇市,富川金物店,小売業,その他小売,5%
沖縄県,那覇市,トヨタ上泉,小売業,その他小売,5%
沖縄県,那覇市,トヨタレンタリース沖縄,サービス,その他サービス,2%
沖縄県,那覇市,トヨタレンタリース沖縄 安謝店,サービス,その他サービス,2%
沖縄県,那覇市,トヨタレンタリース沖縄 Ｔギャラリア沖縄,サービス,その他サービス,2%
沖縄県,那覇市,トヨタレンタリース沖縄 那覇空港店,サービス,その他サービス,2%
沖縄県,那覇市,ドライヘッドマッサージＦｕーｗａ,サービス,その他サービス,5%
沖縄県,那覇市,ドラッグストアリューホー,小売業,その他小売,5%
沖縄県,那覇市,ＴｒａｔｔｏｒｉａＡｌｂｅｒｏＧｒａｎｄ,サービス,飲食業,5%
沖縄県,那覇市,ＴＯＲＡＮＫＳ那覇,サービス,理容・美容業,5%
沖縄県,那覇市,トリミングサロンＯｌｕｐｏｎｏ,サービス,その他サービス,5%
沖縄県,那覇市,１３ＴＲＥＣＥ,サービス,飲食業,5%
沖縄県,那覇市,トレンド大城,小売業,電化製品,5%
沖縄県,那覇市,トレンドオオタ,小売業,電化製品,5%
沖縄県,那覇市,トレンドさつき,小売業,電化製品,5%
沖縄県,那覇市,トレンドとなみ首里店,小売業,電化製品,5%
沖縄県,那覇市,トレンドとなみ おもろまち店,小売業,電化製品,5%
沖縄県,那覇市,トレンドパナック,小売業,電化製品,5%
沖縄県,那覇市,トレンドフジ,小売業,電化製品,5%
沖縄県,那覇市,トレンドライフ,小売業,電化製品,5%
沖縄県,那覇市,トロピカルショップ セブ島,小売業,家具・調度品,5%
沖縄県,那覇市,とんかつ太郎小禄バイパス店,サービス,飲食業,5%
沖縄県,那覇市,とんかつ太郎新都心店,サービス,飲食業,5%
沖縄県,那覇市,なぎさ動物病院,サービス,その他サービス,5%
沖縄県,那覇市,なぎさリペア,小売業,電化製品,5%
沖縄県,那覇市,和タクシー,サービス,運輸業,5%
沖縄県,那覇市,なちゅら新都心店（株式会社アチーブ）,サービス,理容・美容業,5%
沖縄県,那覇市,那覇小顔センター,サービス,理容・美容業,5%
沖縄県,那覇市,那覇獣医科病院,サービス,その他サービス,5%
沖縄県,那覇市,那覇ビーチサイドホテル,サービス,宿泊業,5%
沖縄県,那覇市,那覇メインプレス,小売業,その他小売,5%
沖縄県,那覇市,南国セラピー 琉球,サービス,理容・美容業,5%
沖縄県,那覇市,南西観光ホテル,サービス,宿泊業,5%
沖縄県,那覇市,二胡姫,小売業,書籍・玩具・音楽ＣＤ,5%
沖縄県,那覇市,西口商店 栄町,サービス,飲食業,5%
沖縄県,那覇市,日本くるまえび養殖株式会社,小売業,家具・調度品,5%
沖縄県,那覇市,日本酒バル ＴＩＰＳＹ,サービス,飲食業,5%
沖縄県,那覇市,ＮｅｗＡｒｏｍａＲｅｖｅｕｒ,サービス,理容・美容業,5%
沖縄県,那覇市,ニュータウン与儀ＳＳ,小売業,ガソリンスタンド,2%
沖縄県,那覇市,ＮＥＷＦＵＮＫ ＳＴＯＲＥ,小売業,衣料品,5%
沖縄県,那覇市,ＮａｉｌＳａｌｏｎ＆ＳｃｈｏｏｌＤａｉｓｙ,サービス,理容・美容業,5%
沖縄県,那覇市,ｎａｉｌｓｓｕｎｒｉｓｅ,サービス,理容・美容業,5%
沖縄県,那覇市,Ｎｅｘｔ Ｌｉｆｅ,サービス,その他サービス,5%
沖縄県,那覇市,ＮｅｓｔａＲｉｄｄｉｍ＃３,サービス,理容・美容業,5%
沖縄県,那覇市,ネストホテル那覇,サービス,宿泊業,5%
沖縄県,那覇市,ＦｉｒｓｔＬｉｎｅ,サービス,その他サービス,5%
沖縄県,那覇市,ねむりのえき 新都心店,小売業,その他小売,5%
沖縄県,那覇市,ノラクロ,サービス,飲食業,5%
沖縄県,那覇市,ＢＡＲ Ｇｏｌｄ Ｄｕｓｔ,サービス,飲食業,5%
沖縄県,那覇市,ＰｅｒｓｏｎａｌＢｏｄｙｃａｒｅサロンＨｏ＇ｏｐｏｎｏｐｏｎｏ／,サービス,理容・美容業,5%
沖縄県,那覇市,ＢＡＲＢＥＲ ＯＬＤＬＡＭＰ,サービス,理容・美容業,5%
沖縄県,那覇市,ＢＡＲ ＭＯＯＮ ＢＡＲ ＭＯＯＮ,サービス,飲食業,5%
沖縄県,那覇市,パーラーねこじた,サービス,飲食業,5%
沖縄県,那覇市,パイオニア合同会社,サービス,その他サービス,5%
沖縄県,那覇市,ハイサイおばさん,小売業,家具・調度品,5%
沖縄県,那覇市,ハイサイおじさん,小売業,家具・調度品,5%
沖縄県,那覇市,パイナップルパーク,小売業,家具・調度品,5%
沖縄県,那覇市,パインツリーブレスＴギャラリア店,サービス,飲食業,5%
沖縄県,那覇市,博多よか味処 わがまま,サービス,飲食業,5%
沖縄県,那覇市,パーソナルスタジオｆａｌｃｏｎ,サービス,その他サービス,5%
沖縄県,那覇市,株式会社 鉢嶺本店,小売業,貴金属・服飾品,5%
沖縄県,那覇市,ＨａｐｐｙＤａｙｓ,サービス,理容・美容業,5%
沖縄県,那覇市,花の店なかじま,小売業,その他小売,5%
沖縄県,那覇市,花屋アレンジマニア 花屋アレンジマニア,小売業,その他小売,5%
沖縄県,那覇市,ｈｏｎｅｙｓｐａ,サービス,理容・美容業,5%
沖縄県,那覇市,ハブボックス 那覇空港店,小売業,衣料品,5%
沖縄県,那覇市,パブリック・テクノ・サービス,小売業,電化製品,5%
沖縄県,那覇市,パラダイス倶楽部 沖縄店,小売業,その他小売,5%
沖縄県,那覇市,はりきゅうみまもり,サービス,理容・美容業,5%
沖縄県,那覇市,晴〇タクシー,サービス,運輸業,5%
沖縄県,那覇市,晴れんちゅレンタカー那覇空港店,サービス,その他サービス,5%
沖縄県,那覇市,ＰＯＷＥＲＳＰＯＲＴ,サービス,その他サービス,5%
沖縄県,那覇市,繁多川ＳＳ,小売業,ガソリンスタンド,2%
沖縄県,那覇市,パン ド カイト那覇西町店,小売業,食料品,5%
沖縄県,那覇市,Ｂｅｅｒｂａｒ Ｆｅｌｔ,サービス,飲食業,5%
沖縄県,那覇市,Ｂ＆Ｂ４Ｒｏｏｍｓ,サービス,その他サービス,5%
沖縄県,那覇市,ＰＣサポートＷＩＮ,サービス,その他サービス,5%
沖縄県,那覇市,ＰｅａｃｅＭｕｎｃｈｉｅｓ,サービス,飲食業,5%
沖縄県,那覇市,ｈｅａｌｉｎｇｒｏｏｍＭＩＫＡＢｉＳＥ,小売業,その他小売,5%
沖縄県,那覇市,ビクトリアホテル,サービス,宿泊業,5%
沖縄県,那覇市,彦 パレット店,サービス,飲食業,5%
沖縄県,那覇市,彦 本店,サービス,飲食業,5%
沖縄県,那覇市,Ｂｉｓｔｒｏ Ｌｅ ｃｏｍｐｔｏｉｒ ｄｅ ＳＵＧＩ,サービス,飲食業,5%
沖縄県,那覇市,ビストロ ル コントワー ドゥ スギ,サービス,飲食業,5%
沖縄県,那覇市,ビッグワン 小禄店,小売業,その他小売,5%
沖縄県,那覇市,ビッグワン 那覇店,小売業,その他小売,5%
沖縄県,那覇市,火鉢屋 新都心店,サービス,飲食業,5%
沖縄県,那覇市,ビブレボーテＶｉｖｒｅＢｅａｕｔｅ,サービス,理容・美容業,5%
沖縄県,那覇市,ｂ－ｐｒｏ,小売業,その他小売,5%
沖縄県,那覇市,ｐｕｐａ？,サービス,理容・美容業,5%
沖縄県,那覇市,ビューティボディショップ,サービス,理容・美容業,5%
沖縄県,那覇市,ＨＩＲＯタクシー,サービス,運輸業,5%
沖縄県,那覇市,ＨｉＮＮ,小売業,衣料品,5%
沖縄県,那覇市,ＰＩＮＫ ＤＯＬＬ ＨＯＵＳＥ,サービス,理容・美容業,5%
沖縄県,那覇市,ファーストぽじしょん,サービス,その他サービス,5%
沖縄県,那覇市,ファーストコーヒー沖縄,小売業,食料品,5%
沖縄県,那覇市,ファストストア ジップマートさつき店,小売業,食料品,5%
沖縄県,那覇市,ファストストアジップマートさつき,サービス,宿泊業,5%
沖縄県,那覇市,ファッションキャンディサンエー那覇メイン,小売業,食料品,5%
沖縄県,那覇市,ファミリーフォート ＭＶめかる店,サービス,その他サービス,5%
沖縄県,那覇市,ファミリーフォート 小禄店,サービス,その他サービス,5%
沖縄県,那覇市,ファミリーフォート ＪＡ石嶺店,サービス,その他サービス,5%
沖縄県,那覇市,ファミリーフォート 田原店,サービス,その他サービス,5%
沖縄県,那覇市,ファミリーフォート 鳥堀店,サービス,その他サービス,5%
沖縄県,那覇市,ファミリーフォート 那覇長田店,サービス,その他サービス,5%
沖縄県,那覇市,ファミリーフォート 三原店,サービス,その他サービス,5%
沖縄県,那覇市,ファミリーフォート ユニオン前島店,サービス,その他サービス,5%
沖縄県,那覇市,ファンタジーハッピーストリート,小売業,衣料品,5%
沖縄県,那覇市,ファンタジーレインボーガーデン,小売業,衣料品,5%
沖縄県,那覇市,ｆｉｐｐｅｒ Ｊａｐａｎ,小売業,衣料品,5%
沖縄県,那覇市,舞天久茂地店,サービス,飲食業,5%
沖縄県,那覇市,舞天本店,サービス,飲食業,5%
沖縄県,那覇市,ｐｏｕｒ ｌｅ Ｍｉｅｕ,サービス,理容・美容業,5%
沖縄県,那覇市,ｆｅｌｉｚ,サービス,その他サービス,5%
沖縄県,那覇市,ブーケガルニ,小売業,その他小売,5%
沖縄県,那覇市,フットプロ,サービス,その他サービス,5%
沖縄県,那覇市,Ｐｕｐｕｌｉｎｏププリノ,サービス,理容・美容業,5%
沖縄県,那覇市,ブラウンシュガー,小売業,衣料品,5%
沖縄県,那覇市,フラワーショップエバ,小売業,その他小売,5%
沖縄県,那覇市,フラワーショップ,小売業,その他小売,5%
沖縄県,那覇市,フラワーショップ,小売業,その他小売,5%
沖縄県,那覇市,ブランドショップ フリーゾーン,小売業,貴金属・服飾品,5%
沖縄県,那覇市,ブランドショップ フリーゾーン,小売業,貴金属・服飾品,5%
沖縄県,那覇市,Ｆｒｉａｎｄｉｓｅ,小売業,食料品,5%
沖縄県,那覇市,ＢＬＵ ＮＯＴＴＥ ホテルアクアチッタナハｂｙＷＢＦ,サービス,宿泊業,5%
沖縄県,那覇市,ＢＰ古波蔵ＳＳ,小売業,ガソリンスタンド,2%
沖縄県,那覇市,ブルームＫ２ 浮島通り店,サービス,理容・美容業,5%
沖縄県,那覇市,ブルームＫ２ 浮島通り店,サービス,理容・美容業,5%
沖縄県,那覇市,ブルームＫ２ 国際通り店,サービス,理容・美容業,5%
沖縄県,那覇市,ブルームＫ２ 国際通り店,サービス,理容・美容業,5%
沖縄県,那覇市,ブルーム Ｋ２ 泉崎店,サービス,理容・美容業,5%
沖縄県,那覇市,Ｂｒｅｍｅｎ,サービス,飲食業,5%
沖縄県,那覇市,文教ハーモニー那覇店,小売業,その他小売,5%
沖縄県,那覇市,ブンリンドー,小売業,その他小売,5%
沖縄県,那覇市,ブンリンドースポーツ,小売業,その他小売,5%
沖縄県,那覇市,ブンリンドースポーツ アディダスショップ,小売業,その他小売,5%
沖縄県,那覇市,ブンリンドースポーツナイキショップ,小売業,その他小売,5%
沖縄県,那覇市,ブンリンドースポーツアディダスショ,小売業,その他小売,5%
沖縄県,那覇市,Ｈａｉｒ＆ＭａｋｅＢｅｌｌｅｚｚａ,サービス,理容・美容業,5%
沖縄県,那覇市,ＲＥＬＡＴＩＯＮ,サービス,理容・美容業,5%
沖縄県,那覇市,ヘアーメイク ベスティエ,サービス,理容・美容業,5%
沖縄県,那覇市,ヘアーメイクＢＥＳＴＩＥ,サービス,理容・美容業,5%
沖縄県,那覇市,ヘアーメイクＢＥＳＴＩＥ,サービス,理容・美容業,5%
沖縄県,那覇市,Ｈａｉｒ Ｌｉｆｅ ＬＩＢ,サービス,理容・美容業,5%
沖縄県,那覇市,ｈａｉｒ ｑｕａｉｎｔ,サービス,理容・美容業,5%
沖縄県,那覇市,ヘアルームリベルテ２０９,サービス,理容・美容業,5%
沖縄県,那覇市,ＢＡＫＥＲ’Ｓ ＫＩＴＣＨＥＮ,小売業,家具・調度品,5%
沖縄県,那覇市,平識時計宝石店,小売業,貴金属・服飾品,5%
沖縄県,那覇市,ｐｅｓｃａ那覇新都心店,サービス,理容・美容業,5%
沖縄県,那覇市,ＰＥＴＢＯＸＡｎｉｍａｌｓｔａｔｉｏｎＮＡＨＡ,小売業,その他小売,5%
沖縄県,那覇市,ＢｅｌｌａＬｕｎａ那覇店,サービス,理容・美容業,5%
沖縄県,那覇市,ペルージェ川平,小売業,貴金属・服飾品,5%
沖縄県,那覇市,ＲｕｎＲｉｄｅＰＯＩＮＴ／ポイントはり・きゅう治療院,サービス,理容・美容業,5%
沖縄県,那覇市,ボートサービスコースト,サービス,その他サービス,5%
沖縄県,那覇市,外間パーソナルトレーニングジム,サービス,その他サービス,5%
沖縄県,那覇市,ホットプリント,サービス,その他サービス,5%
沖縄県,那覇市,Ｂｏｄｙｃａｒｅｇｕ,サービス,その他サービス,5%
沖縄県,那覇市,ＢｏｄｙＭａｋｅＳｔｕｄｉｏＲｅａｌｌ,サービス,その他サービス,5%
沖縄県,那覇市,ホテル ブライオン 那覇,サービス,宿泊業,5%
沖縄県,那覇市,ホテルアクアチッタナハｂｙＷＢＦ,サービス,宿泊業,5%
沖縄県,那覇市,ホテルＧＡＬＡ,サービス,宿泊業,5%
沖縄県,那覇市,ホテルサンパレス球陽館,サービス,宿泊業,5%
沖縄県,那覇市,ホテルＷＢＦアートステイ那覇,サービス,宿泊業,5%
沖縄県,那覇市,ホテルチュラ琉球,サービス,宿泊業,5%
沖縄県,那覇市,ホテルパームロイヤルＮＡＨＡ,サービス,宿泊業,5%
沖縄県,那覇市,Ｈｏｔｅｌ Ｖｉｖｉａｎａ,サービス,宿泊業,5%
沖縄県,那覇市,穂の香,小売業,食料品,5%
沖縄県,那覇市,穂の香（店舗外）,小売業,食料品,5%
沖縄県,那覇市,ＨｏｌｉｄａｙＨｏｍｅｓＴＳＵＢＯＹＡ,サービス,その他サービス,5%
沖縄県,那覇市,ＰＯＲＴＡ ＡＮＤ ＧＡＴＥ,小売業,衣料品,5%
沖縄県,那覇市,ホルモン焼肉 ぼくけ,サービス,飲食業,5%
沖縄県,那覇市,ホンダ販売 ＮＡＫ,サービス,その他サービス,5%
沖縄県,那覇市,ｍａｖｅｒｉｃｋ,サービス,飲食業,5%
沖縄県,那覇市,ＭｉＮＤ ＨＡｉＲ,サービス,理容・美容業,5%
沖縄県,那覇市,牧志かけ見,サービス,飲食業,5%
沖縄県,那覇市,Ｍｉ?ｊａ 牧志店 Ｍｉ ｊａ牧志店,小売業,その他小売,5%
沖縄県,那覇市,薪焼きの店キッチンいえーろ,サービス,飲食業,5%
沖縄県,那覇市,マクドナルド国場十字路店,サービス,飲食業,2%
沖縄県,那覇市,マクドナルド真嘉比古島店,サービス,飲食業,2%
沖縄県,那覇市,松川ＳＳ,小売業,ガソリンスタンド,2%
沖縄県,那覇市,ｍａｘ ｐｌｕｓ,小売業,家具・調度品,5%
沖縄県,那覇市,松本メガネ,サービス,その他サービス,5%
沖縄県,那覇市,麻斗ＴＡＸＩ,サービス,運輸業,5%
沖縄県,那覇市,ママイクコ 首里,小売業,その他小売,5%
沖縄県,那覇市,ママイクコ 那覇,小売業,その他小売,5%
沖縄県,那覇市,マリエールオークパイン,サービス,その他サービス,5%
沖縄県,那覇市,マリンスター,サービス,その他サービス,5%
沖縄県,那覇市,マリンハウス シーサー 美浜店,小売業,その他小売,5%
沖縄県,那覇市,マリンハウスシーサー 那覇店,小売業,その他小売,5%
沖縄県,那覇市,マリンハウスシーサー 那覇店,小売業,その他小売,5%
沖縄県,那覇市,丸市商事（株）,小売業,その他小売,5%
沖縄県,那覇市,まるかん嬉し店,小売業,その他小売,5%
沖縄県,那覇市,まる清,サービス,飲食業,5%
沖縄県,那覇市,マルサン サンエー宇栄原団地店,サービス,その他サービス,5%
沖縄県,那覇市,丸三 サンエー高良店,サービス,その他サービス,5%
沖縄県,那覇市,マルサン サンエーまかび店,サービス,その他サービス,5%
沖縄県,那覇市,マルサン りうぼう西町店,サービス,その他サービス,5%
沖縄県,那覇市,株式会社丸三 若狭店,サービス,その他サービス,5%
沖縄県,那覇市,マルサンランドリー 天久店,サービス,その他サービス,5%
沖縄県,那覇市,株式会社丸三ランドリー おもろまち店,サービス,その他サービス,5%
沖縄県,那覇市,マルサンランドリー 金城店,サービス,その他サービス,5%
沖縄県,那覇市,マルサンランドリー サンエー安里店,サービス,その他サービス,5%
沖縄県,那覇市,マルサンランドリー サンエー石嶺店,サービス,その他サービス,5%
沖縄県,那覇市,マルサンランドリー サンエー大名店,サービス,その他サービス,5%
沖縄県,那覇市,マルサンランドリー サンエー小禄店,サービス,その他サービス,5%
沖縄県,那覇市,マルサンランドリー サンエー城岳店,サービス,その他サービス,5%
沖縄県,那覇市,マルサンランドリー サンエーつぼがわ店,サービス,その他サービス,5%
沖縄県,那覇市,マルサンランドリー サンエー繁多川店,サービス,その他サービス,5%
沖縄県,那覇市,マルサンランドリー サンエー与儀店,サービス,その他サービス,5%
沖縄県,那覇市,マルサンランドリー 洗濯ショップ店,サービス,その他サービス,5%
沖縄県,那覇市,マルサンランドリー 泊店,サービス,その他サービス,5%
沖縄県,那覇市,丸三ランドリー 那覇メインプレイス店,サービス,その他サービス,5%
沖縄県,那覇市,マルサンランドリー 前島店,サービス,その他サービス,5%
沖縄県,那覇市,マルサンランドリー ユニオン真嘉比店,サービス,その他サービス,5%
沖縄県,那覇市,ｍａｒｃｈ,小売業,家具・調度品,5%
沖縄県,那覇市,丸大国場店,小売業,食料品,5%
沖縄県,那覇市,丸大長田店,小売業,食料品,5%
沖縄県,那覇市,マルミツ 浮島店,小売業,衣料品,5%
沖縄県,那覇市,Ｍｉ?ｊａ 国際通り店,小売業,その他小売,5%
沖縄県,那覇市,Ｍｉ?ｊａ 国際通り店 公設市場横丁,小売業,その他小売,5%
沖縄県,那覇市,Ｍｉ?ｊａ 国際通り店 Ｍｉ?ｊａ 市場前,小売業,その他小売,5%
沖縄県,那覇市,Ｍｉ?ｊａ 国際通り店 Ｍｉ?ｊａ 市場前２号店,小売業,その他小売,5%
沖縄県,那覇市,Ｍｉ?ｊａ 国際通り店 Ｍｉ?ｊａ 国際通り２号店,小売業,その他小売,5%
沖縄県,那覇市,Ｍｉ?ｊａ 国際通り店 Ｍｉ?ｊａ 平和通り店,小売業,その他小売,5%
沖縄県,那覇市,Ｍｉ?ｊａ 国際通り店 Ｍｉ?ｊａ 牧志店,小売業,その他小売,5%
沖縄県,那覇市,Ｍｉ?ｊａ 市場前店 Ｍｉ ｊａ市場前店,小売業,その他小売,5%
沖縄県,那覇市,Ｍｉ?ｊａ 市場前２号店 Ｍｉ ｊａ市場前２号店,小売業,その他小売,5%
沖縄県,那覇市,Ｍｉ?ｊａ 国際通り ２号店 Ｍｉ ｊａ国際通り２号店,小売業,その他小売,5%
沖縄県,那覇市,味噌めしや まるたま,サービス,飲食業,5%
沖縄県,那覇市,みねい時計店,小売業,貴金属・服飾品,5%
沖縄県,那覇市,宮城紙商店,小売業,書籍・玩具・音楽ＣＤ,5%
沖縄県,那覇市,ｍｉｙａｇｉｙａ,小売業,衣料品,5%
沖縄県,那覇市,ｍｉｙａｇｉｙａ,小売業,衣料品,5%
沖縄県,那覇市,宮里ＴＡＸＩ,サービス,運輸業,5%
沖縄県,那覇市,宮脇書店 那覇空港店,小売業,書籍・玩具・音楽ＣＤ,5%
沖縄県,那覇市,民宿 グリーンハウス,サービス,宿泊業,5%
沖縄県,那覇市,眼鏡工房レイ,小売業,その他小売,5%
沖縄県,那覇市,メガネストアー那覇,小売業,その他小売,5%
沖縄県,那覇市,目利きの銀次 新都心店,サービス,飲食業,5%
沖縄県,那覇市,ＭｅｌｉＭｅｌｏ Ｃａｆｅ,サービス,飲食業,5%
沖縄県,那覇市,麺天 麺天,サービス,飲食業,5%
沖縄県,那覇市,Ｍｅｍｂｅｒｓ 望月,サービス,飲食業,5%
沖縄県,那覇市,Ｍｏｉｓｔｅａｎｅシャルマンサロン,サービス,理容・美容業,5%
沖縄県,那覇市,椛弁当,サービス,飲食業,5%
沖縄県,那覇市,森口家,サービス,飲食業,5%
沖縄県,那覇市,ＭｏｒｉｔａＨａｎｄｗｏｒｋＳ,サービス,理容・美容業,5%
沖縄県,那覇市,諸見スズキオート,小売業,その他小売,5%
沖縄県,那覇市,焼鳥 串福陣,サービス,飲食業,5%
沖縄県,那覇市,やきとん居酒屋ＫＩＮ?ＫＡＮ,サービス,飲食業,5%
沖縄県,那覇市,やきとん居酒屋ＫＩＮ?ＫＡＮ やきとん居酒屋ＫＩＮ?ＫＡＮ,サービス,飲食業,5%
沖縄県,那覇市,焼肉 うるま牛,サービス,飲食業,5%
沖縄県,那覇市,焼肉８８－ＥｉｇｈｔｙＥｉｇｈｔ－辻店,サービス,飲食業,5%
沖縄県,那覇市,焼肉８８－ＥｉｇｈｔｙＥｉｇｈｔ－,サービス,飲食業,5%
沖縄県,那覇市,焼肉８８－ＥｉｇｈｔｙＥｉｇｈｔ－松山店,サービス,飲食業,5%
沖縄県,那覇市,焼肉 たちばな,サービス,飲食業,5%
沖縄県,那覇市,株式会社安木屋,小売業,その他小売,5%
沖縄県,那覇市,安木屋 一銀通り店,小売業,その他小売,5%
沖縄県,那覇市,八十八,サービス,飲食業,5%
沖縄県,那覇市,やすらぎサロンアペゼ,サービス,理容・美容業,5%
沖縄県,那覇市,やちむん家,小売業,家具・調度品,5%
沖縄県,那覇市,屋良電化ストア,小売業,電化製品,5%
沖縄県,那覇市,結トラベル,サービス,その他サービス,5%
沖縄県,那覇市,有限会社 山川酒造 那覇支店,小売業,その他小売,5%
沖縄県,那覇市,有限会社沖縄ブルータスアトム電器 長田店,小売業,電化製品,5%
沖縄県,那覇市,有限会社スポーツトグチ,小売業,その他小売,5%
沖縄県,那覇市,高良レコード店,小売業,書籍・玩具・音楽ＣＤ,5%
沖縄県,那覇市,有限会社土産品店あさと,小売業,その他小売,5%
沖縄県,那覇市,遊膳 那覇店,小売業,その他小売,5%
沖縄県,那覇市,雪タクシー,サービス,運輸業,5%
沖縄県,那覇市,酔処玉川 よいしょたまりば,小売業,食料品,5%
沖縄県,那覇市,酔処 玉川,サービス,飲食業,5%
沖縄県,那覇市,ヨーガ シャンティ,サービス,その他サービス,5%
沖縄県,那覇市,与儀モータース,サービス,その他サービス,5%
沖縄県,那覇市,与儀モータース本社,小売業,その他小売,5%
沖縄県,那覇市,ＹＯＺＡ,サービス,理容・美容業,5%
沖縄県,那覇市,よざくら,サービス,飲食業,5%
沖縄県,那覇市,義喜ＴＡＸＩ,サービス,運輸業,5%
沖縄県,那覇市,よんなーフード,サービス,その他サービス,5%
沖縄県,那覇市,ラーメン屋あさひ,サービス,飲食業,5%
沖縄県,那覇市,ＬＩＶＥ ＳＰＯＴ ＡＰＡＣＨＥ,サービス,飲食業,5%
沖縄県,那覇市,ライブハウス島唄,サービス,飲食業,5%
沖縄県,那覇市,ラクッチーナ ソープブティック,小売業,その他小売,5%
沖縄県,那覇市,ラハイナ国際通り店,小売業,その他小売,5%
沖縄県,那覇市,Ｒｕｎ Ｒｉｄｅ ＰＯＩＮＴ,小売業,その他小売,5%
沖縄県,那覇市,リコヘアー,サービス,理容・美容業,5%
沖縄県,那覇市,リシェリエ那覇メインプレイス店,小売業,衣料品,5%
沖縄県,那覇市,Ａ Ｌｉｔｔｌｅ Ｇａｒｄｅｎ Ａ Ｌｉｔｔｌｅ ＧＡｒｄｅｎ,サービス,理容・美容業,5%
沖縄県,那覇市,リーファーズ,サービス,その他サービス,5%
沖縄県,那覇市,リフィーダイビングクラブ,サービス,その他サービス,5%
沖縄県,那覇市,リフィーダイビングクラブ,サービス,その他サービス,5%
沖縄県,那覇市,琉球菓子処琉宮,小売業,食料品,5%
沖縄県,那覇市,琉球甘味琉宮,小売業,食料品,5%
沖縄県,那覇市,琉球酒場 まーさんの家,サービス,飲食業,5%
沖縄県,那覇市,琉球ダイニングひがし町屋,サービス,飲食業,5%
沖縄県,那覇市,琉球宙吹ガラスギャラリー 鍵石,小売業,家具・調度品,5%
沖縄県,那覇市,琉球ヒノマル食堂,サービス,飲食業,5%
沖縄県,那覇市,琉球ぴらす 浮島通り店,小売業,衣料品,5%
沖縄県,那覇市,琉球民芸ギャラリー 鍵石 牧志店,小売業,家具・調度品,5%
沖縄県,那覇市,琉球民芸センターくもじ店,小売業,その他小売,5%
沖縄県,那覇市,リラクゼ－ションあおみどり,サービス,その他サービス,5%
沖縄県,那覇市,フィジカルチャージ那覇,サービス,その他サービス,5%
沖縄県,那覇市,レキオタクシー,サービス,運輸業,5%
沖縄県,那覇市,レキオビジョン,サービス,その他サービス,5%
沖縄県,那覇市,ＬＥＨＵＡ,サービス,理容・美容業,5%
沖縄県,那覇市,Ｌｅｍｍ那覇松山店,サービス,その他サービス,5%
沖縄県,那覇市,ｒｏｋｋａｎ ｃｏｆｆｅｅ,小売業,食料品,5%
沖縄県,那覇市,ＬＯＮＤ Ｈａｉｒｄｒｅｓｓｅｒ,サービス,理容・美容業,5%
沖縄県,那覇市,ＬＯＮＤ Ｈａｉｒｄｒｅｓｓｅｒ ＬＯＮＤ Ｈａｉｒｄｒｅｓｓｅｒ,サービス,理容・美容業,5%
沖縄県,那覇市,ＷＩＲＥＳＨＯＴＥＬＮＡＨＡ,サービス,宿泊業,5%
沖縄県,那覇市,Ｙ．Ｎタクシー,サービス,運輸業,5%
沖縄県,那覇市,ＷＡＯおきしん,小売業,電化製品,5%
沖縄県,那覇市,ＷＡＯ ＰＡＮＡＨＯＵＳＥタカラ,小売業,電化製品,5%
沖縄県,那覇市,ＯｋｉｎａｗａＰｒｉｓｏｎ,サービス,その他サービス,5%
沖縄県,那覇市,若菜ｗａｋａｎａ,サービス,飲食業,5%
沖縄県,那覇市,わくわく名入れ工房 沖縄キング,小売業,その他小売,5%
沖縄県,那覇市,わくわく名入れ工房 沖縄キング,サービス,その他サービス,5%
沖縄県,那覇市,Ｗａｇｏｎ Ｓｈｏｐ ＬＩＮＤＡ,小売業,貴金属・服飾品,5%
沖縄県,那覇市,和Ｓａｂｉ,サービス,飲食業,5%
沖縄県,那覇市,わしょう電化,サービス,その他サービス,5%
沖縄県,那覇市,●和陶磁器・和雑貨 津覇商店,小売業,その他小売,5%
沖縄県,那覇市,笑獅子堂,サービス,飲食業,5%
沖縄県,那覇市,ＯｎｅＷｏｒｌｄ,小売業,衣料品,5%
沖縄県,南城市,アイランドアロマ沖縄,小売業,家具・調度品,5%
沖縄県,南城市,器 ｂｏｎｏｈｏ,小売業,家具・調度品,5%
沖縄県,南城市,おきなわ なちゅら食楽部,小売業,食料品,5%
沖縄県,南城市,親ヶ原ＳＳ,小売業,ガソリンスタンド,2%
沖縄県,南城市,ＣＡＦＥ ＱＵＡＬＩＴＡ,サービス,飲食業,5%
沖縄県,南城市,ＣＡＦＥＴＥＲＲＡＣＥ１６６３,サービス,飲食業,5%
沖縄県,南城市,かりん,サービス,理容・美容業,5%
沖縄県,南城市,キャピックオキナワ,サービス,その他サービス,5%
沖縄県,南城市,行政書士しろまらく事務所,サービス,その他サービス,5%
沖縄県,南城市,京都屋クリーニング イオン南城大里店,サービス,その他サービス,5%
沖縄県,南城市,ＪＡおきなわ佐敷経済店,小売業,その他小売,5%
沖縄県,南城市,ＪＡおきなわ玉城経済店,小売業,その他小売,5%
沖縄県,南城市,ＪＡおきなわ知念経済店,小売業,その他小売,5%
沖縄県,南城市,しびらんか,小売業,家具・調度品,5%
沖縄県,南城市,Ｓｈｉｍａｂｕｋｕｒｏ ＴＡＸＩ,サービス,運輸業,5%
沖縄県,南城市,ジミー 大里店,小売業,食料品,5%
沖縄県,南城市,酒楽食楽晃龍,サービス,飲食業,5%
沖縄県,南城市,勝タクシー,サービス,運輸業,5%
沖縄県,南城市,昭和物語,サービス,飲食業,5%
沖縄県,南城市,タウンプラザかねひで 佐敷店,小売業,食料品,5%
沖縄県,南城市,玉勝タクシー,サービス,運輸業,5%
沖縄県,南城市,多和田スーパー,小売業,その他小売,5%
沖縄県,南城市,チャハット オキナワ,小売業,その他小売,5%
沖縄県,南城市,照タクシー,サービス,運輸業,5%
沖縄県,南城市,天ＴＡＸＩ,サービス,運輸業,5%
沖縄県,南城市,Ｄｒ．Ｄｒｉｖｅ 南部大里ＳＳ,小売業,ガソリンスタンド,2%
沖縄県,南城市,美容室なないろ,サービス,理容・美容業,5%
沖縄県,南城市,Ｂｉｌｌ＆ＬｉｎｄａＣａｒＲｅｎｔａｌ,サービス,その他サービス,5%
沖縄県,南城市,ＰＩＮ・ＵＰ,サービス,理容・美容業,5%
沖縄県,南城市,ファミリーフォート アトール大里店,サービス,その他サービス,5%
沖縄県,南城市,ファミリーフォート ＭＶ佐敷店,サービス,その他サービス,5%
沖縄県,南城市,ぷーら,小売業,衣料品,5%
沖縄県,南城市,ヘアーズ サプリ,サービス,理容・美容業,5%
沖縄県,南城市,ヘアケアサロンＲＥＬＡＸ,サービス,理容・美容業,5%
沖縄県,南城市,ペルージェ川平 大王国村店,小売業,貴金属・服飾品,5%
沖縄県,南城市,丸大佐敷店,小売業,食料品,5%
沖縄県,南城市,宮城タクシー,サービス,運輸業,5%
沖縄県,西原町,いぶし銀次郎 西原店,サービス,飲食業,5%
沖縄県,西原町,えびす家,サービス,飲食業,5%
沖縄県,西原町,Ｍ２ サンエー西原シティ店,小売業,衣料品,5%
沖縄県,西原町,オート Ｊａｐａｎ ２１,サービス,その他サービス,5%
沖縄県,西原町,沖東交通 整備工場,サービス,その他サービス,5%
沖縄県,西原町,おながサービスステーション おなが給油所,小売業,ガソリンスタンド,2%
沖縄県,西原町,ＯｒｉｅｎｔａｌＢａｒ桜梅桃李,サービス,飲食業,5%
沖縄県,西原町,ｃｕｔ ｉｎ シャンゼ西原店,サービス,理容・美容業,5%
沖縄県,西原町,兼久ＳＳ,小売業,ガソリンスタンド,2%
沖縄県,西原町,かねひで ネーブルカデナ店,小売業,家具・調度品,5%
沖縄県,西原町,金秀商事,小売業,食料品,5%
沖縄県,西原町,喜屋武タクシー,サービス,運輸業,5%
沖縄県,西原町,京都屋クリーニング マックスバリュ 兼久店,サービス,その他サービス,5%
沖縄県,西原町,近光インテリア,小売業,家具・調度品,5%
沖縄県,西原町,Ｃｏｃｏ水夢,小売業,家具・調度品,5%
沖縄県,西原町,坂田給油所,小売業,ガソリンスタンド,2%
沖縄県,西原町,ラクビヤ,サービス,理容・美容業,5%
沖縄県,西原町,ＧＦＣ西原シティ店,小売業,衣料品,5%
沖縄県,西原町,シーベレット西原シティ店,小売業,衣料品,5%
沖縄県,西原町,ＪＡおきなわ西原支店 経済課,小売業,その他小売,5%
沖縄県,西原町,ジミー ニューマン店,小売業,食料品,5%
沖縄県,西原町,ＪＯＳＨＵＡ西原店,小売業,衣料品,5%
沖縄県,西原町,ステーキ屋 瓦,サービス,飲食業,5%
沖縄県,西原町,タウンプラザ かねひで,サービス,宿泊業,5%
沖縄県,西原町,７８７イルーシー３００西原シティ店,小売業,衣料品,5%
沖縄県,西原町,西原センターサービスステーション,小売業,ガソリンスタンド,2%
沖縄県,西原町,西原センター第２ＳＳ,小売業,ガソリンスタンド,2%
沖縄県,西原町,ビッグワン 西原店,小売業,その他小売,5%
沖縄県,西原町,ファミリーフォート ＭＶ坂田店,サービス,その他サービス,5%
沖縄県,西原町,プラスガーデン,小売業,その他小売,5%
沖縄県,西原町,マクドナルド坂田店,サービス,飲食業,2%
沖縄県,西原町,マルサンランドリー サンエー西原シティ店,サービス,その他サービス,5%
沖縄県,西原町,リラクゼーションサロン ひでまる,サービス,その他サービス,5%
沖縄県,西原町,ｒｏｍａｎｅｅ?ｃｏｎｔｉ,サービス,理容・美容業,5%
沖縄県,南風原町,アトムタクシー,サービス,運輸業,5%
沖縄県,南風原町,市タクシー,サービス,運輸業,5%
沖縄県,南風原町,大橋自動車販売 南風原店,サービス,その他サービス,5%
沖縄県,南風原町,沖縄子育て良品,小売業,その他小売,5%
沖縄県,南風原町,沖繩ヤクルト 南風原,小売業,食料品,5%
沖縄県,南風原町,開成 南部支店,サービス,その他サービス,5%
沖縄県,南風原町,株式会社興和工機 南風原店,小売業,その他小売,5%
沖縄県,南風原町,株 禅自動車サービス,サービス,その他サービス,5%
沖縄県,南風原町,カラオケハウス とまと 宮平店,サービス,その他サービス,5%
沖縄県,南風原町,業務スーパー南風原店,小売業,食料品,2%
沖縄県,南風原町,Ｂｏｄｙｍａｋｅｓａｌｏｎくくる,サービス,理容・美容業,5%
沖縄県,南風原町,ＪＡおきなわ津嘉山支店 経済課,小売業,その他小売,5%
沖縄県,南風原町,ＪＡおきなわ南風原支店 経済課,小売業,その他小売,5%
沖縄県,南風原町,ジミー 南風原店,小売業,食料品,5%
沖縄県,南風原町,シーランド 南風原店,小売業,その他小売,5%
沖縄県,南風原町,スマイルネイル サンエーつかざんシティ店,サービス,理容・美容業,5%
沖縄県,南風原町,大栄交通 南風原営業所,サービス,運輸業,5%
沖縄県,南風原町,タイムステーションＮＥＯイオンモール南風原店,小売業,貴金属・服飾品,5%
沖縄県,南風原町,タウンプラザかねひで 津嘉山店,小売業,食料品,5%
沖縄県,南風原町,タウンプラザかねひで 南風原店,小売業,食料品,5%
沖縄県,南風原町,株式会社中央ツーリスト イオン南風原店,サービス,その他サービス,5%
沖縄県,南風原町,天龍自動車,サービス,その他サービス,5%
沖縄県,南風原町,Ｄｒ．Ｄｒｉｖｅ 照屋ＳＳ,小売業,ガソリンスタンド,2%
沖縄県,南風原町,ＮａｉｌｓｂｅａｕｔｙＣａｓｔｌｅ,サービス,理容・美容業,5%
沖縄県,南風原町,南風原ＳＳ,小売業,ガソリンスタンド,2%
沖縄県,南風原町,パワーストーン ＣＯＣＯＲＯ,小売業,その他小売,5%
沖縄県,南風原町,ファーマーズマーケット南風原くがに市場,小売業,食料品,5%
沖縄県,南風原町,（株）照正興産,サービス,その他サービス,5%
沖縄県,南風原町,マクドナルド５０７津嘉山店,サービス,飲食業,2%
沖縄県,南風原町,Ｍａｍｍｙ’ｓ Ｃａｓｔｌｅ,サービス,理容・美容業,5%
沖縄県,南風原町,マルキン家具 一日橋店,小売業,家具・調度品,5%
沖縄県,南風原町,マルキン家具 一日橋店,小売業,家具・調度品,5%
沖縄県,南風原町,マルサン 津嘉山２号店,サービス,その他サービス,5%
沖縄県,南風原町,マルサンランドリー サンエー津嘉山シティ店,サービス,その他サービス,5%
沖縄県,南風原町,マルサンランドリー マックスバリュー一日橋店,サービス,その他サービス,5%
沖縄県,南風原町,マルサンランドリー 丸大南店,サービス,その他サービス,5%
沖縄県,南風原町,丸大南風原店,小売業,食料品,5%
沖縄県,南風原町,宮脇書店 南風原店,小売業,書籍・玩具・音楽ＣＤ,5%
沖縄県,南風原町,ＭｏｖｅＡｒｏｕｎｄＣａｆｅ,サービス,飲食業,5%
沖縄県,南風原町,メイクアイ サンエーつかざんシティ店,サービス,理容・美容業,5%
沖縄県,南風原町,メガネ ２１ 南風原店,小売業,貴金属・服飾品,5%
沖縄県,南風原町,良浩タクシー,サービス,運輸業,5%
沖縄県,南風原町,Ｒｅ?,サービス,理容・美容業,5%
沖縄県,東村,有銘ＳＳ,小売業,ガソリンスタンド,2%
沖縄県,東村,ＪＡおきなわ東支店 経済課,小売業,その他小売,5%
沖縄県,東村,帆風,サービス,飲食業,5%
沖縄県,東村,ＹＡＮＢＡＲＵ ＥＸＰＥＲＩＥＮＣＥ,サービス,その他サービス,5%
沖縄県,南大東村,ＪＡおきなわ南大東支店 経済課,小売業,その他小売,5%
沖縄県,宮古島市,あーさぐー屋,サービス,飲食業,5%
沖縄県,宮古島市,アール,サービス,理容・美容業,5%
沖縄県,宮古島市,ａｏ,サービス,飲食業,5%
沖縄県,宮古島市,アクアストーリー,小売業,その他小売,5%
沖縄県,宮古島市,麻布十番犬猫クリニック宮古島分院,サービス,その他サービス,5%
沖縄県,宮古島市,アトハリ,サービス,その他サービス,5%
沖縄県,宮古島市,アロハ堂,サービス,理容・美容業,5%
沖縄県,宮古島市,池間石油販売所,小売業,ガソリンスタンド,2%
沖縄県,宮古島市,伊良部ＳＳ,小売業,ガソリンスタンド,2%
沖縄県,宮古島市,いらぶじまどるふぃん,サービス,宿泊業,5%
沖縄県,宮古島市,伊良部ＬａｇｏｏｎＶｉｌｌａ龍星 ＬａｇｏｏｎＶｉｌｌａ龍星,サービス,宿泊業,5%
沖縄県,宮古島市,Ｉｒａｙｏｉ,サービス,飲食業,5%
沖縄県,宮古島市,ｉｎｎｅｒｂｅａｕｔｙｓａｌｏｎＯｌｕ’ｏｌｕ,サービス,理容・美容業,5%
沖縄県,宮古島市,ヴィラブリゾート,サービス,宿泊業,5%
沖縄県,宮古島市,ヴィラブリゾート,サービス,宿泊業,5%
沖縄県,宮古島市,ＡＩＲＦＩＴＮＥＳＳ＆ＷＥＬＬＮＥＳ,サービス,その他サービス,5%
沖縄県,宮古島市,ＮＣ電気,小売業,電化製品,5%
沖縄県,宮古島市,オーシャンヴィラゆにの浜,サービス,宿泊業,5%
沖縄県,宮古島市,おきなわ雑貨市場わとわと,小売業,その他小売,5%
沖縄県,宮古島市,おばんざいｂａｒ 桜家 さくらや,サービス,飲食業,5%
沖縄県,宮古島市,オリックスレンタカー宮古島空港店,サービス,その他サービス,2%
沖縄県,宮古島市,オリックスレンタカー宮古島マンゴー店,サービス,その他サービス,2%
沖縄県,宮古島市,オリックスレンタカーみやこ下地島空港ターミナル店,サービス,その他サービス,2%
沖縄県,宮古島市,ＯＲＳＡ,小売業,衣料品,5%
沖縄県,宮古島市,海鮮酒家中山本店,サービス,飲食業,5%
沖縄県,宮古島市,ｃａｆｅタソス,サービス,飲食業,5%
沖縄県,宮古島市,株式会社 新家 宮古島焼肉 火神,サービス,飲食業,5%
沖縄県,宮古島市,株式会社 新家 琉球王国 さんご家,サービス,飲食業,5%
沖縄県,宮古島市,（株）インテリアショップみやび,小売業,家具・調度品,5%
沖縄県,宮古島市,ガレージＵ,小売業,その他小売,5%
沖縄県,宮古島市,革工房Ｌａｍｐ,サービス,その他サービス,5%
沖縄県,宮古島市,キャプテンメリアン,サービス,飲食業,5%
沖縄県,宮古島市,空港レストラン ぱいぱいのむら,サービス,飲食業,5%
沖縄県,宮古島市,くつろぎ処癒家,サービス,その他サービス,5%
沖縄県,宮古島市,ｇｒａｎｄｆｅｓｔａ宮古島,小売業,衣料品,5%
沖縄県,宮古島市,ＧＲＯＷＮ,サービス,理容・美容業,5%
沖縄県,宮古島市,Ｋ８Ｚ,小売業,衣料品,5%
沖縄県,宮古島市,ゲストハウスあやぐやー,サービス,宿泊業,5%
沖縄県,宮古島市,ゲストハウス宮古島,サービス,宿泊業,5%
沖縄県,宮古島市,合同会社エムエアー,サービス,その他サービス,5%
沖縄県,宮古島市,合同会社ＢＩＧＨＯＬＩＤＡＹ,サービス,その他サービス,5%
沖縄県,宮古島市,コテージほしずな,サービス,その他サービス,5%
沖縄県,宮古島市,Ｓｏｕｔｈ Ｐａｒｋ,サービス,飲食業,5%
沖縄県,宮古島市,サウスウィンド宮古島,サービス,その他サービス,5%
沖縄県,宮古島市,ササキバー＆カレー,サービス,飲食業,5%
沖縄県,宮古島市,ＪＡおきなわ伊良部支店 経済課,小売業,その他小売,5%
沖縄県,宮古島市,ＪＡおきなわ下地支店 経済課,小売業,その他小売,5%
沖縄県,宮古島市,ズ－,サービス,飲食業,5%
沖縄県,宮古島市,ＪＭ／ＳＬＯＷＪＡＭ Ｂ２Ｃ,サービス,飲食業,5%
沖縄県,宮古島市,ダイビングステーションＫＡＮＣＨＩ,サービス,その他サービス,5%
沖縄県,宮古島市,大米ＳＳ,小売業,ガソリンスタンド,2%
沖縄県,宮古島市,タウンプラザかねひで 宮古店,小売業,食料品,5%
沖縄県,宮古島市,ＤＯＵＧ’Ｓ ＧＲＩＬＬ宮古島本店,サービス,飲食業,5%
沖縄県,宮古島市,ダグズ・バーガー宮古島本店,サービス,飲食業,5%
沖縄県,宮古島市,中央ツーリスト 宮古島店,サービス,その他サービス,5%
沖縄県,宮古島市,ＴＢＳ宮古島支店,サービス,その他サービス,5%
沖縄県,宮古島市,ＪＯＪＯ,小売業,衣料品,5%
沖縄県,宮古島市,トヨタレンタリース沖縄 下地島空港店,サービス,その他サービス,2%
沖縄県,宮古島市,トヨタレンタリース沖縄宮古島店,サービス,その他サービス,2%
沖縄県,宮古島市,中休ＳＳ,小売業,ガソリンスタンド,2%
沖縄県,宮古島市,南海部品商会宮古営業所,小売業,その他小売,5%
沖縄県,宮古島市,肉バル ギャートルズ,サービス,飲食業,5%
沖縄県,宮古島市,日建,小売業,その他小売,5%
沖縄県,宮古島市,農業生産法人宮古アイランドファーム株式会社,サービス,その他サービス,5%
沖縄県,宮古島市,パナプラザ 新城店,小売業,電化製品,5%
沖縄県,宮古島市,パナプラザ ノヒナ店,小売業,電化製品,5%
沖縄県,宮古島市,パナプラザ みなもと店,小売業,電化製品,5%
沖縄県,宮古島市,ハンドメイドアクセサリーｕｔａｔａｎｅ,小売業,衣料品,5%
沖縄県,宮古島市,Ｐｉｋｏ Ｃｏｍｍｕｎｉｔｙ Ｌａｂ,小売業,その他小売,5%
沖縄県,宮古島市,ビッグワン 宮古店,小売業,その他小売,5%
沖縄県,宮古島市,びようしつｙｕｌａ,サービス,理容・美容業,5%
沖縄県,宮古島市,フェリスヴィラスイート伊良部島・佐和田,サービス,宿泊業,5%
沖縄県,宮古島市,フェリスヴィラスイート宮古島・上野,サービス,宿泊業,5%
沖縄県,宮古島市,福里ＳＳ,小売業,ガソリンスタンド,2%
沖縄県,宮古島市,ブルーフォレスト宮古島,サービス,その他サービス,5%
沖縄県,宮古島市,ＢｌｕｅＢｅｅＭＩＹＡＫＯＪＩＭＡ,サービス,理容・美容業,5%
沖縄県,宮古島市,ベルフレーム,小売業,その他小売,5%
沖縄県,宮古島市,ポークランチョンミート,サービス,その他サービス,5%
沖縄県,宮古島市,ＢＯＴＴＡ,サービス,飲食業,5%
沖縄県,宮古島市,ホテル てぃだの郷 フロント,サービス,宿泊業,5%
沖縄県,宮古島市,ホテル共和,サービス,宿泊業,5%
沖縄県,宮古島市,ホテル・デ・ラクア宮古島,サービス,宿泊業,5%
沖縄県,宮古島市,Ｈｏｔｅｌハイビスカス,サービス,その他サービス,5%
沖縄県,宮古島市,ホテル八城,サービス,宿泊業,5%
沖縄県,宮古島市,ＰＯＭＡＲｅｎｔｅｒｔａｉｎｍｅｎｔ,サービス,その他サービス,5%
沖縄県,宮古島市,ＭＡＷ,小売業,衣料品,5%
沖縄県,宮古島市,ＭＡＷ,小売業,衣料品,5%
沖縄県,宮古島市,Ｍａｒｉｎｅ Ｓｈｏｐ ヤビジ,サービス,その他サービス,5%
沖縄県,宮古島市,ＭＡＭＭＡＹＡ かこい,サービス,飲食業,5%
沖縄県,宮古島市,宮古カレン,サービス,その他サービス,5%
沖縄県,宮古島市,宮古空港前ＳＳ,小売業,ガソリンスタンド,2%
沖縄県,宮古島市,宮古島エアエレンタカー,サービス,その他サービス,5%
沖縄県,宮古島市,宮古島思い出アート,サービス,その他サービス,5%
沖縄県,宮古島市,宮古島のジェラート屋さん,サービス,飲食業,5%
沖縄県,宮古島市,宮古島ボディケア,サービス,理容・美容業,5%
沖縄県,宮古島市,宮古島リラクゼーションサロンＵｍｉ,サービス,理容・美容業,5%
沖縄県,宮古島市,宮古第一ＳＳ,小売業,ガソリンスタンド,2%
沖縄県,宮古島市,宮古第三ＳＳ,小売業,ガソリンスタンド,2%
沖縄県,宮古島市,宮古第二ＳＳ,小売業,ガソリンスタンド,2%
沖縄県,宮古島市,民宿島人,サービス,宿泊業,5%
沖縄県,宮古島市,焼肉屋,サービス,飲食業,5%
沖縄県,宮古島市,やまかさふぁい実之和,サービス,飲食業,5%
沖縄県,宮古島市,有限会社夢好海 ＳＥＡＤＡＮＣＥＲ,小売業,衣料品,5%
沖縄県,宮古島市,ゆくいる,サービス,宿泊業,5%
沖縄県,宮古島市,Ｌａｍａｈｉｎａ,サービス,理容・美容業,5%
沖縄県,宮古島市,琉球居酒屋 あぱら樹,サービス,飲食業,5%
沖縄県,宮古島市,Ｒｅｌａｘｉｎ＇Ｈｅａｌａｌａ,サービス,理容・美容業,5%
沖縄県,宮古島市,レストラン のむら,サービス,飲食業,5%
沖縄県,宮古島市,わとわ 宮古島,サービス,飲食業,5%
沖縄県,宮古島市,ワンズレンタカー宮古空港店,サービス,その他サービス,5%
沖縄県,本部町,伊豆味ＳＳ,小売業,ガソリンスタンド,2%
沖縄県,本部町,出光海洋博前ＳＳ,小売業,ガソリンスタンド,2%
沖縄県,本部町,ヴィラモトブヒルズリゾート,サービス,宿泊業,5%
沖縄県,本部町,ＥｎｅＪｅｔ本部セルフＳＳ,小売業,ガソリンスタンド,2%
沖縄県,本部町,オンザビーチルー,サービス,宿泊業,5%
沖縄県,本部町,カフェギュット,サービス,飲食業,5%
沖縄県,本部町,カラハーイもとぶ,サービス,宿泊業,5%
沖縄県,本部町,Ｃｏｍｆｏｒｔｖｉｌｌａ,サービス,その他サービス,5%
沖縄県,本部町,ザ・ホワイトホテル,サービス,宿泊業,5%
沖縄県,本部町,サンセットヒル備瀬,サービス,宿泊業,5%
沖縄県,本部町,さんにんリゾート,サービス,宿泊業,5%
沖縄県,本部町,ＪＡおきなわ本部支店 経済課,小売業,その他小売,5%
沖縄県,本部町,自然体験うみゆくい,サービス,その他サービス,5%
沖縄県,本部町,ＪａｃｕｚｚｉＴｅｒｒａｃｅＯｋｉｎａｗａＩＭＳ,サービス,その他サービス,5%
沖縄県,本部町,しゃぶしゃぶ＆ステーキ ８８,サービス,飲食業,5%
沖縄県,本部町,ステーキハウス８８美ら海店,サービス,飲食業,5%
沖縄県,本部町,ステーキハウス８８美ら海店ＡＮＮＥＸ,サービス,飲食業,5%
沖縄県,本部町,タウンプラザかねひで もとぶ美ら海市場,小売業,食料品,5%
沖縄県,本部町,タウンプラザかねひでもとぶ美ら海市,サービス,宿泊業,5%
沖縄県,本部町,たびの邸宅 沖縄備瀬,サービス,宿泊業,5%
沖縄県,本部町,旅宿もすらのたまご,サービス,宿泊業,5%
沖縄県,本部町,美ら海オンザビーチＭＯＴＯＢＵ,サービス,宿泊業,5%
沖縄県,本部町,美ら海ビレッジ,サービス,その他サービス,5%
沖縄県,本部町,ｖｉｌｌａｋｕｋｕｒｕ．瀬底山水,サービス,その他サービス,5%
沖縄県,本部町,渡久地ラジオ,小売業,電化製品,5%
沖縄県,本部町,トンキホテ,サービス,飲食業,5%
沖縄県,本部町,ぬちぐすいカイロプラクティック院,サービス,理容・美容業,5%
沖縄県,本部町,Ｂｉｒｔｈ ｔｈｅ ｓｕｉｔｅ,サービス,宿泊業,5%
沖縄県,本部町,パーラーキング,サービス,飲食業,5%
沖縄県,本部町,パパラギ王国,サービス,宿泊業,5%
沖縄県,本部町,ファミリーフォート 本部店,サービス,その他サービス,5%
沖縄県,本部町,ｆｕｕ ｃａｆｅ,サービス,飲食業,5%
沖縄県,本部町,ｍｕｇ,サービス,その他サービス,5%
沖縄県,本部町,Ｍａｒｉｎｅ＆ＧｕｅｓｔＨｏｕｓｅ美Ｃｈｕｒａ,サービス,その他サービス,5%
沖縄県,本部町,マルサンランドリー サンエー本部店,サービス,その他サービス,5%
沖縄県,本部町,よんな～もとぶ,サービス,宿泊業,5%
沖縄県,本部町,ＬＥＣＡＮＡＭＯＴＯＢＵ,サービス,宿泊業,5%
沖縄県,八重瀬町,赤瓦動物病院,サービス,その他サービス,5%
沖縄県,八重瀬町,朝タクシー,サービス,運輸業,5%
沖縄県,八重瀬町,ＡＲＡＫＡＫＩ ＴＡＸＩ,サービス,運輸業,5%
沖縄県,八重瀬町,海水温熱サロン海と風,サービス,理容・美容業,5%
沖縄県,八重瀬町,Ｃｕｒｅ ｈａｉｒ,サービス,理容・美容業,5%
沖縄県,八重瀬町,クラフトマン,小売業,その他小売,5%
沖縄県,八重瀬町,Ｋ．Ｋタクシー,サービス,運輸業,5%
沖縄県,八重瀬町,Ｋ ｓ ｔｏｗｎ ＣＡＦＥ,サービス,飲食業,5%
沖縄県,八重瀬町,ＪＡおきなわ具志頭支店 経済課,小売業,その他小売,5%
沖縄県,八重瀬町,ＪＡグリーン八重瀬店,小売業,家具・調度品,5%
沖縄県,八重瀬町,セルフステーション八重瀬５０７,小売業,ガソリンスタンド,2%
沖縄県,八重瀬町,タウンプラザかねひで 東風平店,小売業,食料品,5%
沖縄県,八重瀬町,富ＴＡＸＩ,サービス,運輸業,5%
沖縄県,八重瀬町,Ｔｒｉｐｕｎｃｌｅアジアの暮らし雑貨,小売業,衣料品,5%
沖縄県,八重瀬町,機織工房しよん,小売業,衣料品,5%
沖縄県,八重瀬町,美容室 ＢＲＥＥＺＥ,サービス,理容・美容業,5%
沖縄県,八重瀬町,ファミリーフォート ＭＶ八重瀬店,サービス,その他サービス,5%
沖縄県,八重瀬町,ＦＬＯＳ＊ＮＡＩＬ,サービス,その他サービス,5%
沖縄県,八重瀬町,マクドナルド東風平店,サービス,飲食業,2%
沖縄県,八重瀬町,ｍｉｇｎｏｎ ｈａｉｒ×ｍａｋｅ,サービス,理容・美容業,5%
沖縄県,八重瀬町,八重瀬ＳＳ,小売業,ガソリンスタンド,2%
沖縄県,八重瀬町,悠々治療院,サービス,理容・美容業,5%
沖縄県,八重瀬町,宮里辰秀,サービス,運輸業,5%
沖縄県,八重瀬町,琉華ＴＡＸＩ,サービス,運輸業,5%
沖縄県,与那国町,民宿よしまる荘,サービス,その他サービス,5%
沖縄県,与那原町,あがりはま市場,小売業,食料品,5%
沖縄県,与那原町,ｋｉｒａｒｉ,小売業,衣料品,5%
沖縄県,与那原町,クッチーナ 地中海,サービス,飲食業,5%
沖縄県,与那原町,ＧＲＥＡＳＥ ＭＯＮＫＥＹ,小売業,その他小売,5%
沖縄県,与那原町,桑江スポーツ,小売業,その他小売,5%
沖縄県,与那原町,シャディ沖縄 与那原店,小売業,その他小売,5%
沖縄県,与那原町,タウンプラザかねひで 与那原店,小売業,食料品,5%
沖縄県,与那原町,合資会社津嘉山タクシー,サービス,運輸業,5%
沖縄県,与那原町,剛タクシー,サービス,運輸業,5%
沖縄県,与那原町,南海部品与那原営業所,小売業,その他小売,5%
沖縄県,与那原町,ひが家具 与那原店,小売業,家具・調度品,5%
沖縄県,与那原町,フォト＆サウンド堪忍,サービス,その他サービス,5%
沖縄県,与那原町,ホームセンターかねひであがり浜店,小売業,家具・調度品,5%
沖縄県,与那原町,マクドナルド与那原店,サービス,飲食業,2%
沖縄県,与那原町,マリンプラザかねひで 東浜店,小売業,食料品,5%
沖縄県,与那原町,マルサンランドリー サンエー与那原店,サービス,その他サービス,5%
沖縄県,与那原町,丸大 与那原東店,小売業,食料品,5%
沖縄県,与那原町,宮脇書店 あがり浜店,小売業,書籍・玩具・音楽ＣＤ,5%
沖縄県,与那原町,与那原商店街ＳＳ,小売業,ガソリンスタンド,2%
沖縄県,与那原町,与那原店,小売業,家具・調度品,5%
沖縄県,与那原町,ヨルノアシオト,サービス,飲食業,5%
沖縄県,与那原町,レストラン クッチーナ地中海,サービス,飲食業,5%
沖縄県,読谷村,アースシップ沖縄,サービス,理容・美容業,5%
沖縄県,読谷村,アジアンキッチンサイルーン,サービス,飲食業,5%
沖縄県,読谷村,アルファダイブ,サービス,その他サービス,5%
沖縄県,読谷村,ＨＯＯＳＥＩ,小売業,衣料品,5%
沖縄県,読谷村,美容室ｏｌａｐｌａｎｏ,サービス,理容・美容業,5%
沖縄県,読谷村,海岸食堂ＣＡＰＲＩＣＥ,サービス,飲食業,5%
沖縄県,読谷村,ＹｏｍｉｔａｎＨｏｌｉｓｔｉｃｓ,サービス,理容・美容業,5%
沖縄県,読谷村,ＫＡＮＡＥＣＨＡＬＫＡＲＴ,小売業,衣料品,5%
沖縄県,読谷村,木の工房あさひ,小売業,その他小売,5%
沖縄県,読谷村,京都屋クリーニング ＭＶ都屋店,サービス,その他サービス,5%
沖縄県,読谷村,ＪＭ／金城陶器所,小売業,その他小売,5%
沖縄県,読谷村,グリーンリーフ読谷店,小売業,食料品,5%
沖縄県,読谷村,ゲストハウス護佐丸,サービス,その他サービス,5%
沖縄県,読谷村,源河源吉琉球ガラス工房,サービス,その他サービス,5%
沖縄県,読谷村,ＣＯＣＯ動物病院,サービス,その他サービス,5%
沖縄県,読谷村,ココペリピザ,サービス,飲食業,5%
沖縄県,読谷村,◯盛個人タクシー,サービス,運輸業,5%
沖縄県,読谷村,コンドミニアム・ＹＵＹＵＫＩ,サービス,宿泊業,5%
沖縄県,読谷村,サロン 鈴華,小売業,衣料品,5%
沖縄県,読谷村,三線製作／販売／教室 ＡＳＯＶＩＶＡ,小売業,書籍・玩具・音楽ＣＤ,5%
沖縄県,読谷村,ＳｈａｋｅＨａｎｄｓ,サービス,その他サービス,5%
沖縄県,読谷村,ＳｗｅｅｔＰｒｏｄｕｃｅ,小売業,食料品,5%
沖縄県,読谷村,セルフ読谷喜名ＳＳ,小売業,ガソリンスタンド,2%
沖縄県,読谷村,潜水処武蔵,サービス,その他サービス,5%
沖縄県,読谷村,タウンプラザかねひで 読谷店,小売業,食料品,5%
沖縄県,読谷村,株式会社ＢＥＩＮＧ（風水サンキャッチャー協会）,サービス,その他サービス,5%
沖縄県,読谷村,Ｄｒ．Ｄｒｉｖｅ 都屋ＳＳ,小売業,ガソリンスタンド,2%
沖縄県,読谷村,Ｄｒ．Ｄｒｉｖｅ 比謝川 ＳＳ,小売業,ガソリンスタンド,2%
沖縄県,読谷村,Ｄｒ．Ｄｒｉｖｅセルフ 読谷ＳＳ,小売業,ガソリンスタンド,2%
沖縄県,読谷村,Ｄｒｅａｍ Ｒｏｓｅ,サービス,理容・美容業,5%
沖縄県,読谷村,ナチュラルブルー,サービス,その他サービス,5%
沖縄県,読谷村,パソコンの修理屋さん,サービス,その他サービス,5%
沖縄県,読谷村,ＰａｔｉｓｓｅｒｉｅＪｏｉｅＪｏｉｅ３２,小売業,食料品,5%
沖縄県,読谷村,浜辺のキッチン もめんばる,サービス,飲食業,5%
沖縄県,読谷村,Ｂ－ｍｉｎｄ,サービス,その他サービス,5%
沖縄県,読谷村,ひさゆくい,サービス,飲食業,5%
沖縄県,読谷村,平安タクシー,サービス,運輸業,5%
沖縄県,読谷村,楓千夢,サービス,その他サービス,5%
沖縄県,読谷村,ＢＰ読谷長浜ＳＳ,小売業,ガソリンスタンド,2%
沖縄県,読谷村,Ｆｕｌｌ ｃａｆｅ,サービス,飲食業,5%
沖縄県,読谷村,Ｂ．Ｓ．Ｗ．ＳＥＮＡＨＡ,サービス,宿泊業,5%
沖縄県,読谷村,ホリデーハウス琉球庵,サービス,その他サービス,5%
沖縄県,読谷村,ＭＡＣＨＩＤＡＹＡ,小売業,その他小売,5%
沖縄県,読谷村,丸憲タクシー,サービス,運輸業,5%
沖縄県,読谷村,マルサンランドリー サンエー楚辺店,サービス,その他サービス,5%
沖縄県,読谷村,丸大伊良皆店,小売業,食料品,5%
沖縄県,読谷村,丸大波平店,小売業,食料品,5%
沖縄県,読谷村,ＭＩＬＬＥＲＳ ＣＯＮＤＯ,サービス,宿泊業,5%
沖縄県,読谷村,やちむん ヤムチン,小売業,その他小売,5%
沖縄県,読谷村,有限会社おきなわ養蜂,小売業,食料品,5%
沖縄県,読谷村,よみたん自然学校,サービス,その他サービス,5%
沖縄県,読谷村,読谷農業生産資材センター「ハルサポ」,小売業,その他小売,5%
沖縄県,読谷村,よみたんファーマーズマーケットゆんた市場,小売業,食料品,5%
沖縄県,読谷村,読谷油槽所,小売業,ガソリンスタンド,2%
沖縄県,読谷村,Ｌｉｆｅ ｉｓ ａ Ｊｏｕｒｎｅｙ,サービス,宿泊業,5%
沖縄県,読谷村,リラクゼーションルーム リフレ,サービス,その他サービス,5%
沖縄県,読谷村,ＬｅＰａｓｓａｇｅａｉｍｅｒ．沖縄,小売業,その他小売,5%
沖縄県,読谷村,ローヤルホテル,サービス,宿泊業,5%
