鳥取県,岩美町,株式会社オートルビーズ,小売業,その他小売,5%
鳥取県,岩美町,ゴダイドラッグ岩美店,小売業,その他小売,5%
鳥取県,岩美町,サンマート 岩美店,小売業,食料品,5%
鳥取県,岩美町,ステージ浦富,サービス,宿泊業,5%
鳥取県,岩美町,有 東栄自動車,サービス,その他サービス,5%
鳥取県,岩美町,ファッションショップよしだ,小売業,衣料品,5%
鳥取県,岩美町,有限会社東和モータース,小売業,その他小売,5%
鳥取県,岩美町,れすとはうすロマン,サービス,飲食業,5%
鳥取県,倉吉市,赤瓦 一号館,小売業,その他小売,5%
鳥取県,倉吉市,赤瓦八号館,小売業,その他小売,5%
鳥取県,倉吉市,赤瓦八号館お菓子の館寅蔵,小売業,その他小売,5%
鳥取県,倉吉市,Ａｇｕ ｈａｉｒ Ａｇｕ ｈａｉｒ ｂｒｅｅｚｅ鳥取倉吉,サービス,理容・美容業,5%
鳥取県,倉吉市,あげい ＳＳ,小売業,ガソリンスタンド,2%
鳥取県,倉吉市,あじくら本舗,サービス,飲食業,5%
鳥取県,倉吉市,味処 進,サービス,飲食業,5%
鳥取県,倉吉市,一蔵 一蔵,サービス,飲食業,5%
鳥取県,倉吉市,出光わくわくステーション上灘ＳＳ,小売業,ガソリンスタンド,2%
鳥取県,倉吉市,いなしま酒店,小売業,食料品,5%
鳥取県,倉吉市,今井書店倉吉店,小売業,書籍・玩具・音楽ＣＤ,5%
鳥取県,倉吉市,今井書店パープルタウン店,小売業,書籍・玩具・音楽ＣＤ,5%
鳥取県,倉吉市,岩間眼鏡店,小売業,貴金属・服飾品,5%
鳥取県,倉吉市,ｖｍｖ 倉吉店,小売業,衣料品,5%
鳥取県,倉吉市,ヴィス ベリー,サービス,理容・美容業,5%
鳥取県,倉吉市,ヴィーマヴィー 倉吉店,その他業種,ー,5%
鳥取県,倉吉市,ウォーキング・ギア・２００１,小売業,衣料品,5%
鳥取県,倉吉市,Ａコープせきがね,小売業,総合（非専門）,5%
鳥取県,倉吉市,笑顔でこたえるパソコン教室,サービス,その他サービス,5%
鳥取県,倉吉市,エスマートめいりん店,小売業,食料品,5%
鳥取県,倉吉市,Ｎ’ｓ Ｆａｃｔｏｒｙ,小売業,その他小売,5%
鳥取県,倉吉市,エム エム パープル店,小売業,衣料品,5%
鳥取県,倉吉市,エム・エム,その他業種,ー,5%
鳥取県,倉吉市,ＥｌＡｇｕａＡｚｕｌ,サービス,飲食業,5%
鳥取県,倉吉市,オートサロン倉吉河北,小売業,ガソリンスタンド,2%
鳥取県,倉吉市,オートステージニシオ,小売業,その他小売,5%
鳥取県,倉吉市,おしゃれはうす姫,サービス,理容・美容業,5%
鳥取県,倉吉市,オリックスレンタカー倉吉駅前店,サービス,その他サービス,2%
鳥取県,倉吉市,温野菜倉吉店,サービス,飲食業,2%
鳥取県,倉吉市,カイロプラクティック桜,その他業種,ー,5%
鳥取県,倉吉市,貸衣装いしい,サービス,その他サービス,5%
鳥取県,倉吉市,株式会社石谷精華堂,小売業,食料品,5%
鳥取県,倉吉市,株式会社産陽モータース,小売業,その他小売,5%
鳥取県,倉吉市,株式会社産陽モータース カーパルコ店,小売業,その他小売,5%
鳥取県,倉吉市,株式会社Ｇ－ＮＥＸＴ,小売業,その他小売,5%
鳥取県,倉吉市,株式会社ＳＰＩＮＤＬＥ,小売業,その他小売,5%
鳥取県,倉吉市,株式会社トータス,小売業,その他小売,5%
鳥取県,倉吉市,株式会社中井脩 倉吉店,小売業,貴金属・服飾品,5%
鳥取県,倉吉市,株式会社プラスコーポレーション,小売業,その他小売,5%
鳥取県,倉吉市,株式会社明和オート,小売業,その他小売,5%
鳥取県,倉吉市,株式会社ユーネット,小売業,その他小売,5%
鳥取県,倉吉市,Ｄｒ．Ｄｒｉｖｅ河北小学校前 ＳＳ,小売業,ガソリンスタンド,2%
鳥取県,倉吉市,かんだや、,小売業,その他小売,5%
鳥取県,倉吉市,ギャラリーＭ,小売業,貴金属・服飾品,5%
鳥取県,倉吉市,クオータ,小売業,貴金属・服飾品,5%
鳥取県,倉吉市,クラシック マム,サービス,理容・美容業,5%
鳥取県,倉吉市,セブン－イレブン倉吉上灘小学校前店,小売業,食料品,2%
鳥取県,倉吉市,Ｄｒ．Ｄｒｉｖｅ倉吉駅前 ＳＳ,小売業,ガソリンスタンド,2%
鳥取県,倉吉市,倉吉ＳＳ,小売業,ガソリンスタンド,2%
鳥取県,倉吉市,倉吉観光物産館,小売業,その他小売,5%
鳥取県,倉吉市,倉吉観光物産館,小売業,その他小売,5%
鳥取県,倉吉市,倉吉酒場 情熱ホルモン,サービス,飲食業,5%
鳥取県,倉吉市,倉吉動物医療センター山根動物病院,その他業種,ー,5%
鳥取県,倉吉市,倉吉ホンダ販売有限会社,小売業,その他小売,5%
鳥取県,倉吉市,グリーンスコーレせきがね,その他業種,ー,5%
鳥取県,倉吉市,グリーンパークストピック 倉吉,小売業,衣料品,5%
鳥取県,倉吉市,グリル ピッツァ カッティーナ カッティーナ,サービス,飲食業,5%
鳥取県,倉吉市,ＧｒｅｅｎＰａｒｋｓｔｏｐｉｃ倉吉,その他業種,ー,5%
鳥取県,倉吉市,黒十兵衛,サービス,飲食業,5%
鳥取県,倉吉市,健康堂 パープル店,その他業種,ー,5%
鳥取県,倉吉市,合同会社カーワーク,小売業,その他小売,5%
鳥取県,倉吉市,合同会社Ｊｅｒｉｃｏ,サービス,理容・美容業,5%
鳥取県,倉吉市,ＣＯＣＯ壱番屋倉吉福庭店,サービス,飲食業,2%
鳥取県,倉吉市,Ｃｏｓ’Ｍｉｋｉ（コスメショップみき）,その他業種,ー,5%
鳥取県,倉吉市,ｓａｏｎ,小売業,その他小売,5%
鳥取県,倉吉市,Ｇ－ＹＯＵステーション 倉吉ＳＳ,小売業,ガソリンスタンド,2%
鳥取県,倉吉市,シューズショップコマツ,小売業,衣料品,5%
鳥取県,倉吉市,Ｊｅｗｅｌ,小売業,衣料品,5%
鳥取県,倉吉市,松風荘旅館,サービス,宿泊業,5%
鳥取県,倉吉市,松風荘旅館,サービス,宿泊業,5%
鳥取県,倉吉市,新あじそうパープル店,小売業,食料品,5%
鳥取県,倉吉市,真木自動車 小鴨給油所,小売業,ガソリンスタンド,2%
鳥取県,倉吉市,真木自動車 河北給油所,小売業,ガソリンスタンド,2%
鳥取県,倉吉市,真木自動車 和田給油所,小売業,ガソリンスタンド,2%
鳥取県,倉吉市,すいみんはうすＫｉｔａｙａ,小売業,家具・調度品,5%
鳥取県,倉吉市,スーパーホームセンターいない 倉吉中央店,小売業,家具・調度品,5%
鳥取県,倉吉市,ストーンズクラブ,小売業,貴金属・服飾品,5%
鳥取県,倉吉市,ストーンズクラブ倉吉パープルタウン,その他業種,ー,5%
鳥取県,倉吉市,スナック Ｄａｎｄｙ,サービス,飲食業,5%
鳥取県,倉吉市,炭焼ちゃあしゅう大香房?,サービス,飲食業,5%
鳥取県,倉吉市,関金ＳＳ,小売業,ガソリンスタンド,2%
鳥取県,倉吉市,Ｔｉｇｅｒ Ｌｉｌｙ,小売業,衣料品,5%
鳥取県,倉吉市,タナカ電器,小売業,電化製品,5%
鳥取県,倉吉市,ＣＨＩＴＯＳＥ,サービス,飲食業,5%
鳥取県,倉吉市,チャイルドショップ キッズ ラボ,小売業,衣料品,5%
鳥取県,倉吉市,角田自動車鈑金,小売業,その他小売,5%
鳥取県,倉吉市,ＴＩＲＯＩＲＨａｉｒｃａｒｅ＆ｄｅｓｉｇｎ,サービス,理容・美容業,5%
鳥取県,倉吉市,天ぷら海鮮 くら福,サービス,飲食業,5%
鳥取県,倉吉市,東宝ストア河北店,小売業,食料品,5%
鳥取県,倉吉市,東宝ストア新町店,小売業,食料品,5%
鳥取県,倉吉市,東宝ストア西倉吉店,小売業,食料品,5%
鳥取県,倉吉市,東宝ストア米田店,小売業,食料品,5%
鳥取県,倉吉市,東宝ストアロータリー店,小売業,食料品,5%
鳥取県,倉吉市,トヨタカローラ鳥取倉吉店,小売業,その他小売,5%
鳥取県,倉吉市,トヨタレンタリース鳥取倉吉営業所,サービス,その他サービス,2%
鳥取県,倉吉市,ドリームラーナーズ,その他業種,ー,5%
鳥取県,倉吉市,トワニーティエル,サービス,理容・美容業,5%
鳥取県,倉吉市,ナカムラ靴店,小売業,衣料品,5%
鳥取県,倉吉市,なだて明るいノーソン,小売業,総合（非専門）,5%
鳥取県,倉吉市,ニクバルダカラ 倉吉店,サービス,飲食業,5%
鳥取県,倉吉市,ニューウェーブ電視館,小売業,電化製品,5%
鳥取県,倉吉市,人形のはなふさ 倉吉店,小売業,その他小売,5%
鳥取県,倉吉市,野田自動車鈑金 野田自動車鈑金,サービス,その他サービス,5%
鳥取県,倉吉市,ハイ・アップ有限会社,小売業,その他小売,5%
鳥取県,倉吉市,ハウジングランドいない 倉吉西店,小売業,家具・調度品,5%
鳥取県,倉吉市,バックミヨシヤ,小売業,貴金属・服飾品,5%
鳥取県,倉吉市,Ｂａｇ みよしや,その他業種,ー,5%
鳥取県,倉吉市,パドックⅢ,小売業,その他小売,5%
鳥取県,倉吉市,パナックごとう,小売業,電化製品,5%
鳥取県,倉吉市,パナックはやし,小売業,電化製品,5%
鳥取県,倉吉市,パープルタウン,その他業種,ー,5%
鳥取県,倉吉市,ＰＡＲＩＳ１９８１,サービス,飲食業,5%
鳥取県,倉吉市,バルコス 本店,小売業,貴金属・服飾品,5%
鳥取県,倉吉市,パレット,小売業,衣料品,5%
鳥取県,倉吉市,はんのたいら堂,その他業種,ー,5%
鳥取県,倉吉市,ハンノタイラドウ,小売業,その他小売,5%
鳥取県,倉吉市,ビジネスインたけのや,サービス,宿泊業,5%
鳥取県,倉吉市,ＢＩＳＨＯＰ,サービス,飲食業,5%
鳥取県,倉吉市,ビーワイヨシダ,小売業,その他小売,5%
鳥取県,倉吉市,ビーワイヨシダ,小売業,その他小売,5%
鳥取県,倉吉市,深田電器,小売業,電化製品,5%
鳥取県,倉吉市,ブティック ＢｅＢｅ,小売業,衣料品,5%
鳥取県,倉吉市,Ｈａｉｒ ｔｈｅ ＦＩＮＥ,サービス,理容・美容業,5%
鳥取県,倉吉市,Ｈａｉｒ Ｓｔｕｄｉｏ ＹｏｕＹｏｕ Ｎ．Ｙ店,サービス,理容・美容業,5%
鳥取県,倉吉市,Ｈａｉｒ Ｓｔｕｄｉｏ ＹｏｕＹｏｕ 河北店,サービス,理容・美容業,5%
鳥取県,倉吉市,Ｈａｉｒ Ｓｔｕｄｉｏ ＹｏｕＹｏｕ ｃｌａｎ店,サービス,理容・美容業,5%
鳥取県,倉吉市,Ｈａｉｒ Ｓｔｕｄｉｏ ＹｏｕＹｏｕ 昭和町店,サービス,理容・美容業,5%
鳥取県,倉吉市,ポプラＪＡ山守店,小売業,総合（非専門）,2%
鳥取県,倉吉市,ホームズ,サービス,その他サービス,5%
鳥取県,倉吉市,本社,小売業,ガソリンスタンド,2%
鳥取県,倉吉市,マクドナルド１７９倉吉店,サービス,飲食業,2%
鳥取県,倉吉市,ママイクコ 倉吉支店,小売業,衣料品,2%
鳥取県,倉吉市,マルイ上井店,小売業,食料品,5%
鳥取県,倉吉市,南倉吉ＳＳ,小売業,ガソリンスタンド,2%
鳥取県,倉吉市,未来中心おみやげ館,小売業,食料品,5%
鳥取県,倉吉市,モリモト電器,小売業,電化製品,5%
鳥取県,倉吉市,焼肉まんしゅう,サービス,飲食業,5%
鳥取県,倉吉市,薬膳食堂犬挟,サービス,飲食業,5%
鳥取県,倉吉市,薬膳食堂めぐり,サービス,飲食業,5%
鳥取県,倉吉市,ゆうアニマルクリニック,その他業種,ー,5%
鳥取県,倉吉市,有限会社鹿屋酒店,小売業,食料品,5%
鳥取県,倉吉市,有限会社とさき,サービス,その他サービス,5%
鳥取県,倉吉市,有限会社西尾モータース,小売業,その他小売,5%
鳥取県,倉吉市,有限会社ファッションルームオサキ,小売業,衣料品,5%
鳥取県,倉吉市,有限会社増田商会,小売業,その他小売,5%
鳥取県,倉吉市,ＲＩＺＥＦｉｔｎｅｓｓ,その他業種,ー,5%
鳥取県,倉吉市,ＬａｂｅａｕｔｅＱｕｔｅ,サービス,理容・美容業,5%
鳥取県,倉吉市,リアン,その他業種,ー,5%
鳥取県,倉吉市,リアン,小売業,その他小売,5%
鳥取県,倉吉市,リッシュ,サービス,理容・美容業,5%
鳥取県,倉吉市,Ｌｅ ｃｉｅｌ,その他業種,ー,5%
鳥取県,倉吉市,ルネックス,その他業種,ー,5%
鳥取県,倉吉市,ルネックス パープル店,小売業,貴金属・服飾品,5%
鳥取県,倉吉市,レッツ リラックス,サービス,運輸業,5%
鳥取県,倉吉市,レッツ・リラックス,その他業種,ー,5%
鳥取県,倉吉市,ロベリア 倉吉店,小売業,衣料品,5%
鳥取県,倉吉市,ロベリア 倉吉店,その他業種,ー,5%
鳥取県,倉吉市,ロマンティーナササキ パープル店,その他業種,ー,5%
鳥取県,倉吉市,ロマンティナーササキ,小売業,その他小売,5%
鳥取県,倉吉市,ロマンティナーササキ パープル店,その他業種,ー,5%
鳥取県,倉吉市,ｙ．ｍ,その他業種,ー,5%
鳥取県,倉吉市,Ｙｍ パープル店,小売業,衣料品,5%
鳥取県,倉吉市,和カフェ 茶屋,サービス,飲食業,5%
鳥取県,倉吉市,ワン ｓ パートナー,サービス,その他サービス,5%
鳥取県,江府町,おかもと旅館,サービス,飲食業,5%
鳥取県,琴浦町,赤碕ＳＳ,小売業,ガソリンスタンド,2%
鳥取県,琴浦町,赤碕ＳＳ,小売業,ガソリンスタンド,2%
鳥取県,琴浦町,今井書店アプト店,小売業,書籍・玩具・音楽ＣＤ,5%
鳥取県,琴浦町,ヴェスティート・マリア,小売業,衣料品,5%
鳥取県,琴浦町,Ａコープ赤碕,小売業,総合（非専門）,5%
鳥取県,琴浦町,オンフラックス,小売業,衣料品,5%
鳥取県,琴浦町,株式会社赤碕オート,小売業,その他小売,5%
鳥取県,琴浦町,くらみつ自動車工業株式会社,小売業,その他小売,5%
鳥取県,琴浦町,Ｋ．スタイル,小売業,その他小売,5%
鳥取県,琴浦町,琴浦うまいもんや,小売業,総合（非専門）,5%
鳥取県,琴浦町,盛山電気商会,小売業,電化製品,5%
鳥取県,琴浦町,たかうな,サービス,飲食業,5%
鳥取県,琴浦町,東伯ＳＳ,小売業,ガソリンスタンド,2%
鳥取県,琴浦町,トピア,小売業,総合（非専門）,5%
鳥取県,琴浦町,ハウジングランドいない 東伯店,小売業,家具・調度品,5%
鳥取県,琴浦町,バッカスアプト店,小売業,その他小売,5%
鳥取県,琴浦町,林電器,小売業,電化製品,5%
鳥取県,琴浦町,フォーシーズン,サービス,運輸業,5%
鳥取県,琴浦町,マルイアプト店,小売業,食料品,5%
鳥取県,琴浦町,有限会社 丸正商店,小売業,その他小売,5%
鳥取県,琴浦町,みなとガーデン みなとガーデン,サービス,飲食業,5%
鳥取県,琴浦町,（有）高塚かまぼこ店,小売業,食料品,5%
鳥取県,琴浦町,有限会社宇田川呉服店,小売業,衣料品,5%
鳥取県,琴浦町,有限会社竹林モータース,小売業,その他小売,5%
鳥取県,琴浦町,有限会社山本おたふく堂,小売業,食料品,5%
鳥取県,境港市,アラオカ電器,小売業,電化製品,5%
鳥取県,境港市,和泉,サービス,飲食業,5%
鳥取県,境港市,一月と六月,小売業,衣料品,5%
鳥取県,境港市,今井書店境港店,小売業,書籍・玩具・音楽ＣＤ,5%
鳥取県,境港市,岡田商店本店,小売業,食料品,5%
鳥取県,境港市,オリックスレンタカー米子空港店,サービス,その他サービス,2%
鳥取県,境港市,海上石油有限会社本社,小売業,ガソリンスタンド,2%
鳥取県,境港市,柏木米穀店,小売業,食料品,5%
鳥取県,境港市,ガス部門,小売業,ガソリンスタンド,2%
鳥取県,境港市,カットプレイス カミュー カットプレイス カミュー,サービス,理容・美容業,5%
鳥取県,境港市,株式会社Ｏｎｅ’ｓ,小売業,その他小売,5%
鳥取県,境港市,鬼太郎の里わたなべ,小売業,その他小売,5%
鳥取県,境港市,セブン－イレブン境港上道町店,小売業,食料品,2%
鳥取県,境港市,境港北ＳＳ,小売業,ガソリンスタンド,2%
鳥取県,境港市,セブン－イレブン境港市役所前店,小売業,食料品,2%
鳥取県,境港市,境港西ＳＳ,小売業,ガソリンスタンド,2%
鳥取県,境港市,酒や乃 えんどう,小売業,その他小売,5%
鳥取県,境港市,里岩商店,小売業,電化製品,5%
鳥取県,境港市,昭和町ＳＳ,小売業,ガソリンスタンド,2%
鳥取県,境港市,新来軒 新来軒,サービス,飲食業,5%
鳥取県,境港市,スーパードラッグひまわり境港店,小売業,総合（非専門）,5%
鳥取県,境港市,スーパーホームセンターいない境港店,小売業,家具・調度品,5%
鳥取県,境港市,スミモト,小売業,その他小売,5%
鳥取県,境港市,スミモトスポーツ,小売業,その他小売,5%
鳥取県,境港市,竹内団地ＳＳ,小売業,ガソリンスタンド,2%
鳥取県,境港市,直売,小売業,ガソリンスタンド,2%
鳥取県,境港市,トヨタレンタリース鳥取 米子鬼太郎空港店,サービス,その他サービス,2%
鳥取県,境港市,ぬりかべ商店,小売業,その他小売,5%
鳥取県,境港市,パナック わたなべ,小売業,電化製品,5%
鳥取県,境港市,ＢＥＥＷＩＮＧ ＢＥＥＷＩＮＧ,小売業,その他小売,5%
鳥取県,境港市,ビーロード境港ＳＳ 株式会社岡田商店,小売業,ガソリンスタンド,2%
鳥取県,境港市,フジ産業外江給油所,小売業,ガソリンスタンド,2%
鳥取県,境港市,ぶんぶん堂境港店 ぶんぶん堂境港店,小売業,その他小売,5%
鳥取県,境港市,ヘアーサロン マジック ヘアーサロンマジック,サービス,理容・美容業,5%
鳥取県,境港市,ホームデコ境港店,小売業,その他小売,5%
鳥取県,境港市,ホテルエリアワン境港マリーナ,サービス,宿泊業,5%
鳥取県,境港市,マクドナルド境港店,サービス,飲食業,2%
鳥取県,境港市,マルイ渡店,小売業,食料品,5%
鳥取県,境港市,水木しげる文庫,小売業,食料品,5%
鳥取県,境港市,有限会社川口商店,小売業,食料品,5%
鳥取県,境港市,妖怪工房,小売業,その他小売,5%
鳥取県,大山町,Ａコープ名和,小売業,総合（非専門）,5%
鳥取県,大山町,エム・マート,小売業,総合（非専門）,5%
鳥取県,大山町,株式会社華誦絵,小売業,衣料品,5%
鳥取県,大山町,株式会社ダイハツ名和,小売業,その他小売,5%
鳥取県,大山町,ＫＯＭＯＲＥＢＩＴＯ,サービス,飲食業,5%
鳥取県,大山町,さいき美容室,サービス,理容・美容業,5%
鳥取県,大山町,山楽荘,サービス,宿泊業,5%
鳥取県,大山町,柳川真樹,サービス,その他サービス,5%
鳥取県,大山町,ペンション赤いりぼん,サービス,宿泊業,5%
鳥取県,大山町,マツモト電器,小売業,電化製品,5%
鳥取県,大山町,ラーメンさくら,サービス,飲食業,5%
鳥取県,智頭町,出光クワトロＳＳ,小売業,ガソリンスタンド,2%
鳥取県,智頭町,ゴダイドラッグ智頭店,小売業,その他小売,5%
鳥取県,智頭町,タルマーリー,サービス,飲食業,5%
鳥取県,智頭町,智頭,小売業,ガソリンスタンド,2%
鳥取県,智頭町,智頭宿ＳＳ,小売業,ガソリンスタンド,2%
鳥取県,鳥取市,アイスバーグ,サービス,理容・美容業,5%
鳥取県,鳥取市,Ａｇｕ ｈａｉｒ Ａｇｕ ｈａｉｒ ｒａｂｂｉｔ鳥取,サービス,理容・美容業,5%
鳥取県,鳥取市,アコヤ楽器店,小売業,その他小売,5%
鳥取県,鳥取市,味処 すゞ満,サービス,飲食業,5%
鳥取県,鳥取市,Ａｓｔｏｒｙ,サービス,理容・美容業,5%
鳥取県,鳥取市,ＵＰ・ＬＥＡＤ・ＣＡＲ ＳＥＲＶＩＣＥ,小売業,その他小売,5%
鳥取県,鳥取市,アトリエパルファム,サービス,理容・美容業,5%
鳥取県,鳥取市,アバンセ・エピ,小売業,その他小売,5%
鳥取県,鳥取市,アフェット,サービス,その他サービス,5%
鳥取県,鳥取市,Ｅｎ ｆａｍｉｌｌｅ,サービス,理容・美容業,5%
鳥取県,鳥取市,ｉｎｆｉｎｉ,その他業種,ー,5%
鳥取県,鳥取市,ａｎｐ ｈａｉｒ,サービス,理容・美容業,5%
鳥取県,鳥取市,ＶＭＶ イオンモール鳥取北店,小売業,その他小売,5%
鳥取県,鳥取市,イタリア料理びーどろ亭,サービス,飲食業,5%
鳥取県,鳥取市,出光オーレ叶ＳＳ,小売業,ガソリンスタンド,2%
鳥取県,鳥取市,出光オーレ湖山ＳＳ,小売業,ガソリンスタンド,2%
鳥取県,鳥取市,出光オーレ松並ＳＳ,小売業,ガソリンスタンド,2%
鳥取県,鳥取市,出光サウスステーションＳＳ,小売業,ガソリンスタンド,2%
鳥取県,鳥取市,出光ハートランド雲山ＳＳ,小売業,ガソリンスタンド,2%
鳥取県,鳥取市,出光ゆうステーションＳＳ,小売業,ガソリンスタンド,2%
鳥取県,鳥取市,今井書店吉成店,小売業,書籍・玩具・音楽ＣＤ,5%
鳥取県,鳥取市,今井書店吉成店サウンドスタジアム,小売業,書籍・玩具・音楽ＣＤ,5%
鳥取県,鳥取市,印ショップ いろは堂,小売業,その他小売,5%
鳥取県,鳥取市,インテリアプラザ加納,小売業,家具・調度品,5%
鳥取県,鳥取市,Ｗｅｂ ｓｔｏｒｅ ＢＩＮＧＯＹＡ,小売業,衣料品,5%
鳥取県,鳥取市,器屋 うらの,小売業,その他小売,5%
鳥取県,鳥取市,エステティックサロンＯＭＢＲＡＧＥ,サービス,理容・美容業,5%
鳥取県,鳥取市,ＳＰＧきのした店,小売業,電化製品,5%
鳥取県,鳥取市,ＳＰＧ湖山店,小売業,電化製品,5%
鳥取県,鳥取市,エスマート川端店,小売業,食料品,5%
鳥取県,鳥取市,エスマート湖山店,小売業,食料品,5%
鳥取県,鳥取市,エスマート桜谷店,小売業,食料品,5%
鳥取県,鳥取市,エスマート末広店,小売業,食料品,5%
鳥取県,鳥取市,エスマートつのい店,小売業,食料品,5%
鳥取県,鳥取市,エスマート田園町店,小売業,食料品,5%
鳥取県,鳥取市,エスマート徳尾店,小売業,食料品,5%
鳥取県,鳥取市,エスマート浜村店,小売業,食料品,5%
鳥取県,鳥取市,エスマート緑町店,小売業,食料品,5%
鳥取県,鳥取市,エスマート吉成店,小売業,食料品,5%
鳥取県,鳥取市,エネトピアプラザ,その他業種,ー,5%
鳥取県,鳥取市,Ａｎｇｅｌ Ｈｏｕｓｅ,小売業,その他小売,5%
鳥取県,鳥取市,大江ノ郷ＨＡＮＡＲＥ,サービス,飲食業,5%
鳥取県,鳥取市,大上電気店,小売業,電化製品,5%
鳥取県,鳥取市,オートショップ センダイ,小売業,その他小売,5%
鳥取県,鳥取市,オートテック,小売業,その他小売,5%
鳥取県,鳥取市,Ａｕｔｏ Ｆｉｒｍ,小売業,その他小売,5%
鳥取県,鳥取市,岡田モータース,小売業,その他小売,5%
鳥取県,鳥取市,おくだいら商店,サービス,飲食業,5%
鳥取県,鳥取市,お好み工房 こな,サービス,飲食業,5%
鳥取県,鳥取市,おしゃれの店やぶた 桜谷店,小売業,その他小売,5%
鳥取県,鳥取市,オリーブ,小売業,衣料品,5%
鳥取県,鳥取市,オリーブ２,小売業,衣料品,5%
鳥取県,鳥取市,オリックスレンタカー鳥取空港店,サービス,その他サービス,2%
鳥取県,鳥取市,オリックスレンタカー鳥取店,サービス,その他サービス,2%
鳥取県,鳥取市,尾脇電機,小売業,電化製品,5%
鳥取県,鳥取市,温泉旅館丸茂,サービス,宿泊業,5%
鳥取県,鳥取市,ＣＡＲ ＦＡＭＩＬＹ ＩＳＨＩＤＡ,小売業,その他小売,5%
鳥取県,鳥取市,カー用品 チャンプ,小売業,その他小売,5%
鳥取県,鳥取市,加藤紙店,小売業,その他小売,5%
鳥取県,鳥取市,ｃａｆｅ?ｎｅｅ ｃａｆ??ｎｅｅ,サービス,飲食業,5%
鳥取県,鳥取市,株式会社インテリアフクタ,小売業,家具・調度品,5%
鳥取県,鳥取市,株式会社エスガレージ,小売業,その他小売,5%
鳥取県,鳥取市,株式会社オートフレンド,小売業,その他小売,5%
鳥取県,鳥取市,株式会社カーハウスプロテク,小売業,その他小売,5%
鳥取県,鳥取市,株式会社かどを,小売業,衣料品,5%
鳥取県,鳥取市,株式会社たかた,小売業,総合（非専門）,5%
鳥取県,鳥取市,株式会社鳥取大丸,小売業,総合（非専門）,2%
鳥取県,鳥取市,株式会社中井脩,小売業,貴金属・服飾品,5%
鳥取県,鳥取市,株式会社中井脩 ガーデン,小売業,貴金属・服飾品,5%
鳥取県,鳥取市,株式会社日本海自動車学校,その他業種,ー,5%
鳥取県,鳥取市,株式会社バイスリー,その他業種,ー,5%
鳥取県,鳥取市,株式会社ベルモード,小売業,衣料品,5%
鳥取県,鳥取市,株式会社マミー,小売業,その他小売,5%
鳥取県,鳥取市,株式会社みつかね洋装店,小売業,衣料品,5%
鳥取県,鳥取市,株式会社メモワールイナバ,サービス,その他サービス,5%
鳥取県,鳥取市,かめや釣具 鳥取店,小売業,その他小売,5%
鳥取県,鳥取市,カレーハウスＣＯＣＯ壱番屋鳥取湖山店,サービス,飲食業,2%
鳥取県,鳥取市,カレーハウスＣＯＣＯ壱番屋鳥取宮長店,サービス,飲食業,2%
鳥取県,鳥取市,川のｈｏｔｏｒｉ用瀬 川のｈｏｔｏｒｉ用瀬,サービス,飲食業,5%
鳥取県,鳥取市,韓国焼肉 トントン,サービス,飲食業,5%
鳥取県,鳥取市,観水庭こぜにや ブライダル,サービス,その他サービス,5%
鳥取県,鳥取市,キクヤ薬粧 流郷極楽堂,小売業,その他小売,5%
鳥取県,鳥取市,北川旅館,サービス,宿泊業,5%
鳥取県,鳥取市,絹の館さーびす,小売業,衣料品,5%
鳥取県,鳥取市,ギフト館トダ,小売業,その他小売,5%
鳥取県,鳥取市,ギャラリーそら／スペース空,小売業,その他小売,5%
鳥取県,鳥取市,牛豚馬鶏 鳥取店,サービス,飲食業,5%
鳥取県,鳥取市,Ｄｒ．Ｄｒｉｖｅ雲山ＳＳ,小売業,ガソリンスタンド,2%
鳥取県,鳥取市,倉式珈琲ナチュラルガーデン国府店,サービス,飲食業,2%
鳥取県,鳥取市,くるま市場,小売業,その他小売,5%
鳥取県,鳥取市,ＫＨＳ鳥取,小売業,その他小売,5%
鳥取県,鳥取市,ケーキのお店ＫＯＯＮｅｅｄｓ,小売業,食料品,5%
鳥取県,鳥取市,合同会社ＳｉｄｅＧａｔｅ,サービス,その他サービス,5%
鳥取県,鳥取市,セブンーイレブンＫＯＹＯ鳥取県立中央病院店,小売業,食料品,2%
鳥取県,鳥取市,国府ＳＳ,小売業,ガソリンスタンド,2%
鳥取県,鳥取市,国民宿舎 山紫苑,サービス,宿泊業,5%
鳥取県,鳥取市,コスメティックあき,小売業,その他小売,5%
鳥取県,鳥取市,コスメティックパティオ ゆう＆Ｙ,小売業,その他小売,5%
鳥取県,鳥取市,（有）五臓圓薬局,小売業,その他小売,5%
鳥取県,鳥取市,ゴダイドラッグ鳥取店,小売業,その他小売,5%
鳥取県,鳥取市,小谷時計店,小売業,その他小売,5%
鳥取県,鳥取市,ご亭めし,サービス,飲食業,5%
鳥取県,鳥取市,小林産業,小売業,電化製品,5%
鳥取県,鳥取市,Ｄｒ．Ｄｒｉｖｅ湖山中央ＳＳ,小売業,ガソリンスタンド,2%
鳥取県,鳥取市,ＧＯＬＦＳＴＡＧＥ Ｅｖｅｎ,小売業,その他小売,5%
鳥取県,鳥取市,ゴルフパートナー 日本海ゴルフセンター店,小売業,その他小売,2%
鳥取県,鳥取市,サイクルショップ フクハマ,小売業,その他小売,5%
鳥取県,鳥取市,Ｄｒ．Ｄｒｉｖｅ幸町ＳＳ,小売業,ガソリンスタンド,2%
鳥取県,鳥取市,砂丘東 ＳＳ,小売業,ガソリンスタンド,2%
鳥取県,鳥取市,砂丘フレンド,小売業,その他小売,5%
鳥取県,鳥取市,サロンドソラ駅前店,サービス,理容・美容業,5%
鳥取県,鳥取市,サロンドソラ パレットとっとり店,サービス,理容・美容業,5%
鳥取県,鳥取市,サンマート 青谷店,小売業,食料品,5%
鳥取県,鳥取市,サンマート 岩倉店,小売業,食料品,5%
鳥取県,鳥取市,サンマート 北園店,小売業,食料品,5%
鳥取県,鳥取市,サンマート 湖山店,小売業,食料品,5%
鳥取県,鳥取市,サンマート 西店,小売業,食料品,5%
鳥取県,鳥取市,サンマート 東店,小売業,食料品,5%
鳥取県,鳥取市,サンマート 南店,小売業,食料品,5%
鳥取県,鳥取市,三友商事,小売業,衣料品,5%
鳥取県,鳥取市,しあわせとどける菓子工房 うずまきや,サービス,飲食業,5%
鳥取県,鳥取市,Ｇ－ＹＯＵステーション 大森ＳＳ,小売業,ガソリンスタンド,2%
鳥取県,鳥取市,Ｇ－ＹＯＵステーション 桜谷ＳＳ,小売業,ガソリンスタンド,2%
鳥取県,鳥取市,鹿野ＳＳ,小売業,ガソリンスタンド,2%
鳥取県,鳥取市,四季愉遊たもや,サービス,飲食業,5%
鳥取県,鳥取市,シティコンタクト イオン鳥取北店,小売業,その他小売,5%
鳥取県,鳥取市,ジャパンズ,サービス,飲食業,5%
鳥取県,鳥取市,株式会社シャルビー,小売業,その他小売,5%
鳥取県,鳥取市,秀光園,小売業,食料品,5%
鳥取県,鳥取市,ジュエリーショップＮＯＮＢＯＤＹ,小売業,貴金属・服飾品,5%
鳥取県,鳥取市,ショップカワムラ,小売業,その他小売,5%
鳥取県,鳥取市,真木自動車 白兎給油所,小売業,ガソリンスタンド,2%
鳥取県,鳥取市,新日本補聴器センター鳥取店,小売業,その他小売,5%
鳥取県,鳥取市,スズキ販売鳥取中央,小売業,その他小売,5%
鳥取県,鳥取市,ストーンプランニングいしの鳥取店,小売業,その他小売,5%
鳥取県,鳥取市,スナックなつ,サービス,飲食業,5%
鳥取県,鳥取市,炭火焼 ジュジュアン,サービス,飲食業,5%
鳥取県,鳥取市,炭火焼肉大平門 雲山店,サービス,飲食業,5%
鳥取県,鳥取市,清流茶屋かわはら,小売業,家具・調度品,5%
鳥取県,鳥取市,星来庵,サービス,飲食業,5%
鳥取県,鳥取市,セントラルアーサオブヘアー,サービス,理容・美容業,5%
鳥取県,鳥取市,セントラルアーサｏｆ ｈａｉｒ セントラルアーサ ｏｆ Ｈａｉｒ,サービス,理容・美容業,5%
鳥取県,鳥取市,セントラルクリーニング イオンモール鳥取北店,サービス,その他サービス,5%
鳥取県,鳥取市,創作味処 そろそろ,サービス,飲食業,5%
鳥取県,鳥取市,創作きものと帯 京つづれ,小売業,衣料品,5%
鳥取県,鳥取市,第一家電,小売業,電化製品,5%
鳥取県,鳥取市,ダイソー・ランディーズ国府店,小売業,その他小売,2%
鳥取県,鳥取市,ダイソー・ランディーズ宮長店,小売業,その他小売,2%
鳥取県,鳥取市,大東鈑金,小売業,その他小売,5%
鳥取県,鳥取市,ダイハツ雲山,小売業,その他小売,5%
鳥取県,鳥取市,たくみ割烹,サービス,飲食業,5%
鳥取県,鳥取市,竹内電器設備,小売業,電化製品,5%
鳥取県,鳥取市,田淵金物ファームマート店,小売業,その他小売,5%
鳥取県,鳥取市,タブチ時計眼鏡店,小売業,貴金属・服飾品,5%
鳥取県,鳥取市,だるまや鳥取店,小売業,衣料品,5%
鳥取県,鳥取市,智頭街道ＳＳ,小売業,ガソリンスタンド,2%
鳥取県,鳥取市,ｃｈａｎｄｒａ,サービス,理容・美容業,5%
鳥取県,鳥取市,ディーハウス クランツ,小売業,その他小売,5%
鳥取県,鳥取市,ディス イズ,小売業,衣料品,5%
鳥取県,鳥取市,Ｔａｂｌｅ ｍａｋｅ,サービス,飲食業,5%
鳥取県,鳥取市,手創りの店ウィルミナ,小売業,貴金属・服飾品,5%
鳥取県,鳥取市,鉄板居酒屋じゅうべえ 鉄板居酒屋じゅうべえ,サービス,飲食業,5%
鳥取県,鳥取市,Ｆｒａｓｓｉｎｏ,小売業,その他小売,5%
鳥取県,鳥取市,デンキハウスおぎはら,小売業,電化製品,5%
鳥取県,鳥取市,でんでん谷口店,小売業,電化製品,5%
鳥取県,鳥取市,鳥取瓦斯株式会社 本社,その他業種,ー,5%
鳥取県,鳥取市,鳥取瓦斯産業株式会社 本社,その他業種,ー,5%
鳥取県,鳥取市,鳥取県東部自動車学校,その他業種,ー,5%
鳥取県,鳥取市,鳥取シティホテル,サービス,宿泊業,5%
鳥取県,鳥取市,セブン－イレブン鳥取津ノ井店,小売業,食料品,2%
鳥取県,鳥取市,セブン－イレブン鳥取緑ケ丘１丁目店,小売業,食料品,2%
鳥取県,鳥取市,鳥取南ＳＳ,小売業,ガソリンスタンド,2%
鳥取県,鳥取市,鳥取ヤクルト販売 ヤクルト上井センター,小売業,食料品,5%
鳥取県,鳥取市,鳥取ヤクルト販売 ヤクルト倉吉中央センター,小売業,食料品,5%
鳥取県,鳥取市,鳥取ヤクルト販売 ヤクルト千代水センター,小売業,食料品,5%
鳥取県,鳥取市,鳥取ヤクルト販売 ヤクルト東伯センター,小売業,食料品,5%
鳥取県,鳥取市,鳥取ヤクルト販売 ヤクルト鳥取中央センター,小売業,食料品,5%
鳥取県,鳥取市,鳥取ヤクルト販売 ヤクルト風紋センター,小売業,食料品,5%
鳥取県,鳥取市,鳥取ヤクルト販売 ヤクルト宝木センター,小売業,食料品,5%
鳥取県,鳥取市,鳥取ヤクルト販売 ヤクルトみどりセンター,小売業,食料品,5%
鳥取県,鳥取市,鳥取ヤクルト販売 ヤクルト南センター,小売業,食料品,5%
鳥取県,鳥取市,セブン－イレブン鳥取吉方店,小売業,食料品,2%
鳥取県,鳥取市,兎ッ兎ワイナリー,小売業,食料品,5%
鳥取県,鳥取市,ドトールコーヒーショップ ＪＲ鳥取駅店,サービス,飲食業,2%
鳥取県,鳥取市,トヨタカローラ鳥取桜ヶ丘店,小売業,その他小売,5%
鳥取県,鳥取市,トヨタカローラ鳥取鳥取店,小売業,その他小売,5%
鳥取県,鳥取市,トヨタレンタリース鳥取 鳥取砂丘コナン空港店,サービス,その他サービス,2%
鳥取県,鳥取市,トヨタレンタリース鳥取鳥取駅前店,サービス,その他サービス,2%
鳥取県,鳥取市,トヨタレンタリース鳥取鳥取空港カウンター店,サービス,その他サービス,2%
鳥取県,鳥取市,ドラッグ １７１ 駅南店,小売業,家具・調度品,5%
鳥取県,鳥取市,ドラッグ１７１ 丸山店,小売業,家具・調度品,5%
鳥取県,鳥取市,トリミングサロンＴｅＴｅ,サービス,その他サービス,5%
鳥取県,鳥取市,中村時計眼鏡店,小売業,貴金属・服飾品,5%
鳥取県,鳥取市,ナッツベリーファーム,小売業,その他小売,5%
鳥取県,鳥取市,ニシオ,小売業,衣料品,5%
鳥取県,鳥取市,西根鮮魚店,小売業,食料品,5%
鳥取県,鳥取市,日本家具株式会社,小売業,家具・調度品,5%
鳥取県,鳥取市,人形のはなふさ 総本店,小売業,その他小売,5%
鳥取県,鳥取市,人形のはなふさ 鳥取店,小売業,その他小売,5%
鳥取県,鳥取市,ｎａｉｌ ｓａｌｏｎ Ｔｏｃｏ ＮＡＩＬ,サービス,理容・美容業,5%
鳥取県,鳥取市,ねじまき鳥靴工房,その他業種,ー,5%
鳥取県,鳥取市,ネットワーク鳥取,小売業,その他小売,5%
鳥取県,鳥取市,ＢＡＲアジト,サービス,飲食業,5%
鳥取県,鳥取市,ハウジングランドいない 河原店,小売業,家具・調度品,5%
鳥取県,鳥取市,白兎,小売業,ガソリンスタンド,2%
鳥取県,鳥取市,バッカス宮長店,小売業,その他小売,5%
鳥取県,鳥取市,バドミントン工房オレンヂＯＮＥ,小売業,その他小売,5%
鳥取県,鳥取市,パナックいのうえ,小売業,電化製品,5%
鳥取県,鳥取市,パナック むらかみ,小売業,電化製品,5%
鳥取県,鳥取市,パナック おかだ,小売業,電化製品,5%
鳥取県,鳥取市,浜村海岸ＳＳ,小売業,ガソリンスタンド,2%
鳥取県,鳥取市,ハリカ鳥取店有限会社,小売業,その他小売,2%
鳥取県,鳥取市,ＢＡＲＣＯＳ 鳥取店,小売業,貴金属・服飾品,5%
鳥取県,鳥取市,ＢＭＯ鳥取千代水店,小売業,衣料品,5%
鳥取県,鳥取市,光油槽所,小売業,ガソリンスタンド,2%
鳥取県,鳥取市,ビッグウッド 鳥取店,小売業,家具・調度品,2%
鳥取県,鳥取市,日ノ丸観光株式会社 ホテルニューオータニ鳥取,サービス,宿泊業,2%
鳥取県,鳥取市,日ノ丸観光株式会社 ホテルニューオータニ鳥取 アゼリア,サービス,飲食業,2%
鳥取県,鳥取市,日ノ丸観光株式会社 ホテルニューオータニ鳥取 グリーンハウス,サービス,飲食業,2%
鳥取県,鳥取市,日ノ丸観光株式会社 ホテルニューオータニ鳥取 山茶花,サービス,飲食業,2%
鳥取県,鳥取市,日ノ丸観光株式会社 ホテルニューオータニ鳥取 サブリエ,サービス,飲食業,2%
鳥取県,鳥取市,日ノ丸観光株式会社 ホテルニューオータニ鳥取 大観苑,サービス,飲食業,2%
鳥取県,鳥取市,日ノ丸観光株式会社 ホテルニューオータニ鳥取 パリエール,サービス,飲食業,2%
鳥取県,鳥取市,日ノ丸観光株式会社 ホテルニューオータニ鳥取 ビアガーデン,サービス,飲食業,2%
鳥取県,鳥取市,日ノ丸観光株式会社 ホテルニューオータニ鳥取 ベルビュー,サービス,飲食業,2%
鳥取県,鳥取市,姫村電器商会,小売業,電化製品,5%
鳥取県,鳥取市,ビューティ髪ふうせん,サービス,理容・美容業,5%
鳥取県,鳥取市,美容室アーサＫＯＹＡＭＡＫＩＴＡ,サービス,理容・美容業,5%
鳥取県,鳥取市,ＢＩＮＧＯＹＡ 駅南店,小売業,衣料品,5%
鳥取県,鳥取市,ＢＩＮＧＯＹＡ ＳＵＰＥＲ ＳＨＯＰ 鳥取店,小売業,衣料品,5%
鳥取県,鳥取市,ファッションクリエーターニーズ,小売業,衣料品,5%
鳥取県,鳥取市,ファッションハウス 四季,小売業,衣料品,5%
鳥取県,鳥取市,ファミリーショップ ササキ,小売業,衣料品,5%
鳥取県,鳥取市,フェリース紅茶日記,サービス,飲食業,5%
鳥取県,鳥取市,富士音饗,小売業,電化製品,5%
鳥取県,鳥取市,仏唱堂有限会社,小売業,その他小売,5%
鳥取県,鳥取市,ブティック ヒサズミ,小売業,衣料品,5%
鳥取県,鳥取市,ぶどうや,小売業,衣料品,5%
鳥取県,鳥取市,ブライダルショップ ジュノー,サービス,その他サービス,5%
鳥取県,鳥取市,フラワー＆ベーカリーＨａＲｕ,小売業,その他小売,5%
鳥取県,鳥取市,ブラン×ワークス,小売業,衣料品,5%
鳥取県,鳥取市,フルーツショップ フェリース,サービス,飲食業,5%
鳥取県,鳥取市,フローリストみき,小売業,その他小売,5%
鳥取県,鳥取市,フロッシー鳥取店,小売業,衣料品,5%
鳥取県,鳥取市,ｆｌｏｓｓｙ 鳥取店,小売業,衣料品,5%
鳥取県,鳥取市,ヘアーサロンジャヤ,サービス,理容・美容業,5%
鳥取県,鳥取市,ヘアースパイス,サービス,理容・美容業,5%
鳥取県,鳥取市,ｈａｉｒ ｎａｉｌ ｊａｙａ,サービス,理容・美容業,5%
鳥取県,鳥取市,ヘアーフレックス イケモト,サービス,理容・美容業,5%
鳥取県,鳥取市,ＨａｉｒＳａｌｏｎ Ｊ．ＢＯＹ,サービス,理容・美容業,5%
鳥取県,鳥取市,ベッラエレガンテ,サービス,理容・美容業,5%
鳥取県,鳥取市,ペペネーロ イタリア館,サービス,飲食業,5%
鳥取県,鳥取市,ベル美容室,サービス,理容・美容業,5%
鳥取県,鳥取市,ベルマン・コスメティック,その他業種,ー,5%
鳥取県,鳥取市,Ｂｏｄｙ Ｓｈｏｐ Ｂｅ－ｏｎｅ,小売業,その他小売,5%
鳥取県,鳥取市,ポテチーノ,小売業,衣料品,5%
鳥取県,鳥取市,ホテルニューオータニ鳥取,サービス,宿泊業,5%
鳥取県,鳥取市,ホテルニューオータニ鳥取 山茶花,サービス,宿泊業,5%
鳥取県,鳥取市,ホテルニューオータニ鳥取 大観苑,サービス,宿泊業,5%
鳥取県,鳥取市,ホテルニューオータニ鳥取ビアガー,サービス,宿泊業,5%
鳥取県,鳥取市,ホテルニューオータニ鳥取ビアガ,サービス,宿泊業,5%
鳥取県,鳥取市,ホテルニューオータニ鳥取ビアガーデ,サービス,宿泊業,5%
鳥取県,鳥取市,まえた療術院,サービス,その他サービス,5%
鳥取県,鳥取市,マクドナルドカインズモール鳥取店,サービス,飲食業,2%
鳥取県,鳥取市,マクドナルド鳥取丸山店,サービス,飲食業,2%
鳥取県,鳥取市,ＭＡＹＡＭＡ,小売業,その他小売,5%
鳥取県,鳥取市,マルイ国府店,小売業,食料品,5%
鳥取県,鳥取市,マルイ湖山店,小売業,食料品,5%
鳥取県,鳥取市,マルイ宮長店,小売業,食料品,5%
鳥取県,鳥取市,マルイ薬師町店,小売業,食料品,5%
鳥取県,鳥取市,マルサン,小売業,衣料品,5%
鳥取県,鳥取市,希笑 希笑,サービス,その他サービス,5%
鳥取県,鳥取市,万年筆博士,小売業,その他小売,5%
鳥取県,鳥取市,味覚の宿 山田屋,サービス,宿泊業,5%
鳥取県,鳥取市,みどり美容室,サービス,理容・美容業,5%
鳥取県,鳥取市,ミモザ鳥取店,小売業,家具・調度品,5%
鳥取県,鳥取市,宮脇書店 鳥取店,小売業,書籍・玩具・音楽ＣＤ,5%
鳥取県,鳥取市,ミュージックロータリーアコヤ,小売業,その他小売,5%
鳥取県,鳥取市,ＭＩＲＡＩ ｒｅｓｔａｕｒａｎｔ ｃａｆｅ,サービス,飲食業,5%
鳥取県,鳥取市,ＭＩＲＡＩ,サービス,飲食業,5%
鳥取県,鳥取市,メガネのマツモト,小売業,その他小売,5%
鳥取県,鳥取市,メナードフェイシャルサロン鳥取市田島店,サービス,理容・美容業,5%
鳥取県,鳥取市,メナードフェイシャルサロン鳥取市田島店,サービス,理容・美容業,5%
鳥取県,鳥取市,ｍｏｃｏ ｌｉｆｅｓｔｙｌｅ ｓｔｏｒｅ,サービス,飲食業,5%
鳥取県,鳥取市,ｍｏｍｉｍｏ,サービス,その他サービス,5%
鳥取県,鳥取市,ｍｏｍｉｍｏ,サービス,その他サービス,5%
鳥取県,鳥取市,モリケン,小売業,その他小売,5%
鳥取県,鳥取市,八百谷時計電器店,小売業,電化製品,5%
鳥取県,鳥取市,焼肉屋大平門 湖山店,サービス,飲食業,5%
鳥取県,鳥取市,ヤハタデンキ,小売業,電化製品,5%
鳥取県,鳥取市,ヤマト電器,小売業,電化製品,5%
鳥取県,鳥取市,有限会社アイウィッシュ リ・ソフィ,小売業,衣料品,5%
鳥取県,鳥取市,有限会社青木衣裳店,サービス,その他サービス,5%
鳥取県,鳥取市,有限会社いわなり,小売業,衣料品,5%
鳥取県,鳥取市,有限会社上網モータース,小売業,その他小売,5%
鳥取県,鳥取市,有限会社植田印判,小売業,その他小売,5%
鳥取県,鳥取市,有限会社植田印判 駅前店,小売業,その他小売,5%
鳥取県,鳥取市,有限会社植田印判 川端店,小売業,その他小売,5%
鳥取県,鳥取市,有限会社ウコン自動車,小売業,その他小売,5%
鳥取県,鳥取市,有限会社ウコン自動車 湖山,小売業,その他小売,5%
鳥取県,鳥取市,有限会社オートジール,小売業,その他小売,5%
鳥取県,鳥取市,有限会社ガレージベース ＧａｒａｇｅＢａｓｅ,小売業,その他小売,5%
鳥取県,鳥取市,有限会社くるまや,小売業,その他小売,5%
鳥取県,鳥取市,有限会社シューズ・クラタ,小売業,衣料品,5%
鳥取県,鳥取市,有限会社セントラルモータース,小売業,その他小売,5%
鳥取県,鳥取市,有限会社高垣時計店,小売業,貴金属・服飾品,5%
鳥取県,鳥取市,有限会社辻商店,小売業,衣料品,5%
鳥取県,鳥取市,有限会社てんまり,サービス,飲食業,5%
鳥取県,鳥取市,有限会社中谷かばん店,小売業,貴金属・服飾品,5%
鳥取県,鳥取市,有限会社西尾金物店,小売業,総合（非専門）,5%
鳥取県,鳥取市,有限会社西山家具,小売業,家具・調度品,5%
鳥取県,鳥取市,有限会社ニューモードロマン,小売業,衣料品,5%
鳥取県,鳥取市,有限会社林オート,小売業,その他小売,5%
鳥取県,鳥取市,有限会社ふじもと鞄店,小売業,貴金属・服飾品,5%
鳥取県,鳥取市,有限会社フタバ時計眼鏡店,小売業,貴金属・服飾品,5%
鳥取県,鳥取市,有限会社フラワーショップヨシダ,小売業,その他小売,5%
鳥取県,鳥取市,有限会社平成自販,小売業,その他小売,5%
鳥取県,鳥取市,有限会社メガネの太田,小売業,貴金属・服飾品,5%
鳥取県,鳥取市,有限会社モードサロン・シャルム ジェイモーダ,小売業,衣料品,5%
鳥取県,鳥取市,有限会社山口タンス店,小売業,家具・調度品,5%
鳥取県,鳥取市,ようこそ亭 ようこそ亭,サービス,飲食業,5%
鳥取県,鳥取市,洋食屋 スノーラスカル,サービス,飲食業,5%
鳥取県,鳥取市,吉方ＳＳ,小売業,ガソリンスタンド,2%
鳥取県,鳥取市,米澤自転車店,小売業,その他小売,5%
鳥取県,鳥取市,らーめん 肉丼ぶり 吉成鶏白湯 鶏神,サービス,飲食業,5%
鳥取県,鳥取市,ＬＯＶＥＲ ｏｆ ＮＡＩＬＳ 鳥取店,サービス,理容・美容業,5%
鳥取県,鳥取市,リトットマルシェ,サービス,飲食業,5%
鳥取県,鳥取市,龍鳳,サービス,飲食業,5%
鳥取県,鳥取市,Ｒｕｆｕｓ,サービス,理容・美容業,5%
鳥取県,鳥取市,Ｒｕｆａｓ,サービス,理容・美容業,5%
鳥取県,鳥取市,レーブ サリュー,サービス,理容・美容業,5%
鳥取県,鳥取市,レストラン仏区里屋,サービス,飲食業,5%
鳥取県,鳥取市,レッツリラックスホテルモナーク鳥取店,サービス,その他サービス,5%
鳥取県,鳥取市,ワールドスペース パル,小売業,その他小売,5%
鳥取県,鳥取市,和想館本店,小売業,衣料品,5%
鳥取県,南部町,出光法勝寺ＳＳ,小売業,ガソリンスタンド,2%
鳥取県,南部町,西伯ＳＳ,小売業,ガソリンスタンド,2%
鳥取県,南部町,セルフ西伯 ＳＳ,小売業,ガソリンスタンド,2%
鳥取県,南部町,そば処門所,サービス,飲食業,5%
鳥取県,南部町,セブン－イレブン南部町阿賀店,小売業,食料品,2%
鳥取県,南部町,はしもと,小売業,電化製品,5%
鳥取県,南部町,有限会社石上モータース,小売業,その他小売,5%
鳥取県,日南町,出光生山ＳＳ,小売業,ガソリンスタンド,2%
鳥取県,日南町,くすりのＭＡＸ くすりのＭＡＸ,小売業,その他小売,5%
鳥取県,日南町,生山ＳＳ,小売業,ガソリンスタンド,2%
鳥取県,日南町,多里 ＳＳ,小売業,ガソリンスタンド,2%
鳥取県,日南町,日南ＳＳ,小売業,ガソリンスタンド,2%
鳥取県,日吉津村,ＶＭＶ イオンモール日吉津店,小売業,その他小売,5%
鳥取県,日吉津村,うつわギャラリー釉,小売業,その他小売,5%
鳥取県,日吉津村,ＧＥＮＥＲＡＬ ＳＴＯＲＥ ＢＩＮＧＯＹＡ,小売業,衣料品,5%
鳥取県,日吉津村,しゃぶしゃぶ処あん庵,サービス,飲食業,5%
鳥取県,日吉津村,ｂａｇ ＆ ｓｈｏｅｓ ｊｕｊｕ,小売業,貴金属・服飾品,5%
鳥取県,日吉津村,末広ドライイオン日吉津店,サービス,その他サービス,5%
鳥取県,日吉津村,スタジオワンダーイオンモール日吉津店,小売業,書籍・玩具・音楽ＣＤ,5%
鳥取県,日吉津村,スタジオワンダーイオンモール日,小売業,書籍・玩具・音楽ＣＤ,5%
鳥取県,日吉津村,すたみな太郎 米子日吉津店,サービス,飲食業,5%
鳥取県,日吉津村,セルフ日吉津ＳＳ,小売業,ガソリンスタンド,2%
鳥取県,日吉津村,ティーエヌ日吉津店,サービス,理容・美容業,2%
鳥取県,日吉津村,有限会社 長谷川電器サービス,小売業,電化製品,5%
鳥取県,日吉津村,マクドナルドイオンモール日吉津店,サービス,飲食業,2%
鳥取県,日吉津村,焼肉飯店 ふるさと,サービス,飲食業,5%
鳥取県,日吉津村,リエジュ イオン日吉津店,小売業,貴金属・服飾品,5%
鳥取県,日野町,サイハラ自動車株式会社,小売業,その他小売,5%
鳥取県,日野町,そば道場 たたらや,サービス,飲食業,5%
鳥取県,日野町,ハイマートタッチ ハイマートタッチ本店,小売業,食料品,5%
鳥取県,日野町,Ｙショップ日野病院売店 ハイマートタッチ日野病院売店,小売業,食料品,5%
鳥取県,伯耆町,Ａｌｉｖｉｏ岸本店,サービス,運輸業,5%
鳥取県,伯耆町,出光尾高ＳＳ,小売業,ガソリンスタンド,2%
鳥取県,伯耆町,出光溝口ＳＳ,小売業,ガソリンスタンド,2%
鳥取県,伯耆町,植田商会,小売業,電化製品,5%
鳥取県,伯耆町,Ａコープみぞくち,小売業,総合（非専門）,5%
鳥取県,伯耆町,ＦＢＩ ＤＡＩＳＥＮ,サービス,その他サービス,5%
鳥取県,伯耆町,おどろ木ももの木さんしょの木,サービス,宿泊業,5%
鳥取県,伯耆町,岸本ＳＳ,小売業,ガソリンスタンド,2%
鳥取県,伯耆町,真木自動車 米子東給油所,小売業,ガソリンスタンド,2%
鳥取県,伯耆町,大山バックパッカーズ,サービス,その他サービス,5%
鳥取県,伯耆町,大山バックパッカーズ 大山バックパッカーズ,サービス,宿泊業,5%
鳥取県,伯耆町,大山バックパッカ－ズ,サービス,宿泊業,5%
鳥取県,伯耆町,ポプラ大山八郷店,小売業,総合（非専門）,2%
鳥取県,伯耆町,有限会社松岡旅館（お食事処まつおか）,サービス,飲食業,5%
鳥取県,北栄町,アウトドアショップＧａｄｇｅｔ,小売業,その他小売,5%
鳥取県,北栄町,Ａコープ下北条,小売業,総合（非専門）,5%
鳥取県,北栄町,真木自動車 由良給油所,小売業,ガソリンスタンド,2%
鳥取県,北栄町,タイヤステーション鳥取中央,小売業,その他小売,5%
鳥取県,北栄町,でんき屋つのだ,小売業,電化製品,5%
鳥取県,北栄町,東宝ストア由良店,小売業,食料品,5%
鳥取県,北栄町,富盛電器店,小売業,電化製品,5%
鳥取県,北栄町,花工房あげたけ,小売業,その他小売,5%
鳥取県,北栄町,ｈａｉｒ＆ｍａｋｅＨａｔｉｉ,サービス,理容・美容業,5%
鳥取県,北栄町,北条ＳＳ,小売業,ガソリンスタンド,2%
鳥取県,北栄町,由良ＳＳ,小売業,ガソリンスタンド,2%
鳥取県,北栄町,吉村三光堂薬品 よしむら薬品,小売業,その他小売,5%
鳥取県,三朝町,アイザワフォトスタジオ,小売業,その他小売,5%
鳥取県,三朝町,旅館 大橋,サービス,宿泊業,5%
鳥取県,三朝町,かめや,サービス,飲食業,5%
鳥取県,三朝町,木造りの宿 橋津屋,サービス,宿泊業,5%
鳥取県,三朝町,ポプラＪＡ三徳店,小売業,総合（非専門）,2%
鳥取県,三朝町,三朝温泉ＳＳ,小売業,ガソリンスタンド,2%
鳥取県,三朝町,三朝館,サービス,宿泊業,5%
鳥取県,三朝町,三朝町営国民宿舎ブランナールみささ,サービス,宿泊業,5%
鳥取県,三朝町,三朝薬師の湯 万翆楼,サービス,宿泊業,5%
鳥取県,三朝町,遊食空間きらく,サービス,飲食業,5%
鳥取県,三朝町,米広商事,小売業,その他小売,5%
鳥取県,八頭町,いしもと整体,サービス,その他サービス,5%
鳥取県,八頭町,おしゃれの店やぶた 郡家店,小売業,その他小売,5%
鳥取県,八頭町,尾脇電機郡家支店,小売業,電化製品,5%
鳥取県,八頭町,株式会社ａｇｏｒａ,サービス,理容・美容業,5%
鳥取県,八頭町,株式会社オートギャラリー,小売業,その他小売,5%
鳥取県,八頭町,郡家南ＳＳ,小売業,ガソリンスタンド,2%
鳥取県,八頭町,ｃｏｃｏｔｏ＋,その他業種,ー,5%
鳥取県,八頭町,里山ヘアサロン,サービス,理容・美容業,5%
鳥取県,八頭町,サラダ館 郡家店,小売業,その他小売,2%
鳥取県,八頭町,サンマート 郡家店,小売業,食料品,5%
鳥取県,八頭町,田中純子美容室,サービス,理容・美容業,2%
鳥取県,八頭町,デトゥール,小売業,食料品,5%
鳥取県,八頭町,中西文具店／郡家店,小売業,その他小売,5%
鳥取県,八頭町,パナック たなか,小売業,電化製品,5%
鳥取県,八頭町,ビューティ巴亜麻,サービス,理容・美容業,5%
鳥取県,八頭町,船岡竹林公園,サービス,宿泊業,5%
鳥取県,八頭町,Ｙａｚｕ ｇａｒｄｅｎ ｃａｆｅ,サービス,飲食業,5%
鳥取県,八頭町,有限会社小谷写真館,サービス,その他サービス,5%
鳥取県,八頭町,有限会社安井オートサービス,小売業,その他小売,5%
鳥取県,湯梨浜町,アロハカフェ,サービス,飲食業,5%
鳥取県,湯梨浜町,打吹商事株式会社 ハワイＳＳ,小売業,ガソリンスタンド,2%
鳥取県,湯梨浜町,クリエイティブオート株式会社,小売業,その他小売,5%
鳥取県,湯梨浜町,交流センターゆるりん館,小売業,総合（非専門）,5%
鳥取県,湯梨浜町,新あじそうハワイ店,小売業,食料品,5%
鳥取県,湯梨浜町,真木自動車 東郷給油所,小売業,ガソリンスタンド,2%
鳥取県,湯梨浜町,真木自動車 ハワイ給油所,小売業,ガソリンスタンド,2%
鳥取県,湯梨浜町,セサミ整骨院,サービス,その他サービス,5%
鳥取県,湯梨浜町,千年亭,サービス,宿泊業,5%
鳥取県,湯梨浜町,ハウジングランドいない 羽合店,小売業,家具・調度品,5%
鳥取県,湯梨浜町,パナックだいでん,小売業,電化製品,5%
鳥取県,湯梨浜町,Ｄｒ．ＤｒｉｖｅハワイＳＳ,小売業,ガソリンスタンド,2%
鳥取県,湯梨浜町,望湖楼,サービス,宿泊業,5%
鳥取県,湯梨浜町,モリキ電器,小売業,電化製品,5%
鳥取県,湯梨浜町,有限会社大和屋,小売業,衣料品,5%
鳥取県,湯梨浜町,ゆの宿彩香,サービス,宿泊業,5%
鳥取県,米子市,青戸洋服店,小売業,食料品,5%
鳥取県,米子市,ａｔｅｌｉｅｒ ｆｒｅｅｌａｎｄ,小売業,総合（非専門）,5%
鳥取県,米子市,ＡＰＡ ＡＰＡ,サービス,その他サービス,5%
鳥取県,米子市,アルガ美容室,サービス,理容・美容業,5%
鳥取県,米子市,ａｒｏｍｅｂｅａｕｔｙＴｈｅｒａｐｉｓｉａ,サービス,その他サービス,5%
鳥取県,米子市,イーエフジーストア,小売業,衣料品,5%
鳥取県,米子市,いこい亭菊萬,サービス,宿泊業,5%
鳥取県,米子市,出光久米町ＳＳ,小売業,ガソリンスタンド,2%
鳥取県,米子市,出光産業道路ＳＳ,小売業,ガソリンスタンド,2%
鳥取県,米子市,出光セルフ米子南インターＳＳ,小売業,ガソリンスタンド,2%
鳥取県,米子市,出光東伯ＳＳ,小売業,ガソリンスタンド,2%
鳥取県,米子市,出光鳥取中央ＳＳ,小売業,ガソリンスタンド,2%
鳥取県,米子市,出光富益ＳＳ,小売業,ガソリンスタンド,2%
鳥取県,米子市,出光セルフ弓ヶ浜ＳＳ,小売業,ガソリンスタンド,2%
鳥取県,米子市,出光夜見ＳＳ,小売業,ガソリンスタンド,2%
鳥取県,米子市,犬の庭,サービス,その他サービス,5%
鳥取県,米子市,犬の庭 犬の庭,サービス,理容・美容業,5%
鳥取県,米子市,今井書店錦町店,小売業,書籍・玩具・音楽ＣＤ,5%
鳥取県,米子市,ヴィス レガロ,サービス,理容・美容業,5%
鳥取県,米子市,海色・湯の宿 松月,サービス,飲食業,5%
鳥取県,米子市,ＡＮＡクラウンプラザホテル米子,サービス,宿泊業,5%
鳥取県,米子市,Ａコープ大高,小売業,総合（非専門）,5%
鳥取県,米子市,Ａコープよどえ,小売業,総合（非専門）,5%
鳥取県,米子市,Ｘ－ｔｒｅｍｅ,小売業,その他小売,5%
鳥取県,米子市,江戸前やぐら鮨,サービス,飲食業,5%
鳥取県,米子市,オートライケン,小売業,その他小売,5%
鳥取県,米子市,岡田商店宗像店,小売業,食料品,5%
鳥取県,米子市,御食事処 松の江,サービス,飲食業,5%
鳥取県,米子市,Ｏｍｇｅｅ,小売業,衣料品,5%
鳥取県,米子市,Ｏｒａｎｇ Ｌａｕｔ,サービス,飲食業,5%
鳥取県,米子市,オリックスレンタカー鳥取駅前店,サービス,その他サービス,2%
鳥取県,米子市,オリックスレンタカー米子駅前末広店,サービス,その他サービス,2%
鳥取県,米子市,オリックスレンタカー米子駅前店,サービス,その他サービス,2%
鳥取県,米子市,オリックスレンタカー米子東店,サービス,その他サービス,2%
鳥取県,米子市,Ｄｒ．Ｄｒｉｖｅ卸団地入口ＳＳ,小売業,ガソリンスタンド,2%
鳥取県,米子市,温野菜米子店,サービス,飲食業,2%
鳥取県,米子市,カーサービス板脇,小売業,その他小売,5%
鳥取県,米子市,皆生シーサイドホテル海の四季,サービス,宿泊業,5%
鳥取県,米子市,皆生つるや,サービス,宿泊業,5%
鳥取県,米子市,皆生游月,サービス,宿泊業,5%
鳥取県,米子市,海潮園,サービス,宿泊業,5%
鳥取県,米子市,ガイナックスシアター,サービス,その他サービス,5%
鳥取県,米子市,カイロプラクティックエステサロン結,サービス,その他サービス,5%
鳥取県,米子市,かえる不動産,サービス,その他サービス,5%
鳥取県,米子市,籠乃鶏大山 角盤町店,サービス,飲食業,5%
鳥取県,米子市,柏尾自動車,小売業,その他小売,5%
鳥取県,米子市,華水亭,サービス,宿泊業,5%
鳥取県,米子市,学校法人山陰中央自動車学校,サービス,その他サービス,5%
鳥取県,米子市,ＣＵＴＳＨＯＰｃｈ．２,サービス,理容・美容業,5%
鳥取県,米子市,株式会社山陰タイヤセンター,小売業,その他小売,5%
鳥取県,米子市,ＬｅＣｉｅｌ?ＢｅａｕｔｙＤｅｓｉｇｎ?,サービス,理容・美容業,5%
鳥取県,米子市,かめや釣具 米子店,小売業,その他小売,5%
鳥取県,米子市,カリフォルニアキッチン米子,サービス,飲食業,5%
鳥取県,米子市,ＧＡＲＡＧＥ Ｆｌａｔ ｏｕｔ,小売業,その他小売,5%
鳥取県,米子市,ＣＡＢ ＨＡＩＲＳ ＦＯＲ ＭＥＮ,サービス,理容・美容業,5%
鳥取県,米子市,牛角米子しんまち店,サービス,飲食業,2%
鳥取県,米子市,ＧＵＥＮＡ,小売業,貴金属・服飾品,5%
鳥取県,米子市,ｇｒｅｅｎｉｃｈｅ ＹＯＮＡＧＯ,小売業,家具・調度品,5%
鳥取県,米子市,グリヘアーアンドメイク,サービス,理容・美容業,5%
鳥取県,米子市,県境 ＳＳ,小売業,ガソリンスタンド,2%
鳥取県,米子市,合同会社Ｕ．Ｇファクトリー,小売業,その他小売,5%
鳥取県,米子市,ＣＯＣＯ壱番屋米子皆生店,サービス,公共料金,2%
鳥取県,米子市,ＣＯＣＯ壱番屋米子旗ヶ崎店,サービス,飲食業,2%
鳥取県,米子市,ＣｏＣｏカイロプラクティック,サービス,理容・美容業,5%
鳥取県,米子市,ゴルフパートナー 米子産業道路店,小売業,その他小売,2%
鳥取県,米子市,株式会社コンピュータロマン,小売業,電化製品,5%
鳥取県,米子市,サイクルハウス あんどう,小売業,その他小売,5%
鳥取県,米子市,Ｐｓｙｃｈｏｂｏｘ ＬＡＢ Ｐｓｙｃｈｏｂｏｘ ＬＡＢ,小売業,衣料品,5%
鳥取県,米子市,雑貨Ｃａｎｔｉｋ,小売業,衣料品,5%
鳥取県,米子市,ＴＨＥＰＡＲＫ,小売業,衣料品,5%
鳥取県,米子市,ＴＨＥＰＡＲＫ２Ｆ,サービス,飲食業,5%
鳥取県,米子市,サンエリア,小売業,その他小売,5%
鳥取県,米子市,時宝館,小売業,貴金属・服飾品,5%
鳥取県,米子市,ＳＨＩＭＡＴＯＲＩ米子店,小売業,その他小売,5%
鳥取県,米子市,シューズスリール,小売業,その他小売,5%
鳥取県,米子市,松涛園,サービス,宿泊業,5%
鳥取県,米子市,鉄板焼笑家,サービス,飲食業,5%
鳥取県,米子市,真木自動車 米子整備工場,小売業,ガソリンスタンド,2%
鳥取県,米子市,新日本補聴器センター米子店,小売業,その他小売,5%
鳥取県,米子市,翠幸園,サービス,宿泊業,5%
鳥取県,米子市,スーパードラッグひまわり河崎店,小売業,総合（非専門）,5%
鳥取県,米子市,すずらん補聴器,その他業種,ー,5%
鳥取県,米子市,ストーンプランニングいしの米子店,小売業,その他小売,5%
鳥取県,米子市,セルフ卸団地入口ＳＳ,小売業,ガソリンスタンド,2%
鳥取県,米子市,セルフステーション米子中央,小売業,ガソリンスタンド,2%
鳥取県,米子市,セルフ旗ヶ崎ＳＳ,小売業,ガソリンスタンド,2%
鳥取県,米子市,セルフ米子東ＳＳ,小売業,ガソリンスタンド,2%
鳥取県,米子市,セルフ夜見ＳＳ,小売業,ガソリンスタンド,2%
鳥取県,米子市,外村電器,小売業,電化製品,5%
鳥取県,米子市,ＴＡＳＨＩＲＯ ＹＯＮＡＧＯ,サービス,理容・美容業,5%
鳥取県,米子市,釣研加藤,サービス,その他サービス,5%
鳥取県,米子市,トイズ キッチン カフェ,サービス,飲食業,5%
鳥取県,米子市,Ｄｒ．Ｄｒｉｖｅウイング日原ＳＳ,小売業,ガソリンスタンド,2%
鳥取県,米子市,Ｄｒ．Ｄｒｉｖｅセルフ皆生ＳＳ,小売業,ガソリンスタンド,2%
鳥取県,米子市,Ｄｒ．Ｄｒｉｖｅ上後藤ＳＳ,小売業,ガソリンスタンド,2%
鳥取県,米子市,Ｄｒ．Ｄｒｉｖｅ旗ヶ崎ＳＳ,小売業,ガソリンスタンド,2%
鳥取県,米子市,Ｄｒ．Ｄｒｉｖｅ三柳セルフＳＳ,小売業,ガソリンスタンド,2%
鳥取県,米子市,Ｄｒ．Ｄｒｉｖｅメッセ４３１ＳＳ,小売業,ガソリンスタンド,2%
鳥取県,米子市,Ｄｒ．Ｄｒｉｖｅ米子ＳＳ,小売業,ガソリンスタンド,2%
鳥取県,米子市,友保自動車,小売業,その他小売,5%
鳥取県,米子市,トヨタレンタリース鳥取米子駅前店,サービス,その他サービス,2%
鳥取県,米子市,トヨタレンタリース鳥取米子店,サービス,その他サービス,2%
鳥取県,米子市,トラットリア ラ・リーベラ,サービス,飲食業,5%
鳥取県,米子市,ｔｒｉｃａ,サービス,理容・美容業,5%
鳥取県,米子市,Ｄｒ．Ｄｒｉｖｅ長砂ＳＳ,小売業,ガソリンスタンド,2%
鳥取県,米子市,ナカダオートサービス,小売業,その他小売,5%
鳥取県,米子市,西尾自動車株式会社 米子店,サービス,その他サービス,5%
鳥取県,米子市,日本家具株式会社 米子店,小売業,家具・調度品,5%
鳥取県,米子市,二和電器商会,小売業,電化製品,5%
鳥取県,米子市,人形のはなふさ 米子店,小売業,その他小売,5%
鳥取県,米子市,Ｎａｔｕｒｅ ｂｏｘ,小売業,その他小売,5%
鳥取県,米子市,ハートピア皆生,小売業,ガソリンスタンド,2%
鳥取県,米子市,ハウジングランドいない 淀江店,小売業,家具・調度品,5%
鳥取県,米子市,パソコンドック２４ 米子店,サービス,その他サービス,5%
鳥取県,米子市,旗ケ崎 ＳＳ,小売業,ガソリンスタンド,2%
鳥取県,米子市,パナツク やすよし,小売業,電化製品,5%
鳥取県,米子市,パナックむら,小売業,電化製品,5%
鳥取県,米子市,Ｖａｎｉｌｌａ,小売業,衣料品,5%
鳥取県,米子市,び・かむ,小売業,衣料品,5%
鳥取県,米子市,ＢＭＯ米子店,小売業,衣料品,5%
鳥取県,米子市,ビーロード安倍ＳＳ 株式会社岡田商店,小売業,ガソリンスタンド,2%
鳥取県,米子市,彦名水鳥公園前ＳＳ,小売業,ガソリンスタンド,2%
鳥取県,米子市,日々の糧,サービス,飲食業,5%
鳥取県,米子市,ふじい動物病院,サービス,その他サービス,5%
鳥取県,米子市,藤尾化粧品店,小売業,その他小売,5%
鳥取県,米子市,フモール,サービス,飲食業,5%
鳥取県,米子市,プロケア リッシュ,サービス,理容・美容業,5%
鳥取県,米子市,フロッシー米子店,小売業,衣料品,5%
鳥取県,米子市,ｆｌｏｓｓｙ 米子店,小売業,衣料品,5%
鳥取県,米子市,ｈａｉｒｍａｋｅＣｈａｒｌａｚｏ,サービス,理容・美容業,5%
鳥取県,米子市,ｈａｉｒｓａｌｏｎｆａｖｅｕｒ,サービス,理容・美容業,5%
鳥取県,米子市,ｈａｉｒＤａｙｓ,サービス,理容・美容業,5%
鳥取県,米子市,ｈａｉｒ ｍａｋｅ ＤＡＮＣＥ,サービス,理容・美容業,5%
鳥取県,米子市,ｈａｉｒ ａｃｃｅｓｓｏｒｉｅｓ ｂａｒｒｅｔｔａ,サービス,理容・美容業,5%
鳥取県,米子市,ｈａｉｒ＆ｌｉｆｅ ｋｉｉｔｏｓ,サービス,理容・美容業,5%
鳥取県,米子市,ＨＡＩＲ ＢＥＡＴ ｈａｉｒｂｅａｔ,サービス,理容・美容業,5%
鳥取県,米子市,ベイサイドスクエア 皆生ホテル,サービス,宿泊業,5%
鳥取県,米子市,Ｂｅｂｉｍａｓｈｉｐ,サービス,その他サービス,5%
鳥取県,米子市,ホームデコ 米子店,小売業,その他小売,5%
鳥取県,米子市,ホソダデンキ商会,小売業,電化製品,5%
鳥取県,米子市,ホテル カクバン,サービス,宿泊業,5%
鳥取県,米子市,ポプラ米子大高店,小売業,総合（非専門）,2%
鳥取県,米子市,本の学校今井ブックセンター,小売業,書籍・玩具・音楽ＣＤ,5%
鳥取県,米子市,本の学校メディア館,小売業,書籍・玩具・音楽ＣＤ,5%
鳥取県,米子市,マクドナルド１８１米子南店,サービス,飲食業,2%
鳥取県,米子市,マクドナルド米子店,サービス,飲食業,2%
鳥取県,米子市,ＭＡＸＳＨＯＰ株式会社,小売業,その他小売,5%
鳥取県,米子市,ＭＡＸＳＨＯＰ株式会社,サービス,飲食業,5%
鳥取県,米子市,松田染物店,その他業種,ー,5%
鳥取県,米子市,株式会社松本油店,小売業,その他小売,5%
鳥取県,米子市,マルイ安倍店,小売業,食料品,5%
鳥取県,米子市,マルイ車尾店,小売業,食料品,5%
鳥取県,米子市,マルイホープタウンマルイ店,小売業,食料品,5%
鳥取県,米子市,マルイ米子しんまち店,小売業,食料品,5%
鳥取県,米子市,マルイ両三柳店,小売業,食料品,5%
鳥取県,米子市,丸木屋,小売業,衣料品,5%
鳥取県,米子市,三井,サービス,宿泊業,5%
鳥取県,米子市,湊山ＳＳ,小売業,ガソリンスタンド,2%
鳥取県,米子市,ミルポア イオン米子駅前店,小売業,その他小売,5%
鳥取県,米子市,ＭＯＯＮ＆ＳＰＯＯＮ,サービス,飲食業,5%
鳥取県,米子市,めがねのスエツグｐｌｕｓ,小売業,その他小売,5%
鳥取県,米子市,メガネの田中 米子本店,小売業,その他小売,5%
鳥取県,米子市,メガネルームアイ,小売業,貴金属・服飾品,5%
鳥取県,米子市,ｍｅｎ ｓ ｊｏｙ,サービス,理容・美容業,5%
鳥取県,米子市,Ｍ ｓＢａｒｂｅｒｓｈｏｐ,サービス,理容・美容業,5%
鳥取県,米子市,Ｍｏｄｅ＆ＲｅｌａｘＴＡＪＩＫＩ,サービス,理容・美容業,5%
鳥取県,米子市,持田モータース,小売業,その他小売,5%
鳥取県,米子市,やきとり葵屋,サービス,飲食業,5%
鳥取県,米子市,焼肉一八,サービス,飲食業,5%
鳥取県,米子市,焼肉 うえば,サービス,飲食業,5%
鳥取県,米子市,焼肉 喜多八,サービス,飲食業,5%
鳥取県,米子市,焼肉たいへい門 米子店,サービス,飲食業,5%
鳥取県,米子市,焼肉ぷるこぎ米子店,サービス,飲食業,5%
鳥取県,米子市,有限会社 岩坂紙店,小売業,その他小売,5%
鳥取県,米子市,有限会社カーセンターＢＩＧ米子,小売業,その他小売,5%
鳥取県,米子市,有限会社カジマ自動車,小売業,その他小売,5%
鳥取県,米子市,有限会社クリーンボディー米子,小売業,その他小売,5%
鳥取県,米子市,有限会社松田ゴザ店,小売業,その他小売,5%
鳥取県,米子市,有限会社らぱん,小売業,その他小売,5%
鳥取県,米子市,有限会社Ｒｅｉｎｄｅｅｒ,小売業,家具・調度品,5%
鳥取県,米子市,有限会社ワインセラー葡萄屋,小売業,食料品,5%
鳥取県,米子市,湯喜望 白扇,サービス,宿泊業,5%
鳥取県,米子市,洋風居酒屋 オッティモ,サービス,飲食業,5%
鳥取県,米子市,Ｄｒ．Ｄｒｉｖｅ淀江なかまＳＳ,小売業,ガソリンスタンド,2%
鳥取県,米子市,淀江西 ＳＳ,小売業,ガソリンスタンド,2%
鳥取県,米子市,米子駅前ＳＳ 株式会社岡田商店,小売業,ガソリンスタンド,2%
鳥取県,米子市,米子駅前ＳＳ,小売業,ガソリンスタンド,2%
鳥取県,米子市,セブン－イレブン米子河崎店,小売業,食料品,2%
鳥取県,米子市,よなご山荘,小売業,その他小売,5%
鳥取県,米子市,セブン－イレブン米子新開１丁目店,小売業,食料品,2%
鳥取県,米子市,セブン－イレブン米子諏訪店,小売業,食料品,2%
鳥取県,米子市,米子タウンホテル,サービス,宿泊業,5%
鳥取県,米子市,米子動物医療センター,その他業種,ー,5%
鳥取県,米子市,セブン－イレブン米子西福原３丁目店,小売業,食料品,2%
鳥取県,米子市,セブン－イレブン米子博愛病院店,小売業,食料品,2%
鳥取県,米子市,米子東ＳＳ 株式会社岡田商店,小売業,ガソリンスタンド,2%
鳥取県,米子市,Ｄｒ．Ｄｒｉｖｅ夜見ＳＳ,小売業,ガソリンスタンド,2%
鳥取県,米子市,らーめん大學,サービス,公共料金,5%
鳥取県,米子市,ＬＡＮＤ＆ＹＥＡＲＳ２Ｆ,サービス,飲食業,5%
鳥取県,米子市,ＬＩＸＩＬリフォームショップ 石田リフォームネット,サービス,その他サービス,2%
鳥取県,米子市,ＬＩＸＩＬリフォームショプ島津組,サービス,その他サービス,2%
鳥取県,米子市,リビンズ山根,小売業,家具・調度品,5%
鳥取県,米子市,両國鮨支店,サービス,飲食業,5%
鳥取県,米子市,ＲＵＡＮＧ,小売業,家具・調度品,5%
鳥取県,米子市,ルート４３１夜見ＳＳ 株式会社岡田商店,小売業,ガソリンスタンド,2%
鳥取県,米子市,ｌｅ．ｃｏｅｕｒ ｂｌａｎｃ 米子路面店,小売業,衣料品,5%
鳥取県,米子市,Ｌｅ Ｐａｎｄｅｍｏｎｉｕｍ,小売業,食料品,5%
鳥取県,米子市,Ｒｅｐｏｍｅ ハーブとアロマの専門店ハーブギャラリー米子店,小売業,その他小売,5%
鳥取県,米子市,レストラン ルポルト,サービス,飲食業,5%
鳥取県,米子市,和想館米子店,小売業,衣料品,5%
鳥取県,米子市,ｏｎｅ’ｓ,小売業,衣料品,5%
鳥取県,米子市,ワンフー,小売業,食料品,5%
鳥取県,米子市,環境プラント工業株式会社ワンフー事業部,小売業,その他小売,5%
鳥取県,若桜町,ダイニングカフェ新,サービス,飲食業,5%
鳥取県,若桜町,メガネショップ山根,小売業,貴金属・服飾品,5%
鳥取県,若桜町,有限会社 太田酒造場 太田酒造場 辨天娘 べんてんむすめ 醸造元,小売業,食料品,5%
