愛媛県,愛南町,赤水ＳＳ,小売業,ガソリンスタンド,2%
愛媛県,愛南町,アトリエＭＯＣＨＡ,サービス,理容・美容業,5%
愛媛県,愛南町,ウィッティごとう,小売業,電化製品,5%
愛媛県,愛南町,Ａ?ＭＡＸ 愛南店,小売業,食料品,5%
愛媛県,愛南町,ＳＳＧ西海店,小売業,電化製品,5%
愛媛県,愛南町,愛媛南部ヤクルト販売 御荘センター,小売業,食料品,5%
愛媛県,愛南町,お好み焼きひらの,サービス,飲食業,5%
愛媛県,愛南町,カルテットながい,小売業,電化製品,5%
愛媛県,愛南町,ナッティ中浦,小売業,ガソリンスタンド,2%
愛媛県,愛南町,南郡ＳＳ 株式会社羽田建設,小売業,ガソリンスタンド,2%
愛媛県,愛南町,パルテやまぐち,小売業,電化製品,5%
愛媛県,愛南町,明屋書店 南宇和店,小売業,書籍・玩具・音楽ＣＤ,5%
愛媛県,愛南町,明屋書店 南宇和店,小売業,その他小売,5%
愛媛県,愛南町,御荘ＳＳ 有限会社島本石油,小売業,ガソリンスタンド,2%
愛媛県,愛南町,御荘 ＳＳ,小売業,ガソリンスタンド,2%
愛媛県,愛南町,（有）松岡漁具 本店,小売業,その他小売,5%
愛媛県,愛南町,有限会社宮下テレビサービス,小売業,電化製品,5%
愛媛県,伊方町,出光伊方ＳＳ,小売業,ガソリンスタンド,2%
愛媛県,伊方町,ナカタ電器,小売業,電化製品,5%
愛媛県,伊方町,ナカタ電器三崎店,小売業,電化製品,5%
愛媛県,伊方町,三崎ＳＳ,小売業,ガソリンスタンド,2%
愛媛県,今治市,アイビーロードのまＳＳ,小売業,ガソリンスタンド,2%
愛媛県,今治市,朝倉 ＳＳ,小売業,ガソリンスタンド,2%
愛媛県,今治市,アトラクト ヘアーアンドネイル,サービス,理容・美容業,5%
愛媛県,今治市,イオンモール今治新都市店,サービス,その他サービス,5%
愛媛県,今治市,いけうち仏壇店,小売業,その他小売,5%
愛媛県,今治市,出光九王ＳＳ,小売業,ガソリンスタンド,2%
愛媛県,今治市,出光コモド立花ＳＳ,小売業,ガソリンスタンド,2%
愛媛県,今治市,出光伯方ＳＳ,小売業,ガソリンスタンド,2%
愛媛県,今治市,出光村上大西ＳＳ,小売業,ガソリンスタンド,2%
愛媛県,今治市,今治ＳＳ,小売業,ガソリンスタンド,2%
愛媛県,今治市,Ｄｒ．Ｄｒｉｖｅ今治ＳＳ,小売業,ガソリンスタンド,2%
愛媛県,今治市,今治アーバンホテル,サービス,宿泊業,5%
愛媛県,今治市,セブン－イレブン今治学園通り店,小売業,食料品,2%
愛媛県,今治市,セブン－イレブン今治片山３丁目店,小売業,食料品,2%
愛媛県,今治市,セブン－イレブン今治北鳥生町４丁目店,小売業,食料品,2%
愛媛県,今治市,セブン－イレブン今治蔵敷町１丁目店,小売業,食料品,2%
愛媛県,今治市,セブン－イレブン今治郷六ヶ内町２丁目店,小売業,食料品,2%
愛媛県,今治市,いまばりタオルブティック本店,小売業,その他小売,5%
愛媛県,今治市,セブン－イレブン今治近見町３丁目店,小売業,食料品,2%
愛媛県,今治市,今治常盤町ＳＳ,小売業,ガソリンスタンド,2%
愛媛県,今治市,今治東 ＳＳ,小売業,ガソリンスタンド,2%
愛媛県,今治市,セブン－イレブン今治東村４丁目店,小売業,食料品,2%
愛媛県,今治市,今治プラザホテル,サービス,宿泊業,5%
愛媛県,今治市,インテリア雑貨ｍｏｏｎｖａｌｌｅｙ,小売業,衣料品,5%
愛媛県,今治市,ヴォルツオートモービル,その他業種,ー,5%
愛媛県,今治市,愛媛ダイハツ販売 今治店,小売業,その他小売,5%
愛媛県,今治市,愛媛ダイハツ販売今治店,小売業,その他小売,5%
愛媛県,今治市,ＦＣ今治（どんどび芝っち広場）,小売業,衣料品,5%
愛媛県,今治市,ＦＣ今治 オフィシャルショップ,小売業,衣料品,5%
愛媛県,今治市,Ｍ－ＴＷＯ,サービス,理容・美容業,5%
愛媛県,今治市,大浦ＳＳ,小売業,ガソリンスタンド,2%
愛媛県,今治市,ゲストハウスカフェＯＨＡＮＡ,サービス,宿泊業,5%
愛媛県,今治市,オーガニックサロン藍,サービス,理容・美容業,2%
愛媛県,今治市,大新田ＳＳ,小売業,ガソリンスタンド,2%
愛媛県,今治市,大西 ＳＳ,小売業,ガソリンスタンド,2%
愛媛県,今治市,大西ＳＳ 有限会社清水商会,小売業,ガソリンスタンド,2%
愛媛県,今治市,大西新町 ＳＳ,小売業,ガソリンスタンド,2%
愛媛県,今治市,セブン－イレブン大西町新町店,小売業,食料品,2%
愛媛県,今治市,大浜ＳＳ,小売業,ガソリンスタンド,2%
愛媛県,今治市,オオミシマスペース,サービス,その他サービス,5%
愛媛県,今治市,お酒のエスエス 今治店,小売業,食料品,5%
愛媛県,今治市,おばんざい あり,サービス,飲食業,5%
愛媛県,今治市,オリックスレンタカー今治店,サービス,その他サービス,2%
愛媛県,今治市,オルネット,小売業,衣料品,5%
愛媛県,今治市,ガーデン,サービス,理容・美容業,5%
愛媛県,今治市,カットスタジオ 髪風船,サービス,理容・美容業,5%
愛媛県,今治市,カドヤ別荘,サービス,宿泊業,5%
愛媛県,今治市,河南タクシー 事務所,サービス,その他サービス,5%
愛媛県,今治市,株式会社スジヤ,小売業,その他小売,5%
愛媛県,今治市,株式会社天宗 本社,小売業,ガソリンスタンド,2%
愛媛県,今治市,カモザキデンキ,小売業,電化製品,5%
愛媛県,今治市,カラオケ アンジュ,サービス,飲食業,5%
愛媛県,今治市,カレーハウスＣｏＣｏ壱番屋今治喜田村店,サービス,飲食業,2%
愛媛県,今治市,カレーハウスＣｏＣｏ壱番屋今治日吉店,サービス,飲食業,2%
愛媛県,今治市,喜田村 ＳＳ,小売業,ガソリンスタンド,2%
愛媛県,今治市,キムラデンキ,小売業,電化製品,5%
愛媛県,今治市,きもの綺綸,小売業,衣料品,5%
愛媛県,今治市,業務スーパー今治店,小売業,食料品,2%
愛媛県,今治市,グラン今治,小売業,ガソリンスタンド,2%
愛媛県,今治市,クロロフィル今治美顔教室,その他業種,ー,5%
愛媛県,今治市,コスモヴァンヴェール大三島ＳＳ,小売業,ガソリンスタンド,2%
愛媛県,今治市,コープ今治,小売業,総合（非専門）,5%
愛媛県,今治市,コープ喜田村,小売業,総合（非専門）,5%
愛媛県,今治市,米長旅館,サービス,飲食業,5%
愛媛県,今治市,酒のソクハイ今治店,小売業,その他小売,5%
愛媛県,今治市,サロン・ド・ボーテ ワイズ,サービス,理容・美容業,5%
愛媛県,今治市,サンウェーイマバリ ＳＳ,小売業,ガソリンスタンド,2%
愛媛県,今治市,㈱四国ガスショップツチヤ,サービス,その他サービス,5%
愛媛県,今治市,島田工務店,小売業,総合（非専門）,5%
愛媛県,今治市,ジャンプワールド今治店,サービス,その他サービス,5%
愛媛県,今治市,シューズカンパニーフジグラン今治店,小売業,衣料品,5%
愛媛県,今治市,手芸センタードリーム今治店,小売業,その他小売,5%
愛媛県,今治市,シューズカンパニー フジグラン今治,小売業,衣料品,5%
愛媛県,今治市,スーパードラッグひまわり中寺店,小売業,総合（非専門）,5%
愛媛県,今治市,スーパードラッグひまわり波止浜店,小売業,総合（非専門）,5%
愛媛県,今治市,青山 今治店,小売業,その他小売,5%
愛媛県,今治市,せとうち茶屋 大三島,小売業,その他小売,5%
愛媛県,今治市,セルフ今治中寺ＳＳ,小売業,ガソリンスタンド,2%
愛媛県,今治市,Ｄｒ．Ｄｒｉｖｅセルフ城東ＳＳ,小売業,ガソリンスタンド,2%
愛媛県,今治市,そごうマート八町店,小売業,食料品,5%
愛媛県,今治市,ＳＯＬＵＭ,小売業,その他小売,5%
愛媛県,今治市,大潮荘,サービス,宿泊業,5%
愛媛県,今治市,多々羅しまなみ公園,小売業,その他小売,5%
愛媛県,今治市,立花 ＳＳ,小売業,ガソリンスタンド,2%
愛媛県,今治市,田中仏光堂,小売業,その他小売,5%
愛媛県,今治市,玉川 ＳＳ,小売業,ガソリンスタンド,2%
愛媛県,今治市,玉川,小売業,ガソリンスタンド,2%
愛媛県,今治市,近見 ＳＳ,小売業,ガソリンスタンド,2%
愛媛県,今治市,月原自動車,サービス,その他サービス,5%
愛媛県,今治市,電化サロンシライシ,小売業,電化製品,5%
愛媛県,今治市,トモエ自動車,サービス,その他サービス,5%
愛媛県,今治市,トヨタカローラ愛媛今治店,小売業,その他小売,5%
愛媛県,今治市,トヨタレンタリース西四国今治店,サービス,その他サービス,2%
愛媛県,今治市,ﾄﾞﾗｯｸﾞｽﾄｱmac 今治店,小売業,その他小売,5%
愛媛県,今治市,ﾄﾞﾗｯｸﾞｽﾄｱmac 今治別宮店,小売業,その他小売,5%
愛媛県,今治市,ﾄﾞﾗｯｸﾞｽﾄｱmac 大西店,小売業,その他小売,5%
愛媛県,今治市,トランクヘアデザイン,サービス,理容・美容業,5%
愛媛県,今治市,ｔｏｉｔｏｉｔｏｉ＊,小売業,衣料品,5%
愛媛県,今治市,鈍川温泉ホテル,サービス,宿泊業,5%
愛媛県,今治市,ＭＩＬＬＩＯＮ ＫＴ,サービス,その他サービス,5%
愛媛県,今治市,ネッツトヨタ愛媛Ｊ・Ｓｐｏｔ今治,小売業,その他小売,5%
愛媛県,今治市,ネッツトヨタ瀬戸内今治店,小売業,その他小売,5%
愛媛県,今治市,ｂａｒｂｅｒ’ｓ Ｋ?ｏｎｅ,サービス,理容・美容業,5%
愛媛県,今治市,ハウスクリーニングプラス１,サービス,その他サービス,5%
愛媛県,今治市,伯方 ＳＳ,小売業,ガソリンスタンド,2%
愛媛県,今治市,伯方インター ＳＳ,小売業,ガソリンスタンド,2%
愛媛県,今治市,波止浜スーパーファンタブルキッチン,小売業,食料品,5%
愛媛県,今治市,明屋書店 今治別宮店,小売業,書籍・玩具・音楽ＣＤ,5%
愛媛県,今治市,明屋書店 今治別宮店,小売業,その他小売,5%
愛媛県,今治市,明屋書店 今治本店,小売業,書籍・玩具・音楽ＣＤ,5%
愛媛県,今治市,明屋書店 今治本店,小売業,その他小売,5%
愛媛県,今治市,明屋書店 喜田村店,小売業,書籍・玩具・音楽ＣＤ,5%
愛媛県,今治市,明屋書店 喜田村店,小売業,その他小売,5%
愛媛県,今治市,ビジネス旅館 笑福,サービス,宿泊業,5%
愛媛県,今治市,ビジネス旅館笑福,サービス,宿泊業,5%
愛媛県,今治市,ファッションパーク「ヒラタ」,小売業,総合（非専門）,5%
愛媛県,今治市,Ｂｏｕ Ｊｅｌｏｕｄ イオンモール今治新都市店,小売業,衣料品,5%
愛媛県,今治市,二葉,サービス,飲食業,5%
愛媛県,今治市,二葉 ＪＲ今治駅構内売店,小売業,食料品,5%
愛媛県,今治市,ＢＲＩＣＫ ＨＡＩＲ＆ＳＰＡ,サービス,理容・美容業,5%
愛媛県,今治市,ＦＶ今治城東店,小売業,食料品,5%
愛媛県,今治市,ＦＶ今治本町店,小売業,食料品,5%
愛媛県,今治市,フレッシュバリュー今治本町店,小売業,食料品,5%
愛媛県,今治市,フレッシュバリュー城東店,小売業,食料品,5%
愛媛県,今治市,フレッシュバリュー高市店,小売業,食料品,5%
愛媛県,今治市,平和タクシー ２５６,サービス,運輸業,5%
愛媛県,今治市,ｈｏｋｕｔｏ ｈａｉｒ,サービス,理容・美容業,5%
愛媛県,今治市,ホット・アームズ美容室,サービス,理容・美容業,5%
愛媛県,今治市,ホテル菊水今治,サービス,宿泊業,5%
愛媛県,今治市,ホビーゾーン今治新都市店,小売業,書籍・玩具・音楽ＣＤ,5%
愛媛県,今治市,ますや旅館 オーベルジュ,サービス,飲食業,5%
愛媛県,今治市,ｍａｃ今治店,小売業,その他小売,5%
愛媛県,今治市,ｍａｃ今治別宮店,小売業,その他小売,5%
愛媛県,今治市,マルマス自動車,その他業種,ー,5%
愛媛県,今治市,マルヨシ,小売業,衣料品,5%
愛媛県,今治市,美賀登旅館,サービス,宿泊業,5%
愛媛県,今治市,ミモザ フジグラン今治店,小売業,衣料品,5%
愛媛県,今治市,宮浦 ＳＳ,小売業,ガソリンスタンド,2%
愛媛県,今治市,宮窪 ＳＳ,小売業,ガソリンスタンド,2%
愛媛県,今治市,宮脇書店 今治本店,小売業,書籍・玩具・音楽ＣＤ,5%
愛媛県,今治市,ＭＩＲＵ動物病院,その他業種,ー,5%
愛媛県,今治市,村上石油 本社,小売業,ガソリンスタンド,2%
愛媛県,今治市,村上モータース 今治,小売業,その他小売,5%
愛媛県,今治市,メガネの田中 フジグラン今治店,小売業,その他小売,5%
愛媛県,今治市,メガネ本舗 今治店,小売業,その他小売,5%
愛媛県,今治市,モードブルージュ今治店,小売業,衣料品,5%
愛媛県,今治市,焼肉神戸,サービス,飲食業,5%
愛媛県,今治市,矢野調剤薬局,小売業,その他小売,5%
愛媛県,今治市,山善 本社,小売業,ガソリンスタンド,2%
愛媛県,今治市,ヨシイ時計店,小売業,貴金属・服飾品,5%
愛媛県,今治市,よしうみいきいき館,小売業,その他小売,5%
愛媛県,今治市,吉海町ＳＳ,小売業,ガソリンスタンド,2%
愛媛県,今治市,ＲＡＧＮＯ,サービス,理容・美容業,5%
愛媛県,今治市,ワイン食堂 ゴッソーヤ,サービス,飲食業,5%
愛媛県,伊予市,ａｎ ｐａｔｉｓｓｅｒｉｅ七日,小売業,食料品,5%
愛媛県,伊予市,石田クリーニング 鳥ノ木店,サービス,その他サービス,5%
愛媛県,伊予市,石田クリーニング 灘町本店,サービス,その他サービス,5%
愛媛県,伊予市,セブン－イレブン伊予市郡中店,小売業,食料品,2%
愛媛県,伊予市,セブン－イレブン伊予下吾川東店,小売業,食料品,2%
愛媛県,伊予市,伊予法務事務所行政書士山本大樹,サービス,その他サービス,5%
愛媛県,伊予市,オガサワラサイクル,小売業,その他小売,5%
愛媛県,伊予市,家具屋アカトシロ,小売業,家具・調度品,5%
愛媛県,伊予市,カフェジュードムジーク,サービス,飲食業,5%
愛媛県,伊予市,くし坊,サービス,飲食業,5%
愛媛県,伊予市,クリーニングジャブジャブ,サービス,その他サービス,5%
愛媛県,伊予市,酵素まる,サービス,その他サービス,5%
愛媛県,伊予市,下吾川ＳＳ,小売業,ガソリンスタンド,2%
愛媛県,伊予市,ジャンプワールド伊予店,小売業,その他小売,5%
愛媛県,伊予市,手焼珈琲ＲＯＤＡＮ,その他業種,ー,5%
愛媛県,伊予市,ﾄﾞﾗｯｸﾞｽﾄｱmac 伊予店,小売業,その他小売,5%
愛媛県,伊予市,永井石油店,小売業,ガソリンスタンド,2%
愛媛県,伊予市,中山 ＳＳ,小売業,ガソリンスタンド,2%
愛媛県,伊予市,パティシエたの,小売業,食料品,5%
愛媛県,伊予市,パルテ モリデン栄店,小売業,電化製品,5%
愛媛県,伊予市,ぱんや１０７,サービス,飲食業,5%
愛媛県,伊予市,ＦＶ伊予店,小売業,食料品,5%
愛媛県,伊予市,フレッシュバリュー伊予店,小売業,食料品,5%
愛媛県,伊予市,文具座やまさき,小売業,その他小売,5%
愛媛県,伊予市,向井原 ＳＳ,小売業,ガソリンスタンド,2%
愛媛県,伊予市,ＹＡＫＩＮＩＫＵ ＤＡＹＳ,サービス,飲食業,5%
愛媛県,内子町,五十崎 ＳＳ,小売業,ガソリンスタンド,2%
愛媛県,内子町,五十崎 ＳＳ,小売業,ガソリンスタンド,2%
愛媛県,内子町,奥野電器,小売業,電化製品,5%
愛媛県,内子町,菓子と器の宮栄,小売業,食料品,5%
愛媛県,内子町,ｃａｆｅ ｂａｒ 奏,サービス,飲食業,5%
愛媛県,内子町,上芳我倶楽部,小売業,その他小売,5%
愛媛県,内子町,黒田電器商会,小売業,電化製品,5%
愛媛県,内子町,セブンーイレブンＪＡ五十崎支所前店,小売業,食料品,2%
愛媛県,内子町,明屋書店 内子店,小売業,書籍・玩具・音楽ＣＤ,5%
愛媛県,内子町,ブリッジステーション オイルバーＳＳ,小売業,ガソリンスタンド,2%
愛媛県,内子町,フローラリジィ,小売業,その他小売,5%
愛媛県,内子町,ミモザ パルティフジ内子店,小売業,衣料品,5%
愛媛県,内子町,メルカドデザイン,その他業種,ー,5%
愛媛県,内子町,焼肉 ありもと,サービス,飲食業,5%
愛媛県,宇和島市,アヴェニール スガハラ,サービス,理容・美容業,5%
愛媛県,宇和島市,出光ひまわり嵐ＳＳ,小売業,ガソリンスタンド,2%
愛媛県,宇和島市,出光ヒマワリわれいＳＳ,小売業,ガソリンスタンド,2%
愛媛県,宇和島市,井上蒲鉾本舗本店,小売業,食料品,5%
愛媛県,宇和島市,有限会社井上真珠店,小売業,貴金属・服飾品,5%
愛媛県,宇和島市,伊予吉田 ＳＳ,小売業,ガソリンスタンド,2%
愛媛県,宇和島市,伊予吉田ＳＳ,小売業,ガソリンスタンド,2%
愛媛県,宇和島市,岩松 ＳＳ,小売業,ガソリンスタンド,2%
愛媛県,宇和島市,ウィッティかんお,小売業,電化製品,5%
愛媛県,宇和島市,魚浩鮮魚店,小売業,食料品,5%
愛媛県,宇和島市,鵜ノ浜ＳＳ,小売業,ガソリンスタンド,2%
愛媛県,宇和島市,宇和島奥南エンゲージメント,その他業種,ー,5%
愛媛県,宇和島市,宇和島オリエンタルホテル,サービス,宿泊業,5%
愛媛県,宇和島市,宇和島オリエンタルホテル,サービス,宿泊業,5%
愛媛県,宇和島市,セブン－イレブン宇和島長堀橋南店,小売業,食料品,2%
愛媛県,宇和島市,宇和島南ＳＳ,小売業,ガソリンスタンド,2%
愛媛県,宇和島市,エースワン 宇和島店,小売業,食料品,5%
愛媛県,宇和島市,ＳＳＧダイデン店,小売業,電化製品,5%
愛媛県,宇和島市,愛媛ダイハツ販売宇和島店,小売業,その他小売,5%
愛媛県,宇和島市,愛媛ダイハツ販売 宇和島店,小売業,その他小売,5%
愛媛県,宇和島市,オータラジオ店,小売業,電化製品,5%
愛媛県,宇和島市,喜佐方沖 ＳＳ,小売業,ガソリンスタンド,2%
愛媛県,宇和島市,ギフトプラザくつき,小売業,その他小売,5%
愛媛県,宇和島市,きれきれいステーションつづらや,小売業,家具・調度品,5%
愛媛県,宇和島市,グレイフランネル,小売業,衣料品,5%
愛媛県,宇和島市,クレール＆フィール スガハラ,サービス,理容・美容業,5%
愛媛県,宇和島市,ザ・シューズ 宇和島店,小売業,衣料品,5%
愛媛県,宇和島市,シミズ電器,小売業,電化製品,5%
愛媛県,宇和島市,真珠会館－レストラン宇和島,小売業,その他小売,5%
愛媛県,宇和島市,スーパーハッピー栄町店,小売業,総合（非専門）,5%
愛媛県,宇和島市,壽司正,サービス,飲食業,5%
愛媛県,宇和島市,寿司良,サービス,飲食業,5%
愛媛県,宇和島市,炭火焼肉１１２９,サービス,飲食業,5%
愛媛県,宇和島市,セルフィッシュ ヘアデザイン セルフィッシュ ヘアデザイン,サービス,理容・美容業,5%
愛媛県,宇和島市,ダイマサ真珠,小売業,貴金属・服飾品,5%
愛媛県,宇和島市,千鳥寿司,サービス,飲食業,5%
愛媛県,宇和島市,東京靴流通センター宇和島店,小売業,衣料品,2%
愛媛県,宇和島市,トヨタカローラ愛媛宇和島店,小売業,その他小売,5%
愛媛県,宇和島市,トヨタレンタリース西四国宇和島店,サービス,その他サービス,2%
愛媛県,宇和島市,ナンヨムセン・ワダ,小売業,電化製品,5%
愛媛県,宇和島市,南楽園,サービス,その他サービス,5%
愛媛県,宇和島市,ネッツトヨタ瀬戸内宇和島店,小売業,その他小売,5%
愛媛県,宇和島市,明屋書店 宇和島明倫店,小売業,書籍・玩具・音楽ＣＤ,5%
愛媛県,宇和島市,明屋書店 宇和島明倫店,小売業,その他小売,5%
愛媛県,宇和島市,１００円プラザ宇和島しんばし店,小売業,衣料品,5%
愛媛県,宇和島市,平浦びわ組合,小売業,その他小売,5%
愛媛県,宇和島市,平山電機,小売業,電化製品,5%
愛媛県,宇和島市,プラザ弁天町ＳＳ,小売業,ガソリンスタンド,2%
愛媛県,宇和島市,プラザ保田ＳＳ,小売業,ガソリンスタンド,2%
愛媛県,宇和島市,ホテルコーラル宇和島,サービス,その他サービス,5%
愛媛県,宇和島市,マクドナルド宇和島店,サービス,飲食業,2%
愛媛県,宇和島市,（有）松岡漁具宇和島店,小売業,その他小売,5%
愛媛県,宇和島市,ママイクコ 宇和島,小売業,総合（非専門）,5%
愛媛県,宇和島市,湊 ＳＳ,小売業,ガソリンスタンド,2%
愛媛県,宇和島市,三間町ＳＳ 赤松石油有限会社,小売業,ガソリンスタンド,2%
愛媛県,宇和島市,宮脇書店 宇和島店,小売業,書籍・玩具・音楽ＣＤ,5%
愛媛県,宇和島市,宮脇書店 フジ北宇和島店,小売業,書籍・玩具・音楽ＣＤ,5%
愛媛県,宇和島市,薬師神かまぼこ,小売業,食料品,5%
愛媛県,宇和島市,山泉モータース商会,小売業,その他小売,5%
愛媛県,宇和島市,ヤマグチ,小売業,電化製品,5%
愛媛県,宇和島市,山田屋まんじゅう 宇和島店,小売業,食料品,5%
愛媛県,宇和島市,有限会社安藤商会アンドリーノ 自家焙煎珈琲 手造りクッキー 安藤珈琲,サービス,飲食業,5%
愛媛県,宇和島市,有限会社宇和島タイヤセンター,小売業,その他小売,5%
愛媛県,宇和島市,有限会社 ダイマサ真珠 ダイマサ真珠,小売業,その他小売,5%
愛媛県,宇和島市,吉田国道 ＳＳ,小売業,ガソリンスタンド,2%
愛媛県,宇和島市,吉田町ＳＳ 有限会社山本石油店,小売業,ガソリンスタンド,2%
愛媛県,宇和島市,寄松 ＳＳ,小売業,ガソリンスタンド,2%
愛媛県,宇和島市,ＬａＰｒｉｍａｖｅｒａ,小売業,衣料品,5%
愛媛県,宇和島市,ＲＡＣＱＵＥＴ?ＳＨＯＰ ＴＡＫＥＵＣＨＩ,小売業,その他小売,5%
愛媛県,宇和島市,ＲＩＴＺＮＡＩＬ,小売業,衣料品,5%
愛媛県,宇和島市,和霊町 ＳＳ,小売業,ガソリンスタンド,2%
愛媛県,大洲市,アイアイエー大洲店,その他業種,ー,5%
愛媛県,大洲市,出光リバーサイド長浜ＳＳ,小売業,ガソリンスタンド,2%
愛媛県,大洲市,伊予長浜ＳＳ,小売業,ガソリンスタンド,2%
愛媛県,大洲市,上田電気商会,小売業,電化製品,5%
愛媛県,大洲市,セブン－イレブン愛媛大洲街道店,小売業,食料品,2%
愛媛県,大洲市,愛媛ダイハツ販売大洲店,小売業,その他小売,5%
愛媛県,大洲市,愛媛南部ヤクルト販売 大洲センター,小売業,食料品,5%
愛媛県,大洲市,大洲 ＳＳ,小売業,ガソリンスタンド,2%
愛媛県,大洲市,大洲しろまちゲストハウス,サービス,その他サービス,5%
愛媛県,大洲市,セブン－イレブン大洲中央病院前店,小売業,食料品,2%
愛媛県,大洲市,セブン－イレブン大洲徳森店,小売業,食料品,2%
愛媛県,大洲市,おち酒店 配達用,小売業,その他小売,5%
愛媛県,大洲市,カトラッチャ珈琲焙煎所,小売業,食料品,5%
愛媛県,大洲市,鹿野川ＳＳ,小売業,ガソリンスタンド,2%
愛媛県,大洲市,鹿野川主婦の店,小売業,総合（非専門）,5%
愛媛県,大洲市,株式会社近藤呉服店,小売業,衣料品,5%
愛媛県,大洲市,亀岡モータース,サービス,その他サービス,5%
愛媛県,大洲市,カレーハウスＣｏＣｏ壱番屋フレスポ大洲店,サービス,飲食業,2%
愛媛県,大洲市,ジャンプワールド大洲店,小売業,その他小売,5%
愛媛県,大洲市,谷本蒲鉾店アクトピア大洲店,小売業,食料品,5%
愛媛県,大洲市,トヨタカローラ愛媛大洲店,小売業,その他小売,5%
愛媛県,大洲市,新谷 ＳＳ,小売業,ガソリンスタンド,2%
愛媛県,大洲市,ネッツトヨタ愛媛Ｊ・Ｓｐｏｔ大洲,小売業,その他小売,5%
愛媛県,大洲市,明屋書店 大洲店,小売業,書籍・玩具・音楽ＣＤ,5%
愛媛県,大洲市,明屋書店 大洲店,小売業,その他小売,5%
愛媛県,大洲市,セブン－イレブン東大洲店,小売業,食料品,2%
愛媛県,大洲市,肱川ＳＳ,小売業,ガソリンスタンド,2%
愛媛県,大洲市,ペニ－レイン,小売業,電化製品,5%
愛媛県,大洲市,ホテルオータ,サービス,宿泊業,5%
愛媛県,大洲市,マクドナルド５６号大洲店,サービス,飲食業,2%
愛媛県,大洲市,ママプレゼンツ大丸,小売業,衣料品,5%
愛媛県,大洲市,南インターＳＳ,小売業,ガソリンスタンド,2%
愛媛県,大洲市,宮脇書店 大洲店,小売業,書籍・玩具・音楽ＣＤ,5%
愛媛県,大洲市,クマノ,小売業,電化製品,5%
愛媛県,大洲市,ＬＯＣＡＬＥ,サービス,飲食業,5%
愛媛県,上島町,インランドシーリゾート フェスパ,サービス,宿泊業,5%
愛媛県,上島町,おかえりなさい,サービス,飲食業,5%
愛媛県,上島町,倉本ＳＳ,小売業,ガソリンスタンド,2%
愛媛県,上島町,竹林写真館 シーサイドモールゆげ,サービス,その他サービス,5%
愛媛県,上島町,弓削ＳＳ,小売業,ガソリンスタンド,2%
愛媛県,上島町,弓削島秘密基地,その他業種,ー,5%
愛媛県,上島町,ゆげしまダイニング彩,サービス,飲食業,5%
愛媛県,鬼北町,赤松酒店,小売業,食料品,5%
愛媛県,鬼北町,出光近永ＳＳ,小売業,ガソリンスタンド,2%
愛媛県,鬼北町,出光中野川ＳＳ,小売業,ガソリンスタンド,2%
愛媛県,鬼北町,株式会社善家自動車,サービス,その他サービス,5%
愛媛県,鬼北町,北宇和日吉ＳＳ,小売業,ガソリンスタンド,2%
愛媛県,鬼北町,きほくＳＳ,小売業,ガソリンスタンド,2%
愛媛県,鬼北町,サラダ館きほく店,その他業種,ー,2%
愛媛県,鬼北町,清水ＳＳ,小売業,ガソリンスタンド,2%
愛媛県,鬼北町,成川ＳＳ 武田石油店,小売業,ガソリンスタンド,2%
愛媛県,鬼北町,パティスリー縁,サービス,飲食業,5%
愛媛県,鬼北町,明屋書店 広見店,小売業,書籍・玩具・音楽ＣＤ,5%
愛媛県,鬼北町,広見ＳＳ,小売業,ガソリンスタンド,2%
愛媛県,久万高原町,家電ハウスたかはし,小売業,電化製品,5%
愛媛県,久万高原町,株式会社アズマ電器,小売業,電化製品,5%
愛媛県,久万高原町,久万ＳＳ,小売業,ガソリンスタンド,2%
愛媛県,久万高原町,久万ＳＳ,小売業,ガソリンスタンド,2%
愛媛県,久万高原町,久万国道ＳＳ,小売業,ガソリンスタンド,2%
愛媛県,久万高原町,パルテ電昭社,小売業,電化製品,5%
愛媛県,西条市,愛果堂,サービス,飲食業,5%
愛媛県,西条市,アイビッグチェーン東予店,小売業,電化製品,5%
愛媛県,西条市,青野精肉店,小売業,家具・調度品,5%
愛媛県,西条市,ＡＣＴ 西条,小売業,電化製品,5%
愛媛県,西条市,ＡＣＴ西条,小売業,電化製品,5%
愛媛県,西条市,アクトささき,小売業,電化製品,5%
愛媛県,西条市,アクトささき,小売業,電化製品,5%
愛媛県,西条市,アトリエルナリア,小売業,衣料品,5%
愛媛県,西条市,石川商会,小売業,その他小売,5%
愛媛県,西条市,出光志川ＳＳ,小売業,ガソリンスタンド,2%
愛媛県,西条市,いとう美容院,サービス,理容・美容業,5%
愛媛県,西条市,糸プロジェクトキッチンカー,サービス,飲食業,5%
愛媛県,西条市,癒し夢サロン ぷらいまる,サービス,その他サービス,5%
愛媛県,西条市,Ｉｎｔｅｒｉｏｒ ｃｏｍｍｕｎｉｔｙ ｓｐａｃｅまちでこ,小売業,家具・調度品,5%
愛媛県,西条市,うどん酒場３６,サービス,飲食業,5%
愛媛県,西条市,ａでんき,小売業,電化製品,5%
愛媛県,西条市,エクストールイン西条駅前,サービス,宿泊業,5%
愛媛県,西条市,ＳＳＧチェーン丹原店,小売業,電化製品,5%
愛媛県,西条市,愛媛ダイハツ販売西条店,小売業,その他小売,5%
愛媛県,西条市,愛媛ダイハツ販売 西条店,小売業,その他小売,5%
愛媛県,西条市,オリックスレンタカー西条カウンター,サービス,その他サービス,2%
愛媛県,西条市,カーウォッシュ シャラク,サービス,その他サービス,5%
愛媛県,西条市,カットハウス カタカミ ３番館,サービス,理容・美容業,5%
愛媛県,西条市,髪工房：クラフト,サービス,理容・美容業,5%
愛媛県,西条市,カラオケ水都,サービス,その他サービス,5%
愛媛県,西条市,河原呉服店,小売業,衣料品,5%
愛媛県,西条市,有限会社戸田益,小売業,衣料品,5%
愛媛県,西条市,国安 ＳＳ,小売業,ガソリンスタンド,2%
愛媛県,西条市,国安第二ＳＳ,小売業,ガソリンスタンド,2%
愛媛県,西条市,くらしとごはんリクル,サービス,飲食業,5%
愛媛県,西条市,小松 ＳＳ,小売業,ガソリンスタンド,2%
愛媛県,西条市,小松ＳＳ,小売業,ガソリンスタンド,2%
愛媛県,西条市,小松ＳＳ,小売業,ガソリンスタンド,2%
愛媛県,西条市,セブン－イレブン小松町新屋敷店,小売業,食料品,2%
愛媛県,西条市,西条 ＳＳ,小売業,ガソリンスタンド,2%
愛媛県,西条市,西条ＳＳ セルフ,小売業,ガソリンスタンド,2%
愛媛県,西条市,西条アーバンホテル,サービス,宿泊業,5%
愛媛県,西条市,セブン－イレブン西条明屋敷店,小売業,食料品,2%
愛媛県,西条市,西条飯岡 ＳＳ,小売業,ガソリンスタンド,2%
愛媛県,西条市,西条新産ＳＳ,小売業,ガソリンスタンド,2%
愛媛県,西条市,西條そば甲,サービス,飲食業,5%
愛媛県,西条市,西条ドライビングスクール,サービス,その他サービス,5%
愛媛県,西条市,西条西 ＳＳ,小売業,ガソリンスタンド,2%
愛媛県,西条市,西条西 ＳＳ セルフ,小売業,ガソリンスタンド,2%
愛媛県,西条市,西条マツダ,サービス,その他サービス,5%
愛媛県,西条市,酒菜家 あづまや,サービス,飲食業,5%
愛媛県,西条市,塩ザキ商店,小売業,食料品,5%
愛媛県,西条市,ｊａｍｒｏｏｍｓｔｏｒｅ,小売業,衣料品,5%
愛媛県,西条市,シューズカンパニー東予店,小売業,衣料品,5%
愛媛県,西条市,庄野薬局下町くすの木通り店,小売業,その他小売,5%
愛媛県,西条市,庄野薬局中央店,小売業,その他小売,5%
愛媛県,西条市,食彩酒家 はまかぜ,サービス,飲食業,5%
愛媛県,西条市,じんのでんき,小売業,電化製品,5%
愛媛県,西条市,寿し一貫 西条店,サービス,飲食業,5%
愛媛県,西条市,そごうマート新町店,小売業,食料品,5%
愛媛県,西条市,そごうマート三津屋店,小売業,食料品,5%
愛媛県,西条市,そごうマート三芳店,小売業,食料品,5%
愛媛県,西条市,（有）高井米穀,小売業,食料品,5%
愛媛県,西条市,高田勝人税理士事務所,サービス,その他サービス,5%
愛媛県,西条市,高橋印章,小売業,その他小売,5%
愛媛県,西条市,たぬき本舗株式会社 丹原店,小売業,食料品,5%
愛媛県,西条市,ちゃーしゅう工房 いしづち店,サービス,飲食業,5%
愛媛県,西条市,電化ショップアオノ,小売業,電化製品,5%
愛媛県,西条市,東予 ＳＳ,小売業,ガソリンスタンド,2%
愛媛県,西条市,東予バイパス ＳＳ,小売業,ガソリンスタンド,2%
愛媛県,西条市,Ｄｒ．Ｄｒｉｖｅ河原津店,小売業,ガソリンスタンド,2%
愛媛県,西条市,Ｄｒ．Ｄｒｉｖｅ東予丹原インターチェンジ店,小売業,ガソリンスタンド,2%
愛媛県,西条市,トヨタカローラ愛媛西条店,小売業,その他小売,5%
愛媛県,西条市,ﾄﾞﾗｯｸﾞｽﾄｱmac 喜多川店,小売業,その他小売,5%
愛媛県,西条市,ﾄﾞﾗｯｸﾞｽﾄｱmac 東予店,小売業,その他小売,5%
愛媛県,西条市,ﾄﾞﾗｯｸﾞｽﾄｱmac 氷見店,小売業,その他小売,5%
愛媛県,西条市,ﾄﾞﾗｯｸﾞｽﾄｱmac 横黒店,小売業,その他小売,5%
愛媛県,西条市,ｎａｔｕｒａｌｌｙ,サービス,理容・美容業,5%
愛媛県,西条市,壬生川ＳＳ 有限会社藤岡石油,小売業,ガソリンスタンド,2%
愛媛県,西条市,ネッツトヨタ愛媛Ｊ．Ｓｐｏｔ小松,小売業,その他小売,5%
愛媛県,西条市,野々市 ＳＳ,小売業,ガソリンスタンド,2%
愛媛県,西条市,パルテ 寺町,小売業,電化製品,5%
愛媛県,西条市,パルテ 寺町,小売業,電化製品,5%
愛媛県,西条市,明屋書店 西条本店,小売業,書籍・玩具・音楽ＣＤ,5%
愛媛県,西条市,明屋書店 東予店,小売業,書籍・玩具・音楽ＣＤ,5%
愛媛県,西条市,明屋書店 東予店,小売業,その他小売,5%
愛媛県,西条市,Ｂ－ｓｈｏｐ ＯＣＨＩ,小売業,その他小売,5%
愛媛県,西条市,ビジュアルイメージング株式会社 ｓｔｕｄｉｏ 華縁,サービス,その他サービス,5%
愛媛県,西条市,ＢＶＣバイク査定センター四国,小売業,その他小売,5%
愛媛県,西条市,合同会社Ｆａｍｉｌｌｅ,サービス,理容・美容業,5%
愛媛県,西条市,フーラフォトグラフィック,サービス,その他サービス,5%
愛媛県,西条市,福岡 ＳＳ,小売業,ガソリンスタンド,2%
愛媛県,西条市,ｂｒａｎｃｈｃｏｆｆｅｅ,サービス,飲食業,5%
愛媛県,西条市,フレッシュバリュー西条店,小売業,食料品,5%
愛媛県,西条市,フローラルビー,小売業,その他小売,5%
愛媛県,西条市,ＰＯＧＯ ＣＵＲＲＹ ＰＯＧＯ ＣＵＲＲＹ,サービス,飲食業,5%
愛媛県,西条市,マクドナルド伊予西条店,サービス,飲食業,2%
愛媛県,西条市,丸三書店 東予店,小売業,書籍・玩具・音楽ＣＤ,5%
愛媛県,西条市,マルトモ水産 株,小売業,食料品,5%
愛媛県,西条市,ＭａｎｇｏＣａｍｅｌ,サービス,理容・美容業,5%
愛媛県,西条市,ｍｉｎａｍｉ,小売業,衣料品,5%
愛媛県,西条市,ミモザ フジグラン西条店,小売業,衣料品,5%
愛媛県,西条市,宮脇書店 東予店,小売業,書籍・玩具・音楽ＣＤ,5%
愛媛県,西条市,宮脇書店フジ西条店,小売業,書籍・玩具・音楽ＣＤ,5%
愛媛県,西条市,ミユキ,小売業,衣料品,5%
愛媛県,西条市,妙福屋,小売業,その他小売,5%
愛媛県,西条市,三芳 ＳＳ,小売業,ガソリンスタンド,2%
愛媛県,西条市,メガネ本舗 壬生川店,小売業,その他小売,5%
愛媛県,西条市,有限会社 かんこめ かんこめ,小売業,食料品,5%
愛媛県,西条市,（有）三浦タイヤ,小売業,その他小売,5%
愛媛県,西条市,湯の里小町温泉しこくや,サービス,宿泊業,5%
愛媛県,西条市,湯之谷温泉,サービス,宿泊業,5%
愛媛県,西条市,養老乃瀧西条店,その他業種,ー,2%
愛媛県,西条市,ラ・セゾン,小売業,貴金属・服飾品,5%
愛媛県,西条市,Ｌｉｎｋ ｈａｉｒ ｄｅｓｉｇｎ,サービス,理容・美容業,5%
愛媛県,西条市,りんりんパークー売店,小売業,総合（非専門）,5%
愛媛県,西条市,れすとらん長崎屋,サービス,飲食業,5%
愛媛県,四国中央市,石﨑商事,小売業,その他小売,5%
愛媛県,四国中央市,出光金生ＳＳ,小売業,ガソリンスタンド,2%
愛媛県,四国中央市,宇野商会,小売業,その他小売,5%
愛媛県,四国中央市,愛媛ダイハツ販売四国中央店,小売業,その他小売,5%
愛媛県,四国中央市,愛媛ダイハツ販売 四国中央店,小売業,その他小売,5%
愛媛県,四国中央市,エリエールスポーツクラブ,サービス,その他サービス,5%
愛媛県,四国中央市,エルふたば,小売業,電化製品,5%
愛媛県,四国中央市,エルふたば 長津店,小売業,電化製品,5%
愛媛県,四国中央市,大倉稔商店,小売業,食料品,5%
愛媛県,四国中央市,大西屋クリーニング店,サービス,その他サービス,5%
愛媛県,四国中央市,オリックスレンタカー四国中央店,サービス,その他サービス,2%
愛媛県,四国中央市,カイナンフローリスト カイナンフローリスト 雑貨ＫＡＩＮＡＮ,小売業,その他小売,5%
愛媛県,四国中央市,カデット,小売業,衣料品,5%
愛媛県,四国中央市,金子町 ＳＳ,小売業,ガソリンスタンド,2%
愛媛県,四国中央市,カネユキ,小売業,電化製品,5%
愛媛県,四国中央市,株式会社スズキ販売四国中央,小売業,その他小売,5%
愛媛県,四国中央市,株式会社スズキ販売四国中央 金生店,サービス,その他サービス,5%
愛媛県,四国中央市,株式会社ＴＲＥＳＯＲ,サービス,理容・美容業,5%
愛媛県,四国中央市,上分ＳＳ 有限会社川村石油店,小売業,ガソリンスタンド,2%
愛媛県,四国中央市,カレーハウスＣｏＣｏ壱番屋四国中央下柏店,サービス,飲食業,2%
愛媛県,四国中央市,川島化粧品店,小売業,その他小売,5%
愛媛県,四国中央市,川之江ＳＳ,小売業,ガソリンスタンド,2%
愛媛県,四国中央市,川之江金田ＳＳ,小売業,ガソリンスタンド,2%
愛媛県,四国中央市,川正電器冷暖,小売業,電化製品,5%
愛媛県,四国中央市,カンセイ空調,小売業,電化製品,5%
愛媛県,四国中央市,菊池商店 巡り廻る,小売業,その他小売,5%
愛媛県,四国中央市,菊池商店巡り廻る,小売業,その他小売,5%
愛媛県,四国中央市,きもの ブティック わき,小売業,衣料品,5%
愛媛県,四国中央市,業務スーパー四国中央店,小売業,食料品,2%
愛媛県,四国中央市,コープ土居,小売業,総合（非専門）,5%
愛媛県,四国中央市,コンビニエンスストアやまうち,小売業,総合（非専門）,5%
愛媛県,四国中央市,坂上電業,小売業,電化製品,5%
愛媛県,四国中央市,セブン－イレブン四国中央川之江町港通店,小売業,食料品,2%
愛媛県,四国中央市,セブン－イレブン四国中央土居町入野店,小売業,食料品,2%
愛媛県,四国中央市,セブン－イレブン四国中央中之庄店,小売業,食料品,2%
愛媛県,四国中央市,セブン－イレブン四国中央三島中央店,小売業,食料品,2%
愛媛県,四国中央市,新宮石油新宮ＳＳ,小売業,ガソリンスタンド,2%
愛媛県,四国中央市,有 鈴木住宅設備 鈴木住宅設備,小売業,その他小売,5%
愛媛県,四国中央市,整体処 空と海,サービス,その他サービス,5%
愛媛県,四国中央市,セルフニュー金子ＳＳ,小売業,ガソリンスタンド,2%
愛媛県,四国中央市,ソフトバンク 四国中央,小売業,その他小売,5%
愛媛県,四国中央市,タカガワ新伊予ゴルフ倶楽部,サービス,その他サービス,5%
愛媛県,四国中央市,たかはし電器商会,小売業,電化製品,5%
愛媛県,四国中央市,蝶野陶器進物店,小売業,家具・調度品,5%
愛媛県,四国中央市,デンカランドわき,小売業,電化製品,5%
愛媛県,四国中央市,土居 ＳＳ,小売業,ガソリンスタンド,2%
愛媛県,四国中央市,豊岡ＳＳ,小売業,ガソリンスタンド,2%
愛媛県,四国中央市,トヨタカローラ愛媛三島・川之江店,小売業,その他小売,5%
愛媛県,四国中央市,ﾄﾞﾗｯｸﾞｽﾄｱmac 川之江店,小売業,その他小売,5%
愛媛県,四国中央市,ﾄﾞﾗｯｸﾞｽﾄｱmac 土居店,小売業,その他小売,5%
愛媛県,四国中央市,ﾄﾞﾗｯｸﾞｽﾄｱmac 中之庄店,小売業,その他小売,5%
愛媛県,四国中央市,ネッツトヨタ愛媛Ｊ．Ｓｐｏｔ三島,小売業,その他小売,5%
愛媛県,四国中央市,ネッツトヨタ瀬戸内めんどり店,小売業,その他小売,5%
愛媛県,四国中央市,パソコンドック２４ 四国中央店,サービス,その他サービス,5%
愛媛県,四国中央市,明屋書店 川之江店,小売業,書籍・玩具・音楽ＣＤ,5%
愛媛県,四国中央市,明屋書店 川之江店,小売業,その他小売,5%
愛媛県,四国中央市,ＰＩＺＺＡ ＭＯＲＥ ＰＩＺＺＡＭＯＲＥ,サービス,飲食業,5%
愛媛県,四国中央市,フォルムかん,小売業,電化製品,5%
愛媛県,四国中央市,フォルム・もりた,小売業,電化製品,5%
愛媛県,四国中央市,フォルムいかわ,小売業,電化製品,5%
愛媛県,四国中央市,プリカボーイ川之江ＳＳ 株式会社プリカネットライン,小売業,ガソリンスタンド,2%
愛媛県,四国中央市,フレッシュバリュー川之江店,小売業,食料品,5%
愛媛県,四国中央市,フレッシュバリュー土居店,小売業,食料品,5%
愛媛県,四国中央市,フレッシュバリュー三島店,小売業,食料品,5%
愛媛県,四国中央市,ＦＶ上分店,小売業,食料品,5%
愛媛県,四国中央市,セブン－イレブン松山道入野ＰＡ下り店,小売業,食料品,2%
愛媛県,四国中央市,まるこう寿し まるこう寿し,サービス,飲食業,5%
愛媛県,四国中央市,丸七商店,小売業,食料品,5%
愛媛県,四国中央市,三島中央ＳＳ,小売業,ガソリンスタンド,2%
愛媛県,四国中央市,美寿寿 本店,小売業,その他小売,5%
愛媛県,四国中央市,南自動車,サービス,その他サービス,5%
愛媛県,四国中央市,ミモザ ビーンズ川之江店,小売業,衣料品,5%
愛媛県,四国中央市,ミモザ フジグラン川之江店,小売業,衣料品,5%
愛媛県,四国中央市,ミモザ 本店,小売業,衣料品,5%
愛媛県,四国中央市,宮川 ＳＳ,小売業,ガソリンスタンド,2%
愛媛県,四国中央市,村松ＳＳ,小売業,ガソリンスタンド,2%
愛媛県,四国中央市,菊池商店 巡り廻る 出張版,小売業,その他小売,5%
愛媛県,四国中央市,森中自動車工業,サービス,その他サービス,5%
愛媛県,四国中央市,遊食房屋四国中央店,サービス,飲食業,5%
愛媛県,四国中央市,養老乃瀧川之江店,サービス,飲食業,2%
愛媛県,西予市,いそき屋,サービス,飲食業,5%
愛媛県,西予市,出光野村ＳＳ,小売業,ガソリンスタンド,2%
愛媛県,西予市,出光ひまわり宇和ＳＳ,小売業,ガソリンスタンド,2%
愛媛県,西予市,宇和ＳＳ,小売業,ガソリンスタンド,2%
愛媛県,西予市,セブン－イレブン宇和中央店,小売業,食料品,2%
愛媛県,西予市,オートウェーブ西予,小売業,その他小売,5%
愛媛県,西予市,サミット リカー クオリティ サミット,小売業,食料品,5%
愛媛県,西予市,セブン－イレブン西予宇和町卯之町店,小売業,食料品,2%
愛媛県,西予市,セブン－イレブン西予れんげ店,小売業,食料品,2%
愛媛県,西予市,Ｓｏ?ｓｏ,サービス,理容・美容業,5%
愛媛県,西予市,鉄板焼美ゆき 宇和店,サービス,飲食業,5%
愛媛県,西予市,野村ＳＳ,小売業,ガソリンスタンド,2%
愛媛県,西予市,パルテうつのみや,小売業,電化製品,5%
愛媛県,西予市,明屋書店 宇和店,小売業,書籍・玩具・音楽ＣＤ,5%
愛媛県,西予市,晴れ空バール,サービス,飲食業,5%
愛媛県,西予市,１００円プラザ 宇和店,小売業,衣料品,5%
愛媛県,西予市,フィットネスクラブヴィスター 宇和店,サービス,理容・美容業,5%
愛媛県,西予市,宝温坊リメディアル整骨院 宝泉坊リメディアル整骨院,その他業種,ー,5%
愛媛県,西予市,みかめ本館,サービス,宿泊業,5%
愛媛県,西予市,山田屋まんじゅう 国道店,小売業,食料品,5%
愛媛県,西予市,山田屋まんじゅう 本店,小売業,食料品,5%
愛媛県,西予市,レストラン 野福 れすとらん 野福,サービス,飲食業,5%
愛媛県,西予市,ワケスポーツ宇和店,小売業,その他小売,5%
愛媛県,東温市,あぼんりーの花,小売業,その他小売,5%
愛媛県,東温市,川内 ＳＳ,小売業,ガソリンスタンド,2%
愛媛県,東温市,重信 ＳＳ,小売業,ガソリンスタンド,2%
愛媛県,東温市,書店ヒート,小売業,書籍・玩具・音楽ＣＤ,5%
愛媛県,東温市,スーパードラッグひまわり牛渕店,小売業,総合（非専門）,5%
愛媛県,東温市,セブンスター 重信店,小売業,食料品,5%
愛媛県,東温市,つるやフジグラン重信店,小売業,衣料品,5%
愛媛県,東温市,つるや フジグラン重信店,小売業,衣料品,5%
愛媛県,東温市,セブン－イレブン東温北方店,小売業,食料品,2%
愛媛県,東温市,セブン－イレブン東温市役所前店,小売業,食料品,2%
愛媛県,東温市,トライ見奈良店,小売業,衣料品,5%
愛媛県,東温市,ノナカ電器,小売業,電化製品,5%
愛媛県,東温市,パルテやすい,小売業,電化製品,5%
愛媛県,東温市,マクドナルドフジグラン重信店,サービス,飲食業,2%
愛媛県,東温市,マクドナルド見奈良レスパスシティ店,サービス,飲食業,2%
愛媛県,東温市,みなせん ４５８号車 みなせん,サービス,飲食業,5%
愛媛県,東温市,ミモザ フジグラン重信店,小売業,衣料品,5%
愛媛県,東温市,メディアボム 重信店,サービス,その他サービス,5%
愛媛県,東温市,モイスティーヌ 東温サロン,小売業,その他小売,5%
愛媛県,東温市,有限会社重松自動車,サービス,その他サービス,5%
愛媛県,東温市,Ｙｕｊｉｎ５１４ 重信ＳＳ,小売業,ガソリンスタンド,2%
愛媛県,東温市,リトルマーメイド 重信店,小売業,食料品,5%
愛媛県,砥部町,ａｔｅｌｉｅｒｌｕｘｅ,その他業種,ー,5%
愛媛県,砥部町,石田クリーニング 砥部店,サービス,その他サービス,5%
愛媛県,砥部町,遠藤窯,その他業種,ー,5%
愛媛県,砥部町,ＣＡＲＤＥＬＩ．ＰＲＯ,サービス,その他サービス,5%
愛媛県,砥部町,ＫＩＺＯＫＵ ＫＩＺＯＫＵ,サービス,飲食業,5%
愛媛県,砥部町,サンまつだ,小売業,衣料品,5%
愛媛県,砥部町,セブンスター 砥部店,小売業,食料品,5%
愛媛県,砥部町,セブンスター 砥部店 一六本舗,小売業,食料品,5%
愛媛県,砥部町,ＴＹＲＥーＳＴＡＴＩＯＮ まさＴＹＲＥ,小売業,その他小売,5%
愛媛県,砥部町,電子食品流通研究所,小売業,食料品,5%
愛媛県,砥部町,砥部焼窯元すこし屋,小売業,その他小売,5%
愛媛県,砥部町,ﾄﾞﾗｯｸﾞｽﾄｱmac 砥部店,小売業,その他小売,5%
愛媛県,砥部町,Ｈａｒｅｎａ ＆ Ｙｕｕ,サービス,理容・美容業,5%
愛媛県,砥部町,Ｂ．ｔｈｅｏｒｙ 砥部店,サービス,理容・美容業,5%
愛媛県,砥部町,東窯,小売業,家具・調度品,5%
愛媛県,砥部町,広田ＳＳ,小売業,ガソリンスタンド,2%
愛媛県,砥部町,明朗社,その他業種,ー,5%
愛媛県,砥部町,Ｙｕｊｉｎ８１５砥部ＳＳ,小売業,ガソリンスタンド,2%
愛媛県,砥部町,ヨシュア工房,小売業,その他小売,5%
愛媛県,新居浜市,ａｃａｌｉ,サービス,理容・美容業,5%
愛媛県,新居浜市,あなたが好きです パラディスサロンあなたが好きです,サービス,理容・美容業,5%
愛媛県,新居浜市,アメニティ―多喜浜 ＳＳ,小売業,ガソリンスタンド,2%
愛媛県,新居浜市,アメニティ―多喜浜 ＳＳ,小売業,ガソリンスタンド,2%
愛媛県,新居浜市,居心伝 新居浜店,サービス,飲食業,2%
愛媛県,新居浜市,泉川 ＳＳ,小売業,ガソリンスタンド,2%
愛媛県,新居浜市,泉川 ＳＳ,小売業,ガソリンスタンド,2%
愛媛県,新居浜市,泉川,小売業,ガソリンスタンド,2%
愛媛県,新居浜市,伊藤カバン店,小売業,衣料品,5%
愛媛県,新居浜市,有限会社内田商店,小売業,衣料品,5%
愛媛県,新居浜市,うめのや 田所店,小売業,衣料品,5%
愛媛県,新居浜市,ｅｄｉｓｏｎｈｏｂｂｙ,小売業,その他小売,5%
愛媛県,新居浜市,ＳＳＧ江口店,小売業,電化製品,5%
愛媛県,新居浜市,エパック 天降療術院,小売業,その他小売,5%
愛媛県,新居浜市,愛媛ダイハツ販売新居浜店,小売業,その他小売,5%
愛媛県,新居浜市,愛媛ダイハツ販売 新居浜店,小売業,その他小売,5%
愛媛県,新居浜市,えひめドッグスクール,サービス,その他サービス,5%
愛媛県,新居浜市,Ｆ・オートサービス,サービス,その他サービス,5%
愛媛県,新居浜市,オートピア庄内ＳＳ,小売業,ガソリンスタンド,2%
愛媛県,新居浜市,岡野衣料品店,小売業,衣料品,5%
愛媛県,新居浜市,オリックスレンタカー新居浜店,サービス,その他サービス,2%
愛媛県,新居浜市,ｃａｆｅ Ｃｏｐａｉｎ,サービス,飲食業,5%
愛媛県,新居浜市,株式会社駅前タクシー,サービス,運輸業,5%
愛媛県,新居浜市,株式会社香月園,小売業,食料品,5%
愛媛県,新居浜市,株式会社新居浜愛媛画材,小売業,その他小売,5%
愛媛県,新居浜市,カリッジュ新居浜東店,サービス,飲食業,5%
愛媛県,新居浜市,カレーハウスＣｏＣｏ壱番屋新居浜松木町店,サービス,飲食業,2%
愛媛県,新居浜市,ＧＡＬＦＩＴ新居浜店,小売業,衣料品,5%
愛媛県,新居浜市,牛角新居浜江口店,サービス,飲食業,2%
愛媛県,新居浜市,業務スーパー新居浜店,小売業,食料品,2%
愛媛県,新居浜市,ＧＯＯＤＹ 新居浜店【グッディ】,サービス,理容・美容業,5%
愛媛県,新居浜市,グッディ新居浜店,サービス,理容・美容業,5%
愛媛県,新居浜市,Ｃｏｉｌｅ,サービス,理容・美容業,5%
愛媛県,新居浜市,鴻上石油株式会社 高木給油所,小売業,ガソリンスタンド,2%
愛媛県,新居浜市,光葉電器,小売業,電化製品,5%
愛媛県,新居浜市,国領ＳＳ 有限会社矢野プロパン,小売業,ガソリンスタンド,2%
愛媛県,新居浜市,五城洋菓子店,小売業,食料品,5%
愛媛県,新居浜市,コープ宇高,小売業,総合（非専門）,5%
愛媛県,新居浜市,コープ金子,小売業,総合（非専門）,5%
愛媛県,新居浜市,コープ神郷,小売業,総合（非専門）,5%
愛媛県,新居浜市,コープ中萩,小売業,総合（非専門）,5%
愛媛県,新居浜市,コープ山根,小売業,総合（非専門）,5%
愛媛県,新居浜市,小麦,サービス,飲食業,5%
愛媛県,新居浜市,御用聞きねこのて,サービス,その他サービス,5%
愛媛県,新居浜市,コワフュールド・ジロー,サービス,理容・美容業,5%
愛媛県,新居浜市,酒のソクハイ新居浜店,小売業,その他小売,5%
愛媛県,新居浜市,サムシング有限会社,その他業種,ー,5%
愛媛県,新居浜市,さんぱつ亭,サービス,理容・美容業,5%
愛媛県,新居浜市,四季海鮮 うちや,サービス,飲食業,5%
愛媛県,新居浜市,Ｚｉｐｐｙｏｆｔｏｔａｌ,サービス,理容・美容業,5%
愛媛県,新居浜市,東雲ＳＳ,小売業,ガソリンスタンド,2%
愛媛県,新居浜市,車楽 新居浜店,サービス,その他サービス,5%
愛媛県,新居浜市,Ｄｒ．Ｄｒｉｖｅセルフ新居浜西ＳＳ,小売業,ガソリンスタンド,2%
愛媛県,新居浜市,セルフ 西ノ土居 ＳＳ,小売業,ガソリンスタンド,2%
愛媛県,新居浜市,セルフ船木 ＳＳ,小売業,ガソリンスタンド,2%
愛媛県,新居浜市,そなみ玄匠,小売業,衣料品,5%
愛媛県,新居浜市,そなみ呉服店,小売業,衣料品,5%
愛媛県,新居浜市,ソフトバンク フジ新居浜駅前,小売業,その他小売,5%
愛媛県,新居浜市,ダイバーショット ダイバーショット,小売業,その他小売,5%
愛媛県,新居浜市,（有）タカハシ紳装店,小売業,衣料品,5%
愛媛県,新居浜市,髙山産業株式会社 ＬＰガス部 新居浜支店,小売業,その他小売,5%
愛媛県,新居浜市,竹本自動車,サービス,その他サービス,5%
愛媛県,新居浜市,中国料理萬來,サービス,飲食業,5%
愛媛県,新居浜市,つるや イオンモール新居浜店,小売業,衣料品,5%
愛媛県,新居浜市,つるや新居浜店,小売業,衣料品,5%
愛媛県,新居浜市,Ｄｅｃｏ?Ｐａｎ,小売業,食料品,5%
愛媛県,新居浜市,手作り市場 原価屋,サービス,飲食業,5%
愛媛県,新居浜市,ドゥアンジュ,サービス,飲食業,5%
愛媛県,新居浜市,ｔｏｔａｌｂａｌａｎｃｅ－ｕｐＭＡＨＡＮＡ,サービス,その他サービス,5%
愛媛県,新居浜市,トヨタカローラ愛媛新居浜店,小売業,その他小売,5%
愛媛県,新居浜市,トヨタレンタリース西四国新居浜店,サービス,その他サービス,2%
愛媛県,新居浜市,ﾄﾞﾗｯｸﾞｽﾄｱmac 川東店,小売業,その他小売,5%
愛媛県,新居浜市,ﾄﾞﾗｯｸﾞｽﾄｱmac 国領店,小売業,その他小売,5%
愛媛県,新居浜市,ﾄﾞﾗｯｸﾞｽﾄｱmac 西連寺店,小売業,その他小売,5%
愛媛県,新居浜市,ﾄﾞﾗｯｸﾞｽﾄｱmac 沢津店,小売業,その他小売,5%
愛媛県,新居浜市,ﾄﾞﾗｯｸﾞｽﾄｱmac 西の土居店,小売業,その他小売,5%
愛媛県,新居浜市,ﾄﾞﾗｯｸﾞｽﾄｱmac 松原店,小売業,その他小売,5%
愛媛県,新居浜市,ﾄﾞﾗｯｸﾞｽﾄｱmac 元塚店,小売業,その他小売,5%
愛媛県,新居浜市,直野モータース本社,小売業,その他小売,5%
愛媛県,新居浜市,セブン－イレブン新居浜インター店,小売業,食料品,2%
愛媛県,新居浜市,セブン－イレブン新居浜郷１丁目店,小売業,食料品,2%
愛媛県,新居浜市,新居浜坂井ＳＳ,小売業,ガソリンスタンド,2%
愛媛県,新居浜市,セブン－イレブン新居浜高木町店,小売業,食料品,2%
愛媛県,新居浜市,新居浜中央 ＳＳ,小売業,ガソリンスタンド,2%
愛媛県,新居浜市,新居浜びず,サービス,その他サービス,5%
愛媛県,新居浜市,セブン－イレブン新居浜元塚店,小売業,食料品,2%
愛媛県,新居浜市,パルシェ西原ＳＳ 四国物産株式会社,小売業,ガソリンスタンド,2%
愛媛県,新居浜市,ネッツトヨタ愛媛Ｊ・Ｓｐｏｔ新居浜,小売業,その他小売,5%
愛媛県,新居浜市,ネッツトヨタ瀬戸内新居浜店,小売業,その他小売,5%
愛媛県,新居浜市,のせ果実,小売業,その他小売,5%
愛媛県,新居浜市,萩尾商店,小売業,その他小売,5%
愛媛県,新居浜市,ｈａｃｈｉｋｏ,小売業,衣料品,5%
愛媛県,新居浜市,八剣伝 さかい筋店,サービス,飲食業,2%
愛媛県,新居浜市,八剣伝 川東店,サービス,飲食業,2%
愛媛県,新居浜市,有限会社花うらら,サービス,飲食業,5%
愛媛県,新居浜市,はりきゅう工房,サービス,理容・美容業,5%
愛媛県,新居浜市,パルテアルファしらいし,小売業,電化製品,5%
愛媛県,新居浜市,パルテアルファうちやま,小売業,電化製品,5%
愛媛県,新居浜市,パルテいずみ,小売業,電化製品,5%
愛媛県,新居浜市,明屋書店 川東店,小売業,書籍・玩具・音楽ＣＤ,5%
愛媛県,新居浜市,明屋書店 新居浜川東店,小売業,その他小売,5%
愛媛県,新居浜市,明屋書店 新居浜本店,小売業,その他小売,5%
愛媛県,新居浜市,明屋書店 新居浜松木店,小売業,書籍・玩具・音楽ＣＤ,5%
愛媛県,新居浜市,明屋書店 MEGA西の土居店,小売業,書籍・玩具・音楽ＣＤ,5%
愛媛県,新居浜市,明屋書店 ＭＥＧＡ西の土居店,小売業,その他小売,5%
愛媛県,新居浜市,ひまわり化粧品 本店,小売業,その他小売,5%
愛媛県,新居浜市,フアインてらまち,小売業,電化製品,5%
愛媛県,新居浜市,ファミリー卓球 ファミリー卓球,小売業,その他小売,5%
愛媛県,新居浜市,Ｐｅｔｉｔ Ｙ ｓ,サービス,飲食業,5%
愛媛県,新居浜市,ＰＬＵＳ ＵＳＰ,小売業,衣料品,5%
愛媛県,新居浜市,Ｂｌｕｕｕｃｅ ｐｉｚｚａ,サービス,飲食業,5%
愛媛県,新居浜市,フレッシュバリュー大生院店,小売業,食料品,5%
愛媛県,新居浜市,フレッシュバリュー沢津店,小売業,食料品,5%
愛媛県,新居浜市,フレッシュバリュー西原店,小売業,食料品,5%
愛媛県,新居浜市,ＦＶ喜光地店,小売業,食料品,5%
愛媛県,新居浜市,ＦＶ沢津店,小売業,食料品,5%
愛媛県,新居浜市,ＦＶ新居浜店,小売業,食料品,5%
愛媛県,新居浜市,ＦＶ西原店,小売業,食料品,5%
愛媛県,新居浜市,プロめんどり,小売業,電化製品,5%
愛媛県,新居浜市,フローラジェーン,小売業,その他小売,5%
愛媛県,新居浜市,Ｈａｉｒ Ｌｉｎｋｓ ＡＲＣＨＥ,サービス,理容・美容業,5%
愛媛県,新居浜市,ホビーゾーン新居浜店,小売業,書籍・玩具・音楽ＣＤ,5%
愛媛県,新居浜市,マクドナルドイオンモール新居浜店,サービス,飲食業,2%
愛媛県,新居浜市,マクドナルド１１号新居浜店,サービス,飲食業,2%
愛媛県,新居浜市,マクドナルド新居浜川東店,サービス,飲食業,2%
愛媛県,新居浜市,ｍａｃ川東店,小売業,その他小売,5%
愛媛県,新居浜市,ｍａｃ国領店,小売業,その他小売,5%
愛媛県,新居浜市,ｍａｃ西の土居店,小売業,その他小売,5%
愛媛県,新居浜市,ｍａｃ元塚店,小売業,その他小売,5%
愛媛県,新居浜市,ｍａｍａ ｐｏｒｃｏ,サービス,飲食業,5%
愛媛県,新居浜市,マルゴシ 新居浜店,小売業,衣料品,5%
愛媛県,新居浜市,三浦電業社,小売業,電化製品,5%
愛媛県,新居浜市,三浦綿業,小売業,家具・調度品,5%
愛媛県,新居浜市,三木自動車整備工場,サービス,その他サービス,5%
愛媛県,新居浜市,（有）港石油多喜浜給油所,小売業,ガソリンスタンド,2%
愛媛県,新居浜市,ミモザ フジ新居浜駅前店,小売業,衣料品,5%
愛媛県,新居浜市,宮脇書店 マルナカ新居浜店,小売業,書籍・玩具・音楽ＣＤ,5%
愛媛県,新居浜市,無印良品 イオンモール新居浜,小売業,その他小売,2%
愛媛県,新居浜市,メガネ本舗 新居浜店,小売業,その他小売,5%
愛媛県,新居浜市,Ｍｏｉ,小売業,食料品,5%
愛媛県,新居浜市,もみほぐし ふうらい堂 ふうらい堂,サービス,その他サービス,5%
愛媛県,新居浜市,矢野自動車,サービス,その他サービス,5%
愛媛県,新居浜市,有限会社オー・エム・シー,サービス,その他サービス,5%
愛媛県,新居浜市,有限会社ホンダウィング今井,小売業,その他小売,5%
愛媛県,新居浜市,有限会社山口兄弟自動車,小売業,その他小売,5%
愛媛県,新居浜市,遊食房屋新居浜店,サービス,飲食業,5%
愛媛県,新居浜市,Ｙｕｊｉｎ１４３ 新居浜ＳＳ,小売業,ガソリンスタンド,2%
愛媛県,新居浜市,Ｒａｃｉｎｅ,小売業,その他小売,5%
愛媛県,新居浜市,レーイグラッツェふじ,サービス,飲食業,5%
愛媛県,松野町,出光松野ＳＳ,小売業,ガソリンスタンド,2%
愛媛県,松前町,石田クリーニング 松前店,サービス,その他サービス,5%
愛媛県,松前町,石田クリーニング エミフルＭＡＳＡＫＩ店,サービス,その他サービス,5%
愛媛県,松前町,出光ユーティーまさきＳＳ,小売業,ガソリンスタンド,2%
愛媛県,松前町,愛媛ダイハツ販売松前店,小売業,その他小売,5%
愛媛県,松前町,かつれつ亭,サービス,飲食業,5%
愛媛県,松前町,佐賀自動車商会,サービス,その他サービス,5%
愛媛県,松前町,つるやエミフル店,小売業,衣料品,5%
愛媛県,松前町,ｄｒｉｖｅ．,小売業,その他小売,5%
愛媛県,松前町,ニュー岡田ＳＳ,小売業,ガソリンスタンド,2%
愛媛県,松前町,ＮＯＢＬＥ エミフル松前店,小売業,衣料品,5%
愛媛県,松前町,はり灸マッサージ処～ＣＵＥキュウ～,サービス,理容・美容業,5%
愛媛県,松前町,明屋書店 松前店,小売業,書籍・玩具・音楽ＣＤ,5%
愛媛県,松前町,ひごペットエミフルＭＡＳＡＫＩ店,小売業,その他小売,5%
愛媛県,松前町,フローラメイ,小売業,その他小売,5%
愛媛県,松前町,マクドナルドエミフルＭＡＳＡＫＩ店,サービス,飲食業,2%
愛媛県,松前町,マクドナルド５６号松前店,サービス,飲食業,2%
愛媛県,松前町,松前 ＳＳ,小売業,ガソリンスタンド,2%
愛媛県,松前町,セブン－イレブン松前町恵久美店,小売業,食料品,2%
愛媛県,松前町,セブン－イレブン松前町岡田店,小売業,食料品,2%
愛媛県,松前町,セブン－イレブン松前町浜店,小売業,食料品,2%
愛媛県,松前町,無印良品 エミフルＭＡＳＡＫＩ,小売業,その他小売,2%
愛媛県,松山市,ア リブレット,サービス,飲食業,5%
愛媛県,松山市,Ａｒｔ,サービス,理容・美容業,5%
愛媛県,松山市,アイ・アイ・エー束本店,小売業,貴金属・服飾品,5%
愛媛県,松山市,アイアイエー北条,その他業種,ー,5%
愛媛県,松山市,アイフォンドクター 松山店,サービス,その他サービス,5%
愛媛県,松山市,愛ＹＯＵカイロプラクティック院,サービス,その他サービス,5%
愛媛県,松山市,青空食堂 樽味店,サービス,飲食業,5%
愛媛県,松山市,アガス古川ＳＳ,小売業,ガソリンスタンド,2%
愛媛県,松山市,秋吉 松山三番町店,サービス,飲食業,5%
愛媛県,松山市,秋吉 松山二番町店,サービス,飲食業,5%
愛媛県,松山市,Ａｇｕ ｈａｉｒ Ａｇｕ ｈａｉｒ ｂｅｙ松山,サービス,理容・美容業,5%
愛媛県,松山市,Ａｇｕ ｈａｉｒ Ａｇｕ ｈａｉｒ ｅｌｍｏ松山大街道,サービス,理容・美容業,5%
愛媛県,松山市,ａｇｏｒａ,サービス,理容・美容業,5%
愛媛県,松山市,ＡＳＹＬＵＭ,小売業,衣料品,5%
愛媛県,松山市,味千拉麺 松山 朝生田店,サービス,飲食業,5%
愛媛県,松山市,足の健康館,小売業,衣料品,5%
愛媛県,松山市,飛鳥のれん,サービス,飲食業,5%
愛媛県,松山市,Ａｓｕｎａｒｏ,サービス,飲食業,5%
愛媛県,松山市,Ａｚｚｕｒｒｉ,小売業,貴金属・服飾品,5%
愛媛県,松山市,アスリートロッカー大街道店,小売業,衣料品,5%
愛媛県,松山市,アスリートロッカー,小売業,衣料品,5%
愛媛県,松山市,ａｔｅｌｉｅｒ Ｅｙｅｂｅｅ,小売業,その他小売,5%
愛媛県,松山市,ＡＨＡＨＡＰＨＯＴＯＳＴＵＤＩＯ,サービス,その他サービス,5%
愛媛県,松山市,アビスイン道後・松山,サービス,宿泊業,5%
愛媛県,松山市,炙り家 かんたろう,サービス,飲食業,5%
愛媛県,松山市,炙りや ＡＢＵＲＩＹＡ 松山店,サービス,飲食業,5%
愛媛県,松山市,美容室アルクール,サービス,理容・美容業,5%
愛媛県,松山市,歩音,小売業,食料品,5%
愛媛県,松山市,アルム,サービス,飲食業,5%
愛媛県,松山市,アンシャンテ マナベ アンシャンテ マナベ,小売業,家具・調度品,5%
愛媛県,松山市,イースト,その他業種,ー,5%
愛媛県,松山市,ＥＢダイバーズ,小売業,衣料品,5%
愛媛県,松山市,ｉｃｏ,サービス,飲食業,5%
愛媛県,松山市,居酒屋 ふじさわ,サービス,飲食業,5%
愛媛県,松山市,ＩＮＳＩＳＴ?ＳＴＡＣＫ,小売業,衣料品,5%
愛媛県,松山市,石田クリーニング 高岡店,サービス,その他サービス,5%
愛媛県,松山市,石田クリーニング 松江店,サービス,その他サービス,5%
愛媛県,松山市,石田クリーニング 末広店,サービス,その他サービス,5%
愛媛県,松山市,石田クリーニング 森松店,サービス,その他サービス,5%
愛媛県,松山市,石田クリーニング 安城寺店,サービス,その他サービス,5%
愛媛県,松山市,石田クリーニング 外交用,サービス,その他サービス,5%
愛媛県,松山市,石田クリーニング 土居田店,サービス,その他サービス,5%
愛媛県,松山市,石田クリーニング ペガサスランド本町店,サービス,その他サービス,5%
愛媛県,松山市,石田クリーニング 萱町店,サービス,その他サービス,5%
愛媛県,松山市,石田クリーニング 束本店,サービス,その他サービス,5%
愛媛県,松山市,石田クリーニング 姫原店,サービス,その他サービス,5%
愛媛県,松山市,石田クリーニング ＤＣＭダイキ美沢店,サービス,その他サービス,5%
愛媛県,松山市,石田クリーニング 竹原店,サービス,その他サービス,5%
愛媛県,松山市,市野耕製陶所,その他業種,ー,5%
愛媛県,松山市,壱枚焼肉 まさ,サービス,飲食業,5%
愛媛県,松山市,Ｉｋｋａｉ?イッカイ飲み歌い放題のカラオケＢａｒ Ｉｋｋａｉ?イッカイ 飲み歌い放題のカラオケＢａｒ,サービス,飲食業,5%
愛媛県,松山市,出光奥道後ＳＳ,小売業,ガソリンスタンド,2%
愛媛県,松山市,出光久万ノ台ＳＳ,小売業,ガソリンスタンド,2%
愛媛県,松山市,出光城西ＳＳ,小売業,ガソリンスタンド,2%
愛媛県,松山市,出光中島ＳＳ,小売業,ガソリンスタンド,2%
愛媛県,松山市,出光ニュー勝岡ＳＳ,小売業,ガソリンスタンド,2%
愛媛県,松山市,出光はなみずきＳＳ,小売業,ガソリンスタンド,2%
愛媛県,松山市,出光松山東ＳＳ,小売業,ガソリンスタンド,2%
愛媛県,松山市,井上蒲鉾本舗松山店,小売業,食料品,5%
愛媛県,松山市,今岡サイクル,小売業,その他小売,5%
愛媛県,松山市,今出 ＳＳ,小売業,ガソリンスタンド,2%
愛媛県,松山市,芋屋金次郎道後店,小売業,食料品,5%
愛媛県,松山市,芋屋金次郎松山店,小売業,食料品,5%
愛媛県,松山市,イヤーシャリンパサロン,サービス,その他サービス,5%
愛媛県,松山市,いよかん美容室上一万店,サービス,理容・美容業,5%
愛媛県,松山市,イヨデン,小売業,電化製品,5%
愛媛県,松山市,伊予マリン,小売業,その他小売,5%
愛媛県,松山市,いわもと,サービス,飲食業,5%
愛媛県,松山市,Ｉｎｄｉｅ ＨｉＬＬ,サービス,飲食業,5%
愛媛県,松山市,ｗ／ｏ ｓｔａｎｄ 愛媛,サービス,飲食業,5%
愛媛県,松山市,ウィッグサロン とらや,小売業,その他小売,5%
愛媛県,松山市,ウィッティ ＮＩＳＨＩＨＡＲＡ,小売業,電化製品,5%
愛媛県,松山市,うちな?たいむ 琉球時間,サービス,飲食業,5%
愛媛県,松山市,うつわ屋独歩,小売業,その他小売,5%
愛媛県,松山市,ＯＥＵＦｂｏｕｔｉｑｕｅ,小売業,衣料品,5%
愛媛県,松山市,馬焼肉・馬刺し 声高らかにヒヒーン,サービス,飲食業,5%
愛媛県,松山市,ＨｔｏＯ,サービス,飲食業,5%
愛媛県,松山市,ＨｔｏＯ?本と音楽、本とお食事?,サービス,飲食業,5%
愛媛県,松山市,ＳＳＧチェーン広橋店,小売業,電化製品,5%
愛媛県,松山市,Ｅｔｅｒｎａｌ Ｂｅａｕｔｙ ＮＡＮＡ,サービス,理容・美容業,5%
愛媛県,松山市,Ｎ ｓＫｉｔｃｈｅｎ ｌａｂｏ,小売業,食料品,5%
愛媛県,松山市,エピカ,小売業,その他小売,5%
愛媛県,松山市,愛媛県美顔センター 本町店,サービス,その他サービス,5%
愛媛県,松山市,愛媛ダイハツ販売井門店,小売業,その他小売,5%
愛媛県,松山市,愛媛ダイハツ販売久米店,小売業,その他小売,5%
愛媛県,松山市,愛媛ダイハツ販売 久米店,小売業,その他小売,5%
愛媛県,松山市,愛媛ダイハツ販売松山店,小売業,その他小売,5%
愛媛県,松山市,愛媛ダイハツ販売Ｕ－ＣＡＲ空港通,小売業,その他小売,5%
愛媛県,松山市,愛媛ダイハツ販売 Ｕ－ＣＡＲ空港通,小売業,その他小売,5%
愛媛県,松山市,エルデプレシャス,小売業,貴金属・服飾品,5%
愛媛県,松山市,オオイシデンキ,小売業,電化製品,5%
愛媛県,松山市,大阪屋化粧品店,小売業,その他小売,5%
愛媛県,松山市,お たき,サービス,飲食業,5%
愛媛県,松山市,オートカンパニー 四国,サービス,その他サービス,5%
愛媛県,松山市,ＢＯＬＴａｎｔｉｑｕｅ＆ｂｒｏｃａｎｔｅ＋ｄｅｓｉｇｎ,小売業,その他小売,5%
愛媛県,松山市,おそうじ本舗 松山城北店,サービス,その他サービス,5%
愛媛県,松山市,オプチカルアイズ三津店,小売業,貴金属・服飾品,5%
愛媛県,松山市,株式会社Ｒ－テック,小売業,その他小売,5%
愛媛県,松山市,オリスホワイト,サービス,理容・美容業,5%
愛媛県,松山市,オリックスレンタカー松山駅前店,サービス,その他サービス,2%
愛媛県,松山市,オリックスレンタカー松山空港店,サービス,その他サービス,2%
愛媛県,松山市,オリックスレンタカー松山空港坊っちゃん店,サービス,その他サービス,2%
愛媛県,松山市,オリックスレンタカー松山店,サービス,その他サービス,2%
愛媛県,松山市,オリックスレンタカー松山東店,サービス,その他サービス,2%
愛媛県,松山市,カーケア松前,小売業,その他小売,5%
愛媛県,松山市,カーフォートかもがわ ＳＳ,小売業,ガソリンスタンド,2%
愛媛県,松山市,カーポリッシュＳＨＩＲＡＩＳＨＩ,サービス,その他サービス,5%
愛媛県,松山市,カーポリッシュＳＨＩＲＡＩＳＨＩ,サービス,その他サービス,5%
愛媛県,松山市,海舟,サービス,飲食業,5%
愛媛県,松山市,海土魯,サービス,飲食業,5%
愛媛県,松山市,カーウォッシュ シャラク,サービス,その他サービス,5%
愛媛県,松山市,割烹さゝ紀,サービス,飲食業,5%
愛媛県,松山市,カドニアルコーヒー,サービス,飲食業,5%
愛媛県,松山市,カドニアルコーヒー,サービス,飲食業,5%
愛媛県,松山市,カトルセゾン菓子夢,サービス,飲食業,5%
愛媛県,松山市,カーパルコ・タマイ,サービス,その他サービス,5%
愛媛県,松山市,カービューティーセンター,サービス,その他サービス,5%
愛媛県,松山市,Ｃａｆｅ Ｃｏｐａｉｎ,サービス,飲食業,5%
愛媛県,松山市,ＣＡＦＥ ＣＡＢＡＲＥＴ,サービス,飲食業,5%
愛媛県,松山市,ＣａｆｅＣｒｅｍａ,サービス,飲食業,5%
愛媛県,松山市,ｃａｆｆｅｓｐａｚｉｏｂｏｔａｎｉｃａ,サービス,飲食業,5%
愛媛県,松山市,株式会社ウルア,小売業,その他小売,5%
愛媛県,松山市,株式会社オートショップ松岡 株式会社 オートショップ松岡,小売業,その他小売,5%
愛媛県,松山市,株式会社Ｃｉｒｃｌｅ Ｌｉｎｅ,サービス,その他サービス,5%
愛媛県,松山市,株式会社仟都 ＩＮＦＩＮＩＴＥ Ｈａｉｒ ｗｏｒｋｓ,サービス,理容・美容業,5%
愛媛県,松山市,（株）チハヤ,サービス,その他サービス,5%
愛媛県,松山市,株式会社フリーク,サービス,その他サービス,5%
愛媛県,松山市,株式会社モア・ミュージック,小売業,書籍・玩具・音楽ＣＤ,5%
愛媛県,松山市,株式会社モア ミュージック モア ミュージック,小売業,書籍・玩具・音楽ＣＤ,5%
愛媛県,松山市,株式会社ライフパートナーズ,小売業,衣料品,5%
愛媛県,松山市,株式会社琉月,サービス,理容・美容業,5%
愛媛県,松山市,カマダでんき,小売業,電化製品,5%
愛媛県,松山市,かみきりやｋａｚｕ,サービス,理容・美容業,5%
愛媛県,松山市,ＣＡＹＡＭＡＴＳＵＹＡＭＡ,小売業,衣料品,5%
愛媛県,松山市,からあげ店 大吉,サービス,飲食業,5%
愛媛県,松山市,刈人,サービス,理容・美容業,5%
愛媛県,松山市,ＣＡＬＭＥ ｎｏｅｌ,サービス,理容・美容業,5%
愛媛県,松山市,カレーハウスＣｏＣｏ壱番屋松山一番町店,サービス,飲食業,2%
愛媛県,松山市,カレーハウスＣｏＣｏ壱番屋松山久万ノ台店,サービス,飲食業,2%
愛媛県,松山市,カレーハウスＣｏＣｏ壱番屋 松山土居田店,サービス,飲食業,2%
愛媛県,松山市,カレーハウスＣｏＣｏ壱番屋 松山東石井店,サービス,飲食業,2%
愛媛県,松山市,カレーハウスＣｏＣｏ壱番屋松山南久米店,サービス,飲食業,2%
愛媛県,松山市,かんたろう,サービス,飲食業,5%
愛媛県,松山市,キイチ,サービス,その他サービス,5%
愛媛県,松山市,キーパーラボ松山,サービス,その他サービス,2%
愛媛県,松山市,キーライト,サービス,その他サービス,5%
愛媛県,松山市,衣山 ＳＳ,小売業,ガソリンスタンド,2%
愛媛県,松山市,ｇｉｍｍｉｃｋ ｈａｉｒ,サービス,理容・美容業,5%
愛媛県,松山市,キャピタル自動車,サービス,その他サービス,5%
愛媛県,松山市,キャメリアパークいまい,小売業,ガソリンスタンド,2%
愛媛県,松山市,牛角松山樽味店,サービス,飲食業,2%
愛媛県,松山市,牛角松山二番町店,サービス,飲食業,2%
愛媛県,松山市,９４Ｂ ９４Ｂ ｃａｆｅ,サービス,飲食業,5%
愛媛県,松山市,９４Ｂｃａｆｅ,サービス,飲食業,5%
愛媛県,松山市,蕎味津々 ぐう,サービス,飲食業,5%
愛媛県,松山市,業務スーパー道後店,小売業,食料品,2%
愛媛県,松山市,業務スーパー保免西店,小売業,食料品,2%
愛媛県,松山市,業務スーパー松山中央店,小売業,食料品,2%
愛媛県,松山市,キンコーズ松山千舟町店,サービス,その他サービス,5%
愛媛県,松山市,Ｃｏｏ＆ＲＩＫＵ愛媛松山店,小売業,その他小売,5%
愛媛県,松山市,串絵巻,サービス,飲食業,5%
愛媛県,松山市,串もんてき,サービス,飲食業,5%
愛媛県,松山市,クジャク屋,小売業,貴金属・服飾品,5%
愛媛県,松山市,靴のはきものセンター岩田屋,小売業,その他小売,5%
愛媛県,松山市,久米国際亭,サービス,飲食業,5%
愛媛県,松山市,ＧＲＵＭＭＡＮ,小売業,衣料品,5%
愛媛県,松山市,合同会社クリア,サービス,その他サービス,5%
愛媛県,松山市,クリアベル,サービス,理容・美容業,5%
愛媛県,松山市,Ｇｌｕｃｋ,サービス,その他サービス,5%
愛媛県,松山市,ＣＲＥＰＥ＆ＣＡＦＥＨｉ５,サービス,飲食業,5%
愛媛県,松山市,黒てんぐ,サービス,飲食業,5%
愛媛県,松山市,クロワ,小売業,衣料品,5%
愛媛県,松山市,ゲストハウスＤＯＵＧＯＹＡＤＯ,サービス,宿泊業,5%
愛媛県,松山市,ＫＯＨＫＯＨ別邸,サービス,飲食業,5%
愛媛県,松山市,合名会社山澤商店 合名会社 山澤商店,小売業,その他小売,5%
愛媛県,松山市,幸楽,サービス,飲食業,5%
愛媛県,松山市,ＧＯショップ,小売業,その他小売,5%
愛媛県,松山市,小顔矯正専門サロン アイルル,サービス,その他サービス,5%
愛媛県,松山市,こがね製麺所 こがね製麺所 松山のうめん道路店,サービス,飲食業,5%
愛媛県,松山市,小坂 ＳＳ,小売業,ガソリンスタンド,2%
愛媛県,松山市,きねつき餅 餅人 小林商店 小林商店,小売業,食料品,5%
愛媛県,松山市,ごはんとお酒なが坂,サービス,飲食業,5%
愛媛県,松山市,コープえひめ 本部,小売業,総合（非専門）,5%
愛媛県,松山市,コープ束本,小売業,総合（非専門）,5%
愛媛県,松山市,コープひさえだ,小売業,総合（非専門）,5%
愛媛県,松山市,コープ三津,小売業,総合（非専門）,5%
愛媛県,松山市,コープ余戸,小売業,総合（非専門）,5%
愛媛県,松山市,ＣＯＲ,サービス,理容・美容業,5%
愛媛県,松山市,コルギ・美容矯正サロンアイルル 朝生田店,サービス,理容・美容業,5%
愛媛県,松山市,ゴルフオーブス,小売業,その他小売,5%
愛媛県,松山市,古湧園どんぐり共和国,サービス,宿泊業,5%
愛媛県,松山市,コンタクトのエイブル,小売業,その他小売,5%
愛媛県,松山市,ザ・ベッドルームショップ サンブンノイチ,小売業,家具・調度品,5%
愛媛県,松山市,サイクルショップオオニシ サイクルショップ オオニシ,小売業,その他小売,5%
愛媛県,松山市,桜製麺 和泉南店,サービス,飲食業,5%
愛媛県,松山市,サクラメント通り,小売業,ガソリンスタンド,2%
愛媛県,松山市,酒のソクハイ二番町店,小売業,その他小売,5%
愛媛県,松山市,酒のソクハイ八坂通店,小売業,その他小売,5%
愛媛県,松山市,三番町 ＳＳ,小売業,ガソリンスタンド,2%
愛媛県,松山市,シーパＭＡＫＯＴＯ,サービス,宿泊業,5%
愛媛県,松山市,ＣＩＥＬ 松山店【シエル】,サービス,理容・美容業,5%
愛媛県,松山市,塩屋呉服店,小売業,衣料品,5%
愛媛県,松山市,栞,サービス,飲食業,5%
愛媛県,松山市,地酒屋みやおか,小売業,食料品,5%
愛媛県,松山市,ＪＩＳＭＡＴＳＵＹＡＭＡ,サービス,飲食業,5%
愛媛県,松山市,四川旬菜アスター,サービス,飲食業,5%
愛媛県,松山市,実宏,小売業,その他小売,5%
愛媛県,松山市,シナモンゲストハウス道後,サービス,その他サービス,5%
愛媛県,松山市,しのはらサイクル,小売業,その他小売,5%
愛媛県,松山市,市民交通タクシー,サービス,運輸業,5%
愛媛県,松山市,Ｓ’ｃｈａｔｚ Ｊａｐａｎ,サービス,その他サービス,5%
愛媛県,松山市,Ｄｊａｎｇｏ’ｓ Ｂｕｒｒｉｔｏ,サービス,飲食業,5%
愛媛県,松山市,ジャンプワールド土居田店,小売業,その他小売,5%
愛媛県,松山市,十五万石,小売業,総合（非専門）,5%
愛媛県,松山市,ＳＹＵＥＮ,サービス,飲食業,5%
愛媛県,松山市,手芸センタードリーム松山城北店,小売業,その他小売,5%
愛媛県,松山市,手芸センタードリーム南松山店,小売業,その他小売,5%
愛媛県,松山市,手芸マキ 松山店,小売業,その他小売,5%
愛媛県,松山市,シューズカンパニー フジグラン松山店,小売業,衣料品,5%
愛媛県,松山市,１３ Ｊｕｎｓａｎ,サービス,飲食業,5%
愛媛県,松山市,旬の味 花やさい,サービス,飲食業,5%
愛媛県,松山市,ジョイフル恵利松山,サービス,その他サービス,5%
愛媛県,松山市,城西タクシー,サービス,運輸業,5%
愛媛県,松山市,有限会社白石一商会,小売業,その他小売,5%
愛媛県,松山市,しらかた珈琲 Ｓｉｒｏｃｏｆｅ,サービス,飲食業,5%
愛媛県,松山市,鍼灸整骨院ＳＱ,サービス,その他サービス,5%
愛媛県,松山市,ＪＥＡＮＳ ＦＡＣＴＯＲＹ 松山店,小売業,衣料品,5%
愛媛県,松山市,ＪＥＡＮＳ ＦＡＣＴＯＲＹ 松山店,小売業,衣料品,5%
愛媛県,松山市,新丸三書店 外商部Ａ,小売業,書籍・玩具・音楽ＣＤ,5%
愛媛県,松山市,新丸三書店 外商部Ｂ,小売業,書籍・玩具・音楽ＣＤ,5%
愛媛県,松山市,新丸三書店 本店,小売業,書籍・玩具・音楽ＣＤ,5%
愛媛県,松山市,スーパーいしまる,小売業,総合（非専門）,5%
愛媛県,松山市,スーパードラッグひまわり安城寺店,小売業,総合（非専門）,5%
愛媛県,松山市,スーパードラッグひまわり空港通店,小売業,総合（非専門）,5%
愛媛県,松山市,スーパードラッグひまわり高岡店,小売業,総合（非専門）,5%
愛媛県,松山市,スーパードラッグひまわり室町店,小売業,総合（非専門）,5%
愛媛県,松山市,末広マート 立花店,小売業,総合（非専門）,5%
愛媛県,松山市,末広マート本店,小売業,総合（非専門）,5%
愛媛県,松山市,鮨 まえざわ,サービス,飲食業,5%
愛媛県,松山市,寿司 きんぼし,サービス,飲食業,5%
愛媛県,松山市,寿司ざんまい松山店,サービス,飲食業,5%
愛媛県,松山市,ｓｔｕｄｉｏ ＴＲａｄｂｏＸ イマジック松山スタジオ,サービス,その他サービス,5%
愛媛県,松山市,ビタミナポストマン,サービス,理容・美容業,5%
愛媛県,松山市,Ｓｐｅｃｉａｌクリーニング中村,サービス,その他サービス,5%
愛媛県,松山市,Ｓｐｅｃｉａｌクリーニング中村 外交用,サービス,その他サービス,5%
愛媛県,松山市,炭焼 ＭＡＲＫＳ,サービス,飲食業,5%
愛媛県,松山市,炭焼き鳥酒場 ＫＯＴＯＲＩ,サービス,飲食業,5%
愛媛県,松山市,ＴＨＲＥＥ ＦＩＳＨ ＣＯＦＦＥＥ ＴＨＲＥＥ ＦＩＳＨ ＣＯＦＦＥＥ,サービス,飲食業,5%
愛媛県,松山市,整体療院 気楽堂,サービス,その他サービス,5%
愛媛県,松山市,施術超楽,サービス,その他サービス,5%
愛媛県,松山市,Ｓｅｄｕｃｔｉｏｎ 道後樋又店,サービス,理容・美容業,5%
愛媛県,松山市,瀬戸内マルシェ,小売業,食料品,5%
愛媛県,松山市,セブンスター 石手店,小売業,食料品,5%
愛媛県,松山市,セブンスター 垣生店,小売業,食料品,5%
愛媛県,松山市,セブンスター 東長戸店,小売業,食料品,5%
愛媛県,松山市,セブンスター 別府店,小売業,食料品,5%
愛媛県,松山市,セブンスター 別府店 一六本舗,小売業,食料品,5%
愛媛県,松山市,セブンスター 三津店,小売業,食料品,5%
愛媛県,松山市,セブンスター 南江戸店,小売業,食料品,5%
愛媛県,松山市,セブンスター 六軒家店,小売業,食料品,5%
愛媛県,松山市,セルフエアライン余戸西ＳＳ,小売業,ガソリンスタンド,2%
愛媛県,松山市,セルフエアライン余戸西,小売業,ガソリンスタンド,2%
愛媛県,松山市,セルフステーション３３インターいまい,小売業,ガソリンスタンド,2%
愛媛県,松山市,セルフステーションひらたパークいまい,小売業,ガソリンスタンド,2%
愛媛県,松山市,セルフステーションふくおんじパークいまい,小売業,ガソリンスタンド,2%
愛媛県,松山市,セルフていれぎＳＳ,小売業,ガソリンスタンド,2%
愛媛県,松山市,セルフ松山インターＳＳ,小売業,ガソリンスタンド,2%
愛媛県,松山市,セルフ松山西ＳＳ,小売業,ガソリンスタンド,2%
愛媛県,松山市,セルフ松山ひらいＳＳ,小売業,ガソリンスタンド,2%
愛媛県,松山市,SerenDip 明屋書店 ｱｴﾙ店,小売業,書籍・玩具・音楽ＣＤ,5%
愛媛県,松山市,ＳｅｒｅｎＤｉｐ 明屋書店 アエル店,小売業,その他小売,5%
愛媛県,松山市,創作茶寮 西村,サービス,飲食業,5%
愛媛県,松山市,そごうマート梅本店,小売業,食料品,5%
愛媛県,松山市,そごうマート中須賀店,小売業,食料品,5%
愛媛県,松山市,そごうマート堀江店,小売業,食料品,5%
愛媛県,松山市,ＳＯＲＡ,サービス,理容・美容業,5%
愛媛県,松山市,ターミナルホテル松山,サービス,宿泊業,5%
愛媛県,松山市,代官町 なが坂,サービス,飲食業,5%
愛媛県,松山市,大衆居酒屋 楽市,サービス,飲食業,5%
愛媛県,松山市,大衆居酒屋樂市二番町店,サービス,飲食業,5%
愛媛県,松山市,大衆演劇ＢＡＲ「．Ｋ」,サービス,飲食業,5%
愛媛県,松山市,橙,サービス,飲食業,5%
愛媛県,松山市,ｔａｅＡｒｏｍａｔｈｅｒａｐｙａｎｄＴｒｅａｔｍｅｎｔ,サービス,理容・美容業,5%
愛媛県,松山市,タカウチスタジオ,サービス,その他サービス,5%
愛媛県,松山市,多賀住宅設備,小売業,電化製品,5%
愛媛県,松山市,武丸観光タクシー,サービス,運輸業,5%
愛媛県,松山市,辰巳町 ＳＳ,小売業,ガソリンスタンド,2%
愛媛県,松山市,谷本蒲鉾店 道後店,小売業,食料品,5%
愛媛県,松山市,谷本蒲鉾店 松山支店,小売業,食料品,5%
愛媛県,松山市,谷本蒲鉾店 松山本町店,小売業,食料品,5%
愛媛県,松山市,炭歌集,サービス,飲食業,5%
愛媛県,松山市,千舟町ＳＳ,小売業,ガソリンスタンド,2%
愛媛県,松山市,中央ＳＳ,小売業,ガソリンスタンド,2%
愛媛県,松山市,中国旬菜 頭市,サービス,飲食業,5%
愛媛県,松山市,中国料理 茶縁,サービス,飲食業,5%
愛媛県,松山市,中予ホンダ 中予ホンダ有限会社,小売業,その他小売,5%
愛媛県,松山市,ｃｉｎｑｕｅｃｅｎｔｏ,小売業,衣料品,5%
愛媛県,松山市,椿ミシンサービス 椿ミシンサービス,小売業,電化製品,5%
愛媛県,松山市,つぼや菓子舗,小売業,食料品,5%
愛媛県,松山市,釣具のフレンド 松山本店,小売業,その他小売,5%
愛媛県,松山市,つるや 湊町店,小売業,衣料品,5%
愛媛県,松山市,つるやイオン松山店,小売業,衣料品,5%
愛媛県,松山市,つるや 本店,小売業,衣料品,5%
愛媛県,松山市,つるや本店,小売業,衣料品,5%
愛媛県,松山市,つるや 湊町店,小売業,衣料品,5%
愛媛県,松山市,つるや 南松山店,小売業,衣料品,5%
愛媛県,松山市,つるや南松山店,小売業,衣料品,5%
愛媛県,松山市,ＤＤ４ＤＢＲＥＷＩＮＧ＆ＣＬＯＴＨＩＮＧＳＴＯＲＥ,サービス,飲食業,5%
愛媛県,松山市,Ｔ－ｍｏｕｎｔａｉｎ,その他業種,ー,5%
愛媛県,松山市,ティエムソフト 株式会社,サービス,その他サービス,5%
愛媛県,松山市,テイクオフ,小売業,その他小売,5%
愛媛県,松山市,Ｔｉｍｏｎｅ,サービス,理容・美容業,5%
愛媛県,松山市,Ｄｅｓｉｒ 【デジール】,サービス,理容・美容業,5%
愛媛県,松山市,鉄板焼 ダイニング 頂,サービス,飲食業,5%
愛媛県,松山市,てつや,サービス,飲食業,5%
愛媛県,松山市,手もみ屋本舗 松山銀天街店,サービス,その他サービス,5%
愛媛県,松山市,電化サロンノリマツ,小売業,電化製品,5%
愛媛県,松山市,ＤｅｎＣｕｂｉｃ,その他業種,ー,5%
愛媛県,松山市,てんぐの隠れ家,サービス,飲食業,5%
愛媛県,松山市,てんぐ屋敷 桃太楼,サービス,飲食業,5%
愛媛県,松山市,東京靴流通センター久米店,小売業,衣料品,2%
愛媛県,松山市,東京靴流通センター垣生店,小売業,衣料品,2%
愛媛県,松山市,東京靴流通センター姫原店,小売業,衣料品,2%
愛媛県,松山市,東京靴流通センター 久米店,小売業,衣料品,5%
愛媛県,松山市,道後温泉 花ゆづき,サービス,宿泊業,5%
愛媛県,松山市,道後舘,サービス,宿泊業,5%
愛媛県,松山市,道後グランドホテル,サービス,宿泊業,5%
愛媛県,松山市,道後ゴルフ倶楽部,サービス,その他サービス,5%
愛媛県,松山市,道後の宿 葛城,サービス,宿泊業,5%
愛媛県,松山市,（有）セダクション,サービス,理容・美容業,5%
愛媛県,松山市,道後マルシェ,小売業,総合（非専門）,5%
愛媛県,松山市,トータルビューティサロン ｅｇｏ．,サービス,理容・美容業,5%
愛媛県,松山市,徳川 松山衣山店,サービス,飲食業,5%
愛媛県,松山市,Ｄｒ．ＤｒｉｖｅＣＡＶＥＴＹ中央通店,小売業,ガソリンスタンド,2%
愛媛県,松山市,Ｄｒ．Ｄｒｉｖｅ松山垣生店,小売業,ガソリンスタンド,2%
愛媛県,松山市,土佐鶏百式,サービス,飲食業,5%
愛媛県,松山市,ＤＯＳＣＨフジグラン松山店,小売業,衣料品,5%
愛媛県,松山市,土間土間松山三番町店,サービス,飲食業,2%
愛媛県,松山市,巴堂本舗,小売業,食料品,5%
愛媛県,松山市,友岡薬局 立花店,小売業,その他小売,5%
愛媛県,松山市,友岡薬局 平井店 友岡薬局 平井店,小売業,その他小売,5%
愛媛県,松山市,トヨタカローラ愛媛中央通店,小売業,その他小売,5%
愛媛県,松山市,トヨタカローラ愛媛松山東店,小売業,その他小売,5%
愛媛県,松山市,トヨタカローラ愛媛松山保免店,小売業,その他小売,5%
愛媛県,松山市,トヨタレンタリース西四国松山空港店,サービス,その他サービス,2%
愛媛県,松山市,トヨタレンタリース西四国松山店,サービス,その他サービス,2%
愛媛県,松山市,ドライブイン アウトゼア,サービス,飲食業,5%
愛媛県,松山市,ﾄﾞﾗｯｸﾞｽﾄｱmac 鴨川店,小売業,その他小売,5%
愛媛県,松山市,ﾄﾞﾗｯｸﾞｽﾄｱmac 久万ﾉ台店,小売業,その他小売,5%
愛媛県,松山市,ﾄﾞﾗｯｸﾞｽﾄｱmac 久米店,小売業,その他小売,5%
愛媛県,松山市,ﾄﾞﾗｯｸﾞｽﾄｱmac 鷹の子店,小売業,その他小売,5%
愛媛県,松山市,ﾄﾞﾗｯｸﾞｽﾄｱmac 富久店,小売業,その他小売,5%
愛媛県,松山市,ﾄﾞﾗｯｸﾞｽﾄｱmac 畑寺店,小売業,その他小売,5%
愛媛県,松山市,ﾄﾞﾗｯｸﾞｽﾄｱmac 古川店,小売業,その他小売,5%
愛媛県,松山市,ﾄﾞﾗｯｸﾞｽﾄｱmac 北条店,小売業,その他小売,5%
愛媛県,松山市,ﾄﾞﾗｯｸﾞｽﾄｱmac 山越店,小売業,その他小売,5%
愛媛県,松山市,ﾄﾞﾗｯｸﾞｽﾄｱmac 余戸店,小売業,その他小売,5%
愛媛県,松山市,ドリームドリー動物病院,その他業種,ー,5%
愛媛県,松山市,鶏笑 松山中ノ川通り店,サービス,飲食業,5%
愛媛県,松山市,鳥ロマン はなみずき店,サービス,飲食業,5%
愛媛県,松山市,ドローン教習所さくらさく松山校,サービス,その他サービス,5%
愛媛県,松山市,中ノ川 ＳＳ,小売業,ガソリンスタンド,2%
愛媛県,松山市,棗,サービス,飲食業,5%
愛媛県,松山市,生,サービス,飲食業,5%
愛媛県,松山市,ニコニコレンタカー松山空港入口店,サービス,その他サービス,5%
愛媛県,松山市,ＮＩＳＨＩＮＡＧＡ,小売業,貴金属・服飾品,5%
愛媛県,松山市,西日本メディカル松山営業所,小売業,その他小売,5%
愛媛県,松山市,ｎｉｊｉｈｏｓｈｉ,小売業,衣料品,5%
愛媛県,松山市,ｎｉｎｏ＇ｓ／／ｂａｒｂｅｒ,サービス,理容・美容業,5%
愛媛県,松山市,日本茶専門カフェ 茶楽,サービス,飲食業,5%
愛媛県,松山市,ネストホテル松山,サービス,宿泊業,5%
愛媛県,松山市,ネッツトヨタ愛媛ＧＲＧａｒａｇｅ松山,小売業,その他小売,5%
愛媛県,松山市,ネッツトヨタ愛媛Ｊ．Ｓｐｏｔ来住,小売業,その他小売,5%
愛媛県,松山市,ネッツトヨタ愛媛Ｊ・Ｓｐｏｔ空港通,小売業,その他小売,5%
愛媛県,松山市,ネッツトヨタ愛媛Ｊ．Ｓｐｏｔ問屋町,小売業,その他小売,5%
愛媛県,松山市,ネッツトヨタ愛媛Ｊ．Ｓｐｏｔ松山インター,小売業,その他小売,5%
愛媛県,松山市,ネッツトヨタ愛媛Ｕステージみどろ,小売業,その他小売,5%
愛媛県,松山市,ネッツトヨタ愛媛レクサス松山インター,小売業,その他小売,5%
愛媛県,松山市,ネッツトヨタ瀬戸内 中央店,小売業,その他小売,5%
愛媛県,松山市,ネッツトヨタ瀬戸内Ｒ－１１松山店,小売業,その他小売,5%
愛媛県,松山市,?のっぴんダイニング?坂の上の猫 坂の上の猫,サービス,飲食業,5%
愛媛県,松山市,Ｂａｒ ＴＳＵＢＡＫＩ,サービス,飲食業,5%
愛媛県,松山市,Ｂａｒ ＴＳＵＢＡＫＩ,サービス,飲食業,5%
愛媛県,松山市,ハートフラッター大街道店,小売業,衣料品,5%
愛媛県,松山市,バーバーズ,サービス,理容・美容業,5%
愛媛県,松山市,バイシクルショップ チャーリー,小売業,その他小売,5%
愛媛県,松山市,ばくろだ酒店,サービス,飲食業,5%
愛媛県,松山市,葉月,サービス,飲食業,5%
愛媛県,松山市,バッグ アクセサリー ワールド 松山 まつちか店,小売業,その他小売,5%
愛媛県,松山市,ＨＡＰＰＹＳＡＬＯＮメルモ,サービス,理容・美容業,5%
愛媛県,松山市,ハートフラッター 大街道店,小売業,衣料品,5%
愛媛県,松山市,ｈａｎａｉｃｈｉ,小売業,その他小売,5%
愛媛県,松山市,はな動物病院,サービス,その他サービス,5%
愛媛県,松山市,ＰＡＲＩＧＯＴ松山,小売業,衣料品,5%
愛媛県,松山市,ＰＡＲＩＧＯＴ 松山,小売業,衣料品,5%
愛媛県,松山市,パルテ正岡,小売業,電化製品,5%
愛媛県,松山市,パルテ三原,小売業,電化製品,5%
愛媛県,松山市,明屋書店 石井店,小売業,書籍・玩具・音楽ＣＤ,5%
愛媛県,松山市,明屋書店 石井店,小売業,その他小売,5%
愛媛県,松山市,明屋書店 空港通店,小売業,書籍・玩具・音楽ＣＤ,5%
愛媛県,松山市,明屋書店 空港通り店,小売業,その他小売,5%
愛媛県,松山市,明屋書店 中央通店,小売業,書籍・玩具・音楽ＣＤ,5%
愛媛県,松山市,明屋書店 中央通店,小売業,その他小売,5%
愛媛県,松山市,明屋書店 平井店,小売業,書籍・玩具・音楽ＣＤ,5%
愛媛県,松山市,明屋書店 平田店,小売業,その他小売,5%
愛媛県,松山市,明屋書店 松山本店,小売業,書籍・玩具・音楽ＣＤ,5%
愛媛県,松山市,明屋書店 松山本店,小売業,その他小売,5%
愛媛県,松山市,明屋書店 MEGA平田店,小売業,書籍・玩具・音楽ＣＤ,5%
愛媛県,松山市,明屋書店ＭＥＧＡ平田店,小売業,その他小売,5%
愛媛県,松山市,ハン伸有限会社,小売業,その他小売,5%
愛媛県,松山市,パンのある暮らし Ｐｅｔｉｔ Ｐａｒｉｓ ｐｅｔｉｔｐａｒｉｓ,小売業,食料品,5%
愛媛県,松山市,Ｖｉａｇｅ 【ビアージュ】,サービス,理容・美容業,5%
愛媛県,松山市,ＢＭＯ松山天山店,小売業,衣料品,5%
愛媛県,松山市,Ｂーｓｉｇｈｔ,サービス,飲食業,5%
愛媛県,松山市,久枝ＳＳ,小売業,ガソリンスタンド,2%
愛媛県,松山市,ＢＩＳＴＲＯ ＫＯＪＩ,サービス,飲食業,5%
愛媛県,松山市,ビッグウェーブ松山店,小売業,その他小売,5%
愛媛県,松山市,ビッグウッド ＦＣ松山北店,小売業,家具・調度品,2%
愛媛県,松山市,びっくりドンキー衣山店,サービス,飲食業,2%
愛媛県,松山市,ビデオ四国総合サービス,小売業,電化製品,5%
愛媛県,松山市,ヒヒーン肉バル 馬肉博士 ｏｎｌｙ ｏｎｅ,サービス,飲食業,5%
愛媛県,松山市,ひまわり代行,サービス,運輸業,5%
愛媛県,松山市,ひめや,小売業,その他小売,5%
愛媛県,松山市,１００円プラザ 三津店,小売業,衣料品,5%
愛媛県,松山市,１００円プラザ 南松山店,小売業,衣料品,5%
愛媛県,松山市,ＰｕｒｅＡｒｏｍａＳｐａｃｅＡｎｈｅｌｏ,サービス,理容・美容業,5%
愛媛県,松山市,ビューティープロデュース華みずき,サービス,理容・美容業,5%
愛媛県,松山市,美容室 和楽,サービス,理容・美容業,5%
愛媛県,松山市,美容室ＰＡＬ,サービス,理容・美容業,5%
愛媛県,松山市,美容室ＰＡＬ,サービス,理容・美容業,5%
愛媛県,松山市,ひよこ,サービス,飲食業,5%
愛媛県,松山市,株式会社平井のたねもの屋,小売業,その他小売,5%
愛媛県,松山市,ぶぁいく屋Ｆ倶楽部,小売業,その他小売,5%
愛媛県,松山市,ぶぁいく屋Ｆ本店,小売業,その他小売,5%
愛媛県,松山市,ファッションドライ神田屋,サービス,その他サービス,5%
愛媛県,松山市,ＦＡＢＥＲ,小売業,その他小売,5%
愛媛県,松山市,ｆｅｌｉｃｅ,サービス,理容・美容業,5%
愛媛県,松山市,ｓｔｕｄｉｏ．ＴＲａｄｂｏＸ,その他業種,ー,5%
愛媛県,松山市,フォルテシザーズ,小売業,その他小売,5%
愛媛県,松山市,Ｆｏｒｔｕｎａ,サービス,飲食業,5%
愛媛県,松山市,福島化学松山,サービス,その他サービス,5%
愛媛県,松山市,富士教材,小売業,書籍・玩具・音楽ＣＤ,5%
愛媛県,松山市,Books Haruya Spirits 石手店,小売業,書籍・玩具・音楽ＣＤ,5%
愛媛県,松山市,ブックスハルヤスピリッツ石手店,小売業,その他小売,5%
愛媛県,松山市,ふなや,サービス,宿泊業,5%
愛媛県,松山市,ふなや 株式会社 時の名所,サービス,宿泊業,5%
愛媛県,松山市,プライベートサロンＭｉｃｃｏｒｏ,サービス,理容・美容業,5%
愛媛県,松山市,ＦｒａｎｇｉＰａｎｉ．,サービス,理容・美容業,5%
愛媛県,松山市,ブランチコーヒー ツバキ,サービス,飲食業,5%
愛媛県,松山市,プランドゥヴィ プランドゥヴィ松山店,小売業,衣料品,5%
愛媛県,松山市,Ｆｒｅａｋ ｓ ＰＩＴ,小売業,その他小売,5%
愛媛県,松山市,（有）フリーダム,小売業,その他小売,5%
愛媛県,松山市,ＦＲＥＥＭＡＮ,小売業,衣料品,5%
愛媛県,松山市,ＢＲＩＣＫＨＡＩＲ＆ＳＰＡ松山,サービス,理容・美容業,5%
愛媛県,松山市,ブルバード,サービス,飲食業,5%
愛媛県,松山市,フレイムス ヘア デザイン,サービス,理容・美容業,5%
愛媛県,松山市,フレッシュバリュー銀天街店,小売業,食料品,5%
愛媛県,松山市,フレッシュバリュー松山店,小売業,食料品,5%
愛媛県,松山市,フレッシュバリューラヴィ松山店,小売業,食料品,5%
愛媛県,松山市,ＦＶ銀天街店,小売業,食料品,5%
愛媛県,松山市,ＦＶラヴィ松山店,小売業,食料品,5%
愛媛県,松山市,プレミアイン松山,サービス,宿泊業,5%
愛媛県,松山市,ＦＲＯＧ ＧＯＬＦ,小売業,その他小売,5%
愛媛県,松山市,フローラエミリ,小売業,その他小売,5%
愛媛県,松山市,フローラサラ,小売業,その他小売,5%
愛媛県,松山市,フローラソフィー,小売業,その他小売,5%
愛媛県,松山市,フローラプリシラ,小売業,その他小売,5%
愛媛県,松山市,Ｈａｉｒ １２ Ｐａｇｅ,サービス,理容・美容業,5%
愛媛県,松山市,ｈａｉｒ ｍａｋｅ Ｖｉａｇｅ Ｖｉａｇｅ,サービス,理容・美容業,5%
愛媛県,松山市,ｈａｉｒ ｓａｌｏｎ ＤａＤａ,サービス,理容・美容業,5%
愛媛県,松山市,ｈａｉｒ ｓａｌｏｎ Ｄａｉｓｙ,サービス,理容・美容業,5%
愛媛県,松山市,ｈａｉｒ’ｓ Ｂｒｉ?ａｇｅ,サービス,理容・美容業,5%
愛媛県,松山市,ヘアスタイリングＣＬＵＢリジェ ヘアスタイリングＣＬＵＢリジェ,サービス,理容・美容業,5%
愛媛県,松山市,ＨＡＩＲＰＲＯＤＵＣＥＧｉｆｔ,サービス,理容・美容業,5%
愛媛県,松山市,平和通ＳＳ,小売業,ガソリンスタンド,2%
愛媛県,松山市,ＢＡＳＥ,小売業,衣料品,5%
愛媛県,松山市,ペットＳｔｅｐ 松山枝松店,小売業,その他小売,5%
愛媛県,松山市,ペットＳｔｅｐ 松山余戸店,小売業,その他小売,5%
愛媛県,松山市,別府ＳＳ,小売業,ガソリンスタンド,2%
愛媛県,松山市,セブン－イレブン北条片山店,小売業,食料品,2%
愛媛県,松山市,セブン－イレブン北条土手内店,小売業,食料品,2%
愛媛県,松山市,保免ＳＳ 藤村石油株式会社,小売業,ガソリンスタンド,2%
愛媛県,松山市,ＢｕｏｎｏＲｅｇａｌｏ,サービス,飲食業,5%
愛媛県,松山市,ホテル パティオ・ドウゴ,サービス,宿泊業,5%
愛媛県,松山市,ホテルアゼリア 松山,サービス,宿泊業,5%
愛媛県,松山市,ホテル古湧園 遥,サービス,宿泊業,5%
愛媛県,松山市,ホテル椿館,サービス,宿泊業,5%
愛媛県,松山市,ホテル椿館,サービス,宿泊業,5%
愛媛県,松山市,ホテル椿館 別館,サービス,宿泊業,5%
愛媛県,松山市,ＢＯＢ．ＢＩＳＨ Ｍ．ｔｈｅｏｒｙ,サービス,理容・美容業,5%
愛媛県,松山市,本格薬膳火鍋 百楊,サービス,飲食業,5%
愛媛県,松山市,マクドナルド１９６松山北店,サービス,飲食業,2%
愛媛県,松山市,マクドナルド５６号余戸店,サービス,飲食業,2%
愛媛県,松山市,マクドナルド１１号松山店,サービス,飲食業,2%
愛媛県,松山市,マクドナルドフジグラン松山店,サービス,飲食業,2%
愛媛県,松山市,マクドナルド北条マルナカ店,サービス,飲食業,2%
愛媛県,松山市,マクドナルド松山枝松店,サービス,飲食業,2%
愛媛県,松山市,マクドナルド松山大街道店,サービス,飲食業,2%
愛媛県,松山市,マクドナルド松山中央通り店,サービス,飲食業,2%
愛媛県,松山市,マクドナルド松山三津浜店,サービス,飲食業,2%
愛媛県,松山市,股旅工房,その他業種,ー,5%
愛媛県,松山市,松岡自動車商会,サービス,その他サービス,5%
愛媛県,松山市,mac 久米調剤薬局,小売業,その他小売,5%
愛媛県,松山市,ｍａｃ鴨川店,小売業,その他小売,5%
愛媛県,松山市,Ｍａｘ ｆｒｉｔｚ 松山店,小売業,衣料品,5%
愛媛県,松山市,ｍａｃ畑寺店,小売業,その他小売,5%
愛媛県,松山市,ｍａｃ古川店,小売業,その他小売,5%
愛媛県,松山市,ｍａｃ山越店,小売業,その他小売,5%
愛媛県,松山市,ｍａｃ余戸店,小売業,その他小売,5%
愛媛県,松山市,セブン－イレブン松山天山店,小売業,食料品,2%
愛媛県,松山市,セブン－イレブン松山井門町店,小売業,食料品,2%
愛媛県,松山市,セブン－イレブン松山今在家町店,小売業,食料品,2%
愛媛県,松山市,セブン－イレブン松山祝谷４丁目店,小売業,食料品,2%
愛媛県,松山市,セブン－イレブン松山永代町店,小売業,食料品,2%
愛媛県,松山市,松山ＳＳ,小売業,ガソリンスタンド,2%
愛媛県,松山市,セブン－イレブン松山大街道１丁目店,小売業,食料品,2%
愛媛県,松山市,松山北ＳＳ,小売業,ガソリンスタンド,2%
愛媛県,松山市,セブン－イレブン松山北吉田店,小売業,食料品,2%
愛媛県,松山市,セブン－イレブン松山銀天街店,小売業,食料品,2%
愛媛県,松山市,松山空港通ＳＳ,小売業,ガソリンスタンド,2%
愛媛県,松山市,セブン－イレブン松山空港通６丁目店,小売業,食料品,2%
愛媛県,松山市,松山久万ノ台ＳＳ,小売業,ガソリンスタンド,2%
愛媛県,松山市,セブン－イレブン松山三番町１丁目店,小売業,食料品,2%
愛媛県,松山市,セブン－イレブン松山清水町１丁目店,小売業,食料品,2%
愛媛県,松山市,セブン－イレブン松山城ロープウェイ街店,小売業,食料品,2%
愛媛県,松山市,セブン－イレブン松山新石手店,小売業,食料品,2%
愛媛県,松山市,セブン－イレブン松山大学前店,小売業,食料品,2%
愛媛県,松山市,セブン－イレブン松山竹原町店,小売業,食料品,2%
愛媛県,松山市,セブン－イレブン松山立花１丁目店,小売業,食料品,2%
愛媛県,松山市,セブンーイレブン松山千舟町２丁目店,小売業,食料品,2%
愛媛県,松山市,セブン－イレブン松山中央１丁目店,小売業,食料品,2%
愛媛県,松山市,セブン－イレブン松山中央郵便局前店,小売業,食料品,2%
愛媛県,松山市,セブン－イレブン松山束本１丁目店,小売業,食料品,2%
愛媛県,松山市,セブン－イレブン松山椿参道店,小売業,食料品,2%
愛媛県,松山市,セブン－イレブン松山土居田西店,小売業,食料品,2%
愛媛県,松山市,セブン－イレブン松山道後今市店,小売業,食料品,2%
愛媛県,松山市,セブン－イレブン松山道後喜多町店,小売業,食料品,2%
愛媛県,松山市,セブン－イレブン松山富久町店,小売業,食料品,2%
愛媛県,松山市,セブン－イレブン松山西長戸町店,小売業,食料品,2%
愛媛県,松山市,セブン－イレブン松山西垣生店,小売業,食料品,2%
愛媛県,松山市,松山ニューグランドホテル,サービス,宿泊業,5%
愛媛県,松山市,松山東 ＳＳ,小売業,ガソリンスタンド,2%
愛媛県,松山市,セブン－イレブン松山福音寺町店,小売業,食料品,2%
愛媛県,松山市,セブン－イレブン松山古川北１丁目店,小売業,食料品,2%
愛媛県,松山市,セブン－イレブン松山古三津３丁目店,小売業,食料品,2%
愛媛県,松山市,セブン－イレブン松山美沢店,小売業,食料品,2%
愛媛県,松山市,セブン－イレブン松山三津浜港前店,小売業,食料品,2%
愛媛県,松山市,松山南ＳＳ,小売業,ガソリンスタンド,2%
愛媛県,松山市,セブン－イレブン松山南堀端町店,小売業,食料品,2%
愛媛県,松山市,セブン－イレブン松山南吉田町店,小売業,食料品,2%
愛媛県,松山市,松山メーター株式会社,サービス,その他サービス,5%
愛媛県,松山市,セブン－イレブン松山湯の山店,小売業,食料品,2%
愛媛県,松山市,セブン－イレブン松山湯渡町店,小売業,食料品,2%
愛媛県,松山市,豆吉本舗 道後店,小売業,食料品,5%
愛媛県,松山市,まるい,サービス,飲食業,5%
愛媛県,松山市,三浦菓子店,サービス,飲食業,5%
愛媛県,松山市,ｍｉｏどばしＳＳ,小売業,ガソリンスタンド,2%
愛媛県,松山市,みかんの木,小売業,総合（非専門）,5%
愛媛県,松山市,３ｔａ２ｇａｌｌｅｒｙ,小売業,衣料品,5%
愛媛県,松山市,三津 ＳＳ,小売業,ガソリンスタンド,2%
愛媛県,松山市,ｍｉｔｒａ１ｓｔ,サービス,飲食業,5%
愛媛県,松山市,ミモザ フジグラン松山店,小売業,衣料品,5%
愛媛県,松山市,ミモザ イオン松山店,小売業,衣料品,5%
愛媛県,松山市,宮脇書店 フジ垣生店,小売業,書籍・玩具・音楽ＣＤ,5%
愛媛県,松山市,宮脇書店 フジ姫原店,小売業,書籍・玩具・音楽ＣＤ,5%
愛媛県,松山市,宮脇書店 束本店,小売業,書籍・玩具・音楽ＣＤ,5%
愛媛県,松山市,美湯のやかた 夢寛歩 道後,サービス,宿泊業,5%
愛媛県,松山市,無印良品 松山,小売業,その他小売,2%
愛媛県,松山市,ｍａｋｅ ｍｙ ｄａｙ,小売業,衣料品,5%
愛媛県,松山市,メガネのアイ・アイ・エー久米店,小売業,貴金属・服飾品,5%
愛媛県,松山市,メガネのアイアイエー古川,その他業種,ー,5%
愛媛県,松山市,メガネのアイーアイーエー竹原店,小売業,貴金属・服飾品,5%
愛媛県,松山市,メガネの田中 イオン松山店,小売業,その他小売,5%
愛媛県,松山市,メガネの田中 フジグラン松山店,小売業,その他小売,5%
愛媛県,松山市,メガネの田中 松山本店,小売業,その他小売,5%
愛媛県,松山市,メガネバスター 平和通り店,小売業,その他小売,5%
愛媛県,松山市,ｍａｉｓｏｎ,サービス,理容・美容業,5%
愛媛県,松山市,メディアボム 衣山店,サービス,その他サービス,5%
愛媛県,松山市,メディカルエステＶａｒｎｉｓｈ,サービス,理容・美容業,5%
愛媛県,松山市,メディカルサロン ＥＳＴＦＥＥ,小売業,その他小売,5%
愛媛県,松山市,麺人,サービス,飲食業,5%
愛媛県,松山市,麺屋いろどり,サービス,飲食業,5%
愛媛県,松山市,ＭＯＡＩ,小売業,食料品,5%
愛媛県,松山市,モータリングケアワークス,小売業,その他小売,5%
愛媛県,松山市,モードブルージュ松山店,小売業,衣料品,5%
愛媛県,松山市,もみかる松山和泉南店,サービス,その他サービス,5%
愛媛県,松山市,モリカメラ久米店,小売業,その他小売,5%
愛媛県,松山市,森商事,その他業種,ー,5%
愛媛県,松山市,森松 ＳＳ,小売業,ガソリンスタンド,2%
愛媛県,松山市,八百マート,小売業,総合（非専門）,5%
愛媛県,松山市,焼き鳥 鳥よし,サービス,飲食業,5%
愛媛県,松山市,よつば屋本町店,サービス,飲食業,5%
愛媛県,松山市,焼肉二番亭,サービス,飲食業,5%
愛媛県,松山市,焼肉ハラミ屋,サービス,飲食業,5%
愛媛県,松山市,山おか,サービス,飲食業,5%
愛媛県,松山市,山田屋まんじゅう 道後温泉店,小売業,食料品,5%
愛媛県,松山市,山田屋まんじゅう 本社,小売業,食料品,5%
愛媛県,松山市,山田屋まんじゅう 松山店,小売業,食料品,5%
愛媛県,松山市,山田屋まんじゅう ロープウェイ街店,小売業,食料品,5%
愛媛県,松山市,大和屋本店,サービス,宿泊業,5%
愛媛県,松山市,有限会社 ギフト もりたか ギフト もりたか,小売業,総合（非専門）,5%
愛媛県,松山市,有限会社アベ冷熱技研,サービス,その他サービス,5%
愛媛県,松山市,有限会社伊藤設備,サービス,その他サービス,5%
愛媛県,松山市,有限会社カーピットオカザキ,小売業,その他小売,5%
愛媛県,松山市,有限会社鴻池玉泉堂,小売業,その他小売,5%
愛媛県,松山市,有限会社中野自動車 有限会社 中野自動車,サービス,その他サービス,5%
愛媛県,松山市,有限会社ホテルニューカジワラ,サービス,宿泊業,5%
愛媛県,松山市,ＹＯＵＳＨＯＰバイクロード,小売業,その他小売,5%
愛媛県,松山市,ゆうぼくＮＯＭＡＤＩＣ,サービス,飲食業,5%
愛媛県,松山市,ゆめ であい まつやま工房,サービス,飲食業,5%
愛媛県,松山市,ｈｕｌｏｔ ユロ ｈｕｌｏｔ ユロ,小売業,食料品,5%
愛媛県,松山市,湯渡町ＳＳ,小売業,ガソリンスタンド,2%
愛媛県,松山市,洋菓子専門店 ソルシエ,小売業,食料品,5%
愛媛県,松山市,余戸パークいまい,小売業,ガソリンスタンド,2%
愛媛県,松山市,ｙｏｇｉｎｉａ,サービス,その他サービス,5%
愛媛県,松山市,余戸ＳＳ 篠崎泰夫,小売業,ガソリンスタンド,2%
愛媛県,松山市,らーめん一直 らーめん一直,サービス,飲食業,5%
愛媛県,松山市,ライダースショップ サニーロード,小売業,その他小売,5%
愛媛県,松山市,ライダースショップサニーロード,小売業,その他小売,5%
愛媛県,松山市,ライフ・アドヴァイス・サービス株式会社,サービス,その他サービス,5%
愛媛県,松山市,らしんばん 松山店,小売業,その他小売,5%
愛媛県,松山市,Ｌｕｃｋ Ｔａｉｌ 西日本 Ｌｕｃｋ Ｔａｉｌ,小売業,その他小売,5%
愛媛県,松山市,ＲａｂｂｉｔＢａｌｌｏｏｎ,小売業,その他小売,5%
愛媛県,松山市,ラポールはなみずき店,小売業,食料品,5%
愛媛県,松山市,ラポール本店,小売業,食料品,5%
愛媛県,松山市,らーめんＢＡＲ茜屋,サービス,飲食業,5%
愛媛県,松山市,ラ ルーチェ,その他業種,ー,5%
愛媛県,松山市,リーガルシューズ大街道店,小売業,衣料品,2%
愛媛県,松山市,リーガルシューズ 松山大街道店,小売業,衣料品,5%
愛媛県,松山市,リトルマーメイド 石井店,小売業,食料品,5%
愛媛県,松山市,リトルマーメイド 別府店,小売業,食料品,5%
愛媛県,松山市,リトルマーメイド 南江戸店,小売業,食料品,5%
愛媛県,松山市,リフレージュ,サービス,その他サービス,5%
愛媛県,松山市,理容タバタ,サービス,理容・美容業,5%
愛媛県,松山市,料理庵 ごんどう,サービス,飲食業,5%
愛媛県,松山市,りんろんらん,サービス,飲食業,5%
愛媛県,松山市,ＲＯＵＴＥ,サービス,理容・美容業,5%
愛媛県,松山市,ルーナ・クレシェンテ,サービス,理容・美容業,5%
愛媛県,松山市,ＲＵＬＵＳ,サービス,理容・美容業,5%
愛媛県,松山市,レクサス松山城北,小売業,その他小売,5%
愛媛県,松山市,ｓｏａｒ,サービス,飲食業,5%
愛媛県,松山市,レディースファッション Ｍａ Ｃｈｅｒｉｅ 三津店,小売業,衣料品,5%
愛媛県,松山市,６? ＲＯＧＵ?,サービス,理容・美容業,5%
愛媛県,松山市,六時屋 道後店,小売業,食料品,5%
愛媛県,松山市,ｒｏｄａｎ?ｃａｆｆｅ 柳井町店,小売業,食料品,5%
愛媛県,松山市,炉ばた料理助格二番町店,サービス,飲食業,5%
愛媛県,松山市,炉ばた料理助格天山店,サービス,飲食業,5%
愛媛県,松山市,炉ばた料理助格三番町店,サービス,飲食業,5%
愛媛県,松山市,炉ばた料理助格湊町店,サービス,飲食業,5%
愛媛県,松山市,ロマンティックダイナーロコ,サービス,飲食業,5%
愛媛県,松山市,和気 ＳＳ,小売業,ガソリンスタンド,2%
愛媛県,松山市,笑酒場いっけん,サービス,飲食業,5%
愛媛県,八幡浜市,アスリートロッカーフジグラン北浜店,小売業,衣料品,5%
愛媛県,八幡浜市,アスリートロッカー フジグラン北浜店,小売業,衣料品,5%
愛媛県,八幡浜市,ａｎｉｃｅ,サービス,理容・美容業,5%
愛媛県,八幡浜市,出光八幡浜東ＳＳ,小売業,ガソリンスタンド,2%
愛媛県,八幡浜市,エースワン 八幡浜店,小売業,食料品,5%
愛媛県,八幡浜市,愛媛南部ヤクルト販売 八幡浜センター,小売業,食料品,5%
愛媛県,八幡浜市,月天,サービス,飲食業,5%
愛媛県,八幡浜市,川之石ＳＳ,小売業,ガソリンスタンド,2%
愛媛県,八幡浜市,くずし鳥津 イベント用,小売業,食料品,5%
愛媛県,八幡浜市,コオノヤ,小売業,その他小売,5%
愛媛県,八幡浜市,Ｊａｚｚ＆Ｃｏｃｋｔａｉｌロン,サービス,飲食業,5%
愛媛県,八幡浜市,旬香,小売業,食料品,5%
愛媛県,八幡浜市,新町電器,小売業,電化製品,5%
愛媛県,八幡浜市,千丈ＳＳ,小売業,ガソリンスタンド,2%
愛媛県,八幡浜市,谷本蒲鉾店,小売業,食料品,5%
愛媛県,八幡浜市,トータルファッションアサイ,小売業,衣料品,5%
愛媛県,八幡浜市,トヨタカローラ愛媛八幡浜店,小売業,その他小売,5%
愛媛県,八幡浜市,ナカタ電器,小売業,電化製品,5%
愛媛県,八幡浜市,ネッツトヨタ愛媛Ｊ．Ｓｐｏｔ八幡浜,小売業,その他小売,5%
愛媛県,八幡浜市,明屋書店 八幡浜店,小売業,書籍・玩具・音楽ＣＤ,5%
愛媛県,八幡浜市,ビューティーサロンレナ,サービス,理容・美容業,5%
愛媛県,八幡浜市,Ｈａｉｒ Ｔ?ｋａ,サービス,理容・美容業,5%
愛媛県,八幡浜市,保内ＳＳ,小売業,ガソリンスタンド,2%
愛媛県,八幡浜市,ｍａｃ保内店,小売業,その他小売,5%
愛媛県,八幡浜市,コダテル,サービス,その他サービス,5%
愛媛県,八幡浜市,ミモザ フジグラン北浜店,小売業,衣料品,5%
愛媛県,八幡浜市,宮内 ＳＳ,小売業,ガソリンスタンド,2%
愛媛県,八幡浜市,八幡浜駅前ＳＳ,小売業,ガソリンスタンド,2%
愛媛県,八幡浜市,八幡浜ＳＳ,小売業,ガソリンスタンド,2%
愛媛県,八幡浜市,セブン－イレブン八幡浜産業通店,小売業,食料品,2%
愛媛県,八幡浜市,レゾン・ドゥ・ビーブル,小売業,衣料品,5%
