滋賀県,愛荘町,セブン－イレブン愛荘町市店,小売業,食料品,2%
滋賀県,愛荘町,出光セルフ愛知川ＳＳ,小売業,ガソリンスタンド,2%
滋賀県,愛荘町,セブン－イレブン愛知川豊満店,小売業,食料品,2%
滋賀県,愛荘町,愛知酒造有限会社,サービス,飲食業,5%
滋賀県,愛荘町,キタムラＤＥＮＫＩ,小売業,電化製品,5%
滋賀県,愛荘町,京屋クリーニング アモール店 平和堂愛知川店内 アモール店 緊急用,サービス,その他サービス,5%
滋賀県,愛荘町,滋賀トヨペットＳａｔ愛知川,小売業,その他小売,5%
滋賀県,愛荘町,スタジオタカダ,サービス,その他サービス,5%
滋賀県,愛荘町,塚本楽器,小売業,その他小売,5%
滋賀県,愛荘町,セルフ豊国,小売業,ガソリンスタンド,2%
滋賀県,愛荘町,セブン－イレブン秦荘安孫子店,小売業,食料品,2%
滋賀県,愛荘町,フォーユー愛知川ＳＳ,小売業,ガソリンスタンド,2%
滋賀県,愛荘町,Ｆｌａｒｅ Ｋ,サービス,理容・美容業,5%
滋賀県,愛荘町,フレンズ 愛知川店,小売業,衣料品,5%
滋賀県,愛荘町,ベルスールタカダ,小売業,貴金属・服飾品,5%
滋賀県,愛荘町,丸中醤油株式会社,小売業,食料品,5%
滋賀県,愛荘町,ｙｕｎ,サービス,理容・美容業,5%
滋賀県,愛荘町,ＲＣＨＥ ＨＡＴＴＡ,小売業,食料品,5%
滋賀県,近江八幡市,Ａｇｕ ｈａｉｒ Ａｇｕ ｈａｉｒ ｃｈｅｒｉｅ近江八幡,サービス,理容・美容業,5%
滋賀県,近江八幡市,東燃料古川ＳＳ,小売業,ガソリンスタンド,2%
滋賀県,近江八幡市,安土ＳＳ 有限会社塚又商店,小売業,ガソリンスタンド,2%
滋賀県,近江八幡市,セブン－イレブン安土常楽寺店,小売業,食料品,2%
滋賀県,近江八幡市,ＥＣＣ ジュニア 島教室,サービス,その他サービス,5%
滋賀県,近江八幡市,出光グリーンアップル近江八幡ＳＳ,小売業,ガソリンスタンド,2%
滋賀県,近江八幡市,ウェブビーチクラブ,小売業,その他小売,5%
滋賀県,近江八幡市,Ｎ,サービス,理容・美容業,5%
滋賀県,近江八幡市,ＡＢホテル近江八幡,サービス,宿泊業,5%
滋賀県,近江八幡市,セブン－イレブン近江八幡池田本町店,小売業,食料品,2%
滋賀県,近江八幡市,セブン－イレブン近江八幡江頭町店,小売業,食料品,2%
滋賀県,近江八幡市,セブン－イレブン近江八幡駅東店,小売業,食料品,2%
滋賀県,近江八幡市,セブン－イレブン近江八幡桜宮町店,小売業,食料品,2%
滋賀県,近江八幡市,セブン－イレブン近江八幡白鳥町店,小売業,食料品,2%
滋賀県,近江八幡市,近江八幡ステーションホテル,サービス,宿泊業,5%
滋賀県,近江八幡市,セブン－イレブン近江八幡千僧供町店,小売業,食料品,2%
滋賀県,近江八幡市,近江八幡多賀ＳＳ,小売業,ガソリンスタンド,2%
滋賀県,近江八幡市,セブン－イレブン近江八幡鷹飼町店,小売業,食料品,2%
滋賀県,近江八幡市,セブン－イレブン近江八幡土田町店,小売業,食料品,2%
滋賀県,近江八幡市,セブン－イレブン近江八幡野田町店,小売業,食料品,2%
滋賀県,近江八幡市,近江八幡南,小売業,ガソリンスタンド,2%
滋賀県,近江八幡市,セブン－イレブン近江八幡若宮町店,小売業,食料品,2%
滋賀県,近江八幡市,大西電機工業所,小売業,電化製品,5%
滋賀県,近江八幡市,オクノ電化,小売業,電化製品,5%
滋賀県,近江八幡市,お好み焼はここやねん 近江八幡店,サービス,飲食業,5%
滋賀県,近江八幡市,オリックスレンタカー近江八幡店,サービス,その他サービス,2%
滋賀県,近江八幡市,ｃａｆｅ ＮＩＣＯ,サービス,飲食業,5%
滋賀県,近江八幡市,株式会社 伊藤仏壇 八幡店,小売業,その他小売,5%
滋賀県,近江八幡市,株式会社長命寺タクシー,サービス,運輸業,5%
滋賀県,近江八幡市,株式会社とらわか,小売業,食料品,5%
滋賀県,近江八幡市,カレーハウスＣｏＣｏ壱番屋近江八幡サウスモール店,サービス,飲食業,2%
滋賀県,近江八幡市,乾杯スタジアム 近江八幡店,小売業,食料品,5%
滋賀県,近江八幡市,業務スーパー近江八幡店,小売業,食料品,2%
滋賀県,近江八幡市,京屋クリーニング フレンドマート安土店 京屋クリーニング安土店,サービス,その他サービス,5%
滋賀県,近江八幡市,串春近江八幡駅前店,サービス,飲食業,5%
滋賀県,近江八幡市,ＧＲＡＮＴ ＨＡＩＲ,サービス,理容・美容業,5%
滋賀県,近江八幡市,ゲストハウス縁,サービス,その他サービス,5%
滋賀県,近江八幡市,セブンーイレブンＫＯＹＯ近江八幡総合医療センター店,小売業,食料品,2%
滋賀県,近江八幡市,サンクスＰＣ,サービス,その他サービス,5%
滋賀県,近江八幡市,滋賀３６０,サービス,その他サービス,5%
滋賀県,近江八幡市,滋賀自工株式会社五ケ荘ＳＳ,小売業,ガソリンスタンド,2%
滋賀県,近江八幡市,滋賀トヨペット近江八幡店,小売業,その他小売,5%
滋賀県,近江八幡市,しゅおん近江八幡,サービス,その他サービス,5%
滋賀県,近江八幡市,ジュネス・メイジヤ,小売業,貴金属・服飾品,5%
滋賀県,近江八幡市,ジュネス・メイジヤ,小売業,その他小売,5%
滋賀県,近江八幡市,昭和電器,小売業,電化製品,5%
滋賀県,近江八幡市,ＳＴＡＮＤＨＥＭ ＳＴＡＮＤ ＨＥＭ,サービス,理容・美容業,5%
滋賀県,近江八幡市,ステーキハウスＲＩＧＩ,サービス,飲食業,5%
滋賀県,近江八幡市,スミ利文具店,小売業,その他小売,5%
滋賀県,近江八幡市,セルフ＆カーケアセンター八幡西庄,小売業,ガソリンスタンド,2%
滋賀県,近江八幡市,ソムリエの薬剤師がやってるお店です。,その他業種,ー,5%
滋賀県,近江八幡市,ダイニングキッチン ギフト,サービス,飲食業,5%
滋賀県,近江八幡市,タカモリ 駅前本店,小売業,その他小売,5%
滋賀県,近江八幡市,竹内モータース,サービス,その他サービス,5%
滋賀県,近江八幡市,たにぐち米穀店 たにぐち米穀,小売業,食料品,5%
滋賀県,近江八幡市,中華屋悟空 中華屋悟空,サービス,飲食業,5%
滋賀県,近江八幡市,トヨタレンタリース滋賀近江八幡店,サービス,その他サービス,2%
滋賀県,近江八幡市,中川石油上田,小売業,ガソリンスタンド,2%
滋賀県,近江八幡市,長門産業有限会社,小売業,電化製品,5%
滋賀県,近江八幡市,中野電機商会,小売業,電化製品,5%
滋賀県,近江八幡市,中野電機商会駅前店,小売業,電化製品,5%
滋賀県,近江八幡市,中野電機商会本店,小売業,電化製品,5%
滋賀県,近江八幡市,ニュー近江八幡ＳＳ,小売業,ガソリンスタンド,2%
滋賀県,近江八幡市,Ｂ－ｅａｃｈ,サービス,理容・美容業,5%
滋賀県,近江八幡市,ひさご寿し,サービス,飲食業,5%
滋賀県,近江八幡市,美容室Ｋｅｙ,サービス,理容・美容業,5%
滋賀県,近江八幡市,美容室Ｋｅｙ,サービス,理容・美容業,5%
滋賀県,近江八幡市,ファッションイオカ,小売業,衣料品,5%
滋賀県,近江八幡市,フォーユー近江八幡ＳＳ,小売業,ガソリンスタンド,2%
滋賀県,近江八幡市,ＢＯＯＫＯＦＦ 近江八幡店,小売業,総合（非専門）,2%
滋賀県,近江八幡市,ふとんタナカ サウスモール近江八幡店,小売業,その他小売,5%
滋賀県,近江八幡市,ふとんのマツムラ 近江八幡店,小売業,その他小売,5%
滋賀県,近江八幡市,ヘアーサロン ヨネヤマ,サービス,理容・美容業,5%
滋賀県,近江八幡市,ヘアーサロンヨネヤマ,サービス,理容・美容業,5%
滋賀県,近江八幡市,ＢＶＥ 近江八幡店 ー 燃料 ー,小売業,ガソリンスタンド,2%
滋賀県,近江八幡市,ホテルニューオウミ,サービス,宿泊業,5%
滋賀県,近江八幡市,牧ＳＳ 有限会社デヤシキ石油店,小売業,ガソリンスタンド,2%
滋賀県,近江八幡市,マクドナルドイオン近江八幡店,サービス,飲食業,2%
滋賀県,近江八幡市,マクドナルド近江八幡店,サービス,飲食業,2%
滋賀県,近江八幡市,マクドナルド８号線近江八幡店,サービス,飲食業,2%
滋賀県,近江八幡市,マルハチＤＥＮＫＩ,小売業,電化製品,5%
滋賀県,近江八幡市,ミノル,小売業,貴金属・服飾品,5%
滋賀県,近江八幡市,みやがわデンキ,小売業,電化製品,5%
滋賀県,近江八幡市,やまもとでんき,小売業,電化製品,5%
滋賀県,近江八幡市,有限会社 清寿家,小売業,食料品,5%
滋賀県,近江八幡市,有限会社ムッシュリュウマ,サービス,理容・美容業,5%
滋賀県,近江八幡市,和田産業,サービス,その他サービス,5%
滋賀県,大津市,秋吉 大津店,サービス,飲食業,5%
滋賀県,大津市,Ａｇｕ ｈａｉｒ Ａｇｕ ｈａｉｒ ｅｓｔａ大津,サービス,理容・美容業,5%
滋賀県,大津市,ＡＣＣＯＬＥ ｃｈｅｒｉ,サービス,理容・美容業,5%
滋賀県,大津市,アーサーコーポレーション,小売業,その他小売,5%
滋賀県,大津市,浅田電気商会,小売業,電化製品,5%
滋賀県,大津市,あそびば 真野店,サービス,その他サービス,5%
滋賀県,大津市,アトム電器 四の宮 小山店 アトム電器四ノ宮店,小売業,電化製品,5%
滋賀県,大津市,アミティ,小売業,その他小売,5%
滋賀県,大津市,アミング大津瀬田店,小売業,その他小売,5%
滋賀県,大津市,アヤハレークサイドホテル,サービス,宿泊業,5%
滋賀県,大津市,アヤハレークサイドホテル,サービス,宿泊業,5%
滋賀県,大津市,アロハキッチン,サービス,飲食業,5%
滋賀県,大津市,池見商店,小売業,食料品,5%
滋賀県,大津市,いざかっぱ,サービス,飲食業,5%
滋賀県,大津市,石山ホースマン,サービス,飲食業,5%
滋賀県,大津市,出光石山寺ＳＳ,小売業,ガソリンスタンド,2%
滋賀県,大津市,伊与門,サービス,飲食業,5%
滋賀県,大津市,上野電化,小売業,電化製品,5%
滋賀県,大津市,魚富商店,小売業,食料品,5%
滋賀県,大津市,宇佐美琵琶湖西,小売業,ガソリンスタンド,2%
滋賀県,大津市,エーアイディー 大津店,小売業,家具・調度品,5%
滋賀県,大津市,駅前酒場 御蔵,サービス,飲食業,5%
滋賀県,大津市,エクスピーデザインラボ,サービス,その他サービス,5%
滋賀県,大津市,ＥｎｅＪｅｔ大津ＳＳ,小売業,ガソリンスタンド,2%
滋賀県,大津市,エレショップマツダ,小売業,電化製品,5%
滋賀県,大津市,淡味の膳処洗心寮,小売業,その他小売,5%
滋賀県,大津市,近江麦酒 本店,サービス,飲食業,5%
滋賀県,大津市,セブン－イレブン近江舞子店,小売業,食料品,2%
滋賀県,大津市,大石ＳＳ,小売業,ガソリンスタンド,2%
滋賀県,大津市,大垣書店 ﾌｫﾚｵ大津一里山店,小売業,書籍・玩具・音楽ＣＤ,5%
滋賀県,大津市,大津アレックスシネマ,サービス,その他サービス,5%
滋賀県,大津市,セブン－イレブン大津伊香立公園前店,小売業,食料品,2%
滋賀県,大津市,大津京どうぶつ病院,サービス,その他サービス,5%
滋賀県,大津市,セブン－イレブン大津一里山店,小売業,食料品,2%
滋賀県,大津市,セブン－イレブン大津大江７丁目店,小売業,食料品,2%
滋賀県,大津市,セブン－イレブン大津大萱３丁目店,小売業,食料品,2%
滋賀県,大津市,セブン－イレブン大津仰木の里店,小売業,食料品,2%
滋賀県,大津市,セブン－イレブン大津おごとマリーナ店,小売業,食料品,2%
滋賀県,大津市,セブン－イレブン大津唐崎２丁目店,小売業,食料品,2%
滋賀県,大津市,セブン－イレブン大津木下町店,小売業,食料品,2%
滋賀県,大津市,セブン－イレブン大津国分１丁目店,小売業,食料品,2%
滋賀県,大津市,セブン－イレブン大津大将軍店,小売業,食料品,2%
滋賀県,大津市,セブン－イレブン大津月輪店,小売業,食料品,2%
滋賀県,大津市,セブン－イレブン大津苗鹿店,小売業,食料品,2%
滋賀県,大津市,セブン－イレブン大津螢谷店,小売業,食料品,2%
滋賀県,大津市,セブン－イレブン大津本堅田５丁目店,小売業,食料品,2%
滋賀県,大津市,セブン－イレブン大津松山町店,小売業,食料品,2%
滋賀県,大津市,セブン－イレブン大津真野４丁目店,小売業,食料品,2%
滋賀県,大津市,セブン－イレブン大津美崎町店,小売業,食料品,2%
滋賀県,大津市,セブン－イレブン大津南志賀４丁目店,小売業,食料品,2%
滋賀県,大津市,オートリ薬品 オートリ薬品,小売業,その他小売,5%
滋賀県,大津市,オーベルジュメソン,サービス,その他サービス,5%
滋賀県,大津市,ＯＫＡＫＩ大津店,サービス,飲食業,5%
滋賀県,大津市,岡本ＰＣ,サービス,その他サービス,5%
滋賀県,大津市,小川酒店,小売業,食料品,5%
滋賀県,大津市,雄琴荘,サービス,宿泊業,5%
滋賀県,大津市,お好み焼き鉄板焼よかよか,サービス,飲食業,5%
滋賀県,大津市,お宝ザクザク 大津店,小売業,書籍・玩具・音楽ＣＤ,5%
滋賀県,大津市,小野電化,小売業,電化製品,5%
滋賀県,大津市,朧月運転代行社,サービス,運輸業,5%
滋賀県,大津市,オリックスレンタカー大津駅南口店,サービス,その他サービス,2%
滋賀県,大津市,カートピア大津ＳＳ,小売業,ガソリンスタンド,2%
滋賀県,大津市,堅田ＳＳ,小売業,ガソリンスタンド,2%
滋賀県,大津市,カットハウスフクシマ,サービス,理容・美容業,5%
滋賀県,大津市,加藤酒店,小売業,食料品,5%
滋賀県,大津市,ｃａｆｅ ＢＯＮＢＯＮ,サービス,飲食業,5%
滋賀県,大津市,ＫａｆｆｅＴａＫ,サービス,飲食業,5%
滋賀県,大津市,ｃａｆｅ Ｆｒａｎｋ’ｙ,サービス,飲食業,5%
滋賀県,大津市,株式会社 リブレ,サービス,その他サービス,5%
滋賀県,大津市,株式会社いのうえ,小売業,食料品,5%
滋賀県,大津市,株式会社サカエ屋 アトム電器 大石店,小売業,電化製品,5%
滋賀県,大津市,髪工房Ｎ,サービス,理容・美容業,5%
滋賀県,大津市,亀屋廣房,小売業,食料品,5%
滋賀県,大津市,ガレージランデブー,サービス,その他サービス,5%
滋賀県,大津市,カレーハウスＣｏＣｏ壱番屋大津堅田店,サービス,飲食業,2%
滋賀県,大津市,カレーハウスＣｏＣｏ壱番屋大津におの浜店,サービス,飲食業,2%
滋賀県,大津市,カワムラ電器商会,小売業,電化製品,5%
滋賀県,大津市,キムラ電化,小売業,電化製品,5%
滋賀県,大津市,京町食堂,サービス,飲食業,5%
滋賀県,大津市,業務スーパー大津美崎店,小売業,食料品,2%
滋賀県,大津市,業務スーパー堅田店,小売業,食料品,2%
滋賀県,大津市,業務スーパー西大津店,小売業,食料品,2%
滋賀県,大津市,京屋クリーニング フレンドマートグリーンヒル青山店 京屋クリーニング青山店,サービス,その他サービス,5%
滋賀県,大津市,首、肩こりほぐし専門店新風堂,サービス,理容・美容業,5%
滋賀県,大津市,ｇｌａｎｃｅ,小売業,その他小売,5%
滋賀県,大津市,グリル ストーブ,サービス,飲食業,5%
滋賀県,大津市,Ｇｒａｃｅ Ｆａｒｅ,サービス,その他サービス,5%
滋賀県,大津市,桑野造船株式会社,その他業種,ー,5%
滋賀県,大津市,京阪カントリー倶楽部,サービス,その他サービス,5%
滋賀県,大津市,光洋電気商会,小売業,電化製品,5%
滋賀県,大津市,国道大津,小売業,ガソリンスタンド,2%
滋賀県,大津市,苔生宿／Ｋｏｋｅ－Ｍｕｓｕ：ｉｎｎ,サービス,宿泊業,5%
滋賀県,大津市,ｃｏｃｏ壱番屋大津下阪本店,サービス,飲食業,2%
滋賀県,大津市,コタニ電器,小売業,電化製品,5%
滋賀県,大津市,際川ＳＳ,小売業,ガソリンスタンド,2%
滋賀県,大津市,坂本ＳＳ,小売業,ガソリンスタンド,2%
滋賀県,大津市,阪本ＳＳ,小売業,ガソリンスタンド,2%
滋賀県,大津市,里湯昔話 雄山荘,サービス,宿泊業,5%
滋賀県,大津市,サリサリバザール,小売業,衣料品,5%
滋賀県,大津市,サロンド青山,その他業種,ー,5%
滋賀県,大津市,サロンドコワフュールシェトモ,サービス,理容・美容業,5%
滋賀県,大津市,シークレットローズガーデン,小売業,衣料品,5%
滋賀県,大津市,Ｓｅｅ Ｙｏｕ 堅田店,小売業,書籍・玩具・音楽ＣＤ,5%
滋賀県,大津市,シカゴピザ 堅田店,サービス,飲食業,5%
滋賀県,大津市,株式会社滋賀種苗,小売業,その他小売,5%
滋賀県,大津市,滋賀トヨペット大津店,小売業,その他小売,5%
滋賀県,大津市,滋賀トヨペット小野店,小売業,その他小売,5%
滋賀県,大津市,滋賀トヨペット株式会社,小売業,その他小売,5%
滋賀県,大津市,滋賀トヨペット唐崎店,小売業,その他小売,5%
滋賀県,大津市,滋賀トヨペット経理課,小売業,その他小売,5%
滋賀県,大津市,滋賀トヨペットＢｏｓｓ百町物語,小売業,その他小売,5%
滋賀県,大津市,滋賀トヨペットレクサス大津,小売業,その他小売,5%
滋賀県,大津市,滋賀ボート免許センター,サービス,その他サービス,5%
滋賀県,大津市,シガヨーキ際川店,サービス,その他サービス,5%
滋賀県,大津市,自転車処 どてるし,小売業,その他小売,5%
滋賀県,大津市,下田屋,サービス,飲食業,5%
滋賀県,大津市,旬遊あゆら,サービス,飲食業,5%
滋賀県,大津市,ＨｏｕｓｅｏｆＣｒａｆｔｓｍｅｎ,その他業種,ー,5%
滋賀県,大津市,新日本補聴器センター大津店,小売業,その他小売,5%
滋賀県,大津市,スーパーサンライズ坂本店 スーパーサンライズ坂本店,小売業,食料品,5%
滋賀県,大津市,スーパーセルフ大津真野ＳＳ,小売業,ガソリンスタンド,2%
滋賀県,大津市,スーパーセルフ日吉台ＳＳ,小売業,ガソリンスタンド,2%
滋賀県,大津市,スター田上店,小売業,食料品,5%
滋賀県,大津市,スマートクール 大津テラス店,その他業種,ー,5%
滋賀県,大津市,住まいのリフォーム店有限会社ビルド・アップ,その他業種,ー,5%
滋賀県,大津市,瀬田ＳＳ,小売業,ガソリンスタンド,2%
滋賀県,大津市,セブン－イレブン瀬田駅前店,小売業,食料品,2%
滋賀県,大津市,瀬田ＳＳ,小売業,ガソリンスタンド,2%
滋賀県,大津市,セルフ＆カーケアセンター大津中央,小売業,ガソリンスタンド,2%
滋賀県,大津市,セルフ＆カーケアセンター瀬田,小売業,ガソリンスタンド,2%
滋賀県,大津市,セルフ＆車検センター南郷,小売業,ガソリンスタンド,2%
滋賀県,大津市,セルフステーション石山ＳＳ,小売業,ガソリンスタンド,2%
滋賀県,大津市,セルフステーション瀬田ＳＳ,小売業,ガソリンスタンド,2%
滋賀県,大津市,セルフステーション竜が丘ＳＳ,小売業,ガソリンスタンド,2%
滋賀県,大津市,セルフステーション南郷ＳＳ,小売業,ガソリンスタンド,2%
滋賀県,大津市,創楽,小売業,その他小売,5%
滋賀県,大津市,そば処美登路,サービス,飲食業,5%
滋賀県,大津市,ソフトバンク フォレオ大津一里山,小売業,その他小売,5%
滋賀県,大津市,ソフトバンク 石山,小売業,その他小売,5%
滋賀県,大津市,鷹宰心理療法所,サービス,その他サービス,5%
滋賀県,大津市,田中電化サービス,小売業,電化製品,5%
滋賀県,大津市,田上ＳＳ,小売業,ガソリンスタンド,2%
滋賀県,大津市,棚田・里山・古代米・鮒ＰＪ,小売業,食料品,5%
滋賀県,大津市,中国料理 旦,サービス,飲食業,5%
滋賀県,大津市,つり具のブンブン大津店,小売業,その他小売,5%
滋賀県,大津市,デイズヘアー アネックス,サービス,理容・美容業,5%
滋賀県,大津市,ｄａｙｓ ｈａｉｒ 西大津店,サービス,理容・美容業,5%
滋賀県,大津市,手打うどん虹や,サービス,飲食業,5%
滋賀県,大津市,デコラーレ 堅田店,サービス,その他サービス,5%
滋賀県,大津市,デコラーレ堅田店,サービス,理容・美容業,5%
滋賀県,大津市,手づくりシフォンケーキｄｉｍｐｌｅ,小売業,食料品,5%
滋賀県,大津市,寺居電器商会,小売業,電化製品,5%
滋賀県,大津市,寺居電器瀬田店,小売業,電化製品,5%
滋賀県,大津市,寺居電器 本店,小売業,電化製品,5%
滋賀県,大津市,東洋整体療術院 東洋整体療術院,サービス,その他サービス,5%
滋賀県,大津市,Ｄｒ．Ｄｒｉｖｅ京都東インターＳＳ,小売業,ガソリンスタンド,2%
滋賀県,大津市,トヨタレンタリース滋賀 堅田駅前店,サービス,その他サービス,2%
滋賀県,大津市,トヨタレンタリース滋賀膳所店,サービス,その他サービス,2%
滋賀県,大津市,トヨタレンタリース滋賀 堅田駅前店,サービス,その他サービス,2%
滋賀県,大津市,トヨタレンタリース滋賀 膳所店,サービス,その他サービス,2%
滋賀県,大津市,Ｔｒｉｔｏｎ ＢＯＡＴＳ,小売業,その他小売,5%
滋賀県,大津市,中川木工芸比良工房,その他業種,ー,5%
滋賀県,大津市,中山製茶,小売業,食料品,5%
滋賀県,大津市,南山 比叡平店,サービス,飲食業,5%
滋賀県,大津市,肉酒場 晴覇,サービス,飲食業,5%
滋賀県,大津市,肉のまるとみ コロッケ工房,小売業,食料品,5%
滋賀県,大津市,有限会社西野電化ストアー,小売業,電化製品,5%
滋賀県,大津市,Ｎｉ７,サービス,理容・美容業,5%
滋賀県,大津市,ハード・オフ 西大津店,小売業,電化製品,5%
滋賀県,大津市,バスキャッチ＆アングラーズ 堅田店,小売業,その他小売,5%
滋賀県,大津市,パソコンレスキューアールネット,サービス,その他サービス,5%
滋賀県,大津市,Ｂｕｔｔｅｒｆｌｙ Ｐｅａ,サービス,飲食業,5%
滋賀県,大津市,初田電器,小売業,電化製品,5%
滋賀県,大津市,ハード・オフ 西 大津店,小売業,電化製品,2%
滋賀県,大津市,パナスコープヤスモト雄琴,小売業,電化製品,5%
滋賀県,大津市,パナスコ―プヤスモト日吉台,小売業,電化製品,5%
滋賀県,大津市,浜大津ＳＳ,小売業,ガソリンスタンド,2%
滋賀県,大津市,BANKAN大津京店,小売業,貴金属・服飾品,5%
滋賀県,大津市,ハン六プリントセンター,小売業,総合（非専門）,5%
滋賀県,大津市,ＢＣＢジャパン,サービス,その他サービス,5%
滋賀県,大津市,ピザ・リトルパーティ 瀬田店,サービス,飲食業,5%
滋賀県,大津市,ビジネスサービス滋賀店,サービス,その他サービス,5%
滋賀県,大津市,ビジネスホテル西大津,サービス,宿泊業,5%
滋賀県,大津市,ＢＥＡＵＴＹ ＨＡＩＲ ＤＥＰＯＴ－ＡＮＮ,サービス,理容・美容業,5%
滋賀県,大津市,ＢＥＡＵＴＹ ＨＡＩＲ ＤＥＰＯＴ?ＡＮＮ ＢＥＡＵＴＹ ＨＡＩＲ ＤＥＰＯＴ?ＡＮＮ,サービス,理容・美容業,5%
滋賀県,大津市,ビュキュア,サービス,理容・美容業,5%
滋賀県,大津市,比良レークハウス,サービス,宿泊業,5%
滋賀県,大津市,琵琶湖大橋ＳＳ,小売業,ガソリンスタンド,2%
滋賀県,大津市,びわこ緑水亭,サービス,宿泊業,5%
滋賀県,大津市,ＦＩＶＥーＨａｉｒＢｏｕｔｉｑｕｅ,サービス,理容・美容業,5%
滋賀県,大津市,ＦＩＮＤサワイ,小売業,電化製品,5%
滋賀県,大津市,福井電器,小売業,電化製品,5%
滋賀県,大津市,フジゴルフ 大津ロング店,小売業,その他小売,5%
滋賀県,大津市,ふたば書房 大津西武店,小売業,書籍・玩具・音楽ＣＤ,5%
滋賀県,大津市,ＢＯＯＫＯＦＦ 堅田店,小売業,総合（非専門）,2%
滋賀県,大津市,ＦＵＫＫ福井電器南郷店,小売業,電化製品,5%
滋賀県,大津市,ヘアーサロン小林,サービス,理容・美容業,5%
滋賀県,大津市,Ｈａｉｒ Ｓａｌｏｎ ＮＡＳＡ Ｈａｉｒ Ｓａｌｏｎ ＮＡＳＡ,サービス,理容・美容業,5%
滋賀県,大津市,ヘアースタジオＣ４,サービス,理容・美容業,5%
滋賀県,大津市,Ｈａｉｒ ｄｅｓｉｇｎ Ｃｒｅｓｃｅｎｔ,サービス,理容・美容業,5%
滋賀県,大津市,ヘアーリゾート極 ヘアーリゾート極,サービス,理容・美容業,5%
滋賀県,大津市,ｈａｉｒ ｓａｌｏｎ Ｅｅｅ,サービス,理容・美容業,5%
滋賀県,大津市,ヘアサロン ノベカワ,サービス,理容・美容業,5%
滋賀県,大津市,ＨａｉｒＳｈｉｎｙ,サービス,理容・美容業,5%
滋賀県,大津市,ＨａｉｒＳｈｉｎｙ,サービス,理容・美容業,5%
滋賀県,大津市,ベティ ブーフ ときめき坂 ベティブーフ,小売業,その他小売,5%
滋賀県,大津市,ＢＥＲＲＹＢＡＤＳＭＯＴＯＲＣＹＣＬＥ,小売業,その他小売,5%
滋賀県,大津市,ホリデーアフタヌーン,サービス,宿泊業,5%
滋賀県,大津市,有限会社ＨＯＮＤＡ Ｂ ＳＨＯＰ滋賀 ＨＯＮＤＡ Ｂ?ＳＨＯＰ 滋賀,その他業種,ー,5%
滋賀県,大津市,マイングラスシミズ堅田店,小売業,その他小売,5%
滋賀県,大津市,前田家具店,小売業,家具・調度品,5%
滋賀県,大津市,マクドナルドイオンスタイル大津京店,サービス,飲食業,2%
滋賀県,大津市,マクドナルド瀬田店,サービス,飲食業,2%
滋賀県,大津市,マクドナルドびわ湖大橋店,サービス,飲食業,2%
滋賀県,大津市,マクドナルドびわ湖阪本店,サービス,飲食業,2%
滋賀県,大津市,マクドナルド柳が崎店,サービス,飲食業,2%
滋賀県,大津市,ｍａｃｒｅｅ,小売業,その他小売,5%
滋賀県,大津市,マネケンＪＲ大津駅店,小売業,食料品,5%
滋賀県,大津市,真野ＩＣＳＳ,小売業,ガソリンスタンド,2%
滋賀県,大津市,まるたや,小売業,その他小売,5%
滋賀県,大津市,ミート デリカ カワニシ,小売業,食料品,5%
滋賀県,大津市,湊町 いそ家 ２,サービス,飲食業,5%
滋賀県,大津市,メガネのイマホリ,小売業,その他小売,5%
滋賀県,大津市,模型の店チャンプ,小売業,その他小売,5%
滋賀県,大津市,森川電機,サービス,その他サービス,5%
滋賀県,大津市,屋形船 四季,サービス,その他サービス,5%
滋賀県,大津市,安田音楽制作事務所 アンネの音楽教室,サービス,その他サービス,5%
滋賀県,大津市,安田音楽制作事務所／アンネの音楽教室,サービス,その他サービス,5%
滋賀県,大津市,山中建設,サービス,その他サービス,5%
滋賀県,大津市,有限会社浜亭,サービス,飲食業,5%
滋賀県,大津市,有限会社ロング,小売業,衣料品,5%
滋賀県,大津市,有限会社若林自転車商会,小売業,その他小売,5%
滋賀県,大津市,ＵＮＩＴＥＤ ＨＡＩＲ,サービス,理容・美容業,5%
滋賀県,大津市,夢ハウスでんきのはらだ,小売業,電化製品,5%
滋賀県,大津市,湯元舘,サービス,宿泊業,5%
滋賀県,大津市,洋服のツキムラ,小売業,衣料品,5%
滋賀県,大津市,ｙｏｇａｓａｌｏｎ Ｌｉｎｏ,サービス,その他サービス,5%
滋賀県,大津市,☆夜カフェ☆ｄｉｍｐｌｅ,サービス,飲食業,5%
滋賀県,大津市,らいえる－ＲＡＩＥＬ－,サービス,理容・美容業,5%
滋賀県,大津市,ライハート,その他業種,ー,5%
滋賀県,大津市,京都ラッキーファミリー,小売業,その他小売,5%
滋賀県,大津市,ＬａＬａツーリストイズミヤ堅田店,サービス,その他サービス,5%
滋賀県,大津市,Ｌｅａｆ Ｎａｉｌ,サービス,その他サービス,5%
滋賀県,大津市,リバーウエスト,サービス,飲食業,5%
滋賀県,大津市,リビングオノ真野店,小売業,電化製品,5%
滋賀県,大津市,リラクゼーションスペース私癒,サービス,その他サービス,5%
滋賀県,大津市,Ｒｅｌａｘａｔｉｏｎ Ｅｓｔｈｅｔｉｃ 彩,サービス,理容・美容業,5%
滋賀県,大津市,ＬｅＰｕｊｕ,小売業,衣料品,5%
滋賀県,大津市,れすとらん松喜屋 本店,サービス,飲食業,5%
滋賀県,大津市,れすとらん松喜屋 本店 松喜屋 お届け料理,サービス,飲食業,5%
滋賀県,大津市,ロイヤルオークホテル,サービス,宿泊業,5%
滋賀県,大津市,ロング,小売業,衣料品,5%
滋賀県,大津市,わがし屋さんのあんぱん わがし屋さんのあんぱん,小売業,食料品,5%
滋賀県,大津市,和邇ＳＳ,小売業,ガソリンスタンド,2%
滋賀県,草津市,Ｒ＆Ｅ イオンモール草津,小売業,その他小売,5%
滋賀県,草津市,Ｏｕｔｌｅｔ ｉｓｍ．,小売業,家具・調度品,5%
滋賀県,草津市,秋吉 草津店,サービス,飲食業,5%
滋賀県,草津市,Ａｇｕ ｈａｉｒ Ａｇｕ ｈａｉｒ ｆｌｅｕｒ野路町,サービス,理容・美容業,5%
滋賀県,草津市,Ａｇｕ ｈａｉｒ Ａｇｕ ｈａｉｒ ｆｌｏｌａ草津,サービス,理容・美容業,5%
滋賀県,草津市,Ａｇｕ ｈａｉｒ Ａｇｕ ｈａｉｒ ｌｕｘｉａ南草津,サービス,理容・美容業,5%
滋賀県,草津市,ＡＣＣＯＬＥ ｑｕａｌｉｔｅ 【アコレ カリテ】,サービス,理容・美容業,5%
滋賀県,草津市,ＡＣＣＯＬＥ ｍｉｌｉｅｕ店舗外,サービス,理容・美容業,5%
滋賀県,草津市,ＡＳＩＡＮ ＫＵＵ,サービス,その他サービス,5%
滋賀県,草津市,味処 魚玄,サービス,飲食業,5%
滋賀県,草津市,アノソラノヒガシ,サービス,飲食業,5%
滋賀県,草津市,出光草津西ＳＳ,小売業,ガソリンスタンド,2%
滋賀県,草津市,イノブンイオンモール草津店,小売業,総合（非専門）,5%
滋賀県,草津市,今村商店,小売業,電化製品,5%
滋賀県,草津市,ＡＰＲ草津店,小売業,電化製品,5%
滋賀県,草津市,エナジーテラピーＪＵＲＡＫＵ,小売業,その他小売,5%
滋賀県,草津市,ＥｎｅＪｅｔ京滋ＢＰＳＳ,小売業,ガソリンスタンド,2%
滋賀県,草津市,ＥｎｅＪｅｔ湖南草津ＳＳ,小売業,ガソリンスタンド,2%
滋賀県,草津市,ｅｍｏｔｉｏｎ,サービス,理容・美容業,5%
滋賀県,草津市,近江牛 焼肉・もつ鍋 李白,サービス,飲食業,5%
滋賀県,草津市,セブン－イレブン近江草津バイパス店,小売業,食料品,2%
滋賀県,草津市,オーガニックガーデンいのちの樹,その他業種,ー,5%
滋賀県,草津市,オートアシストヨシムラ 滋賀店,小売業,その他小売,5%
滋賀県,草津市,お好み焼はここやねん 草津店,サービス,飲食業,5%
滋賀県,草津市,オッペン化粧品株式会社 Ｓｈｉｇａ Ｆａｃｔｏｒｙ,小売業,その他小売,5%
滋賀県,草津市,オリックスレンタカー南草津駅前西口店,サービス,その他サービス,2%
滋賀県,草津市,カーコンビニ倶楽部 ＢＳ・ＭＥＩＷＡ 草津店,サービス,その他サービス,5%
滋賀県,草津市,Ｃａｒ ｌｉｆｅ Ｓｕｐｐｏｒｔ 大橋,サービス,その他サービス,5%
滋賀県,草津市,カーライフサポート大橋,サービス,その他サービス,5%
滋賀県,草津市,買取り ＢＡＮＢＡＮ,サービス,その他サービス,5%
滋賀県,草津市,買取りＢＡＮ ＢＡＮ,小売業,書籍・玩具・音楽ＣＤ,5%
滋賀県,草津市,学生衣料おくむら 学生衣料おくむら,小売業,衣料品,5%
滋賀県,草津市,かごの屋草津矢倉店,サービス,飲食業,5%
滋賀県,草津市,風の門くさつ平和堂店,小売業,その他小売,5%
滋賀県,草津市,ガット張替え専門店スグハル ガット張替え専門店スグハル,サービス,その他サービス,5%
滋賀県,草津市,嘉原,サービス,飲食業,5%
滋賀県,草津市,Ｃａｆｅ＆ＤｉｎｉｎｇＢａｒＳＩＬＫ,サービス,飲食業,5%
滋賀県,草津市,株式会社 関西トラベル,サービス,その他サービス,5%
滋賀県,草津市,上笠ＳＳ,小売業,ガソリンスタンド,2%
滋賀県,草津市,カラオケスタイル南草津店,サービス,その他サービス,5%
滋賀県,草津市,カラオケスタイル南草津店,サービス,その他サービス,5%
滋賀県,草津市,カレーハウスＣｏＣｏ壱番屋草津野路店,サービス,飲食業,2%
滋賀県,草津市,業務スーパー野路店,小売業,食料品,2%
滋賀県,草津市,京屋クリーニング フレンドマート志津東草津店 京屋クリーニング志津店,サービス,その他サービス,5%
滋賀県,草津市,京屋クリーニング フレンドマート南草津店 フレンドマート南草津店,サービス,その他サービス,5%
滋賀県,草津市,セブン－イレブン草津青地町店,小売業,食料品,2%
滋賀県,草津市,セブン－イレブン草津追分町店,小売業,食料品,2%
滋賀県,草津市,セブン－イレブン草津志那中店,小売業,食料品,2%
滋賀県,草津市,セブン－イレブン草津下笠店,小売業,食料品,2%
滋賀県,草津市,セブン－イレブン草津中学校前店,小売業,食料品,2%
滋賀県,草津市,セブン－イレブン草津野路老上店,小売業,食料品,2%
滋賀県,草津市,セブン－イレブン草津野路店,小売業,食料品,2%
滋賀県,草津市,セブン－イレブン草津野村１丁目店,小売業,食料品,2%
滋賀県,草津市,セブンーイレブン草津パナソニック前店,小売業,食料品,2%
滋賀県,草津市,草津東,小売業,ガソリンスタンド,2%
滋賀県,草津市,セブン－イレブン草津平井町店,小売業,食料品,2%
滋賀県,草津市,セブン－イレブン草津矢橋北店,小売業,食料品,2%
滋賀県,草津市,セブン－イレブン草津若草店,小売業,食料品,2%
滋賀県,草津市,ＣＬＯＶＥＲ,サービス,その他サービス,5%
滋賀県,草津市,クローバー,サービス,理容・美容業,5%
滋賀県,草津市,セブンーイレブンＫＯＹＯ滋賀医科大学附属病院店,小売業,食料品,2%
滋賀県,草津市,セブン－イレブン国道南くさつ店,小売業,食料品,2%
滋賀県,草津市,コスメティックｙｏｕ,小売業,その他小売,5%
滋賀県,草津市,湖南住設,小売業,電化製品,5%
滋賀県,草津市,コモンタイム,小売業,家具・調度品,5%
滋賀県,草津市,コンディショニングジムＧＯＩＮＧ,サービス,その他サービス,5%
滋賀県,草津市,コンディショニングジムＧＯＩＮＧ,その他業種,ー,5%
滋賀県,草津市,コンディショニングジムＧＯＩＮＧ,サービス,その他サービス,5%
滋賀県,草津市,さ蔵,小売業,食料品,5%
滋賀県,草津市,ＧＥＯＧＲＡＰＨＹ 草津店,小売業,衣料品,5%
滋賀県,草津市,シガー リカーサキムラ,小売業,食料品,5%
滋賀県,草津市,滋賀トヨペット草津店,小売業,その他小売,5%
滋賀県,草津市,老舗・寿司清,サービス,飲食業,5%
滋賀県,草津市,志乃崎エイスクエア店,サービス,飲食業,5%
滋賀県,草津市,ｓｈｉｎｅ,サービス,その他サービス,5%
滋賀県,草津市,知るカフエ立命館大学ＢＫＣ店,サービス,飲食業,5%
滋賀県,草津市,スーパーセルフ近江大橋ＳＳ,小売業,ガソリンスタンド,2%
滋賀県,草津市,スガジ電器,小売業,電化製品,5%
滋賀県,草津市,スターグリーンヒル店,小売業,食料品,5%
滋賀県,草津市,ＳＡＩＳＩＲ,サービス,飲食業,5%
滋賀県,草津市,セルフ＆車検センターグリーンヒル岡本,小売業,ガソリンスタンド,2%
滋賀県,草津市,セルフステーション京滋ＢＰＳＳ,小売業,ガソリンスタンド,2%
滋賀県,草津市,セルフステーションハマストリートＳＳ,小売業,ガソリンスタンド,2%
滋賀県,草津市,セレクトショップ リアル セレクトショップ リアル,小売業,衣料品,5%
滋賀県,草津市,ＺＥＲＯ イオンモール草津店,小売業,衣料品,5%
滋賀県,草津市,ソーアキ,小売業,総合（非専門）,5%
滋賀県,草津市,たうち衣料品店,小売業,その他小売,5%
滋賀県,草津市,高木ミンク草津店,小売業,衣料品,5%
滋賀県,草津市,タカツ酒店,小売業,食料品,5%
滋賀県,草津市,ＤＳＪ滋賀草津校,小売業,電化製品,5%
滋賀県,草津市,ｔｏｃｏ ｔｏｃｏ フェリエ南草津店,小売業,衣料品,5%
滋賀県,草津市,とし之家,サービス,飲食業,5%
滋賀県,草津市,ｉＰｈｏｎｅ修理＋ＤｏｔＦｉｘ,サービス,その他サービス,5%
滋賀県,草津市,トヨタレンタリース滋賀草津駅西口店,サービス,その他サービス,2%
滋賀県,草津市,トヨタレンタリース滋賀草津店,サービス,その他サービス,2%
滋賀県,草津市,トヨタレンタリース滋賀 草津駅西口店,サービス,その他サービス,2%
滋賀県,草津市,ｄｒｏｐ 南草津店,小売業,衣料品,5%
滋賀県,草津市,なごやか亭 草津木川店,サービス,飲食業,5%
滋賀県,草津市,ＮａｔｕｌｅｆｅＳｈｕｕｎｙａ,サービス,その他サービス,5%
滋賀県,草津市,ＮＹＮＹ 南草津店,サービス,理容・美容業,5%
滋賀県,草津市,ｎａｉｌ＆ｂｅａｕｔｙ ｓａｌｏｎ 杏,サービス,理容・美容業,5%
滋賀県,草津市,Ｈｅａｒｔ Ｂｅａｔ Ｓｈｏｐ ??ｈａｎａ?,小売業,食料品,5%
滋賀県,草津市,＞＞＞ＢＡＣＫＳＴＡＧＥ,小売業,衣料品,5%
滋賀県,草津市,パナスコープワタナベ,小売業,電化製品,5%
滋賀県,草津市,はやしサイクル,小売業,その他小売,5%
滋賀県,草津市,ＰａｌｅｔｔｅＨａｉｒｓ草津店,サービス,理容・美容業,5%
滋賀県,草津市,ビット,サービス,その他サービス,5%
滋賀県,草津市,ＰｕｒｅＮａｉｌＰｅｔｉｔ イオンモール草津店,サービス,理容・美容業,5%
滋賀県,草津市,美容室ジュリアン,サービス,理容・美容業,5%
滋賀県,草津市,ひよこＨＯＵＳＥ,小売業,総合（非専門）,5%
滋賀県,草津市,平井自動車工業,サービス,その他サービス,5%
滋賀県,草津市,ＦＩＸ‐ＵＰ ＨＡＩＲ,サービス,理容・美容業,5%
滋賀県,草津市,フィッシングファ－スト,小売業,書籍・玩具・音楽ＣＤ,5%
滋賀県,草津市,ＰＬＡＣＥ ＩＮ ＴＨＥ ＳＵＮ,小売業,衣料品,5%
滋賀県,草津市,ＰＬＡＣＥ ＩＮ ＴＨＥ ＳＵＮ,小売業,衣料品,5%
滋賀県,草津市,ＰＬＡＣＥ ＩＮ ＴＨＥ ＳＵＮ ＫＵＳ,小売業,衣料品,5%
滋賀県,草津市,ヘアーサロン イケモト ヘアーサロン イケモト,サービス,理容・美容業,5%
滋賀県,草津市,Ｈａｉｒ Ｍａｋｅ Ｌｉｂｅｒｔｅ,サービス,理容・美容業,5%
滋賀県,草津市,ＢＯＲＮＦＲＥＥ ＡＥＯＮＭＡＬＬ 草津 ＢＯＲＮＦＲＥＥ ＡＥＯＮＭＡＬＬ草津,小売業,衣料品,5%
滋賀県,草津市,ＢＯＲＮ ＦＲＥＥ Ａ・ＳＱＵＡＲＥ,小売業,衣料品,5%
滋賀県,草津市,ＢＯＲＮ ＦＲＥＥＡ・ＳＱＵＡＲＥ,小売業,衣料品,5%
滋賀県,草津市,ＢＯＲＮＦＲＥＥＡ－ＳＱＵＡＲＥ,小売業,衣料品,5%
滋賀県,草津市,ＢＯＲＮＦＲＥＥＡ－ＳＱＵＡＲ,小売業,衣料品,5%
滋賀県,草津市,本社,小売業,ガソリンスタンド,2%
滋賀県,草津市,マイモール,その他業種,ー,5%
滋賀県,草津市,Ｍａｅｌ,サービス,理容・美容業,5%
滋賀県,草津市,マクドナルド１号線南草津店,サービス,飲食業,2%
滋賀県,草津市,マクドナルド追分フレンドマート店,サービス,飲食業,2%
滋賀県,草津市,マクドナルド草津アルプラザ店,サービス,飲食業,2%
滋賀県,草津市,マクドナルド草津近鉄店,サービス,飲食業,2%
滋賀県,草津市,マクドナルド草津野村店,サービス,飲食業,2%
滋賀県,草津市,Ｍｕｓｃｌｅ Ｑｕａｌｉｔｙ,サービス,その他サービス,5%
滋賀県,草津市,マネケンＪＲ草津駅店,小売業,食料品,5%
滋賀県,草津市,Ｍｉｔｏ,小売業,貴金属・服飾品,5%
滋賀県,草津市,セブン－イレブン南草津店,小売業,食料品,2%
滋賀県,草津市,南草津米倉眼科,サービス,その他サービス,5%
滋賀県,草津市,ミノル,小売業,貴金属・服飾品,5%
滋賀県,草津市,メガネ時計専門店ｌｏｏｐ ｏｎ,小売業,その他小売,5%
滋賀県,草津市,モンルーベ,その他業種,ー,5%
滋賀県,草津市,やさい巻き串焼きうまかもん,サービス,飲食業,5%
滋賀県,草津市,焼肉市場 南草津店,サービス,飲食業,5%
滋賀県,草津市,焼肉でん 草津店,サービス,飲食業,5%
滋賀県,草津市,やぐらどうぶつクリニック,サービス,その他サービス,5%
滋賀県,草津市,山口電気,その他業種,ー,5%
滋賀県,草津市,ゆめみし ＪＲ草津駅店,サービス,その他サービス,5%
滋賀県,草津市,洋菓子工房 チィーフル 洋菓子工房チィーフル,小売業,食料品,5%
滋賀県,草津市,楽々厨房ゴジゴジ南草津店,サービス,飲食業,5%
滋賀県,草津市,Ｒｉｃｈｅ,サービス,理容・美容業,5%
滋賀県,草津市,ｌｕＣＣｅ,サービス,理容・美容業,5%
滋賀県,草津市,ｌｕＣＣｅ,サービス,理容・美容業,5%
滋賀県,草津市,レザーブードットコム,サービス,その他サービス,5%
滋賀県,草津市,Ｌｏ Ｓｐｌｅｎｄｏｒｅ,サービス,飲食業,5%
滋賀県,草津市,Ｌｏ Ｓｐｌｅｎｄｏｒｅ,サービス,飲食業,5%
滋賀県,草津市,和彩温,サービス,飲食業,5%
滋賀県,草津市,和ビストロ 花のいろ,サービス,飲食業,5%
滋賀県,甲賀市,アーユルヴェーダサロンｓｏｒａｎｏｎｅ,サービス,理容・美容業,5%
滋賀県,甲賀市,アシストアーチェリー,小売業,その他小売,5%
滋賀県,甲賀市,出光信楽牧ＳＳ,小売業,ガソリンスタンド,2%
滋賀県,甲賀市,出光セルフ甲賀ＳＳ,小売業,ガソリンスタンド,2%
滋賀県,甲賀市,出光水口セントラルＳＳ,小売業,ガソリンスタンド,2%
滋賀県,甲賀市,ウエニシ電化店,小売業,電化製品,5%
滋賀県,甲賀市,卯山製陶,小売業,その他小売,5%
滋賀県,甲賀市,ＡＴＥＸ,その他業種,ー,5%
滋賀県,甲賀市,近江茶丸吉,小売業,食料品,5%
滋賀県,甲賀市,大河原温泉 かもしか荘,サービス,宿泊業,5%
滋賀県,甲賀市,オリックスレンタカー水口店,サービス,その他サービス,2%
滋賀県,甲賀市,カーテックウカイ,サービス,その他サービス,5%
滋賀県,甲賀市,カネイ岡水口店,小売業,その他小売,5%
滋賀県,甲賀市,（株）藤原陶芸用品店,小売業,その他小売,5%
滋賀県,甲賀市,カフェレストラン ラマンチャ,サービス,飲食業,5%
滋賀県,甲賀市,株式会社ウエノ,小売業,総合（非専門）,5%
滋賀県,甲賀市,共栄サービス株式会社,小売業,その他小売,5%
滋賀県,甲賀市,業務スーパー水口店,小売業,食料品,2%
滋賀県,甲賀市,串かつ武蔵,サービス,飲食業,5%
滋賀県,甲賀市,甲賀ＳＳ／第一石油,小売業,ガソリンスタンド,2%
滋賀県,甲賀市,甲賀忍びの宿 宮乃温泉,サービス,宿泊業,5%
滋賀県,甲賀市,うつわの店藤陶,その他業種,ー,5%
滋賀県,甲賀市,甲南ＳＳ 有限会社田口石油,小売業,ガソリンスタンド,2%
滋賀県,甲賀市,セブン－イレブン甲南町新治店,小売業,食料品,2%
滋賀県,甲賀市,セブン－イレブン甲南病院前店,小売業,食料品,2%
滋賀県,甲賀市,コムワークスタジオ,その他業種,ー,5%
滋賀県,甲賀市,滋賀トヨペット水口店,小売業,その他小売,5%
滋賀県,甲賀市,滋賀トヨペットＵ－ＣＡＲＬＡＮＤ水口,小売業,その他小売,5%
滋賀県,甲賀市,信楽ＳＳ,小売業,ガソリンスタンド,2%
滋賀県,甲賀市,紫香陶房,その他業種,ー,5%
滋賀県,甲賀市,シューズショップ ＭＩＹＡＨＡＳＨＩ 水口店,小売業,その他小売,5%
滋賀県,甲賀市,ジョイ 甲賀店,小売業,食料品,5%
滋賀県,甲賀市,ジョイショッピングセンター甲賀店,小売業,食料品,5%
滋賀県,甲賀市,スーパーセルフ甲南ＳＳ,小売業,ガソリンスタンド,2%
滋賀県,甲賀市,寿司 一休,サービス,飲食業,5%
滋賀県,甲賀市,炭火焼とりや,サービス,飲食業,5%
滋賀県,甲賀市,セルフステーション信楽ＳＳ,小売業,ガソリンスタンド,2%
滋賀県,甲賀市,ソフトバンク 水口,小売業,その他小売,5%
滋賀県,甲賀市,大彌 水口店,小売業,食料品,5%
滋賀県,甲賀市,大油鉱業土山ＳＳ,小売業,ガソリンスタンド,2%
滋賀県,甲賀市,髙橋楽斎陶房,その他業種,ー,5%
滋賀県,甲賀市,セブン－イレブン土山サービスエリア店,小売業,食料品,2%
滋賀県,甲賀市,セブン－イレブン土山中学校前店,小売業,食料品,2%
滋賀県,甲賀市,セブン－イレブン土山町市場店,小売業,食料品,2%
滋賀県,甲賀市,やさしいパソコン教室,小売業,電化製品,5%
滋賀県,甲賀市,とりいち水口店,サービス,飲食業,5%
滋賀県,甲賀市,ニシダ電化サービス,小売業,電化製品,5%
滋賀県,甲賀市,ニシダ電化サービス,小売業,電化製品,5%
滋賀県,甲賀市,はな整体院 貴生川店,サービス,その他サービス,5%
滋賀県,甲賀市,花屋かずろう王国,小売業,その他小売,5%
滋賀県,甲賀市,ヒーローズカフェ,サービス,飲食業,5%
滋賀県,甲賀市,ｈｉｏｌｉ,サービス,その他サービス,5%
滋賀県,甲賀市,ひかりデンキ,小売業,電化製品,5%
滋賀県,甲賀市,ピッコロボスコ 土山ＳＡ店,サービス,飲食業,5%
滋賀県,甲賀市,ビューティーケアつかもと,小売業,その他小売,5%
滋賀県,甲賀市,ファミリーショップ あおき,小売業,衣料品,5%
滋賀県,甲賀市,フーズアイランド土山店,小売業,食料品,5%
滋賀県,甲賀市,ｆａｉｒｙｃｌｏｖｅｒ,サービス,その他サービス,5%
滋賀県,甲賀市,フォーユー水口城南ＳＳ,小売業,ガソリンスタンド,2%
滋賀県,甲賀市,フジモトオート,その他業種,ー,5%
滋賀県,甲賀市,フジワラヤスヒロ,その他業種,ー,5%
滋賀県,甲賀市,古谷製陶所,その他業種,ー,5%
滋賀県,甲賀市,フレンズ 甲南店,小売業,衣料品,5%
滋賀県,甲賀市,フレンズ 水口店,小売業,衣料品,5%
滋賀県,甲賀市,ヘアーサロン ヤマシタ,サービス,理容・美容業,5%
滋賀県,甲賀市,ヘアマジック,サービス,理容・美容業,5%
滋賀県,甲賀市,ＨＯＴＳＴＡＦＦ,サービス,飲食業,5%
滋賀県,甲賀市,ＨＯＴ ＳＴＡＦＦ,サービス,飲食業,5%
滋賀県,甲賀市,ＢＯＲＮ ＦＲＥＥ ＳＵＰＥＲ ＳＨＯＰ,小売業,衣料品,5%
滋賀県,甲賀市,マクドナルド水口アルプラザ店,サービス,飲食業,2%
滋賀県,甲賀市,マクドナルド水口店,サービス,飲食業,2%
滋賀県,甲賀市,マスヤ,小売業,食料品,5%
滋賀県,甲賀市,松阪屋酒店,小売業,食料品,5%
滋賀県,甲賀市,Ｍａｒｒｙ ｈａｉｒ ｗｏｒｋｓ,サービス,理容・美容業,5%
滋賀県,甲賀市,丸安茶業 株式会社,小売業,食料品,5%
滋賀県,甲賀市,ｍｉｓｉｎ－ｙａ,その他業種,ー,5%
滋賀県,甲賀市,ｍｉｓｉｎ?ｙａ,小売業,衣料品,5%
滋賀県,甲賀市,セブン－イレブン水口綾野店,小売業,食料品,2%
滋賀県,甲賀市,水口アレックスシネマ,小売業,食料品,5%
滋賀県,甲賀市,セブン－イレブン水口泉店,小売業,食料品,2%
滋賀県,甲賀市,水口センチュリーホテル,サービス,宿泊業,5%
滋賀県,甲賀市,セブン－イレブン水口町松尾店,小売業,食料品,2%
滋賀県,甲賀市,セブン－イレブン水口テクノパーク店,小売業,食料品,2%
滋賀県,甲賀市,水口西ＳＳ,小売業,ガソリンスタンド,2%
滋賀県,甲賀市,メガネ赤札堂 水口店,小売業,貴金属・服飾品,5%
滋賀県,甲賀市,モードウカイ,小売業,衣料品,5%
滋賀県,甲賀市,やさしいパソコン教室,小売業,電化製品,5%
滋賀県,甲賀市,やさしいパソコン教室,小売業,その他小売,5%
滋賀県,甲賀市,有限会社サイクルたなか 甲南店,小売業,その他小売,5%
滋賀県,甲賀市,よしかわでんき,小売業,電化製品,5%
滋賀県,甲賀市,読売センター湖南,小売業,その他小売,5%
滋賀県,甲賀市,リラクゼーションサロンねこのて,サービス,理容・美容業,5%
滋賀県,甲賀市,レストハウス水車,サービス,飲食業,5%
滋賀県,甲賀市,ローズゴルフクラブ,サービス,その他サービス,5%
滋賀県,甲賀市,Ｌｏｔｕｓ ｈａｉｒ ｆａｃｅ,サービス,理容・美容業,5%
滋賀県,甲賀市,Ｌｏｔｕｓ ｈａｉｒ＆ｆａｃｅ,サービス,理容・美容業,5%
滋賀県,甲良町,甲良ＳＳ,小売業,ガソリンスタンド,2%
滋賀県,甲良町,セブン－イレブン甲良尼子店,小売業,食料品,2%
滋賀県,甲良町,甲良ＳＳ,小売業,ガソリンスタンド,2%
滋賀県,甲良町,野瀬電機商会,小売業,電化製品,5%
滋賀県,湖南市,石部ＳＳ,小売業,ガソリンスタンド,2%
滋賀県,湖南市,セブン－イレブン石部文化ホール前店,小売業,食料品,2%
滋賀県,湖南市,岩根中央酒場 情熱ホルモン,サービス,飲食業,5%
滋賀県,湖南市,インフィニティクラブ,サービス,その他サービス,5%
滋賀県,湖南市,小笠原電器,小売業,電化製品,5%
滋賀県,湖南市,かき舎香貴丸,サービス,飲食業,5%
滋賀県,湖南市,かねきち,小売業,食料品,5%
滋賀県,湖南市,株式会社ローグス ろーぐす本店,小売業,衣料品,5%
滋賀県,湖南市,グッドライフエナジー株式会社,小売業,その他小売,5%
滋賀県,湖南市,セブン－イレブン甲西駅前店,小売業,食料品,2%
滋賀県,湖南市,セブン－イレブン甲西菩提寺店,小売業,食料品,2%
滋賀県,湖南市,セブン－イレブン甲西郵便局前店,小売業,食料品,2%
滋賀県,湖南市,セブン－イレブン湖南石部口店,小売業,食料品,2%
滋賀県,湖南市,セブン－イレブン湖南岩根中央店,小売業,食料品,2%
滋賀県,湖南市,セブン－イレブン湖南岩根店,小売業,食料品,2%
滋賀県,湖南市,セブン－イレブン湖南三雲店,小売業,食料品,2%
滋賀県,湖南市,コミック広場 甲西店,サービス,その他サービス,5%
滋賀県,湖南市,ＳＨＯＰはやし,小売業,総合（非専門）,5%
滋賀県,湖南市,シンタケ写真館 シンタケ写真館,小売業,その他小売,5%
滋賀県,湖南市,すしふじ,サービス,飲食業,5%
滋賀県,湖南市,セルフステーション甲西ＳＳ,小売業,ガソリンスタンド,2%
滋賀県,湖南市,セルフステーションイオンタウン湖南ＳＳ 株式会社伊藤佑,小売業,ガソリンスタンド,2%
滋賀県,湖南市,武田酒店,小売業,食料品,5%
滋賀県,湖南市,立入ふとん店,小売業,家具・調度品,5%
滋賀県,湖南市,谷修金物店,小売業,その他小売,5%
滋賀県,湖南市,チシロデンキ,小売業,電化製品,5%
滋賀県,湖南市,ＴＥＡＳＨＩＳ滋賀湖南,サービス,理容・美容業,5%
滋賀県,湖南市,ｄｒｏｐ,小売業,衣料品,5%
滋賀県,湖南市,ｄｒｏｐ 甲西店,小売業,衣料品,5%
滋賀県,湖南市,長谷オ－トサ－ビス工業所,サービス,その他サービス,5%
滋賀県,湖南市,フレンズ 甲西店,小売業,衣料品,5%
滋賀県,湖南市,ホテルサンクレスト 甲西 レストラン旬香,サービス,宿泊業,5%
滋賀県,湖南市,らーめん藤,サービス,飲食業,5%
滋賀県,湖南市,竜王インターＳＳ,小売業,ガソリンスタンド,2%
滋賀県,高島市,愛輪舎電気部,小売業,電化製品,5%
滋賀県,高島市,セブン－イレブン安曇川駅前店,小売業,食料品,2%
滋賀県,高島市,安曇川ＳＳ 株式会社大山石油,小売業,ガソリンスタンド,2%
滋賀県,高島市,ＥＲＩｇｌｏｂａｌ．ｊａｐａｎ,サービス,その他サービス,5%
滋賀県,高島市,出光安曇川ＳＳ,小売業,ガソリンスタンド,2%
滋賀県,高島市,出光今津駅前ＳＳ,小売業,ガソリンスタンド,2%
滋賀県,高島市,出光箱館山ＳＳ,小売業,ガソリンスタンド,2%
滋賀県,高島市,セブン－イレブン今津南新保店,小売業,食料品,2%
滋賀県,高島市,恵美寿荘,サービス,宿泊業,5%
滋賀県,高島市,セブン－イレブン近江今津駅前店,小売業,食料品,2%
滋賀県,高島市,大江理容 大江理容店,サービス,理容・美容業,5%
滋賀県,高島市,オ－トオアシス安曇川ＳＳ,小売業,ガソリンスタンド,2%
滋賀県,高島市,株式会社鮎郷,小売業,総合（非専門）,5%
滋賀県,高島市,（株）Ｈ＆Ｆ 新旭ＳＳ,小売業,ガソリンスタンド,2%
滋賀県,高島市,株 松本石油 今津駅前給油所,小売業,ガソリンスタンド,2%
滋賀県,高島市,カラダがよろこぶ大判焼店,小売業,食料品,5%
滋賀県,高島市,ガリバ－ニュ－タカシマＳＳ,小売業,ガソリンスタンド,2%
滋賀県,高島市,カレーハウスＣＯＣＯ壱番屋高島安曇川店,サービス,飲食業,2%
滋賀県,高島市,還元陶板浴 虎杖伝説の里 ふじと,サービス,その他サービス,5%
滋賀県,高島市,業務スーパー安曇川店,小売業,食料品,2%
滋賀県,高島市,朽木ＳＳ,小売業,ガソリンスタンド,2%
滋賀県,高島市,桑原物産株式会社安曇川ＳＳ,小売業,ガソリンスタンド,2%
滋賀県,高島市,桑原物産株式会社寒風ＳＳ,小売業,ガソリンスタンド,2%
滋賀県,高島市,コーエーオート,サービス,その他サービス,5%
滋賀県,高島市,ココハウス ヨコイ,小売業,電化製品,5%
滋賀県,高島市,Ｓｈａｎｓｈｕｉ ｈｏｕｓｅ,サービス,宿泊業,5%
滋賀県,高島市,セブン－イレブン滋賀安曇川五番領店,小売業,食料品,2%
滋賀県,高島市,滋賀トヨペット高島店,小売業,その他小売,5%
滋賀県,高島市,清水興業株式会社 本社ＰＣ用,小売業,ガソリンスタンド,2%
滋賀県,高島市,しらい,小売業,その他小売,5%
滋賀県,高島市,セブン－イレブンしらひげ神社前店,小売業,食料品,2%
滋賀県,高島市,セルフ安曇川ＳＳ,小売業,ガソリンスタンド,2%
滋賀県,高島市,高島法律事務所,サービス,その他サービス,5%
滋賀県,高島市,玉垣芳文堂,小売業,書籍・玩具・音楽ＣＤ,5%
滋賀県,高島市,ＣＨＡＭＡＳＨＯＰ,小売業,衣料品,5%
滋賀県,高島市,電化ハウス ふちだ,小売業,電化製品,5%
滋賀県,高島市,藤樹ＳＳ,小売業,ガソリンスタンド,2%
滋賀県,高島市,永井自工,サービス,その他サービス,5%
滋賀県,高島市,びわ湖高島観光協会 たかしま まるごと百貨店,小売業,総合（非専門）,5%
滋賀県,高島市,フィッシングショップなかむら,小売業,その他小売,5%
滋賀県,高島市,フォレストヴィラ夢寿々,サービス,宿泊業,5%
滋賀県,高島市,ＢＬＵＥ ＢＩＫＥ＆ＳＯＡＰ,小売業,その他小売,5%
滋賀県,高島市,ヘイラク電器,小売業,電化製品,5%
滋賀県,高島市,ほうじょう,サービス,理容・美容業,5%
滋賀県,高島市,本社,小売業,ガソリンスタンド,2%
滋賀県,高島市,マキノ海津ＳＳ,小売業,ガソリンスタンド,2%
滋賀県,高島市,セブン－イレブンマキノ工業団地前店,小売業,食料品,2%
滋賀県,高島市,三矢デンキ,小売業,電化製品,5%
滋賀県,高島市,鍼灸マッサージ宮本治療院 宮本鍼灸マッサージ治療院,サービス,その他サービス,5%
滋賀県,高島市,森巳電器産業,小売業,電化製品,5%
滋賀県,高島市,山里暮らし交房 風結い,サービス,宿泊業,5%
滋賀県,高島市,有 クボタ シューズプラザクボタ,小売業,その他小売,5%
滋賀県,高島市,Ｌａｒｋ ｓｐｏｒｔｓ,小売業,その他小売,5%
滋賀県,高島市,料理旅館 丸茂,サービス,宿泊業,5%
滋賀県,多賀町,出光多賀ＳＳ,小売業,ガソリンスタンド,2%
滋賀県,多賀町,楓美容室,サービス,理容・美容業,5%
滋賀県,多賀町,久保田電気,小売業,電化製品,5%
滋賀県,多賀町,多賀さとの宿一圓屋敷,サービス,宿泊業,5%
滋賀県,多賀町,セブン－イレブン多賀大社前店,小売業,食料品,2%
滋賀県,多賀町,ＨＯＲＩＴＡＣＡＭＥＲＡ,小売業,電化製品,5%
滋賀県,豊郷町,カフェ御結,サービス,飲食業,5%
滋賀県,豊郷町,株式会社 市川農場,その他業種,ー,5%
滋賀県,豊郷町,豊郷ＳＳ 滋賀犬上郡,小売業,ガソリンスタンド,2%
滋賀県,豊郷町,豊郷ＳＳ,小売業,ガソリンスタンド,2%
滋賀県,豊郷町,パナスコープきたがわ,小売業,電化製品,5%
滋賀県,豊郷町,マクドナルド８号線豊郷店,サービス,飲食業,2%
滋賀県,豊郷町,メナード化粧品豊郷中央代行店 メナード化粧品豊郷中央代行店,小売業,その他小売,5%
滋賀県,長浜市,Ａｕｔｏｒｉｍｅｓｓａ,サービス,その他サービス,5%
滋賀県,長浜市,秋吉 長浜店,サービス,飲食業,5%
滋賀県,長浜市,アサヒメガネ長浜店,小売業,その他小売,5%
滋賀県,長浜市,姉川屋 ＹＳ あねがわや,小売業,その他小売,5%
滋賀県,長浜市,Ａ番館 ＫＯＤＥＲＡ,小売業,電化製品,5%
滋賀県,長浜市,油甚 ＳＳ,小売業,ガソリンスタンド,2%
滋賀県,長浜市,油甚 本店,小売業,ガソリンスタンド,2%
滋賀県,長浜市,油甚本店,小売業,食料品,5%
滋賀県,長浜市,?ＩＳＭ ?ＩＳＭ,サービス,理容・美容業,5%
滋賀県,長浜市,上野電器,小売業,電化製品,5%
滋賀県,長浜市,うどん・そば吉野,サービス,飲食業,5%
滋賀県,長浜市,ＥｎｅＪｅｔニュー長浜ＳＳ,小売業,ガソリンスタンド,2%
滋賀県,長浜市,近江の館 長浜本店,小売業,食料品,5%
滋賀県,長浜市,大谷電化サービス店,小売業,電化製品,5%
滋賀県,長浜市,太田のタネ 長浜営業所,小売業,その他小売,5%
滋賀県,長浜市,株式会社オーミヤ,小売業,その他小売,5%
滋賀県,長浜市,お酒菜処 季咲,サービス,飲食業,5%
滋賀県,長浜市,おしたに呉服店,小売業,衣料品,5%
滋賀県,長浜市,オピュール,その他業種,ー,5%
滋賀県,長浜市,Ｏｒａｎｇｅ ｐｌｕｓ,小売業,食料品,5%
滋賀県,長浜市,オリックスレンタカー長浜駅前西口店,サービス,その他サービス,2%
滋賀県,長浜市,菓子乃蔵 角屋,小売業,食料品,5%
滋賀県,長浜市,カネイ岡木之本店,小売業,その他小売,5%
滋賀県,長浜市,かねなか酒店,小売業,食料品,5%
滋賀県,長浜市,カノアカーレンタル,その他業種,ー,5%
滋賀県,長浜市,Ｋａｐｕａ長浜,サービス,理容・美容業,5%
滋賀県,長浜市,ｃａｆｅ ｋｏｍａｉ?ｔｅｉ,サービス,飲食業,5%
滋賀県,長浜市,株式会社小山仁商店 紙遊館,小売業,その他小売,5%
滋賀県,長浜市,株式会社中田モータース,サービス,その他サービス,5%
滋賀県,長浜市,カレーハウスＣｏＣｏ壱番屋長浜８号バイパス店,サービス,飲食業,2%
滋賀県,長浜市,かわ重,小売業,その他小売,5%
滋賀県,長浜市,河原林燃料店,小売業,その他小売,5%
滋賀県,長浜市,河原林燃料店２,小売業,その他小売,5%
滋賀県,長浜市,セブン－イレブン北近江高月店,小売業,食料品,2%
滋賀県,長浜市,北風商店,小売業,食料品,5%
滋賀県,長浜市,木之本ＳＳ,小売業,ガソリンスタンド,2%
滋賀県,長浜市,セブン－イレブン木之本インター口店,小売業,食料品,2%
滋賀県,長浜市,木之本ＳＳ 有限会社油定商店,小売業,ガソリンスタンド,2%
滋賀県,長浜市,京極寿司,サービス,飲食業,5%
滋賀県,長浜市,グランパレー京岩,サービス,飲食業,5%
滋賀県,長浜市,黒壁ガラス館,小売業,その他小売,5%
滋賀県,長浜市,クローバー代行サービス,サービス,運輸業,5%
滋賀県,長浜市,化城ペガサス株式会社速水ＳＳ,小売業,ガソリンスタンド,2%
滋賀県,長浜市,コーヒー＆ピザタイム こめか,サービス,飲食業,5%
滋賀県,長浜市,ココイロギフトマーケット,小売業,その他小売,5%
滋賀県,長浜市,己高庵,サービス,宿泊業,5%
滋賀県,長浜市,セブン－イレブン湖北小谷店,小売業,食料品,2%
滋賀県,長浜市,セブン－イレブン湖北下山田店,小売業,食料品,2%
滋賀県,長浜市,セブン－イレブン湖北町速水店,小売業,食料品,2%
滋賀県,長浜市,湖北ノ空、二人ノ宿 きひろ,サービス,宿泊業,5%
滋賀県,長浜市,塩津ＳＳ 株式会社太中石油,小売業,ガソリンスタンド,2%
滋賀県,長浜市,シオン堂,小売業,電化製品,5%
滋賀県,長浜市,滋賀トヨペット長浜店,小売業,その他小売,5%
滋賀県,長浜市,時代物工房 一助朋月,小売業,その他小売,5%
滋賀県,長浜市,時代物工房一助朋月,小売業,その他小売,5%
滋賀県,長浜市,七条,小売業,ガソリンスタンド,2%
滋賀県,長浜市,しもむら鮮魚店,小売業,食料品,5%
滋賀県,長浜市,塾アトラス,サービス,その他サービス,5%
滋賀県,長浜市,笑楽屋 ごち,サービス,飲食業,5%
滋賀県,長浜市,ｔｒａｔｔｏｒｉａｇｉｇｌｉｏ,サービス,飲食業,5%
滋賀県,長浜市,新栄自動車,サービス,その他サービス,5%
滋賀県,長浜市,おにくや食堂Ｓｕｅｈｉｒｏ,サービス,飲食業,5%
滋賀県,長浜市,すずきデンキ,小売業,電化製品,5%
滋賀県,長浜市,スバルショップ長浜,サービス,その他サービス,5%
滋賀県,長浜市,セイフテイ,サービス,その他サービス,5%
滋賀県,長浜市,セルフステーションながはまＳＳ,小売業,ガソリンスタンド,2%
滋賀県,長浜市,セルフステーション長浜ドームＳＳ,小売業,ガソリンスタンド,2%
滋賀県,長浜市,想古亭げんない,サービス,宿泊業,5%
滋賀県,長浜市,ソフトバンク 長浜,小売業,その他小売,5%
滋賀県,長浜市,ダイコクＦＣ長浜木之本店,小売業,その他小売,5%
滋賀県,長浜市,高田,小売業,ガソリンスタンド,2%
滋賀県,長浜市,たかやま電器,小売業,電化製品,5%
滋賀県,長浜市,タジマヤ,小売業,その他小売,5%
滋賀県,長浜市,谷口生花園芸,小売業,その他小売,5%
滋賀県,長浜市,たねだ,小売業,衣料品,5%
滋賀県,長浜市,たわだ家具,小売業,家具・調度品,5%
滋賀県,長浜市,茶真商店,小売業,食料品,5%
滋賀県,長浜市,長治庵,サービス,宿泊業,5%
滋賀県,長浜市,角川電機,小売業,電化製品,5%
滋賀県,長浜市,ＴｕＲｕ Ｌｅｇｅｎｄ,小売業,衣料品,5%
滋賀県,長浜市,Ｔｅｅｎｙ Ｗｅｅｎｙ,サービス,飲食業,5%
滋賀県,長浜市,テーラーズガレージ,サービス,その他サービス,5%
滋賀県,長浜市,黒壁２４号館陶芸工房ほっこくがま,サービス,その他サービス,5%
滋賀県,長浜市,トヨタレンタリース滋賀長浜店,サービス,その他サービス,2%
滋賀県,長浜市,トヨタレンタリース滋賀 長浜店,サービス,その他サービス,2%
滋賀県,長浜市,トラックセンター加納店,小売業,その他小売,5%
滋賀県,長浜市,虎姫町,小売業,ガソリンスタンド,2%
滋賀県,長浜市,ＮＡＯＥ治療院,サービス,理容・美容業,5%
滋賀県,長浜市,長浜インターＳＳ,小売業,ガソリンスタンド,2%
滋賀県,長浜市,セブンーイレブン長浜インター店,小売業,食料品,2%
滋賀県,長浜市,セブンーイレブン長浜内保東店,小売業,食料品,2%
滋賀県,長浜市,セブン－イレブン長浜駅前店,小売業,食料品,2%
滋賀県,長浜市,セブンーイレブン長浜加納町店,小売業,食料品,2%
滋賀県,長浜市,セブン－イレブン長浜神照町店,小売業,食料品,2%
滋賀県,長浜市,セブン－イレブン長浜北中学校前店,小売業,食料品,2%
滋賀県,長浜市,セブンーイレブン長浜球場前店,小売業,食料品,2%
滋賀県,長浜市,セブン－イレブン長浜公園町店,小売業,食料品,2%
滋賀県,長浜市,ながはま御坊表参道 丸彦,小売業,衣料品,5%
滋賀県,長浜市,長浜酒場 情熱ホルモン,サービス,飲食業,5%
滋賀県,長浜市,長浜酒場 和来,サービス,飲食業,5%
滋賀県,長浜市,長浜車輌,サービス,その他サービス,5%
滋賀県,長浜市,セブン－イレブン長浜バイオ大学前店,小売業,食料品,2%
滋賀県,長浜市,長浜バイパスＳＳ,小売業,ガソリンスタンド,2%
滋賀県,長浜市,セブン－イレブン長浜馬車道通り店,小売業,食料品,2%
滋賀県,長浜市,セブン－イレブン長浜八幡東町店,小売業,食料品,2%
滋賀県,長浜市,中萬商事株式会社,小売業,その他小売,5%
滋賀県,長浜市,中萬商事株式会社 ２,小売業,その他小売,5%
滋賀県,長浜市,ナッソービューティー,サービス,理容・美容業,5%
滋賀県,長浜市,セブン－イレブン西浅井塩津店,小売業,食料品,2%
滋賀県,長浜市,西河電器,小売業,電化製品,5%
滋賀県,長浜市,日本ローズウィンドウ協会,小売業,その他小売,5%
滋賀県,長浜市,布工房Ｄｅｎ,小売業,衣料品,5%
滋賀県,長浜市,眠りのプロショップＳａｗａｄａ,小売業,家具・調度品,5%
滋賀県,長浜市,Ｈｉ Ｌｉｆｅ,小売業,その他小売,5%
滋賀県,長浜市,橋川酒食品,小売業,食料品,5%
滋賀県,長浜市,橋本整体院,サービス,その他サービス,5%
滋賀県,長浜市,パナスコープマサキ,小売業,電化製品,5%
滋賀県,長浜市,ｈａｎａ ｘ ｈａｉｒ,サービス,理容・美容業,5%
滋賀県,長浜市,羽淵商店,小売業,その他小売,5%
滋賀県,長浜市,濱屋,小売業,家具・調度品,5%
滋賀県,長浜市,ピアレキタガワ,小売業,電化製品,5%
滋賀県,長浜市,美容室ｈ３０℃,サービス,理容・美容業,5%
滋賀県,長浜市,びわこ自工有限会社,サービス,その他サービス,5%
滋賀県,長浜市,びわ湖の幸 魚三,小売業,食料品,5%
滋賀県,長浜市,セブン－イレブンびわ町曽根店,小売業,食料品,2%
滋賀県,長浜市,ファミリーショップ はんがい長浜店,小売業,総合（非専門）,5%
滋賀県,長浜市,ＰＨＹＳＩＯ,サービス,理容・美容業,5%
滋賀県,長浜市,ふうしん中山店,小売業,その他小売,5%
滋賀県,長浜市,フォーユー長浜バイパスＳＳ,小売業,ガソリンスタンド,2%
滋賀県,長浜市,藤田機械店,小売業,その他小売,5%
滋賀県,長浜市,二葉電機商会,小売業,電化製品,5%
滋賀県,長浜市,文泉堂,小売業,書籍・玩具・音楽ＣＤ,5%
滋賀県,長浜市,ヘアーサロンカワズ,サービス,理容・美容業,5%
滋賀県,長浜市,ｈａｉｒ ＪＩＳＴＡ,サービス,理容・美容業,5%
滋賀県,長浜市,有限会社まつだや,小売業,衣料品,5%
滋賀県,長浜市,ＭＡＴＣＨＬｅａｔｈｅｒＷｏｒｋｓ,その他業種,ー,5%
滋賀県,長浜市,丸三ハシモト,小売業,書籍・玩具・音楽ＣＤ,5%
滋賀県,長浜市,丸中石油店,小売業,ガソリンスタンド,5%
滋賀県,長浜市,三谷旅館,サービス,宿泊業,5%
滋賀県,長浜市,Ｍｉｍｏｓリラクゼーション,サービス,理容・美容業,5%
滋賀県,長浜市,メガネ赤札堂 長浜店,小売業,貴金属・服飾品,5%
滋賀県,長浜市,もりかわ農場,小売業,食料品,5%
滋賀県,長浜市,焼肉 ほくと,サービス,飲食業,5%
滋賀県,長浜市,山口モータース,サービス,その他サービス,5%
滋賀県,長浜市,山崎自動車,小売業,その他小売,5%
滋賀県,長浜市,山路酒店,小売業,食料品,5%
滋賀県,長浜市,山田デンキ,小売業,電化製品,5%
滋賀県,長浜市,有限会社 清水眼鏡店,小売業,その他小売,5%
滋賀県,長浜市,有限会社 杉江自動車,小売業,その他小売,5%
滋賀県,長浜市,ゆたか商会,小売業,電化製品,5%
滋賀県,長浜市,余呉ＳＳ 合同会社余呉地域づくり,小売業,ガソリンスタンド,2%
滋賀県,長浜市,絹と繭の店 よつづか,小売業,衣料品,5%
滋賀県,長浜市,よばれやんせ。,サービス,飲食業,5%
滋賀県,長浜市,ラッキ－モ－タ－ス,小売業,その他小売,5%
滋賀県,長浜市,蘭亭オムライス,サービス,飲食業,5%
滋賀県,長浜市,Ｌｉａｎｈａｉｒ,サービス,理容・美容業,5%
滋賀県,長浜市,旅館紅鮎,サービス,宿泊業,5%
滋賀県,長浜市,ＲＯＫＡｈａｉｒ,サービス,理容・美容業,5%
滋賀県,長浜市,ヘンリーイン,サービス,飲食業,5%
滋賀県,東近江市,愛東ＳＳ,小売業,ガソリンスタンド,2%
滋賀県,東近江市,あいとうマーガレットステーション 花工房ｍｉｍｏｓａ,小売業,その他小売,5%
滋賀県,東近江市,朝日野カントリ－倶楽部,サービス,その他サービス,5%
滋賀県,東近江市,アサヒメガネ八日市店,小売業,その他小売,5%
滋賀県,東近江市,アズイン東近江能登川駅前,サービス,宿泊業,5%
滋賀県,東近江市,ＥＭｓ トレーナーストレッチ東近江店,サービス,理容・美容業,5%
滋賀県,東近江市,出光グリーンアップル五個荘ＳＳ,小売業,ガソリンスタンド,2%
滋賀県,東近江市,衣の一番たかれん,小売業,衣料品,5%
滋賀県,東近江市,岩井亭 八日市本店,小売業,食料品,5%
滋賀県,東近江市,永源寺温泉 八風の湯,サービス,宿泊業,5%
滋賀県,東近江市,近江蒲生ＳＳ,小売業,ガソリンスタンド,2%
滋賀県,東近江市,大凧通り,小売業,ガソリンスタンド,2%
滋賀県,東近江市,大森屋,小売業,その他小売,5%
滋賀県,東近江市,オ－トセンタ－ムラタ,サービス,その他サービス,5%
滋賀県,東近江市,カーショップオクムラ,サービス,その他サービス,5%
滋賀県,東近江市,カトウモータース株式会社,サービス,その他サービス,5%
滋賀県,東近江市,株式会社エフレボ,サービス,その他サービス,5%
滋賀県,東近江市,ＣａＲａｔ ＣａＲａｔ,サービス,理容・美容業,5%
滋賀県,東近江市,ＧＡＲＡＧＥ ＣＨＡＭＰ,サービス,その他サービス,5%
滋賀県,東近江市,カレーハウスＣｏＣｏ壱番屋東近江五個荘店,サービス,飲食業,2%
滋賀県,東近江市,カレーハウスＣｏＣｏ壱番屋八日市春日町店,サービス,飲食業,2%
滋賀県,東近江市,革研究所 滋賀東近江店,サービス,その他サービス,5%
滋賀県,東近江市,木村自動車,サービス,その他サービス,5%
滋賀県,東近江市,キムラスクエアガーデン,小売業,その他小売,5%
滋賀県,東近江市,京屋クリーニング フレンドマート蒲生店 京屋クリーニング蒲生店,サービス,その他サービス,5%
滋賀県,東近江市,くつろぎ茶 幸,サービス,飲食業,5%
滋賀県,東近江市,くらま楽器,小売業,書籍・玩具・音楽ＣＤ,5%
滋賀県,東近江市,グリーンプラザ カワシマ,小売業,その他小売,5%
滋賀県,東近江市,セブン－イレブン五個荘清水鼻店,小売業,食料品,2%
滋賀県,東近江市,セブン－イレブン五個荘南店,小売業,食料品,2%
滋賀県,東近江市,小澤電機,小売業,電化製品,5%
滋賀県,東近江市,株式会社こじま花店,小売業,その他小売,5%
滋賀県,東近江市,湖東ハナノキＳＳ,小売業,ガソリンスタンド,2%
滋賀県,東近江市,セブン－イレブン湖東横溝店,小売業,食料品,2%
滋賀県,東近江市,さわだ,小売業,衣料品,5%
滋賀県,東近江市,サンオートサービス,小売業,その他小売,5%
滋賀県,東近江市,株式会社三省堂,小売業,家具・調度品,5%
滋賀県,東近江市,Ｓｕｎｗｏｒｋｓ,サービス,その他サービス,5%
滋賀県,東近江市,ＳＣＥＮＥ,サービス,その他サービス,5%
滋賀県,東近江市,セブン－イレブン滋賀蒲生市子松井店,小売業,食料品,2%
滋賀県,東近江市,セブン－イレブン滋賀蒲生蒲生堂店,小売業,食料品,2%
滋賀県,東近江市,滋賀トヨペットＳａｔ八日市,小売業,その他小売,5%
滋賀県,東近江市,Ｎ－ＳＰＯＴ－クリミ,小売業,電化製品,5%
滋賀県,東近江市,セルフステーション五個荘ＳＳ,小売業,ガソリンスタンド,2%
滋賀県,東近江市,セルフステーション湖東ＳＳ,小売業,ガソリンスタンド,2%
滋賀県,東近江市,Ｄｉｎｉｎｇ Ｓｐａｃｅ ＲｉＲｉ,サービス,飲食業,5%
滋賀県,東近江市,田中自転車店,小売業,その他小売,5%
滋賀県,東近江市,外川善種苗園,小売業,その他小売,5%
滋賀県,東近江市,鳥善,小売業,総合（非専門）,5%
滋賀県,東近江市,とりやきサントリ食堂 とりやきサントリ食堂,サービス,飲食業,5%
滋賀県,東近江市,中島酒店,小売業,食料品,5%
滋賀県,東近江市,布引焼窯元,小売業,その他小売,5%
滋賀県,東近江市,セブン－イレブン能登川中学校前店,小売業,食料品,2%
滋賀県,東近江市,能登川薬局片山回天堂,小売業,その他小売,5%
滋賀県,東近江市,野村電機商会,小売業,電化製品,5%
滋賀県,東近江市,ＢｕｒｎＦｒｅｅｌｙ,その他業種,ー,5%
滋賀県,東近江市,ｂｉｋｅ ｃｙｃｌｅ ｓｈｏｐ ２輪館,小売業,その他小売,5%
滋賀県,東近江市,八風窯,その他業種,ー,5%
滋賀県,東近江市,パパママハウスキタザワ,小売業,電化製品,5%
滋賀県,東近江市,速水商会,サービス,その他サービス,5%
滋賀県,東近江市,セブン－イレブン東近江永源寺店,小売業,食料品,2%
滋賀県,東近江市,セブン－イレブン東近江栗見新田店,小売業,食料品,2%
滋賀県,東近江市,セブン－イレブン東近江小田苅店,小売業,食料品,2%
滋賀県,東近江市,フィールズ,サービス,その他サービス,5%
滋賀県,東近江市,Ｆｉｌｕｍ,サービス,理容・美容業,5%
滋賀県,東近江市,ＢＬＵＥＭＯＯＮ,サービス,その他サービス,5%
滋賀県,東近江市,フレンズ・コトー,小売業,電化製品,5%
滋賀県,東近江市,文平堂 文平堂,小売業,書籍・玩具・音楽ＣＤ,5%
滋賀県,東近江市,Ｈａｉｒ Ｓａｌｏｎ ｙｏｕ華 ｈａｉｒ ｓａｌｏｎ ｙｏｕ華,サービス,理容・美容業,5%
滋賀県,東近江市,Ｈａｉｒ Ｓｐａｃｅ Ｏｆｆ,サービス,理容・美容業,5%
滋賀県,東近江市,ｈｏｃｏｒｏ,小売業,衣料品,5%
滋賀県,東近江市,ホルモンチエちゃん ホルモン屋チエちゃん,サービス,飲食業,5%
滋賀県,東近江市,前田商店湖東ＳＳ,小売業,ガソリンスタンド,2%
滋賀県,東近江市,増田電気商会,小売業,電化製品,5%
滋賀県,東近江市,松村電機,小売業,電化製品,5%
滋賀県,東近江市,ママイクコ 八日市駅前通り,小売業,総合（非専門）,5%
滋賀県,東近江市,マル井ふとん店,小売業,その他小売,5%
滋賀県,東近江市,丸善呉服店,小売業,衣料品,5%
滋賀県,東近江市,ミノル,小売業,貴金属・服飾品,5%
滋賀県,東近江市,セブン－イレブン名神高速黒丸ＰＡ上り店,小売業,食料品,2%
滋賀県,東近江市,メガネ２１ 能登川店,小売業,その他小売,5%
滋賀県,東近江市,メガネのハヤミ 八日市店,小売業,その他小売,5%
滋賀県,東近江市,八百亀,小売業,総合（非専門）,5%
滋賀県,東近江市,遊月,サービス,飲食業,5%
滋賀県,東近江市,有限会社かじ徳 有限会社 かじ徳,小売業,総合（非専門）,5%
滋賀県,東近江市,有限会社中嶋電機,小売業,電化製品,5%
滋賀県,東近江市,夢はうす しみず,小売業,電化製品,5%
滋賀県,東近江市,八日市ＳＳ,小売業,ガソリンスタンド,2%
滋賀県,東近江市,セブン－イレブン八日市インター店,小売業,食料品,2%
滋賀県,東近江市,セブン－イレブン八日市小脇店,小売業,食料品,2%
滋賀県,東近江市,セブン－イレブン八日市上之町店,小売業,食料品,2%
滋賀県,東近江市,セブン－イレブン八日市東浜町店,小売業,食料品,2%
滋賀県,東近江市,八日市ロイヤルホテル,サービス,宿泊業,5%
滋賀県,東近江市,よつば整体院,サービス,その他サービス,5%
滋賀県,東近江市,米窯,その他業種,ー,5%
滋賀県,東近江市,株式会社ラブリーシステムイン,サービス,その他サービス,5%
滋賀県,東近江市,ＬＩＸＩＬリフォ－ムショップ ライファ東近江,サービス,その他サービス,2%
滋賀県,東近江市,株式会社リビック長浜 近江営業所,小売業,その他小売,5%
滋賀県,東近江市,理容まつば,サービス,理容・美容業,5%
滋賀県,彦根市,葵電機,小売業,電化製品,5%
滋賀県,彦根市,秋吉 彦根店,サービス,飲食業,5%
滋賀県,彦根市,アサヒメガネ彦根店,小売業,その他小売,5%
滋賀県,彦根市,アラジン彦根店,小売業,総合（非専門）,5%
滋賀県,彦根市,居川電機商会,小売業,電化製品,5%
滋賀県,彦根市,一圓テクノス 南彦根給油所,小売業,ガソリンスタンド,2%
滋賀県,彦根市,いと重菓舗 本店,小売業,食料品,5%
滋賀県,彦根市,ｉｌａ ｍｏｋｕｒｅｎ,サービス,理容・美容業,5%
滋賀県,彦根市,上野マイカーセンター,小売業,その他小売,5%
滋賀県,彦根市,ＥｎｅＪｅｔ彦根ＳＳ,小売業,ガソリンスタンド,2%
滋賀県,彦根市,ＭＫエステート ＭＫエステート,サービス,その他サービス,5%
滋賀県,彦根市,エルソル,サービス,飲食業,5%
滋賀県,彦根市,近江牛肉専門店こにし本店,その他業種,ー,5%
滋賀県,彦根市,近江牛乃老舗 藤井,小売業,食料品,5%
滋賀県,彦根市,近江治療院東洋療法専門院,サービス,理容・美容業,5%
滋賀県,彦根市,オーシーエルサービス,サービス,その他サービス,5%
滋賀県,彦根市,有 大津屋雑貨店,小売業,衣料品,5%
滋賀県,彦根市,オートショップハクイ,小売業,その他小売,5%
滋賀県,彦根市,おかしの三口屋,小売業,その他小売,5%
滋賀県,彦根市,お食事処 すし浜,サービス,飲食業,5%
滋賀県,彦根市,オリックスレンタカー南彦根店,サービス,その他サービス,2%
滋賀県,彦根市,片山道具店,小売業,その他小売,5%
滋賀県,彦根市,カフェグレコ,サービス,飲食業,5%
滋賀県,彦根市,株式会社 伊藤仏壇 本店,小売業,その他小売,5%
滋賀県,彦根市,株式会社エムランド,サービス,その他サービス,5%
滋賀県,彦根市,からだの修理屋さん,サービス,その他サービス,5%
滋賀県,彦根市,カレーハウスＣｏＣｏ壱番屋彦根中薮店,サービス,飲食業,2%
滋賀県,彦根市,きものの裳美苑,小売業,衣料品,5%
滋賀県,彦根市,きゃべつ畑,サービス,飲食業,5%
滋賀県,彦根市,共進自動車,サービス,その他サービス,5%
滋賀県,彦根市,京屋クリーニングＶｉｖａｃｉｔｙ,サービス,その他サービス,5%
滋賀県,彦根市,グッドボルダリング,サービス,その他サービス,5%
滋賀県,彦根市,小松電気商会,小売業,電化製品,5%
滋賀県,彦根市,ジーンズショップ ボーンフリー,小売業,衣料品,5%
滋賀県,彦根市,滋賀トヨペットＳａｔ彦根,小売業,その他小売,5%
滋賀県,彦根市,ＪａｚｚＳｉｌｖｅｒＢａｃｋ,サービス,理容・美容業,5%
滋賀県,彦根市,城南自動車工業,サービス,その他サービス,5%
滋賀県,彦根市,Ｇｉｒａｓｏｌｅ Ｇｉｒａｓｏｌｅ,サービス,飲食業,5%
滋賀県,彦根市,新日本補聴器センター彦根店,小売業,その他小売,5%
滋賀県,彦根市,スーパーセルフ彦根ＳＳ,小売業,ガソリンスタンド,2%
滋賀県,彦根市,有限会社 杉林自動車工業所,サービス,その他サービス,5%
滋賀県,彦根市,スポットノグチ,小売業,電化製品,5%
滋賀県,彦根市,スマートクールカインズホーム彦根店,その他業種,ー,5%
滋賀県,彦根市,セルフ＆カーケアセンター国道彦根,小売業,ガソリンスタンド,2%
滋賀県,彦根市,創作 Ｄｉｎｉｎｇ そらや,サービス,飲食業,5%
滋賀県,彦根市,そもそも．ん,小売業,衣料品,5%
滋賀県,彦根市,高橋電器店,小売業,電化製品,5%
滋賀県,彦根市,高橋美術,その他業種,ー,5%
滋賀県,彦根市,田中電器,小売業,電化製品,5%
滋賀県,彦根市,玉屋眼鏡店,小売業,その他小売,5%
滋賀県,彦根市,中国料理招禄,サービス,飲食業,5%
滋賀県,彦根市,Ｔａｋｅ５,サービス,飲食業,5%
滋賀県,彦根市,出口電気商会,小売業,電化製品,5%
滋賀県,彦根市,トヨタレンタリース滋賀彦根店,サービス,その他サービス,2%
滋賀県,彦根市,西音商店,小売業,食料品,5%
滋賀県,彦根市,ＢＡＲＢＥＲＳＨＯＰ集,サービス,理容・美容業,5%
滋賀県,彦根市,パナシティ三光,小売業,電化製品,5%
滋賀県,彦根市,パナスコ－プニシダ,小売業,電化製品,5%
滋賀県,彦根市,パナスコープヨコハタ,小売業,電化製品,5%
滋賀県,彦根市,パリヤサンペデックＰマート,小売業,食料品,5%
滋賀県,彦根市,ビーキッス,サービス,理容・美容業,5%
滋賀県,彦根市,彦富ＳＳ カ－・ステ－ション・オカダ有限会社,小売業,ガソリンスタンド,2%
滋賀県,彦根市,彦根インターＳＳ,小売業,ガソリンスタンド,2%
滋賀県,彦根市,ひこね亀樂車 初号機,サービス,その他サービス,5%
滋賀県,彦根市,ひこね亀樂車 弐号機,サービス,その他サービス,5%
滋賀県,彦根市,彦根酒場 情熱ホルモン,サービス,飲食業,5%
滋賀県,彦根市,セブン－イレブン彦根城前店,小売業,食料品,2%
滋賀県,彦根市,セブン－イレブン彦根城町１丁目店,小売業,食料品,2%
滋賀県,彦根市,セブン－イレブン彦根新海町店,小売業,食料品,2%
滋賀県,彦根市,セブン－イレブン彦根日電硝子前店,小売業,食料品,2%
滋賀県,彦根市,彦根ニュータウンＳＳ,小売業,ガソリンスタンド,2%
滋賀県,彦根市,セブン－イレブン彦根日夏店,小売業,食料品,2%
滋賀県,彦根市,セブン－イレブン彦根平田小学校前店,小売業,食料品,2%
滋賀県,彦根市,セブン－イレブン彦根平田町店,小売業,食料品,2%
滋賀県,彦根市,セブン－イレブン彦根平田南店,小売業,食料品,2%
滋賀県,彦根市,セブン－イレブン彦根南川瀬町店,小売業,食料品,2%
滋賀県,彦根市,セブン－イレブン彦根蓮台寺店,小売業,食料品,2%
滋賀県,彦根市,久子の大福,小売業,食料品,5%
滋賀県,彦根市,ＰＶＫ,小売業,その他小売,5%
滋賀県,彦根市,びわ湖畔味覚の宿双葉荘,サービス,宿泊業,5%
滋賀県,彦根市,ＦＲＡＭＥＳ,小売業,衣料品,5%
滋賀県,彦根市,ＦＲＡＭＥＳ ＶＩＶＡ ＣＩＴＹ ＦＲＡＭＥＳ ＶＩＶＡＣＩＴＹ,小売業,食料品,5%
滋賀県,彦根市,Ｈａｉｒ ＢＡＧＵＳ,サービス,理容・美容業,5%
滋賀県,彦根市,ヘアーサロンフジツカ,サービス,理容・美容業,5%
滋賀県,彦根市,Ｈａｉｒ’ｓ和 ?なごみ?,サービス,理容・美容業,5%
滋賀県,彦根市,ヘアールネサンス モモ,サービス,理容・美容業,5%
滋賀県,彦根市,ぽえむ,サービス,飲食業,5%
滋賀県,彦根市,ＢＯＲＮ ＦＲＥＥ ＶＩＶＡ ＣＩＴＹ,小売業,衣料品,5%
滋賀県,彦根市,ＢＯＲＮ ＦＲＥＥ ＶＩＶＡ ＣＩＴＹ,小売業,衣料品,5%
滋賀県,彦根市,ＢＯＲＮ ＦＲＥＥ ＭＥＧＡ ＳＴＯＲＥ,小売業,衣料品,5%
滋賀県,彦根市,ＢＯＲＮ ＦＲＥＥ ＭＥＧＡ ＳＴＯＲＥ,小売業,衣料品,5%
滋賀県,彦根市,ポジティブ・スーパースター ポジティブスーパースター,サービス,理容・美容業,5%
滋賀県,彦根市,ホテルエスタシオン彦根,サービス,宿泊業,5%
滋賀県,彦根市,マクドナルド８号線彦根店,サービス,飲食業,2%
滋賀県,彦根市,マクドナルド彦根カインズホーム店,サービス,飲食業,2%
滋賀県,彦根市,マクドナルド彦根ビバシティ店,サービス,飲食業,2%
滋賀県,彦根市,マクドナルド彦根ベルロード大藪店,サービス,飲食業,2%
滋賀県,彦根市,ｍａｒｕｋｙｏ,サービス,飲食業,5%
滋賀県,彦根市,丸西商会,サービス,その他サービス,5%
滋賀県,彦根市,セブン－イレブン南彦根駅北店,小売業,食料品,2%
滋賀県,彦根市,ｍａｄｅ ｂｙ ＢＯＲＮＦＲＥＥ,小売業,衣料品,5%
滋賀県,彦根市,メガネ赤札堂 彦根店,小売業,貴金属・服飾品,5%
滋賀県,彦根市,メガネ２１彦根店,小売業,その他小売,5%
滋賀県,彦根市,メガネのハヤミ ビバシティ店,小売業,その他小売,5%
滋賀県,彦根市,メガネのハヤミ ビバシティ店,小売業,その他小売,5%
滋賀県,彦根市,メガネのハヤミ 平田店,小売業,その他小売,5%
滋賀県,彦根市,メモリアル石材工業,サービス,その他サービス,5%
滋賀県,彦根市,ヤキトリ モモフク,サービス,飲食業,5%
滋賀県,彦根市,焼肉ダイニング千乃房 焼肉ダイニング千乃房,サービス,飲食業,5%
滋賀県,彦根市,焼肉でん 彦根店,サービス,飲食業,5%
滋賀県,彦根市,有限会社カーショップＫ２,小売業,その他小売,5%
滋賀県,彦根市,有限会社デュークス,その他業種,ー,5%
滋賀県,彦根市,有限会社日夏自動車,サービス,その他サービス,5%
滋賀県,彦根市,ＵＣＣカフェメルカード彦根中央店,サービス,飲食業,5%
滋賀県,彦根市,夢京橋あかり館,小売業,その他小売,5%
滋賀県,彦根市,楽座,サービス,飲食業,5%
滋賀県,彦根市,楽座,サービス,飲食業,5%
滋賀県,彦根市,ＬａＬａツーリスト 彦根店,サービス,その他サービス,5%
滋賀県,彦根市,ＬＩＸＩＬリフォ－ムショップ ライファ彦根,サービス,その他サービス,2%
滋賀県,彦根市,レンタサイクル「駅リンくん彦根店」,サービス,運輸業,5%
滋賀県,彦根市,ワカバヤシケイテイショウカイ,サービス,その他サービス,5%
滋賀県,日野町,あべデンキ,小売業,電化製品,5%
滋賀県,日野町,ＯＦＦＩＣＥ２１ 野出店,小売業,衣料品,5%
滋賀県,日野町,門谷自動車工業,サービス,その他サービス,5%
滋賀県,日野町,株式会社ひのや 支店,小売業,食料品,5%
滋賀県,日野町,株式会社ひのや 本店,小売業,食料品,5%
滋賀県,日野町,蒲生ゴルフ倶楽部,サービス,その他サービス,5%
滋賀県,日野町,ココハウスシミズ,小売業,電化製品,5%
滋賀県,日野町,こばやしＣｌｅａｎｉｎｇ,サービス,その他サービス,5%
滋賀県,日野町,呉服のいちかわ 呉服のいちかわ,小売業,衣料品,5%
滋賀県,日野町,セブン－イレブン滋賀日野高校前店,小売業,食料品,2%
滋賀県,日野町,スーパーセルフ３０７日野ＳＳ,小売業,ガソリンスタンド,2%
滋賀県,日野町,タイヨウブレッズ,小売業,食料品,5%
滋賀県,日野町,日野ＳＳ,小売業,ガソリンスタンド,2%
滋賀県,日野町,セブン－イレブン日野町工業団地前店,小売業,食料品,2%
滋賀県,日野町,セブン－イレブン日野町松尾店,小売業,食料品,2%
滋賀県,日野町,日野西 ＳＳ,小売業,ガソリンスタンド,2%
滋賀県,日野町,フーズアイランド日野店,小売業,食料品,5%
滋賀県,日野町,藤松電器,小売業,電化製品,5%
滋賀県,日野町,洋菓子の店不二屋,サービス,飲食業,5%
滋賀県,日野町,洋菓子の店不二屋,小売業,食料品,5%
滋賀県,日野町,Ｒｅ 楽 ?Ｊ ｓｔｙｌｅ?,サービス,その他サービス,5%
滋賀県,米原市,Ａｎ Ｔｈｏｌｏ,サービス,理容・美容業,5%
滋賀県,米原市,ｉｓｎ’ｔ ｉｔ ｄｅｓｉｇｎ．,小売業,衣料品,5%
滋賀県,米原市,出光醒ケ井ＳＳ,小売業,ガソリンスタンド,2%
滋賀県,米原市,伊吹ＳＳ,小売業,ガソリンスタンド,2%
滋賀県,米原市,伊吹ＳＳ 有限会社福永石油,小売業,ガソリンスタンド,2%
滋賀県,米原市,セブン－イレブン伊吹春照店,小売業,食料品,2%
滋賀県,米原市,伊吹ハム（本店）,小売業,食料品,5%
滋賀県,米原市,セブン－イレブン近江宇賀野店,小売業,食料品,2%
滋賀県,米原市,近江長岡ＳＳ,小売業,ガソリンスタンド,2%
滋賀県,米原市,株式会社オーミヤ 米原営業所,小売業,その他小売,5%
滋賀県,米原市,有限会社関西パイプライン,小売業,その他小売,5%
滋賀県,米原市,有限会社祇園屋,その他業種,ー,5%
滋賀県,米原市,Ｕ舎,その他業種,ー,5%
滋賀県,米原市,ココハウスホリエ,小売業,電化製品,5%
滋賀県,米原市,ＳＡＮＫＩ ＫＯＧＹＯ,サービス,その他サービス,5%
滋賀県,米原市,山東町ＳＳ,小売業,ガソリンスタンド,2%
滋賀県,米原市,四季彩料理月うさぎ,サービス,飲食業,5%
滋賀県,米原市,四季彩料理月うさぎ 四季彩料理月うさぎ,サービス,飲食業,5%
滋賀県,米原市,柴新,小売業,電化製品,5%
滋賀県,米原市,有 写真 おおの,小売業,その他小売,5%
滋賀県,米原市,醤油屋喜代治商店,小売業,食料品,5%
滋賀県,米原市,スギヤマデンキ,小売業,電化製品,5%
滋賀県,米原市,スポット おーみ,小売業,電化製品,5%
滋賀県,米原市,丁子屋製菓,小売業,食料品,5%
滋賀県,米原市,電化のミヤザキ,小売業,電化製品,5%
滋賀県,米原市,ドクタ－コトウ,小売業,電化製品,5%
滋賀県,米原市,トヨタレンタリース滋賀米原駅前店,サービス,その他サービス,2%
滋賀県,米原市,トヨタレンタリース滋賀 米原駅前店,サービス,その他サービス,2%
滋賀県,米原市,長浜南ＳＳ,小売業,ガソリンスタンド,2%
滋賀県,米原市,伴自動車,小売業,その他小売,5%
滋賀県,米原市,ＢＩＬＬＹＶＥＲＹ,その他業種,ー,5%
滋賀県,米原市,ＢｉｗａｋｏＢａｃｋｒｏａｄｓ,サービス,その他サービス,5%
滋賀県,米原市,ｈａｉｒｇｌｏｒｙ,サービス,理容・美容業,5%
滋賀県,米原市,ｈａｉｒ ｇｌｏｒｙ ｈａｉｒ ｇｌｏｒｙ,サービス,理容・美容業,5%
滋賀県,米原市,米原ＳＳ,小売業,ガソリンスタンド,2%
滋賀県,米原市,セブン－イレブン米原一色店,小売業,食料品,2%
滋賀県,米原市,セブン－イレブン米原インター店,小売業,食料品,2%
滋賀県,米原市,セブン－イレブン米原梅ヶ原店,小売業,食料品,2%
滋賀県,米原市,米原北ＳＳ ㈲羽渕石油,小売業,ガソリンスタンド,2%
滋賀県,米原市,セブンーイレブン米原顔戸南店,小売業,食料品,2%
滋賀県,米原市,セブン－イレブン米原中多良店,小売業,食料品,2%
滋賀県,米原市,株式会社マルモト,小売業,その他小売,5%
滋賀県,米原市,みなみ動物病院,その他業種,ー,5%
滋賀県,米原市,モーターサイクル ＩＢＥ,サービス,その他サービス,5%
滋賀県,守山市,あいわ鍼灸マッサージ治療院,サービス,その他サービス,5%
滋賀県,守山市,あおきや,小売業,食料品,5%
滋賀県,守山市,Ａｑｕａｒｉｓｅ,その他業種,ー,5%
滋賀県,守山市,Ａｇｕ ｈａｉｒ Ａｇｕ ｈａｉｒ ｌｏｒｅｎ守山,サービス,理容・美容業,5%
滋賀県,守山市,アサヒメガネ守山店,小売業,その他小売,5%
滋賀県,守山市,アットカーズ,小売業,その他小売,5%
滋賀県,守山市,Ａｐｈｒｏｄｉｔｅ Ａｐｈｒｏｄｉｔｅ,サービス,理容・美容業,5%
滋賀県,守山市,出光カーライフ守山ＳＳ,小売業,ガソリンスタンド,2%
滋賀県,守山市,出光琵琶湖大橋ＳＳ,小売業,ガソリンスタンド,2%
滋賀県,守山市,イマイラジオ,小売業,電化製品,5%
滋賀県,守山市,イマイラジオ,小売業,電化製品,5%
滋賀県,守山市,今村電化社,小売業,電化製品,5%
滋賀県,守山市,梅田電器,小売業,電化製品,5%
滋賀県,守山市,Ｓ－ＨＥＡＲＴＧＯＬＦ,サービス,理容・美容業,5%
滋賀県,守山市,近江牛岡喜ＯＫＡＫＩ守山店,サービス,飲食業,5%
滋賀県,守山市,カートピア勝部ＳＳ,小売業,ガソリンスタンド,2%
滋賀県,守山市,Ｃａｆｅ Ｍｏｔｈｅｒ Ｈｏｕｓｅ,サービス,飲食業,5%
滋賀県,守山市,ＣＡＦＥＭＯＴＨＥＲＨＯＵＳＥ,サービス,飲食業,5%
滋賀県,守山市,株式会社ケイファイブ,サービス,その他サービス,5%
滋賀県,守山市,株式会社ノア・コーポレーション,サービス,その他サービス,5%
滋賀県,守山市,株式会社三久保商会,サービス,その他サービス,5%
滋賀県,守山市,株式会社レインボークリーン,サービス,その他サービス,5%
滋賀県,守山市,カレーハウスＣｏＣｏ壱番屋守山播磨田店,サービス,飲食業,2%
滋賀県,守山市,北田電器,小売業,電化製品,5%
滋賀県,守山市,木戸脇輪工商会,小売業,その他小売,5%
滋賀県,守山市,木戸脇輪工商会河西ニュータウン店,小売業,その他小売,5%
滋賀県,守山市,業務スーパー守山古高店,小売業,食料品,2%
滋賀県,守山市,京屋クリーニング フレンドマート守山水保店 京屋クリーニング水保店,サービス,その他サービス,5%
滋賀県,守山市,クールアクール,サービス,飲食業,5%
滋賀県,守山市,くすの木動物病院,サービス,その他サービス,5%
滋賀県,守山市,ｇｌｏｉｒｅ ｊｏｕｅｒ,サービス,理容・美容業,5%
滋賀県,守山市,こはぎ心体適応センター,サービス,理容・美容業,5%
滋賀県,守山市,米安珈琲,サービス,飲食業,5%
滋賀県,守山市,沢井ＤＭＡ商会,小売業,電化製品,5%
滋賀県,守山市,ＧＴＲｅｐｔｉｌｅｓ,小売業,その他小売,5%
滋賀県,守山市,滋賀県電器商業組合,その他業種,ー,5%
滋賀県,守山市,滋賀トヨペット守山店,小売業,その他小売,5%
滋賀県,守山市,Ｓｗｅｌｌ,サービス,理容・美容業,5%
滋賀県,守山市,スクアドラ滋賀守山店,小売業,その他小売,5%
滋賀県,守山市,スター守山水保店,小売業,食料品,5%
滋賀県,守山市,炭火やきとりとりちゃん 守山店 １,サービス,飲食業,5%
滋賀県,守山市,セルフステーションもりやまＳＳ,小売業,ガソリンスタンド,2%
滋賀県,守山市,タイヤプラザフリー,サービス,その他サービス,5%
滋賀県,守山市,土山電機,小売業,電化製品,5%
滋賀県,守山市,ＤＡＶＩＤ ＬＡＹＥＲ,小売業,衣料品,5%
滋賀県,守山市,トヨタレンタリース滋賀守山駅前店,サービス,その他サービス,2%
滋賀県,守山市,速野ＳＳ 株式会社マツナガ,小売業,ガソリンスタンド,2%
滋賀県,守山市,ピザ・リトルパーティ 守山店,サービス,飲食業,5%
滋賀県,守山市,琵琶湖レークサイドゴルフコース,サービス,その他サービス,5%
滋賀県,守山市,ＨａｉｒＤｒｅｓｓｅｒＴｉＣＡ,サービス,理容・美容業,5%
滋賀県,守山市,ポンテ,サービス,飲食業,5%
滋賀県,守山市,マクドナルド守山播磨田店,サービス,飲食業,2%
滋賀県,守山市,マクドナルド守山平和堂店,サービス,飲食業,2%
滋賀県,守山市,ＭＡＤＡＮＩＳ,サービス,飲食業,5%
滋賀県,守山市,マルサ呉服店,小売業,衣料品,5%
滋賀県,守山市,宮川時宝堂,小売業,貴金属・服飾品,5%
滋賀県,守山市,明和自動車,サービス,その他サービス,5%
滋賀県,守山市,メガネのムラタ 守山中央店,小売業,貴金属・服飾品,5%
滋賀県,守山市,守山ＳＳ,小売業,ガソリンスタンド,2%
滋賀県,守山市,守山ＳＳ,小売業,ガソリンスタンド,2%
滋賀県,守山市,守山アートホテル,サービス,宿泊業,5%
滋賀県,守山市,セブン－イレブン守山石田町店,小売業,食料品,2%
滋賀県,守山市,セブン－イレブン守山駅東口店,小売業,食料品,2%
滋賀県,守山市,守山ギター道場,その他業種,ー,5%
滋賀県,守山市,守山しっぽ動物病院,サービス,その他サービス,5%
滋賀県,守山市,セブン－イレブン守山市民ホール前店,小売業,食料品,2%
滋賀県,守山市,モリヤマスポーツ本店,小売業,その他小売,5%
滋賀県,守山市,セブン－イレブン守山古高町店,小売業,食料品,2%
滋賀県,守山市,守山補聴器センター イマイ,小売業,その他小売,5%
滋賀県,守山市,セブンーイレブン守山水保町店,小売業,食料品,2%
滋賀県,守山市,門前茶屋かたたや,サービス,飲食業,5%
滋賀県,守山市,Ｌａ ｖｉｅ Ｂｅｌｌｅ,サービス,理容・美容業,5%
滋賀県,守山市,ＬａｖｉｅＢｅｌｌｅ,サービス,理容・美容業,5%
滋賀県,守山市,ＬａＬａツーリスト 守山店,サービス,その他サービス,5%
滋賀県,守山市,Ｒｅｌｉｃ,サービス,理容・美容業,5%
滋賀県,守山市,レンタサイクル「駅リンくん守山店」,サービス,運輸業,5%
滋賀県,野洲市,あき整体院,サービス,その他サービス,5%
滋賀県,野洲市,アラディン,サービス,飲食業,5%
滋賀県,野洲市,いかりでんき,小売業,電化製品,5%
滋賀県,野洲市,ＥｎｅＪｅｔ守山ＳＳ,小売業,ガソリンスタンド,2%
滋賀県,野洲市,カートピア守山ＳＳ,小売業,ガソリンスタンド,2%
滋賀県,野洲市,カラオケクラブガッチャ野洲店,サービス,その他サービス,5%
滋賀県,野洲市,業務スーパー野洲店,小売業,食料品,2%
滋賀県,野洲市,コサテック,サービス,その他サービス,5%
滋賀県,野洲市,ｃｏｔｏ ｈａｉｒ,サービス,理容・美容業,5%
滋賀県,野洲市,ｓａｖｉｎｏｎｉｗａ,小売業,家具・調度品,5%
滋賀県,野洲市,セルフ＆カーケアセンターＵＳ野洲中央,小売業,ガソリンスタンド,2%
滋賀県,野洲市,セルフステーション中主ＳＳ,小売業,ガソリンスタンド,2%
滋賀県,野洲市,セントラルホテル野洲,サービス,宿泊業,5%
滋賀県,野洲市,セントラルホテル野洲,サービス,宿泊業,5%
滋賀県,野洲市,双栄自動車工業所,サービス,その他サービス,5%
滋賀県,野洲市,中主ＳＳ 株式会社マツナガ,小売業,ガソリンスタンド,2%
滋賀県,野洲市,ナイスプラザニシモト,小売業,電化製品,5%
滋賀県,野洲市,パナランドあい,小売業,電化製品,5%
滋賀県,野洲市,ＢｅａｕｔｙＳａｌｏｎＭＹ,サービス,理容・美容業,5%
滋賀県,野洲市,Ｈｉｒｏｓｅ Ｂｅｅｔｌｅ ビートル?はなれ野洲,サービス,理容・美容業,5%
滋賀県,野洲市,ふたば書房 野洲店,小売業,書籍・玩具・音楽ＣＤ,5%
滋賀県,野洲市,ｈａｉｒ ｓｐｏｔ ＵＥＭＵＲＡ,サービス,理容・美容業,5%
滋賀県,野洲市,Ｈａｉｒ Ｆａｃｅ ｓａｌｏｎ Ｏｈｍａｅ,サービス,理容・美容業,5%
滋賀県,野洲市,ヘアーサロンさわ,サービス,理容・美容業,5%
滋賀県,野洲市,マクドナルド８号線野洲店,サービス,飲食業,2%
滋賀県,野洲市,南農園,小売業,食料品,5%
滋賀県,野洲市,セブン－イレブン野洲市三宅店,小売業,食料品,2%
滋賀県,野洲市,野洲駅前ＳＳ,小売業,ガソリンスタンド,2%
滋賀県,野洲市,野洲ＳＳ 株式会社マツナガ,小売業,ガソリンスタンド,2%
滋賀県,野洲市,セブン－イレブン野洲北野１丁目店,小売業,食料品,2%
滋賀県,野洲市,セブン－イレブン野洲栄店,小売業,食料品,2%
滋賀県,野洲市,セブン－イレブン野洲市役所前店,小売業,食料品,2%
滋賀県,野洲市,セブン－イレブン野洲中主店,小売業,食料品,2%
滋賀県,野洲市,セブン－イレブン野洲南桜店,小売業,食料品,2%
滋賀県,野洲市,セブン－イレブン野洲妙光寺店,小売業,食料品,2%
滋賀県,野洲市,セブン－イレブン野洲行畑１丁目店,小売業,食料品,2%
滋賀県,野洲市,山田電気,小売業,電化製品,5%
滋賀県,野洲市,有 フードモリムラ 野洲店,小売業,食料品,5%
滋賀県,野洲市,ＬＩＸＩＬリフォームショップ ライファ野洲,サービス,その他サービス,2%
滋賀県,栗東市,アール,サービス,理容・美容業,5%
滋賀県,栗東市,朝日野カントリー倶楽部 年会費,その他業種,ー,5%
滋賀県,栗東市,アミング栗東店,小売業,その他小売,5%
滋賀県,栗東市,ＷＩＮＧ湖南ＳＳ,小売業,ガソリンスタンド,2%
滋賀県,栗東市,ＥｎｅＪｅｔ栗東ＳＳ,小売業,ガソリンスタンド,2%
滋賀県,栗東市,ＥｎｅＪｅｔ栗東中央ＳＳ,小売業,ガソリンスタンド,2%
滋賀県,栗東市,Ｅｌｖｉｔａ【エルヴィータ】,サービス,理容・美容業,5%
滋賀県,栗東市,株式会社オート工芸社,サービス,その他サービス,5%
滋賀県,栗東市,オフハウス 草津栗東店,小売業,衣料品,2%
滋賀県,栗東市,株式会社野村石材店,小売業,その他小売,5%
滋賀県,栗東市,カレーハウスＣｏＣｏ壱番屋栗東インター店,サービス,飲食業,2%
滋賀県,栗東市,ｋａｗａｂｉｙｏｒｉ,サービス,その他サービス,5%
滋賀県,栗東市,きただ酒店,小売業,その他小売,5%
滋賀県,栗東市,北利仏壇,小売業,家具・調度品,5%
滋賀県,栗東市,Ｃｕｏｒｅ,サービス,理容・美容業,5%
滋賀県,栗東市,株式会社グリーンライフ近江,サービス,その他サービス,5%
滋賀県,栗東市,湖南オートセンター,サービス,その他サービス,5%
滋賀県,栗東市,ジェームス大宝店,小売業,その他小売,2%
滋賀県,栗東市,滋賀川村タイヤ株式会社,小売業,その他小売,5%
滋賀県,栗東市,滋賀トヨペットウエルコム栗東,小売業,その他小売,5%
滋賀県,栗東市,滋賀トヨペットウエルコム栗東Ｕ－ＣａｒＬＡＮＤ,小売業,その他小売,5%
滋賀県,栗東市,ＪＡＰ Ｓｓａｌｏｎ,サービス,理容・美容業,5%
滋賀県,栗東市,スーパーセルフ栗東北中小路ＳＳ,小売業,ガソリンスタンド,2%
滋賀県,栗東市,スター安養寺店,小売業,食料品,5%
滋賀県,栗東市,スター栗東辻店,小売業,食料品,5%
滋賀県,栗東市,すたみな太郎 栗東店,サービス,飲食業,5%
滋賀県,栗東市,ステーキキッチン ボストンコモン,サービス,飲食業,5%
滋賀県,栗東市,ステーキハウスみやこ,サービス,飲食業,5%
滋賀県,栗東市,スローダウン,小売業,衣料品,5%
滋賀県,栗東市,セルフ＆カーケアセンター栗東西,小売業,ガソリンスタンド,2%
滋賀県,栗東市,セルフステーション栗東１号ＳＳ,小売業,ガソリンスタンド,2%
滋賀県,栗東市,ソニックエステベテル,サービス,理容・美容業,5%
滋賀県,栗東市,ソフトバンク 栗東,小売業,その他小売,5%
滋賀県,栗東市,Ｄａｉｋｏ－ＺＥＲＯ,サービス,運輸業,5%
滋賀県,栗東市,タイヤプロ栗東,小売業,その他小売,5%
滋賀県,栗東市,ティース工房,その他業種,ー,5%
滋賀県,栗東市,デンエイシャ,小売業,電化製品,5%
滋賀県,栗東市,道楽箱 栗東店,小売業,その他小売,5%
滋賀県,栗東市,ｔｏｍａｒｉｇｉ,サービス,その他サービス,5%
滋賀県,栗東市,トヨタ部品滋賀共販受注相談センター,小売業,その他小売,5%
滋賀県,栗東市,ナジェール 熱帯魚と水草の専門店ナジェール,小売業,その他小売,5%
滋賀県,栗東市,ハードオフ ハードオフ草津栗東店,小売業,電化製品,2%
滋賀県,栗東市,ハシモト電器,小売業,電化製品,5%
滋賀県,栗東市,Ｈａｒｍｏｎｉａ?ハルモニア?,サービス,その他サービス,5%
滋賀県,栗東市,ＰＣＳｈｏｐＶ－ＭＡＸ,小売業,電化製品,5%
滋賀県,栗東市,ＨＡＩＲ ＳＯＩＮ,サービス,理容・美容業,5%
滋賀県,栗東市,ベストハウスネクスト株式会社,サービス,その他サービス,5%
滋賀県,栗東市,本田工務店,サービス,その他サービス,5%
滋賀県,栗東市,マクドナルド栗東アルプラザ店,サービス,飲食業,2%
滋賀県,栗東市,マクドナルド栗東店,サービス,飲食業,2%
滋賀県,栗東市,ミノル,小売業,貴金属・服飾品,5%
滋賀県,栗東市,（株）薬舗たんぽぽ,小売業,その他小売,5%
滋賀県,栗東市,ヨガスタジオぼっこ,サービス,その他サービス,5%
滋賀県,栗東市,ＬＥＡＮ ＢＯＤＹ ＳＴＯＲＥ,サービス,その他サービス,5%
滋賀県,栗東市,ＬＩＸＩＬリフォームショップ クサネン,サービス,その他サービス,5%
滋賀県,栗東市,セブン－イレブン栗東インター店,小売業,食料品,2%
滋賀県,栗東市,栗東工業団地ＳＳ,小売業,ガソリンスタンド,2%
滋賀県,栗東市,セブン－イレブン栗東工業団地前店,小売業,食料品,2%
滋賀県,栗東市,セブン－イレブン栗東金勝店,小売業,食料品,2%
滋賀県,栗東市,セブン－イレブン栗東出庭店,小売業,食料品,2%
滋賀県,栗東市,セブン－イレブン栗東林西店,小売業,食料品,2%
滋賀県,栗東市,セブン－イレブン栗東宅屋店,小売業,食料品,2%
滋賀県,栗東市,リットー電化,小売業,電化製品,5%
滋賀県,竜王町,ＥｎｅＪｅｔ竜王ＳＳ,小売業,ガソリンスタンド,2%
滋賀県,竜王町,近江牛岡喜本店レストラン,サービス,飲食業,5%
滋賀県,竜王町,ジェイ・ワークス,サービス,その他サービス,5%
滋賀県,竜王町,セブン－イレブン滋賀竜王町綾戸店,小売業,食料品,2%
滋賀県,竜王町,スーパーセルフ竜王ＳＳ,小売業,ガソリンスタンド,2%
滋賀県,竜王町,苗村屋精肉店,小売業,食料品,5%
滋賀県,竜王町,ネコタ電化サービス,小売業,電化製品,5%
滋賀県,竜王町,橋井石油（株）竜王中央ＳＳ,小売業,ガソリンスタンド,2%
滋賀県,竜王町,ヘアーステーションムラタ,サービス,理容・美容業,5%
滋賀県,竜王町,セブン－イレブン竜王インター店,小売業,食料品,2%
滋賀県,竜王町,竜王町綾戸ＳＳ,小売業,ガソリンスタンド,2%
