福井県,あわら市,秋吉 金津店,サービス,飲食業,5%
福井県,あわら市,セブン－イレブンあわら市姫店,小売業,食料品,2%
福井県,あわら市,芦原ＳＳ,小売業,ガソリンスタンド,2%
福井県,あわら市,セブン－イレブンあわら大溝店,小売業,食料品,2%
福井県,あわら市,あわら温泉 政竜閣,サービス,宿泊業,5%
福井県,あわら市,セブン－イレブンあわら国影店,小売業,食料品,2%
福井県,あわら市,芦原波松ＳＳ 坪田石油店,小売業,ガソリンスタンド,2%
福井県,あわら市,出光南金津ＳＳ,小売業,ガソリンスタンド,2%
福井県,あわら市,小澤公順税理士事務所,サービス,その他サービス,5%
福井県,あわら市,カメハメハ大農場の農家カフェ カメハメハ大農場の農家カフェ スイーツ,サービス,飲食業,5%
福井県,あわら市,阪田薬局,小売業,その他小売,5%
福井県,あわら市,伝統旅館のぬくもり灰屋,サービス,宿泊業,5%
福井県,あわら市,ＤＤセルフニューあわらＳＳ,小売業,ガソリンスタンド,2%
福井県,あわら市,Ｄｒ．Ｄｒｉｖｅセルフニューあわら店 金津,小売業,ガソリンスタンド,2%
福井県,あわら市,トヨタレンタリース福井あわら温泉駅前店,サービス,その他サービス,2%
福井県,あわら市,鳥ひろ,サービス,飲食業,5%
福井県,あわら市,Ｎｅｗｉｎｇｌａｎｄ かとう,小売業,電化製品,5%
福井県,あわら市,８番らーめん芦原街道店,サービス,飲食業,2%
福井県,あわら市,ハニービッグベリーマーケット芦原,小売業,食料品,5%
福井県,あわら市,ハニービッグマート高塚店,小売業,食料品,5%
福井県,あわら市,ハニービッグマート金津店,小売業,食料品,5%
福井県,あわら市,ビッグベリーマーケット芦原,小売業,食料品,5%
福井県,あわら市,ビッグマート金津店,小売業,食料品,5%
福井県,あわら市,ビッグマート高塚店,小売業,食料品,5%
福井県,あわら市,ホームセンターヤマキシ金津店,小売業,総合（非専門）,5%
福井県,あわら市,北陸 あわら温泉 美松,サービス,宿泊業,5%
福井県,あわら市,細呂木ＳＳ,小売業,ガソリンスタンド,2%
福井県,あわら市,ホテル八木,サービス,宿泊業,5%
福井県,あわら市,ホテルゆ楽,サービス,宿泊業,5%
福井県,あわら市,まつや千千,サービス,宿泊業,5%
福井県,あわら市,みのや泰平閣,サービス,宿泊業,5%
福井県,あわら市,有限会社オートサービス上野,サービス,その他サービス,5%
福井県,あわら市,有限会社山形屋,小売業,その他小売,5%
福井県,あわら市,ゆけむり珈琲店,小売業,食料品,5%
福井県,あわら市,夢屋華筑紫,サービス,宿泊業,5%
福井県,あわら市,ヨシムラ洋菓子店 ヨシムラ洋菓子店,小売業,食料品,5%
福井県,あわら市,レイクサイド 北潟湖畔荘,サービス,宿泊業,5%
福井県,池田町,Ｔｒｅｅ Ｐｉｃｎｉｃ Ａｄｖｅｎｔｕｒｅ ＩＫＥＤＡ,サービス,その他サービス,5%
福井県,池田町,まちの駅 こってコテいけだ,小売業,食料品,5%
福井県,永平寺町,アリーナ山王ＳＳ,小売業,ガソリンスタンド,2%
福井県,永平寺町,アレナ福大病院前店,小売業,食料品,5%
福井県,永平寺町,井の上,小売業,家具・調度品,5%
福井県,永平寺町,永平寺ＳＳ 株式会社永伸商事,小売業,ガソリンスタンド,2%
福井県,永平寺町,勝木書店 福井県立大売店,小売業,その他小売,5%
福井県,永平寺町,勝木書店 福井大学医学部売店,小売業,書籍・玩具・音楽ＣＤ,5%
福井県,永平寺町,Ｃｕｔ ｉｎ あさの,サービス,理容・美容業,5%
福井県,永平寺町,スカイ 福島屋,小売業,電化製品,5%
福井県,永平寺町,（有）鈴木米穀・ＬＰガス,小売業,食料品,5%
福井県,永平寺町,でんきランドハセガワ,小売業,電化製品,5%
福井県,永平寺町,トヨタ部品福井共販本社営業所,小売業,その他小売,5%
福井県,永平寺町,ハニーアレナ福大病院前店,小売業,食料品,5%
福井県,永平寺町,セブン－イレブン福井県立大学前店,小売業,食料品,2%
福井県,永平寺町,松岡店,小売業,食料品,5%
福井県,永平寺町,メイトフード,小売業,総合（非専門）,5%
福井県,越前市,Ｄｒ．Ｄｒｉｖｅセルフプラザたけふ店,小売業,ガソリンスタンド,2%
福井県,越前市,青木電気商会 青木電気商会,小売業,電化製品,5%
福井県,越前市,青山電機商会,小売業,電化製品,5%
福井県,越前市,秋吉 武生店,サービス,飲食業,5%
福井県,越前市,秋吉 武生西店,サービス,飲食業,5%
福井県,越前市,朝日軒,サービス,理容・美容業,5%
福井県,越前市,味真野店,小売業,総合（非専門）,5%
福井県,越前市,アンドうの,小売業,電化製品,5%
福井県,越前市,イーストサバエＳＳ,小売業,ガソリンスタンド,2%
福井県,越前市,一般社団法人環境文化研究所,その他業種,ー,5%
福井県,越前市,出光鯖江セントラルＳＳ,小売業,ガソリンスタンド,2%
福井県,越前市,出光セルフしばはらＳＳ,小売業,ガソリンスタンド,2%
福井県,越前市,出光武生ＳＳ,小売業,ガソリンスタンド,2%
福井県,越前市,出光武生家久ＳＳ,小売業,ガソリンスタンド,2%
福井県,越前市,梅田公認会計士事務所 梅田公認会計士事務所,サービス,その他サービス,5%
福井県,越前市,セブン－イレブン越前粟田部店,小売業,食料品,2%
福井県,越前市,セブン－イレブン越前芝原４丁目店,小売業,食料品,2%
福井県,越前市,セブン－イレブン越前塚町店,小売業,食料品,2%
福井県,越前市,セブン－イレブン越前妙法寺町店,小売業,食料品,2%
福井県,越前市,ＥｎｅＪｅｔ武生インターＳＳ,小売業,ガソリンスタンド,2%
福井県,越前市,ｏａｓｉｓ,サービス,理容・美容業,5%
福井県,越前市,総癒館越前中央院,サービス,理容・美容業,5%
福井県,越前市,有限会社菓子本陣月尾,その他業種,ー,5%
福井県,越前市,ｃａｆｅ ゆいまーる,サービス,飲食業,5%
福井県,越前市,カレーハウスココ壱番屋武生８号バイパス店,サービス,飲食業,2%
福井県,越前市,カワバタ電器,小売業,電化製品,5%
福井県,越前市,小柳タンス店,小売業,家具・調度品,5%
福井県,越前市,小林印章堂 小林印章堂,小売業,その他小売,5%
福井県,越前市,コマヤ,小売業,書籍・玩具・音楽ＣＤ,5%
福井県,越前市,ＳｕｐｅｒＫａＢｏＳ＋ＧＥＯ武生店,小売業,書籍・玩具・音楽ＣＤ,5%
福井県,越前市,スカイタケウチ,小売業,電化製品,5%
福井県,越前市,スクールショップイクラボ,小売業,衣料品,5%
福井県,越前市,炭火焼肉屋さかい武生店,サービス,飲食業,2%
福井県,越前市,清七しょう店 林石油店 清七しょう店,小売業,その他小売,5%
福井県,越前市,セルフ武生ＳＳ,小売業,ガソリンスタンド,2%
福井県,越前市,アバンツァーレ,小売業,衣料品,5%
福井県,越前市,総癒館 越前中央院,小売業,その他小売,5%
福井県,越前市,ダイソー武生店,小売業,その他小売,2%
福井県,越前市,武生南ＳＳ,小売業,ガソリンスタンド,2%
福井県,越前市,タケフナイフビレッジ協同組合,小売業,その他小売,5%
福井県,越前市,中央電化センター,小売業,電化製品,5%
福井県,越前市,でんきランド タナカ,小売業,電化製品,5%
福井県,越前市,でんきランドくぼた,小売業,電化製品,5%
福井県,越前市,トヨタ部品福井共販武生営業所,小売業,その他小売,5%
福井県,越前市,トヨタレンタリース福井越前たけふ店,サービス,その他サービス,2%
福井県,越前市,虎ノ門漢方堂,小売業,その他小売,5%
福井県,越前市,中西木材株式会社 中西木材株式会社,その他業種,ー,5%
福井県,越前市,ニューイングランド かみかわ,小売業,電化製品,5%
福井県,越前市,ネッツトヨタ福井武生店,小売業,その他小売,5%
福井県,越前市,ハーツ たけふ店,小売業,食料品,5%
福井県,越前市,バイクショップ モト クラブ,小売業,その他小売,5%
福井県,越前市,８番ラーメン国高店,サービス,飲食業,2%
福井県,越前市,８番ラーメン武生店,サービス,飲食業,2%
福井県,越前市,ハッピートラベル 武生店,サービス,その他サービス,5%
福井県,越前市,パナパックみすみ,小売業,電化製品,5%
福井県,越前市,ハニービッグベリーマーケット芝原,小売業,食料品,5%
福井県,越前市,ハニービッグベリーマーケット王子保ＳＰ,小売業,食料品,5%
福井県,越前市,ハニービッグベリーマーケット新町,小売業,食料品,5%
福井県,越前市,林石油店 林石油店,小売業,ガソリンスタンド,2%
福井県,越前市,株式会社ひしだい書店,小売業,書籍・玩具・音楽ＣＤ,5%
福井県,越前市,ビッグベリーマーケット王子保ＳＰ,小売業,食料品,5%
福井県,越前市,ビッグベリーマーケット芝原,小売業,食料品,5%
福井県,越前市,ビッグベリーマーケット新町,小売業,食料品,5%
福井県,越前市,美容室 ｃｈａｔｔｙ,サービス,理容・美容業,5%
福井県,越前市,美容室クラフト 美容室ｋｒａｆｔ,サービス,理容・美容業,5%
福井県,越前市,ファニチャーホリック,小売業,家具・調度品,5%
福井県,越前市,福井ダイハツ販売 越前店,小売業,その他小売,5%
福井県,越前市,福井トヨタ自動車 サンドーム南店,小売業,その他小売,5%
福井県,越前市,福井トヨタ自動車Ｕ－Ｃａｒピアサンドー,小売業,その他小売,5%
福井県,越前市,福井補聴器センター武生店,小売業,その他小売,5%
福井県,越前市,ブック・オフ 武生店,小売業,書籍・玩具・音楽ＣＤ,5%
福井県,越前市,Ｈａｉｒ ｓａｌｏｎ ＬｅＬｅＣａ,サービス,理容・美容業,5%
福井県,越前市,Ｈａｉｒ ｄｅｓｉｇｎ ＬＩＮＫ リンク,サービス,理容・美容業,5%
福井県,越前市,Ｈｏｓｔｅｌ２９１,サービス,その他サービス,5%
福井県,越前市,マクドナルド武生シピィ店,サービス,飲食業,2%
福井県,越前市,マクドナルド武生楽市店,サービス,飲食業,2%
福井県,越前市,マルカワみそ株式会社 マルカワみそ,小売業,食料品,5%
福井県,越前市,箕輪漆行,小売業,総合（非専門）,5%
福井県,越前市,免疫陶板浴きずな,サービス,その他サービス,5%
福井県,越前市,メンズヘア バーブレス,サービス,理容・美容業,5%
福井県,越前市,焼肉 三四郎,サービス,飲食業,5%
福井県,越前市,山田英夫商店,小売業,家具・調度品,5%
福井県,越前市,洋服の正札堂,小売業,衣料品,5%
福井県,越前市,ＬＡＭＰ,サービス,その他サービス,5%
福井県,越前市,ｒｉｔα,サービス,飲食業,5%
福井県,越前市,龍泉刃物,小売業,その他小売,5%
福井県,越前市,リラックススタジオシュン,サービス,理容・美容業,5%
福井県,越前市,レヴェイユ,サービス,理容・美容業,5%
福井県,越前市,ＬＡＮＴＥＮ ｂｙ ｆｌｏｗｅｒ,小売業,その他小売,5%
福井県,越前市,Ｌｏｇｙ ｓ Ｐｉｃｎｉｃ Ｍａｒｔ,小売業,食料品,5%
福井県,越前市,和紙の里ＳＳ,小売業,ガソリンスタンド,2%
福井県,越前町,朝日ＳＳ,小売業,ガソリンスタンド,2%
福井県,越前町,朝日中央店,小売業,食料品,5%
福井県,越前町,朝日町ＳＳ,小売業,ガソリンスタンド,2%
福井県,越前町,越前海岸ＳＳ,小売業,ガソリンスタンド,2%
福井県,越前町,織田国道ＳＳ,小売業,ガソリンスタンド,2%
福井県,越前町,河瀬石油,小売業,その他小売,2%
福井県,越前町,有限会社佐々木弥一郎商店,小売業,その他小売,5%
福井県,越前町,サンルート４１７ＳＳ,小売業,ガソリンスタンド,2%
福井県,越前町,シナノスタジオ,サービス,その他サービス,5%
福井県,越前町,スーパーホームセンターヤマキシ朝日店,小売業,総合（非専門）,5%
福井県,越前町,ニューイングランド こつじ,小売業,電化製品,5%
福井県,越前町,８番らーめん織田店,サービス,飲食業,2%
福井県,越前町,ハニー朝日中央店,小売業,食料品,5%
福井県,越前町,みずしま写真館 本店,サービス,その他サービス,5%
福井県,越前町,みずしま写真館 メルシ店,サービス,その他サービス,5%
福井県,越前町,料理宿やまざき,サービス,宿泊業,5%
福井県,越前町,旅館金龍,サービス,宿泊業,5%
福井県,越前町,レディオガガ,小売業,書籍・玩具・音楽ＣＤ,5%
福井県,おおい町,石山ＳＳ,小売業,ガソリンスタンド,2%
福井県,おおい町,大島ＳＳ,小売業,ガソリンスタンド,2%
福井県,おおい町,糀谷モータース本社,小売業,その他小売,5%
福井県,おおい町,有限会社島長商店久坂出張所,小売業,その他小売,5%
福井県,おおい町,ほぐし処こころ,サービス,その他サービス,5%
福井県,おおい町,本郷ＳＳ 有限会社時岡石油,小売業,ガソリンスタンド,2%
福井県,おおい町,松宮電器店,小売業,電化製品,5%
福井県,おおい町,明和鈑金,小売業,その他小売,5%
福井県,おおい町,有限会社よごや,小売業,衣料品,5%
福井県,おおい町,リビングショップしむら,小売業,総合（非専門）,5%
福井県,おおい町,若狭パールＭａｍｉｙａ,小売業,貴金属・服飾品,5%
福井県,大野市,アイランドカフェ,サービス,飲食業,5%
福井県,大野市,秋吉 大野店,サービス,飲食業,5%
福井県,大野市,泉酒店,小売業,食料品,5%
福井県,大野市,出光九頭竜ＳＳ,小売業,ガソリンスタンド,2%
福井県,大野市,出光パーク月美ＳＳ,小売業,ガソリンスタンド,2%
福井県,大野市,ウスイモータース 株式会社ウスイモータース,サービス,その他サービス,5%
福井県,大野市,ＥＤＩＳＯＮ ＣＡＦＥ,サービス,飲食業,5%
福井県,大野市,ＥｎｅＪｅｔオートヴィオＳＳ,小売業,ガソリンスタンド,2%
福井県,大野市,大野口ＳＳ,小売業,ガソリンスタンド,2%
福井県,大野市,大野バイパス北ＳＳ,小売業,ガソリンスタンド,2%
福井県,大野市,奥越菓庵やまうち,小売業,食料品,5%
福井県,大野市,お好み焼 ひろの,サービス,飲食業,5%
福井県,大野市,かじ惣ヴィオ店,小売業,食料品,5%
福井県,大野市,かじ惣リブレ店,小売業,食料品,5%
福井県,大野市,春日ＳＳ,小売業,ガソリンスタンド,2%
福井県,大野市,勝木書店大野店,小売業,書籍・玩具・音楽ＣＤ,5%
福井県,大野市,株式会社セツコ ヴィオ,サービス,理容・美容業,5%
福井県,大野市,共栄電機,小売業,電化製品,5%
福井県,大野市,久留美寿司,サービス,飲食業,5%
福井県,大野市,ニュ－イングランド さんけいどう,小売業,電化製品,5%
福井県,大野市,島田石油 越前大野ＳＳ,小売業,ガソリンスタンド,2%
福井県,大野市,新鮮館大野インター,小売業,食料品,5%
福井県,大野市,新鮮館こぶし通り,小売業,食料品,5%
福井県,大野市,新鮮館三番通り,小売業,食料品,5%
福井県,大野市,スカイミズカミ,小売業,電化製品,5%
福井県,大野市,チポラ,サービス,飲食業,5%
福井県,大野市,土田電機,小売業,電化製品,5%
福井県,大野市,手打そばお清水・居酒家ＯＳＨＯＺＵ,サービス,飲食業,5%
福井県,大野市,でんきランドきのした,小売業,電化製品,5%
福井県,大野市,トヨタレンタリース福井大野店,サービス,その他サービス,2%
福井県,大野市,中原設備,サービス,その他サービス,5%
福井県,大野市,ネッツトヨタ福井大野店,小売業,その他小売,5%
福井県,大野市,８番らーめん大野店,サービス,飲食業,2%
福井県,大野市,ハニー新鮮館おおの,小売業,食料品,5%
福井県,大野市,ハニー新鮮館こぶし通り,小売業,食料品,5%
福井県,大野市,ハニー新鮮館三番通り,小売業,食料品,5%
福井県,大野市,美容室Ａｎｇｅｌ,サービス,理容・美容業,5%
福井県,大野市,福井ダイハツ販売大野店,小売業,その他小売,5%
福井県,大野市,フラワーショップ アカネ,小売業,その他小売,5%
福井県,大野市,ぶらん ねーじゅ,小売業,食料品,5%
福井県,大野市,毎川金花堂,サービス,飲食業,5%
福井県,大野市,毎川金花堂 毎川金花堂,小売業,食料品,5%
福井県,大野市,マクドナルド大野ヴィオ店,サービス,飲食業,2%
福井県,大野市,マルダイ自工,サービス,その他サービス,5%
福井県,大野市,やなぎや薬局,小売業,その他小売,5%
福井県,大野市,有限会社シャーク運転代行サービス 有 シャーク運転代行サービス,サービス,運輸業,5%
福井県,大野市,リンパドレナージュのお店ｍｉｕ,サービス,理容・美容業,5%
福井県,大野市,ルーシーズ マッシュ バーガー,サービス,飲食業,5%
福井県,小浜市,秋吉 小浜店,サービス,飲食業,5%
福井県,小浜市,有限会社 アンドウ,小売業,衣料品,5%
福井県,小浜市,エフワン 小浜店,小売業,衣料品,5%
福井県,小浜市,お食事処 はまがわ,サービス,飲食業,5%
福井県,小浜市,お直しこま お直しこま,サービス,その他サービス,5%
福井県,小浜市,小浜国道ＳＳ 有限会社吉村油店,小売業,ガソリンスタンド,2%
福井県,小浜市,オンユアマーク,小売業,その他小売,5%
福井県,小浜市,カド電器,小売業,電化製品,5%
福井県,小浜市,カフェ アルカンシェル カフェ アルカンシェル,サービス,飲食業,5%
福井県,小浜市,加福漆器店,小売業,その他小売,5%
福井県,小浜市,株式会社ママーストアー おばまショッピングセンター店,小売業,食料品,5%
福井県,小浜市,株式会社ママーストアー 西津店,小売業,食料品,5%
福井県,小浜市,株式会社ママーストアー 東小浜店,小売業,食料品,5%
福井県,小浜市,株式会社明輪社,小売業,その他小売,5%
福井県,小浜市,串酒場はっさく,サービス,飲食業,5%
福井県,小浜市,ゲストハウス小浜弐拾壱時,サービス,宿泊業,5%
福井県,小浜市,五味焼,サービス,飲食業,5%
福井県,小浜市,四季の宿ひろた,サービス,宿泊業,5%
福井県,小浜市,直売部,小売業,ガソリンスタンド,2%
福井県,小浜市,津田自動車,サービス,その他サービス,5%
福井県,小浜市,Ｄｒ．Ｄｒｉｖｅ 小浜店,小売業,ガソリンスタンド,2%
福井県,小浜市,Ｄｒ．Ｄｒｉｖｅサンメイト小浜店,小売業,ガソリンスタンド,2%
福井県,小浜市,とば屋酢店,小売業,食料品,5%
福井県,小浜市,トヨタレンタリース福井小浜駅前店,サービス,その他サービス,2%
福井県,小浜市,ネッツトヨタ福井小浜店,小売業,その他小売,5%
福井県,小浜市,ハーツ わかさ店,小売業,食料品,5%
福井県,小浜市,８番らーめん小浜店,サービス,飲食業,2%
福井県,小浜市,花椿・ホテルアーバンポート,サービス,宿泊業,5%
福井県,小浜市,はまがわ,サービス,飲食業,5%
福井県,小浜市,福井ダイハツ販売小浜店,小売業,その他小売,5%
福井県,小浜市,福井物産株式会社 おかし市場,小売業,食料品,5%
福井県,小浜市,ふじたや コスメ エステふじたや,小売業,総合（非専門）,5%
福井県,小浜市,ＰＬＵＳ ＳＰＯＴ,小売業,家具・調度品,5%
福井県,小浜市,ＨａｉｒＳｐａｃｅＨＯＰＥ,サービス,理容・美容業,5%
福井県,小浜市,マクドナルド２７号小浜店,サービス,飲食業,2%
福井県,小浜市,まことや電器,小売業,電化製品,5%
福井県,小浜市,マツダオ－トザム小浜,小売業,その他小売,5%
福井県,小浜市,ママーストアー 東小浜店,小売業,食料品,5%
福井県,小浜市,道の駅 若狭おばま 道の駅若狭おばま,小売業,その他小売,5%
福井県,小浜市,湊商会,サービス,その他サービス,5%
福井県,小浜市,宮川商会,小売業,その他小売,5%
福井県,小浜市,宮脇書店 小浜店,小売業,書籍・玩具・音楽ＣＤ,5%
福井県,小浜市,民宿村上,サービス,宿泊業,5%
福井県,小浜市,メガネの正視堂,小売業,貴金属・服飾品,5%
福井県,小浜市,山天 リサイクル着物と古布のお店 やまてん,小売業,衣料品,5%
福井県,小浜市,やまと庵,サービス,飲食業,5%
福井県,小浜市,やまと寿し 本店,サービス,飲食業,5%
福井県,小浜市,ヨシデンサービス,小売業,電化製品,5%
福井県,小浜市,旅館若杉,サービス,宿泊業,5%
福井県,小浜市,若狭小浜丸海 小浜本店,小売業,食料品,5%
福井県,小浜市,若狭路の宿民宿さわ,サービス,宿泊業,5%
福井県,小浜市,若狭フィッシャーマンズ・ワーフ,小売業,食料品,5%
福井県,小浜市,若狭マリンプラザ,サービス,宿泊業,5%
福井県,勝山市,勝山ＳＳ,小売業,ガソリンスタンド,2%
福井県,勝山市,勝山バイパスセルフＳＳ,小売業,ガソリンスタンド,2%
福井県,勝山市,あおい商事 勝山油槽所,小売業,ガソリンスタンド,2%
福井県,勝山市,秋吉 勝山店,サービス,飲食業,5%
福井県,勝山市,伊波ＳＳ,小売業,ガソリンスタンド,2%
福井県,勝山市,おいしい ちよ鶴,サービス,飲食業,5%
福井県,勝山市,お食事喫茶ゆかり,サービス,飲食業,5%
福井県,勝山市,セブン－イレブン勝山郡町店,小売業,食料品,2%
福井県,勝山市,Ｋａｂｏｓ勝山店,小売業,書籍・玩具・音楽ＣＤ,5%
福井県,勝山市,かわはら 電化 かわはら電化,小売業,電化製品,5%
福井県,勝山市,サンプラザ店,小売業,食料品,5%
福井県,勝山市,スカイ鹿谷,小売業,電化製品,5%
福井県,勝山市,セルフタキナミ,小売業,ガソリンスタンド,2%
福井県,勝山市,でんきランドさか,小売業,電化製品,5%
福井県,勝山市,デンキのしばた,小売業,電化製品,5%
福井県,勝山市,長山ＳＳ,小売業,ガソリンスタンド,2%
福井県,勝山市,８番らーめん勝山店,サービス,飲食業,2%
福井県,勝山市,ハニーサンプラザ店,小売業,食料品,5%
福井県,勝山市,ブックスたまき,小売業,書籍・玩具・音楽ＣＤ,5%
福井県,勝山市,名物たこ焼きなっちゃんち,サービス,飲食業,5%
福井県,勝山市,元町ＳＳ,小売業,ガソリンスタンド,2%
福井県,勝山市,林檎のおうち,サービス,理容・美容業,5%
福井県,坂井市,アイコー春江薬局,小売業,その他小売,5%
福井県,坂井市,秋吉 春江店,サービス,飲食業,5%
福井県,坂井市,秋吉 丸岡店,サービス,飲食業,5%
福井県,坂井市,秋吉 三国店,サービス,飲食業,5%
福井県,坂井市,パナハウスイケダ,小売業,電化製品,5%
福井県,坂井市,出光福井大橋ＳＳ,小売業,ガソリンスタンド,2%
福井県,坂井市,出光三国ＳＳ,小売業,ガソリンスタンド,2%
福井県,坂井市,出光横地ＳＳ,小売業,ガソリンスタンド,2%
福井県,坂井市,ｗｈｉｓｐｅｒ 春江店,小売業,衣料品,5%
福井県,坂井市,エスパル丸岡ＳＳ,小売業,ガソリンスタンド,2%
福井県,坂井市,越前蟹の坊,サービス,飲食業,5%
福井県,坂井市,エンゼルランドふくい前ＳＳ,小売業,ガソリンスタンド,2%
福井県,坂井市,お菓子の店ひらい,小売業,食料品,5%
福井県,坂井市,カイロプラクティック骨優館,サービス,理容・美容業,5%
福井県,坂井市,カサシマ,小売業,家具・調度品,5%
福井県,坂井市,かじ惣丸岡インター店,小売業,食料品,5%
福井県,坂井市,割烹 とりや,サービス,飲食業,5%
福井県,坂井市,カドヤ,サービス,その他サービス,5%
福井県,坂井市,（有）かとれや,小売業,衣料品,5%
福井県,坂井市,ｃａｆｅ Ｓａｍａ Ｓａｍａ,サービス,飲食業,5%
福井県,坂井市,ＫａＢｏＳ＋ＧＥＯ三国店,小売業,書籍・玩具・音楽ＣＤ,5%
福井県,坂井市,Ｇａｌｌｅｙ 砂や,サービス,宿泊業,5%
福井県,坂井市,ｃｏｏｊｕ福井 ｃｏｏｊｕ 福井 クージュ フクイ ビジネスホテル,サービス,宿泊業,5%
福井県,坂井市,黒目ＳＳ,小売業,ガソリンスタンド,2%
福井県,坂井市,こだま,小売業,衣料品,5%
福井県,坂井市,齊藤酒店,小売業,食料品,5%
福井県,坂井市,坂井町ＳＳ,小売業,ガソリンスタンド,2%
福井県,坂井市,坂井町ＳＳ,小売業,ガソリンスタンド,2%
福井県,坂井市,サンコーでんき,小売業,電化製品,5%
福井県,坂井市,サンシャインみつわＳＳ みつわ商事,小売業,ガソリンスタンド,2%
福井県,坂井市,シーライオン,サービス,その他サービス,5%
福井県,坂井市,潮騒の館やし楼,小売業,その他小売,5%
福井県,坂井市,地酒倶楽部大木商店,小売業,食料品,5%
福井県,坂井市,食彩館丸岡店,小売業,食料品,5%
福井県,坂井市,食彩館みくに店,小売業,食料品,5%
福井県,坂井市,新鮮館まるおか,小売業,食料品,5%
福井県,坂井市,スーパーステーションみくにＳＳ,小売業,ガソリンスタンド,2%
福井県,坂井市,すずきコンタクト,小売業,その他小売,5%
福井県,坂井市,ＳＰＯＲＴＳ ＧＹＭ ＬＩＢＥＲＴＹ,サービス,その他サービス,5%
福井県,坂井市,スマイ輪ＩＮＧスポーツクラブ,その他業種,ー,5%
福井県,坂井市,セラピストハウス,サービス,その他サービス,5%
福井県,坂井市,ソーホー,小売業,衣料品,5%
福井県,坂井市,たい焼き えびす屋,サービス,飲食業,5%
福井県,坂井市,たに屋カイロプラクティック院,サービス,理容・美容業,5%
福井県,坂井市,詰所三國,サービス,その他サービス,5%
福井県,坂井市,Ｔ Ｒｅｖｏｌｕｔｉｏｎ,小売業,その他小売,5%
福井県,坂井市,Ｔ．Ｒｅｖｏｌｕｔｉｏｎ,サービス,その他サービス,5%
福井県,坂井市,ティーブティック如庵 アミ店,小売業,食料品,5%
福井県,坂井市,出蔵テクノポートＳＳ,小売業,ガソリンスタンド,2%
福井県,坂井市,電化のクマガイ,小売業,電化製品,5%
福井県,坂井市,トゥールセツコ,サービス,理容・美容業,5%
福井県,坂井市,東尋坊観光遊覧船,サービス,運輸業,5%
福井県,坂井市,東尋坊正太楼,小売業,その他小売,5%
福井県,坂井市,Ｄｒ．Ｄｒｉｖｅセルフまるおか店,小売業,ガソリンスタンド,2%
福井県,坂井市,友吉製粉製麺,小売業,食料品,5%
福井県,坂井市,トヨタカローラ福井坂井店,小売業,その他小売,5%
福井県,坂井市,トヨタカローラ福井丸岡店,小売業,その他小売,5%
福井県,坂井市,トラックＳＨＯＰ ＮＡＫＡＮＯ,小売業,その他小売,5%
福井県,坂井市,ネッツトヨタ福井春江店,小売業,その他小売,5%
福井県,坂井市,ネッツトヨタ福井丸岡店,小売業,その他小売,5%
福井県,坂井市,ハーツ はるえ店,小売業,食料品,5%
福井県,坂井市,橋本薬局,小売業,その他小売,5%
福井県,坂井市,パソコンドック２４ 福井店,サービス,その他サービス,5%
福井県,坂井市,８番らーめんイーザ三国店,サービス,飲食業,2%
福井県,坂井市,８番らーめん羽崎店,サービス,飲食業,2%
福井県,坂井市,８番らーめん丸岡店,サービス,飲食業,2%
福井県,坂井市,ハッピートラベル春江店,サービス,その他サービス,5%
福井県,坂井市,ハニー食彩館丸岡店,小売業,食料品,5%
福井県,坂井市,ハニー食彩館みくに店,小売業,食料品,5%
福井県,坂井市,ハニー新鮮館まるおか,小売業,食料品,5%
福井県,坂井市,ハニービッグベリーマーケット春江,小売業,食料品,5%
福井県,坂井市,ハルエ自動車,サービス,その他サービス,5%
福井県,坂井市,はんしょの下 木村餅店,小売業,食料品,5%
福井県,坂井市,ビッグベリーマーケット春江,小売業,食料品,5%
福井県,坂井市,美容室ＣＲＥＡＴＥ セ ラ ヴィ店,サービス,理容・美容業,5%
福井県,坂井市,美容室ＣＯＣＯ,サービス,理容・美容業,5%
福井県,坂井市,美容室マーマ,サービス,理容・美容業,5%
福井県,坂井市,福井新港ＳＳ,小売業,ガソリンスタンド,2%
福井県,坂井市,福井ダイハツ販売丸岡店,小売業,その他小売,5%
福井県,坂井市,福井トヨタ自動車空港前店,小売業,その他小売,5%
福井県,坂井市,福井トヨタ自動車Ｕ－Ｃａｒピア空港前,小売業,その他小売,5%
福井県,坂井市,ヘアーサロン ＫＩＤＯ,サービス,理容・美容業,5%
福井県,坂井市,ヘアスタジオ アートボックス,サービス,理容・美容業,5%
福井県,坂井市,望洋楼,サービス,宿泊業,5%
福井県,坂井市,マクドナルド春江店,サービス,飲食業,2%
福井県,坂井市,マクドナルド三国店,サービス,飲食業,2%
福井県,坂井市,セブン－イレブン丸岡一本田福所店,小売業,食料品,2%
福井県,坂井市,丸岡インターＳＳ,小売業,ガソリンスタンド,2%
福井県,坂井市,セブン－イレブン丸岡インター店,小売業,食料品,2%
福井県,坂井市,セブン－イレブン丸岡下安田店,小売業,食料品,2%
福井県,坂井市,セブン－イレブン丸岡高柳店,小売業,食料品,2%
福井県,坂井市,丸見屋,小売業,食料品,5%
福井県,坂井市,マンガ喫茶 ビィ・ドリーム春江店,サービス,飲食業,5%
福井県,坂井市,みくに隠居処,サービス,宿泊業,5%
福井県,坂井市,三国ＳＳ,小売業,ガソリンスタンド,2%
福井県,坂井市,みくに園,その他業種,ー,5%
福井県,坂井市,三国町ＳＳ,小売業,ガソリンスタンド,2%
福井県,坂井市,村上大理石株式会社,その他業種,ー,5%
福井県,坂井市,やきにくハウスあかね,サービス,飲食業,5%
福井県,坂井市,八洲自動車株式会社,サービス,その他サービス,5%
福井県,坂井市,やそしま,小売業,その他小売,5%
福井県,坂井市,やま甚,小売業,食料品,5%
福井県,坂井市,有限会社あしや,サービス,その他サービス,5%
福井県,坂井市,有限会社神戸屋,小売業,食料品,5%
福井県,坂井市,有限会社さんさん池見,小売業,食料品,5%
福井県,坂井市,雄福屋,小売業,衣料品,5%
福井県,坂井市,ゆうらくざ・まきた,小売業,電化製品,5%
福井県,坂井市,ヨコガワ電器,小売業,電化製品,5%
福井県,坂井市,ｒｉｖｅｒ,サービス,理容・美容業,5%
福井県,坂井市,林檎林,サービス,飲食業,5%
福井県,鯖江市,ＡＲＴＢＥＲＬＩＤＧＥ,サービス,理容・美容業,5%
福井県,鯖江市,Ｄｒ．Ｄｒｉｖｅアップルしんめい店,小売業,ガソリンスタンド,2%
福井県,鯖江市,Ｄｒ．Ｄｒｉｖｅセルフプラザさばえ店,小売業,ガソリンスタンド,2%
福井県,鯖江市,ＥｎｅＪｅｔサンドームＳＳ,小売業,ガソリンスタンド,2%
福井県,鯖江市,秋吉 鯖江店,サービス,飲食業,5%
福井県,鯖江市,秋吉 神明店,サービス,飲食業,5%
福井県,鯖江市,ＡｓｉａｎｒｅｌａｘＷａｉＴｅａ,サービス,その他サービス,5%
福井県,鯖江市,足つぼ療術院 心花,サービス,理容・美容業,5%
福井県,鯖江市,美容室ａｐｐｌａｕｓｅ,サービス,理容・美容業,5%
福井県,鯖江市,勇寿し,サービス,飲食業,5%
福井県,鯖江市,出光石田ＳＳ,小売業,ガソリンスタンド,2%
福井県,鯖江市,ｗｈｉｓｐｅｒ 鯖江店,小売業,衣料品,5%
福井県,鯖江市,ａｎｙ?ｂｅａｕｔｙ,サービス,理容・美容業,5%
福井県,鯖江市,恵美写真館 恵美写真館,小売業,その他小売,5%
福井県,鯖江市,御菓子処うさぎや 御菓子処うさぎや,小売業,食料品,5%
福井県,鯖江市,お好みハウス セレネ 帛,サービス,飲食業,5%
福井県,鯖江市,ＯＦＦ・ＨＯＵＳＥ 長浜店,小売業,電化製品,5%
福井県,鯖江市,有限会社オプト．デュオ,その他業種,ー,5%
福井県,鯖江市,カーセンターしみず,サービス,その他サービス,5%
福井県,鯖江市,ｃａｒ ｐｒｏｄｕｃｅ ＲＯＣ,小売業,その他小売,5%
福井県,鯖江市,カイロクリニカルセンターさばえ院,小売業,その他小売,5%
福井県,鯖江市,がったねーら,サービス,飲食業,5%
福井県,鯖江市,ＲＥＧＡＬＯ．,サービス,飲食業,5%
福井県,鯖江市,割烹 三軒茶屋 割烹三軒茶屋,サービス,飲食業,5%
福井県,鯖江市,株式会社 加藤紙文具店 株式会社 加藤紙文具店,小売業,その他小売,5%
福井県,鯖江市,株式会社乾レンズ鯖江支店,小売業,衣料品,5%
福井県,鯖江市,株式会社大橋モータース マツダオートザム鯖江,サービス,その他サービス,5%
福井県,鯖江市,株式会社ヒロセ,小売業,その他小売,5%
福井県,鯖江市,河和田ＳＳ,小売業,ガソリンスタンド,2%
福井県,鯖江市,北川テレビ鯖江支店,小売業,電化製品,5%
福井県,鯖江市,きものサロンまるよ,小売業,衣料品,5%
福井県,鯖江市,キャッチ．タマムラ,小売業,電化製品,5%
福井県,鯖江市,うるし工房錦壽,その他業種,ー,5%
福井県,鯖江市,ｋｕｕ ジュビランｋｕｕ,サービス,理容・美容業,5%
福井県,鯖江市,久保田酒店,小売業,食料品,5%
福井県,鯖江市,グローバル,サービス,その他サービス,5%
福井県,鯖江市,Ｋｓ ＥＹＥ,サービス,その他サービス,5%
福井県,鯖江市,けーきやＹＡＮＡＧＩＭＯＴＯ,小売業,食料品,5%
福井県,鯖江市,ＧＥＮ‘ｓ ＫＩＴＣＨＥＮ,サービス,飲食業,5%
福井県,鯖江市,晃梅,小売業,その他小売,5%
福井県,鯖江市,ｃｏｆｆｅｅｓｈｏｐＨＯＮＡＮＯ,サービス,飲食業,5%
福井県,鯖江市,鯖江ＳＳ,小売業,ガソリンスタンド,2%
福井県,鯖江市,鯖江アレックスシネマ,小売業,食料品,5%
福井県,鯖江市,セブン－イレブン鯖江石田上町店,小売業,食料品,2%
福井県,鯖江市,セブン－イレブン鯖江インター店,小売業,食料品,2%
福井県,鯖江市,鯖江ＳＳ,小売業,ガソリンスタンド,2%
福井県,鯖江市,セブン－イレブン鯖江北野町１丁目店,小売業,食料品,2%
福井県,鯖江市,鯖江タクシー 営業車１３,サービス,運輸業,5%
福井県,鯖江市,サロンｋｕｒｕ夢,サービス,理容・美容業,5%
福井県,鯖江市,さんぱつやタケダ,サービス,理容・美容業,5%
福井県,鯖江市,さんぱつやタケダ,サービス,理容・美容業,5%
福井県,鯖江市,漆遊館 澤田与三八堂,小売業,その他小売,5%
福井県,鯖江市,昭和堂,小売業,食料品,5%
福井県,鯖江市,ＳｕｐｅｒＫａＢｏＳ＋ＧＥＯ鯖江店,小売業,書籍・玩具・音楽ＣＤ,5%
福井県,鯖江市,すたみな太郎 鯖江店,サービス,飲食業,5%
福井県,鯖江市,住吉店,小売業,食料品,5%
福井県,鯖江市,ダイソー鯖江店,小売業,その他小売,2%
福井県,鯖江市,ダイモンデンキ,小売業,電化製品,5%
福井県,鯖江市,タケベ無線 本店,小売業,電化製品,5%
福井県,鯖江市,でんきランドはやし,小売業,電化製品,5%
福井県,鯖江市,でんきランドひらざわ,小売業,電化製品,5%
福井県,鯖江市,東陽店,小売業,食料品,5%
福井県,鯖江市,Ｄｒ．Ｄｒｉｖｅ鯖江店,小売業,ガソリンスタンド,2%
福井県,鯖江市,Ｄｒ．Ｄｒｉｖｅ鯖江店 セルフ,小売業,ガソリンスタンド,2%
福井県,鯖江市,有限会社ニシザワ紙文具,小売業,その他小売,5%
福井県,鯖江市,ニューイングランド かわばた,小売業,電化製品,5%
福井県,鯖江市,ネッツトヨタ福井鯖江店,小売業,その他小売,5%
福井県,鯖江市,ハーツ 神中,小売業,食料品,5%
福井県,鯖江市,ハーツ さばえ店,小売業,食料品,5%
福井県,鯖江市,ＢＩＫＥＳＥＲＶＩＣＥＴＡＮＫ,小売業,その他小売,5%
福井県,鯖江市,８番ラーメン鯖江店,サービス,飲食業,2%
福井県,鯖江市,８番らーめん鯖江店,サービス,飲食業,2%
福井県,鯖江市,８番ラーメン鯖江東店,サービス,飲食業,2%
福井県,鯖江市,８番らーめん鯖江東店,サービス,飲食業,2%
福井県,鯖江市,８番ラーメン神明店,サービス,飲食業,2%
福井県,鯖江市,８番らーめん神明店,サービス,飲食業,2%
福井県,鯖江市,ＰＡＳＳＩＯＮ Ｈａｉｒ ｃｕｓｔｏｍｉｚｅ ＰＡＳＳｉＯＮ Ｈａｉｒ ｃｕｓｔｏｍｉｚｅ,サービス,理容・美容業,5%
福井県,鯖江市,パナパック いしざき,小売業,電化製品,5%
福井県,鯖江市,ハニー 住吉店,小売業,食料品,5%
福井県,鯖江市,ハニー住吉店,小売業,食料品,5%
福井県,鯖江市,ハニー東陽店,小売業,食料品,5%
福井県,鯖江市,ハニービッグベリーマーケット北野,小売業,食料品,5%
福井県,鯖江市,ハニーみゆき店,小売業,食料品,5%
福井県,鯖江市,ハニーみゆき店,小売業,食料品,5%
福井県,鯖江市,Ｖａｌａｎｃｅ,小売業,衣料品,5%
福井県,鯖江市,Ｐａｒａｄｅ鯖江店,小売業,その他小売,5%
福井県,鯖江市,セブン－イレブン東鯖江２丁目店,小売業,食料品,2%
福井県,鯖江市,ビッグベリーマーケット北野,小売業,食料品,5%
福井県,鯖江市,美容室ＧＲＡＤＯ（グラード）,サービス,理容・美容業,5%
福井県,鯖江市,美容室ＣＲＥＡＴＥ 鯖江店,サービス,理容・美容業,5%
福井県,鯖江市,美容室クリエイト鯖江店,サービス,理容・美容業,5%
福井県,鯖江市,ＦＡＳＨＩＯＮ ＬＥＡＤＥＲ ＶＩＶＡ アルプラザ鯖江店,小売業,衣料品,5%
福井県,鯖江市,ＦＩＧ,小売業,その他小売,5%
福井県,鯖江市,藤本電機商会,小売業,電化製品,5%
福井県,鯖江市,富士屋会館,サービス,飲食業,5%
福井県,鯖江市,富士屋会館,サービス,飲食業,5%
福井県,鯖江市,ブック・オフ 福井鯖江店,小売業,書籍・玩具・音楽ＣＤ,5%
福井県,鯖江市,ｈａｉｒ ｍａｋｅ ｔｉ?ｐｏ,サービス,理容・美容業,5%
福井県,鯖江市,マクドナルド鯖江アルプラザ店,サービス,飲食業,2%
福井県,鯖江市,マクドナルド鯖江神明店,サービス,飲食業,2%
福井県,鯖江市,マクドナルド西鯖江店,サービス,飲食業,2%
福井県,鯖江市,満月,小売業,電化製品,5%
福井県,鯖江市,道の駅西山公園,小売業,食料品,5%
福井県,鯖江市,ミート＆デリカ ささき,小売業,食料品,5%
福井県,鯖江市,メイツひらお,小売業,電化製品,5%
福井県,鯖江市,ｍｏｄｕｕｌ,小売業,衣料品,5%
福井県,鯖江市,有限会社ぴーぷ留,サービス,飲食業,5%
福井県,鯖江市,理容田野,小売業,総合（非専門）,5%
福井県,鯖江市,理容田野,サービス,理容・美容業,5%
福井県,鯖江市,ワイホーム 鯖江店,小売業,食料品,5%
福井県,高浜町,イルマーレ,サービス,飲食業,5%
福井県,高浜町,音海マリン,サービス,その他サービス,5%
福井県,高浜町,ニュー高浜,小売業,ガソリンスタンド,2%
福井県,高浜町,ブルーライトヨコヤマ,サービス,飲食業,5%
福井県,高浜町,まちなか交流館,小売業,その他小売,5%
福井県,高浜町,有限会社増田商会,小売業,その他小売,5%
福井県,敦賀市,秋吉 敦賀中央店,サービス,飲食業,5%
福井県,敦賀市,秋吉 敦賀本町店,サービス,飲食業,5%
福井県,敦賀市,Ａｇｕ ｈａｉｒ Ａｇｕ ｈａｉｒ ｎｉｎａ敦賀,サービス,理容・美容業,5%
福井県,敦賀市,アサヒメガネ敦賀店,小売業,その他小売,5%
福井県,敦賀市,アピタ前,小売業,ガソリンスタンド,2%
福井県,敦賀市,生け簀の甲羅,小売業,食料品,5%
福井県,敦賀市,出光敦賀中央ＳＳ,小売業,ガソリンスタンド,2%
福井県,敦賀市,出光松島ＳＳ,小売業,ガソリンスタンド,2%
福井県,敦賀市,エフレ清水本店,小売業,食料品,5%
福井県,敦賀市,エフレ古田刈店,小売業,食料品,5%
福井県,敦賀市,エフレデイズ店,小売業,食料品,5%
福井県,敦賀市,御菓子処 あさみ,小売業,食料品,5%
福井県,敦賀市,ＯＨＡＮＡ Ｌｏｖｅ Ｈｅａｒｔｓ ＯＨＡＮＡ,サービス,理容・美容業,5%
福井県,敦賀市,お仏壇のはしもと,小売業,家具・調度品,5%
福井県,敦賀市,お仏壇のはしもと,小売業,家具・調度品,5%
福井県,敦賀市,おむすびや 穂んのり,小売業,食料品,5%
福井県,敦賀市,オリックスレンタカー敦賀駅前店,サービス,その他サービス,2%
福井県,敦賀市,割烹志野,サービス,飲食業,5%
福井県,敦賀市,株式会社 つるが大丸,小売業,家具・調度品,5%
福井県,敦賀市,株式会社オーディオ渡辺,小売業,電化製品,5%
福井県,敦賀市,株式会社ガスショップヤサカ,小売業,その他小売,5%
福井県,敦賀市,有限会社クワナ,小売業,衣料品,5%
福井県,敦賀市,ｇｒａｆ ｈａｉｒｓ ｌａｂ,サービス,理容・美容業,5%
福井県,敦賀市,クリーニングハウスクレヨン 粟野店,サービス,その他サービス,5%
福井県,敦賀市,クリーニングハウスクレヨン 津内店,サービス,その他サービス,5%
福井県,敦賀市,ケセラセラーみやもと ケセラセラーみやもと,小売業,食料品,5%
福井県,敦賀市,ｃｏｔｏ,小売業,衣料品,5%
福井県,敦賀市,ｃｏｔｏ,小売業,家具・調度品,5%
福井県,敦賀市,ＫＯＢＯＲＩ,小売業,食料品,5%
福井県,敦賀市,ＣＯＲＥＳＴＥ,小売業,衣料品,5%
福井県,敦賀市,ＪＸ日鉱日石エネルギーカーポート敦賀,小売業,ガソリンスタンド,2%
福井県,敦賀市,地魚料理まるさん屋,サービス,飲食業,5%
福井県,敦賀市,旬菜ダイニング 拓,サービス,飲食業,5%
福井県,敦賀市,笑福堂 寿庵第１,小売業,食料品,5%
福井県,敦賀市,ＳｕｐｅｒＫａＢｏＳ＋ＧＥＯ敦賀店 ＧＥＯ館,小売業,書籍・玩具・音楽ＣＤ,5%
福井県,敦賀市,ＳｕｐｅｒＫａＢｏＳ＋ＧＥＯ敦賀店 書籍・ＣＤ館,小売業,書籍・玩具・音楽ＣＤ,5%
福井県,敦賀市,スカイカネマス,小売業,電化製品,5%
福井県,敦賀市,すたみな太郎 敦賀店,サービス,飲食業,5%
福井県,敦賀市,セルフアミューズいちのの,小売業,ガソリンスタンド,2%
福井県,敦賀市,セルフＥＡＧＬＥ ＳＴＡＴＩＯＮ 敦賀店,小売業,ガソリンスタンド,2%
福井県,敦賀市,タートルクラブ,サービス,飲食業,5%
福井県,敦賀市,田原町Ｈ,小売業,ガソリンスタンド,2%
福井県,敦賀市,中華そば一力,サービス,飲食業,5%
福井県,敦賀市,ＣＨＩＬＬ ＣＡＦＥ ＣＨＩＬＬ ＣＡＦＥ,サービス,飲食業,5%
福井県,敦賀市,敦賀ＳＳ,小売業,ガソリンスタンド,2%
福井県,敦賀市,敦賀アレックスシネマ,小売業,食料品,5%
福井県,敦賀市,敦賀ＳＳ,小売業,ガソリンスタンド,2%
福井県,敦賀市,セブン－イレブン敦賀昭和町１丁目店,小売業,食料品,2%
福井県,敦賀市,セブン－イレブン敦賀中央町２丁目店,小売業,食料品,2%
福井県,敦賀市,セブン－イレブン敦賀布田町店,小売業,食料品,2%
福井県,敦賀市,敦賀港ＳＳ,小売業,ガソリンスタンド,2%
福井県,敦賀市,でんきぽ－と おおかど,小売業,電化製品,5%
福井県,敦賀市,トウシヤ水上,小売業,電化製品,5%
福井県,敦賀市,Ｄｒ．Ｄｒｉｖｅセルフ敦賀サンルート２７店,小売業,ガソリンスタンド,2%
福井県,敦賀市,Ｄｒ．Ｄｒｉｖｅ敦賀中央店,小売業,ガソリンスタンド,2%
福井県,敦賀市,Ｄｒ．Ｄｒｉｖｅセルフサンメイト敦賀店,小売業,ガソリンスタンド,2%
福井県,敦賀市,トヨタカローラ福井敦賀店,小売業,その他小売,5%
福井県,敦賀市,トヨタ部品福井共販敦賀営業所,小売業,その他小売,5%
福井県,敦賀市,トヨタレンタリース福井敦賀駅前店,サービス,その他サービス,2%
福井県,敦賀市,株式会社西岡由商会,小売業,その他小売,5%
福井県,敦賀市,ネッツトヨタ福井敦賀店,小売業,その他小売,5%
福井県,敦賀市,Ｂａｒ ＣＯＣＯ ＡＺＵＲＥ,サービス,飲食業,5%
福井県,敦賀市,ハーツ つるが店,小売業,食料品,5%
福井県,敦賀市,８番らーめん敦賀木崎店,サービス,飲食業,2%
福井県,敦賀市,８番らーめん松島店,サービス,飲食業,2%
福井県,敦賀市,ハートランド きたむら,小売業,電化製品,5%
福井県,敦賀市,ハニーエフレ清水本店,小売業,食料品,5%
福井県,敦賀市,ハニーエフレ古田刈店,小売業,食料品,5%
福井県,敦賀市,ハニーエフレデイズ店,小売業,食料品,5%
福井県,敦賀市,有限会社原田プロパン商会,小売業,その他小売,5%
福井県,敦賀市,覚明商会,小売業,電化製品,5%
福井県,敦賀市,美容室Ｂｌｕｔｅ,サービス,理容・美容業,5%
福井県,敦賀市,福井観光トラベルサービス 嶺南支店,サービス,その他サービス,5%
福井県,敦賀市,福井ダイハツ販売敦賀店,小売業,その他小売,5%
福井県,敦賀市,福井日野自動車敦賀営業所,小売業,その他小売,5%
福井県,敦賀市,ブティックミナミ 中央店,小売業,衣料品,5%
福井県,敦賀市,フラワーショップひろ,小売業,その他小売,5%
福井県,敦賀市,プレス,小売業,衣料品,5%
福井県,敦賀市,ヘアーサロンクロダ ヘアーサロン クロダ,サービス,理容・美容業,5%
福井県,敦賀市,ｈａｉｒ ｒｅｓｏｒｔ ＦＬＯＷ Ｃｒａｙｏｎ ｃａｓｅ,サービス,理容・美容業,5%
福井県,敦賀市,ペットショップｗｉｔｈアピタ敦賀店,小売業,その他小売,5%
福井県,敦賀市,ｐｅｐｅｒｉｎｏ,サービス,飲食業,5%
福井県,敦賀市,ホンダ販売敦賀,小売業,その他小売,5%
福井県,敦賀市,マクドナルド敦賀アクロスプラザ店,サービス,飲食業,2%
福井県,敦賀市,マクドナルド敦賀店,サービス,飲食業,2%
福井県,敦賀市,マップトラベル,サービス,その他サービス,5%
福井県,敦賀市,まるさん商店,小売業,食料品,5%
福井県,敦賀市,港人浪漫喰楽舞,サービス,飲食業,5%
福井県,敦賀市,メガネ赤札堂 敦賀店,小売業,貴金属・服飾品,5%
福井県,敦賀市,メガネのハラダ敦賀店,小売業,貴金属・服飾品,5%
福井県,敦賀市,やまおかアワノ店,小売業,衣料品,5%
福井県,敦賀市,やまおかエコノ バロー木崎店,小売業,衣料品,5%
福井県,敦賀市,癒玄,サービス,その他サービス,5%
福井県,敦賀市,ＬＩＦＥ こうの,小売業,電化製品,5%
福井県,敦賀市,楽ちん館,小売業,電化製品,5%
福井県,敦賀市,敦賀ユニホーム,小売業,衣料品,5%
福井県,福井市,ｅａｒｔｈｍｕｓｉｃ＆ｅｃｏｌｏｇｙ福井ラブリーパートナーエルパ,小売業,衣料品,2%
福井県,福井市,アイデン,小売業,電化製品,5%
福井県,福井市,ＰＵＲ福井店,サービス,理容・美容業,5%
福井県,福井市,アウトクルーズ,サービス,その他サービス,5%
福井県,福井市,あおい商事株式会社本社 純正,小売業,ガソリンスタンド,2%
福井県,福井市,Ｄｒ．ＤｒｉｖｅあおいＳＳランド音楽堂前店,小売業,ガソリンスタンド,2%
福井県,福井市,Ｄｒ．Ｄｒｉｖｅ花月店,小売業,ガソリンスタンド,2%
福井県,福井市,Ｄｒ．Ｄｒｉｖｅセルフプラザしみず店,小売業,ガソリンスタンド,2%
福井県,福井市,Ｄｒ．Ｄｒｉｖｅセルフプラザ新日光店,小売業,ガソリンスタンド,2%
福井県,福井市,Ｄｒ．Ｄｒｉｖｅセルフプラザつくし野店,小売業,ガソリンスタンド,2%
福井県,福井市,Ｄｒ．Ｄｒｉｖｅセルフプラザ福井インター店,小売業,ガソリンスタンド,2%
福井県,福井市,Ｄｒ．Ｄｒｉｖｅセルフプラザふくい店,小売業,ガソリンスタンド,2%
福井県,福井市,Ｄｒ．Ｄｒｉｖｅまちや店,小売業,ガソリンスタンド,2%
福井県,福井市,Ｄｒ．Ｄｒｉｖｅセルフプラザわかすぎ店,小売業,ガソリンスタンド,2%
福井県,福井市,Ｄｒ．Ｄｒｉｖｅセルフプラザ新田塚店,小売業,ガソリンスタンド,2%
福井県,福井市,あおい商事 本社ＥＮＥＲＩＳ,小売業,ガソリンスタンド,2%
福井県,福井市,あおいフリート,小売業,ガソリンスタンド,2%
福井県,福井市,赤尾酒店,サービス,飲食業,5%
福井県,福井市,赤坂電機,小売業,電化製品,5%
福井県,福井市,秋吉 一丁来店,サービス,飲食業,5%
福井県,福井市,秋吉 橋南店,サービス,飲食業,5%
福井県,福井市,秋吉 種池店,サービス,飲食業,5%
福井県,福井市,秋吉 豊岡店,サービス,飲食業,5%
福井県,福井市,秋吉 新田塚店,サービス,飲食業,5%
福井県,福井市,秋吉 福井駅前店,サービス,飲食業,5%
福井県,福井市,秋吉 福井片町店,サービス,飲食業,5%
福井県,福井市,秋吉グループ本部,サービス,飲食業,5%
福井県,福井市,アクアマリン福井店,サービス,その他サービス,5%
福井県,福井市,Ａｇｕ ｈａｉｒ Ａｇｕ ｈａｉｒ ｌｏｎｄ福井,サービス,理容・美容業,5%
福井県,福井市,ａｋｅｒｕ ｃａｆｅ,サービス,飲食業,5%
福井県,福井市,アズイン福井,サービス,宿泊業,5%
福井県,福井市,ＡＳＴ－ＡＢＵＲＡＹＡ,小売業,その他小売,5%
福井県,福井市,足羽店,小売業,食料品,5%
福井県,福井市,足羽山デッキ,サービス,飲食業,5%
福井県,福井市,麻生津店,小売業,食料品,5%
福井県,福井市,圧着DM専門店,その他業種,ー,5%
福井県,福井市,ＡＤＥＯＳ,小売業,衣料品,5%
福井県,福井市,ＡＮＩＳＩＥ,小売業,その他小売,5%
福井県,福井市,アミング高柳店,小売業,その他小売,5%
福井県,福井市,アミング若杉店,小売業,その他小売,5%
福井県,福井市,アリーナ麻生津ＳＳ,小売業,ガソリンスタンド,2%
福井県,福井市,ａｌｉｔｔｌｅ，ｇｏｏｄｇａｒｄｅｎ,小売業,衣料品,5%
福井県,福井市,アロマハウス アロマハウス,小売業,総合（非専門）,5%
福井県,福井市,Ａｍｂｉｅｎｃｅ,小売業,衣料品,5%
福井県,福井市,イクラボ社店,小売業,衣料品,5%
福井県,福井市,板倉プロパン商会,小売業,その他小売,5%
福井県,福井市,いただき繕福井越廼,小売業,総合（非専門）,5%
福井県,福井市,出光セルフかいほつＳＳ,小売業,ガソリンスタンド,2%
福井県,福井市,出光川西ＳＳ,小売業,ガソリンスタンド,2%
福井県,福井市,出光砂子坂ＳＳ,小売業,ガソリンスタンド,2%
福井県,福井市,伊藤電機販売,小売業,電化製品,5%
福井県,福井市,今川焼本舗,小売業,食料品,5%
福井県,福井市,癒しの隠れ家ＴＯＲＩＫＯ,サービス,その他サービス,5%
福井県,福井市,癒しのサロンＬｏｍｉＬｏｍｉ,サービス,その他サービス,5%
福井県,福井市,イルーシー３００福井大和田店,小売業,衣料品,5%
福井県,福井市,（株）いわほり ＬＡＭＰ,小売業,家具・調度品,5%
福井県,福井市,イワマ時計店,小売業,貴金属・服飾品,5%
福井県,福井市,Ｗｈｉｓｐｅｒ〔ウィスパー〕,小売業,衣料品,5%
福井県,福井市,Ｗｈｉｓｐｅｒ高木店,小売業,衣料品,5%
福井県,福井市,Ｗｉｔｈモリシタ,サービス,理容・美容業,5%
福井県,福井市,プリズム福井 栄太楼,小売業,食料品,5%
福井県,福井市,エーグル 福井エルパ店,小売業,衣料品,5%
福井県,福井市,ＳＳ事業部,小売業,ガソリンスタンド,2%
福井県,福井市,エステｏｎサンセリテ,サービス,理容・美容業,5%
福井県,福井市,越前白浜ＳＳ,小売業,ガソリンスタンド,2%
福井県,福井市,プリズム福井 越前田村屋,小売業,食料品,5%
福井県,福井市,エックスモバイル福井店,小売業,電化製品,5%
福井県,福井市,Ｎ．Ｋ．Ｂ,小売業,衣料品,5%
福井県,福井市,ＥｎｅＪｅｔ大町ＳＳ,小売業,ガソリンスタンド,2%
福井県,福井市,えん,小売業,衣料品,5%
福井県,福井市,オーダースーツ専門店ＤｏＣｏｍｐａｎｙ,小売業,衣料品,5%
福井県,福井市,大森ＳＳ,小売業,ガソリンスタンド,2%
福井県,福井市,オザキスポーツ アバックスタジアム店 アバックスタジアム店,小売業,その他小売,5%
福井県,福井市,プリズム福井 おそばだうどんだ越前,サービス,飲食業,5%
福井県,福井市,お多福,サービス,飲食業,5%
福井県,福井市,お茶の大三 ベル店,小売業,食料品,5%
福井県,福井市,お茶の林屋,小売業,食料品,5%
福井県,福井市,オフ ハウス 福井北店,小売業,電化製品,5%
福井県,福井市,オフ ハウス 福井北店,小売業,衣料品,2%
福井県,福井市,織々屋,サービス,飲食業,5%
福井県,福井市,オリックスレンタカー福井駅前店,サービス,その他サービス,2%
福井県,福井市,お料理 こまつや,サービス,飲食業,5%
福井県,福井市,御菓子司 栄太楼 本店,小売業,食料品,5%
福井県,福井市,ＣＵＲＬ ＳＴＹＬＥ,サービス,理容・美容業,5%
福井県,福井市,かいざきでんき,小売業,電化製品,5%
福井県,福井市,カイロハウスＬｅ’Ｌｉｅｎ?る・りあん?,サービス,理容・美容業,5%
福井県,福井市,カイロプラクティックりらいふ,サービス,理容・美容業,5%
福井県,福井市,買う座呑む座,サービス,飲食業,5%
福井県,福井市,株式会社カウベル・コーポレーション,その他業種,ー,5%
福井県,福井市,片山ピアノ調律所,サービス,その他サービス,5%
福井県,福井市,勝木書店 本店,小売業,書籍・玩具・音楽ＣＤ,5%
福井県,福井市,勝見モータース株式会社,サービス,その他サービス,5%
福井県,福井市,かつ義,サービス,飲食業,5%
福井県,福井市,ｃａｆｅｎｏｔｅｓ,サービス,飲食業,5%
福井県,福井市,カフェ モントリオール,サービス,飲食業,5%
福井県,福井市,株式会社宇野 福井店,小売業,総合（非専門）,5%
福井県,福井市,カイドージュエリー カイドージュエリー,小売業,貴金属・服飾品,5%
福井県,福井市,株式会社セツコ リフレ,サービス,理容・美容業,5%
福井県,福井市,株式会社セツコ アート ラ セツコ,サービス,理容・美容業,5%
福井県,福井市,株式会社セツコ 板垣,サービス,理容・美容業,5%
福井県,福井市,株式会社セツコ 順化,サービス,理容・美容業,5%
福井県,福井市,（株）福井観光トラベルサービス,サービス,その他サービス,5%
福井県,福井市,株式会社マツモトカーズ,サービス,その他サービス,5%
福井県,福井市,越前蕎麦倶楽部 越前蕎麦倶楽部,サービス,飲食業,5%
福井県,福井市,株 室次 セルフ呉服町ＳＳ,小売業,ガソリンスタンド,2%
福井県,福井市,ＫａＢｏＳベル店,小売業,書籍・玩具・音楽ＣＤ,5%
福井県,福井市,ＧｕｍＧｕｍ,小売業,衣料品,5%
福井県,福井市,ＣＡＭＥＬＬＩＡ,サービス,飲食業,5%
福井県,福井市,カレーハウスＣｏＣｏ壱番屋福井江守店,サービス,飲食業,2%
福井県,福井市,カレーハウスＣｏＣｏ壱番屋福井堀の宮店,サービス,飲食業,2%
福井県,福井市,川口洋菓子店,小売業,食料品,5%
福井県,福井市,川西ＳＳ,小売業,ガソリンスタンド,2%
福井県,福井市,木田店,小売業,食料品,5%
福井県,福井市,Ｋｉｄｓ Ｋｉｓｓ エルパ店,小売業,衣料品,5%
福井県,福井市,きものギャラリー本嶋,サービス,その他サービス,5%
福井県,福井市,きもの京山 きもの京山福井店,小売業,衣料品,5%
福井県,福井市,ＧＡＴＨＥＲＥＤ 福井駅前店,小売業,その他小売,5%
福井県,福井市,Ｃｕｒｅ,サービス,理容・美容業,5%
福井県,福井市,牛角大和田店,サービス,飲食業,2%
福井県,福井市,京呉服 平田,小売業,衣料品,5%
福井県,福井市,ぎょうざ酒場だいきち,サービス,飲食業,5%
福井県,福井市,吟撰肉匠 立力,小売業,食料品,5%
福井県,福井市,錦梅堂 プリズム店,小売業,食料品,5%
福井県,福井市,Ｃｏｏ＆ＲＩＫＵ福井店,小売業,その他小売,5%
福井県,福井市,串よろし,サービス,飲食業,5%
福井県,福井市,くつろぎ倶楽部,サービス,その他サービス,5%
福井県,福井市,ＫＵＲＡ ＫＵＲＡ,小売業,衣料品,5%
福井県,福井市,グラン シェフ クーゼー グラン シェフ クーゼー,サービス,飲食業,5%
福井県,福井市,クランデール二の宮店,小売業,食料品,5%
福井県,福井市,クリップ,小売業,衣料品,5%
福井県,福井市,ケィコレクション,小売業,衣料品,5%
福井県,福井市,光夏,サービス,飲食業,5%
福井県,福井市,ＣＯ,小売業,衣料品,5%
福井県,福井市,コスメティック浪華 浪華,小売業,その他小売,5%
福井県,福井市,ごちそう一乃松,小売業,食料品,5%
福井県,福井市,呉服町ＳＳ,小売業,ガソリンスタンド,2%
福井県,福井市,呉服町ＳＳ 株式会社室次,小売業,ガソリンスタンド,2%
福井県,福井市,コマヤ福井文京店,小売業,衣料品,5%
福井県,福井市,五目亭 片町店,サービス,飲食業,5%
福井県,福井市,五目亭 駅前店,サービス,飲食業,5%
福井県,福井市,ＣＯＭＰ・ＯＦＦ福井板垣店,小売業,その他小売,5%
福井県,福井市,Ｔｈｅ Ｇｒａｎｄ ｃｏｆｆｅｅ Ｔｈｅ Ｇｒａｎｄ ｃｏｆｆｅｅ ザ グランドコーヒー,小売業,その他小売,5%
福井県,福井市,セブン－イレブン坂井町下兵庫店,小売業,食料品,2%
福井県,福井市,サクラ住宅設計合同会社,サービス,その他サービス,5%
福井県,福井市,桜寿司,サービス,飲食業,5%
福井県,福井市,プリズム福井 さくら茶屋,サービス,飲食業,5%
福井県,福井市,さくら通り動物病院,サービス,その他サービス,5%
福井県,福井市,さくらの宮ランドセル 福井本店,小売業,貴金属・服飾品,5%
福井県,福井市,桜むすび プリズム店,小売業,食料品,5%
福井県,福井市,酒アルコ福井片町店,小売業,食料品,5%
福井県,福井市,酒＆業務スーパーワッセ店,小売業,食料品,2%
福井県,福井市,酒のソクハイ 福井片町店,小売業,その他小売,5%
福井県,福井市,シアターハウス,小売業,電化製品,5%
福井県,福井市,ジェームス福井大和田店,小売業,その他小売,2%
福井県,福井市,塩善茶舗 塩善茶舗,小売業,食料品,5%
福井県,福井市,ＸＩＯＮ,その他業種,ー,5%
福井県,福井市,じっぷじっぷ,小売業,書籍・玩具・音楽ＣＤ,5%
福井県,福井市,じっぷじっぷ 種池店,小売業,書籍・玩具・音楽ＣＤ,5%
福井県,福井市,シトロン ｃｉｔｒｏｎ ｃｉｔｒｏｎ,サービス,理容・美容業,5%
福井県,福井市,シマダデンキ,小売業,電化製品,5%
福井県,福井市,清水無線電気商会,小売業,電化製品,5%
福井県,福井市,車両広告専門店,その他業種,ー,5%
福井県,福井市,ＪＵＭＰＩＮ ＢＥＡＮ,小売業,衣料品,5%
福井県,福井市,Ｓｈａｍｐｏｏ,サービス,飲食業,5%
福井県,福井市,ジュエリー土屋,小売業,貴金属・服飾品,5%
福井県,福井市,酒楽山おか,サービス,飲食業,5%
福井県,福井市,旬彩肉焼居酒屋 ぼんた,サービス,飲食業,5%
福井県,福井市,旬彩和厨 馬場,サービス,飲食業,5%
福井県,福井市,ＪＯＹ すずわ,小売業,電化製品,5%
福井県,福井市,食彩館大宮店,小売業,食料品,5%
福井県,福井市,食彩館東部店,小売業,食料品,5%
福井県,福井市,食彩館西福井,小売業,食料品,5%
福井県,福井市,食彩館やしろ店,小売業,食料品,5%
福井県,福井市,食彩館四ツ居店,小売業,食料品,5%
福井県,福井市,白崎行政書士事務所,サービス,その他サービス,5%
福井県,福井市,城町アネックス,サービス,宿泊業,5%
福井県,福井市,新鮮館えもり,小売業,食料品,5%
福井県,福井市,新鮮館大安寺,小売業,食料品,5%
福井県,福井市,新鮮館つくし野,小売業,食料品,5%
福井県,福井市,新鮮館灯明寺,小売業,食料品,5%
福井県,福井市,新鮮館みのり,小売業,食料品,5%
福井県,福井市,シンボ電器,小売業,電化製品,5%
福井県,福井市,水仙花,小売業,食料品,5%
福井県,福井市,ＳｕｐｅｒＫａＢｏＳ新二の宮店,小売業,書籍・玩具・音楽ＣＤ,5%
福井県,福井市,ＳｕｐｅｒＫａＢｏＳ＋ＧＥＯ大和田店,小売業,書籍・玩具・音楽ＣＤ,5%
福井県,福井市,ＳｕｐｅｒＫａＢｏＳ＋ＧＥＯワッセ店,小売業,書籍・玩具・音楽ＣＤ,5%
福井県,福井市,スカイハルカ,小売業,電化製品,5%
福井県,福井市,スカイやまだ,小売業,電化製品,5%
福井県,福井市,鮨長,サービス,飲食業,5%
福井県,福井市,エステティックサロンｊｅｕｎｅｓｓｅ,サービス,理容・美容業,5%
福井県,福井市,スナディッシュ,小売業,その他小売,5%
福井県,福井市,Ｓｎｏｗｃａｆｅ焙煎工房,サービス,飲食業,5%
福井県,福井市,ｓｆｒａ,サービス,理容・美容業,5%
福井県,福井市,スペックスジム,サービス,その他サービス,5%
福井県,福井市,スポーツショップ リオ,小売業,衣料品,5%
福井県,福井市,ＴＨＲＩＦＴＥＲＳＦａｍ福井やしろ店,小売業,その他小売,5%
福井県,福井市,生活雑貨ＨＡＮＡ下馬店,小売業,その他小売,5%
福井県,福井市,生活雑貨ＨＡＮＡ文京店,小売業,その他小売,5%
福井県,福井市,生活雑貨ＨＡＮＡベル店,小売業,その他小売,5%
福井県,福井市,西部ＳＳ,小売業,ガソリンスタンド,2%
福井県,福井市,西部燃料株式会社,小売業,その他小売,5%
福井県,福井市,石油事業部,小売業,ガソリンスタンド,2%
福井県,福井市,Ｓｅｔｓｕｋｏ ｌｉｆｅ×ｂｅａｕｔｙ,サービス,理容・美容業,5%
福井県,福井市,セッション オオミヤ,サービス,理容・美容業,5%
福井県,福井市,セルフィッシュ,小売業,家具・調度品,5%
福井県,福井市,Ｃｅｌｅｂｏｕｒｇ福井やしろ店,小売業,その他小売,5%
福井県,福井市,選挙ポスター専門店,その他業種,ー,5%
福井県,福井市,蕎麦Ｄｉｎｉｎｇ 一福,サービス,飲食業,5%
福井県,福井市,蕎麦屋 十九,サービス,飲食業,5%
福井県,福井市,ソフトバンク アピタ福井大和田,小売業,その他小売,5%
福井県,福井市,リラクゼーションサロンソルジェンテ,その他業種,ー,5%
福井県,福井市,大吉餅,小売業,食料品,5%
福井県,福井市,大長,小売業,衣料品,5%
福井県,福井市,大長 文京店,小売業,衣料品,5%
福井県,福井市,大名町ＳＳ,小売業,ガソリンスタンド,2%
福井県,福井市,タイヤガーデンサカモト,小売業,その他小売,5%
福井県,福井市,タウンホテル福井,サービス,宿泊業,5%
福井県,福井市,高井不動産株式会社,サービス,その他サービス,5%
福井県,福井市,株式会社たからや商店,小売業,その他小売,5%
福井県,福井市,多国籍居酒屋シャンガリ,サービス,飲食業,5%
福井県,福井市,タルティーナ,サービス,飲食業,5%
福井県,福井市,中央市場給油所,小売業,ガソリンスタンド,2%
福井県,福井市,直売,小売業,ガソリンスタンド,2%
福井県,福井市,佃の佃煮 プリズム福井店,サービス,飲食業,5%
福井県,福井市,ツチハシ電化,小売業,電化製品,5%
福井県,福井市,ＴＫＹカイロプラクティック,サービス,理容・美容業,5%
福井県,福井市,Ｔ．ＳＥＬＥＣＴ,小売業,衣料品,5%
福井県,福井市,ｔａｓｔｅ,サービス,飲食業,5%
福井県,福井市,テート テート,小売業,その他小売,5%
福井県,福井市,デザートスクエア パリオ店,小売業,食料品,5%
福井県,福井市,鉄鍋屋,サービス,飲食業,5%
福井県,福井市,鉄板料理薫風 高木店,サービス,飲食業,5%
福井県,福井市,鉄板料理薫風 本店,サービス,飲食業,5%
福井県,福井市,ｄｅｗｗ ｄｅｗｗ,小売業,食料品,5%
福井県,福井市,テリフリ,小売業,その他小売,5%
福井県,福井市,電化の野路,小売業,電化製品,5%
福井県,福井市,でんきランドよしむら,小売業,電化製品,5%
福井県,福井市,でんきランドでんえいしゃ,小売業,電化製品,5%
福井県,福井市,テンダ ロッサ,サービス,飲食業,5%
福井県,福井市,天たつ,小売業,食料品,5%
福井県,福井市,DoCompany,小売業,衣料品,5%
福井県,福井市,東郷ＳＳ,小売業,ガソリンスタンド,2%
福井県,福井市,堂下商店,サービス,公共料金,5%
福井県,福井市,東部燃料 株 東部燃料株式会社,小売業,その他小売,5%
福井県,福井市,Ｄｒ．Ｄｒｉｖｅアリーナ板垣店,小売業,ガソリンスタンド,2%
福井県,福井市,Ｄｒ．Ｄｒｉｖｅ光陽店,小売業,ガソリンスタンド,2%
福井県,福井市,Ｄｒ．Ｄｒｉｖｅサン勝見店,小売業,ガソリンスタンド,2%
福井県,福井市,Ｄｒ．Ｄｒｉｖｅアリーナ板垣店 セルフ,小売業,ガソリンスタンド,2%
福井県,福井市,Ｄｒ．Ｄｒｉｖｅセルフ大和田店,小売業,ガソリンスタンド,2%
福井県,福井市,Ｄｒ．Ｄｒｉｖｅセルフサン勝見店,小売業,ガソリンスタンド,2%
福井県,福井市,Ｄｒ．Ｄｒｉｖｅセルフやしろ店,小売業,ガソリンスタンド,2%
福井県,福井市,Ｄｒ．Ｄｒｉｖｅノース福井店,小売業,ガソリンスタンド,2%
福井県,福井市,Ｄｒ．Ｄｒｉｖｅアミューズ上北野店,小売業,ガソリンスタンド,2%
福井県,福井市,Ｄｒ．Ｄｒｉｖｅ毛矢店,小売業,ガソリンスタンド,2%
福井県,福井市,Ｄｒ．ＤｒｉｖｅＢｉＧエッグわかすぎ店,小売業,ガソリンスタンド,2%
福井県,福井市,徳光ＳＳ,小売業,ガソリンスタンド,2%
福井県,福井市,とざわ でんき,小売業,電化製品,5%
福井県,福井市,Ｄｏｔ．Ｇｒａｐｈ,サービス,その他サービス,5%
福井県,福井市,トヨタカローラ福井中央店,小売業,その他小売,5%
福井県,福井市,トヨタカローラ福井本部,小売業,その他小売,5%
福井県,福井市,トヨタレンタリース福井 福井ひがし店,サービス,その他サービス,2%
福井県,福井市,トヨタレンタリース福井日光店,サービス,その他サービス,2%
福井県,福井市,トヨタレンタリース福井福井駅東口店,サービス,その他サービス,2%
福井県,福井市,トヨタレンタリース福井福井みなみ店,サービス,その他サービス,2%
福井県,福井市,ドライクリーナース幾久,サービス,その他サービス,5%
福井県,福井市,トラットリアトマト,サービス,飲食業,5%
福井県,福井市,トレモロ トレモロ,サービス,飲食業,5%
福井県,福井市,問屋センターＳＳ,小売業,ガソリンスタンド,2%
福井県,福井市,ＮＯＷＨＥＲＥ福井フェアモール店,小売業,衣料品,5%
福井県,福井市,永田ラジオ電器商会,小売業,電化製品,5%
福井県,福井市,中西昆布,小売業,食料品,5%
福井県,福井市,ナチュラルキッチンサール,サービス,飲食業,5%
福井県,福井市,棗ＳＳ,小売業,ガソリンスタンド,2%
福井県,福井市,似顔絵スタジオワンダーペイント,小売業,その他小売,5%
福井県,福井市,肉と韓国料理 たつりき,サービス,飲食業,5%
福井県,福井市,西本酒店,小売業,その他小売,5%
福井県,福井市,西元祐貴陶墨画ギャラリー,その他業種,ー,5%
福井県,福井市,新田塚アーク,サービス,その他サービス,5%
福井県,福井市,新田塚アークジョイやしろ,サービス,その他サービス,5%
福井県,福井市,新田塚アークＤＯ！,サービス,その他サービス,5%
福井県,福井市,ニュ－イングランド つくしの,小売業,電化製品,5%
福井県,福井市,ＮＥＷ 秋吉,サービス,飲食業,5%
福井県,福井市,ニュートラルサロンＬＡＰＩＳ,サービス,その他サービス,5%
福井県,福井市,ｎａｉｌｓａｌｏｎａｒｃ,サービス,理容・美容業,5%
福井県,福井市,ＮＡＩＬＳＡＬＯＮＲｅｊｏｕｉｒ,サービス,その他サービス,5%
福井県,福井市,ネッツトヨタ福井 本店,小売業,その他小売,5%
福井県,福井市,ネッツトヨタ福井福井店,小売業,その他小売,5%
福井県,福井市,野路洋服店,小売業,衣料品,5%
福井県,福井市,野路洋服店 野路洋服店,小売業,衣料品,5%
福井県,福井市,ノベルティー専門店,その他業種,ー,5%
福井県,福井市,Ｎｏｍａｄ,小売業,衣料品,5%
福井県,福井市,ＰｅｒｓｏｎａｌＴｒａｉｎｉｎｇＳｔｕｄｉｏＴｏｔｏｎｏｅ,その他業種,ー,5%
福井県,福井市,ハーツ 羽水店,小売業,食料品,5%
福井県,福井市,ハーツ 学園店,小売業,食料品,5%
福井県,福井市,ハーツ 志比口店,小売業,食料品,5%
福井県,福井市,ＢＡＲＢＥＲ ＳＨＯＰ 樹の下 シェービングスペース ｆｅｅｌ,サービス,理容・美容業,5%
福井県,福井市,ＰＥＡＲＬ ＤＯＧＳ 台湾タピオカ専門店 ＰＥＡＲＬ ＤＯＧＳ 駅前店,サービス,飲食業,5%
福井県,福井市,８番らーめん足羽店,サービス,飲食業,2%
福井県,福井市,８番らーめん開発店,サービス,飲食業,2%
福井県,福井市,８番らーめん新保店,サービス,飲食業,2%
福井県,福井市,８番らーめん灯明寺店,サービス,飲食業,2%
福井県,福井市,８番らーめん二の宮店,サービス,飲食業,2%
福井県,福井市,８番らーめん花堂店,サービス,飲食業,2%
福井県,福井市,８番らーめん春江店,サービス,飲食業,2%
福井県,福井市,８番らーめん福井駅店,サービス,飲食業,2%
福井県,福井市,８番らーめん福井大学前店,サービス,飲食業,2%
福井県,福井市,８番らーめん堀の宮店,サービス,飲食業,2%
福井県,福井市,８番らーめん御幸店,サービス,飲食業,2%
福井県,福井市,８番らーめん米松店,サービス,飲食業,2%
福井県,福井市,８番らーめん若杉店,サービス,飲食業,2%
福井県,福井市,八葉 駅前店,サービス,飲食業,5%
福井県,福井市,バックのあぶらや,小売業,貴金属・服飾品,5%
福井県,福井市,バッグのあぶらやエルパ店,小売業,貴金属・服飾品,5%
福井県,福井市,バッグのあぶらやベル店,小売業,貴金属・服飾品,5%
福井県,福井市,発酵薬膳料理 禅ＺＥＮ,サービス,飲食業,5%
福井県,福井市,パティスリー アン ガトー,小売業,食料品,5%
福井県,福井市,ｐａｔｉｎａ,その他業種,ー,5%
福井県,福井市,ハード オフ 福井北店,小売業,電化製品,2%
福井県,福井市,Ｂａｎａｎａ,サービス,その他サービス,5%
福井県,福井市,花の店 フルールホリ,小売業,その他小売,5%
福井県,福井市,はなみや,サービス,飲食業,5%
福井県,福井市,花物語 花丸,小売業,その他小売,5%
福井県,福井市,花堂ＯＤ,小売業,ガソリンスタンド,2%
福井県,福井市,花堂ＯＤ ＥＮＥＲＩＳ,小売業,ガソリンスタンド,2%
福井県,福井市,花堂南ＳＳ 福信商事株式会社,小売業,ガソリンスタンド,2%
福井県,福井市,ハニー足羽店,小売業,食料品,5%
福井県,福井市,ハニー新鮮館大安寺,小売業,食料品,5%
福井県,福井市,ハニー木田店,小売業,食料品,5%
福井県,福井市,ハニークランデール二の宮店,小売業,食料品,5%
福井県,福井市,ハニー食彩館大宮店,小売業,食料品,5%
福井県,福井市,ハニー食彩館東部店,小売業,食料品,5%
福井県,福井市,ハニー食彩館西福井,小売業,食料品,5%
福井県,福井市,ハニー食彩館やしろ店,小売業,食料品,5%
福井県,福井市,ハニー食彩館四ツ居店,小売業,食料品,5%
福井県,福井市,ハニー新鮮館みのり,小売業,食料品,5%
福井県,福井市,ハニー新鮮館つくし野,小売業,食料品,5%
福井県,福井市,ハニー新鮮館灯明寺,小売業,食料品,5%
福井県,福井市,ハニー新鮮館えもり,小売業,食料品,5%
福井県,福井市,ハニー麻生津店,小売業,食料品,5%
福井県,福井市,羽二重餅総本舗松岡軒 プリズム福井店,サービス,飲食業,5%
福井県,福井市,プリズム福井 はや川,小売業,食料品,5%
福井県,福井市,セブン－イレブン春江町為国店,小売業,食料品,2%
福井県,福井市,番匠本店 プリズム店,小売業,食料品,5%
福井県,福井市,ＰＡＮＴＥＳフェニックスプラザ前本店,サービス,飲食業,5%
福井県,福井市,ＢＩＥＮ ＭＯＲＥ ＣＡＳＡ Ｗｅｉ,小売業,衣料品,5%
福井県,福井市,ＢＩＥＮ ＭＯＲＥ ＣＡＳＡ Ｒｏｔ,小売業,衣料品,5%
福井県,福井市,ＢＩＥＮ ＭＯＲＥ Ｂｌｅｕ,小売業,衣料品,5%
福井県,福井市,ＢＭＯ福井大町店,小売業,衣料品,5%
福井県,福井市,ＢＭＯ福井開発店,小売業,衣料品,5%
福井県,福井市,美ＧＯＳＨ,サービス,理容・美容業,5%
福井県,福井市,ビーズ屋さん,小売業,その他小売,5%
福井県,福井市,びっくりドンキー福井開発店,サービス,飲食業,2%
福井県,福井市,日之出ＳＳ,小売業,ガソリンスタンド,2%
福井県,福井市,ビバ,小売業,衣料品,5%
福井県,福井市,ビビアン,サービス,理容・美容業,2%
福井県,福井市,百,サービス,飲食業,5%
福井県,福井市,ｂｕｔ,サービス,理容・美容業,5%
福井県,福井市,美容カイロのお店エルトラスト,サービス,その他サービス,5%
福井県,福井市,美容カイロサロンプチローズ,サービス,その他サービス,5%
福井県,福井市,美容室カプセル,サービス,理容・美容業,5%
福井県,福井市,美容室クリエイト ヴィサージュ店,サービス,理容・美容業,5%
福井県,福井市,美容室コジコジ,サービス,理容・美容業,5%
福井県,福井市,ヒロトノワーク,サービス,理容・美容業,5%
福井県,福井市,ファストフードあじもり エルパ店,サービス,飲食業,5%
福井県,福井市,封筒印刷専門店,その他業種,ー,5%
福井県,福井市,フェローズ,小売業,その他小売,5%
福井県,福井市,ＰＨＯＴＯ１９,サービス,その他サービス,5%
福井県,福井市,フォルダ専門店,その他業種,ー,5%
福井県,福井市,ｆｏｒｅｓｔ,サービス,その他サービス,5%
福井県,福井市,セブン－イレブン福井板垣３丁目店,小売業,食料品,2%
福井県,福井市,セブン－イレブン福井板垣２丁目店,小売業,食料品,2%
福井県,福井市,福井ウクレレクラスタ楽音,小売業,書籍・玩具・音楽ＣＤ,5%
福井県,福井市,福井ウクレレクラスタ楽音,小売業,その他小売,5%
福井県,福井市,セブン－イレブン福井運動公園店,小売業,食料品,2%
福井県,福井市,セブン－イレブン福井大手３丁目店,小売業,食料品,2%
福井県,福井市,セブン－イレブン福井開発３丁目店,小売業,食料品,2%
福井県,福井市,セブン－イレブン福井開発町店,小売業,食料品,2%
福井県,福井市,セブン－イレブン福井学園２丁目店,小売業,食料品,2%
福井県,福井市,セブン－イレブン福井経田１丁目店,小売業,食料品,2%
福井県,福井市,セブン－イレブン福井栗森町店,小売業,食料品,2%
福井県,福井市,福井ゲストハウスＳＡＭＭＩＥ’Ｓ,サービス,その他サービス,5%
福井県,福井市,セブン－イレブン福井三郎丸店,小売業,食料品,2%
福井県,福井市,福井市観光物産館 福福館,小売業,食料品,5%
福井県,福井市,セブン－イレブン福井志比口店,小売業,食料品,2%
福井県,福井市,セブン－イレブン福井清水町店,小売業,食料品,2%
福井県,福井市,福井市美山森林温泉 みらくる亭,サービス,宿泊業,5%
福井県,福井市,セブン－イレブン福井下河北町店,小売業,食料品,2%
福井県,福井市,セブン－イレブン福井城東４丁目店,小売業,食料品,2%
福井県,福井市,福井新聞社,その他業種,ー,5%
福井県,福井市,福井ダイハツ販売高木中央店,小売業,その他小売,5%
福井県,福井市,セブン－イレブン福井高木町店,小売業,食料品,2%
福井県,福井市,セブン－イレブン福井高柳町店,小売業,食料品,2%
福井県,福井市,セブン－イレブン福井種池２丁目店,小売業,食料品,2%
福井県,福井市,福井中央カイロプラクティック院,サービス,理容・美容業,5%
福井県,福井市,セブン－イレブン福井問屋町１丁目店,小売業,食料品,2%
福井県,福井市,セブン－イレブン福井灯明寺１丁目店,小売業,食料品,2%
福井県,福井市,福井トヨタ自動車開発店,小売業,その他小売,5%
福井県,福井市,福井トヨタ自動車管理本部,小売業,その他小売,5%
福井県,福井市,福井トヨタ自動車福井大仏前店,小売業,その他小売,5%
福井県,福井市,福井トヨタ自動車法人,小売業,その他小売,5%
福井県,福井市,福井トヨタ自動車本社,小売業,その他小売,5%
福井県,福井市,福井トヨタ自動車Ｕ－Ｃａｒピア本社,小売業,その他小売,5%
福井県,福井市,福井トヨタ自動車レクサス福井,小売業,その他小売,5%
福井県,福井市,セブン－イレブン福井西谷３丁目店,小売業,食料品,2%
福井県,福井市,セブン－イレブン福井春山１丁目店,小売業,食料品,2%
福井県,福井市,福井日野自動車株式会社,小売業,その他小売,5%
福井県,福井市,セブン－イレブン福井文京３丁目店,小売業,食料品,2%
福井県,福井市,福井補聴器センター福井店,小売業,その他小売,5%
福井県,福井市,セブン－イレブン福井みのり店,小売業,食料品,2%
福井県,福井市,セブン－イレブン福井米松２丁目店,小売業,食料品,2%
福井県,福井市,セブン－イレブン福井和田東店,小売業,食料品,2%
福井県,福井市,プリズム福井 福井わらじ屋,小売業,その他小売,5%
福井県,福井市,フク理容,サービス,理容・美容業,5%
福井県,福井市,冨士屋玩具 冨士屋玩具,小売業,書籍・玩具・音楽ＣＤ,5%
福井県,福井市,プチモールうちやま,小売業,その他小売,5%
福井県,福井市,ＢＯＯＫ･ＯＦＦ福井二の宮店,小売業,その他小売,2%
福井県,福井市,ＢＯＯＫ・ＯＦＦ福井やしろ店,小売業,その他小売,2%
福井県,福井市,ＢＯＯＫ･ＯＦＦ福井米松店,小売業,その他小売,2%
福井県,福井市,フラデリ,小売業,衣料品,5%
福井県,福井市,ＢＬＩＮＫ Ｈａｉｒ ｍａｋｅ ＢＬＩＮＫ,サービス,理容・美容業,5%
福井県,福井市,ブルーアース,小売業,その他小売,5%
福井県,福井市,ブルーバード理容室,サービス,理容・美容業,5%
福井県,福井市,ブルーバード理容室,サービス,理容・美容業,5%
福井県,福井市,Ｂｒｓ．ＭＡＲＵＹＡＭＡ,サービス,理容・美容業,5%
福井県,福井市,ｆｌｏｗ．Ｎｅｘｕｓ,小売業,電化製品,5%
福井県,福井市,フローレンス,サービス,理容・美容業,5%
福井県,福井市,プロモート Ｓ 日之出店,その他業種,ー,5%
福井県,福井市,ｈａｉｒ ｍａｋｅ Ｌａｐｉｓ,サービス,理容・美容業,5%
福井県,福井市,ＨＡＩＲ ＳＰＡ Ｎｉｃｏ ＨＡＩＲ ＳＰＡ Ｎｉｃｏ,サービス,その他サービス,5%
福井県,福井市,ヘアーサロンアスワ,サービス,理容・美容業,5%
福井県,福井市,ヘアーサロンさかした,サービス,理容・美容業,5%
福井県,福井市,米穀商杉山商店,小売業,食料品,5%
福井県,福井市,Ｖｅｇｇｉｅｓ,サービス,飲食業,5%
福井県,福井市,ｐａｐｅｒｇｌａｓｓ ＦＵＫＵＩ,小売業,貴金属・服飾品,5%
福井県,福井市,ＢＡＢＹＳＨＯＰＫＯＭＡＹＡ福井文京店,小売業,書籍・玩具・音楽ＣＤ,5%
福井県,福井市,べーる,サービス,理容・美容業,5%
福井県,福井市,ＢＥＮＴＯ,小売業,衣料品,5%
福井県,福井市,ＢＥＮＴＯ,小売業,衣料品,5%
福井県,福井市,ぽたぽたポタリー,小売業,その他小売,5%
福井県,福井市,ホテル割烹石丸,サービス,宿泊業,5%
福井県,福井市,ホテルフクイキャッスル,サービス,宿泊業,5%
福井県,福井市,ＢＯＮＯＢＯＮＯ プリズム店,小売業,食料品,5%
福井県,福井市,ＭＩＧＨＴＹ ＧＬＯＷ,小売業,衣料品,5%
福井県,福井市,マインドＫＡＩＨＯＴＳＵ ＳＳ,小売業,ガソリンスタンド,2%
福井県,福井市,まえがわでんき,小売業,電化製品,5%
福井県,福井市,マクドナルド８号線福井店,サービス,飲食業,2%
福井県,福井市,マクドナルド花堂店,サービス,飲食業,2%
福井県,福井市,マクドナルド福井アピタ店,サービス,飲食業,2%
福井県,福井市,マクドナルド福井大和田アピタ店,サービス,飲食業,2%
福井県,福井市,マクドナルド福井新田塚店,サービス,飲食業,2%
福井県,福井市,マクドナルド福井南ワイプラザ店,サービス,飲食業,2%
福井県,福井市,マクドナルド福井ワイプラザ店,サービス,飲食業,2%
福井県,福井市,マクドナルド福井若杉店,サービス,飲食業,2%
福井県,福井市,増永眼鏡店,その他業種,ー,5%
福井県,福井市,増永眼鏡店,小売業,その他小売,5%
福井県,福井市,マツムラデンキ,小売業,電化製品,5%
福井県,福井市,松本自動車工業,サービス,その他サービス,5%
福井県,福井市,Ｍａｄｏｒｏｍｉ,サービス,その他サービス,5%
福井県,福井市,学び舎Ｅｘｐｌｏｒｅｒ,その他業種,ー,5%
福井県,福井市,ママイクコ 福井,小売業,総合（非専門）,5%
福井県,福井市,まるこ屋洋品店,小売業,衣料品,5%
福井県,福井市,まるさん屋 福井片町,サービス,飲食業,5%
福井県,福井市,マルツ福井二の宮店,小売業,電化製品,5%
福井県,福井市,丸松茶舗,小売業,食料品,5%
福井県,福井市,丸見電気商会,小売業,電化製品,5%
福井県,福井市,みけそん,サービス,飲食業,5%
福井県,福井市,Ｍｒ．Ｂｅｎウェアハウス,小売業,衣料品,5%
福井県,福井市,ｍｉｓｏｌａ,サービス,飲食業,5%
福井県,福井市,みそ楽,小売業,食料品,5%
福井県,福井市,ミヤザキ靴店,小売業,衣料品,5%
福井県,福井市,美山ＳＳ,小売業,ガソリンスタンド,2%
福井県,福井市,ミュウミュウ,サービス,飲食業,5%
福井県,福井市,ミラドールトモダ ミラドールトモダ エルパ店,小売業,その他小売,5%
福井県,福井市,むらた精肉店,小売業,食料品,5%
福井県,福井市,村中甘泉堂 プリズム福井店,サービス,飲食業,5%
福井県,福井市,明道館,サービス,その他サービス,5%
福井県,福井市,プリズム福井 メープルハウス福井店,小売業,食料品,5%
福井県,福井市,メガネのハラダ新保店,小売業,貴金属・服飾品,5%
福井県,福井市,メガネのハラダ花堂店,小売業,貴金属・服飾品,5%
福井県,福井市,メナードフェィシャルサロンリールフィーク,サービス,理容・美容業,5%
福井県,福井市,メナードフェイシャルサロンリールフィーク,サービス,理容・美容業,5%
福井県,福井市,メナ－ド福井二の宮,サービス,理容・美容業,5%
福井県,福井市,メンズ ヘア マックス,サービス,理容・美容業,5%
福井県,福井市,ｍｏｍｏ ｍｏｍｏ駅前本店,小売業,その他小売,5%
福井県,福井市,ｍｏｍｏ ｍｏｍｏエルパ店,小売業,その他小売,5%
福井県,福井市,ｍｏｍｏ ｍｏｍｏワッセ店,小売業,その他小売,5%
福井県,福井市,森酒舗,小売業,食料品,5%
福井県,福井市,彌右衛門 プリズム福井店,小売業,食料品,5%
福井県,福井市,焼肉料理ひばち,サービス,飲食業,5%
福井県,福井市,焼肉冷麺しゃぶしゃぶ 福昌園,サービス,飲食業,5%
福井県,福井市,㈱山口伊三郎家具,小売業,家具・調度品,5%
福井県,福井市,ユーグレナショップ,小売業,食料品,5%
福井県,福井市,有限会社 マルサ自動車鈑金工業,サービス,その他サービス,5%
福井県,福井市,有限会社ショーエー,小売業,その他小売,5%
福井県,福井市,有限会社橋本藤商店,小売業,衣料品,5%
福井県,福井市,有限会社はまや 肉のはまや,小売業,食料品,5%
福井県,福井市,ゆうらくざ・おおくら,小売業,電化製品,5%
福井県,福井市,ゆうらくざ・ごとう,小売業,電化製品,5%
福井県,福井市,ゆうらくざこだま,小売業,電化製品,5%
福井県,福井市,ゆうらくざ・たにもと,小売業,電化製品,5%
福井県,福井市,ゆうらくざ・はちや,小売業,電化製品,5%
福井県,福井市,よどえ動物病院,その他業種,ー,5%
福井県,福井市,４Ｃ,サービス,理容・美容業,5%
福井県,福井市,美容室ラ．ボー,サービス,理容・美容業,5%
福井県,福井市,らーめん世界福井開発店,サービス,飲食業,5%
福井県,福井市,Ｌｉｇｈｔ Ｐｌａｎｅ,小売業,衣料品,5%
福井県,福井市,ラ ブレーッザ フェリーチェ,小売業,衣料品,5%
福井県,福井市,ランドセル専門店イクラボ,小売業,衣料品,5%
福井県,福井市,Ｌｉｅｎ,サービス,理容・美容業,5%
福井県,福井市,リーガルシューズ 福井店,小売業,その他小売,5%
福井県,福井市,リサイクルトイショップ ジョイント,小売業,書籍・玩具・音楽ＣＤ,5%
福井県,福井市,Ｒｅｊｏｕｉｒ ｒｅｖｅ,サービス,その他サービス,5%
福井県,福井市,リセスヘアエンターティナーズ,サービス,理容・美容業,5%
福井県,福井市,理容カルソル 二の宮店,サービス,理容・美容業,5%
福井県,福井市,料亭 開花亭,サービス,飲食業,5%
福井県,福井市,料理大むら,サービス,飲食業,5%
福井県,福井市,リラクゼーションサロン ソルジェンテ リラクゼーションサロン ソルジェンテ,サービス,その他サービス,5%
福井県,福井市,リラクゼーションサロンく．えるぽ,サービス,その他サービス,5%
福井県,福井市,リラクゼーションサロンひまわり,サービス,理容・美容業,5%
福井県,福井市,レイズ,小売業,衣料品,5%
福井県,福井市,レストラン トミー,サービス,飲食業,5%
福井県,福井市,レディースファッションＫＯＢＥ エルパ店,小売業,衣料品,5%
福井県,福井市,ｒｅｎｉ,サービス,その他サービス,5%
福井県,福井市,ｒｅｎｉ ｆｏｒＭｅｎ,サービス,その他サービス,5%
福井県,福井市,浪漫遊 福井店,小売業,書籍・玩具・音楽ＣＤ,5%
福井県,福井市,ろばた焼 弥吉 片町店,サービス,飲食業,5%
福井県,福井市,浪漫遊福井店,小売業,その他小売,5%
福井県,福井市,ワールドタイヤ福井店,小売業,その他小売,5%
福井県,福井市,和イタリアンゆう,サービス,飲食業,5%
福井県,福井市,ワイホーム新保店,小売業,総合（非専門）,5%
福井県,福井市,若廣 プリズム福井店,小売業,食料品,5%
福井県,福井市,和珈屋（イベント用）,小売業,食料品,5%
福井県,福井市,和洋菓子 志保重 東小浜店,小売業,食料品,5%
福井県,南越前町,有限会社金清堂,小売業,電化製品,5%
福井県,南越前町,南条店,小売業,食料品,5%
福井県,南越前町,ナショナルショップおかだ,小売業,電化製品,5%
福井県,南越前町,ハニー南条店,小売業,食料品,5%
福井県,南越前町,セブン－イレブン南越前町店,小売業,食料品,2%
福井県,美浜町,海のホテル ひろせ,サービス,宿泊業,5%
福井県,美浜町,中西製菓,小売業,食料品,5%
福井県,美浜町,ななサロン,サービス,理容・美容業,5%
福井県,美浜町,浪路,サービス,宿泊業,5%
福井県,美浜町,農協前ＳＳ,小売業,ガソリンスタンド,2%
福井県,美浜町,野原電化,小売業,電化製品,5%
福井県,美浜町,ＢＲＩＣＫ ＨＯＵＳＥ,サービス,飲食業,5%
福井県,美浜町,美浜町ＳＳ,小売業,ガソリンスタンド,2%
福井県,美浜町,美浜モーターサービスセンター,サービス,その他サービス,5%
福井県,若狭町,秋吉 上中店,サービス,飲食業,5%
福井県,若狭町,アルデーヌ カナモリ,サービス,飲食業,5%
福井県,若狭町,出光上中ＳＳ,小売業,ガソリンスタンド,2%
福井県,若狭町,出光ホープＳＳ,小売業,ガソリンスタンド,2%
福井県,若狭町,ギャルソン,サービス,理容・美容業,5%
福井県,若狭町,湖上館パムコ,サービス,宿泊業,5%
福井県,若狭町,コワフュール デ ギャルソン,サービス,理容・美容業,5%
福井県,若狭町,新上中ＳＳ,小売業,ガソリンスタンド,2%
福井県,若狭町,ＴＥＣ タナカ,小売業,電化製品,5%
福井県,若狭町,天然みかた温泉 昭和館,サービス,宿泊業,5%
福井県,若狭町,ドール イワモト,小売業,その他小売,5%
福井県,若狭町,十村ＳＳ,小売業,ガソリンスタンド,2%
福井県,若狭町,波華楼,サービス,宿泊業,5%
福井県,若狭町,はまと旅館,サービス,宿泊業,5%
福井県,若狭町,ホテル水月花,サービス,宿泊業,5%
福井県,若狭町,まる志ん,サービス,飲食業,5%
福井県,若狭町,和伊和伊亭,サービス,飲食業,5%
福井県,若狭町,若狭上中ＳＳ 有限会社吉村油店,小売業,ガソリンスタンド,2%
福井県,若狭町,若狭路の宿やまや,サービス,宿泊業,5%
