佐賀県,有田町,芦屋 貴兆陶家 有田本店,小売業,家具・調度品,5%
佐賀県,有田町,芦屋 貴兆陶家 有田札ノ辻店,小売業,その他小売,5%
佐賀県,有田町,アトダデンキ,小売業,電化製品,5%
佐賀県,有田町,セブン－イレブン有田駅前店,小売業,食料品,2%
佐賀県,有田町,セブン－イレブン有田下本店,小売業,食料品,2%
佐賀県,有田町,アリタセラ,小売業,その他小売,5%
佐賀県,有田町,セブン－イレブン有田町役場前店,小売業,食料品,2%
佐賀県,有田町,有田バイパスＳＳ,小売業,ガソリンスタンド,2%
佐賀県,有田町,セブン－イレブン有田原明店,小売業,食料品,2%
佐賀県,有田町,アリタポーセリンラボ,小売業,家具・調度品,5%
佐賀県,有田町,セブン－イレブン有田三代橋店,小売業,食料品,2%
佐賀県,有田町,有田焼やきもの市場 有田店,小売業,その他小売,5%
佐賀県,有田町,杏慕樹,小売業,食料品,5%
佐賀県,有田町,威風堂々有田,サービス,飲食業,5%
佐賀県,有田町,伊万里有田病院売店,小売業,その他小売,5%
佐賀県,有田町,岩尾對山窯,小売業,家具・調度品,5%
佐賀県,有田町,岩尾對山窯 有田店,小売業,家具・調度品,5%
佐賀県,有田町,インテリアサロン木家探,小売業,家具・調度品,5%
佐賀県,有田町,うつわ処けいざん,小売業,その他小売,5%
佐賀県,有田町,器とデザイン,サービス,その他サービス,5%
佐賀県,有田町,柿右衛門窯,小売業,その他小売,5%
佐賀県,有田町,梶謙製磁社,サービス,その他サービス,5%
佐賀県,有田町,金ヶ江両右ェ門窯,サービス,その他サービス,5%
佐賀県,有田町,株式会社香蘭社,サービス,その他サービス,5%
佐賀県,有田町,株式会社ＴＡＩＨＥＩ水産,サービス,飲食業,5%
佐賀県,有田町,株式会社陶悦窯,小売業,その他小売,5%
佐賀県,有田町,株式会社森商会,小売業,その他小売,5%
佐賀県,有田町,株式会社 森商会,小売業,その他小売,5%
佐賀県,有田町,株式会社山忠,小売業,家具・調度品,5%
佐賀県,有田町,有限会社川端自動車工業,サービス,その他サービス,5%
佐賀県,有田町,カンタベリーショップ有田ポーセリンパーク,小売業,衣料品,5%
佐賀県,有田町,器挑ぎんや,小売業,家具・調度品,5%
佐賀県,有田町,キハラ,小売業,家具・調度品,5%
佐賀県,有田町,ギャラリー 有田,小売業,家具・調度品,5%
佐賀県,有田町,ギャラリー 器楽,小売業,その他小売,5%
佐賀県,有田町,ギャラリー 器楽,小売業,その他小売,5%
佐賀県,有田町,ＧＡＬＬＥＲＹ ＡＲＩＴＡ,サービス,飲食業,5%
佐賀県,有田町,ギャラリー花伝,小売業,その他小売,5%
佐賀県,有田町,株式会社玉有 感器工房,小売業,その他小売,5%
佐賀県,有田町,ＫＩＬＮ ＣＡＦＥ,サービス,飲食業,5%
佐賀県,有田町,幸楽窯 トレジャーハンティング,サービス,その他サービス,5%
佐賀県,有田町,香蘭社,小売業,家具・調度品,5%
佐賀県,有田町,株式会社 香蘭社 赤絵町工房,小売業,家具・調度品,5%
佐賀県,有田町,株 小島芳栄堂,小売業,その他小売,5%
佐賀県,有田町,小筆,小売業,その他小売,5%
佐賀県,有田町,セブン－イレブン佐賀有田インター店,小売業,食料品,2%
佐賀県,有田町,サニートラベル合同会社,小売業,その他小売,5%
佐賀県,有田町,Ｇ工房,小売業,その他小売,5%
佐賀県,有田町,信栄モータース,小売業,その他小売,5%
佐賀県,有田町,真右エ門株式会社,サービス,その他サービス,5%
佐賀県,有田町,スーパーウエスト有田店,小売業,その他小売,5%
佐賀県,有田町,スーパーセルフ有田給油所,小売業,ガソリンスタンド,2%
佐賀県,有田町,青雅堂,小売業,家具・調度品,5%
佐賀県,有田町,セレクトショップ ガロ,小売業,衣料品,5%
佐賀県,有田町,セレクトショップ ガロ,小売業,衣料品,5%
佐賀県,有田町,セレクトショップＧＡＲＯ,小売業,衣料品,5%
佐賀県,有田町,大德自動車,サービス,その他サービス,5%
佐賀県,有田町,髙森陶房,サービス,その他サービス,5%
佐賀県,有田町,田中陶器店,小売業,その他小売,5%
佐賀県,有田町,ＤＡＲＡＭＡＬ,小売業,衣料品,5%
佐賀県,有田町,手塚商店,サービス,その他サービス,5%
佐賀県,有田町,陶ＳＨＯＰ古川商店,サービス,その他サービス,5%
佐賀県,有田町,陶房七〇八,サービス,その他サービス,5%
佐賀県,有田町,とこやのいわなが,サービス,理容・美容業,5%
佐賀県,有田町,2016,小売業,その他小売,5%
佐賀県,有田町,西有田ＳＳ,小売業,ガソリンスタンド,2%
佐賀県,有田町,西隆行,サービス,その他サービス,5%
佐賀県,有田町,日本料理 保名,サービス,飲食業,5%
佐賀県,有田町,ノマドコーヒーＡＲＴ,サービス,飲食業,5%
佐賀県,有田町,パナパナ大串,小売業,電化製品,5%
佐賀県,有田町,パナパナ 奥村,小売業,電化製品,5%
佐賀県,有田町,パナパナ 生活館,小売業,電化製品,5%
佐賀県,有田町,ひとふし,サービス,飲食業,5%
佐賀県,有田町,ＦｏｕｎｔａｉｎＭｏｕｎｔａｉｎ,サービス,飲食業,5%
佐賀県,有田町,ブリスにしやま西有田店,小売業,衣料品,5%
佐賀県,有田町,ヘアーサロン クロカワ,サービス,理容・美容業,5%
佐賀県,有田町,ヘアーサロン クロカワ,サービス,理容・美容業,5%
佐賀県,有田町,ｂｏｗｌ,小売業,衣料品,5%
佐賀県,有田町,松尾商店,小売業,その他小売,5%
佐賀県,有田町,株 松尾陶器,小売業,その他小売,5%
佐賀県,有田町,松永電器店,小売業,電化製品,5%
佐賀県,有田町,丸兄商社,小売業,家具・調度品,5%
佐賀県,有田町,丸二ＳＳ,小売業,ガソリンスタンド,2%
佐賀県,有田町,村岡屋 有田店,小売業,食料品,5%
佐賀県,有田町,Ｍｅｌａｔｉ,サービス,理容・美容業,5%
佐賀県,有田町,（有）モーターワールドクリエイト,小売業,その他小売,5%
佐賀県,有田町,株式会社モーターワールドクリエイト,小売業,その他小売,5%
佐賀県,有田町,ヤマト陶磁器株式会社,小売業,その他小売,5%
佐賀県,有田町,有限会社貝山製陶所,サービス,その他サービス,5%
佐賀県,有田町,有限会社彩生陶器 彩生陶器,小売業,その他小売,5%
佐賀県,有田町,藍土,小売業,家具・調度品,5%
佐賀県,有田町,龍水亭,サービス,飲食業,5%
佐賀県,有田町,亮秀窯,小売業,その他小売,5%
佐賀県,伊万里市,ＡＺＵＬＮＡＩＬｍａｒ＆ｃｉｅｌｏ,サービス,理容・美容業,5%
佐賀県,伊万里市,あっぱれ家伊万里,サービス,飲食業,5%
佐賀県,伊万里市,あっぷる動物病院,サービス,その他サービス,5%
佐賀県,伊万里市,アトリエまりえ,サービス,その他サービス,5%
佐賀県,伊万里市,アベェイル 福恒,小売業,電化製品,5%
佐賀県,伊万里市,出光湾岸ＳＳ,小売業,ガソリンスタンド,2%
佐賀県,伊万里市,伊万里焼せいら 伊万里焼せいら,小売業,その他小売,5%
佐賀県,伊万里市,伊万里,小売業,ガソリンスタンド,2%
佐賀県,伊万里市,伊万里ＳＳ,小売業,ガソリンスタンド,2%
佐賀県,伊万里市,セブン－イレブン伊万里大里店,小売業,食料品,2%
佐賀県,伊万里市,イマリキッチン,小売業,その他小売,5%
佐賀県,伊万里市,伊万里グランドホテル,サービス,宿泊業,5%
佐賀県,伊万里市,伊万里厨酒房 彩香,サービス,飲食業,5%
佐賀県,伊万里市,セブン－イレブン伊万里黒川店,小売業,食料品,2%
佐賀県,伊万里市,伊万里市観光協会,小売業,その他小売,5%
佐賀県,伊万里市,セブン－イレブン伊万里瀬戸町店,小売業,食料品,2%
佐賀県,伊万里市,セブン－イレブン伊万里立花町店,小売業,食料品,2%
佐賀県,伊万里市,セブン－イレブン伊万里浪瀬峠店,小売業,食料品,2%
佐賀県,伊万里市,セブン－イレブン伊万里八谷搦店,小売業,食料品,2%
佐賀県,伊万里市,セブン－イレブン伊万里東山代店,小売業,食料品,2%
佐賀県,伊万里市,セブン－イレブン伊万里松島町店,小売業,食料品,2%
佐賀県,伊万里市,セブン－イレブン伊万里南波多店,小売業,食料品,2%
佐賀県,伊万里市,セブン－イレブン伊万里柳井町店,小売業,食料品,2%
佐賀県,伊万里市,伊万里レザー鷹工房,サービス,その他サービス,5%
佐賀県,伊万里市,セブン－イレブン伊万里六仙寺店,小売業,食料品,2%
佐賀県,伊万里市,石見屋本店,小売業,食料品,5%
佐賀県,伊万里市,おしゃれの店 きしかわ,小売業,その他小売,5%
佐賀県,伊万里市,カーサロン古舘,サービス,その他サービス,5%
佐賀県,伊万里市,カイセイ薬局 伊万里駅前店,小売業,その他小売,5%
佐賀県,伊万里市,ｋａｔｅ ｃｕｏｒｅ,サービス,飲食業,5%
佐賀県,伊万里市,株式会社カーウォッシュワン,サービス,その他サービス,5%
佐賀県,伊万里市,株式会社ビーエスティー,サービス,その他サービス,5%
佐賀県,伊万里市,カレーハウスＣＯＣＯ壱番屋伊万里二里町店,サービス,飲食業,2%
佐賀県,伊万里市,河原石油株式会社東ＳＳ,小売業,ガソリンスタンド,2%
佐賀県,伊万里市,ガンマ上伊万里ＳＳ,小売業,ガソリンスタンド,2%
佐賀県,伊万里市,きしがわ電水,小売業,電化製品,5%
佐賀県,伊万里市,串焼福吉,サービス,飲食業,5%
佐賀県,伊万里市,グッデイ 伊万里店,小売業,その他小売,5%
佐賀県,伊万里市,Ｄｒ．Ｄｒｉｖｅセルフ国見台ＳＳ,小売業,ガソリンスタンド,2%
佐賀県,伊万里市,クラフトワン Ｂｙ いわなが 伊万里店,小売業,衣料品,5%
佐賀県,伊万里市,ココ・ティアラ,サービス,理容・美容業,5%
佐賀県,伊万里市,小山陶磁器,小売業,家具・調度品,5%
佐賀県,伊万里市,サイクルショップオオクボ,小売業,その他小売,5%
佐賀県,伊万里市,斉藤写真館,サービス,その他サービス,5%
佐賀県,伊万里市,小嶋や,サービス,その他サービス,5%
佐賀県,伊万里市,佐賀トヨペット伊万里店,小売業,その他小売,5%
佐賀県,伊万里市,ＳＡＬＯＮａｎｄＳＴＵＤＩＯ Ｌｕｎｏｎ,サービス,その他サービス,5%
佐賀県,伊万里市,サンルート神林ＳＳ,小売業,ガソリンスタンド,2%
佐賀県,伊万里市,しーじゃっく 伊万里店,サービス,飲食業,5%
佐賀県,伊万里市,勝 加工販売センター,小売業,食料品,5%
佐賀県,伊万里市,ステーキハウスレストラン勝,サービス,飲食業,5%
佐賀県,伊万里市,ＳＥＩＺＡＮ ＰＬＵＳ 川副青山窯,小売業,その他小売,5%
佐賀県,伊万里市,セルフ伊万里バイパス給油所,小売業,ガソリンスタンド,2%
佐賀県,伊万里市,セルフ伊万里バイパス,小売業,ガソリンスタンド,2%
佐賀県,伊万里市,セルフカーケア伊万里,小売業,ガソリンスタンド,2%
佐賀県,伊万里市,セルフ黒川ＳＳ,小売業,ガソリンスタンド,2%
佐賀県,伊万里市,セントラルホテル伊万里,サービス,宿泊業,5%
佐賀県,伊万里市,ＤＩＮＩＮＧ キラ 柊 キラ 柊,サービス,飲食業,5%
佐賀県,伊万里市,タカチホカメラ 伊万里店,小売業,その他小売,5%
佐賀県,伊万里市,立花ＳＳ,小売業,ガソリンスタンド,2%
佐賀県,伊万里市,陶器の照泉堂,小売業,家具・調度品,5%
佐賀県,伊万里市,陶芸舘 伊万里,小売業,家具・調度品,5%
佐賀県,伊万里市,トヨタレンタリース佐賀伊万里店,サービス,その他サービス,2%
佐賀県,伊万里市,鍋島藩窯 市川光山,小売業,家具・調度品,5%
佐賀県,伊万里市,（有）西岡醤油店,小売業,食料品,5%
佐賀県,伊万里市,二里ＳＳ,小売業,ガソリンスタンド,2%
佐賀県,伊万里市,Ｎｅｄｏｃｏ？,サービス,その他サービス,5%
佐賀県,伊万里市,パナパナ えんどう,小売業,電化製品,5%
佐賀県,伊万里市,パナパナ 昭栄,小売業,電化製品,5%
佐賀県,伊万里市,パナパナいわもと,小売業,電化製品,5%
佐賀県,伊万里市,パナパナことぶきや,小売業,電化製品,5%
佐賀県,伊万里市,パナパナたけの,小売業,電化製品,5%
佐賀県,伊万里市,パナパナでんき館,小売業,電化製品,5%
佐賀県,伊万里市,Ｂ．ｃｏｕｃｏｕ,サービス,理容・美容業,5%
佐賀県,伊万里市,ビジネスホテル新天,サービス,宿泊業,5%
佐賀県,伊万里市,美容ピュア伊万里店,サービス,理容・美容業,5%
佐賀県,伊万里市,ファインズＴＡＫＥＤＡ,小売業,その他小売,5%
佐賀県,伊万里市,ファニー企画 カットスタジオ ファニー,サービス,理容・美容業,5%
佐賀県,伊万里市,ブイヨン,サービス,飲食業,5%
佐賀県,伊万里市,福岡大五,小売業,家具・調度品,5%
佐賀県,伊万里市,ヘアーサロン力武,サービス,理容・美容業,5%
佐賀県,伊万里市,ヘアースタジオＪＡＭ,サービス,理容・美容業,5%
佐賀県,伊万里市,Ｈａｉｒ Ｍｏｄｅ Ｋａｍｉ Ｋａｍｉ,サービス,理容・美容業,5%
佐賀県,伊万里市,宝来軒,サービス,飲食業,5%
佐賀県,伊万里市,マクドナルド伊万里店,サービス,飲食業,2%
佐賀県,伊万里市,松浦一酒造株式会社,小売業,食料品,5%
佐賀県,伊万里市,ＭｅｒｐｈＨａｉｒＤｅｓｉｇｎ,サービス,理容・美容業,5%
佐賀県,伊万里市,本岡金物店,小売業,家具・調度品,5%
佐賀県,伊万里市,焼肉館 勝 伊万里店,サービス,飲食業,5%
佐賀県,伊万里市,山代ＳＳ,小売業,ガソリンスタンド,2%
佐賀県,伊万里市,ヤマモト電器,小売業,電化製品,5%
佐賀県,伊万里市,有限会社松尾オート,サービス,その他サービス,5%
佐賀県,伊万里市,ＪＭ／巒山窯,小売業,家具・調度品,5%
佐賀県,伊万里市,ワインバー ヴァン ワインバーヴァン,サービス,飲食業,5%
佐賀県,上峰町,ＣＡＲ ＳＨＯＰ ベスト１,小売業,その他小売,5%
佐賀県,上峰町,セブン－イレブン上峰町役場前店,小売業,食料品,2%
佐賀県,上峰町,カレーハウスＣｏＣｏ壱番屋佐賀上峰店,サービス,飲食業,2%
佐賀県,上峰町,グッディ 上峰店,小売業,家具・調度品,5%
佐賀県,上峰町,ＣＬＩＥＳＴＡＴＥ,サービス,その他サービス,5%
佐賀県,上峰町,葉月,サービス,理容・美容業,5%
佐賀県,上峰町,Ｈａｉｒｓ ＬＵＸＥ,サービス,理容・美容業,5%
佐賀県,嬉野市,あい治療院,サービス,理容・美容業,5%
佐賀県,嬉野市,あきよし写真館,サービス,その他サービス,5%
佐賀県,嬉野市,旭屋,小売業,衣料品,5%
佐賀県,嬉野市,一位原給油所,小売業,ガソリンスタンド,2%
佐賀県,嬉野市,一休荘旅館,サービス,宿泊業,5%
佐賀県,嬉野市,セブン－イレブン嬉野一位原店,小売業,食料品,2%
佐賀県,嬉野市,株式会社嬉野観光ホテル大正屋,サービス,宿泊業,5%
佐賀県,嬉野市,嬉野給油所,小売業,ガソリンスタンド,2%
佐賀県,嬉野市,嬉野中央ＳＳ,小売業,ガソリンスタンド,2%
佐賀県,嬉野市,セブン－イレブン嬉野築城店,小売業,食料品,2%
佐賀県,嬉野市,うれしの元湯,サービス,宿泊業,5%
佐賀県,嬉野市,江口商店 ガレージショップ,小売業,その他小売,5%
佐賀県,嬉野市,お宿 紅舎宮,サービス,宿泊業,5%
佐賀県,嬉野市,御宿 高砂,サービス,宿泊業,5%
佐賀県,嬉野市,割烹旅館 鯉登苑,サービス,宿泊業,5%
佐賀県,嬉野市,ＣＲＡＮＫ,小売業,衣料品,5%
佐賀県,嬉野市,ＣＲＡＮＫ,小売業,衣料品,5%
佐賀県,嬉野市,心ほぐす宿 入船荘,サービス,宿泊業,5%
佐賀県,嬉野市,ことぶきグローバルイン,サービス,宿泊業,5%
佐賀県,嬉野市,セブン－イレブン佐賀嬉野みゆき通り店,小売業,食料品,2%
佐賀県,嬉野市,山水グローバルイン,サービス,宿泊業,5%
佐賀県,嬉野市,炭火焼かっぱ,小売業,食料品,5%
佐賀県,嬉野市,セレモニーやまおく嬉野,小売業,その他小売,5%
佐賀県,嬉野市,副久,小売業,家具・調度品,5%
佐賀県,嬉野市,大正屋 椎葉山荘,サービス,宿泊業,5%
佐賀県,嬉野市,大正屋 湯宿 清流,サービス,宿泊業,5%
佐賀県,嬉野市,茶心の宿 和楽園,サービス,宿泊業,5%
佐賀県,嬉野市,永尾デンキ,小売業,電化製品,5%
佐賀県,嬉野市,花とおもてなしの宿 松園,サービス,宿泊業,5%
佐賀県,嬉野市,ハミルトン宇礼志野,サービス,宿泊業,5%
佐賀県,嬉野市,萬象閣 敷島,サービス,宿泊業,5%
佐賀県,嬉野市,ビジネス旅館千代乃屋,サービス,宿泊業,5%
佐賀県,嬉野市,ファッション アール,小売業,衣料品,5%
佐賀県,嬉野市,福田商会,サービス,その他サービス,5%
佐賀県,嬉野市,フクダ製茶園,小売業,食料品,5%
佐賀県,嬉野市,ヘアーサロンＦ,サービス,理容・美容業,5%
佐賀県,嬉野市,ホテル華翠苑,サービス,宿泊業,5%
佐賀県,嬉野市,宮崎モータース,サービス,その他サービス,5%
佐賀県,嬉野市,やすらぎの四季の宿 吉田屋,サービス,宿泊業,5%
佐賀県,嬉野市,（有）宮崎自動車工業所,サービス,その他サービス,5%
佐賀県,嬉野市,吉田ＳＳ,小売業,ガソリンスタンド,2%
佐賀県,嬉野市,吉田まんぞく館,小売業,食料品,5%
佐賀県,嬉野市,旅館 鯉登苑,サービス,宿泊業,5%
佐賀県,嬉野市,鯉登苑,サービス,宿泊業,5%
佐賀県,嬉野市,旅館 千湯樓,サービス,宿泊業,5%
佐賀県,嬉野市,旅館大村屋,サービス,宿泊業,5%
佐賀県,嬉野市,旅館初音荘,サービス,宿泊業,5%
佐賀県,大町町,大町給油所,小売業,ガソリンスタンド,2%
佐賀県,大町町,大町石油大町ＳＳ,小売業,ガソリンスタンド,2%
佐賀県,大町町,セブン－イレブン佐賀杵島大町店,小売業,食料品,2%
佐賀県,大町町,パル美容室,サービス,理容・美容業,5%
佐賀県,大町町,セブン－イレブン肥前大町店,小売業,食料品,2%
佐賀県,大町町,美容室バルビーア,サービス,その他サービス,5%
佐賀県,大町町,ボストークちゃんネットショップ,サービス,その他サービス,5%
佐賀県,大町町,有限会社大町自動車学校,サービス,その他サービス,5%
佐賀県,小城市,アガぺ双葉薬局,小売業,その他小売,5%
佐賀県,小城市,出光牛津ＳＳ,小売業,ガソリンスタンド,2%
佐賀県,小城市,牛津店,小売業,食料品,5%
佐賀県,小城市,牛津バイパスＳＳ,小売業,ガソリンスタンド,2%
佐賀県,小城市,セブン－イレブン小城牛津店,小売業,食料品,2%
佐賀県,小城市,セブン－イレブン小城畑田店,小売業,食料品,2%
佐賀県,小城市,セブン－イレブン小城松尾店,小売業,食料品,2%
佐賀県,小城市,ルームデザインファクトリー,小売業,家具・調度品,5%
佐賀県,小城市,北島 小城店,小売業,食料品,5%
佐賀県,小城市,グッデイ 牛津店,小売業,その他小売,5%
佐賀県,小城市,セブン－イレブン佐賀小城中央店,小売業,食料品,2%
佐賀県,小城市,サンディア,小売業,衣料品,5%
佐賀県,小城市,ｈａｉｒ＆ｆａｃｅ ＳＩＥＳＴＡ,サービス,理容・美容業,5%
佐賀県,小城市,スーパーモリナガ牛津店,小売業,食料品,5%
佐賀県,小城市,スーパーモリナガ小城店,小売業,食料品,5%
佐賀県,小城市,住の江給油所,小売業,ガソリンスタンド,2%
佐賀県,小城市,生活彩家ひらまつ病院店,小売業,その他小売,2%
佐賀県,小城市,セルフ牛津ＳＳ,小売業,ガソリンスタンド,2%
佐賀県,小城市,セルフ小城ＳＳ,小売業,ガソリンスタンド,2%
佐賀県,小城市,センヤイチバ小城店,小売業,その他小売,5%
佐賀県,小城市,チヂイワ自動車工業,サービス,その他サービス,5%
佐賀県,小城市,トヨタ部品福岡共販佐賀支社,サービス,その他サービス,5%
佐賀県,小城市,乃市商店,小売業,食料品,5%
佐賀県,小城市,原田電気,小売業,電化製品,5%
佐賀県,小城市,美と癒しのサロンＭｏｔｈｅｒ,サービス,理容・美容業,5%
佐賀県,小城市,フローリストはなさと,小売業,その他小売,5%
佐賀県,小城市,へあーくらぶ髪や,サービス,理容・美容業,5%
佐賀県,小城市,三日月ＳＳ,小売業,ガソリンスタンド,2%
佐賀県,小城市,セブン－イレブン三日月織島店,小売業,食料品,2%
佐賀県,小城市,セブン－イレブン三日月樋口店,小売業,食料品,2%
佐賀県,小城市,セブン－イレブン三日月堀江店,小売業,食料品,2%
佐賀県,小城市,セブン－イレブン三日月三ヶ島店,小売業,食料品,2%
佐賀県,小城市,水田羊羮本舗（高原店）,小売業,食料品,5%
佐賀県,小城市,村岡屋 芦刈店,小売業,食料品,5%
佐賀県,小城市,村岡屋 牛津店,小売業,食料品,5%
佐賀県,小城市,麺工房こうき 小城店,サービス,飲食業,5%
佐賀県,小城市,株式会社安永,サービス,その他サービス,5%
佐賀県,小城市,八頭司伝吉 寺浦店,小売業,食料品,5%
佐賀県,小城市,八頭司伝吉本舗,小売業,食料品,5%
佐賀県,小城市,ヤマダ電器,小売業,電化製品,5%
佐賀県,小城市,ヨコオ釣具 ヨコオ釣具,サービス,飲食業,5%
佐賀県,小城市,ＬＡＮＡ,サービス,理容・美容業,5%
佐賀県,小城市,らん美容室,サービス,理容・美容業,5%
佐賀県,小城市,龍水園ホテル,サービス,宿泊業,5%
佐賀県,小城市,渡島自動車整備工場,サービス,その他サービス,5%
佐賀県,鹿島市,赤門堂,小売業,食料品,5%
佐賀県,鹿島市,油屋支店,小売業,その他小売,5%
佐賀県,鹿島市,いいね工房,サービス,その他サービス,5%
佐賀県,鹿島市,居酒屋 わらべ,サービス,飲食業,5%
佐賀県,鹿島市,出光鹿島ＳＳ,小売業,ガソリンスタンド,2%
佐賀県,鹿島市,鹿島ＳＳ,小売業,ガソリンスタンド,2%
佐賀県,鹿島市,鹿島駅前ＳＳ,小売業,ガソリンスタンド,2%
佐賀県,鹿島市,鹿島第二 ＳＳ,小売業,ガソリンスタンド,2%
佐賀県,鹿島市,鹿島店,小売業,食料品,5%
佐賀県,鹿島市,セブン－イレブン鹿島中村店,小売業,食料品,2%
佐賀県,鹿島市,鹿島西ＳＳ,小売業,ガソリンスタンド,2%
佐賀県,鹿島市,セブンーイレブン鹿島西牟田店,小売業,食料品,2%
佐賀県,鹿島市,セブン－イレブン鹿島農協前店,小売業,食料品,2%
佐賀県,鹿島市,セブン－イレブン鹿島森店,小売業,食料品,2%
佐賀県,鹿島市,セブン－イレブン鹿島祐徳稲荷前店,小売業,食料品,2%
佐賀県,鹿島市,かっとはうすおかもと,サービス,理容・美容業,5%
佐賀県,鹿島市,割烹中央,サービス,飲食業,5%
佐賀県,鹿島市,株式会社 松本自動車工業 本社,サービス,その他サービス,5%
佐賀県,鹿島市,クリーニング毎日屋,サービス,その他サービス,5%
佐賀県,鹿島市,ゲストハウスまる,サービス,宿泊業,5%
佐賀県,鹿島市,ＣＯＭＭＥ ＣＡ ＩＳＭ 鹿島ピオ店,小売業,衣料品,5%
佐賀県,鹿島市,ｃｏｌｌｅｃｔｉｏｎ Ｍ ｓ 鹿島スカイロード店,小売業,衣料品,5%
佐賀県,鹿島市,コンビニピオ,小売業,その他小売,5%
佐賀県,鹿島市,佐賀トヨペット鹿島店,小売業,その他小売,5%
佐賀県,鹿島市,さくら屋,小売業,食料品,5%
佐賀県,鹿島市,Ｓａｌｏｎ ｍｏｄｅ 鹿島本店,小売業,衣料品,5%
佐賀県,鹿島市,シモン鹿島店,小売業,衣料品,5%
佐賀県,鹿島市,スーパーモリナガ鹿島店,小売業,食料品,5%
佐賀県,鹿島市,Ｓｅｌｅｃｔｉｏｎ 鹿島スカイロード店,小売業,衣料品,5%
佐賀県,鹿島市,セレブキャット,サービス,その他サービス,5%
佐賀県,鹿島市,立花屋,サービス,飲食業,5%
佐賀県,鹿島市,ＴＷＯ ＰＬＹ ＹＡＲＮ,小売業,衣料品,5%
佐賀県,鹿島市,トヨタレンタリース佐賀鹿島店,サービス,その他サービス,2%
佐賀県,鹿島市,八犬伝総本家,小売業,食料品,5%
佐賀県,鹿島市,パナランド のうどみ,小売業,電化製品,5%
佐賀県,鹿島市,馬場酒造場,小売業,食料品,5%
佐賀県,鹿島市,セブン－イレブン肥前鹿島駅前店,小売業,食料品,2%
佐賀県,鹿島市,セブン－イレブン肥前鹿島店,小売業,食料品,2%
佐賀県,鹿島市,セブン－イレブン肥前七浦店,小売業,食料品,2%
佐賀県,鹿島市,ＶＩＶＡ ＭＯＤＥ 鹿島ピオ店,小売業,衣料品,5%
佐賀県,鹿島市,Ｂｅａｕｔｙ＆ＲｅｌａｘＦｅｌｉｃｅ,サービス,その他サービス,5%
佐賀県,鹿島市,ブティックまつや,小売業,衣料品,5%
佐賀県,鹿島市,ＦＬＡＧ 鹿島ピオ店,小売業,衣料品,5%
佐賀県,鹿島市,ホ－クオ－ト,サービス,その他サービス,5%
佐賀県,鹿島市,マクドナルド２０７佐賀鹿島店,サービス,飲食業,2%
佐賀県,鹿島市,まつや土産品店,小売業,家具・調度品,5%
佐賀県,鹿島市,三都屋,サービス,飲食業,5%
佐賀県,鹿島市,森田薬品,サービス,その他サービス,5%
佐賀県,鹿島市,ＹＡＷＤ,サービス,飲食業,5%
佐賀県,鹿島市,焼肉 遊心,サービス,飲食業,5%
佐賀県,鹿島市,柳屋,小売業,その他小売,5%
佐賀県,鹿島市,ＲＡＢＢ×ＧＡＧＡ,サービス,飲食業,5%
佐賀県,鹿島市,ＬＡ ＭＯＤＥ 鹿島ピオ店,小売業,衣料品,5%
佐賀県,鹿島市,和創ダイニング 一のえん,サービス,飲食業,5%
佐賀県,唐津市,アイフレンドまいづるスリーナイン店,小売業,貴金属・服飾品,5%
佐賀県,唐津市,愛文堂書店,小売業,書籍・玩具・音楽ＣＤ,5%
佐賀県,唐津市,あさひドラッグ 朝日町店,小売業,その他小売,5%
佐賀県,唐津市,あさひドラッグキャロット浜玉店,小売業,その他小売,5%
佐賀県,唐津市,アサヒドラッグ西唐津店,小売業,その他小売,5%
佐賀県,唐津市,アサヒドラッグモリナガ店,小売業,その他小売,5%
佐賀県,唐津市,あさひドラッグ山本店,小売業,その他小売,5%
佐賀県,唐津市,味処 十六夜,サービス,飲食業,5%
佐賀県,唐津市,アトム電器呼子店 アトム電器呼子店,小売業,電化製品,5%
佐賀県,唐津市,荒谷酒店,小売業,食料品,5%
佐賀県,唐津市,居酒家しあわせの駅,サービス,飲食業,5%
佐賀県,唐津市,イチマル家具センター,小売業,家具・調度品,5%
佐賀県,唐津市,一天張,サービス,飲食業,5%
佐賀県,唐津市,井手ちゃんぽん 唐津店,サービス,飲食業,5%
佐賀県,唐津市,出光切木ＳＳ,小売業,ガソリンスタンド,2%
佐賀県,唐津市,出光町田ＳＳ,小売業,ガソリンスタンド,2%
佐賀県,唐津市,出光和多田ＳＳ,小売業,ガソリンスタンド,2%
佐賀県,唐津市,入野ＳＳ,小売業,ガソリンスタンド,2%
佐賀県,唐津市,ウッドレーベル,小売業,衣料品,5%
佐賀県,唐津市,上場亭唐津バイパス店,サービス,飲食業,5%
佐賀県,唐津市,上場亭本店,サービス,飲食業,5%
佐賀県,唐津市,エビスヤ,小売業,衣料品,5%
佐賀県,唐津市,Ｅｎｊｏｙすえひろ すえひろ神田店,小売業,衣料品,5%
佐賀県,唐津市,相知ＳＳ,小売業,ガソリンスタンド,2%
佐賀県,唐津市,逢地菓子工房おが和,小売業,食料品,5%
佐賀県,唐津市,オートショップ インプレッシブ,サービス,その他サービス,5%
佐賀県,唐津市,大原老舗 鏡店,小売業,その他小売,5%
佐賀県,唐津市,大原老舗 唐津駅店,小売業,その他小売,5%
佐賀県,唐津市,大原老舗 本店,小売業,その他小売,5%
佐賀県,唐津市,大原老舗 和多田店,小売業,その他小売,5%
佐賀県,唐津市,ＯＮＩＸ 虹松店,サービス,その他サービス,5%
佐賀県,唐津市,ＯＮＩＸ 和多田店,サービス,その他サービス,5%
佐賀県,唐津市,鬼塚ＳＳ,小売業,ガソリンスタンド,2%
佐賀県,唐津市,尾ノ上Ｒｙｏｋａｎ,サービス,宿泊業,5%
佐賀県,唐津市,御宿海舟,サービス,宿泊業,5%
佐賀県,唐津市,海舟,サービス,飲食業,5%
佐賀県,唐津市,菓子舗 池田屋 移動販売店,サービス,その他サービス,5%
佐賀県,唐津市,割烹日浦屋,サービス,飲食業,5%
佐賀県,唐津市,カフェ サンの森 ｃａｆｅサンの森,サービス,飲食業,5%
佐賀県,唐津市,ｃａｆｅ Ｔｉｌｌｅｕｌ,サービス,飲食業,5%
佐賀県,唐津市,株式会社 オレンジ 株式会社ＯＬＥＮＧＥ,サービス,その他サービス,5%
佐賀県,唐津市,株式会社ＯＬＥＮＧＥ,サービス,その他サービス,5%
佐賀県,唐津市,（株）萬坊唐津駅店,小売業,家具・調度品,5%
佐賀県,唐津市,上大江ＳＳ,小売業,ガソリンスタンド,2%
佐賀県,唐津市,唐津ＳＳ,小売業,ガソリンスタンド,2%
佐賀県,唐津市,唐津バイパスＳＳ,小売業,ガソリンスタンド,2%
佐賀県,唐津市,唐津網元の宿 汐湯凪の音,サービス,宿泊業,5%
佐賀県,唐津市,Ｄｒ．Ｄｒｉｖｅ唐津ＳＳ,小売業,ガソリンスタンド,2%
佐賀県,唐津市,唐津ＳＳ,小売業,ガソリンスタンド,2%
佐賀県,唐津市,セブン－イレブン唐津幸多里の浜店,小売業,食料品,2%
佐賀県,唐津市,セブン－イレブン唐津栄町店,小売業,食料品,2%
佐賀県,唐津市,セブン－イレブン唐津佐志浜店,小売業,食料品,2%
佐賀県,唐津市,唐津自動車学校,サービス,その他サービス,5%
佐賀県,唐津市,セブン－イレブン唐津双水店,小売業,食料品,2%
佐賀県,唐津市,唐津第一ホテル,サービス,宿泊業,5%
佐賀県,唐津市,唐津第一ホテルリベール,サービス,宿泊業,5%
佐賀県,唐津市,セブン－イレブン唐津田中店,小売業,食料品,2%
佐賀県,唐津市,セブン－イレブン唐津千々賀店,小売業,食料品,2%
佐賀県,唐津市,セブン－イレブン唐津中央店,小売業,食料品,2%
佐賀県,唐津市,セブン－イレブン唐津鎮西町打上店,小売業,食料品,2%
佐賀県,唐津市,セブン－イレブン唐津鎮西町加倉店,小売業,食料品,2%
佐賀県,唐津市,セブン－イレブン唐津鎮西町名護屋店,小売業,食料品,2%
佐賀県,唐津市,セブンーイレブン唐津徳須恵店,小売業,食料品,2%
佐賀県,唐津市,セブン－イレブン唐津中原店,小売業,食料品,2%
佐賀県,唐津市,セブン－イレブン唐津二タ子３丁目店,小売業,食料品,2%
佐賀県,唐津市,唐津焼,小売業,その他小売,5%
佐賀県,唐津市,唐津焼（催事）,小売業,その他小売,5%
佐賀県,唐津市,セブン－イレブン唐津山本店,小売業,食料品,2%
佐賀県,唐津市,セブン－イレブン唐津和多田店,小売業,食料品,2%
佐賀県,唐津市,セブン－イレブン唐津和多田本村店,小売業,食料品,2%
佐賀県,唐津市,Ｇａｒａｇｅ Ｓｐｉｃｅ,サービス,その他サービス,5%
佐賀県,唐津市,カレーハウスＣＯＣＯ壱番屋唐津バイパス店,サービス,飲食業,2%
佐賀県,唐津市,川島豆腐店,小売業,食料品,5%
佐賀県,唐津市,漢江園,サービス,飲食業,5%
佐賀県,唐津市,観光ホテル 大望閣,サービス,宿泊業,5%
佐賀県,唐津市,季節料理 ふじわら,サービス,飲食業,5%
佐賀県,唐津市,北島 ＪＲ唐津駅店,小売業,食料品,5%
佐賀県,唐津市,北島富作商店,小売業,その他小売,5%
佐賀県,唐津市,喜兵衛,サービス,飲食業,5%
佐賀県,唐津市,グッデイ 唐津店,小売業,家具・調度品,5%
佐賀県,唐津市,くま電気商会,サービス,その他サービス,5%
佐賀県,唐津市,グランポワール,サービス,飲食業,5%
佐賀県,唐津市,久留米がすりのはぎお,小売業,衣料品,5%
佐賀県,唐津市,桑野電気商会,小売業,電化製品,5%
佐賀県,唐津市,燻や,小売業,食料品,5%
佐賀県,唐津市,Ｋｉｋｉー８３,サービス,飲食業,5%
佐賀県,唐津市,玄海活魚（株）お魚処玄海,サービス,飲食業,5%
佐賀県,唐津市,玄海肴処 旬風,サービス,飲食業,5%
佐賀県,唐津市,玄海ヤンマー 呼子営業所,サービス,その他サービス,5%
佐賀県,唐津市,健太郎窯,サービス,その他サービス,5%
佐賀県,唐津市,古賀米店,小売業,食料品,5%
佐賀県,唐津市,地?ここち,サービス,その他サービス,5%
佐賀県,唐津市,紺屋 つくも,サービス,飲食業,5%
佐賀県,唐津市,佐賀トヨペット唐津店,小売業,その他小売,5%
佐賀県,唐津市,サキュレント,小売業,衣料品,5%
佐賀県,唐津市,ＳＡＫＵＲＡ,サービス,飲食業,5%
佐賀県,唐津市,酒のナガタ,小売業,その他小売,5%
佐賀県,唐津市,笹舟,サービス,飲食業,5%
佐賀県,唐津市,指山商店 ヒノマル,サービス,飲食業,5%
佐賀県,唐津市,サンタマキ,小売業,その他小売,5%
佐賀県,唐津市,ＪＡ唐津 うわば資材センター,小売業,その他小売,5%
佐賀県,唐津市,ＪＡ唐津 おうち資材センター,小売業,その他小売,5%
佐賀県,唐津市,ＪＡからつ 唐津うまかもん市場,小売業,食料品,5%
佐賀県,唐津市,ＪＡ唐津 唐津中央資材センター,小売業,その他小売,5%
佐賀県,唐津市,ＪＡ唐津 浜玉斎場,サービス,その他サービス,5%
佐賀県,唐津市,ＪＡ唐津 はまたま資材センター,小売業,その他小売,5%
佐賀県,唐津市,ＪＡ唐津 山本斎場,サービス,その他サービス,5%
佐賀県,唐津市,ＪＡ唐津 旅行センター,サービス,その他サービス,5%
佐賀県,唐津市,塩鶴ＳＳ,小売業,ガソリンスタンド,2%
佐賀県,唐津市,篠原三松堂,小売業,食料品,5%
佐賀県,唐津市,柴田電器商会,小売業,電化製品,5%
佐賀県,唐津市,ＣＩＭＯＮ唐津店,小売業,衣料品,5%
佐賀県,唐津市,シモンコベントガーデン,小売業,衣料品,5%
佐賀県,唐津市,シモンヌーベルバーグ,小売業,衣料品,5%
佐賀県,唐津市,ＪＯＯＫ,サービス,飲食業,5%
佐賀県,唐津市,十字や,サービス,飲食業,5%
佐賀県,唐津市,昭月堂二夕子店,小売業,食料品,5%
佐賀県,唐津市,昭月堂本店,小売業,食料品,5%
佐賀県,唐津市,城内ホテル,サービス,宿泊業,5%
佐賀県,唐津市,新牛々庵,サービス,飲食業,5%
佐賀県,唐津市,シントウＡＶサービス,小売業,電化製品,5%
佐賀県,唐津市,酔虎寿し,サービス,飲食業,5%
佐賀県,唐津市,スーパーモリナガ唐津店,小売業,食料品,5%
佐賀県,唐津市,ＳＵＺＵＴＡＮまいづるスリーナイン店,小売業,衣料品,5%
佐賀県,唐津市,スナック大愛,サービス,その他サービス,5%
佐賀県,唐津市,炭火焼肉 丸福,サービス,飲食業,5%
佐賀県,唐津市,清力旅館,サービス,宿泊業,5%
佐賀県,唐津市,世界のインチキ堂,小売業,書籍・玩具・音楽ＣＤ,5%
佐賀県,唐津市,セルフ岩野ＳＳ,小売業,ガソリンスタンド,2%
佐賀県,唐津市,セルフ栄町ＳＳ,小売業,ガソリンスタンド,2%
佐賀県,唐津市,ソレイユ,小売業,食料品,5%
佐賀県,唐津市,ダーツ バー リトル東京 ダーツ バー リトル東京,サービス,飲食業,5%
佐賀県,唐津市,ダイニング善貴,サービス,飲食業,5%
佐賀県,唐津市,たか寿司,サービス,飲食業,5%
佐賀県,唐津市,瀧下輪業商会,サービス,その他サービス,5%
佐賀県,唐津市,たけぞう,サービス,飲食業,5%
佐賀県,唐津市,町田ＳＳ,小売業,ガソリンスタンド,2%
佐賀県,唐津市,ツバメガス 佐賀唐津事務所,小売業,その他小売,5%
佐賀県,唐津市,Ｔｅａ Ｓｐａｃｅ 基幸庵,サービス,飲食業,5%
佐賀県,唐津市,Ｔｅａ ＆ Ｓｐａｃｅ 基幸庵,サービス,飲食業,5%
佐賀県,唐津市,ティユール,サービス,飲食業,5%
佐賀県,唐津市,陶工房サン,サービス,その他サービス,5%
佐賀県,唐津市,徳須恵ＳＳ,小売業,ガソリンスタンド,2%
佐賀県,唐津市,ＴｏｔａｌＳａｌｏｎｆｌｏｗ,サービス,理容・美容業,5%
佐賀県,唐津市,トヨタレンタリース佐賀唐津駅通り店,サービス,その他サービス,2%
佐賀県,唐津市,トヨタレンタリース佐賀唐津和多田店,サービス,その他サービス,2%
佐賀県,唐津市,中里太郎右衛門陶房,小売業,家具・調度品,5%
佐賀県,唐津市,中野陶痴窯,サービス,その他サービス,5%
佐賀県,唐津市,長部田給油所,小売業,ガソリンスタンド,2%
佐賀県,唐津市,中村スタジオ,サービス,その他サービス,5%
佐賀県,唐津市,渚館きむら,サービス,宿泊業,5%
佐賀県,唐津市,西唐津ＳＳ,小売業,ガソリンスタンド,2%
佐賀県,唐津市,Ｄｒ．Ｄｒｉｖｅセルフ西唐津ＳＳ,小売業,ガソリンスタンド,2%
佐賀県,唐津市,セブン－イレブン西唐津２丁目店,小売業,食料品,2%
佐賀県,唐津市,西沢金物,小売業,その他小売,5%
佐賀県,唐津市,株式会社 西沢本店 唐津店,小売業,食料品,5%
佐賀県,唐津市,虹の松原ＳＳ,小売業,ガソリンスタンド,2%
佐賀県,唐津市,ヌ－ベルバ－グ,小売業,衣料品,5%
佐賀県,唐津市,ＢａｒｂｅｒｓｈｏｐＳＨＩＯＭＩ Ｂａｒｂｅｒｓｈｏｐ ＳＨＩＯＭＩ,サービス,理容・美容業,5%
佐賀県,唐津市,博多麺王 唐津,サービス,飲食業,5%
佐賀県,唐津市,パナパナカズタ,小売業,電化製品,5%
佐賀県,唐津市,パナパナミタカ,小売業,電化製品,5%
佐賀県,唐津市,はなまい,小売業,その他小売,5%
佐賀県,唐津市,はなや 花恋,小売業,その他小売,5%
佐賀県,唐津市,はなや花恋,小売業,その他小売,5%
佐賀県,唐津市,パナランド中小田電器,小売業,電化製品,5%
佐賀県,唐津市,はらだ釣具,小売業,その他小売,5%
佐賀県,唐津市,ｐａｌｅｔｔｅ,サービス,理容・美容業,5%
佐賀県,唐津市,セブン－イレブン東唐津駅前店,小売業,食料品,2%
佐賀県,唐津市,ビジネスホテル 宙,サービス,宿泊業,5%
佐賀県,唐津市,ｐｉｚｚｅｒｉａｍｉｌａｎｏ,サービス,飲食業,5%
佐賀県,唐津市,Ｖ．Ｉ．Ｐ ＯＮＩＸ,サービス,その他サービス,5%
佐賀県,唐津市,ひまわり久里橋店,小売業,食料品,5%
佐賀県,唐津市,ビューティーサロン ウィンク,サービス,理容・美容業,5%
佐賀県,唐津市,美容ピュア唐津店,サービス,理容・美容業,5%
佐賀県,唐津市,ヒラクト株式会社,サービス,その他サービス,5%
佐賀県,唐津市,ひら田,サービス,飲食業,5%
佐賀県,唐津市,びんつけや茶舗,小売業,食料品,5%
佐賀県,唐津市,ＦＩＬＥ,小売業,衣料品,5%
佐賀県,唐津市,ファッションハウス彩 唐津店,小売業,衣料品,5%
佐賀県,唐津市,ファッションハウス彩 大名小路店,小売業,衣料品,5%
佐賀県,唐津市,ｆｅｅｌ,サービス,飲食業,5%
佐賀県,唐津市,フォティーキャロット,小売業,衣料品,5%
佐賀県,唐津市,福岡金文堂イオン唐津店,小売業,書籍・玩具・音楽ＣＤ,5%
佐賀県,唐津市,福岡セヴンヒルズゴルフ倶楽部,サービス,その他サービス,5%
佐賀県,唐津市,福祉タクシーさくら,サービス,運輸業,5%
佐賀県,唐津市,藤川蒲鉾,小売業,食料品,5%
佐賀県,唐津市,ブティック シモン,小売業,衣料品,5%
佐賀県,唐津市,フリースペース唐津店,サービス,飲食業,5%
佐賀県,唐津市,ＢｌｕｅｉｎＧｒｅｅｎ,サービス,理容・美容業,5%
佐賀県,唐津市,文具のナカシマ 唐津店,小売業,その他小売,5%
佐賀県,唐津市,ヘアーサロンマキ ヘアーサロン,サービス,理容・美容業,5%
佐賀県,唐津市,ヘアーズ・ファン,サービス,理容・美容業,5%
佐賀県,唐津市,ベルナチュール,小売業,その他小売,5%
佐賀県,唐津市,宝石時計 モンデン,小売業,貴金属・服飾品,5%
佐賀県,唐津市,ＨｏｌｙＭｏｌｙＣｏｍｐａｎｙ,サービス,その他サービス,5%
佐賀県,唐津市,星賀給油所,小売業,ガソリンスタンド,2%
佐賀県,唐津市,ホテル 宙,サービス,宿泊業,5%
佐賀県,唐津市,ポプラドリームピット店,小売業,その他小売,2%
佐賀県,唐津市,まいづるＣＡＲＲＯＴ西唐津店,小売業,食料品,5%
佐賀県,唐津市,まいづるＣＡＲＲＯＴ浜玉店,小売業,食料品,5%
佐賀県,唐津市,まいづるコスモス呼子店,小売業,衣料品,5%
佐賀県,唐津市,まいづるスリーナイン店,小売業,食料品,5%
佐賀県,唐津市,まいづる９相知店,小売業,食料品,5%
佐賀県,唐津市,まいづる９鏡店,小売業,食料品,5%
佐賀県,唐津市,まいづる９鎮西店,小売業,食料品,5%
佐賀県,唐津市,まいづる９肥前店,小売業,食料品,5%
佐賀県,唐津市,まいづる９山本店,小売業,食料品,5%
佐賀県,唐津市,まいづる９呼子店,小売業,食料品,5%
佐賀県,唐津市,まいづる本店ショッピングプラザ,小売業,食料品,5%
佐賀県,唐津市,前田陶器,小売業,その他小売,5%
佐賀県,唐津市,マキ電器,小売業,電化製品,5%
佐賀県,唐津市,マクドナルド２０２唐津店,サービス,飲食業,2%
佐賀県,唐津市,［ＨＣ］マスターズ清水電器,小売業,電化製品,5%
佐賀県,唐津市,ＭＡＴＳＵＮＡＧＡ,小売業,衣料品,5%
佐賀県,唐津市,松本興機（有）,サービス,その他サービス,5%
佐賀県,唐津市,ママイクコ,小売業,衣料品,5%
佐賀県,唐津市,萬坊,サービス,飲食業,5%
佐賀県,唐津市,宝石 時計 メガネ ミズタ,小売業,貴金属・服飾品,5%
佐賀県,唐津市,水田時計店,小売業,貴金属・服飾品,5%
佐賀県,唐津市,水野旅館,サービス,宿泊業,5%
佐賀県,唐津市,ミセスファッション ミヤザキ,小売業,衣料品,5%
佐賀県,唐津市,道の駅桃山天下市 物産館,小売業,食料品,5%
佐賀県,唐津市,ミネデンキ,小売業,電化製品,5%
佐賀県,唐津市,牟田金銀細工所,サービス,その他サービス,5%
佐賀県,唐津市,明林堂書店 唐津店,小売業,その他小売,5%
佐賀県,唐津市,メガネ・補聴器のモンデン,小売業,その他小売,5%
佐賀県,唐津市,焼きとり倶楽部いなかもん,サービス,飲食業,5%
佐賀県,唐津市,焼鳥大海,サービス,飲食業,5%
佐賀県,唐津市,やき鳥たけちゃん,サービス,飲食業,5%
佐賀県,唐津市,焼肉牛丸,サービス,飲食業,5%
佐賀県,唐津市,焼肉御膳 蓮,サービス,飲食業,5%
佐賀県,唐津市,山下種苗店,小売業,その他小売,5%
佐賀県,唐津市,有限会社園芸の市川,小売業,その他小売,5%
佐賀県,唐津市,（有）西部部品,小売業,家具・調度品,5%
佐賀県,唐津市,（有）大望閣,サービス,宿泊業,5%
佐賀県,唐津市,有限会社タクノ,小売業,その他小売,5%
佐賀県,唐津市,有限会社浜田自動車,サービス,その他サービス,5%
佐賀県,唐津市,吉田餅屋 吉田餅屋,小売業,食料品,5%
佐賀県,唐津市,吉田餅屋 吉田餅屋,小売業,食料品,5%
佐賀県,唐津市,吉村商店,小売業,食料品,5%
佐賀県,唐津市,呼子ＳＳ,小売業,ガソリンスタンド,2%
佐賀県,唐津市,らんまん,サービス,飲食業,5%
佐賀県,唐津市,Ｒｅｓｕａｌ,サービス,理容・美容業,5%
佐賀県,唐津市,リトルシアター唐津店,小売業,衣料品,5%
佐賀県,唐津市,旅館 金丸,サービス,宿泊業,5%
佐賀県,唐津市,旅館洋々閣,サービス,宿泊業,5%
佐賀県,唐津市,ル・ラピス,小売業,その他小売,5%
佐賀県,唐津市,レストランパレッタ,サービス,飲食業,5%
佐賀県,唐津市,檸檬樹,サービス,飲食業,5%
佐賀県,唐津市,Ｙ’ｓ ＶｉＶｉ,サービス,飲食業,5%
佐賀県,神埼市,出光千代田ＳＳ,小売業,ガソリンスタンド,2%
佐賀県,神埼市,ｅｃｏｂｉｔｏ,小売業,食料品,5%
佐賀県,神埼市,オブチ電気商会,小売業,電化製品,5%
佐賀県,神埼市,有限会社雅叙苑,小売業,食料品,5%
佐賀県,神埼市,［ＨＣ］（株）広瀬百貨電気部アニー店,小売業,電化製品,5%
佐賀県,神埼市,カラーハウス 鈑金工場,サービス,その他サービス,5%
佐賀県,神埼市,セブン－イレブン神埼飯町店,小売業,食料品,2%
佐賀県,神埼市,神埼ＳＳ,小売業,ガソリンスタンド,2%
佐賀県,神埼市,セブン－イレブン神埼市役所前店,小売業,食料品,2%
佐賀県,神埼市,セブン－イレブン神埼日の隈店,小売業,食料品,2%
佐賀県,神埼市,セブン－イレブン神埼町姉川店,小売業,食料品,2%
佐賀県,神埼市,Ｃｏｏ＆ＲＩＫＵ佐賀神埼店,小売業,その他小売,5%
佐賀県,神埼市,セブン－イレブン佐賀千代田町迎島店,小売業,食料品,2%
佐賀県,神埼市,サピエ,小売業,その他小売,5%
佐賀県,神埼市,シューズ バッグ さとう シューズ バッグ さとう,小売業,その他小売,5%
佐賀県,神埼市,ジョイックスタクシー,サービス,運輸業,5%
佐賀県,神埼市,そぞろ歩き,サービス,運輸業,5%
佐賀県,神埼市,ｗ．ｓｔｙｌｅ,小売業,衣料品,5%
佐賀県,神埼市,千代田ＳＳ,小売業,ガソリンスタンド,2%
佐賀県,神埼市,セブン－イレブン千代田嘉納店,小売業,食料品,2%
佐賀県,神埼市,なすカイロプラクティック院,サービス,理容・美容業,5%
佐賀県,神埼市,ニューきたばる,小売業,食料品,5%
佐賀県,神埼市,パナランド マツオ,小売業,電化製品,5%
佐賀県,神埼市,日の隈窯,サービス,その他サービス,5%
佐賀県,神埼市,美容室くる?る,サービス,理容・美容業,5%
佐賀県,神埼市,フヂヤスポーツ,小売業,その他小売,5%
佐賀県,神埼市,Ｆｌｅｕｒ,サービス,理容・美容業,5%
佐賀県,神埼市,村岡屋 神埼店,小売業,食料品,5%
佐賀県,神埼市,村岡屋 千代田店,小売業,食料品,5%
佐賀県,神埼市,メルボメンズウエアー株式会社 九州,小売業,衣料品,5%
佐賀県,神埼市,モルサ,小売業,衣料品,5%
佐賀県,神埼市,有限会社勝武堂神埼店,小売業,その他小売,5%
佐賀県,神埼市,理容ヨシオカ,サービス,理容・美容業,5%
佐賀県,基山町,アルベリー壽,小売業,食料品,5%
佐賀県,基山町,市場バリュー・サンエー,小売業,食料品,5%
佐賀県,基山町,一福,サービス,飲食業,5%
佐賀県,基山町,イデックス基山ＳＳ,小売業,ガソリンスタンド,2%
佐賀県,基山町,大賀薬局 基山店,小売業,その他小売,5%
佐賀県,基山町,株式会社平安堂,小売業,その他小売,5%
佐賀県,基山町,セブン－イレブン基山けやき通り店,小売業,食料品,2%
佐賀県,基山町,基山ドライビングスクール,サービス,その他サービス,5%
佐賀県,基山町,グッディ 基山弥生が丘店,小売業,その他小売,5%
佐賀県,基山町,酒ブティック丸久,小売業,食料品,5%
佐賀県,基山町,総合アニメショップ赤い熊さん,小売業,書籍・玩具・音楽ＣＤ,5%
佐賀県,基山町,惣菜の蔵 ふきのとう,小売業,食料品,5%
佐賀県,基山町,ＪＭ／宝屋時計店,小売業,貴金属・服飾品,5%
佐賀県,基山町,ＴＩＰＳ ＨＯＳＴＥＬ,サービス,宿泊業,5%
佐賀県,基山町,中願寺ギヤエム商会,小売業,その他小売,5%
佐賀県,基山町,トビマツ自動車,サービス,その他サービス,5%
佐賀県,基山町,ＢＥＥＬＩＮＥ筑紫野基山店,小売業,その他小売,5%
佐賀県,基山町,美容室シルエット,サービス,理容・美容業,5%
佐賀県,基山町,プラザワン,小売業,電化製品,5%
佐賀県,基山町,本格炭火焼 ひだね 基山店,サービス,飲食業,5%
佐賀県,基山町,松尾クリーニング,サービス,その他サービス,5%
佐賀県,基山町,丸久酒店,小売業,その他小売,5%
佐賀県,基山町,ユーデン基山店,小売業,電化製品,5%
佐賀県,基山町,理容ウエムラ,サービス,理容・美容業,5%
佐賀県,基山町,ＬｕｎａＲｉｎａｓｃｅｎｔｅ,サービス,理容・美容業,5%
佐賀県,基山町,レディースアミ,小売業,衣料品,5%
佐賀県,玄海町,炭火焼肉 丸福 焼肉とお食事の店 丸福,サービス,飲食業,5%
佐賀県,玄海町,ファミリーショップやまぐち,小売業,その他小売,5%
佐賀県,玄海町,まいづる９玄海店,小売業,食料品,5%
佐賀県,江北町,Ｈ・ＫＰＲＯＪＥＣＴ,サービス,その他サービス,5%
佐賀県,江北町,ダイニングいけがみ,サービス,飲食業,5%
佐賀県,江北町,Ｄｏｗｎｅｙ,小売業,その他小売,5%
佐賀県,江北町,バラ美容室,サービス,理容・美容業,5%
佐賀県,江北町,ブティック いけがみ,小売業,衣料品,5%
佐賀県,江北町,ブティックいけがみ,小売業,衣料品,5%
佐賀県,江北町,ブティック いけがみ,小売業,衣料品,5%
佐賀県,江北町,ホット ガレージ,サービス,その他サービス,5%
佐賀県,江北町,里麻 江北店,小売業,衣料品,5%
佐賀県,佐賀市,ＩＫ Ｉｔａｌｉａ,サービス,飲食業,5%
佐賀県,佐賀市,アイボックス佐賀南店,サービス,飲食業,5%
佐賀県,佐賀市,アウトドアショップ ベースキャンプ,小売業,その他小売,5%
佐賀県,佐賀市,ａｖｅｎｉｒ,サービス,理容・美容業,5%
佐賀県,佐賀市,逢宇楽,サービス,飲食業,5%
佐賀県,佐賀市,ａｋａｎｅｉｒｏ,小売業,食料品,5%
佐賀県,佐賀市,ＡＣＴ?ＨＡＩＲ ＡＣＴ?ＨＡＩＲ アクトヘアー,サービス,その他サービス,5%
佐賀県,佐賀市,ａｋｏｂｅａｕｔｙｓｔｕｄｉｏミックＣＰ光,サービス,理容・美容業,5%
佐賀県,佐賀市,浅川家具 諸富営業所,小売業,家具・調度品,5%
佐賀県,佐賀市,飛鳥工房,小売業,その他小売,5%
佐賀県,佐賀市,アーツヘアー サウス店,サービス,理容・美容業,5%
佐賀県,佐賀市,アーツヘアー 夢咲店,サービス,理容・美容業,5%
佐賀県,佐賀市,ａｍａｒｅ,サービス,理容・美容業,5%
佐賀県,佐賀市,ＡＲＡＣＵ ＪＡＰＡＮ,サービス,飲食業,5%
佐賀県,佐賀市,あら玉 とんかつ あら玉,サービス,飲食業,5%
佐賀県,佐賀市,有明海苔株式会社,小売業,食料品,5%
佐賀県,佐賀市,アルバ美容室 アルバ美容室,サービス,理容・美容業,5%
佐賀県,佐賀市,あんしんペットメモリー,サービス,その他サービス,5%
佐賀県,佐賀市,アンナの贈り物,サービス,飲食業,5%
佐賀県,佐賀市,ａｎ ｍｉｎｉ ｐｈｏｔｏ,サービス,その他サービス,5%
佐賀県,佐賀市,イールコネクト,小売業,電化製品,5%
佐賀県,佐賀市,池田タクシー 本社,サービス,運輸業,5%
佐賀県,佐賀市,イシマル電器,小売業,電化製品,5%
佐賀県,佐賀市,石丸文行堂 佐賀店,小売業,その他小売,5%
佐賀県,佐賀市,医大前グリーンホテル,サービス,宿泊業,5%
佐賀県,佐賀市,出光佐賀中央ＳＳ,小売業,ガソリンスタンド,2%
佐賀県,佐賀市,出光セルフ佐賀北川副SS,小売業,ガソリンスタンド,2%
佐賀県,佐賀市,出光螢川橋ＳＳ,小売業,ガソリンスタンド,2%
佐賀県,佐賀市,出光諸富ＳＳ,小売業,ガソリンスタンド,2%
佐賀県,佐賀市,出光八戸ＳＳ,小売業,ガソリンスタンド,2%
佐賀県,佐賀市,イマジンフェイス,小売業,衣料品,5%
佐賀県,佐賀市,癒しの部屋ｆｒａｉｓ,サービス,その他サービス,5%
佐賀県,佐賀市,癒心謝ｉｎ整体院,サービス,その他サービス,5%
佐賀県,佐賀市,ＩＬＳＯＲＲＩＳＯ,サービス,飲食業,5%
佐賀県,佐賀市,イルソリッソ,サービス,飲食業,5%
佐賀県,佐賀市,Ｉｎ Ｔｈｅｉｒ Ｎａｔｕｒａｌ,サービス,その他サービス,5%
佐賀県,佐賀市,ウエディングスタイル アジュール,サービス,その他サービス,5%
佐賀県,佐賀市,うえの電器,小売業,電化製品,5%
佐賀県,佐賀市,ヴェンティウノ ゆめタウン佐賀店,小売業,衣料品,5%
佐賀県,佐賀市,うれしの金賞堂 うれしの金賞堂,小売業,貴金属・服飾品,5%
佐賀県,佐賀市,江頭エーザイ 諸富店,小売業,その他小売,5%
佐賀県,佐賀市,エグチ建装,サービス,その他サービス,5%
佐賀県,佐賀市,エステサロントム,サービス,理容・美容業,5%
佐賀県,佐賀市,エリカ健康道場 エリカ健康道場,小売業,その他小売,5%
佐賀県,佐賀市,扇町給油所,小売業,ガソリンスタンド,2%
佐賀県,佐賀市,欧風カレー白山舎,サービス,飲食業,5%
佐賀県,佐賀市,大原老舗 佐賀駅店,小売業,食料品,5%
佐賀県,佐賀市,大原老舗 佐賀本店,小売業,食料品,5%
佐賀県,佐賀市,おかざき動物病院,サービス,その他サービス,5%
佐賀県,佐賀市,お宿 夢千鳥,サービス,宿泊業,5%
佐賀県,佐賀市,オリックスレンタカー佐賀駅前店,サービス,その他サービス,2%
佐賀県,佐賀市,カークリエイトフチノ,サービス,その他サービス,5%
佐賀県,佐賀市,海鮮居酒屋海源,サービス,飲食業,5%
佐賀県,佐賀市,カイロプラクティックオフィス和光,サービス,その他サービス,5%
佐賀県,佐賀市,カイロプラクティックオフィス和光,サービス,その他サービス,5%
佐賀県,佐賀市,家具スペースこころ,小売業,家具・調度品,5%
佐賀県,佐賀市,鶴霊泉,サービス,宿泊業,5%
佐賀県,佐賀市,カッツカンパニー 兵庫店,サービス,理容・美容業,5%
佐賀県,佐賀市,カットショップスカット,サービス,理容・美容業,5%
佐賀県,佐賀市,カットショップスカット,サービス,理容・美容業,5%
佐賀県,佐賀市,割烹津田屋,サービス,飲食業,5%
佐賀県,佐賀市,加藤電気商会,小売業,電化製品,5%
佐賀県,佐賀市,ＣａｆｅＴｏｍｉｔａ,サービス,飲食業,5%
佐賀県,佐賀市,株式会社 前田海苔,小売業,食料品,5%
佐賀県,佐賀市,株式会社ＮＫサービス,サービス,その他サービス,5%
佐賀県,佐賀市,（株）カートラスト,サービス,その他サービス,5%
佐賀県,佐賀市,株式会社 中央楽器本店,小売業,その他小売,5%
佐賀県,佐賀市,株式会社 永田 インテリア 永田,小売業,その他小売,5%
佐賀県,佐賀市,株式会社ＭＡＲＳ,サービス,飲食業,5%
佐賀県,佐賀市,株式会社松本自動車工業 佐賀工場,サービス,その他サービス,5%
佐賀県,佐賀市,カラーハウス 自動車整備工場,サービス,その他サービス,5%
佐賀県,佐賀市,カラオケ セントラルパーク,サービス,その他サービス,5%
佐賀県,佐賀市,カレーハウスＣＯＣＯ壱番屋佐賀大和バイパス店,サービス,飲食業,2%
佐賀県,佐賀市,セブン－イレブン川副鹿江店,小売業,食料品,2%
佐賀県,佐賀市,川副給油所,小売業,ガソリンスタンド,2%
佐賀県,佐賀市,川副ブラザー販売,小売業,電化製品,5%
佐賀県,佐賀市,川副ＳＳ,小売業,ガソリンスタンド,2%
佐賀県,佐賀市,北島 アルタ開成店,小売業,食料品,5%
佐賀県,佐賀市,北島 木原店,小売業,食料品,5%
佐賀県,佐賀市,北島 催事販売,小売業,食料品,5%
佐賀県,佐賀市,北島 佐賀駅北口店,小売業,食料品,5%
佐賀県,佐賀市,北島 ＪＲ佐賀駅店,小売業,食料品,5%
佐賀県,佐賀市,北島 佐賀西店,小売業,食料品,5%
佐賀県,佐賀市,北島 佐賀東店,小売業,食料品,5%
佐賀県,佐賀市,木下デンキ,小売業,電化製品,5%
佐賀県,佐賀市,木村カバン店 ＡＬＴＨＯＲＰ 佐賀店,小売業,その他小売,5%
佐賀県,佐賀市,Ｋｉｍｏｎｏ風椿,小売業,衣料品,5%
佐賀県,佐賀市,キャピックサガ,サービス,その他サービス,5%
佐賀県,佐賀市,ぎょぅざ屋,サービス,飲食業,5%
佐賀県,佐賀市,玉文堂,サービス,その他サービス,5%
佐賀県,佐賀市,きんぎょ屋 丸幸,小売業,その他小売,5%
佐賀県,佐賀市,Ｋｉｎｇ Ｋｉｔｃｈｅｎ,サービス,飲食業,5%
佐賀県,佐賀市,筋膜リリース整体院 喜楽,サービス,その他サービス,5%
佐賀県,佐賀市,金立ＳＳ,小売業,ガソリンスタンド,2%
佐賀県,佐賀市,食想市場 元気じるし,サービス,飲食業,5%
佐賀県,佐賀市,串屋くうてん,サービス,飲食業,5%
佐賀県,佐賀市,クスリのくましろ,小売業,その他小売,5%
佐賀県,佐賀市,グッディ 佐賀本庄店,小売業,家具・調度品,5%
佐賀県,佐賀市,久保泉給油所,小売業,ガソリンスタンド,2%
佐賀県,佐賀市,セブン－イレブン久保田新田店,小売業,食料品,2%
佐賀県,佐賀市,神代薬局,小売業,その他小売,5%
佐賀県,佐賀市,神代薬局 木原店,小売業,その他小売,5%
佐賀県,佐賀市,神代薬局 黒川店,小売業,その他小売,5%
佐賀県,佐賀市,神代薬局 神野東店,小売業,その他小売,5%
佐賀県,佐賀市,神代薬局 本庄店,小売業,その他小売,5%
佐賀県,佐賀市,神代薬局 大和店,小売業,その他小売,5%
佐賀県,佐賀市,クライミングスポットインパクト,サービス,理容・美容業,5%
佐賀県,佐賀市,くらくら,サービス,飲食業,5%
佐賀県,佐賀市,倉重電機,小売業,電化製品,5%
佐賀県,佐賀市,暮らしセレクトショップ ＤＩＮＥＴＴＥ,小売業,その他小売,5%
佐賀県,佐賀市,Ｃｌａｓｓ,サービス,理容・美容業,5%
佐賀県,佐賀市,グランド工房 佐賀店,小売業,その他小売,5%
佐賀県,佐賀市,グリージェ,小売業,衣料品,5%
佐賀県,佐賀市,（株）クリスタルネイル イオンモール佐賀大和店,サービス,その他サービス,5%
佐賀県,佐賀市,栗田電器,小売業,電化製品,5%
佐賀県,佐賀市,（有）栗林米穀,小売業,食料品,5%
佐賀県,佐賀市,ゲストハウスＨＡＧＡＫＵＲＥ,サービス,宿泊業,5%
佐賀県,佐賀市,コイケスポーツ,小売業,その他小売,5%
佐賀県,佐賀市,ｋｏｉｃｈｉ ｋｏｉｃｈｉ,小売業,衣料品,5%
佐賀県,佐賀市,コクピット佐賀 Ｓ－２,小売業,その他小売,2%
佐賀県,佐賀市,国立佐賀病院売店,小売業,その他小売,5%
佐賀県,佐賀市,ＣＯＣＯ壱番屋佐賀南部バイパス店,サービス,飲食業,2%
佐賀県,佐賀市,個人 堤タクシー,サービス,運輸業,5%
佐賀県,佐賀市,個人横尾タクシー,サービス,運輸業,5%
佐賀県,佐賀市,ＣｏｔｔａｇｅＵｒｅｓｇｉｎｏ,サービス,その他サービス,5%
佐賀県,佐賀市,コノシェンテ ２,小売業,衣料品,5%
佐賀県,佐賀市,木もれ日,サービス,その他サービス,5%
佐賀県,佐賀市,古湯温泉 扇屋,サービス,宿泊業,5%
佐賀県,佐賀市,サージュ,小売業,衣料品,5%
佐賀県,佐賀市,サイクルセンター七田 サイクルセンター七田,小売業,その他小売,5%
佐賀県,佐賀市,サウンドエンタープライズ,サービス,その他サービス,5%
佐賀県,佐賀市,セブン－イレブン佐賀駅前中央２丁目店,小売業,食料品,2%
佐賀県,佐賀市,佐賀ＳＳ,小売業,ガソリンスタンド,2%
佐賀県,佐賀市,セブン－イレブン佐賀大財３丁目店,小売業,食料品,2%
佐賀県,佐賀市,セブン－イレブン佐賀大財２丁目店,小売業,食料品,2%
佐賀県,佐賀市,セブン－イレブン佐賀開成５丁目店,小売業,食料品,2%
佐賀県,佐賀市,セブン－イレブン佐賀川久保店,小売業,食料品,2%
佐賀県,佐賀市,セブン－イレブン佐賀北川副江上店,小売業,食料品,2%
佐賀県,佐賀市,佐賀牛焼肉 松蔵,サービス,飲食業,5%
佐賀県,佐賀市,セブン－イレブン佐賀金立町店,小売業,食料品,2%
佐賀県,佐賀市,セブン－イレブン佐賀久保田店,小売業,食料品,2%
佐賀県,佐賀市,佐賀県ヤクルト販売株式会社,サービス,その他サービス,5%
佐賀県,佐賀市,セブン－イレブン佐賀神野西４丁目店,小売業,食料品,2%
佐賀県,佐賀市,セブン－イレブン佐賀巨勢店,小売業,食料品,2%
佐賀県,佐賀市,セブン－イレブン佐賀城内２丁目店,小売業,食料品,2%
佐賀県,佐賀市,セブン－イレブン佐賀新栄東１丁目店,小売業,食料品,2%
佐賀県,佐賀市,セブン－イレブン佐賀新郷本町店,小売業,食料品,2%
佐賀県,佐賀市,ＳＡＧＡ ＳＴＯＲＹ,小売業,食料品,5%
佐賀県,佐賀市,セブン－イレブン佐賀成章町店,小売業,食料品,2%
佐賀県,佐賀市,セブン－イレブン佐賀高木瀬東５丁目店,小売業,食料品,2%
佐賀県,佐賀市,セブン－イレブン佐賀高木瀬町長瀬店,小売業,食料品,2%
佐賀県,佐賀市,佐賀玉屋,小売業,その他小売,5%
佐賀県,佐賀市,佐賀玉屋 催事,小売業,その他小売,5%
佐賀県,佐賀市,セブン－イレブン佐賀天神２丁目店,小売業,食料品,2%
佐賀県,佐賀市,佐賀トヨペット佐賀店,小売業,その他小売,5%
佐賀県,佐賀市,佐賀トヨペット鍋島マイカーセンター,小売業,その他小売,5%
佐賀県,佐賀市,さかな市場 松原店,サービス,飲食業,5%
佐賀県,佐賀市,セブン－イレブン佐賀鍋島江頭店,小売業,食料品,2%
佐賀県,佐賀市,セブン－イレブン佐賀鍋島町店,小売業,食料品,2%
佐賀県,佐賀市,セブン－イレブン佐賀鍋島八戸店,小売業,食料品,2%
佐賀県,佐賀市,セブン－イレブン佐賀早津江橋店,小売業,食料品,2%
佐賀県,佐賀市,セブン－イレブン佐賀東佐賀店,小売業,食料品,2%
佐賀県,佐賀市,セブン－イレブン佐賀東中野店,小売業,食料品,2%
佐賀県,佐賀市,セブン－イレブン佐賀光１丁目店,小売業,食料品,2%
佐賀県,佐賀市,セブン－イレブン佐賀光３丁目店,小売業,食料品,2%
佐賀県,佐賀市,セブン－イレブン佐賀兵庫北店,小売業,食料品,2%
佐賀県,佐賀市,セブン－イレブン佐賀兵庫藤木店,小売業,食料品,2%
佐賀県,佐賀市,セブン－イレブン佐賀兵庫南店,小売業,食料品,2%
佐賀県,佐賀市,セブン－イレブン佐賀本庄鹿子店,小売業,食料品,2%
佐賀県,佐賀市,セブン－イレブン佐賀本庄町店,小売業,食料品,2%
佐賀県,佐賀市,セブン－イレブン佐賀水ケ江店,小売業,食料品,2%
佐賀県,佐賀市,セブン－イレブン佐賀道崎店,小売業,食料品,2%
佐賀県,佐賀市,セブン－イレブン佐賀三瀬店,小売業,食料品,2%
佐賀県,佐賀市,セブン－イレブン佐賀南佐賀店,小売業,食料品,2%
佐賀県,佐賀市,セブン－イレブン佐賀大和インター店,小売業,食料品,2%
佐賀県,佐賀市,セブン－イレブン佐賀大和梅野店,小売業,食料品,2%
佐賀県,佐賀市,セブン－イレブン佐賀大和川上店,小売業,食料品,2%
佐賀県,佐賀市,セブン－イレブン佐賀大和町店,小売業,食料品,2%
佐賀県,佐賀市,セブン－イレブン佐賀若楠１丁目店,小売業,食料品,2%
佐賀県,佐賀市,セブン－イレブン佐賀若宮２丁目店,小売業,食料品,2%
佐賀県,佐賀市,さがん大地,サービス,飲食業,5%
佐賀県,佐賀市,サキナビューティーラウンジ佐賀,小売業,その他小売,5%
佐賀県,佐賀市,セキモトサイクル,小売業,その他小売,5%
佐賀県,佐賀市,Ｃｉｒｃｌｅ,小売業,衣料品,5%
佐賀県,佐賀市,サザンクロス 佐賀,サービス,飲食業,5%
佐賀県,佐賀市,サザンクロス佐賀,サービス,飲食業,5%
佐賀県,佐賀市,貞富,サービス,理容・美容業,5%
佐賀県,佐賀市,サンワ服装,小売業,衣料品,5%
佐賀県,佐賀市,シーバード中村楽器,小売業,その他小売,5%
佐賀県,佐賀市,Ｊネットレンタカー佐賀店,サービス,その他サービス,2%
佐賀県,佐賀市,シェルブルー,小売業,衣料品,5%
佐賀県,佐賀市,春夏秋冬．ｓｉｋｉ．,サービス,飲食業,5%
佐賀県,佐賀市,四季彩ホテル千代田館,サービス,宿泊業,5%
佐賀県,佐賀市,シティコンタクト 佐賀店,小売業,その他小売,5%
佐賀県,佐賀市,自動車修理 井原屋,サービス,その他サービス,5%
佐賀県,佐賀市,手芸マキ 佐賀店,小売業,その他小売,5%
佐賀県,佐賀市,ＪＵＢＩＬＥＥ,小売業,衣料品,5%
佐賀県,佐賀市,春夏秋冬ｓｉｋｉ,サービス,飲食業,5%
佐賀県,佐賀市,旬菜和食 夢咲屋,サービス,飲食業,5%
佐賀県,佐賀市,旬房 光月,サービス,飲食業,5%
佐賀県,佐賀市,ＪＯＮＡＩＳＱＵＡＲＥ,小売業,その他小売,5%
佐賀県,佐賀市,食の蔵 爐庵 佐賀店,サービス,飲食業,5%
佐賀県,佐賀市,白山ドリア クリム,サービス,飲食業,5%
佐賀県,佐賀市,ＳＩＮ,サービス,理容・美容業,5%
佐賀県,佐賀市,じん吉,サービス,飲食業,5%
佐賀県,佐賀市,真珠・宝石のみほの,小売業,貴金属・服飾品,5%
佐賀県,佐賀市,新日本補聴器センター佐賀店,小売業,その他小売,5%
佐賀県,佐賀市,スーパーモリナガ空港通り店,小売業,食料品,5%
佐賀県,佐賀市,スーパーモリナガ高木瀬店,小売業,食料品,5%
佐賀県,佐賀市,スーパーモリナガ本庄店,小売業,食料品,5%
佐賀県,佐賀市,末広ＳＳ,小売業,ガソリンスタンド,2%
佐賀県,佐賀市,すたみな太郎 佐賀大和店,サービス,飲食業,5%
佐賀県,佐賀市,ｓｍｏｏｈ,サービス,理容・美容業,5%
佐賀県,佐賀市,スリープイン ナカノ,小売業,家具・調度品,5%
佐賀県,佐賀市,スリーログ,小売業,衣料品,5%
佐賀県,佐賀市,セブンプラザ 佐賀店,小売業,電化製品,5%
佐賀県,佐賀市,セルフ佐賀大和インターＳＳ,小売業,ガソリンスタンド,2%
佐賀県,佐賀市,セルフ佐賀ゆめタウン前ＳＳ,小売業,ガソリンスタンド,2%
佐賀県,佐賀市,セルフステーション佐賀大和インター,小売業,ガソリンスタンド,2%
佐賀県,佐賀市,セルフ兵庫ＳＳ,小売業,ガソリンスタンド,2%
佐賀県,佐賀市,ｓｅｌｆ ｌｏｖｅ,サービス,その他サービス,5%
佐賀県,佐賀市,ＳＥＮＳＥｂｙｐｌｕｓｈａｉｒ佐賀駅前店,サービス,理容・美容業,5%
佐賀県,佐賀市,副島硝子工業株式会社,小売業,家具・調度品,5%
佐賀県,佐賀市,ＳＯＲＡ,サービス,理容・美容業,5%
佐賀県,佐賀市,ＳＯＬＡＲ,サービス,その他サービス,5%
佐賀県,佐賀市,ソラゴト,サービス,飲食業,5%
佐賀県,佐賀市,Ｄａｒｔｓ Ｓｈｏｐ ＴｉＴＯ 佐賀店,小売業,その他小売,5%
佐賀県,佐賀市,第一園芸センター,小売業,その他小売,5%
佐賀県,佐賀市,大丸進物店,小売業,その他小売,5%
佐賀県,佐賀市,タイヤスタジアム,小売業,その他小売,5%
佐賀県,佐賀市,太陽住宅設備,サービス,その他サービス,5%
佐賀県,佐賀市,ダイワ鈑金塗装工業,サービス,その他サービス,5%
佐賀県,佐賀市,タカトリ薬局,小売業,その他小売,5%
佐賀県,佐賀市,立ち呑み屋 のん,サービス,飲食業,5%
佐賀県,佐賀市,田中仏壇店佐賀店,小売業,その他小売,5%
佐賀県,佐賀市,田中めがね,小売業,その他小売,5%
佐賀県,佐賀市,田中理容館,サービス,理容・美容業,5%
佐賀県,佐賀市,田中理容館 中部病院店,サービス,理容・美容業,5%
佐賀県,佐賀市,ダリア佐賀 Ｂ－ＺＯＮＥ,小売業,その他小売,5%
佐賀県,佐賀市,ＤＡＮＣＥＳＴＵＤＩＯＳＴＡＴＵＳ,サービス,その他サービス,5%
佐賀県,佐賀市,チェコカフェ ムーイ・ポコイ,サービス,飲食業,5%
佐賀県,佐賀市,中国料理栄志,サービス,飲食業,5%
佐賀県,佐賀市,ツースリービル合同会社,サービス,宿泊業,5%
佐賀県,佐賀市,株式会社 ツバメガス佐賀,小売業,その他小売,5%
佐賀県,佐賀市,ｄｅｅｅｒ,サービス,飲食業,5%
佐賀県,佐賀市,ディッグ 諸富店,小売業,家具・調度品,5%
佐賀県,佐賀市,デイトス店,小売業,食料品,5%
佐賀県,佐賀市,テクノホーム,サービス,その他サービス,5%
佐賀県,佐賀市,鉄板焼 無量多,サービス,飲食業,5%
佐賀県,佐賀市,テルドライブ,サービス,その他サービス,5%
佐賀県,佐賀市,デンヒチ佐賀営業所,小売業,その他小売,5%
佐賀県,佐賀市,天祐ＳＳ,小売業,ガソリンスタンド,2%
佐賀県,佐賀市,天祐店,小売業,食料品,5%
佐賀県,佐賀市,ドアーズヘアー,サービス,理容・美容業,5%
佐賀県,佐賀市,ＤＯ！プラザ佐賀南,小売業,ガソリンスタンド,2%
佐賀県,佐賀市,ＭＯＤＥ Ｂｅａｕｔｙ,サービス,理容・美容業,5%
佐賀県,佐賀市,Ｄｒ．Ｄｒｉｖｅセルフ医大通り店,小売業,ガソリンスタンド,2%
佐賀県,佐賀市,Ｄｒ．Ｄｒｉｖｅ セルフ佐賀下田店,小売業,ガソリンスタンド,2%
佐賀県,佐賀市,Ｄｒ．Ｄｒｉｖｅセルフ佐賀大和店,小売業,ガソリンスタンド,2%
佐賀県,佐賀市,Ｄｒ．Ｄｒｉｖｅセルフ東部環状店,小売業,ガソリンスタンド,2%
佐賀県,佐賀市,Ｄｒ．Ｄｒｉｖｅ高木瀬店,小売業,ガソリンスタンド,2%
佐賀県,佐賀市,徳永自動車,サービス,その他サービス,5%
佐賀県,佐賀市,トム,小売業,その他小売,5%
佐賀県,佐賀市,トヨタレンタリース佐賀 佐賀駅前店,サービス,その他サービス,2%
佐賀県,佐賀市,トヨタレンタリース佐賀大財店,サービス,その他サービス,2%
佐賀県,佐賀市,トヨタレンタリース佐賀嘉瀬町店,サービス,その他サービス,2%
佐賀県,佐賀市,トヨタレンタリース佐賀佐賀空港受付カウン,サービス,その他サービス,2%
佐賀県,佐賀市,Ｄｏｌｃｅ 佐賀大財店,サービス,理容・美容業,5%
佐賀県,佐賀市,Ｄｏｌｃｅ 佐賀北高通り店,小売業,その他小売,5%
佐賀県,佐賀市,ドルチェ夢咲店,小売業,その他小売,5%
佐賀県,佐賀市,ドロ－ンスク－ルＪＥＴ,サービス,その他サービス,5%
佐賀県,佐賀市,中川自動車,サービス,その他サービス,5%
佐賀県,佐賀市,ナカシマ電器,小売業,電化製品,5%
佐賀県,佐賀市,中野屋商店,小売業,家具・調度品,5%
佐賀県,佐賀市,なごみボディルーム,サービス,理容・美容業,5%
佐賀県,佐賀市,Ｎａｔｕｒａｌ Ｂｏｄｙｍａｋｅ,サービス,その他サービス,5%
佐賀県,佐賀市,ＴｏｏｌＧａｒａｇｅナックルヘッド,小売業,電化製品,5%
佐賀県,佐賀市,鍋島セルフＳＳ,小売業,ガソリンスタンド,2%
佐賀県,佐賀市,なみのり健康佐賀,サービス,理容・美容業,5%
佐賀県,佐賀市,ニームジュエリー,小売業,貴金属・服飾品,5%
佐賀県,佐賀市,ｎｉｃｏｔｔｏ ＨＡＩＲ,サービス,その他サービス,5%
佐賀県,佐賀市,日眼メガネ,小売業,貴金属・服飾品,5%
佐賀県,佐賀市,ＮＩＨＩＬ ｂｅｓｐｏｋｅ ｓｈｏｅ,小売業,衣料品,5%
佐賀県,佐賀市,ニューポーン 佐賀店,小売業,その他小売,5%
佐賀県,佐賀市,ねこ辿り,小売業,衣料品,5%
佐賀県,佐賀市,納富商店,小売業,その他小売,5%
佐賀県,佐賀市,野中蒲鉾 かまぼこ体験工房 直売店のなか,小売業,食料品,5%
佐賀県,佐賀市,呑み処 色葉,サービス,飲食業,5%
佐賀県,佐賀市,のり道楽（三福海苔／工場直売店）,小売業,食料品,5%
佐賀県,佐賀市,パールヴァティ,サービス,飲食業,5%
佐賀県,佐賀市,ＰＩＮＥＢＯＯＫＳ,小売業,書籍・玩具・音楽ＣＤ,5%
佐賀県,佐賀市,バーＡＣＥ,サービス,飲食業,5%
佐賀県,佐賀市,舶来品のレイメイ 佐賀店,小売業,衣料品,5%
佐賀県,佐賀市,Ｄｒ．Ｄｒｉｖｅ蓮池店,小売業,ガソリンスタンド,2%
佐賀県,佐賀市,ＢＡＣＫ ＧＡＴＥ ＤＩＮＥＲ 佐賀店,サービス,飲食業,5%
佐賀県,佐賀市,ＢＡＣＫ ＧＡＴＥ ＤＩＮＥＲ,サービス,飲食業,5%
佐賀県,佐賀市,ＢＵＤＤＹ ＨＡＩＲＳＡＬＯＮ,サービス,理容・美容業,5%
佐賀県,佐賀市,パナパナ ふくおか,小売業,電化製品,5%
佐賀県,佐賀市,パナランド フジノ,小売業,電化製品,5%
佐賀県,佐賀市,パナランド堀田,小売業,電化製品,5%
佐賀県,佐賀市,パナランドみずまち,小売業,電化製品,5%
佐賀県,佐賀市,早津江ＳＳ,小売業,ガソリンスタンド,2%
佐賀県,佐賀市,バラエティー,小売業,衣料品,5%
佐賀県,佐賀市,Ｐａｌ ＨＡＩＲ ＤＥＳＩＧＮ,サービス,理容・美容業,5%
佐賀県,佐賀市,ハンバーグ オニオン 佐賀大和店,サービス,飲食業,5%
佐賀県,佐賀市,ＢＭＯ佐賀店,小売業,衣料品,5%
佐賀県,佐賀市,Ｂ－ＰＬＡＮＮＩＮＧ,サービス,その他サービス,5%
佐賀県,佐賀市,東与賀ＳＳ,小売業,ガソリンスタンド,2%
佐賀県,佐賀市,セブンーイレブン東与賀下古賀店,小売業,食料品,2%
佐賀県,佐賀市,ＰＩＴＯ ｈａｉｒ ｓａｌｏｎ,サービス,理容・美容業,5%
佐賀県,佐賀市,Ｂｅａｕｔｙ Ｓａｌｏｎ 美蕾,サービス,その他サービス,5%
佐賀県,佐賀市,兵庫自動車,サービス,その他サービス,5%
佐賀県,佐賀市,美容室かりん,サービス,理容・美容業,5%
佐賀県,佐賀市,美容室ＪＵＮＯ,サービス,理容・美容業,5%
佐賀県,佐賀市,平川石材,小売業,その他小売,5%
佐賀県,佐賀市,ビリー,サービス,理容・美容業,5%
佐賀県,佐賀市,［ＨＣ］広瀬電化,小売業,電化製品,5%
佐賀県,佐賀市,ヒロノブイラスト,サービス,その他サービス,5%
佐賀県,佐賀市,リンパマッサージサロン,サービス,理容・美容業,5%
佐賀県,佐賀市,有限会社ＦａｃｔｏｒｙＥｄｅｎ,小売業,貴金属・服飾品,5%
佐賀県,佐賀市,ファミリーファッションはしもと 諸富店,小売業,衣料品,5%
佐賀県,佐賀市,ファミリー大和店,小売業,衣料品,5%
佐賀県,佐賀市,ｐｏｕｒｖｏｕｓ,サービス,理容・美容業,5%
佐賀県,佐賀市,ＰＨＯＴＯ ＳＴＡＴＩＯＮ タマヤカメラ,小売業,その他小売,5%
佐賀県,佐賀市,深川衣料品,小売業,衣料品,5%
佐賀県,佐賀市,ＦＵＫ,小売業,衣料品,5%
佐賀県,佐賀市,フジックス,サービス,その他サービス,5%
佐賀県,佐賀市,ブライダルジュエリーＣＯＬＯＲ,小売業,貴金属・服飾品,5%
佐賀県,佐賀市,フラワーショップ こばやし,小売業,その他小売,5%
佐賀県,佐賀市,Ｌａｚｕｌｉ,小売業,その他小売,5%
佐賀県,佐賀市,Ｂｒｉｌｌｉａｎｔ,サービス,理容・美容業,5%
佐賀県,佐賀市,古着屋センヤイチバ南部バイパス店,小売業,衣料品,5%
佐賀県,佐賀市,フルハウス プレミア ヘアー,サービス,理容・美容業,5%
佐賀県,佐賀市,古湯温泉ＯＮＣＲＩ,サービス,宿泊業,5%
佐賀県,佐賀市,古湯給油所,小売業,ガソリンスタンド,2%
佐賀県,佐賀市,ふるゆまつや,小売業,衣料品,5%
佐賀県,佐賀市,文具のナカシマ佐賀店,小売業,その他小売,5%
佐賀県,佐賀市,Ｈａｉｒ Ｂｅａｕｔｙ Ｂｉｌｌ,サービス,理容・美容業,5%
佐賀県,佐賀市,Ｈａｉｒ＆Ｓｐａ ａｎ ＳＯＬ,サービス,理容・美容業,5%
佐賀県,佐賀市,ＨＡＩＲ＆ＭＡＫＥＣＡＮＡＡＮ,サービス,理容・美容業,5%
佐賀県,佐賀市,ヘアー＆メイク ラナック,サービス,理容・美容業,5%
佐賀県,佐賀市,ＨＡＩＲ ＳＴＵＤＩＯ ＧＡＬ,サービス,理容・美容業,5%
佐賀県,佐賀市,ヘアデザインＮａｂａｌ,サービス,理容・美容業,5%
佐賀県,佐賀市,ＨＡＩＲ ＢＡＳＥ ＬＩＶＢＲＥ,サービス,理容・美容業,5%
佐賀県,佐賀市,ＨＡＩＲＭＡＫＥＷＩＳＥ?ＦＩＸ,サービス,理容・美容業,5%
佐賀県,佐賀市,ＨａｉｒＰｌａｃｅＡＤＤＩＣＴＩＯＮ,サービス,理容・美容業,5%
佐賀県,佐賀市,ＨＡＩＲＭＡＫＥＷＩＳＥ?Ｂｅ．,サービス,理容・美容業,5%
佐賀県,佐賀市,ペットスタジオ１０１ 鍋島店,小売業,その他小売,5%
佐賀県,佐賀市,ペットスタジオ１０１本庄店,小売業,その他小売,5%
佐賀県,佐賀市,北山窯,サービス,その他サービス,5%
佐賀県,佐賀市,ホテル龍登園,サービス,宿泊業,5%
佐賀県,佐賀市,Ｂｏｎｈｅｕｒ,サービス,理容・美容業,5%
佐賀県,佐賀市,ｈｏｌｉｄａｙｓｉｎｔｈｅｓｕｎ,小売業,衣料品,5%
佐賀県,佐賀市,本庄佛壇本舗,小売業,家具・調度品,5%
佐賀県,佐賀市,本店,小売業,食料品,5%
佐賀県,佐賀市,Ｍａｕｎａｎｉ,小売業,衣料品,5%
佐賀県,佐賀市,マクドナルドイオンモール佐賀大和店,サービス,飲食業,2%
佐賀県,佐賀市,マクドナルド佐賀東部環状店,サービス,飲食業,2%
佐賀県,佐賀市,マクドナルド佐賀ミスターマックス店,サービス,飲食業,2%
佐賀県,佐賀市,マクドナルド佐賀南バイパス店,サービス,飲食業,2%
佐賀県,佐賀市,マクドナルド佐賀ゆめタウン店,サービス,飲食業,2%
佐賀県,佐賀市,マクドナルド３４号佐賀店,サービス,飲食業,2%
佐賀県,佐賀市,マクドナルド２６３高木瀬店,サービス,飲食業,2%
佐賀県,佐賀市,松尾ふとん,小売業,家具・調度品,5%
佐賀県,佐賀市,まるきん佐賀北部バイパス店,小売業,その他小売,5%
佐賀県,佐賀市,まる新,サービス,飲食業,5%
佐賀県,佐賀市,まる新,サービス,飲食業,5%
佐賀県,佐賀市,丸秀醤油 丸秀醤油,小売業,食料品,5%
佐賀県,佐賀市,丸山商店 佐賀店,小売業,衣料品,5%
佐賀県,佐賀市,マンガ倉庫 佐賀店,小売業,その他小売,5%
佐賀県,佐賀市,ｍｅｅｐ,サービス,理容・美容業,5%
佐賀県,佐賀市,みしん工房 佐賀店,小売業,電化製品,5%
佐賀県,佐賀市,Ｍｙｓｔｉｑｕｅ 佐賀駅前店,小売業,衣料品,5%
佐賀県,佐賀市,三瀬村銀座給油所,小売業,ガソリンスタンド,2%
佐賀県,佐賀市,南川副ＳＳ,小売業,ガソリンスタンド,2%
佐賀県,佐賀市,ｍｉｌｉｍｉｌｉ,小売業,その他小売,5%
佐賀県,佐賀市,民宿幸屋,サービス,その他サービス,5%
佐賀県,佐賀市,夢食彩叶 おせそ,サービス,飲食業,5%
佐賀県,佐賀市,無法松 佐賀店,小売業,その他小売,5%
佐賀県,佐賀市,村岡屋,小売業,食料品,5%
佐賀県,佐賀市,村岡屋 卸本町店,小売業,食料品,5%
佐賀県,佐賀市,村岡屋 高伝寺前店,小売業,食料品,5%
佐賀県,佐賀市,村岡屋 佐賀西友店,小売業,食料品,5%
佐賀県,佐賀市,村岡屋 ダイエ－店,小売業,食料品,5%
佐賀県,佐賀市,村岡屋 兵庫店,小売業,食料品,5%
佐賀県,佐賀市,村岡屋 水ヶ江店,小売業,食料品,5%
佐賀県,佐賀市,村岡屋 大和店,小売業,食料品,5%
佐賀県,佐賀市,村岡屋 佐賀駅店,小売業,食料品,5%
佐賀県,佐賀市,村山仏光堂,小売業,家具・調度品,5%
佐賀県,佐賀市,Ｍａｋｅ＆Ｓｐａｃｅ,サービス,その他サービス,5%
佐賀県,佐賀市,明林堂書店嘉瀬町店,小売業,その他小売,5%
佐賀県,佐賀市,明林堂書店南佐賀店,小売業,その他小売,5%
佐賀県,佐賀市,ｍｅｒｃｉ,小売業,衣料品,5%
佐賀県,佐賀市,Ｍｅｎ’ｓ Ｈａｉｒ ＳＰＩＣＥ,サービス,理容・美容業,5%
佐賀県,佐賀市,Ｍｅｎｓ Ｈａｉｒ ＳＰＩＣＥ,サービス,理容・美容業,5%
佐賀県,佐賀市,Ｍｅｎ’ｓ Ｈａｉｒ ＳＰＩＣＥ,サービス,理容・美容業,5%
佐賀県,佐賀市,Ｍｅｎ’ｓ Ｈａｉｒ ＳＰＩＣＥ,サービス,理容・美容業,5%
佐賀県,佐賀市,麺処 いっせい,サービス,飲食業,5%
佐賀県,佐賀市,ＭＯＤＥ ＨＩＬＬＳ 佐賀イオン大和店,小売業,衣料品,5%
佐賀県,佐賀市,森まんじゅう店,小売業,食料品,5%
佐賀県,佐賀市,諸富ＳＳ,小売業,ガソリンスタンド,2%
佐賀県,佐賀市,門田木工,サービス,その他サービス,5%
佐賀県,佐賀市,やきとり鶴 八幡小路店,サービス,飲食業,5%
佐賀県,佐賀市,ヤキニク エンジュ,サービス,飲食業,5%
佐賀県,佐賀市,ヤキニク エンジュ,サービス,飲食業,5%
佐賀県,佐賀市,焼肉館 勝 医大通り店,サービス,飲食業,5%
佐賀県,佐賀市,焼肉館 勝 佐賀兵庫店,サービス,飲食業,5%
佐賀県,佐賀市,焼肉なべしま 佐賀開成店,サービス,飲食業,5%
佐賀県,佐賀市,焼肉なべしま 佐賀兵庫店,サービス,飲食業,5%
佐賀県,佐賀市,八頭司伝吉 佐賀駅店,小売業,食料品,5%
佐賀県,佐賀市,八頭司伝吉 天祐店,小売業,食料品,5%
佐賀県,佐賀市,八頭司伝吉 唐人店,小売業,食料品,5%
佐賀県,佐賀市,八頭司伝吉本舗 佐賀駅店,小売業,食料品,5%
佐賀県,佐賀市,山あかり,サービス,宿泊業,5%
佐賀県,佐賀市,ヤマグチサイクル,小売業,その他小売,5%
佐賀県,佐賀市,大和バイパスＳＳ,小売業,ガソリンスタンド,2%
佐賀県,佐賀市,ゆうき動物病院,サービス,その他サービス,5%
佐賀県,佐賀市,（有）テクノ,小売業,その他小売,5%
佐賀県,佐賀市,有限会社エゴシモータースプロジェクト,サービス,その他サービス,5%
佐賀県,佐賀市,（有）オートナカヤマ,サービス,その他サービス,5%
佐賀県,佐賀市,有）呉服の柳屋,小売業,衣料品,5%
佐賀県,佐賀市,有限会社モトマツ,サービス,その他サービス,5%
佐賀県,佐賀市,ゆめタウン佐賀ハビタ佐賀店,サービス,理容・美容業,5%
佐賀県,佐賀市,ゆめタウン佐賀リエジュ,小売業,貴金属・服飾品,5%
佐賀県,佐賀市,ＬＩＮＥ,サービス,理容・美容業,5%
佐賀県,佐賀市,ＬＡＣＯＳＴＥ ゆめタウン佐賀店,小売業,衣料品,5%
佐賀県,佐賀市,らしんばん モラージュ佐賀店,小売業,その他小売,5%
佐賀県,佐賀市,リエジュ 佐賀店,小売業,貴金属・服飾品,5%
佐賀県,佐賀市,リサイクル センヤイチバ,小売業,その他小売,5%
佐賀県,佐賀市,リヒトー,サービス,理容・美容業,5%
佐賀県,佐賀市,ｒｉｖｅｔ,サービス,理容・美容業,5%
佐賀県,佐賀市,リボルト佐賀,サービス,その他サービス,5%
佐賀県,佐賀市,里麻 大和店,小売業,衣料品,5%
佐賀県,佐賀市,理容 なかしま,サービス,理容・美容業,5%
佐賀県,佐賀市,理容なかしま,サービス,理容・美容業,5%
佐賀県,佐賀市,旅館あけぼの,サービス,宿泊業,5%
佐賀県,佐賀市,旅館杉乃家,サービス,宿泊業,5%
佐賀県,佐賀市,リンパサロンｎｉｎａ,サービス,その他サービス,5%
佐賀県,佐賀市,ＬＯＯＳＹ 佐賀モラージュ店,小売業,衣料品,5%
佐賀県,佐賀市,レストラン＆カフェ浪漫座,サービス,飲食業,5%
佐賀県,佐賀市,Ｒｅｓｔａｕｒａｎｔ＆ＰＵＢＧｉｎ,サービス,飲食業,5%
佐賀県,佐賀市,レストランシャトー文雅,サービス,飲食業,5%
佐賀県,佐賀市,レストラン白山文雅,サービス,飲食業,5%
佐賀県,佐賀市,レブドワール,サービス,理容・美容業,5%
佐賀県,佐賀市,ロイヤル観光（株）トラベルサロン,サービス,その他サービス,5%
佐賀県,佐賀市,ローリングキッズ,サービス,その他サービス,5%
佐賀県,佐賀市,ローズテラス,小売業,食料品,5%
佐賀県,佐賀市,六香庵,サービス,飲食業,5%
佐賀県,佐賀市,ワイズガレージ,サービス,その他サービス,5%
佐賀県,佐賀市,若楠ＳＳ,小売業,ガソリンスタンド,2%
佐賀県,佐賀市,若楠自動車学校,サービス,その他サービス,5%
佐賀県,佐賀市,ワタナベ画材店,小売業,その他小売,5%
佐賀県,白石町,あぶり家 壱町,サービス,飲食業,5%
佐賀県,白石町,有明ＳＳ,小売業,ガソリンスタンド,2%
佐賀県,白石町,セブン－イレブン有明深浦店,小売業,食料品,2%
佐賀県,白石町,大隈商店 大隈商店,小売業,食料品,5%
佐賀県,白石町,大曲陶器 大曲陶器,小売業,その他小売,5%
佐賀県,白石町,大曲陶器 大曲陶器,小売業,その他小売,5%
佐賀県,白石町,オートライフピュア,小売業,その他小売,5%
佐賀県,白石町,佐賀有明ＳＳ,小売業,ガソリンスタンド,2%
佐賀県,白石町,セブン－イレブン佐賀白石店,小売業,食料品,2%
佐賀県,白石町,セブン－イレブン佐賀白石廿治店,小売業,食料品,2%
佐賀県,白石町,セブン－イレブン佐賀福富店,小売業,食料品,2%
佐賀県,白石町,白石ＳＳ,小売業,ガソリンスタンド,2%
佐賀県,白石町,スーパーモリナガ白石店,小売業,食料品,5%
佐賀県,白石町,辻田百貨店,小売業,衣料品,5%
佐賀県,白石町,ドリームホープ,サービス,その他サービス,5%
佐賀県,白石町,パナランドフジヤ,小売業,電化製品,5%
佐賀県,白石町,福富ＳＳ,小売業,ガソリンスタンド,2%
佐賀県,白石町,セブン－イレブン福富インター店,小売業,食料品,2%
佐賀県,白石町,有限会社勝武堂白石店,小売業,その他小売,5%
佐賀県,白石町,有限会社トウタケ商事,小売業,その他小売,5%
佐賀県,多久市,海鮮うまいもんや 茜,サービス,その他サービス,5%
佐賀県,多久市,北多久ＳＳ,小売業,ガソリンスタンド,2%
佐賀県,多久市,セブン－イレブン佐賀多久店,小売業,食料品,2%
佐賀県,多久市,ＳＣＯＬ ＣＡＦＥ,サービス,飲食業,5%
佐賀県,多久市,大平庵,サービス,飲食業,5%
佐賀県,多久市,セブン－イレブン多久北多久町店,小売業,食料品,2%
佐賀県,多久市,多久自動車学校,サービス,その他サービス,5%
佐賀県,多久市,セブン－イレブン多久南店,小売業,食料品,2%
佐賀県,多久市,野中酒店,小売業,その他小売,5%
佐賀県,多久市,セブン－イレブン東多久店,小売業,食料品,2%
佐賀県,多久市,平川石材 多久工場,小売業,その他小売,5%
佐賀県,多久市,ファッションハウス彩 多久店,小売業,衣料品,5%
佐賀県,多久市,ｍｉｓｏｎｏ,サービス,理容・美容業,5%
佐賀県,多久市,麺工房こうき,サービス,飲食業,5%
佐賀県,武雄市,朝日ＳＳ,小売業,ガソリンスタンド,2%
佐賀県,武雄市,荒川電化,小売業,電化製品,5%
佐賀県,武雄市,あらかわ電器,小売業,電化製品,5%
佐賀県,武雄市,新玉,サービス,飲食業,5%
佐賀県,武雄市,イタリアンレストラン ＳＯＵＲＣＥ,サービス,飲食業,5%
佐賀県,武雄市,出光古川商店西川登ＳＳ,小売業,ガソリンスタンド,2%
佐賀県,武雄市,いわなが,小売業,衣料品,5%
佐賀県,武雄市,［ＨＣ］江口電機,小売業,電化製品,5%
佐賀県,武雄市,大宅自動車,サービス,その他サービス,5%
佐賀県,武雄市,ＡＵＴＯ ＳＡＬＯＮ Ｍ’ｓ,小売業,その他小売,5%
佐賀県,武雄市,ＧＡＲＤＥＮ ＧＡＲＤＥＮ,小売業,その他小売,5%
佐賀県,武雄市,懐石 宿 扇屋,サービス,宿泊業,5%
佐賀県,武雄市,花器工房光峰窯,サービス,その他サービス,5%
佐賀県,武雄市,Ｃａｆｅ 亜羅琲珈,サービス,飲食業,5%
佐賀県,武雄市,株式会社ＹＥＳ ｙｅｓ北方給油所,小売業,ガソリンスタンド,2%
佐賀県,武雄市,株式会社武雄タクシー,サービス,運輸業,5%
佐賀県,武雄市,［ＨＣ］株式会社山茂電機,小売業,電化製品,5%
佐賀県,武雄市,カラリスト,サービス,理容・美容業,5%
佐賀県,武雄市,カレーハウスＣＯＣＯ壱番屋佐賀武雄店,サービス,飲食業,2%
佐賀県,武雄市,ＧＡＬＯＰＩＮＥ＆ＧＡＬＯＰＩＮ,サービス,その他サービス,5%
佐賀県,武雄市,カワチノ電器,小売業,電化製品,5%
佐賀県,武雄市,閑古錐,サービス,その他サービス,5%
佐賀県,武雄市,閑古錐,小売業,家具・調度品,5%
佐賀県,武雄市,京都屋,サービス,宿泊業,5%
佐賀県,武雄市,クラフトワン いわなが,小売業,衣料品,5%
佐賀県,武雄市,栗山商店,小売業,家具・調度品,5%
佐賀県,武雄市,黒岩整体院,サービス,その他サービス,5%
佐賀県,武雄市,古賀時計店,小売業,貴金属・服飾品,5%
佐賀県,武雄市,コスモライト石橋,サービス,理容・美容業,5%
佐賀県,武雄市,呉服のひでしま,小売業,衣料品,5%
佐賀県,武雄市,佐賀牛炭火焼肉 佐が家,サービス,飲食業,5%
佐賀県,武雄市,佐賀トヨペット武雄店,小売業,その他小売,5%
佐賀県,武雄市,佐賀トヨペット武雄マイカーセンター,小売業,その他小売,5%
佐賀県,武雄市,セブン－イレブン佐賀山内バイパス店,小売業,食料品,2%
佐賀県,武雄市,サロンプリエ,小売業,その他小売,5%
佐賀県,武雄市,三草二木,サービス,飲食業,5%
佐賀県,武雄市,しーじゃっく 武雄店,サービス,飲食業,5%
佐賀県,武雄市,十徳や 武雄店,サービス,飲食業,5%
佐賀県,武雄市,昭和ＳＳ,小売業,ガソリンスタンド,2%
佐賀県,武雄市,真光窯,サービス,その他サービス,5%
佐賀県,武雄市,ＳＴＵＤＩＯ 凛,サービス,その他サービス,5%
佐賀県,武雄市,整体 すかっと 整体 すかっと,サービス,その他サービス,5%
佐賀県,武雄市,セルフステーション武雄バイパス,小売業,ガソリンスタンド,2%
佐賀県,武雄市,セントラルホテル武雄温泉駅前,サービス,宿泊業,5%
佐賀県,武雄市,タイヤランド武雄,小売業,その他小売,5%
佐賀県,武雄市,タカチホカメラ 武雄店,小売業,その他小売,5%
佐賀県,武雄市,宝屋,小売業,衣料品,5%
佐賀県,武雄市,武雄温泉駅前ＳＳ,小売業,ガソリンスタンド,2%
佐賀県,武雄市,セブン－イレブン武雄上西山店,小売業,食料品,2%
佐賀県,武雄市,セブン－イレブン武雄川良店,小売業,食料品,2%
佐賀県,武雄市,たけおしふぉんパザバ,小売業,食料品,5%
佐賀県,武雄市,武雄センチュリーホテル,サービス,宿泊業,5%
佐賀県,武雄市,武雄中央ＳＳ,小売業,ガソリンスタンド,2%
佐賀県,武雄市,武雄西ＳＳ,小売業,ガソリンスタンド,2%
佐賀県,武雄市,セブン－イレブン武雄バイパス店,小売業,食料品,2%
佐賀県,武雄市,セブン－イレブン武雄東川登町店,小売業,食料品,2%
佐賀県,武雄市,たけお屋,小売業,その他小売,5%
佐賀県,武雄市,セブン－イレブン武雄若木インター店,小売業,食料品,2%
佐賀県,武雄市,たのしい農家お百笑さん 百笑茶屋,サービス,飲食業,5%
佐賀県,武雄市,東馬窯,サービス,その他サービス,5%
佐賀県,武雄市,Ｄｒ．Ｄｒｉｖｅセルフ武雄バイパス店,小売業,ガソリンスタンド,2%
佐賀県,武雄市,トヨタレンタリース佐賀 武雄温泉駅前店,サービス,その他サービス,2%
佐賀県,武雄市,ｔｒａｔｔｏｒｉＹａ Ｍｉｍａｓａｋａ トラットリヤ ミマサカ,サービス,飲食業,5%
佐賀県,武雄市,長崎自動車道 上り 川登サービスエリアＳＳ,小売業,ガソリンスタンド,2%
佐賀県,武雄市,中島陶芸,サービス,その他サービス,5%
佐賀県,武雄市,なるせみそしょうゆ,サービス,その他サービス,5%
佐賀県,武雄市,パーソナルホテル ＹＯＵ,サービス,宿泊業,5%
佐賀県,武雄市,バッグショップ サム,小売業,貴金属・服飾品,5%
佐賀県,武雄市,Ｂａｇ Ｓｈｏｐ ３６,小売業,貴金属・服飾品,5%
佐賀県,武雄市,パナパナ 一ノ瀬,小売業,電化製品,5%
佐賀県,武雄市,Ｈｏｎｅｙ Ｂｕｎｎｙ,サービス,飲食業,5%
佐賀県,武雄市,はりマッサージセンター武雄,サービス,理容・美容業,5%
佐賀県,武雄市,Ｂｅｅｅ＋マルシェ＆カフェ,サービス,飲食業,5%
佐賀県,武雄市,東川登ＳＳ,小売業,ガソリンスタンド,2%
佐賀県,武雄市,福恵無線高橋店,小売業,電化製品,5%
佐賀県,武雄市,ブルーライン,小売業,衣料品,5%
佐賀県,武雄市,ＨａｉｒＣｒａｆｔ,サービス,理容・美容業,5%
佐賀県,武雄市,ヘアースタジオ ドゥ ドゥ,サービス,理容・美容業,5%
佐賀県,武雄市,ペンションピクニック,サービス,宿泊業,5%
佐賀県,武雄市,ホテル春慶屋,サービス,宿泊業,5%
佐賀県,武雄市,マクドナルド武雄店,サービス,飲食業,2%
佐賀県,武雄市,松阪屋,サービス,飲食業,5%
佐賀県,武雄市,松阪屋,サービス,飲食業,5%
佐賀県,武雄市,マンガ倉庫 武雄店,小売業,その他小売,5%
佐賀県,武雄市,御船ＳＳ,小売業,ガソリンスタンド,2%
佐賀県,武雄市,御船山楽園ホテル,サービス,宿泊業,5%
佐賀県,武雄市,ムックハウス武雄店,小売業,衣料品,5%
佐賀県,武雄市,無法松 武雄北方店,小売業,その他小売,5%
佐賀県,武雄市,明林堂書店ゆめタウン武雄店,小売業,その他小売,5%
佐賀県,武雄市,ＭＯＤＥ ＨＯＵＳＥ 武雄ゆめタウン店,小売業,衣料品,5%
佐賀県,武雄市,ＭＯＤＥ ＢＩＳ 武雄ゆめタウン店,小売業,衣料品,5%
佐賀県,武雄市,ｍｏｄｅ Ｍａｉｓｏｎ 武雄ゆめタウン店,小売業,衣料品,5%
佐賀県,武雄市,焼肉館 勝 武雄店,サービス,飲食業,5%
佐賀県,武雄市,焼肉どすこい,サービス,飲食業,5%
佐賀県,武雄市,［ＨＣ］有限会社エコー無線,小売業,電化製品,5%
佐賀県,武雄市,［ＨＣ］有限会社三光電機,小売業,電化製品,5%
佐賀県,武雄市,（有）多ま寿司,サービス,飲食業,5%
佐賀県,武雄市,遊遊窯,小売業,家具・調度品,5%
佐賀県,武雄市,公益財団法人陽光美術館,サービス,その他サービス,5%
佐賀県,武雄市,Ｌｉｐ Ｓｔｉｃｋ 武雄ゆめタウン店,小売業,衣料品,5%
佐賀県,武雄市,里麻 北方店,小売業,衣料品,5%
佐賀県,武雄市,ワインショップ イヴローニュ,小売業,食料品,5%
佐賀県,太良町,いで電器,小売業,電化製品,5%
佐賀県,太良町,大浦ＳＳ,小売業,ガソリンスタンド,2%
佐賀県,太良町,カーテック岸元,小売業,その他小売,5%
佐賀県,太良町,海上館,サービス,宿泊業,5%
佐賀県,太良町,蟹御殿,サービス,宿泊業,5%
佐賀県,太良町,株式会社松本自動車工業 太良店,サービス,その他サービス,5%
佐賀県,太良町,岸元石油店,小売業,ガソリンスタンド,2%
佐賀県,太良町,たら支所ＳＳ,小売業,ガソリンスタンド,2%
佐賀県,太良町,野口石油 太良ＳＳ,小売業,ガソリンスタンド,2%
佐賀県,太良町,太良竹崎温泉 夜灯見荘,サービス,宿泊業,5%
佐賀県,太良町,セブン－イレブン肥前太良店,小売業,食料品,2%
佐賀県,太良町,夜灯見荘,サービス,宿泊業,5%
佐賀県,太良町,旅館 豊洋荘,サービス,宿泊業,5%
佐賀県,太良町,旅館鶴荘,サービス,宿泊業,5%
佐賀県,鳥栖市,あおぞら電器合同会社,小売業,電化製品,5%
佐賀県,鳥栖市,アマゾン鳥栖売店,小売業,食料品,5%
佐賀県,鳥栖市,石窯パン工房クリーブラッツ 弥生が丘店,小売業,食料品,5%
佐賀県,鳥栖市,上野自動車サービス,サービス,その他サービス,5%
佐賀県,鳥栖市,エクラ,サービス,理容・美容業,5%
佐賀県,鳥栖市,ｃｈｉ ｓ ＭＳＤ Ｓｐｅｅｄ Ｍｏｔｏｒｓ ＭＳＤ ＳＰＥＥＤ ＭＯＴＯＲＳ,サービス,その他サービス,5%
佐賀県,鳥栖市,エレガンス ひろ 鳥栖店,小売業,衣料品,5%
佐賀県,鳥栖市,［ＨＣ］エレックスなかしま,小売業,電化製品,5%
佐賀県,鳥栖市,大賀薬局 弥生ヶ丘店,小売業,その他小売,5%
佐賀県,鳥栖市,おかコンタクトレンズ,サービス,その他サービス,5%
佐賀県,鳥栖市,おかしの水田屋 おかしの水田屋,小売業,食料品,5%
佐賀県,鳥栖市,おひさまカイロプラクティック,サービス,その他サービス,5%
佐賀県,鳥栖市,オリックスレンタカー新鳥栖駅店,サービス,その他サービス,2%
佐賀県,鳥栖市,カイロオフィスタカ,サービス,理容・美容業,5%
佐賀県,鳥栖市,（株）筑後旅行センタートラベルサロン鳥栖,サービス,その他サービス,5%
佐賀県,鳥栖市,（株）もろふじ 別館,小売業,衣料品,5%
佐賀県,鳥栖市,有限会社 カメヤマ,小売業,その他小売,5%
佐賀県,鳥栖市,カレーハウスＣｏＣｏ壱番屋鳥栖バイパス店,サービス,飲食業,2%
佐賀県,鳥栖市,Ｇａｌｅｔｔｅ鳥栖店,小売業,衣料品,5%
佐賀県,鳥栖市,キャピックフモト,サービス,その他サービス,5%
佐賀県,鳥栖市,グッデイ 鳥栖店,小売業,その他小売,5%
佐賀県,鳥栖市,グッディ 鳥栖店,小売業,家具・調度品,5%
佐賀県,鳥栖市,クロクマコーヒー,サービス,飲食業,5%
佐賀県,鳥栖市,Ｊａｓｐｅｒ Ｊａｓｐｅｒ,サービス,飲食業,5%
佐賀県,鳥栖市,口福居酒屋きわみ,サービス,飲食業,5%
佐賀県,鳥栖市,ＣＯＲＥＶＡ ＴＨＥ ＳＡＬＯＮ,サービス,理容・美容業,5%
佐賀県,鳥栖市,コレバ・ザ・サロン,サービス,理容・美容業,5%
佐賀県,鳥栖市,佐賀トヨペット鳥栖店,小売業,その他小売,5%
佐賀県,鳥栖市,佐藤生花店,小売業,その他小売,5%
佐賀県,鳥栖市,佐藤生花店,小売業,その他小売,5%
佐賀県,鳥栖市,ｓａｌｏｎ ｄｅ ＯＬＩＶＥ,サービス,理容・美容業,5%
佐賀県,鳥栖市,サンホテル鳥栖,サービス,宿泊業,5%
佐賀県,鳥栖市,七輪炭火レストランバーＡＶＡＮＴＩ,サービス,飲食業,5%
佐賀県,鳥栖市,酒家 魚肉菜 虹晴れ 酒家 魚肉菜 虹晴れ,サービス,飲食業,5%
佐賀県,鳥栖市,ショップ伊東,小売業,その他小売,5%
佐賀県,鳥栖市,すたみな太郎 鳥栖店,サービス,飲食業,5%
佐賀県,鳥栖市,成幸電気,小売業,電化製品,5%
佐賀県,鳥栖市,セルフ布津原ＳＳ,小売業,ガソリンスタンド,2%
佐賀県,鳥栖市,セレモニーやまおく鳥栖,小売業,その他小売,5%
佐賀県,鳥栖市,セントラルオート株式会社,小売業,その他小売,5%
佐賀県,鳥栖市,大衆酒場たこ金 大衆酒場たこ金,サービス,飲食業,5%
佐賀県,鳥栖市,大龍ラーメン小森野店,サービス,飲食業,5%
佐賀県,鳥栖市,立石ＳＳ,小売業,ガソリンスタンド,2%
佐賀県,鳥栖市,タナカフォトカメラ タナカフォトカメラ,サービス,その他サービス,5%
佐賀県,鳥栖市,チワワハウスアンジェリーカ,小売業,その他小売,5%
佐賀県,鳥栖市,電’ｓ旭店,小売業,電化製品,5%
佐賀県,鳥栖市,電’ｓ 酒井,小売業,電化製品,5%
佐賀県,鳥栖市,電’ｓさとう鳥栖店,小売業,電化製品,5%
佐賀県,鳥栖市,電’ｓとくぶち,小売業,電化製品,5%
佐賀県,鳥栖市,株式会社ガレット Ｇａｌｅｔｔｅ 鳥栖店,小売業,衣料品,5%
佐賀県,鳥栖市,株式会社ガレット ＤｅｕｘＧａｌｅｔｔｅ弥生が丘店,小売業,衣料品,5%
佐賀県,鳥栖市,東京・銀座リエジュ フレスポ鳥栖店,小売業,貴金属・服飾品,5%
佐賀県,鳥栖市,Ｄｒ．Ｄｒｉｖｅセルフ鳥栖インター店,小売業,ガソリンスタンド,2%
佐賀県,鳥栖市,Ｄｒ．Ｄｒｉｖｅ鳥栖店,小売業,ガソリンスタンド,2%
佐賀県,鳥栖市,Ｄｒ．Ｄｒｉｖｅ鳥栖姫方店,小売業,ガソリンスタンド,2%
佐賀県,鳥栖市,鳥栖ＳＳ,小売業,ガソリンスタンド,2%
佐賀県,鳥栖市,セブン－イレブン鳥栖今泉店,小売業,食料品,2%
佐賀県,鳥栖市,鳥栖ＩＣ．ＳＳ,小売業,ガソリンスタンド,2%
佐賀県,鳥栖市,鳥栖インター給油所,小売業,ガソリンスタンド,2%
佐賀県,鳥栖市,セブン－イレブン鳥栖加藤田町店,小売業,食料品,2%
佐賀県,鳥栖市,セブン－イレブン鳥栖蔵上２丁目店,小売業,食料品,2%
佐賀県,鳥栖市,セブン－イレブン鳥栖古賀町店,小売業,食料品,2%
佐賀県,鳥栖市,セブンーイレブン鳥栖幸津町店,小売業,食料品,2%
佐賀県,鳥栖市,セブン－イレブン鳥栖宿町店,小売業,食料品,2%
佐賀県,鳥栖市,セブン－イレブン鳥栖大正町店,小売業,食料品,2%
佐賀県,鳥栖市,セブン－イレブン鳥栖田代大官町店,小売業,食料品,2%
佐賀県,鳥栖市,セブンーイレブン鳥栖立石町店,小売業,食料品,2%
佐賀県,鳥栖市,セブンーイレブン鳥栖中央店,小売業,食料品,2%
佐賀県,鳥栖市,トスプロ,サービス,その他サービス,5%
佐賀県,鳥栖市,セブン－イレブン鳥栖本鳥栖町店,小売業,食料品,2%
佐賀県,鳥栖市,セブン－イレブン鳥栖養父町店,小売業,食料品,2%
佐賀県,鳥栖市,セブン－イレブン鳥栖山浦町店,小売業,食料品,2%
佐賀県,鳥栖市,セブン－イレブン鳥栖弥生が丘店,小売業,食料品,2%
佐賀県,鳥栖市,セブン－イレブン鳥栖弥生が丘２丁目店,小売業,食料品,2%
佐賀県,鳥栖市,ドッグサロンシードール,小売業,その他小売,5%
佐賀県,鳥栖市,トヨタレンタリース佐賀新鳥栖駅前店,サービス,その他サービス,2%
佐賀県,鳥栖市,トラックストップ ターン 佐賀鳥栖店,小売業,その他小売,5%
佐賀県,鳥栖市,トラックストップターン佐賀鳥栖店,小売業,その他小売,5%
佐賀県,鳥栖市,トラベルサロン鳥栖,サービス,その他サービス,5%
佐賀県,鳥栖市,ニューポーン 鳥栖店,小売業,その他小売,5%
佐賀県,鳥栖市,Ｂｕｇｇｙ,サービス,飲食業,5%
佐賀県,鳥栖市,Ｈａｋｓｈｕ,サービス,運輸業,5%
佐賀県,鳥栖市,母めし だっこ 母めし だっこ,サービス,飲食業,5%
佐賀県,鳥栖市,ハンバーグ オニオン 鳥栖店,サービス,飲食業,5%
佐賀県,鳥栖市,ビューティレベルアップ ステージ美 Ｓｋｅｔ,サービス,理容・美容業,5%
佐賀県,鳥栖市,ヒライ鳥栖インター店,小売業,食料品,5%
佐賀県,鳥栖市,ヒライ鳥栖商工団地前店,小売業,食料品,5%
佐賀県,鳥栖市,プラザホテル 鳥栖,サービス,宿泊業,5%
佐賀県,鳥栖市,ＰｕｌＲａｖｉ蔵上店,サービス,理容・美容業,5%
佐賀県,鳥栖市,ＰｕｌＲａｖｉ 弥生が丘店,サービス,理容・美容業,5%
佐賀県,鳥栖市,ＨＡＩＲ ＳＴＡＧＥ ＣＨＵＭ 蔵上店,サービス,理容・美容業,5%
佐賀県,鳥栖市,ｈａｉｒ つきソラ,サービス,理容・美容業,5%
佐賀県,鳥栖市,ＨＡＩＲ ＳＴＡＧＥ ＣＨＵＭ 蔵上店 ＨＡＩＲ ＳＴＡＧＥ ＣＨＵＭ,サービス,理容・美容業,5%
佐賀県,鳥栖市,紅屋呉服店,小売業,衣料品,5%
佐賀県,鳥栖市,ポアソン洋菓子店,小売業,食料品,5%
佐賀県,鳥栖市,ホットジャックガレージ,小売業,その他小売,5%
佐賀県,鳥栖市,ホテル小松荘,サービス,宿泊業,5%
佐賀県,鳥栖市,本格炭火焼 ひだね 鳥栖店 本格炭火焼ひだね鳥栖店,サービス,飲食業,5%
佐賀県,鳥栖市,マクドナルド鳥栖平塚店,サービス,飲食業,2%
佐賀県,鳥栖市,マクドナルド鳥栖フレスポ店,サービス,飲食業,2%
佐賀県,鳥栖市,ｍａ，ａｍ,小売業,貴金属・服飾品,5%
佐賀県,鳥栖市,南鳥栖ＳＳ 星原石油,小売業,ガソリンスタンド,2%
佐賀県,鳥栖市,みみたぶう,サービス,飲食業,5%
佐賀県,鳥栖市,メガネの立石 鳥栖バイパス店,小売業,その他小売,5%
佐賀県,鳥栖市,麺房花吹木,サービス,飲食業,5%
佐賀県,鳥栖市,もろふじ,小売業,衣料品,5%
佐賀県,鳥栖市,もろふじ きもの館,小売業,貴金属・服飾品,5%
佐賀県,鳥栖市,焼鳥 米五合,サービス,飲食業,5%
佐賀県,鳥栖市,焼肉プサン 焼肉プサン,サービス,飲食業,5%
佐賀県,鳥栖市,八蔵 鳥栖店,サービス,飲食業,5%
佐賀県,鳥栖市,ユアーズヘアーエヴォリューション,サービス,理容・美容業,5%
佐賀県,鳥栖市,有限会社稲葉電気商会,小売業,電化製品,5%
佐賀県,鳥栖市,（有）みゆき,小売業,その他小売,5%
佐賀県,鳥栖市,ユーデン松下,小売業,電化製品,5%
佐賀県,鳥栖市,有限会社マツクマ自動車,小売業,その他小売,5%
佐賀県,鳥栖市,ＹＯＳＡＰＡＲＫｐｒｅｓｅｎｔ＇ｓ,サービス,理容・美容業,5%
佐賀県,鳥栖市,呼子活イカ 博多巻串 燈 呼子活イカ 博多巻串 燈,サービス,飲食業,5%
佐賀県,鳥栖市,らんぶる台所家,サービス,飲食業,5%
佐賀県,鳥栖市,リエジュ鳥栖店,小売業,貴金属・服飾品,5%
佐賀県,鳥栖市,［ＨＣ］リンクとすでんき,小売業,電化製品,5%
佐賀県,鳥栖市,〔ＨＣ〕リンクとすでんき田代店大久保電器,小売業,電化製品,5%
佐賀県,鳥栖市,サロンＬｕＬｕＬｕ,サービス,その他サービス,5%
佐賀県,鳥栖市,若桜給油所,小売業,ガソリンスタンド,2%
佐賀県,みやき町,天吹酒造,小売業,食料品,5%
佐賀県,みやき町,Ａｎｇｅ みやき店,サービス,理容・美容業,5%
佐賀県,みやき町,ＨＭ,サービス,宿泊業,5%
佐賀県,みやき町,お菓子のじろう,小売業,食料品,5%
佐賀県,みやき町,北茂安ＳＳ,小売業,ガソリンスタンド,2%
佐賀県,みやき町,セブンーイレブン佐賀北茂安店,小売業,食料品,2%
佐賀県,みやき町,ｊ・ｐｏｐｏｌａｔｏ,小売業,衣料品,5%
佐賀県,みやき町,大栄輪業,小売業,その他小売,5%
佐賀県,みやき町,Ｄｒ．Ｄｒｉｖｅセルフ北茂安店,小売業,ガソリンスタンド,2%
佐賀県,みやき町,中島電器,小売業,電化製品,5%
佐賀県,みやき町,中原ＳＳ,小売業,ガソリンスタンド,2%
佐賀県,みやき町,西原ボーリング工業,小売業,その他小売,5%
佐賀県,みやき町,はる香,小売業,その他小売,5%
佐賀県,みやき町,東佐賀病院売店,小売業,その他小売,5%
佐賀県,みやき町,美容室たかこ 美容室たかこ,サービス,理容・美容業,5%
佐賀県,みやき町,ビリーダン,小売業,その他小売,5%
佐賀県,みやき町,ｐｕｌｒａｖｉみやき町三根店,サービス,理容・美容業,5%
佐賀県,みやき町,本格炭火焼 やきとり 大,サービス,飲食業,5%
佐賀県,みやき町,マクドナルド北茂安ミスターマックス店,サービス,飲食業,2%
佐賀県,みやき町,セブン－イレブンみやき町江口店,小売業,食料品,2%
佐賀県,みやき町,セブン－イレブンみやき町原古賀店,小売業,食料品,2%
佐賀県,みやき町,セブン－イレブンみやき町三根店,小売業,食料品,2%
佐賀県,みやき町,セブン－イレブンみやき町簑原店,小売業,食料品,2%
佐賀県,みやき町,セブンーイレブンみやき町役場前店,小売業,食料品,2%
佐賀県,みやき町,焼肉きざくら,サービス,飲食業,5%
佐賀県,みやき町,ユーデンみやき店,小売業,電化製品,5%
佐賀県,吉野ヶ里町,アースインクルージョン,サービス,理容・美容業,5%
佐賀県,吉野ヶ里町,ア－ツヘア－吉野ケ里店,サービス,理容・美容業,5%
佐賀県,吉野ヶ里町,アルゾ 吉野ヶ里店,小売業,食料品,5%
佐賀県,吉野ヶ里町,居酒屋 八蔵 吉野ヶ里店,サービス,飲食業,5%
佐賀県,吉野ヶ里町,エゴシタイヤショップ,小売業,その他小売,5%
佐賀県,吉野ヶ里町,海都 三田川店,サービス,飲食業,5%
佐賀県,吉野ヶ里町,セブン－イレブン神埼吉田店,小売業,食料品,2%
佐賀県,吉野ヶ里町,五ケ山豆腐,サービス,その他サービス,5%
佐賀県,吉野ヶ里町,ｇｅｎｉｃ ｈａｉｒ,サービス,理容・美容業,5%
佐賀県,吉野ヶ里町,スーパーモリナガ吉野ヶ里店,小売業,食料品,5%
佐賀県,吉野ヶ里町,生活彩家肥前精神医療センター店,小売業,その他小売,2%
佐賀県,吉野ヶ里町,セブン－イレブン東背振インター店,小売業,食料品,2%
佐賀県,吉野ヶ里町,ブティックナカシマ,小売業,衣料品,5%
佐賀県,吉野ヶ里町,ＰｕｌＲａｖｉ 吉野ヶ里店,サービス,理容・美容業,5%
佐賀県,吉野ヶ里町,マクドナルド３４号吉野ヶ里店,サービス,飲食業,2%
佐賀県,吉野ヶ里町,三田川ホルモン専門店,小売業,食料品,5%
佐賀県,吉野ヶ里町,ｍｍ,サービス,理容・美容業,5%
佐賀県,吉野ヶ里町,吉野 麦米,小売業,食料品,5%
佐賀県,吉野ヶ里町,吉野ヶ里ＳＳ,小売業,ガソリンスタンド,2%
