岩手県,一関市,ＪＭ／アイケイコンタクトレンズ,小売業,その他小売,5%
岩手県,一関市,アイケイコンタクトレンズ（有）,小売業,その他小売,5%
岩手県,一関市,あすみ工房,小売業,その他小売,5%
岩手県,一関市,＠ビジネスホテル一関,サービス,その他サービス,5%
岩手県,一関市,アーバンリニュール,サービス,その他サービス,5%
岩手県,一関市,杏庵,サービス,飲食業,5%
岩手県,一関市,杏庵,サービス,飲食業,5%
岩手県,一関市,イースト一関ＳＳ,小売業,ガソリンスタンド,2%
岩手県,一関市,居酒屋こまつ,サービス,飲食業,5%
岩手県,一関市,居酒屋こまつ,サービス,飲食業,5%
岩手県,一関市,出光一関青葉ＳＳ,小売業,ガソリンスタンド,2%
岩手県,一関市,セブン－イレブン一関赤荻店,小売業,食料品,2%
岩手県,一関市,セブン－イレブン一関インター店,小売業,食料品,2%
岩手県,一関市,セブン－イレブン一関川崎店,小売業,食料品,2%
岩手県,一関市,セブン－イレブン一関厳美渓店,小売業,食料品,2%
岩手県,一関市,セブン－イレブン一関城内店,小売業,食料品,2%
岩手県,一関市,セブン－イレブン一関摺沢店,小売業,食料品,2%
岩手県,一関市,一関中央ＳＳ,小売業,ガソリンスタンド,2%
岩手県,一関市,セブン－イレブン一関中里店,小売業,食料品,2%
岩手県,一関市,出光一ノ関バイパスＳＳ,小売業,ガソリンスタンド,2%
岩手県,一関市,セブン－イレブン一関バイパス店,小売業,食料品,2%
岩手県,一関市,セブン－イレブン一関東口店,小売業,食料品,2%
岩手県,一関市,一関病院売店,小売業,その他小売,5%
岩手県,一関市,セブン－イレブン一関樋渡店,小売業,食料品,2%
岩手県,一関市,セブン－イレブン一関真柴店,小売業,食料品,2%
岩手県,一関市,セブン－イレブン一関山目店,小売業,食料品,2%
岩手県,一関市,いつくし園,サービス,宿泊業,5%
岩手県,一関市,ＥｎｅＪｅｔ一関バイパス北ＳＳ,小売業,ガソリンスタンド,2%
岩手県,一関市,ＥｎｅＪｅｔ薄衣バイパスＳＳ,小売業,ガソリンスタンド,2%
岩手県,一関市,お食事処 海老徳,サービス,飲食業,5%
岩手県,一関市,エリカ,サービス,宿泊業,5%
岩手県,一関市,遠藤自動車整備工場,サービス,その他サービス,5%
岩手県,一関市,及川無線商会,小売業,電化製品,5%
岩手県,一関市,ＪＭ／大内屋,小売業,衣料品,5%
岩手県,一関市,大地山電器,小売業,電化製品,5%
岩手県,一関市,オーディン一関市役所前店,小売業,その他小売,5%
岩手県,一関市,大原ＳＳ,小売業,ガソリンスタンド,2%
岩手県,一関市,出光大原ＳＳ,小売業,ガソリンスタンド,2%
岩手県,一関市,奥玉ＳＳ,小売業,ガソリンスタンド,2%
岩手県,一関市,お食事処 若あゆ,小売業,その他小売,5%
岩手県,一関市,オノデラ電器,小売業,電化製品,5%
岩手県,一関市,オフハウス一関店,小売業,その他小売,2%
岩手県,一関市,折壁ＳＳ,小売業,ガソリンスタンド,2%
岩手県,一関市,カーブティックハザード,小売業,その他小売,5%
岩手県,一関市,カスターダ,サービス,宿泊業,5%
岩手県,一関市,Ｃａｒｄｄｙ’ｓ,サービス,その他サービス,5%
岩手県,一関市,ｃａｆｅ自休自足,サービス,飲食業,5%
岩手県,一関市,株式会社 佐々木製菓 大町本店,小売業,食料品,5%
岩手県,一関市,カープランニングＫＷＳ,サービス,その他サービス,5%
岩手県,一関市,亀の子せんべい本舗大浪上の橋店,小売業,食料品,5%
岩手県,一関市,株式会社神文ストア,小売業,食料品,5%
岩手県,一関市,神文ストア 大原店,小売業,食料品,5%
岩手県,一関市,神文ストア 五十人町店,小売業,食料品,5%
岩手県,一関市,神文ストア 摺沢店,小売業,食料品,5%
岩手県,一関市,神文ストア 千厩店,小売業,食料品,5%
岩手県,一関市,神文ストア 萩荘バイパス店,小売業,食料品,5%
岩手県,一関市,神文ストア 花泉店,小売業,食料品,5%
岩手県,一関市,神文ストア 藤沢店,小売業,食料品,5%
岩手県,一関市,キクゼン商店千厩ＳＳ,小売業,ガソリンスタンド,2%
岩手県,一関市,酒肴庵 喜の川,サービス,飲食業,5%
岩手県,一関市,黄海 ＳＳ,小売業,ガソリンスタンド,2%
岩手県,一関市,きもの京紅 一関店,小売業,その他小売,5%
岩手県,一関市,Ｃｏｏ＆ＲＩＫＵ一関店,小売業,その他小売,5%
岩手県,一関市,クラブカンパニー ２ｎｄ クラブカンパニー２ｎｄ,小売業,衣料品,5%
岩手県,一関市,蔵ホテル一関,サービス,宿泊業,5%
岩手県,一関市,栗駒茶屋,サービス,飲食業,5%
岩手県,一関市,クロワッサン,小売業,衣料品,5%
岩手県,一関市,出光げいびバイパスＳＳ,小売業,ガソリンスタンド,2%
岩手県,一関市,古戦場,サービス,飲食業,5%
岩手県,一関市,桜町自動車整備工場,サービス,その他サービス,5%
岩手県,一関市,酒のロッキー千厩店,小売業,食料品,5%
岩手県,一関市,佐々木製菓大町本店,小売業,食料品,5%
岩手県,一関市,サングリーンフレッシュ旭屋,小売業,その他小売,5%
岩手県,一関市,シャディたつのや一関店,小売業,食料品,5%
岩手県,一関市,常州園 喫茶,小売業,食料品,5%
岩手県,一関市,スーパーセルフ一関東ＳＳ,小売業,ガソリンスタンド,2%
岩手県,一関市,スーパーセルフ花泉,小売業,ガソリンスタンド,2%
岩手県,一関市,すがや食堂,サービス,飲食業,5%
岩手県,一関市,すがゆう生花店,小売業,その他小売,5%
岩手県,一関市,菅原畳店,サービス,その他サービス,5%
岩手県,一関市,菅原美容室,サービス,理容・美容業,5%
岩手県,一関市,すずきの 一関店,小売業,衣料品,5%
岩手県,一関市,摺沢ＳＳ,小売業,ガソリンスタンド,2%
岩手県,一関市,セキデン,小売業,電化製品,5%
岩手県,一関市,出光セルフＲ４一関ＳＳ,小売業,ガソリンスタンド,2%
岩手県,一関市,セルフ摺沢バイパスＳＳ,小売業,ガソリンスタンド,2%
岩手県,一関市,千厩ＳＳ,小売業,ガソリンスタンド,2%
岩手県,一関市,千厩ＳＳ 有限会社平泉石油,小売業,ガソリンスタンド,2%
岩手県,一関市,大昌園,サービス,飲食業,5%
岩手県,一関市,大東町ＳＳ,小売業,ガソリンスタンド,2%
岩手県,一関市,大東町大原ＳＳ,小売業,ガソリンスタンド,2%
岩手県,一関市,竹千庵,サービス,飲食業,5%
岩手県,一関市,チクタクテック,サービス,その他サービス,5%
岩手県,一関市,千葉商会,小売業,電化製品,5%
岩手県,一関市,チバムセン,小売業,電化製品,5%
岩手県,一関市,千葉ラジオ,小売業,電化製品,5%
岩手県,一関市,釣山,小売業,ガソリンスタンド,2%
岩手県,一関市,電化サロン こいわ,小売業,電化製品,5%
岩手県,一関市,トーバン印刷株式会社 本社,サービス,その他サービス,5%
岩手県,一関市,ト－タルリペア さがちゃん,サービス,その他サービス,5%
岩手県,一関市,どっこいしょ,サービス,宿泊業,5%
岩手県,一関市,トヨタカローラ南岩手一関東店,小売業,その他小売,5%
岩手県,一関市,トヨタレンタリース岩手一関駅前店,サービス,その他サービス,2%
岩手県,一関市,トヨタレンタリース岩手一関店,サービス,その他サービス,2%
岩手県,一関市,中上屋,小売業,その他小売,5%
岩手県,一関市,名代ささきの手焼きせんべい本舗,小売業,食料品,5%
岩手県,一関市,南部家敷一関店,サービス,飲食業,5%
岩手県,一関市,ｎａｉｌｓａｌｏｎＲＵＢＹ,サービス,理容・美容業,5%
岩手県,一関市,ハートピア千厩ＳＳ,小売業,ガソリンスタンド,2%
岩手県,一関市,出光花泉ＳＳ,小売業,ガソリンスタンド,2%
岩手県,一関市,セブン－イレブン花泉堺田店,小売業,食料品,2%
岩手県,一関市,ヒーリングサロン アティック,サービス,理容・美容業,5%
岩手県,一関市,Ｐｉｘｙ Ｈａｉｒ Ｆａｃｔｏｒｙ,サービス,理容・美容業,5%
岩手県,一関市,ビスアクティブ,小売業,その他小売,5%
岩手県,一関市,陽だまり工房一関支店,サービス,その他サービス,5%
岩手県,一関市,びっくりドンキー 一関店,サービス,飲食業,2%
岩手県,一関市,ＨＩＲＡＳＡＷＡ Ｆ ＭＡＲＫＥＴ,小売業,その他小売,5%
岩手県,一関市,ファミリーショップおのや,小売業,衣料品,5%
岩手県,一関市,ブックオフ一関市役所前店,小売業,その他小売,2%
岩手県,一関市,ブティックビス,小売業,衣料品,5%
岩手県,一関市,ヘアーサロン ヌマクラ,サービス,理容・美容業,5%
岩手県,一関市,ヘアーサロンレミックス,サービス,理容・美容業,5%
岩手県,一関市,ｈａｉｒｄｒｅｓｓｉｎｇｆｌｏｗ,サービス,理容・美容業,5%
岩手県,一関市,ＳＴグループ,サービス,その他サービス,5%
岩手県,一関市,ホテル三嶋の湯,サービス,宿泊業,5%
岩手県,一関市,マイヤ千厩店,小売業,食料品,5%
岩手県,一関市,マイヤ花泉店,小売業,食料品,5%
岩手県,一関市,マクドナルド４号線一関店,サービス,飲食業,2%
岩手県,一関市,街なか産直新鮮館おおまち,小売業,食料品,5%
岩手県,一関市,丸江スーパー駅前店,小売業,食料品,5%
岩手県,一関市,マルエスーパーエコー店,小売業,食料品,5%
岩手県,一関市,マルエスーパー花泉店,小売業,食料品,5%
岩手県,一関市,南岩手カントリークラブ,サービス,その他サービス,5%
岩手県,一関市,みなみ電器商会,小売業,電化製品,5%
岩手県,一関市,宮脇書店 一関店,小売業,書籍・玩具・音楽ＣＤ,5%
岩手県,一関市,茗荷亭,サービス,飲食業,5%
岩手県,一関市,村上商会,小売業,ガソリンスタンド,2%
岩手県,一関市,室根ＳＳ,小売業,ガソリンスタンド,2%
岩手県,一関市,八沢 ＳＳ,小売業,ガソリンスタンド,2%
岩手県,一関市,やまなか家 一関店,サービス,飲食業,5%
岩手県,一関市,有限会社鈴木タイヤ商会,小売業,その他小売,5%
岩手県,一関市,アットホテル駅前店 一関 アットホテル 駅前店,サービス,宿泊業,5%
岩手県,一関市,有限会社 宮本燃料,サービス,その他サービス,5%
岩手県,一関市,有限会社かさい農産,小売業,食料品,5%
岩手県,一関市,有限会社長尾自動車整備工場,サービス,その他サービス,5%
岩手県,一関市,有限会社ファミリーショップオノヤ シューズハウスおのや,小売業,衣料品,5%
岩手県,一関市,幽玄洞 休憩室,サービス,その他サービス,5%
岩手県,一関市,陸中松川ＳＳ,小売業,ガソリンスタンド,2%
岩手県,一関市,リンパサロンゆくる,サービス,その他サービス,5%
岩手県,一関市,レストランカフェプチフランセ,サービス,飲食業,5%
岩手県,一関市,レストラン華,サービス,飲食業,5%
岩手県,一関市,和風レストラン松竹,サービス,飲食業,5%
岩手県,一戸町,一戸ＳＳ,小売業,ガソリンスタンド,2%
岩手県,一戸町,一戸ＳＳ,小売業,ガソリンスタンド,2%
岩手県,一戸町,一戸インターＳＳ,小売業,ガソリンスタンド,2%
岩手県,一戸町,一戸ＳＳ,小売業,ガソリンスタンド,2%
岩手県,一戸町,いちのへ手技工芸館,サービス,その他サービス,5%
岩手県,一戸町,出光馬仙峡ＳＳ,小売業,ガソリンスタンド,2%
岩手県,一戸町,奥中山ＳＳ,小売業,ガソリンスタンド,2%
岩手県,一戸町,パナデン いなば,小売業,電化製品,5%
岩手県,一戸町,パナデン北光一戸店,小売業,電化製品,5%
岩手県,一戸町,メガネの竹沢,小売業,その他小売,5%
岩手県,岩泉町,浅内ＳＳ,小売業,ガソリンスタンド,2%
岩手県,岩泉町,岩泉 ＳＳ,小売業,ガソリンスタンド,2%
岩手県,岩泉町,岩泉中央ＳＳ,小売業,ガソリンスタンド,2%
岩手県,岩泉町,ドーネル岩泉小川店,サービス,飲食業,5%
岩手県,岩泉町,早野商店,小売業,食料品,5%
岩手県,岩泉町,山口屋,小売業,その他小売,5%
岩手県,岩泉町,（有）岩泉モータース,小売業,その他小売,5%
岩手県,岩泉町,龍泉洞温泉ホテル,サービス,宿泊業,5%
岩手県,岩手町,一方井 ＳＳ,小売業,ガソリンスタンド,2%
岩手県,岩手町,いわて沼宮内ＳＳ,小売業,ガソリンスタンド,2%
岩手県,岩手町,岩手町愛宕下ＳＳ,小売業,ガソリンスタンド,2%
岩手県,岩手町,岩手町 ＳＳ,小売業,ガソリンスタンド,2%
岩手県,岩手町,セルフステーション沼宮内,小売業,ガソリンスタンド,2%
岩手県,岩手町,プラザ あい,小売業,家具・調度品,5%
岩手県,岩手町,マルイチ業務スーパー沼宮内店,小売業,食料品,2%
岩手県,岩手町,出光御堂ＳＳ,小売業,ガソリンスタンド,2%
岩手県,岩手町,ライブショップメイト,小売業,電化製品,5%
岩手県,奥州市,青木旅館,サービス,その他サービス,5%
岩手県,奥州市,Ａｇｕ ｈａｉｒ Ａｇｕ ｈａｉｒ ｒｕｄｉ水沢,サービス,理容・美容業,5%
岩手県,奥州市,胆沢ＳＳ,小売業,ガソリンスタンド,2%
岩手県,奥州市,出光水沢ドームＳＳ,小売業,ガソリンスタンド,2%
岩手県,奥州市,井上スポーツ株式会社,小売業,その他小売,5%
岩手県,奥州市,岩手安全自動車,サービス,その他サービス,5%
岩手県,奥州市,岩手共販株式会社,小売業,家具・調度品,5%
岩手県,奥州市,岩手ドローンスクール 江刺自動車学校,サービス,その他サービス,5%
岩手県,奥州市,江刺ＳＳ,小売業,ガソリンスタンド,2%
岩手県,奥州市,江刺ふるさと市場前ＳＳ,小売業,ガソリンスタンド,2%
岩手県,奥州市,江刺梁川ＳＳ,小売業,ガソリンスタンド,2%
岩手県,奥州市,Ｓ・Ｐ・Ｇ奥州店,小売業,電化製品,5%
岩手県,奥州市,ＥｎｅＪｅｔ江刺ＳＳ,小売業,ガソリンスタンド,2%
岩手県,奥州市,ＥｎｅＪｅｔ佐倉河ＳＳ,小売業,ガソリンスタンド,2%
岩手県,奥州市,ＥｎｅＪｅｔサンエー前ＳＳ,小売業,ガソリンスタンド,2%
岩手県,奥州市,ＥｎｅＪｅｔ日高ＳＳ,小売業,ガソリンスタンド,2%
岩手県,奥州市,及川電機商会,小売業,電化製品,5%
岩手県,奥州市,奥州いさわタクシー ２０６,サービス,運輸業,5%
岩手県,奥州市,セブン－イレブン奥州江刺愛宕店,小売業,食料品,2%
岩手県,奥州市,セブン－イレブン奥州江刺桜木通り店,小売業,食料品,2%
岩手県,奥州市,奥州駒形丼丸 水沢店,小売業,食料品,5%
岩手県,奥州市,セブン－イレブン奥州前沢店,小売業,食料品,2%
岩手県,奥州市,セブン－イレブン奥州水沢大町店,小売業,食料品,2%
岩手県,奥州市,セブン－イレブン奥州水沢寺領店,小売業,食料品,2%
岩手県,奥州市,セブン－イレブン奥州水沢太日通り２丁目店,小売業,食料品,2%
岩手県,奥州市,セブン－イレブン奥州水沢中学校前店,小売業,食料品,2%
岩手県,奥州市,セブン－イレブン奥州水沢東中通り店,小売業,食料品,2%
岩手県,奥州市,セブン－イレブン奥州水沢町屋敷店,小売業,食料品,2%
岩手県,奥州市,オザワデンキ,小売業,電化製品,5%
岩手県,奥州市,Ａｕｔｏ Ｇａｒａｇｅ ＢＬＥＳＴ,サービス,その他サービス,5%
岩手県,奥州市,小野寺電器店,小売業,電化製品,5%
岩手県,奥州市,お休み処えさし藤原の郷 売店－Ａ,小売業,家具・調度品,5%
岩手県,奥州市,お休み処えさし藤原の郷 売店－Ｂ,小売業,家具・調度品,5%
岩手県,奥州市,お休み処えさし藤原の郷 レストラン清衡,サービス,飲食業,5%
岩手県,奥州市,小山ＳＳ,小売業,ガソリンスタンド,2%
岩手県,奥州市,オリーブハウス,小売業,その他小売,5%
岩手県,奥州市,音楽の森ヴァース株式会社,小売業,その他小売,5%
岩手県,奥州市,ＧＡＲＤＥＮ ＣＡＦＥ ＴＡＫＡＣＨＩＹＯ 有限会社 銘菓処 高千代,サービス,飲食業,5%
岩手県,奥州市,菓子処後藤屋 駅前店,小売業,食料品,5%
岩手県,奥州市,菓子処後藤屋駅前店,小売業,食料品,5%
岩手県,奥州市,菓子処後藤屋本店,小売業,食料品,5%
岩手県,奥州市,ＣＡＦＥ Ｊｉｌｌ,サービス,飲食業,5%
岩手県,奥州市,神文ストア 胆沢店,小売業,食料品,5%
岩手県,奥州市,神文ストア 原中店,小売業,食料品,5%
岩手県,奥州市,神文ストア 前沢店,小売業,食料品,5%
岩手県,奥州市,きくすい 北上店,サービス,飲食業,5%
岩手県,奥州市,きもの京紅 水沢店,小売業,その他小売,5%
岩手県,奥州市,牛匠おがた味心,サービス,飲食業,5%
岩手県,奥州市,クエストＬ台町ＳＳ,小売業,ガソリンスタンド,2%
岩手県,奥州市,くすりのオーパ,小売業,その他小売,5%
岩手県,奥州市,ＣＬＡＳＳＩＣＯ,サービス,飲食業,5%
岩手県,奥州市,クルマドーカスタムファクトリー,サービス,その他サービス,5%
岩手県,奥州市,ＣｌｅｖｅｒＷｏｒｋｓ タイヤ販売部門,小売業,その他小売,5%
岩手県,奥州市,ごとうでんき,小売業,電化製品,5%
岩手県,奥州市,佐吉,サービス,飲食業,5%
岩手県,奥州市,酒のロッキー前沢店,小売業,食料品,5%
岩手県,奥州市,サンエススポーツ,小売業,その他小売,5%
岩手県,奥州市,三友前沢ＳＡ上り線,サービス,飲食業,5%
岩手県,奥州市,三洋薬品ＨＢＣ株式会社 水沢営業所,小売業,その他小売,5%
岩手県,奥州市,Ｓｅｅｍｓ,サービス,理容・美容業,5%
岩手県,奥州市,シシド眼鏡時計店,小売業,貴金属・服飾品,5%
岩手県,奥州市,ＪＡＺＺＲＩＺＥ ＳＴＯＲＥ雑貨,小売業,衣料品,5%
岩手県,奥州市,シャディたつのや 水沢店,小売業,その他小売,5%
岩手県,奥州市,ジャパンツーリストサービス 奥州営業所,サービス,その他サービス,5%
岩手県,奥州市,じゅうじゅう水沢店,サービス,飲食業,5%
岩手県,奥州市,真城ＳＳ,小売業,ガソリンスタンド,2%
岩手県,奥州市,菅原クリーニング 駅東店,サービス,その他サービス,5%
岩手県,奥州市,菅原クリーニング三日町店,サービス,その他サービス,5%
岩手県,奥州市,すぬぅびようしつ,サービス,理容・美容業,5%
岩手県,奥州市,セルフステーション水沢北,小売業,ガソリンスタンド,2%
岩手県,奥州市,蕎麦屋二想,サービス,飲食業,5%
岩手県,奥州市,千田産業,サービス,その他サービス,5%
岩手県,奥州市,千田電器,小売業,電化製品,5%
岩手県,奥州市,ｃｈｉｃｋａｄｅｅ,小売業,衣料品,5%
岩手県,奥州市,茶壺菅原園,サービス,その他サービス,5%
岩手県,奥州市,つり具の前沢屋,小売業,その他小売,5%
岩手県,奥州市,電化プラザ小田原店,小売業,電化製品,5%
岩手県,奥州市,でんきのＳＧおの店,小売業,電化製品,5%
岩手県,奥州市,デントリペアＤＳ,サービス,その他サービス,5%
岩手県,奥州市,東京自動車,小売業,その他小売,5%
岩手県,奥州市,トキワ電化サービス,小売業,電化製品,5%
岩手県,奥州市,ＤＯＧ ＣＡＦＥ ＡＢＢＥＹ ＲＯＡＤ,サービス,飲食業,5%
岩手県,奥州市,トヨタカローラ南岩手奥州店,小売業,その他小売,5%
岩手県,奥州市,トヨタレンタリース岩手水沢店,サービス,その他サービス,2%
岩手県,奥州市,長野 本店,小売業,家具・調度品,5%
岩手県,奥州市,長野 本店,小売業,家具・調度品,5%
岩手県,奥州市,長野家具店,小売業,家具・調度品,5%
岩手県,奥州市,長野家具店 吉小路店,小売業,家具・調度品,5%
岩手県,奥州市,南都田ＳＳ,小売業,ガソリンスタンド,2%
岩手県,奥州市,なんてん屋,小売業,衣料品,5%
岩手県,奥州市,ニュー藤駒,サービス,飲食業,5%
岩手県,奥州市,ねむの樹サロンアルソアフラール,小売業,その他小売,5%
岩手県,奥州市,ノウティーボーイ,小売業,その他小売,5%
岩手県,奥州市,ハウディおのや前沢店 ハウディおのや 前沢店,小売業,衣料品,5%
岩手県,奥州市,羽田自動車整備工場,小売業,その他小売,5%
岩手県,奥州市,パナックミズデン,小売業,電化製品,5%
岩手県,奥州市,花わらし,小売業,その他小売,5%
岩手県,奥州市,陽だまり工房 奥州支店,サービス,その他サービス,5%
岩手県,奥州市,びっくりドンキー 水沢店,サービス,飲食業,2%
岩手県,奥州市,美容室 ＧＲＥＡＴＥＳ ＧＲＯＵＮＤ ｋａｕｉ,サービス,理容・美容業,5%
岩手県,奥州市,フットファンタジア水澤,サービス,理容・美容業,5%
岩手県,奥州市,プラザイン 水沢／Ｊ＆Ｊギフト,サービス,その他サービス,5%
岩手県,奥州市,プラザイン水沢,サービス,宿泊業,5%
岩手県,奥州市,プレッセ プレッセ,小売業,衣料品,5%
岩手県,奥州市,ＰＲＥＴＴＹ ＦＯＲ ＨＡＩＲ,サービス,理容・美容業,5%
岩手県,奥州市,ＨＡＩＲＤＥＳＩＧＨＬＩＬＹ,サービス,理容・美容業,5%
岩手県,奥州市,ベルミマス,小売業,電化製品,5%
岩手県,奥州市,ＢｏＡ ｓ ｈａｉｒｄｉｎｉｎｇ ＢｏＡ ｓ,サービス,理容・美容業,5%
岩手県,奥州市,ホテルニュー江刺,サービス,宿泊業,5%
岩手県,奥州市,ホテルニュー江刺,サービス,宿泊業,5%
岩手県,奥州市,ホテルニュー江刺新館イーズ,サービス,宿泊業,5%
岩手県,奥州市,ホビーオフ奥州水沢店,小売業,その他小売,2%
岩手県,奥州市,前沢牛オガタ,サービス,飲食業,5%
岩手県,奥州市,前沢牛オガタ駅東店,小売業,食料品,5%
岩手県,奥州市,前沢中央ＳＳ,小売業,ガソリンスタンド,2%
岩手県,奥州市,前沢ＢＰＳＳ,小売業,ガソリンスタンド,2%
岩手県,奥州市,セブン－イレブン前沢バイパス店,小売業,食料品,2%
岩手県,奥州市,前沢バイパス東ＳＳ,小売業,ガソリンスタンド,2%
岩手県,奥州市,前沢バイパス南ＳＳ,小売業,ガソリンスタンド,2%
岩手県,奥州市,マクドナルドイオン前沢店,サービス,飲食業,2%
岩手県,奥州市,マクドナルド４号線水沢店,サービス,飲食業,2%
岩手県,奥州市,松永金物,小売業,その他小売,5%
岩手県,奥州市,マルイチ水沢店,小売業,食料品,2%
岩手県,奥州市,マルイチメイプル店,小売業,食料品,2%
岩手県,奥州市,ミズサキノート,小売業,食料品,5%
岩手県,奥州市,水沢インターＳＳ,小売業,ガソリンスタンド,2%
岩手県,奥州市,水沢江刺ＳＳ,小売業,ガソリンスタンド,2%
岩手県,奥州市,水沢ＳＳ,小売業,ガソリンスタンド,2%
岩手県,奥州市,水沢グリーンホテル,サービス,宿泊業,5%
岩手県,奥州市,水沢サンパレスホテル,サービス,宿泊業,5%
岩手県,奥州市,出光水沢西ＳＳ,小売業,ガソリンスタンド,2%
岩手県,奥州市,みちのく古都カントリークラブ,サービス,その他サービス,5%
岩手県,奥州市,向田メガネ・コンタクト,小売業,貴金属・服飾品,5%
岩手県,奥州市,やまなか家 水沢店,サービス,飲食業,5%
岩手県,奥州市,ヤワタ電器,小売業,電化製品,5%
岩手県,奥州市,有限会社伊藤電機 有限会社 伊藤電機,小売業,電化製品,5%
岩手県,奥州市,有限会社乙女屋,サービス,その他サービス,5%
岩手県,奥州市,有限会社カーシー,小売業,その他小売,5%
岩手県,奥州市,有限会社健美,小売業,その他小売,5%
岩手県,奥州市,有限会社洒落エンターテイメントファクトリー 隠家ＳＩＤＥＢＢｙお洒落泥棒水沢店,サービス,飲食業,5%
岩手県,奥州市,有限会社ノーキサービス,小売業,その他小売,5%
岩手県,奥州市,よつばマッサージ・はりきゅう院,サービス,理容・美容業,5%
岩手県,奥州市,四谷商店,小売業,食料品,5%
岩手県,奥州市,リカーハウスこばやし,小売業,食料品,5%
岩手県,奥州市,ルイーダ,サービス,飲食業,5%
岩手県,奥州市,レストラン エルミタージュ,サービス,飲食業,5%
岩手県,大槌町,大槌ＳＳ,小売業,ガソリンスタンド,2%
岩手県,大槌町,セブン－イレブンおおつち御社地店,小売業,食料品,2%
岩手県,大槌町,セブン－イレブンおおつち吉里吉里店,小売業,食料品,2%
岩手県,大槌町,出光吉里吉里ＳＳ,小売業,ガソリンスタンド,2%
岩手県,大槌町,ＫＩＮＧ８ ＫＩＮＧ８,サービス,その他サービス,5%
岩手県,大槌町,Ｃｅ‐Ｃａｆｅ,サービス,飲食業,5%
岩手県,大槌町,たかのり海産,サービス,その他サービス,5%
岩手県,大槌町,ＰＲＯＳＨＯＰひび又屋ＷＯＲＫＳ,小売業,家具・調度品,5%
岩手県,大槌町,マイヤマスト店,小売業,食料品,5%
岩手県,大槌町,宮古ヤクルト販売 大槌きぼうセンター,小売業,食料品,5%
岩手県,大槌町,焼肉だいまる 焼肉だいまる,サービス,飲食業,5%
岩手県,大槌町,やっちゃば やつちゃば,小売業,食料品,5%
岩手県,大槌町,ロータス倉本マスト店,サービス,その他サービス,5%
岩手県,大船渡市,ＡＴＬＡＳＫｉｔｃｈｅｎ,サービス,飲食業,5%
岩手県,大船渡市,居酒屋 成功丸,サービス,飲食業,5%
岩手県,大船渡市,出光三陸町ＳＳ,小売業,ガソリンスタンド,2%
岩手県,大船渡市,伊藤家電,小売業,電化製品,5%
岩手県,大船渡市,Ｓ・Ｐ・Ｇフモト,小売業,電化製品,5%
岩手県,大船渡市,大船渡ＳＳ,小売業,ガソリンスタンド,2%
岩手県,大船渡市,大船渡ＳＳ,小売業,ガソリンスタンド,2%
岩手県,大船渡市,大船渡ＳＳ,小売業,ガソリンスタンド,2%
岩手県,大船渡市,セブン－イレブン大船渡赤崎店,小売業,食料品,2%
岩手県,大船渡市,大船渡温泉,サービス,宿泊業,5%
岩手県,大船渡市,大船渡東ＳＳ,小売業,ガソリンスタンド,2%
岩手県,大船渡市,越喜来ＳＳ,小売業,ガソリンスタンド,2%
岩手県,大船渡市,ｃｕｔ ＡＲＩＡ ｃｕｔ ＡＲＩＡ,サービス,理容・美容業,5%
岩手県,大船渡市,Ｃａｆｅ ｄｅ Ｃｕｒｒｙ ＫＯＪＩＫＡ,サービス,飲食業,5%
岩手県,大船渡市,碁石海岸インターＳＳ,小売業,ガソリンスタンド,2%
岩手県,大船渡市,ごいしふぉん,小売業,食料品,5%
岩手県,大船渡市,盛ＳＳ,小売業,ガソリンスタンド,2%
岩手県,大船渡市,盛ＳＳ,小売業,ガソリンスタンド,2%
岩手県,大船渡市,盛給油所,小売業,ガソリンスタンド,2%
岩手県,大船渡市,出光盛バイパスＳＳ,小売業,ガソリンスタンド,2%
岩手県,大船渡市,崎浜ＳＳ,小売業,ガソリンスタンド,2%
岩手県,大船渡市,三陸ＳＳ,小売業,ガソリンスタンド,2%
岩手県,大船渡市,ＴＨＲＥＥ ＰＥＡＫＳ,小売業,食料品,5%
岩手県,大船渡市,セルフ赤崎ＳＳ,小売業,ガソリンスタンド,2%
岩手県,大船渡市,セルフ丸新大船渡西店,小売業,ガソリンスタンド,2%
岩手県,大船渡市,タカタジハン 車検整備部門,サービス,その他サービス,5%
岩手県,大船渡市,たこ屋ＩＴサポート たこ屋,サービス,飲食業,5%
岩手県,大船渡市,田村スポーツ,小売業,その他小売,5%
岩手県,大船渡市,つり具のなかじまや,小売業,その他小売,5%
岩手県,大船渡市,デイリーポート新鮮館大船渡店,小売業,食料品,5%
岩手県,大船渡市,トヨタカローラ南岩手大船渡店,小売業,その他小売,5%
岩手県,大船渡市,トヨタレンタリース岩手大船渡店,サービス,その他サービス,2%
岩手県,大船渡市,西川チェーン にしやま大船渡店,小売業,衣料品,5%
岩手県,大船渡市,出光西舘ＳＳ,小売業,ガソリンスタンド,2%
岩手県,大船渡市,ｐｉｃｋ－ｕｐ,サービス,理容・美容業,5%
岩手県,大船渡市,平ＳＳ,小売業,ガソリンスタンド,2%
岩手県,大船渡市,ぷちショップひらやま,小売業,食料品,5%
岩手県,大船渡市,古内電器商会,小売業,電化製品,5%
岩手県,大船渡市,ＨＡＩＲ ＳＰＯＴ Ｂ?ｔａｋｅ,サービス,理容・美容業,5%
岩手県,大船渡市,マイヤ赤崎店,小売業,食料品,5%
岩手県,大船渡市,マイヤ大船渡インター店,小売業,食料品,5%
岩手県,大船渡市,マイヤ大船渡店,小売業,食料品,5%
岩手県,大船渡市,マルイチマルシェ大船渡店,小売業,食料品,2%
岩手県,大船渡市,ＡＥ水野石油株式会社,小売業,その他小売,5%
岩手県,大船渡市,モンクール＆スミレ,小売業,衣料品,5%
岩手県,大船渡市,焼肉・韓国料理 かもめ商店,サービス,飲食業,5%
岩手県,大船渡市,焼肉冷麺ＢｅｅＢｅｅ,サービス,飲食業,5%
岩手県,大船渡市,らーめんランド 大船渡店 らーめんランド大船渡店,サービス,飲食業,5%
岩手県,大船渡市,旅館 菊水館,サービス,宿泊業,5%
岩手県,釜石市,アンジェリック洋菓子店,小売業,食料品,5%
岩手県,釜石市,アンジェリック洋菓子店,小売業,食料品,5%
岩手県,釜石市,出光中妻ＳＳ,小売業,ガソリンスタンド,2%
岩手県,釜石市,株式会社岩手中京医薬品,小売業,その他小売,5%
岩手県,釜石市,ＶＩＶＡ ＨＡＩＲＤＥＳＩＧＮ,サービス,理容・美容業,5%
岩手県,釜石市,ウインベル うちかわ,小売業,電化製品,5%
岩手県,釜石市,エスエスファクトリー,小売業,その他小売,5%
岩手県,釜石市,エムスアライ,小売業,電化製品,5%
岩手県,釜石市,海宝漬中村家本店,小売業,食料品,5%
岩手県,釜石市,金森ふとん店 游眠館,小売業,家具・調度品,5%
岩手県,釜石市,Ｃａｆｅ Ｒｅｓｔａｕｒａｎｔ ＨＡＭＡＹＵＩ,サービス,飲食業,5%
岩手県,釜石市,セブン－イレブンかまいし片岸店,小売業,食料品,2%
岩手県,釜石市,釜石更科,サービス,飲食業,5%
岩手県,釜石市,釜石タイヤ有限会社,小売業,その他小売,5%
岩手県,釜石市,釜石中央インター,小売業,ガソリンスタンド,2%
岩手県,釜石市,セブン－イレブン釜石中妻町１丁目店,小売業,食料品,2%
岩手県,釜石市,セブンーイレブン釜石松原店,小売業,食料品,2%
岩手県,釜石市,上中島ＳＳ,小売業,ガソリンスタンド,2%
岩手県,釜石市,カメラの後藤 カメラの後藤,小売業,その他小売,5%
岩手県,釜石市,キクコーストア釜石小川店,小売業,食料品,5%
岩手県,釜石市,キクコーストア釜石松倉店,小売業,食料品,5%
岩手県,釜石市,桑畑書店,小売業,書籍・玩具・音楽ＣＤ,5%
岩手県,釜石市,さわや書店,小売業,書籍・玩具・音楽ＣＤ,5%
岩手県,釜石市,三陸テクノ,サービス,その他サービス,5%
岩手県,釜石市,ｓｏｆｏ ｃａｆｅ,サービス,飲食業,5%
岩手県,釜石市,洞泉ＳＳ,小売業,ガソリンスタンド,2%
岩手県,釜石市,トヨタレンタリース岩手釜石駅前店,サービス,その他サービス,2%
岩手県,釜石市,西川ショップ２１,小売業,家具・調度品,5%
岩手県,釜石市,陽だまり工房釜石支店,サービス,その他サービス,5%
岩手県,釜石市,ビットコ イオンタウン釜石店,小売業,衣料品,5%
岩手県,釜石市,美?ＢＥＬＩＥＶＥ,サービス,理容・美容業,5%
岩手県,釜石市,ホテル マルエ,サービス,宿泊業,5%
岩手県,釜石市,ホテルサンルート釜石,サービス,宿泊業,2%
岩手県,釜石市,マイヤ釜石店,小売業,食料品,5%
岩手県,釜石市,マイヤ野田店,小売業,食料品,5%
岩手県,釜石市,松坂屋キーコーナー,小売業,その他小売,5%
岩手県,釜石市,松坂屋とれぱに店,小売業,その他小売,5%
岩手県,釜石市,マルイチ鵜住居店,小売業,食料品,5%
岩手県,釜石市,マルイチサンパルク店,小売業,食料品,2%
岩手県,釜石市,マルショウ,小売業,その他小売,5%
岩手県,釜石市,ＭＩＡＳＣＡＬＬＡ釜石店,小売業,電化製品,5%
岩手県,釜石市,宮古ヤクルト販売 釜石センター,小売業,食料品,5%
岩手県,釜石市,宮古ヤクルト販売 釜石営業所 直販,小売業,食料品,5%
岩手県,釜石市,ヨーカ電器,小売業,電化製品,5%
岩手県,釜石市,らくらくセルフ丸新平田店,小売業,ガソリンスタンド,2%
岩手県,釜石市,らくらくセルフ丸新平田ＳＳ,小売業,ガソリンスタンド,2%
岩手県,釜石市,リヴァル,サービス,飲食業,5%
岩手県,釜石市,陸中海岸グランドホテル,サービス,宿泊業,5%
岩手県,釜石市,リブルマルシェ,小売業,衣料品,5%
岩手県,釜石市,理容アベ,サービス,理容・美容業,5%
岩手県,釜石市,レンズセンターコティー,小売業,その他小売,5%
岩手県,釜石市,ロータス倉本 片岸店,サービス,その他サービス,5%
岩手県,釜石市,ロータス倉本釜石店,サービス,その他サービス,5%
岩手県,釜石市,ろばたや釜石,サービス,飲食業,5%
岩手県,軽米町,伊保内ＳＳ,小売業,ガソリンスタンド,2%
岩手県,軽米町,軽米ＳＳ,小売業,ガソリンスタンド,2%
岩手県,軽米町,軽米ＳＳ,小売業,ガソリンスタンド,2%
岩手県,軽米町,軽米写真館,サービス,その他サービス,5%
岩手県,軽米町,軽米東ＳＳ,小売業,ガソリンスタンド,2%
岩手県,軽米町,小林商店ＳＳ,小売業,ガソリンスタンド,2%
岩手県,軽米町,たけさわストア,小売業,その他小売,5%
岩手県,軽米町,パナデン 柳,小売業,電化製品,5%
岩手県,軽米町,晴山ＳＳ,小売業,ガソリンスタンド,2%
岩手県,軽米町,古舘製麺所,小売業,食料品,5%
岩手県,軽米町,ミル・みるハウス産直,小売業,食料品,5%
岩手県,軽米町,ミル・みるハウス売店,小売業,食料品,5%
岩手県,北上市,ｅｙｅ ＣＡＴＣＨ,サービス,理容・美容業,5%
岩手県,北上市,ｅｙｅ ＣＡＴＣＨ ｅｙｅ ＣＡＴＣＨ アイキャッチ,サービス,理容・美容業,5%
岩手県,北上市,Ａｇｕ ｈａｉｒ Ａｇｕ ｈａｉｒ ｆｉｇａｒｏ北上,サービス,理容・美容業,5%
岩手県,北上市,浅井自動車販売,小売業,その他小売,5%
岩手県,北上市,アサノデンキ,小売業,電化製品,5%
岩手県,北上市,Ｕｎ ａｍｉｗ,サービス,理容・美容業,5%
岩手県,北上市,石のセガワ北上支店,小売業,その他小売,5%
岩手県,北上市,セブン－イレブン岩手県立中部病院前店,小売業,食料品,2%
岩手県,北上市,エクセレント ビュースペース北上,小売業,その他小売,5%
岩手県,北上市,ｍｔｍ－ｆａｃｔｏｒｙ,小売業,その他小売,5%
岩手県,北上市,ヴォルテックス,サービス,その他サービス,5%
岩手県,北上市,Ｏ’ｂａｒ,サービス,飲食業,5%
岩手県,北上市,お菓子の菓だん,小売業,食料品,5%
岩手県,北上市,小田島電器,小売業,電化製品,5%
岩手県,北上市,鬼柳ＳＳ,小売業,ガソリンスタンド,2%
岩手県,北上市,ＯＲＡＮＧＥ ＣＯＵＮＴＹ,サービス,理容・美容業,5%
岩手県,北上市,海人 海人,小売業,食料品,5%
岩手県,北上市,株式会社ツールボックス,サービス,その他サービス,5%
岩手県,北上市,株式会社丸片石油本社,小売業,ガソリンスタンド,2%
岩手県,北上市,Ｇａｌｌｙ,小売業,衣料品,5%
岩手県,北上市,菊印房,小売業,その他小売,5%
岩手県,北上市,きくすい 北上店,サービス,飲食業,5%
岩手県,北上市,北上ＳＳ,小売業,ガソリンスタンド,2%
岩手県,北上市,北上インターＳＳ,小売業,ガソリンスタンド,2%
岩手県,北上市,セブン－イレブン北上インター東店,小売業,食料品,2%
岩手県,北上市,盛岡ガス燃料株式会社 北上営業所,小売業,その他小売,5%
岩手県,北上市,セブン－イレブン北上駅東口店,小売業,食料品,2%
岩手県,北上市,セブン－イレブン北上大通り４丁目店,小売業,食料品,2%
岩手県,北上市,北上 ガス プロパン,サービス,その他サービス,5%
岩手県,北上市,セブン－イレブン北上金属団地店,小売業,食料品,2%
岩手県,北上市,セブン－イレブン北上さくら通り５丁目店,小売業,食料品,2%
岩手県,北上市,セブン－イレブン北上里分店,小売業,食料品,2%
岩手県,北上市,北上自動車,サービス,その他サービス,5%
岩手県,北上市,北上正時堂 ハーモニーセンター,小売業,その他小売,5%
岩手県,北上市,セブン－イレブン北上諏訪町２丁目店,小売業,食料品,2%
岩手県,北上市,セブン－イレブン北上堤ヶ丘１丁目店,小売業,食料品,2%
岩手県,北上市,セブン－イレブン北上常盤台４丁目店,小売業,食料品,2%
岩手県,北上市,セブン－イレブン北上バイパス店,小売業,食料品,2%
岩手県,北上市,北上南ＳＳ,小売業,ガソリンスタンド,2%
岩手県,北上市,セブン－イレブン北上村崎野店,小売業,食料品,2%
岩手県,北上市,北上流通センターＳＳ,小売業,ガソリンスタンド,2%
岩手県,北上市,セブン－イレブン北上和賀藤根店,小売業,食料品,2%
岩手県,北上市,キッチンバル コネクト,サービス,飲食業,5%
岩手県,北上市,くさのイン北上,サービス,宿泊業,5%
岩手県,北上市,草のホテル,サービス,宿泊業,5%
岩手県,北上市,クラムボン クライミング,サービス,その他サービス,5%
岩手県,北上市,ｇｒｏｓｓｏ－ＬＵＣＥ,サービス,理容・美容業,5%
岩手県,北上市,花＆器 ぐんきん,小売業,その他小売,5%
岩手県,北上市,ケアルイ,サービス,その他サービス,2%
岩手県,北上市,ケーワイコーポレーション,サービス,飲食業,5%
岩手県,北上市,小麦屋,小売業,食料品,5%
岩手県,北上市,ザ・バースランジバール,サービス,飲食業,5%
岩手県,北上市,ｓａｌｏｎ ｄｅ ＣＨＥＺＭＯＩ,サービス,理容・美容業,5%
岩手県,北上市,ジェームス 北上南店,小売業,その他小売,2%
岩手県,北上市,ジャパンツーリストサービス 江釣子・パル,サービス,その他サービス,5%
岩手県,北上市,ジャパンツーリストサービス,サービス,その他サービス,5%
岩手県,北上市,ジャパンツーリストサービス北上さくら野営,サービス,その他サービス,5%
岩手県,北上市,ｓｉｍｐｌｅ,サービス,その他サービス,5%
岩手県,北上市,スーパー古着マートＥＣＯＳ,小売業,衣料品,5%
岩手県,北上市,すずのき 青森中三店,小売業,衣料品,5%
岩手県,北上市,すずのき 北上店,小売業,衣料品,5%
岩手県,北上市,スマホドック２４,小売業,電化製品,5%
岩手県,北上市,セルフステーション北上東,小売業,ガソリンスタンド,2%
岩手県,北上市,総合毛髪ＳＴＥＬＬＡ 総合毛髪 ＳＴＥＬＬＡ,サービス,理容・美容業,5%
岩手県,北上市,ダイニングキッチン侍,サービス,飲食業,5%
岩手県,北上市,（有）展勝閣,サービス,飲食業,5%
岩手県,北上市,時計・宝石のマツムラ,小売業,貴金属・服飾品,5%
岩手県,北上市,トヨタカローラ南岩手北上店,小売業,その他小売,5%
岩手県,北上市,トヨタレンタリース岩手北上駅新幹線東口店,サービス,その他サービス,2%
岩手県,北上市,長野家具店 北上店,小売業,家具・調度品,5%
岩手県,北上市,南部ホテル,サービス,宿泊業,5%
岩手県,北上市,南部家敷総本店,サービス,飲食業,5%
岩手県,北上市,Ｂｉｋｅ Ｒｅｂｌｉｓｓ Ｂｉｋｅ Ｒｅｂｌｉｓｓ,小売業,その他小売,5%
岩手県,北上市,ヒーリングサロンサランユー,サービス,その他サービス,5%
岩手県,北上市,陽だまり工房北上支店,サービス,その他サービス,5%
岩手県,北上市,秀よし鮨 秀よし鮨,サービス,飲食業,5%
岩手県,北上市,美容室ａｍｂｅｒ,サービス,理容・美容業,5%
岩手県,北上市,美容室アンバー 美容室ａｍｂｅｒ,サービス,理容・美容業,5%
岩手県,北上市,美容室ｍｉｔｅ,サービス,理容・美容業,5%
岩手県,北上市,風土,サービス,飲食業,5%
岩手県,北上市,フジタ電器,小売業,電化製品,5%
岩手県,北上市,藤根ＳＳ,小売業,ガソリンスタンド,2%
岩手県,北上市,プライベートジムＣＲＥＤＯ,サービス,その他サービス,5%
岩手県,北上市,プラネ＆アコースティックステージ１／ｆ,サービス,飲食業,5%
岩手県,北上市,フラワーホテル,サービス,宿泊業,5%
岩手県,北上市,ホテルシティプラザ北上,サービス,宿泊業,5%
岩手県,北上市,Ｂｏｎｈｅｕｒ,サービス,その他サービス,5%
岩手県,北上市,マクドナルド１０７北上店,サービス,飲食業,2%
岩手県,北上市,松永金物北上店 松永金物 北上店,小売業,その他小売,5%
岩手県,北上市,松永金物 北上店,小売業,家具・調度品,5%
岩手県,北上市,松永金物 北上店,小売業,家具・調度品,5%
岩手県,北上市,丸昭商店,小売業,その他小売,5%
岩手県,北上市,丸畑モータース,サービス,その他サービス,5%
岩手県,北上市,万ＳＡＩ堂 北上店,小売業,その他小売,5%
岩手県,北上市,万ＳＡＩ堂 北上店,小売業,その他小売,5%
岩手県,北上市,南工業団地ＳＳ,小売業,ガソリンスタンド,2%
岩手県,北上市,メガネの松村,小売業,その他小売,5%
岩手県,北上市,ｍｏｄｅｒｎ ｃｒａｆｔ 北上店,サービス,理容・美容業,5%
岩手県,北上市,元湯 夏油,サービス,宿泊業,5%
岩手県,北上市,モンテインホテル,サービス,宿泊業,5%
岩手県,北上市,やぎや,サービス,飲食業,5%
岩手県,北上市,やまなか家 北上店,サービス,飲食業,5%
岩手県,北上市,有限会社オリエンタル自動車,小売業,その他小売,5%
岩手県,北上市,有限会社シャラクエンターテイメントファクトリー 隠家ＳＩＤＥＢＢＹお洒落泥棒北上店,サービス,飲食業,5%
岩手県,金ケ崎町,金ヶ崎ＳＳ,小売業,ガソリンスタンド,2%
岩手県,金ケ崎町,金ヶ崎バイパスＳＳ,小売業,ガソリンスタンド,2%
岩手県,金ケ崎町,セブン－イレブン金ケ崎バイパス店,小売業,食料品,2%
岩手県,金ケ崎町,ｚａｋｋａ＋ｃａｆｅ ＫＩＣＨＩ．,小売業,その他小売,5%
岩手県,金ケ崎町,永沢ＳＳ,小売業,ガソリンスタンド,2%
岩手県,金ケ崎町,Ｂｉｓｔｒｏ Ａｖａｉｌｌａ,サービス,飲食業,5%
岩手県,金ケ崎町,ファミリーイン金ヶ崎,サービス,宿泊業,5%
岩手県,金ケ崎町,有 菊地分店,小売業,衣料品,5%
岩手県,久慈市,アージュ,サービス,理容・美容業,5%
岩手県,久慈市,大川目ＳＳ,小売業,ガソリンスタンド,2%
岩手県,久慈市,オートランド久慈,小売業,その他小売,5%
岩手県,久慈市,大西義晴商店,小売業,その他小売,5%
岩手県,久慈市,Ｃａｆｅ ｄｅ ｌａ Ｐｌａｃｅ,サービス,飲食業,5%
岩手県,久慈市,ギフト ぼうら ぼうら,小売業,その他小売,5%
岩手県,久慈市,ギフトショップ 三幸,小売業,その他小売,5%
岩手県,久慈市,出光久慈ＳＳ,小売業,ガソリンスタンド,2%
岩手県,久慈市,久慈ＳＳ,小売業,ガソリンスタンド,2%
岩手県,久慈市,久慈駅前ＳＳ,小売業,ガソリンスタンド,2%
岩手県,久慈市,久慈川貫,小売業,ガソリンスタンド,2%
岩手県,久慈市,久慈グランドホテル,サービス,宿泊業,5%
岩手県,久慈市,久慈自動車学校,サービス,その他サービス,5%
岩手県,久慈市,久慈ステーションホテル,サービス,宿泊業,5%
岩手県,久慈市,久慈第一ホテル,サービス,宿泊業,5%
岩手県,久慈市,出光久慈港ＳＳ,小売業,ガソリンスタンド,2%
岩手県,久慈市,くんのごｂｙ上山琥珀工芸,小売業,貴金属・服飾品,5%
岩手県,久慈市,こしど宇部店,小売業,その他小売,5%
岩手県,久慈市,こしど久慈店,小売業,その他小売,5%
岩手県,久慈市,ササキ時計宝飾店,小売業,貴金属・服飾品,5%
岩手県,久慈市,侍の湯 きのこ屋（じゃらん）,サービス,宿泊業,5%
岩手県,久慈市,侍浜ＳＳ,小売業,ガソリンスタンド,2%
岩手県,久慈市,出光侍浜ＳＳ,小売業,ガソリンスタンド,2%
岩手県,久慈市,サンショップ ささき,小売業,食料品,5%
岩手県,久慈市,食堂 しみず,サービス,飲食業,5%
岩手県,久慈市,次郎,サービス,飲食業,5%
岩手県,久慈市,新中の橋ＳＳ,小売業,ガソリンスタンド,2%
岩手県,久慈市,Ｃｅ－ｌａｖｉｅ,サービス,その他サービス,5%
岩手県,久慈市,ＳＥＬＥＣＴＳＨＯＰ Ｕ－ＳＴＵＤＩＯ店,小売業,衣料品,5%
岩手県,久慈市,田高酒店,小売業,その他小売,5%
岩手県,久慈市,タンナイ電器,小売業,電化製品,5%
岩手県,久慈市,団家 鉄板焼き,サービス,飲食業,5%
岩手県,久慈市,てづくり工房ｍｙｍ,サービス,その他サービス,5%
岩手県,久慈市,トダテ電化,小売業,電化製品,5%
岩手県,久慈市,中新商店,小売業,家具・調度品,5%
岩手県,久慈市,ＢＡＲＢＥＲＹＡＭＡＤＡ 理容ヤマダ,サービス,理容・美容業,5%
岩手県,久慈市,配送センター 久慈 ＳＳ,小売業,ガソリンスタンド,2%
岩手県,久慈市,パナデン細谷地,小売業,電化製品,5%
岩手県,久慈市,ピザテン・フォー 岩手久慈店 ２,サービス,その他サービス,5%
岩手県,久慈市,英ちゃん飯店,サービス,飲食業,5%
岩手県,久慈市,ファミリーファッション まるこ,小売業,衣料品,5%
岩手県,久慈市,マタタビ マタタビ,小売業,その他小売,5%
岩手県,久慈市,マルイチマルシェ久慈店,小売業,食料品,2%
岩手県,久慈市,まるみ屋,小売業,食料品,5%
岩手県,久慈市,宮古ヤクルト販売 久慈営業所 直販,小売業,食料品,5%
岩手県,久慈市,宮古ヤクルト販売 久慈センター,小売業,食料品,5%
岩手県,久慈市,焼肉・冷麺 福次郎,サービス,飲食業,5%
岩手県,久慈市,有 不二タイヤ商会 有限会社 不二タイヤ商会,小売業,その他小売,5%
岩手県,久慈市,有限会社セイヤオート,サービス,その他サービス,5%
岩手県,久慈市,Ｒｉｓｔｏｒａｎｔｅ Ｐａｓｓｏ,サービス,飲食業,5%
岩手県,久慈市,レストラン山海里 レストラン山海里,サービス,飲食業,5%
岩手県,久慈市,レストラン 白い森,サービス,飲食業,5%
岩手県,葛巻町,石のヤマカタ,小売業,その他小売,5%
岩手県,葛巻町,出光葛巻ＳＳ,小売業,ガソリンスタンド,2%
岩手県,葛巻町,江刈ＳＳ,小売業,ガソリンスタンド,2%
岩手県,葛巻町,葛巻ＳＳ,小売業,ガソリンスタンド,2%
岩手県,葛巻町,葛巻ＳＳ,小売業,ガソリンスタンド,2%
岩手県,葛巻町,丸健商店,小売業,その他小売,5%
岩手県,九戸村,出光九戸インターＳＳ,小売業,ガソリンスタンド,2%
岩手県,九戸村,株式会社アラタ,サービス,その他サービス,5%
岩手県,九戸村,九戸ＳＳ,小売業,ガソリンスタンド,2%
岩手県,九戸村,十和田東ＳＳ,小売業,ガソリンスタンド,2%
岩手県,九戸村,中一商店ＳＳ,小売業,ガソリンスタンド,2%
岩手県,雫石町,赤い風車,サービス,宿泊業,5%
岩手県,雫石町,いこいの村 岩手,サービス,宿泊業,5%
岩手県,雫石町,石塚自工,サービス,その他サービス,5%
岩手県,雫石町,インターアルペン雫石,サービス,その他サービス,5%
岩手県,雫石町,インターアルペン合同会社,サービス,その他サービス,5%
岩手県,雫石町,温泉民宿栄弥,サービス,その他サービス,5%
岩手県,雫石町,Ｇａｒｄｅｎ Ｋｉｔｃｈｅｎ ます家,サービス,飲食業,5%
岩手県,雫石町,玄武風柳亭,サービス,宿泊業,5%
岩手県,雫石町,コアカ自動車,サービス,その他サービス,5%
岩手県,雫石町,コーヒー焙煎風光舎（株式会社風光舎）,サービス,飲食業,5%
岩手県,雫石町,コンタクト・メガネの銀河,小売業,貴金属・服飾品,5%
岩手県,雫石町,齊藤金物店,小売業,その他小売,5%
岩手県,雫石町,再販 盛岡西店,小売業,家具・調度品,5%
岩手県,雫石町,さわや書店雫石店,小売業,書籍・玩具・音楽ＣＤ,5%
岩手県,雫石町,雫石ＳＳ,小売業,ガソリンスタンド,2%
岩手県,雫石町,雫石ＳＳ,小売業,ガソリンスタンド,2%
岩手県,雫石町,雫石バイパスＳＳ,小売業,ガソリンスタンド,2%
岩手県,雫石町,セブン－イレブン雫石バイパス店,小売業,食料品,2%
岩手県,雫石町,雫石町まちおこしセンターしずくＣＡＮ 雫石町まちおこしセンターしずく ＣＡＮ,サービス,飲食業,5%
岩手県,雫石町,諏訪商店,小売業,食料品,5%
岩手県,雫石町,田原農園,小売業,食料品,5%
岩手県,雫石町,なんでも屋,サービス,その他サービス,5%
岩手県,雫石町,ＨＡＩＪＩ,サービス,宿泊業,5%
岩手県,雫石町,橋場 ＳＳ,小売業,ガソリンスタンド,2%
岩手県,雫石町,パスタの店 シモネッタ パスタの店シモネッタ,サービス,飲食業,5%
岩手県,雫石町,花工房らら倶楽部 植物棟,小売業,その他小売,5%
岩手県,雫石町,パナデン北光,小売業,電化製品,5%
岩手県,雫石町,ペンション ベルクレール,サービス,宿泊業,5%
岩手県,雫石町,細川電器,小売業,電化製品,5%
岩手県,雫石町,まほろばサービス,サービス,その他サービス,5%
岩手県,雫石町,マルイチ業務スーパー雫石店,小売業,食料品,2%
岩手県,雫石町,やまなか家 盛岡店,サービス,飲食業,5%
岩手県,雫石町,有限会社川長山荘,サービス,宿泊業,5%
岩手県,雫石町,有限会社 グリーンガレージ,小売業,その他小売,5%
岩手県,雫石町,株式会社ＴＡＣＴ興業,小売業,衣料品,5%
岩手県,雫石町,ル－ト４６雫石給油所,小売業,ガソリンスタンド,2%
岩手県,紫波町,アイディールヘアー,サービス,理容・美容業,5%
岩手県,紫波町,Ｓ・Ｐ・Ｇ すずけい,小売業,電化製品,5%
岩手県,紫波町,オガールイン,サービス,宿泊業,5%
岩手県,紫波町,株式会社匠グローバル,サービス,その他サービス,5%
岩手県,紫波町,グランドスラムパル,サービス,その他サービス,5%
岩手県,紫波町,嶋田自動車整備工場,サービス,その他サービス,5%
岩手県,紫波町,紫波ＳＳ,小売業,ガソリンスタンド,2%
岩手県,紫波町,紫波インターＳＳ,小売業,ガソリンスタンド,2%
岩手県,紫波町,セブン－イレブン紫波北日詰店,小売業,食料品,2%
岩手県,紫波町,紫波中央自動車学校,サービス,その他サービス,5%
岩手県,紫波町,セブン－イレブン紫波平沢店,小売業,食料品,2%
岩手県,紫波町,田口無線電機商会,小売業,電化製品,5%
岩手県,紫波町,たもり古館店,小売業,食料品,5%
岩手県,紫波町,電化ライフ ヨシダ 古館店,小売業,電化製品,5%
岩手県,紫波町,Ｋｎｏｔｔｙ,小売業,その他小売,5%
岩手県,紫波町,ぴあＲＯＡＤしわＳＳ,小売業,ガソリンスタンド,2%
岩手県,紫波町,盛岡ガス燃料株式会社 日詰営業所,小売業,その他小売,5%
岩手県,紫波町,ｐｏｔａｔｏ ｄｅｌｉ Ｍａｍｅｔａ ｐｏｔａｔｏ ｄｌｉ Ｍａｍｅｔａ,サービス,飲食業,5%
岩手県,紫波町,マルショウ紫波 マルショウ紫波 農業資材 機械,小売業,その他小売,5%
岩手県,紫波町,ミルクホールマイカ,小売業,食料品,5%
岩手県,紫波町,ミルクホールマイカ,サービス,飲食業,5%
岩手県,紫波町,レディースカイロりんどう,サービス,理容・美容業,5%
岩手県,住田町,ササキ自動車工業,小売業,その他小売,5%
岩手県,住田町,住田町ＳＳ,小売業,ガソリンスタンド,2%
岩手県,住田町,ハーネット,小売業,電化製品,5%
岩手県,滝沢市,出光あすみ野給油所,小売業,ガソリンスタンド,2%
岩手県,滝沢市,出光アルペン滝沢ＳＳ,小売業,ガソリンスタンド,2%
岩手県,滝沢市,いわい,サービス,その他サービス,5%
岩手県,滝沢市,いわね動物病院,サービス,その他サービス,5%
岩手県,滝沢市,ＳＴモータースクール,サービス,その他サービス,5%
岩手県,滝沢市,ＬＳＩ,小売業,その他小売,5%
岩手県,滝沢市,大釜ＳＳ,小売業,ガソリンスタンド,2%
岩手県,滝沢市,ＡＵＴＯＳＨＯＰ ＴＵＲＱＵＯＩＳＥ,小売業,その他小売,5%
岩手県,滝沢市,オリックスレンタカー盛岡インター店,サービス,その他サービス,2%
岩手県,滝沢市,ガーデンプランツ工藤,小売業,その他小売,5%
岩手県,滝沢市,グランナチュール,サービス,理容・美容業,5%
岩手県,滝沢市,Ｋ’ｓ 工房,サービス,その他サービス,5%
岩手県,滝沢市,サイクルカトー,小売業,その他小売,5%
岩手県,滝沢市,斎藤金物店 土日ジャンボ市大釜店,小売業,その他小売,5%
岩手県,滝沢市,澤田屋 土日ジャンボ市大釜店,小売業,食料品,5%
岩手県,滝沢市,水道屋株式会社,サービス,その他サービス,5%
岩手県,滝沢市,すご動物病院,サービス,その他サービス,5%
岩手県,滝沢市,すご動物病院,サービス,その他サービス,5%
岩手県,滝沢市,すたみな太郎 盛岡インター店,サービス,飲食業,5%
岩手県,滝沢市,大善ストア 滝沢店,小売業,その他小売,5%
岩手県,滝沢市,セブン－イレブン滝沢鵜飼店,小売業,食料品,2%
岩手県,滝沢市,セブン－イレブン滝沢大釜店,小売業,食料品,2%
岩手県,滝沢市,セブン－イレブン滝沢せいほくタウン店,小売業,食料品,2%
岩手県,滝沢市,セブン－イレブン滝沢祢宜屋敷店,小売業,食料品,2%
岩手県,滝沢市,中古タイヤショップＭＡＲＵ,小売業,その他小売,5%
岩手県,滝沢市,土日ジャンボ市 肉のテキサス,小売業,食料品,5%
岩手県,滝沢市,なんだり館 なんだり館,小売業,衣料品,5%
岩手県,滝沢市,日の丸青果 土日ジャンボ市大釜店,小売業,食料品,5%
岩手県,滝沢市,美容室ヒラトヤ滝沢店,サービス,理容・美容業,5%
岩手県,滝沢市,マイヤ滝沢店,小売業,食料品,5%
岩手県,滝沢市,村勇商店 土日ジャンボ市大釜店,小売業,食料品,5%
岩手県,滝沢市,焼肉ハウス ＯＫ牧場,サービス,飲食業,5%
岩手県,滝沢市,（有）フクオカ食品 土日ジャンボ市店,サービス,その他サービス,5%
岩手県,滝沢市,有限会社二和木材,サービス,その他サービス,5%
岩手県,滝沢市,有限会社緑の風 土日ジャンボ市大釜店,小売業,その他小売,5%
岩手県,滝沢市,ＬＬＰまちの編集室,サービス,その他サービス,5%
岩手県,滝沢市,ルート４滝沢インター,小売業,ガソリンスタンド,2%
岩手県,滝沢市,Ｙ’ｚ ＷＯＲＫＳ,小売業,その他小売,5%
岩手県,田野畑村,北山崎レストハウス,サービス,飲食業,5%
岩手県,田野畑村,田野畑ＳＳ,小売業,ガソリンスタンド,2%
岩手県,田野畑村,出光田野畑南ＳＳ,小売業,ガソリンスタンド,2%
岩手県,田野畑村,番屋エコツーリズム,サービス,その他サービス,5%
岩手県,田野畑村,ホテル羅賀荘,サービス,宿泊業,5%
岩手県,田野畑村,牧原商店,小売業,その他小売,5%
岩手県,遠野市,アイパルメガネ遠野店,小売業,貴金属・服飾品,5%
岩手県,遠野市,小友第一ＳＳ,小売業,ガソリンスタンド,2%
岩手県,遠野市,株 遠野醸造,サービス,飲食業,5%
岩手県,遠野市,河判,小売業,食料品,5%
岩手県,遠野市,キクコーストアとぴあ店,小売業,食料品,5%
岩手県,遠野市,キクコーストアバイパス店,小売業,食料品,5%
岩手県,遠野市,キクコーストア明神前店,小売業,食料品,5%
岩手県,遠野市,桐田デンキ,小売業,電化製品,5%
岩手県,遠野市,くすりの奥寺,小売業,その他小売,5%
岩手県,遠野市,三丸屋,小売業,その他小売,5%
岩手県,遠野市,ジンギスカンのあんべ,小売業,食料品,5%
岩手県,遠野市,達曽部ＳＳ,小売業,ガソリンスタンド,2%
岩手県,遠野市,千葉タイヤ商会,小売業,その他小売,5%
岩手県,遠野市,出光遠野ＳＳ,小売業,ガソリンスタンド,2%
岩手県,遠野市,遠野ＳＳ,小売業,ガソリンスタンド,2%
岩手県,遠野市,セブン－イレブン遠野青笹町店,小売業,食料品,2%
岩手県,遠野市,遠野市観光交流センター旅の蔵遠野,小売業,家具・調度品,5%
岩手県,遠野市,遠野醸造ＴＡＰＲＯＯＭ,サービス,飲食業,5%
岩手県,遠野市,遠野食肉センター 遠野店,サービス,飲食業,5%
岩手県,遠野市,遠野バイパスＳＳ,小売業,ガソリンスタンド,2%
岩手県,遠野市,セブン－イレブン遠野早瀬町店,小売業,食料品,2%
岩手県,遠野市,セブン－イレブン遠野松崎町店,小売業,食料品,2%
岩手県,遠野市,ｐｅｒｓｏｎａｌｔｒａｉｎｉｎｇｓｔｕｄｉｏＪ－Ｐａｒｋ,サービス,その他サービス,5%
岩手県,遠野市,バラエティショップウィンク,小売業,書籍・玩具・音楽ＣＤ,5%
岩手県,遠野市,Ｂ＆Ｂくら乃屋,サービス,宿泊業,5%
岩手県,遠野市,フレンドリー草薙,小売業,ガソリンスタンド,2%
岩手県,遠野市,Ｍｉｃｈａｅｌ ｓ ＣＡＦＥ,サービス,飲食業,5%
岩手県,遠野市,まるまんジンギス館,サービス,飲食業,5%
岩手県,遠野市,宮古ヤクルト販売 遠野センター,小売業,食料品,5%
岩手県,遠野市,（有）エルプラザあさみず,小売業,電化製品,5%
岩手県,遠野市,有限会社スガイ,小売業,衣料品,5%
岩手県,西和賀町,佐藤自動車,小売業,その他小売,5%
岩手県,西和賀町,沢内ＳＳ,小売業,ガソリンスタンド,2%
岩手県,西和賀町,四季彩の宿ふる里,サービス,宿泊業,5%
岩手県,西和賀町,高繁旅館,サービス,宿泊業,5%
岩手県,西和賀町,ネビラキ,サービス,その他サービス,5%
岩手県,西和賀町,ホテル対滝閣,サービス,宿泊業,5%
岩手県,西和賀町,萬鷹旅館,サービス,宿泊業,5%
岩手県,西和賀町,山人－ｙａｍａｄｏ－,サービス,その他サービス,5%
岩手県,二戸市,出光大嶺ＳＳ,小売業,ガソリンスタンド,2%
岩手県,二戸市,出光御山口ＳＳ,小売業,ガソリンスタンド,2%
岩手県,二戸市,出光浄法寺ＳＳ,小売業,ガソリンスタンド,2%
岩手県,二戸市,岩手屋ニコア店,小売業,食料品,5%
岩手県,二戸市,岩手屋二戸本店,小売業,食料品,5%
岩手県,二戸市,ＦＦマートさとう,小売業,食料品,5%
岩手県,二戸市,株式会社三幸堂ビジネス 事務機センター,小売業,その他小売,5%
岩手県,二戸市,株式会社三幸堂ビジネス 本店,小売業,その他小売,5%
岩手県,二戸市,パイシーズ,小売業,その他小売,5%
岩手県,二戸市,金田一ＳＳ,小売業,ガソリンスタンド,2%
岩手県,二戸市,金田一アヴェニューＳＳ,小売業,ガソリンスタンド,2%
岩手県,二戸市,金田一ＳＳ,小売業,ガソリンスタンド,2%
岩手県,二戸市,くすりの天狗山,小売業,その他小売,5%
岩手県,二戸市,ケーアイマート,小売業,その他小売,5%
岩手県,二戸市,昆石材店 二戸店,小売業,その他小売,5%
岩手県,二戸市,コンビニエンスストアーティーマート,小売業,食料品,5%
岩手県,二戸市,座敷わらし伝説の宿 緑風荘,サービス,宿泊業,5%
岩手県,二戸市,四季の里,サービス,飲食業,5%
岩手県,二戸市,浄法寺ＳＳ,小売業,ガソリンスタンド,2%
岩手県,二戸市,スーパーしんゆう,小売業,その他小売,5%
岩手県,二戸市,すずのき 絹絵屋 二戸,小売業,衣料品,5%
岩手県,二戸市,高村書店,小売業,書籍・玩具・音楽ＣＤ,5%
岩手県,二戸市,２ｄｏｏｒ,小売業,食料品,5%
岩手県,二戸市,出羽青岩アグロ株式会社 二戸支店,小売業,その他小売,5%
岩手県,二戸市,トヨタレンタリース岩手二戸駅新幹線口店,サービス,その他サービス,2%
岩手県,二戸市,ＴｒａｖｅｌＲｅｓｅａｒｃｈＳｔｏｒｅＩｎｃ．,サービス,その他サービス,5%
岩手県,二戸市,二戸ＳＳ有限会社中舘商事,小売業,ガソリンスタンド,2%
岩手県,二戸市,二戸ＳＳ,小売業,ガソリンスタンド,2%
岩手県,二戸市,セブン－イレブン二戸石切所店,小売業,食料品,2%
岩手県,二戸市,セブン－イレブン二戸福岡田町店,小売業,食料品,2%
岩手県,二戸市,ニューライフオカダ,小売業,電化製品,5%
岩手県,二戸市,パイシーズ ＰＩＳＣＥＳ,小売業,その他小売,5%
岩手県,二戸市,八幡下ＳＳ,小売業,ガソリンスタンド,2%
岩手県,二戸市,パナデンまいさわ,小売業,電化製品,5%
岩手県,二戸市,パナデン メルシー,小売業,電化製品,5%
岩手県,二戸市,樋口金物機工,サービス,その他サービス,5%
岩手県,二戸市,ファミリーレストラン よしの,サービス,飲食業,5%
岩手県,二戸市,クリーニングのブルースター二戸店,サービス,その他サービス,5%
岩手県,二戸市,堀野ＳＳ,小売業,ガソリンスタンド,2%
岩手県,二戸市,まるしょうストア金田一,小売業,その他小売,5%
岩手県,二戸市,（有）割烹旅館おぼない,サービス,宿泊業,5%
岩手県,野田村,澤口呉服店,小売業,衣料品,5%
岩手県,野田村,白木屋クリーニング店,サービス,その他サービス,5%
岩手県,野田村,白木屋 クリーニング店,サービス,その他サービス,5%
岩手県,野田村,田中時計眼鏡店,小売業,貴金属・服飾品,5%
岩手県,野田村,野田ＳＳ,小売業,ガソリンスタンド,2%
岩手県,野田村,野田玉川ＳＳ,小売業,ガソリンスタンド,2%
岩手県,野田村,出光野田村漁協ＳＳ,小売業,ガソリンスタンド,2%
岩手県,野田村,有限会社 マミーストア―,小売業,その他小売,5%
岩手県,野田村,洋食・旬彩料理 みなみ,サービス,飲食業,5%
岩手県,八幡平市,柴内商店,小売業,ガソリンスタンド,2%
岩手県,八幡平市,安比ＳＳ,小売業,ガソリンスタンド,2%
岩手県,八幡平市,安比塗漆器工房,小売業,その他小売,5%
岩手県,八幡平市,安比ロッキーイン,サービス,宿泊業,5%
岩手県,八幡平市,いこいの村 岩手,サービス,宿泊業,5%
岩手県,八幡平市,出光安代ＳＳ,小売業,ガソリンスタンド,2%
岩手県,八幡平市,出光安比ＳＳ,小売業,ガソリンスタンド,2%
岩手県,八幡平市,出光岩手山ＳＳ,小売業,ガソリンスタンド,2%
岩手県,八幡平市,イワサキ屋,小売業,衣料品,5%
岩手県,八幡平市,岩手山ＳＡ（上り） ベーカリー,小売業,その他小売,5%
岩手県,八幡平市,岩手山ＳＡ下り線 ＳＳ,小売業,ガソリンスタンド,2%
岩手県,八幡平市,岩手山サービスエリア（上り線）,小売業,その他小売,5%
岩手県,八幡平市,大更ＳＳ,小売業,ガソリンスタンド,2%
岩手県,八幡平市,温泉ゲストハウス やすもり,サービス,宿泊業,5%
岩手県,八幡平市,温泉ゲストハウスやすもり,サービス,その他サービス,5%
岩手県,八幡平市,カーエステ西根,サービス,その他サービス,5%
岩手県,八幡平市,カーショップ おやまだ,小売業,その他小売,5%
岩手県,八幡平市,株式会社小山田商店,小売業,その他小売,5%
岩手県,八幡平市,峡雲荘,サービス,宿泊業,5%
岩手県,八幡平市,峡雲荘 Ｎｏ Ｓｈｏｗ,サービス,宿泊業,5%
岩手県,八幡平市,四季館 彩冬,サービス,宿泊業,5%
岩手県,八幡平市,食堂 酒場 ８ｈａｃｈｉ,サービス,飲食業,5%
岩手県,八幡平市,新安比温泉,サービス,宿泊業,5%
岩手県,八幡平市,平館ＳＳ,小売業,ガソリンスタンド,2%
岩手県,八幡平市,寺田ＳＳ,小売業,ガソリンスタンド,2%
岩手県,八幡平市,八幡平下倉スキー場,サービス,その他サービス,5%
岩手県,八幡平市,セブン－イレブン八幡平バイパス店,小売業,食料品,2%
岩手県,八幡平市,八幡平パノラマスキー場,サービス,その他サービス,5%
岩手県,八幡平市,八幡平マウンテンホテル,サービス,宿泊業,5%
岩手県,八幡平市,ビジネスホテル西根,サービス,宿泊業,5%
岩手県,八幡平市,美人野菜,小売業,その他小売,5%
岩手県,八幡平市,弘前石材工業,小売業,その他小売,5%
岩手県,八幡平市,フォトスタジオ・パル,サービス,その他サービス,5%
岩手県,八幡平市,ペンション アーラ・ワッカ,サービス,宿泊業,5%
岩手県,八幡平市,ペンション あるぺじお,サービス,宿泊業,5%
岩手県,八幡平市,ペンションムース,サービス,宿泊業,5%
岩手県,八幡平市,ぺンションもっきんばーど,サービス,宿泊業,5%
岩手県,八幡平市,松尾八幡平物産館 アスピーテ,小売業,その他小売,5%
岩手県,八幡平市,マルイチ業務スーパー大更店,小売業,食料品,2%
岩手県,八幡平市,道の駅にしね・生産物直売所,小売業,その他小売,5%
岩手県,八幡平市,民宿 かすみ荘,サービス,宿泊業,5%
岩手県,八幡平市,有限会社ソフトハウスタカハシ,小売業,電化製品,5%
岩手県,八幡平市,ロッジタンデム,サービス,宿泊業,5%
岩手県,八幡平市,上関ＳＳ,小売業,ガソリンスタンド,2%
岩手県,花巻市,ｉｄｅｎｔｉｔｙ,サービス,理容・美容業,5%
岩手県,花巻市,Ａｇｕ ｈａｉｒ Ａｇｕ ｈａｉｒ ｇｉｓｅｌｅ花巻,サービス,理容・美容業,5%
岩手県,花巻市,安心クリーニングのすがわら,サービス,その他サービス,5%
岩手県,花巻市,石鳥谷 ＳＳ,小売業,ガソリンスタンド,2%
岩手県,花巻市,出光石鳥谷ＳＳ,小売業,ガソリンスタンド,2%
岩手県,花巻市,石のセガワ花巻本店,小売業,その他小売,5%
岩手県,花巻市,一平,サービス,飲食業,5%
岩手県,花巻市,出光西大通りＳＳ,小売業,ガソリンスタンド,2%
岩手県,花巻市,イルーシー銀河モール花巻店,小売業,衣料品,5%
岩手県,花巻市,セブン－イレブンいわて花巻空港前店,小売業,食料品,2%
岩手県,花巻市,ウインベル ササヤ,小売業,電化製品,5%
岩手県,花巻市,Ｓ・Ｐ・Ｇしらいし,小売業,電化製品,5%
岩手県,花巻市,Ｓ・Ｐ・Ｇニッコー,小売業,電化製品,5%
岩手県,花巻市,Ｓ・Ｐ・Ｇはなでん,小売業,電化製品,5%
岩手県,花巻市,ＥｎｅＪｅｔ花巻空港ＳＳ,小売業,ガソリンスタンド,2%
岩手県,花巻市,エンドウ花店,小売業,その他小売,5%
岩手県,花巻市,及川動物病院,サービス,その他サービス,5%
岩手県,花巻市,桜檀舎 さくらや花巻店,小売業,衣料品,5%
岩手県,花巻市,ＡｕｔｏＲｉｓｅ,サービス,その他サービス,5%
岩手県,花巻市,大迫 ＳＳ,小売業,ガソリンスタンド,2%
岩手県,花巻市,大迫ＳＳ,小売業,ガソリンスタンド,2%
岩手県,花巻市,オートジャパン．ガレージＲ,サービス,その他サービス,5%
岩手県,花巻市,オバラメガネ ＡＮＯＴＨＥＲ ＡＮＧＬＥ オバラメガネ イトーヨーカドー花巻店,小売業,その他小売,5%
岩手県,花巻市,ＯＲＡＮＧＥ,サービス,理容・美容業,5%
岩手県,花巻市,出光卸センターＳＳ,小売業,ガソリンスタンド,2%
岩手県,花巻市,温泉ベーカリー,サービス,宿泊業,5%
岩手県,花巻市,かがみや,小売業,衣料品,5%
岩手県,花巻市,佳松園,サービス,宿泊業,5%
岩手県,花巻市,割烹旅館 廣美亭,サービス,宿泊業,5%
岩手県,花巻市,株式会社 花広,小売業,その他小売,5%
岩手県,花巻市,株式会社福盛田自動車,サービス,その他サービス,5%
岩手県,花巻市,カラオケドリーム 花巻店,サービス,飲食業,5%
岩手県,花巻市,観光荘,サービス,宿泊業,5%
岩手県,花巻市,キクコーストア石鳥谷店,小売業,食料品,5%
岩手県,花巻市,キクコーストア花巻不動店,小売業,食料品,5%
岩手県,花巻市,ＧｒｅｅｎＤａｙｓ ＧｒｅｅｎＤａｙｓ,小売業,衣料品,5%
岩手県,花巻市,Ｋ ｉｓｍ,小売業,その他小売,5%
岩手県,花巻市,源氏商店,小売業,食料品,5%
岩手県,花巻市,ケンジの宿,サービス,宿泊業,5%
岩手県,花巻市,賢治最中本舗,サービス,飲食業,5%
岩手県,花巻市,コーラル,サービス,宿泊業,5%
岩手県,花巻市,小ぎく,サービス,飲食業,5%
岩手県,花巻市,斎藤カバン店,小売業,貴金属・服飾品,5%
岩手県,花巻市,サカモト薬局 健康館 サカモト薬局健康館,小売業,その他小売,5%
岩手県,花巻市,サカモト薬局大通り店,小売業,その他小売,5%
岩手県,花巻市,酒のロッキー花巻店,小売業,食料品,5%
岩手県,花巻市,ささき理容,サービス,理容・美容業,5%
岩手県,花巻市,笹間ＳＳ,小売業,ガソリンスタンド,2%
岩手県,花巻市,山水閣,サービス,宿泊業,5%
岩手県,花巻市,しだで,サービス,宿泊業,5%
岩手県,花巻市,志戸平温泉旅館,サービス,宿泊業,5%
岩手県,花巻市,島電気商会,小売業,電化製品,5%
岩手県,花巻市,ＧＩＯＶＡＮＮＩ,サービス,宿泊業,5%
岩手県,花巻市,すずのき 絹絵屋花巻店,小売業,衣料品,5%
岩手県,花巻市,せせらぎ,サービス,宿泊業,5%
岩手県,花巻市,ｓｅｌａｌａｂｉｒｄ,小売業,その他小売,5%
岩手県,花巻市,高木タクシー 高木タクシー 本社,サービス,運輸業,5%
岩手県,花巻市,［ＨＣ］高源電機株式会社,小売業,電化製品,5%
岩手県,花巻市,高孝,小売業,その他小売,5%
岩手県,花巻市,高橋電気,小売業,電化製品,5%
岩手県,花巻市,たもり空港店,小売業,食料品,5%
岩手県,花巻市,たんぽぽ薬局,小売業,その他小売,5%
岩手県,花巻市,電鉄タクシー,サービス,運輸業,5%
岩手県,花巻市,時計・宝石 おくやま,小売業,貴金属・服飾品,5%
岩手県,花巻市,戸田家具店,小売業,家具・調度品,5%
岩手県,花巻市,トヨタカローラ南岩手花巻店,小売業,その他小売,5%
岩手県,花巻市,トヨタレンタリース岩手新花巻駅西口店,サービス,その他サービス,2%
岩手県,花巻市,トヨタレンタリース岩手花巻空港カウンター,サービス,その他サービス,2%
岩手県,花巻市,トラットリア イル・クォーレ,サービス,飲食業,5%
岩手県,花巻市,鉛温泉 心の刻 十三月,サービス,宿泊業,5%
岩手県,花巻市,日泉,小売業,電化製品,5%
岩手県,花巻市,のんの のんの,小売業,その他小売,5%
岩手県,花巻市,ばかや ばかや,サービス,飲食業,5%
岩手県,花巻市,八森スポーツ売店,小売業,その他小売,5%
岩手県,花巻市,パティスリー アンジュ,サービス,飲食業,5%
岩手県,花巻市,パティスリー アンジュ 銀河モール花巻店,サービス,飲食業,5%
岩手県,花巻市,はな台の湯,サービス,宿泊業,5%
岩手県,花巻市,セブン－イレブン花巻石鳥谷バイパス店,小売業,食料品,2%
岩手県,花巻市,花巻インターＳＳ,小売業,ガソリンスタンド,2%
岩手県,花巻市,花巻ＳＳ,小売業,ガソリンスタンド,2%
岩手県,花巻市,花巻温泉佳松園,サービス,宿泊業,5%
岩手県,花巻市,セブン－イレブン花巻桜台２丁目店,小売業,食料品,2%
岩手県,花巻市,セブン－イレブン花巻城内店,小売業,食料品,2%
岩手県,花巻市,セブン－イレブン花巻諏訪町２丁目店,小売業,食料品,2%
岩手県,花巻市,セブン－イレブン花巻高木店,小売業,食料品,2%
岩手県,花巻市,セブン－イレブン花巻東和町店,小売業,食料品,2%
岩手県,花巻市,セブン－イレブン花巻西大通り１丁目店,小売業,食料品,2%
岩手県,花巻市,セブン－イレブン花巻西宮野目西店,小売業,食料品,2%
岩手県,花巻市,花巻東ＳＳ,小売業,ガソリンスタンド,2%
岩手県,花巻市,花巻プラザＳＳ,小売業,ガソリンスタンド,2%
岩手県,花巻市,セブン－イレブン花巻松園町１丁目店,小売業,食料品,2%
岩手県,花巻市,花巻マツダ,サービス,その他サービス,5%
岩手県,花巻市,セブン－イレブン花巻南インター店,小売業,食料品,2%
岩手県,花巻市,セブン－イレブン花巻本館３丁目店,小売業,食料品,2%
岩手県,花巻市,セブン－イレブン花巻矢沢店,小売業,食料品,2%
岩手県,花巻市,セブン－イレブン花巻若葉町店,小売業,食料品,2%
岩手県,花巻市,ハローナカネコＳＳ,小売業,ガソリンスタンド,2%
岩手県,花巻市,ビジネスホテルみちのく,サービス,宿泊業,5%
岩手県,花巻市,ビストロ ル キャバレー,サービス,飲食業,5%
岩手県,花巻市,陽だまり工房花巻支店,サービス,その他サービス,5%
岩手県,花巻市,ファームプラスカフェ,サービス,飲食業,5%
岩手県,花巻市,Ｂｏｕｃｈｅｒｉｅ ｄｅ Ｋｉｍｕｒａ,小売業,食料品,5%
岩手県,花巻市,藤三旅館,サービス,宿泊業,5%
岩手県,花巻市,ＢＲＯＷＮＳＵＧＡＲ,小売業,衣料品,5%
岩手県,花巻市,ブルースター,サービス,宿泊業,5%
岩手県,花巻市,ふるさと,サービス,宿泊業,5%
岩手県,花巻市,Ｈａｉｒ Ｓａｌｏｎ ＩＲＩＥ,サービス,理容・美容業,5%
岩手県,花巻市,ｈａｉｒｓａｌｏｎ ｃａｄｅａｕ,サービス,理容・美容業,5%
岩手県,花巻市,ホテル 志戸平 フロント,サービス,宿泊業,5%
岩手県,花巻市,ホテル 花巻,サービス,宿泊業,5%
岩手県,花巻市,ホテル紅葉館,サービス,宿泊業,5%
岩手県,花巻市,ホテル三右ェ門,サービス,宿泊業,5%
岩手県,花巻市,ホテル志戸平,サービス,宿泊業,5%
岩手県,花巻市,ホテル志戸平,サービス,宿泊業,5%
岩手県,花巻市,ホテル志戸平 売店,サービス,宿泊業,5%
岩手県,花巻市,ホテル千秋閣,サービス,宿泊業,5%
岩手県,花巻市,ホテル千秋閣,サービス,宿泊業,5%
岩手県,花巻市,ホテル千秋閣,サービス,宿泊業,5%
岩手県,花巻市,ホテル花巻,サービス,宿泊業,5%
岩手県,花巻市,マイヤアルテ桜台店,小売業,食料品,5%
岩手県,花巻市,マクドナルド２９８花巻店,サービス,飲食業,2%
岩手県,花巻市,マルイチ業務スーパー花巻店,小売業,食料品,2%
岩手県,花巻市,三田商会 ホームエネルギー,小売業,ガソリンスタンド,5%
岩手県,花巻市,道奥金婚亭,小売業,その他小売,5%
岩手県,花巻市,みちのくの四季,サービス,宿泊業,5%
岩手県,花巻市,みやかわジンギスカン,小売業,食料品,5%
岩手県,花巻市,宮野目ＳＳ,小売業,ガソリンスタンド,2%
岩手県,花巻市,結びの宿 愛隣館,サービス,宿泊業,5%
岩手県,花巻市,結びの宿 愛隣館,サービス,宿泊業,5%
岩手県,花巻市,ｍｅｉｎｎ,サービス,宿泊業,5%
岩手県,花巻市,メガネのおくやま メガネハウスおくやま,小売業,その他小売,5%
岩手県,花巻市,メガネのおくやま本店,小売業,その他小売,5%
岩手県,花巻市,メガネハウスおくやま銀河モール店,小売業,その他小売,5%
岩手県,花巻市,メルヘン,サービス,宿泊業,5%
岩手県,花巻市,モトモチ商事 花巻事業所カーテクノ花巻,サービス,その他サービス,5%
岩手県,花巻市,焼肉てっぽう屋,サービス,飲食業,5%
岩手県,花巻市,やまなか家 弘前店,サービス,飲食業,5%
岩手県,花巻市,山の神温泉 優香苑,サービス,宿泊業,5%
岩手県,花巻市,ヤマモト,小売業,電化製品,5%
岩手県,花巻市,やまゆりの宿,サービス,宿泊業,5%
岩手県,花巻市,有限会社 花盛生花店,小売業,その他小売,5%
岩手県,花巻市,有限会社藤原商店,小売業,その他小売,5%
岩手県,花巻市,游泉志だて／Ｊ＆Ｊギフト,サービス,その他サービス,5%
岩手県,花巻市,ユリシス岩手盛岡 Ｙｕｉ?縁? ユリシス岩手盛岡,小売業,その他小売,5%
岩手県,花巻市,［ＨＣ］ヨシダ電器,小売業,電化製品,5%
岩手県,花巻市,ＨｅａｌｓａｌｏｎＲｅ：ＢＯＲＮ,サービス,理容・美容業,5%
岩手県,花巻市,ルート４花巻南,小売業,ガソリンスタンド,2%
岩手県,花巻市,ローレル,サービス,宿泊業,5%
岩手県,花巻市,ワインシャトー大迫,小売業,食料品,5%
岩手県,花巻市,私の部屋 花巻店,小売業,ガソリンスタンド,5%
岩手県,花巻市,わんこそば 食事処 嘉司屋,サービス,飲食業,5%
岩手県,平泉町,奥の細道展,サービス,飲食業,5%
岩手県,平泉町,ＫＯＺＥＮＪＩ ｃａｆｅ,小売業,食料品,5%
岩手県,平泉町,セルフ平泉ＳＳ 有限会社平泉石油,小売業,ガソリンスタンド,2%
岩手県,平泉町,奥州平泉温泉 そば庵 しづか亭,サービス,宿泊業,5%
岩手県,平泉町,特産品プラザらら・いわて平泉店,小売業,家具・調度品,5%
岩手県,平泉町,トヨタカローラ南岩手平泉店,小売業,その他小売,5%
岩手県,平泉町,平泉,小売業,ガソリンスタンド,2%
岩手県,平泉町,平泉ＳＳ,小売業,ガソリンスタンド,2%
岩手県,平泉町,平泉ドライビングスクール,サービス,その他サービス,5%
岩手県,平泉町,セブン－イレブン平泉バイパス店,小売業,食料品,2%
岩手県,平泉町,民泊 飛来住,サービス,宿泊業,5%
岩手県,洋野町,井河 種市ＳＳ,小売業,ガソリンスタンド,2%
岩手県,洋野町,出光洋野ＳＳ,小売業,ガソリンスタンド,2%
岩手県,洋野町,大野ＳＳ,小売業,ガソリンスタンド,2%
岩手県,洋野町,大野南ＳＳ,小売業,ガソリンスタンド,2%
岩手県,洋野町,上小路ＳＳ,小売業,ガソリンスタンド,2%
岩手県,洋野町,上小路商店,小売業,その他小売,5%
岩手県,洋野町,クリーニングのブルースター種市２号店,サービス,その他サービス,5%
岩手県,洋野町,宏八屋 ウニーク店,小売業,食料品,5%
岩手県,洋野町,宏八屋 直売店,小売業,食料品,5%
岩手県,洋野町,三洋薬品ＨＢＣ株式会社 ５３０９３８８０,小売業,その他小売,5%
岩手県,洋野町,三洋薬品ＨＢＣ株式会社 ５３０９３８８５,小売業,その他小売,5%
岩手県,洋野町,平船ＳＳ,小売業,ガソリンスタンド,2%
岩手県,洋野町,出光種市ＳＳ,小売業,ガソリンスタンド,2%
岩手県,洋野町,種市ＳＳ,小売業,ガソリンスタンド,2%
岩手県,洋野町,種市ＳＳ,小売業,ガソリンスタンド,2%
岩手県,洋野町,出光種市平内ＳＳ,小売業,ガソリンスタンド,2%
岩手県,洋野町,藤森種市店,小売業,衣料品,5%
岩手県,洋野町,ｈａｉｒ ｗｏｒｋｓ Ｓｌｏｗ,サービス,理容・美容業,5%
岩手県,洋野町,宮古ヤクルト販売 種市センター,小売業,食料品,5%
岩手県,普代村,こしど普代店,小売業,その他小売,5%
岩手県,普代村,堀内大橋ＳＳ,小売業,ガソリンスタンド,2%
岩手県,宮古市,居酒屋 大将,サービス,飲食業,5%
岩手県,宮古市,出光津軽石ＳＳ,小売業,ガソリンスタンド,2%
岩手県,宮古市,出光藤原ＳＳ,小売業,ガソリンスタンド,2%
岩手県,宮古市,出光宮古築地ＳＳ,小売業,ガソリンスタンド,2%
岩手県,宮古市,岩手県北バス 宮古駅前,サービス,その他サービス,5%
岩手県,宮古市,岩船商店,小売業,食料品,5%
岩手県,宮古市,インテリアコナリ,小売業,その他小売,5%
岩手県,宮古市,ウィンベルいわま,小売業,電化製品,5%
岩手県,宮古市,ウインベルたかはし,小売業,電化製品,5%
岩手県,宮古市,太田屋肉店,小売業,食料品,5%
岩手県,宮古市,カーポートラガマルＳＳ,小売業,ガソリンスタンド,2%
岩手県,宮古市,河南ＳＳ,小売業,ガソリンスタンド,2%
岩手県,宮古市,株式会社大越電気,小売業,電化製品,5%
岩手県,宮古市,株式会社 佐々由 株式会社佐々由大通り店,小売業,食料品,5%
岩手県,宮古市,カラオケツタヤ,サービス,その他サービス,5%
岩手県,宮古市,刈屋 ＳＳ,小売業,ガソリンスタンド,2%
岩手県,宮古市,刈屋商店,小売業,その他小売,5%
岩手県,宮古市,川井ＳＳ,小売業,ガソリンスタンド,2%
岩手県,宮古市,川井ＳＳ,小売業,ガソリンスタンド,2%
岩手県,宮古市,化粧品のおぐに,小売業,その他小売,5%
岩手県,宮古市,コスメティック オグニ コスメティックオグニ,小売業,その他小売,5%
岩手県,宮古市,コスメティック ０９２ コスメティック０９２,小売業,その他小売,5%
岩手県,宮古市,後藤商店,小売業,食料品,5%
岩手県,宮古市,後藤商店本店,小売業,食料品,5%
岩手県,宮古市,小成園,小売業,食料品,5%
岩手県,宮古市,小成園 本店,小売業,食料品,5%
岩手県,宮古市,株式会社サカショウ,サービス,その他サービス,5%
岩手県,宮古市,ｓａｋｕｓａｋｕ花の木通り店,サービス,その他サービス,5%
岩手県,宮古市,酒の二葉屋 酒の二葉屋,小売業,その他小売,5%
岩手県,宮古市,さとう衣料店,小売業,衣料品,5%
岩手県,宮古市,佐原ＳＳ,小売業,ガソリンスタンド,2%
岩手県,宮古市,佐原灯油ＳＳ,小売業,ガソリンスタンド,2%
岩手県,宮古市,しあわせ乳業株式会社,小売業,その他小売,5%
岩手県,宮古市,シーサイドステーション藤ノ川ＳＳ,小売業,ガソリンスタンド,2%
岩手県,宮古市,志賀スポーツ,小売業,その他小売,5%
岩手県,宮古市,浄土ヶ浜ＩＣ店,小売業,ガソリンスタンド,2%
岩手県,宮古市,浄土ケ浜パークホテル,サービス,宿泊業,5%
岩手県,宮古市,新日本補聴器センター宮古店,小売業,その他小売,5%
岩手県,宮古市,人力車山崎屋 人力車山崎屋 浄土ヶ浜,サービス,その他サービス,5%
岩手県,宮古市,すがのサイクル,小売業,その他小売,5%
岩手県,宮古市,スポーツオールス スポーツオールス,小売業,その他小売,5%
岩手県,宮古市,出光摂待ＳＳ,小売業,ガソリンスタンド,2%
岩手県,宮古市,セルフ藤原店,小売業,ガソリンスタンド,2%
岩手県,宮古市,千徳ＳＳ,小売業,ガソリンスタンド,2%
岩手県,宮古市,千徳ＳＳ,小売業,ガソリンスタンド,2%
岩手県,宮古市,磯鶏バイパスＳＳ,小売業,ガソリンスタンド,2%
岩手県,宮古市,ＡＴＣ アミューズメントタオカクラブ,サービス,その他サービス,5%
岩手県,宮古市,田岡本社,小売業,ガソリンスタンド,2%
岩手県,宮古市,たかしち,サービス,飲食業,5%
岩手県,宮古市,タカシマ電気,小売業,電化製品,5%
岩手県,宮古市,田老漁協ＳＳ,小売業,ガソリンスタンド,2%
岩手県,宮古市,電気シマザキの店,小売業,電化製品,5%
岩手県,宮古市,トムトム 小売 トムトム,小売業,その他小売,5%
岩手県,宮古市,トヨタレンタリース岩手 宮古駅東店,サービス,その他サービス,2%
岩手県,宮古市,野村商店 宮古店,小売業,その他小売,5%
岩手県,宮古市,バッグコレクションモリタ 宮古ＤＯＲＡ,小売業,貴金属・服飾品,5%
岩手県,宮古市,パティスリーＤＯＵＮＥＬ ドーネル河南店,サービス,飲食業,5%
岩手県,宮古市,パティスリードーネル 河南店,サービス,飲食業,5%
岩手県,宮古市,パティスリードーネル 生協DORA店,サービス,飲食業,5%
岩手県,宮古市,マクドナルド１０６宮古店,サービス,飲食業,2%
岩手県,宮古市,まるみ屋 １００円ショップ ラ エン,小売業,その他小売,2%
岩手県,宮古市,三上商店,小売業,食料品,5%
岩手県,宮古市,宮古ＳＳ,小売業,ガソリンスタンド,2%
岩手県,宮古市,宮古オートバイ会館,小売業,その他小売,5%
岩手県,宮古市,宮古黒森ＳＳ,小売業,ガソリンスタンド,2%
岩手県,宮古市,宮古ホテル沢田屋,サービス,宿泊業,5%
岩手県,宮古市,宮古ヤクルト販売 八戸営業所,小売業,食料品,5%
岩手県,宮古市,宮古ヤクルト販売 宮町センター,小売業,食料品,5%
岩手県,宮古市,宮沢自動車塗装,サービス,その他サービス,5%
岩手県,宮古市,メリーランド タオカ,サービス,飲食業,5%
岩手県,宮古市,茂市ＳＳ,小売業,ガソリンスタンド,2%
岩手県,宮古市,モリタ 宮古 ＤＯＲＡ店,小売業,貴金属・服飾品,5%
岩手県,宮古市,焼肉もりもり,サービス,飲食業,5%
岩手県,宮古市,ヤマザキカメラ 本店,小売業,その他小売,5%
岩手県,宮古市,ヤマザキカメラ千徳店,小売業,その他小売,5%
岩手県,宮古市,山仁商店,小売業,食料品,5%
岩手県,宮古市,有限会社 坂兼商店 魚菜市場店,小売業,その他小売,5%
岩手県,宮古市,有限会社 中島ミシン店,小売業,その他小売,5%
岩手県,宮古市,有限会社 藤善商店 本社,小売業,ガソリンスタンド,2%
岩手県,宮古市,有限会社 山清商店,小売業,食料品,5%
岩手県,宮古市,ＹＯＧＡＳＡＬＯＮＰＯＹＡＮＩＣＡ,サービス,その他サービス,5%
岩手県,宮古市,楽菜,サービス,飲食業,5%
岩手県,宮古市,ＬＵＮＡ ｃａｆｅ,サービス,飲食業,5%
岩手県,宮古市,わんわん専門ハートフル,サービス,その他サービス,5%
岩手県,盛岡市,Ｒ,サービス,宿泊業,5%
岩手県,盛岡市,アールクリーンハウス,サービス,その他サービス,5%
岩手県,盛岡市,ＡｅｒｏｎＳｔａｎｄａｒｄ,サービス,飲食業,5%
岩手県,盛岡市,ＡＥＲＯＮ ＳＴＡＮＤＡＲＤ,サービス,飲食業,5%
岩手県,盛岡市,あい,サービス,宿泊業,5%
岩手県,盛岡市,愛真館,サービス,宿泊業,5%
岩手県,盛岡市,青山興業所,サービス,その他サービス,5%
岩手県,盛岡市,赤い鳥盛岡駅前店,サービス,飲食業,5%
岩手県,盛岡市,Ａｇｕ ｈａｉｒ Ａｇｕ ｈａｉｒ ｇｉｔａみたけ,サービス,理容・美容業,5%
岩手県,盛岡市,Ａｇｕ ｈａｉｒ Ａｇｕ ｈａｉｒ ｍａｒｒｙ運動公園前,サービス,理容・美容業,5%
岩手県,盛岡市,Ａｇｕ ｈａｉｒ Ａｇｕ ｈａｉｒ ｅｃｌａｔ 津志田,サービス,理容・美容業,5%
岩手県,盛岡市,Ａｇｕ ｈａｉｒ Ａｇｕ ｈａｉｒ ｊｏｕｒｎｅｙ 紫波,サービス,理容・美容業,5%
岩手県,盛岡市,Ａｇｕ ｈａｉｒ Ａｇｕ ｈａｉｒ ｆｒａｎ盛岡本宮,サービス,理容・美容業,5%
岩手県,盛岡市,Ａｇｕ ｈａｉｒ Ａｇｕ ｈａｉｒ ｌｏｌｏ盛岡,サービス,理容・美容業,5%
岩手県,盛岡市,Ａｇｕ ｈａｉｒ Ａｇｕ ｈａｉｒ ｆｒａｎ盛岡本宮,サービス,理容・美容業,5%
岩手県,盛岡市,浅沼醤油店 食楽日和,小売業,食料品,5%
岩手県,盛岡市,あさ開 地酒物産館,小売業,その他小売,5%
岩手県,盛岡市,アザレ化粧品 津志田サロン,小売業,その他小売,5%
岩手県,盛岡市,Ａ・Ｊ・Ｄアクセサリーズ,小売業,その他小売,5%
岩手県,盛岡市,味処 彩四季,サービス,飲食業,5%
岩手県,盛岡市,アスティ盛岡店,小売業,衣料品,5%
岩手県,盛岡市,ＡＴＬＵＣＫ,小売業,衣料品,5%
岩手県,盛岡市,厚谷彩子,サービス,その他サービス,5%
岩手県,盛岡市,ＡＦＴＥＲ,サービス,飲食業,5%
岩手県,盛岡市,Ａｆｔｅｒ,サービス,飲食業,5%
岩手県,盛岡市,アポロ石油株式会社,小売業,その他小売,5%
岩手県,盛岡市,あやめタクシー,サービス,運輸業,5%
岩手県,盛岡市,有坂輪業,小売業,その他小売,5%
岩手県,盛岡市,アルセーヌルパン,サービス,飲食業,5%
岩手県,盛岡市,Ａｍｉｔｉｅ ｂｙ ｐｒｅｔｔｙ,サービス,理容・美容業,5%
岩手県,盛岡市,アンティカトラットリア・イナバ,サービス,飲食業,5%
岩手県,盛岡市,アンティークビーチ,小売業,衣料品,5%
岩手県,盛岡市,イーハトーヴ釣具店,小売業,その他小売,5%
岩手県,盛岡市,伊吉書院 盛岡サンサ店,小売業,書籍・玩具・音楽ＣＤ,5%
岩手県,盛岡市,ＩＺＡＫＡＹＡ ＢＡＲＲＥＬ べっか,サービス,飲食業,5%
岩手県,盛岡市,いさごだ 月が丘店,小売業,衣料品,5%
岩手県,盛岡市,いさごだ 本店,小売業,衣料品,5%
岩手県,盛岡市,イタリアンレストラン ｏｔｔｏ,サービス,飲食業,5%
岩手県,盛岡市,いちのの,サービス,宿泊業,5%
岩手県,盛岡市,一心堂,小売業,その他小売,5%
岩手県,盛岡市,井上楽器,小売業,その他小売,5%
岩手県,盛岡市,井上楽器,小売業,その他小売,5%
岩手県,盛岡市,いろはり＠本宮,サービス,その他サービス,5%
岩手県,盛岡市,岩泉純木家具,小売業,家具・調度品,5%
岩手県,盛岡市,岩鋳鉄器館,小売業,その他小売,5%
岩手県,盛岡市,岩手革,小売業,貴金属・服飾品,5%
岩手県,盛岡市,岩手県北バス 盛岡営業所,サービス,その他サービス,5%
岩手県,盛岡市,岩手県北バス 盛岡駅前,サービス,その他サービス,5%
岩手県,盛岡市,岩手ヤクルト販売 東和センター,小売業,食料品,5%
岩手県,盛岡市,岩手ヤクルト販売 一関センター,小売業,食料品,5%
岩手県,盛岡市,岩手ヤクルト販売 平泉センター,小売業,食料品,5%
岩手県,盛岡市,岩手ヤクルト販売 花泉センター,小売業,食料品,5%
岩手県,盛岡市,岩手ヤクルト販売 二戸センター,小売業,食料品,5%
岩手県,盛岡市,岩手ヤクルト販売 一戸センター,小売業,食料品,5%
岩手県,盛岡市,岩手ヤクルト販売 沼宮内センター,小売業,食料品,5%
岩手県,盛岡市,岩手ヤクルト販売 葛巻センター,小売業,食料品,5%
岩手県,盛岡市,岩手ヤクルト販売 西根センター,小売業,食料品,5%
岩手県,盛岡市,岩手ヤクルト販売 もりおか中央センター,小売業,食料品,5%
岩手県,盛岡市,岩手ヤクルト販売 流通センター,小売業,食料品,5%
岩手県,盛岡市,岩手ヤクルト販売 もりおか北センター,小売業,食料品,5%
岩手県,盛岡市,岩手ヤクルト販売 もりおか南センター,小売業,食料品,5%
岩手県,盛岡市,岩手ヤクルト販売 もりおか東センター,小売業,食料品,5%
岩手県,盛岡市,岩手ヤクルト販売 もりおか西センター,小売業,食料品,5%
岩手県,盛岡市,岩手ヤクルト販売 雫石センター,小売業,食料品,5%
岩手県,盛岡市,岩手ヤクルト販売 矢巾センター,小売業,食料品,5%
岩手県,盛岡市,岩手ヤクルト販売 水沢センター,小売業,食料品,5%
岩手県,盛岡市,岩手ヤクルト販売 江刺センター,小売業,食料品,5%
岩手県,盛岡市,岩手ヤクルト販売 前沢ポイント,小売業,食料品,5%
岩手県,盛岡市,岩手ヤクルト販売 北上センター,小売業,食料品,5%
岩手県,盛岡市,岩手ヤクルト販売 大迫センター,小売業,食料品,5%
岩手県,盛岡市,岩手ヤクルト販売 花巻センター,小売業,食料品,5%
岩手県,盛岡市,岩手ヤクルト販売 石鳥谷センター,小売業,食料品,5%
岩手県,盛岡市,岩手ヤクルト販売 安浄センター,小売業,食料品,5%
岩手県,盛岡市,インテリアブティックフォーライフ,小売業,その他小売,5%
岩手県,盛岡市,ＶＩＮＧＴＱＵＡＴＲＥ,サービス,理容・美容業,5%
岩手県,盛岡市,Ｖｉｖａｃｅ,サービス,理容・美容業,5%
岩手県,盛岡市,ウーマンリミックス盛岡店,小売業,衣料品,5%
岩手県,盛岡市,ウサギボタニカ,サービス,飲食業,5%
岩手県,盛岡市,うまい一丸鮨 盛岡店,サービス,飲食業,5%
岩手県,盛岡市,海ごはん しまか,サービス,飲食業,5%
岩手県,盛岡市,エキナカくすり屋さん,小売業,書籍・玩具・音楽ＣＤ,5%
岩手県,盛岡市,エクシードエンタープライズ株式会社,サービス,その他サービス,5%
岩手県,盛岡市,エステアンドシェービングサロン碧いしずく,サービス,理容・美容業,5%
岩手県,盛岡市,ＳＴモータースクール 南校,サービス,その他サービス,5%
岩手県,盛岡市,ＡＮＹ,サービス,理容・美容業,5%
岩手県,盛岡市,ｅｎｏｎ【エノン】,サービス,その他サービス,5%
岩手県,盛岡市,エマ＆アグレアーブル,小売業,衣料品,5%
岩手県,盛岡市,ｅｎｇａｗａ,サービス,飲食業,5%
岩手県,盛岡市,エンサウンド,小売業,電化製品,5%
岩手県,盛岡市,大川電気,小売業,電化製品,5%
岩手県,盛岡市,大阪王将 盛岡駅フェザン店,サービス,飲食業,2%
岩手県,盛岡市,大阪王将 盛岡駅前店,サービス,飲食業,2%
岩手県,盛岡市,大阪王将 盛岡上堂店,サービス,飲食業,2%
岩手県,盛岡市,大阪王将 イオンモール盛岡南店,サービス,飲食業,2%
岩手県,盛岡市,オートギャラリーＭＳＭ,小売業,その他小売,5%
岩手県,盛岡市,オートステージ アレックス,小売業,その他小売,5%
岩手県,盛岡市,小川原自動車鈑金,サービス,その他サービス,5%
岩手県,盛岡市,お好み焼たけ坊,サービス,飲食業,5%
岩手県,盛岡市,おそうじ本舗 盛岡インター店,サービス,その他サービス,5%
岩手県,盛岡市,小野染彩所,小売業,衣料品,5%
岩手県,盛岡市,ＯＲＩＯＲＩ,小売業,書籍・玩具・音楽ＣＤ,5%
岩手県,盛岡市,ｏｒｉｇｉｎａｌｂａｇｃｈａｒｂｏｕｚ,サービス,その他サービス,5%
岩手県,盛岡市,オリーブの実,サービス,飲食業,5%
岩手県,盛岡市,温野菜盛岡南店,サービス,飲食業,2%
岩手県,盛岡市,海鮮．鮨．和食 鈴徳,サービス,飲食業,5%
岩手県,盛岡市,カイロプラクティックたんぽぽ,サービス,その他サービス,5%
岩手県,盛岡市,花王堂本店,小売業,その他小売,5%
岩手県,盛岡市,柿沢電器,小売業,電化製品,5%
岩手県,盛岡市,Ｋａｓｉ－ｆｒｉｅｎｄｌｙ,小売業,衣料品,5%
岩手県,盛岡市,菓匠三全盛岡フェザン店,小売業,食料品,5%
岩手県,盛岡市,かっぱぎ屋盛岡店,小売業,その他小売,5%
岩手県,盛岡市,ＣＡＦＥ ＲＥＳＴＡＵＲＡＮＴ ＪＡＲＡＮ ＪＡＲＡＮ,サービス,飲食業,5%
岩手県,盛岡市,株式会社 黒川自動車,サービス,その他サービス,5%
岩手県,盛岡市,株式会社 フェリシア ステーキレストラン 斗南,サービス,飲食業,5%
岩手県,盛岡市,株式会社イズミヤ 手芸のイズミヤ,小売業,その他小売,5%
岩手県,盛岡市,株式会社イワテ美容商事,サービス,理容・美容業,5%
岩手県,盛岡市,株式会社カーサービス岩手,サービス,その他サービス,5%
岩手県,盛岡市,株式会社ＣＳＶ,サービス,その他サービス,5%
岩手県,盛岡市,養老乃瀧仙北町店,サービス,飲食業,2%
岩手県,盛岡市,カーベル盛岡仙北店,小売業,その他小売,5%
岩手県,盛岡市,釜定,小売業,家具・調度品,5%
岩手県,盛岡市,鎌田米穀店,小売業,食料品,5%
岩手県,盛岡市,出光上堂ＳＳ,小売業,ガソリンスタンド,2%
岩手県,盛岡市,カラオケ合衆国 盛岡店,サービス,その他サービス,5%
岩手県,盛岡市,カラマツトレイン 盛岡店,小売業,書籍・玩具・音楽ＣＤ,5%
岩手県,盛岡市,カリス・ガーデン,サービス,理容・美容業,5%
岩手県,盛岡市,カレーハウスＣｏＣｏ壱番屋盛岡インター店,サービス,飲食業,2%
岩手県,盛岡市,カレーハウスＣｏＣｏ壱番屋盛岡大通店,サービス,飲食業,2%
岩手県,盛岡市,カレーハウスＣｏＣｏ壱番屋盛岡津志田店,サービス,飲食業,2%
岩手県,盛岡市,ガロパン ガロパン,小売業,食料品,5%
岩手県,盛岡市,河合塾マナビス中ノ橋校,サービス,その他サービス,2%
岩手県,盛岡市,河合塾マナビス盛岡青山校,サービス,その他サービス,2%
岩手県,盛岡市,河合塾マナビス盛岡上田校,サービス,その他サービス,2%
岩手県,盛岡市,河合塾マナビス盛岡駅前校,サービス,その他サービス,2%
岩手県,盛岡市,盛岡ガス燃料株式会社 簡易ガス,小売業,その他小売,5%
岩手県,盛岡市,函太郎 アクロスプラザ盛岡みたけ店,サービス,飲食業,5%
岩手県,盛岡市,有限会社 菅旅舘,サービス,宿泊業,5%
岩手県,盛岡市,ＫＩＩＴＯＳ,小売業,その他小売,5%
岩手県,盛岡市,木栄酒店,小売業,食料品,5%
岩手県,盛岡市,喜久水庵盛岡店,小売業,食料品,5%
岩手県,盛岡市,ＫＩＤＡＮＡ ＫＩＤＡＮＡ,小売業,衣料品,5%
岩手県,盛岡市,北の光原社,小売業,衣料品,5%
岩手県,盛岡市,北ホテル 和食処 窯 カマド,サービス,飲食業,5%
岩手県,盛岡市,キャピック,サービス,その他サービス,5%
岩手県,盛岡市,ギャラリーＰＡＲＣＯ,サービス,理容・美容業,5%
岩手県,盛岡市,牛カツとお茶漬けの店さいとう,サービス,飲食業,5%
岩手県,盛岡市,京都勝牛盛岡内丸店,サービス,飲食業,5%
岩手県,盛岡市,Ｋｉｒａメイク,サービス,その他サービス,5%
岩手県,盛岡市,金宝堂,サービス,飲食業,5%
岩手県,盛岡市,Ｃｏｏ＆ＲＩＫＵ岩手盛岡店,小売業,その他小売,5%
岩手県,盛岡市,くすりのくどう,小売業,その他小売,5%
岩手県,盛岡市,ｇｏｏｄ ｃｏｆｆｅｅ ｓｔａｎｄ ｇｏｏｄ ｃｏｆｆｅｅ ｓｔａｎｄ,サービス,飲食業,5%
岩手県,盛岡市,クラブエイトスタジオ盛岡,小売業,家具・調度品,5%
岩手県,盛岡市,クリーニング オリーブ イオンスーパーセンター盛岡渋民店,サービス,その他サービス,5%
岩手県,盛岡市,クリスタルルーム,サービス,宿泊業,5%
岩手県,盛岡市,ｃｒｅａｌｃｅ,小売業,貴金属・服飾品,5%
岩手県,盛岡市,ＣｒｏｉｓＳａｌｏｎＳＡＫＵＲＡ,サービス,その他サービス,5%
岩手県,盛岡市,ＧＬＯＷ,小売業,衣料品,5%
岩手県,盛岡市,ケイエスモータース,小売業,その他小売,5%
岩手県,盛岡市,ケーキ工房モダンタイムス ケーキ工房モダンタイムス,小売業,食料品,5%
岩手県,盛岡市,ＫＣＳセンター盛岡南,サービス,その他サービス,5%
岩手県,盛岡市,化粧屋,小売業,その他小売,5%
岩手県,盛岡市,賢治の大地館,小売業,家具・調度品,5%
岩手県,盛岡市,鯉よし,サービス,飲食業,5%
岩手県,盛岡市,光原社,小売業,衣料品,5%
岩手県,盛岡市,光原社モーリオ,小売業,家具・調度品,5%
岩手県,盛岡市,香? 本宮本店,サービス,飲食業,5%
岩手県,盛岡市,幸身堂,サービス,その他サービス,5%
岩手県,盛岡市,株式会社こころたち,サービス,飲食業,5%
岩手県,盛岡市,ゴウちゃんのコロッケ屋,サービス,飲食業,5%
岩手県,盛岡市,好摩ＳＳ,小売業,ガソリンスタンド,2%
岩手県,盛岡市,５８５８ｋｏｙａｋｏｙａ,サービス,その他サービス,5%
岩手県,盛岡市,ｃｏｃｏｒｉｔａ,サービス,理容・美容業,5%
岩手県,盛岡市,コスメ エステ ウィール コスメ エステウィール,小売業,その他小売,5%
岩手県,盛岡市,ゴッサムヘアー,サービス,理容・美容業,5%
岩手県,盛岡市,ごはん家 あっちゃん,サービス,飲食業,5%
岩手県,盛岡市,こぶしの花,小売業,食料品,5%
岩手県,盛岡市,コロナセントラルサービス 盛岡営,サービス,その他サービス,5%
岩手県,盛岡市,昆石材店 盛岡店,小売業,その他小売,5%
岩手県,盛岡市,紺屋町 ＳＳ,小売業,ガソリンスタンド,2%
岩手県,盛岡市,菜園マイクロブルワリーｗｉｔｈＫｉｔｃｈ,サービス,飲食業,5%
岩手県,盛岡市,酒居家 夢の蔵,サービス,飲食業,5%
岩手県,盛岡市,ＳＲサ－ビス,サービス,その他サービス,5%
岩手県,盛岡市,サイクルスペースチャリ松松園本店,小売業,その他小売,5%
岩手県,盛岡市,サイクルスペースチャリ松盛岡南店,小売業,その他小売,5%
岩手県,盛岡市,サイクルセンター山口輪店緑が丘店,小売業,その他小売,5%
岩手県,盛岡市,再販,小売業,家具・調度品,5%
岩手県,盛岡市,再販 本社,小売業,家具・調度品,5%
岩手県,盛岡市,再販 南仙北店,小売業,家具・調度品,5%
岩手県,盛岡市,サキナビューティーラウンジ盛岡,小売業,その他小売,5%
岩手県,盛岡市,酒のソクハイ盛岡大通店,小売業,その他小売,5%
岩手県,盛岡市,佐々木酒店,小売業,食料品,5%
岩手県,盛岡市,佐々木写真事務所,サービス,その他サービス,5%
岩手県,盛岡市,小夜タクシー,サービス,運輸業,5%
岩手県,盛岡市,魚楽 【さら】,サービス,飲食業,5%
岩手県,盛岡市,サラダファームデリフェザン店,小売業,その他小売,5%
岩手県,盛岡市,サロンドヴォーグ,サービス,理容・美容業,5%
岩手県,盛岡市,さわや書店フェザン店,小売業,書籍・玩具・音楽ＣＤ,5%
岩手県,盛岡市,さわや書店 本店,小売業,書籍・玩具・音楽ＣＤ,5%
岩手県,盛岡市,さわや書店松園店,小売業,書籍・玩具・音楽ＣＤ,5%
岩手県,盛岡市,三寿司 大通支店,サービス,飲食業,5%
岩手県,盛岡市,三寿司 菜園総本店,サービス,飲食業,5%
岩手県,盛岡市,三寿司大通本店,サービス,飲食業,5%
岩手県,盛岡市,三万年の癒し,サービス,その他サービス,5%
岩手県,盛岡市,サンメディカル,サービス,理容・美容業,5%
岩手県,盛岡市,三洋薬品ＨＢＣ株式会社 盛岡営業所,小売業,その他小売,5%
岩手県,盛岡市,サンワーク 山岸店,小売業,電化製品,5%
岩手県,盛岡市,ＣＩＹ,小売業,衣料品,5%
岩手県,盛岡市,ｇｅｅ，ｊｅｅ 盛岡店,小売業,衣料品,5%
岩手県,盛岡市,シェアライク パーソナル,サービス,その他サービス,5%
岩手県,盛岡市,ジェームス 盛岡南店,小売業,その他小売,2%
岩手県,盛岡市,自家製酵母パン Ｃｏｃｃｉｎｅｌｌｅ 盛岡ＴＳＵＴＡＹＡ店 ブックカフェ,サービス,飲食業,2%
岩手県,盛岡市,自家製酵母パン Ｃｏｃｃｉｎｅｌｌｅ 盛岡ＴＳＵＴＡＹＡ店ベーカリーカフェ,サービス,飲食業,2%
岩手県,盛岡市,自家製酵母パン Ｃｏｃｃｉｎｅｌｌｅ 上堂店,サービス,飲食業,2%
岩手県,盛岡市,ＳＨＩＫＩＳＯＵ,サービス,飲食業,5%
岩手県,盛岡市,四季亭,サービス,宿泊業,5%
岩手県,盛岡市,地酒屋芳本酒店,小売業,衣料品,5%
岩手県,盛岡市,ｇｅｅ３．ｊｅｅ,小売業,衣料品,5%
岩手県,盛岡市,車検専門店 ＲＡＫＵＤＡ 岩手店,サービス,その他サービス,5%
岩手県,盛岡市,ＪＵＳＴＩＣＥ,小売業,衣料品,5%
岩手県,盛岡市,シャトルージュ,サービス,宿泊業,5%
岩手県,盛岡市,シャルムヘアー,サービス,理容・美容業,5%
岩手県,盛岡市,上海倶楽部,サービス,飲食業,5%
岩手県,盛岡市,じゃんまる津志田店 じゃんまる津志田店,小売業,食料品,5%
岩手県,盛岡市,寿々苑,サービス,飲食業,5%
岩手県,盛岡市,シュタイフ盛岡,小売業,衣料品,5%
岩手県,盛岡市,ジュピター盛岡店,小売業,食料品,5%
岩手県,盛岡市,Ｓｈｏｉｃｏ,サービス,その他サービス,5%
岩手県,盛岡市,浄法寺漆産業,小売業,その他小売,5%
岩手県,盛岡市,白石自動車工業,サービス,その他サービス,5%
岩手県,盛岡市,新日本補聴器センター盛岡店,小売業,その他小売,5%
岩手県,盛岡市,親和自動車整備工場,サービス,運輸業,5%
岩手県,盛岡市,水晶堂 中央通店,小売業,貴金属・服飾品,5%
岩手県,盛岡市,すずのき盛岡店,小売業,衣料品,5%
岩手県,盛岡市,くらふと一期舎,サービス,その他サービス,5%
岩手県,盛岡市,ｓｔａｃｃａｔｏ＠ｈａｉｒ,サービス,理容・美容業,5%
岩手県,盛岡市,すっぱい林檎の専門店。,小売業,食料品,5%
岩手県,盛岡市,ＳＴＥＬＬＡ総合毛髪サロン ＳＴＥＬＬＡ 総合毛髪サロン 盛岡,サービス,理容・美容業,5%
岩手県,盛岡市,すぺいん倶楽部,サービス,飲食業,5%
岩手県,盛岡市,すぺいん倶楽部,サービス,飲食業,5%
岩手県,盛岡市,スマイルメガネ研究舎 盛岡ＭＯＳＳビル店,小売業,その他小売,5%
岩手県,盛岡市,炭火焼ブルスタテラス仙北店,サービス,飲食業,5%
岩手県,盛岡市,すみ家,サービス,飲食業,5%
岩手県,盛岡市,ゼアー,サービス,その他サービス,5%
岩手県,盛岡市,生活芸術,小売業,衣料品,5%
岩手県,盛岡市,整体ＲｅＳｅｔ,サービス,その他サービス,5%
岩手県,盛岡市,ｃｅｃｉｌｅ ｄｅｓｉｇｎ,小売業,その他小売,5%
岩手県,盛岡市,セルフステーションアリーナ下太田,小売業,ガソリンスタンド,2%
岩手県,盛岡市,セルフ盛岡上堂ＳＳ,小売業,ガソリンスタンド,2%
岩手県,盛岡市,善五郎,サービス,宿泊業,5%
岩手県,盛岡市,漸進社,サービス,飲食業,5%
岩手県,盛岡市,蕎麦 ブラザーズ,サービス,飲食業,5%
岩手県,盛岡市,大衆酒場 八兵衛（はちべえ）,サービス,飲食業,5%
岩手県,盛岡市,大善ストア 仙北店,小売業,その他小売,5%
岩手県,盛岡市,大同苑盛岡本店,サービス,飲食業,5%
岩手県,盛岡市,ダイニングカフェマップス 本宮,サービス,飲食業,5%
岩手県,盛岡市,大和自動車工業所,サービス,その他サービス,5%
岩手県,盛岡市,高匠,サービス,その他サービス,5%
岩手県,盛岡市,竹田 菊地税理士法人,サービス,その他サービス,5%
岩手県,盛岡市,竹の家ａｉｉｎａ店,サービス,飲食業,5%
岩手県,盛岡市,立呑えびすけ,サービス,飲食業,5%
岩手県,盛岡市,立花製靴店 立花製靴店,サービス,その他サービス,5%
岩手県,盛岡市,舘澤食料品店,小売業,その他小売,5%
岩手県,盛岡市,ＤＡＮＮＹ’ＳＢＡＲＢＥＲ,サービス,理容・美容業,5%
岩手県,盛岡市,ＤＡＮＮＹ Ｓ ＢＡＲＢＥＲ,サービス,理容・美容業,5%
岩手県,盛岡市,たもり乙部店,小売業,食料品,5%
岩手県,盛岡市,タリーズコーヒー 盛岡駅フェザン店,サービス,飲食業,2%
岩手県,盛岡市,タルトタタン 八幡町本店,小売業,食料品,5%
岩手県,盛岡市,ＴＡＷＡＲＡ（たわら）,サービス,飲食業,5%
岩手県,盛岡市,地産地招 あげ福,サービス,飲食業,5%
岩手県,盛岡市,チョコ南部ＰＲＥＭＩＵＭモリオカフェザンテン,小売業,食料品,5%
岩手県,盛岡市,千代寿し,サービス,飲食業,5%
岩手県,盛岡市,都南インター ＳＳ,小売業,ガソリンスタンド,2%
岩手県,盛岡市,ＴＥＣＯＮＥタカハシムセン,小売業,電化製品,5%
岩手県,盛岡市,電化ライフヨシダ,小売業,電化製品,5%
岩手県,盛岡市,どうくつ美容室ｔｅｎｔｏ,サービス,理容・美容業,5%
岩手県,盛岡市,遠野食肉センター 盛岡店,サービス,飲食業,5%
岩手県,盛岡市,富樫総合設備,サービス,その他サービス,5%
岩手県,盛岡市,特産品プラザ らら・いわて,小売業,家具・調度品,5%
岩手県,盛岡市,Ｄｒ．Ｄｒｉｖｅセルフ一本木店,小売業,ガソリンスタンド,2%
岩手県,盛岡市,Ｄｒ．Ｄｒｉｖｅセルフ梨木店,小売業,ガソリンスタンド,2%
岩手県,盛岡市,都南ＳＳ,小売業,ガソリンスタンド,2%
岩手県,盛岡市,トマトマとつか,小売業,食料品,5%
岩手県,盛岡市,巴染工株式会社,小売業,衣料品,5%
岩手県,盛岡市,トヨタレンタリース岩手,サービス,その他サービス,2%
岩手県,盛岡市,トヨタレンタリース岩手津志田店,サービス,その他サービス,2%
岩手県,盛岡市,トヨタレンタリース岩手みたけ店,サービス,その他サービス,2%
岩手県,盛岡市,トヨタレンタリース岩手盛岡駅南口店,サービス,その他サービス,2%
岩手県,盛岡市,トヨタレンタリース岩手盛岡店,サービス,その他サービス,2%
岩手県,盛岡市,鳥園,サービス,飲食業,5%
岩手県,盛岡市,ドンドンダウンオンウェンズデイ 盛岡北店,小売業,衣料品,2%
岩手県,盛岡市,Ｎｉｇｈｔ Ｐａｒａｄｅ,小売業,衣料品,5%
岩手県,盛岡市,ナインヘアー,サービス,理容・美容業,5%
岩手県,盛岡市,中千家具製作所,小売業,家具・調度品,5%
岩手県,盛岡市,ナガハマコーヒー盛岡駅西口店,サービス,飲食業,5%
岩手県,盛岡市,中屋敷 ＳＳ,小売業,ガソリンスタンド,2%
岩手県,盛岡市,フィットネス・ナチュレ（株式会社Ｓ・ｔｉｃ）,サービス,その他サービス,5%
岩手県,盛岡市,南部ビストロ うんめのす,サービス,飲食業,5%
岩手県,盛岡市,南部家敷本宮店,サービス,飲食業,5%
岩手県,盛岡市,南部家敷盛岡インター店,サービス,飲食業,5%
岩手県,盛岡市,和香 盛岡店,サービス,その他サービス,5%
岩手県,盛岡市,西見前ＳＳ,小売業,ガソリンスタンド,2%
岩手県,盛岡市,日本酒バル Ｇｉｎ蔵,サービス,飲食業,5%
岩手県,盛岡市,日本酒バル晴ル 日本酒バル晴ル,サービス,飲食業,5%
岩手県,盛岡市,ＪＭ／日本料理ひで蔵,サービス,飲食業,5%
岩手県,盛岡市,人形の平安,小売業,書籍・玩具・音楽ＣＤ,5%
岩手県,盛岡市,人形の三笠,サービス,その他サービス,5%
岩手県,盛岡市,ネイルサロンリュビ,サービス,理容・美容業,5%
岩手県,盛岡市,猫カフェもりねこ 猫カフェもりねこ,サービス,その他サービス,5%
岩手県,盛岡市,Ｂａｒ Ａｇｅ Ｂａｒ Ａｇｅ,サービス,飲食業,5%
岩手県,盛岡市,梅月堂 梅月堂,小売業,食料品,5%
岩手県,盛岡市,博多ラーメン まるひで,サービス,飲食業,5%
岩手県,盛岡市,肌工房メロウ,小売業,その他小売,5%
岩手県,盛岡市,八幡創活ＳＣ ぶちょうほの宿 盛岡,サービス,宿泊業,5%
岩手県,盛岡市,ハッシュパピー 盛岡店,小売業,衣料品,5%
岩手県,盛岡市,ばっちょう,サービス,飲食業,5%
岩手県,盛岡市,ハッピーライフ合同会社,サービス,運輸業,5%
岩手県,盛岡市,パティスリーＤＯＵＮＥＬ ドーネル盛岡大通り店,サービス,飲食業,5%
岩手県,盛岡市,パティスリードーネル 盛岡大通りMOSSビル店,サービス,飲食業,5%
岩手県,盛岡市,ｈａｎａ ｍｏｒｉｏｋａ,サービス,その他サービス,5%
岩手県,盛岡市,パノニカ,サービス,飲食業,5%
岩手県,盛岡市,ＰａｎｏＰａｎｏ,小売業,食料品,5%
岩手県,盛岡市,浜焼酒場！海王内丸店,サービス,飲食業,5%
岩手県,盛岡市,ハラペコダイニング グリル,サービス,飲食業,5%
岩手県,盛岡市,バルーン スケッチ,サービス,その他サービス,5%
岩手県,盛岡市,バレンザ・ポー 盛岡店,小売業,衣料品,5%
岩手県,盛岡市,パンプルムゥス 盛岡,サービス,飲食業,5%
岩手県,盛岡市,ビアードパパ盛岡フェザン店,サービス,飲食業,5%
岩手県,盛岡市,ビアバーベアレン中ノ橋,サービス,飲食業,5%
岩手県,盛岡市,ＢＭＯ盛岡店,小売業,衣料品,5%
岩手県,盛岡市,ひいらぎ,サービス,宿泊業,5%
岩手県,盛岡市,ヒーリングサロン栗の木,サービス,理容・美容業,5%
岩手県,盛岡市,ピカソコーラス,サービス,理容・美容業,5%
岩手県,盛岡市,（個人）光タクシー,サービス,運輸業,5%
岩手県,盛岡市,陽だまり工房盛岡支店,サービス,その他サービス,5%
岩手県,盛岡市,ひで蔵,サービス,飲食業,5%
岩手県,盛岡市,株式会社ヒノヤタクシー,サービス,運輸業,5%
岩手県,盛岡市,１０６盛岡ＳＳ,小売業,ガソリンスタンド,2%
岩手県,盛岡市,美容室アクセ,サービス,その他サービス,5%
岩手県,盛岡市,美容室ザ ウイングス,サービス,理容・美容業,5%
岩手県,盛岡市,美容室サムタイム,サービス,理容・美容業,5%
岩手県,盛岡市,美容室シャトレ,サービス,理容・美容業,5%
岩手県,盛岡市,美容室スパイス,サービス,理容・美容業,5%
岩手県,盛岡市,美容室トップアートみたけ店,サービス,理容・美容業,5%
岩手県,盛岡市,美容室パロマピカソ,サービス,理容・美容業,5%
岩手県,盛岡市,美容室ヒラトヤ青山店,サービス,理容・美容業,5%
岩手県,盛岡市,美容室ヒラトヤ駅前店,サービス,理容・美容業,5%
岩手県,盛岡市,美容室ヒラトヤ肴町店,サービス,理容・美容業,5%
岩手県,盛岡市,美容室ヒラトヤジョイス本町店,サービス,理容・美容業,5%
岩手県,盛岡市,美容室ヒラトヤ仙北店,サービス,理容・美容業,5%
岩手県,盛岡市,美容室ヒラトヤ都南店,サービス,理容・美容業,5%
岩手県,盛岡市,美容室ヒラトヤ日影門店,サービス,理容・美容業,5%
岩手県,盛岡市,美容室フロムハート,サービス,理容・美容業,5%
岩手県,盛岡市,ぴょんぴょん舎稲荷町本店,サービス,飲食業,5%
岩手県,盛岡市,ぴょんぴょん舎銀河便,サービス,飲食業,5%
岩手県,盛岡市,ぴょんぴょん舎都南店,サービス,飲食業,5%
岩手県,盛岡市,ぴょんぴょん舎盛岡駅前店,サービス,飲食業,5%
岩手県,盛岡市,Ｆｉｖｅ Ｐｅｎｎｉｅｓ,サービス,飲食業,5%
岩手県,盛岡市,Ｆｕｎｎｙ Ｃａｒｓ ＦｕｎｎｙＣａｒｓ,小売業,その他小売,5%
岩手県,盛岡市,ｆａｍ． 【ファム】,サービス,理容・美容業,5%
岩手県,盛岡市,ｆｉｌｏ,サービス,飲食業,5%
岩手県,盛岡市,フィジオセンター盛岡,サービス,その他サービス,5%
岩手県,盛岡市,フィッツミークロステラス盛岡店,サービス,その他サービス,5%
岩手県,盛岡市,ｆａｖｏｒｉｔｅ ｃａｆｅ ｆａｖｏｒｉｔｅｃａｆｅ,小売業,食料品,5%
岩手県,盛岡市,ｆａｖｏｒｉｔｅ ｓｐａ,サービス,理容・美容業,5%
岩手県,盛岡市,ＦＥＬＵＣＡ ＯＦ ＨＡＩＲ【フェルーカ オブ ヘア】,サービス,理容・美容業,5%
岩手県,盛岡市,福来屋酒店,小売業,食料品,5%
岩手県,盛岡市,藤枝工房 藤枝工房,小売業,その他小売,5%
岩手県,盛岡市,（個人）ＦＵＪＩＮＯＭＩＴＡＸＩ,サービス,運輸業,5%
岩手県,盛岡市,ブックオフ盛岡稲荷店,小売業,その他小売,2%
岩手県,盛岡市,ブックオフ盛岡厨川店,小売業,その他小売,2%
岩手県,盛岡市,ブッチャー軒 本宮店,サービス,飲食業,5%
岩手県,盛岡市,＋Ｒａｂｂｉｔ｀ｓＦａｒｍ,小売業,その他小売,5%
岩手県,盛岡市,ＦＬＯＷＥＲＷＯＲＫＳ,小売業,その他小売,5%
岩手県,盛岡市,フランクプロボー,サービス,理容・美容業,5%
岩手県,盛岡市,プランタンアヴェダ,サービス,理容・美容業,5%
岩手県,盛岡市,プランタンａｒ,サービス,理容・美容業,5%
岩手県,盛岡市,プランタンビス,サービス,理容・美容業,5%
岩手県,盛岡市,プランタンフォーヘアー,サービス,理容・美容業,5%
岩手県,盛岡市,プランタンリュクス,サービス,その他サービス,5%
岩手県,盛岡市,フリーク ヘアデザイン,サービス,理容・美容業,5%
岩手県,盛岡市,ＢＬＵＥ,小売業,衣料品,5%
岩手県,盛岡市,フルーツショップ のざか,小売業,食料品,5%
岩手県,盛岡市,フルールきくや盛岡フェザン店,小売業,食料品,5%
岩手県,盛岡市,ブルスタテラス 盛岡仙北店,サービス,飲食業,5%
岩手県,盛岡市,フレスキッシマ,サービス,飲食業,5%
岩手県,盛岡市,Ｈａｉｒ Ｐｌａｃｅ Ｐａｔｉｏ,サービス,理容・美容業,5%
岩手県,盛岡市,ヘアー＆フェイス ベリー,サービス,理容・美容業,5%
岩手県,盛岡市,ヘアーサロンスピカ,サービス,理容・美容業,5%
岩手県,盛岡市,ＨａｉｒＳａｌｏｎ Ｌａｍｐ,サービス,理容・美容業,5%
岩手県,盛岡市,ヘア＆メイクシエスタ,サービス,理容・美容業,5%
岩手県,盛岡市,Ｈａｉｒ Ｓａｌｏｎ ＦＲＡＮＣＥ,サービス,理容・美容業,5%
岩手県,盛岡市,ヘアスペースエコ上田店,サービス,理容・美容業,5%
岩手県,盛岡市,ｈａｉｒ Ｂｉｓｂｅｅ,サービス,理容・美容業,5%
岩手県,盛岡市,ＨＡＩＲＭＡＫＥ ＦＡＣＴＯＲＹ,サービス,理容・美容業,5%
岩手県,盛岡市,ヘアメイク 凛,サービス,理容・美容業,5%
岩手県,盛岡市,ヘアメイク ルキナ,サービス,理容・美容業,5%
岩手県,盛岡市,ヘアメイク ポルテ,サービス,理容・美容業,5%
岩手県,盛岡市,ベアレン醸造所 材木町店,サービス,飲食業,5%
岩手県,盛岡市,ベアレン醸造所 直売所,小売業,食料品,5%
岩手県,盛岡市,Ｖｅｇｅｔｕｓ,小売業,食料品,5%
岩手県,盛岡市,ｐｅｎ,小売業,その他小売,5%
岩手県,盛岡市,ＨＯＴＪａＪａ,サービス,飲食業,5%
岩手県,盛岡市,ホテルエース盛岡,サービス,宿泊業,5%
岩手県,盛岡市,ホテル 小田島,サービス,宿泊業,5%
岩手県,盛岡市,ＨＯＴＥＬ ＪＩＮ 盛岡駅前,サービス,宿泊業,5%
岩手県,盛岡市,ホテルロイヤル盛岡,サービス,宿泊業,5%
岩手県,盛岡市,Ｈｏｄｏ,サービス,飲食業,5%
岩手県,盛岡市,ポニー,サービス,宿泊業,5%
岩手県,盛岡市,ホビープライム,小売業,その他小売,5%
岩手県,盛岡市,ＰｏｒｔａＭａｇｉｃａ,小売業,書籍・玩具・音楽ＣＤ,5%
岩手県,盛岡市,ホワイト写真舘,サービス,その他サービス,5%
岩手県,盛岡市,本格寿司 すしの山留,サービス,飲食業,5%
岩手県,盛岡市,本格寿司 すしの山留 緑が丘店,サービス,飲食業,5%
岩手県,盛岡市,マート桜台,小売業,その他小売,5%
岩手県,盛岡市,マイヤ青山店,小売業,食料品,5%
岩手県,盛岡市,マイヤ仙北店,小売業,食料品,5%
岩手県,盛岡市,マクドナルドイオンモール盛岡店,サービス,飲食業,2%
岩手県,盛岡市,マクドナルドイオンモール盛岡南店,サービス,飲食業,2%
岩手県,盛岡市,マクドナルド盛岡青山店,サービス,飲食業,2%
岩手県,盛岡市,マクドナルド盛岡西バイパス本宮店,サービス,飲食業,2%
岩手県,盛岡市,マクドナルド盛岡フェザン店,サービス,飲食業,2%
岩手県,盛岡市,マクドナルド４号線盛岡上田店,サービス,飲食業,2%
岩手県,盛岡市,マクドナルド４号線盛岡南店,サービス,飲食業,2%
岩手県,盛岡市,まつげ＆まゆげサロンＷＩＬＬ 盛岡駅前店,サービス,理容・美容業,5%
岩手県,盛岡市,まつげ屋 くるり,サービス,理容・美容業,5%
岩手県,盛岡市,マッハランド,サービス,その他サービス,5%
岩手県,盛岡市,マルイチ浅岸店,小売業,食料品,5%
岩手県,盛岡市,マルイチ業務スーパー飯岡店,小売業,食料品,2%
岩手県,盛岡市,マルイチ業務スーパー館向店,小売業,食料品,2%
岩手県,盛岡市,マルイチ業務スーパーみたけ店,小売業,食料品,2%
岩手県,盛岡市,マルイチ材木町店,小売業,食料品,5%
岩手県,盛岡市,マルイチ城西店,小売業,食料品,5%
岩手県,盛岡市,マルイチタストヴァン城西店,小売業,食料品,5%
岩手県,盛岡市,マルイチ天昌寺店,小売業,食料品,5%
岩手県,盛岡市,マルイチ中ノ橋通店,小売業,食料品,5%
岩手県,盛岡市,マルイチ東安庭店,小売業,食料品,2%
岩手県,盛岡市,マルイチみたけ店,小売業,食料品,5%
岩手県,盛岡市,マルイチ緑が丘店,小売業,食料品,5%
岩手県,盛岡市,マルイチ本宮店,小売業,食料品,5%
岩手県,盛岡市,まるかんのお店仙北駅前店,小売業,その他小売,5%
岩手県,盛岡市,マルイチビッグハウス上盛岡店,小売業,食料品,2%
岩手県,盛岡市,ＪＭ／丸満 洋品店,小売業,衣料品,5%
岩手県,盛岡市,みたけ北ＳＳ,小売業,ガソリンスタンド,2%
岩手県,盛岡市,みたけ工房,小売業,その他小売,5%
岩手県,盛岡市,道又時計店,小売業,貴金属・服飾品,5%
岩手県,盛岡市,ＭｉＮｉ盛岡,小売業,その他小売,5%
岩手県,盛岡市,宮田燃料 ホームエナジー,小売業,その他小売,2%
岩手県,盛岡市,宮手薬店,小売業,その他小売,5%
岩手県,盛岡市,明明家,サービス,飲食業,5%
岩手県,盛岡市,みらい夢津志田１Ｆ,サービス,飲食業,5%
岩手県,盛岡市,みらい夢津志田２Ｆ,サービス,飲食業,5%
岩手県,盛岡市,ミルクグラス クローゼット,小売業,その他小売,5%
岩手県,盛岡市,ムラタ株式会社,小売業,その他小売,5%
岩手県,盛岡市,明治浪漫 ハイカる,サービス,その他サービス,5%
岩手県,盛岡市,ｍａａ－ｍａａｈｏｍｅｓｐｕｎ,小売業,衣料品,5%
岩手県,盛岡市,メガネクラブ メガネクラブ 青山店,小売業,その他小売,5%
岩手県,盛岡市,メガネクラブ メガネクラブ 上田店,小売業,その他小売,5%
岩手県,盛岡市,メガネクラブ メガネクラブ 都南店,小売業,その他小売,5%
岩手県,盛岡市,メガネクラブ メガネクラブ 本店,小売業,その他小売,5%
岩手県,盛岡市,メガネの水晶堂,小売業,貴金属・服飾品,5%
岩手県,盛岡市,メガネのファミリーズ,小売業,その他小売,5%
岩手県,盛岡市,麺屋 八代 盛岡インター本店,サービス,飲食業,5%
岩手県,盛岡市,モイスチャー美容室青山店,サービス,理容・美容業,5%
岩手県,盛岡市,モトスペース ウインディ,小売業,その他小売,5%
岩手県,盛岡市,モトモチ商事,サービス,その他サービス,5%
岩手県,盛岡市,桃太郎石材,小売業,家具・調度品,5%
岩手県,盛岡市,セブン－イレブン盛岡青山１丁目店,小売業,食料品,2%
岩手県,盛岡市,盛岡安庭ＳＳ,小売業,ガソリンスタンド,2%
岩手県,盛岡市,セブン－イレブン盛岡上田２丁目店,小売業,食料品,2%
岩手県,盛岡市,セブン－イレブン盛岡内丸店,小売業,食料品,2%
岩手県,盛岡市,セブン－イレブン盛岡映画館通店,小売業,食料品,2%
岩手県,盛岡市,セブン－イレブン盛岡大通３丁目店,小売業,食料品,2%
岩手県,盛岡市,セブン－イレブン盛岡加賀野４丁目店,小売業,食料品,2%
岩手県,盛岡市,盛岡ガス燃料株式会社 本社,小売業,その他小売,5%
岩手県,盛岡市,盛岡北ＳＳ,小売業,ガソリンスタンド,2%
岩手県,盛岡市,セブン－イレブン盛岡菜園１丁目店,小売業,食料品,2%
岩手県,盛岡市,盛岡さくら法律事務所,サービス,その他サービス,5%
岩手県,盛岡市,セブン－イレブン盛岡三本柳店,小売業,食料品,2%
岩手県,盛岡市,盛岡シティホテル,サービス,宿泊業,5%
岩手県,盛岡市,セブン－イレブン盛岡月が丘１丁目店,小売業,食料品,2%
岩手県,盛岡市,セブン－イレブン盛岡津志田西２丁目店,小売業,食料品,2%
岩手県,盛岡市,セブン－イレブン盛岡手代森店,小売業,食料品,2%
岩手県,盛岡市,盛岡東部ＳＳ,小売業,ガソリンスタンド,2%
岩手県,盛岡市,セブン－イレブン盛岡永井店,小売業,食料品,2%
岩手県,盛岡市,セブンーイレブン盛岡中野２丁目店,小売業,食料品,2%
岩手県,盛岡市,セブン－イレブン盛岡中ノ橋通１丁目店,小売業,食料品,2%
岩手県,盛岡市,盛岡ニューシティホテル,サービス,宿泊業,5%
岩手県,盛岡市,セブン－イレブン盛岡東黒石野２丁目店,小売業,食料品,2%
岩手県,盛岡市,セブン－イレブン盛岡東宮古街道店,小売業,食料品,2%
岩手県,盛岡市,セブンーイレブン盛岡東見前店,小売業,食料品,2%
岩手県,盛岡市,盛岡美腸サロンＹＮ,サービス,理容・美容業,5%
岩手県,盛岡市,盛岡北部 ＳＳ,小売業,ガソリンスタンド,2%
岩手県,盛岡市,セブン－イレブン盛岡松尾町店,小売業,食料品,2%
岩手県,盛岡市,盛岡マツダ,小売業,その他小売,5%
岩手県,盛岡市,盛岡マツダ商会手代森展示場,小売業,その他小売,5%
岩手県,盛岡市,セブン－イレブン盛岡緑が丘３丁目店,小売業,食料品,2%
岩手県,盛岡市,セブン－イレブン盛岡緑が丘４丁目店,小売業,食料品,2%
岩手県,盛岡市,セブン－イレブン盛岡南大通３丁目店,小売業,食料品,2%
岩手県,盛岡市,セブン－イレブン盛岡南仙北１丁目店,小売業,食料品,2%
岩手県,盛岡市,盛岡南ドライビングスクール,サービス,その他サービス,5%
岩手県,盛岡市,セブン－イレブン盛岡向中野１丁目店,小売業,食料品,2%
岩手県,盛岡市,セブン－イレブン盛岡本宮３丁目店,小売業,食料品,2%
岩手県,盛岡市,セブン－イレブン盛岡夕顔瀬町店,小売業,食料品,2%
岩手県,盛岡市,盛岡リフホテル,サービス,宿泊業,5%
岩手県,盛岡市,モンキーズ,サービス,その他サービス,5%
岩手県,盛岡市,八百長酒場,サービス,飲食業,5%
岩手県,盛岡市,焼肉 冷麺大同苑 盛岡フェザン店,サービス,飲食業,5%
岩手県,盛岡市,やまなか家 盛南店,サービス,飲食業,5%
岩手県,盛岡市,やまなか家 盛岡大通店,サービス,飲食業,5%
岩手県,盛岡市,やみつきホルモン利久盛岡大通店,サービス,飲食業,5%
岩手県,盛岡市,有限会社岩手自動車電機バイパス店,小売業,その他小売,5%
岩手県,盛岡市,有限会社サイクルショップタニフジ,小売業,その他小売,5%
岩手県,盛岡市,有限会社サイクルショップタニフジウエダ店,小売業,その他小売,5%
岩手県,盛岡市,有限会社高橋無線商会,小売業,電化製品,5%
岩手県,盛岡市,有限会社南部鉄瓶元祖鈴木主善堂,小売業,その他小売,5%
岩手県,盛岡市,有 みちのくビプロス,サービス,その他サービス,5%
岩手県,盛岡市,優タクシー,サービス,運輸業,5%
岩手県,盛岡市,ゆっこ盛岡,サービス,その他サービス,5%
岩手県,盛岡市,［ＨＣ］ユートップもりおか,小売業,電化製品,5%
岩手県,盛岡市,ユニバーサルダイニング,サービス,飲食業,5%
岩手県,盛岡市,ユニバーサルダイニング 盛岡店,サービス,飲食業,5%
岩手県,盛岡市,輸入薪ストーブ プロショップヤマザキ,サービス,その他サービス,5%
岩手県,盛岡市,夢の蔵,サービス,飲食業,5%
岩手県,盛岡市,湯守 ホテル大観,サービス,宿泊業,5%
岩手県,盛岡市,養蜂百年館はちみつ村 養蜂百年館はちみつ村,サービス,飲食業,5%
岩手県,盛岡市,養老乃瀧盛岡松園店,サービス,飲食業,2%
岩手県,盛岡市,ｙｏｇａｊｏｕｒｎｅｙ,サービス,その他サービス,5%
岩手県,盛岡市,ＹＯＳＨＩＤＡＬＩＦＥ,小売業,衣料品,5%
岩手県,盛岡市,よつば塗装,サービス,その他サービス,5%
岩手県,盛岡市,米澤商事,小売業,衣料品,5%
岩手県,盛岡市,与六タクシー,サービス,運輸業,5%
岩手県,盛岡市,ラ・クール キャレ 盛岡南店,小売業,衣料品,5%
岩手県,盛岡市,ＬＡＵｇＨｎａｉｌ＆ｂｅａｕｔｙ,サービス,理容・美容業,5%
岩手県,盛岡市,ランドマークストーリーフェザン,小売業,その他小売,5%
岩手県,盛岡市,リカーコートプロースト,小売業,食料品,5%
岩手県,盛岡市,リシェリエ 盛岡南店,小売業,衣料品,5%
岩手県,盛岡市,リセールショップなんだり館,小売業,その他小売,5%
岩手県,盛岡市,Ｌｉｔｔｌｅ Ｗｉｎｇｓ,小売業,衣料品,5%
岩手県,盛岡市,Ｌｉｃｈｔ,小売業,衣料品,5%
岩手県,盛岡市,Ｒｅｆｒｅｓｈｍｅｎｔｓ?ＫＩＳＩＮＯ?,サービス,飲食業,5%
岩手県,盛岡市,リュネット ミュゼ,小売業,その他小売,5%
岩手県,盛岡市,理容室ビューレックス都南店,サービス,理容・美容業,5%
岩手県,盛岡市,理容室ヒラトヤ青山店,サービス,理容・美容業,5%
岩手県,盛岡市,理容室ヒラトヤ駅前店,サービス,理容・美容業,5%
岩手県,盛岡市,理容室ヒラトヤ菜園店,サービス,理容・美容業,5%
岩手県,盛岡市,理容室ヒラトヤ都南店,サービス,理容・美容業,5%
岩手県,盛岡市,理容室ビューレックス緑が丘店,サービス,理容・美容業,5%
岩手県,盛岡市,旅館 大和,サービス,宿泊業,5%
岩手県,盛岡市,リラクゼーションサロンあうら,サービス,その他サービス,5%
岩手県,盛岡市,Ｒｉｒｉｅ,小売業,その他小売,5%
岩手県,盛岡市,Ｒｉｒｅ,小売業,その他小売,5%
岩手県,盛岡市,Ｌｕａｎａ【ルアナ】,サービス,理容・美容業,5%
岩手県,盛岡市,ＬＵＵ,小売業,衣料品,5%
岩手県,盛岡市,Ｌｕｃｙ’ｓ Ｄ,サービス,理容・美容業,5%
岩手県,盛岡市,レストラン ｋｅｎｊｉ,サービス,飲食業,5%
岩手県,盛岡市,レゾナンスネイル,小売業,その他小売,5%
岩手県,盛岡市,ＲＥＴＲＯＧＡＬＬＥＲＹ,小売業,衣料品,5%
岩手県,盛岡市,Ｒｏｉｔｏ,小売業,衣料品,5%
岩手県,盛岡市,Ｒｏｉｔｏ Ｒｏｉｔｏ,小売業,衣料品,5%
岩手県,盛岡市,ロードアンドスカイ,サービス,その他サービス,5%
岩手県,盛岡市,ＬＯＣＡＬＥＲＳ,小売業,衣料品,5%
岩手県,盛岡市,ろく屋どん八 イオンスーパーセン,小売業,食料品,5%
岩手県,盛岡市,ロータスアベ,サービス,その他サービス,5%
岩手県,盛岡市,ＬＯＰＰＩＳ１５３,小売業,衣料品,5%
岩手県,盛岡市,Ｙ’ｚＷＯＲＫＳ,小売業,その他小売,5%
岩手県,盛岡市,ワカバ薬局 材木町店,小売業,その他小売,5%
岩手県,盛岡市,ワカバ薬局 都南店 ワカバ薬局都南店,小売業,その他小売,5%
岩手県,盛岡市,心灸和ふく,サービス,理容・美容業,5%
岩手県,盛岡市,和服屋 盛岡店,小売業,衣料品,5%
岩手県,盛岡市,和楽,小売業,家具・調度品,5%
岩手県,盛岡市,をかしら屋 大通店,サービス,飲食業,5%
岩手県,矢巾町,ＡＸ’ＬＥ,小売業,その他小売,5%
岩手県,矢巾町,Ａｇｕ ｈａｉｒ Ａｇｕ ｈａｉｒ ｍａｈａｌｏ 矢巾,サービス,理容・美容業,5%
岩手県,矢巾町,アスティ矢巾店,小売業,衣料品,5%
岩手県,矢巾町,アドバンス東北,小売業,衣料品,5%
岩手県,矢巾町,石のセガワ盛岡南支店,小売業,その他小売,5%
岩手県,矢巾町,岩手農蚕,小売業,その他小売,5%
岩手県,矢巾町,ｋｕｒｕｍｉｙｏｇａ,サービス,その他サービス,5%
岩手県,矢巾町,佐々木自動車整備工場,サービス,運輸業,5%
岩手県,矢巾町,ストレート 盛岡店,小売業,その他小売,5%
岩手県,矢巾町,スマイルメガネ研究舎 矢巾アルコ店,小売業,その他小売,5%
岩手県,矢巾町,住む～ず,サービス,その他サービス,5%
岩手県,矢巾町,創作和食あかり,サービス,飲食業,5%
岩手県,矢巾町,タニタイフィッツミーアルコ矢巾店,サービス,その他サービス,5%
岩手県,矢巾町,テシゴト工房,サービス,その他サービス,5%
岩手県,矢巾町,遠野食肉センター 矢巾店,サービス,飲食業,5%
岩手県,矢巾町,Ｄｒ．Ｄｒｉｖｅセルフ矢巾駅前店,小売業,ガソリンスタンド,2%
岩手県,矢巾町,プランタンラヴィ,サービス,その他サービス,5%
岩手県,矢巾町,プランタン ｌａｖｉｅ,サービス,理容・美容業,5%
岩手県,矢巾町,前沢牛オガタ牛進矢巾店,小売業,食料品,5%
岩手県,矢巾町,マクドナルド矢巾マックスバリュー店,サービス,飲食業,2%
岩手県,矢巾町,マルイチ矢巾店,小売業,食料品,5%
岩手県,矢巾町,丸幸自動車工業 盛岡営業所,サービス,その他サービス,5%
岩手県,矢巾町,みゅう動物病院,サービス,その他サービス,5%
岩手県,矢巾町,メガネクラブ メガネクラブ 矢巾店,サービス,飲食業,5%
岩手県,矢巾町,セブン－イレブン矢巾町高田店,小売業,食料品,2%
岩手県,矢巾町,セブン－イレブン矢巾町広宮沢店,小売業,食料品,2%
岩手県,矢巾町,セブン－イレブン矢巾町南矢幅店,小売業,食料品,2%
岩手県,矢巾町,矢巾水本ＳＳ,小売業,ガソリンスタンド,2%
岩手県,矢巾町,やまなか家矢巾ＰＡ下り店,サービス,飲食業,5%
岩手県,矢巾町,８８８ｙｕｍｍｙ,サービス,飲食業,5%
岩手県,矢巾町,ユーロガレージ株式会社,小売業,その他小売,5%
岩手県,山田町,うみねこ温泉 湯らっくす,サービス,宿泊業,5%
岩手県,山田町,（有）川村電気商会,小売業,電化製品,5%
岩手県,山田町,川村電気商会,小売業,電化製品,5%
岩手県,山田町,キクコーストア山田インター店,小売業,食料品,5%
岩手県,山田町,五篤丸水産,小売業,食料品,5%
岩手県,山田町,三陸やまだ漁業協同組合イベント,小売業,食料品,5%
岩手県,山田町,セルフ山田町中央ＳＳ,小売業,ガソリンスタンド,2%
岩手県,山田町,中忠商店,小売業,その他小売,5%
岩手県,山田町,パティスリーＤＯＵＮＥＬ ドーネル山田びはん店,サービス,飲食業,5%
岩手県,山田町,パティスリードーネル 山田びはん店,サービス,飲食業,5%
岩手県,山田町,びはんストアオール店,小売業,食料品,5%
岩手県,山田町,びはんストア豊間根店,小売業,食料品,5%
岩手県,山田町,双葉ふとん店,小売業,その他小売,5%
岩手県,山田町,ホームワンサトー,小売業,家具・調度品,5%
岩手県,山田町,マルイチ業務スーパー山田店,小売業,食料品,2%
岩手県,山田町,宮古ヤクルト販売 山田センター,小売業,食料品,5%
岩手県,山田町,セブン－イレブン山田町中央店,小売業,食料品,2%
岩手県,山田町,Ｒｉｚｈａｉｒ Ｒｉｚ ｈａｉｒ,サービス,理容・美容業,5%
岩手県,陸前高田市,カーハウスコージー,小売業,その他小売,5%
岩手県,陸前高田市,カフェフードバー わいわい カフェフードバーわいわい,サービス,飲食業,5%
岩手県,陸前高田市,カフェフードバーわいわい,サービス,飲食業,5%
岩手県,陸前高田市,株式会社マルカメ商店,サービス,その他サービス,5%
岩手県,陸前高田市,キャピタルホテル１０００,サービス,宿泊業,5%
岩手県,陸前高田市,ササキ スポーツ店,小売業,その他小売,5%
岩手県,陸前高田市,ＪＦ広田湾ＳＳ,小売業,ガソリンスタンド,2%
岩手県,陸前高田市,高田自工,小売業,その他小売,5%
岩手県,陸前高田市,竹駒ＳＳ,小売業,ガソリンスタンド,2%
岩手県,陸前高田市,鶴亀鮨,サービス,飲食業,5%
岩手県,陸前高田市,東京屋カフェ,サービス,飲食業,5%
岩手県,陸前高田市,ひみつきち,サービス,理容・美容業,5%
岩手県,陸前高田市,ホテル三陽,サービス,宿泊業,5%
岩手県,陸前高田市,マイヤアップルロード店,小売業,食料品,5%
岩手県,陸前高田市,マイヤ高田店,小売業,食料品,5%
岩手県,陸前高田市,八木澤商店,小売業,食料品,5%
岩手県,陸前高田市,焼肉のろし,サービス,飲食業,5%
岩手県,陸前高田市,セブン－イレブン陸前高田気仙町店,小売業,食料品,2%
岩手県,陸前高田市,セブン－イレブン陸前高田市役所前店,小売業,食料品,2%
岩手県,陸前高田市,セブン－イレブン陸前高田竹駒町店,小売業,食料品,2%
岩手県,陸前高田市,出光陸前高田南ＳＳ,小売業,ガソリンスタンド,2%
