和歌山県,有田川町,アイジュエリーイワモト,小売業,衣料品,5%
和歌山県,有田川町,粟生ＳＳ 坂上石油店,小売業,ガソリンスタンド,2%
和歌山県,有田川町,赤山行政書士事務所,サービス,その他サービス,5%
和歌山県,有田川町,セブン－イレブン有田インター店,小売業,食料品,2%
和歌山県,有田川町,有田川ＳＳ,小売業,ガソリンスタンド,2%
和歌山県,有田川町,森園,サービス,その他サービス,5%
和歌山県,有田川町,有田鉄道株式会社,サービス,運輸業,5%
和歌山県,有田川町,有田鉄道株式会社 本社営業所 １１１,サービス,運輸業,5%
和歌山県,有田川町,出光吉備町ＳＳ,小売業,ガソリンスタンド,2%
和歌山県,有田川町,出光清水町ＳＳ,小売業,ガソリンスタンド,2%
和歌山県,有田川町,Ａ・ＣＯＯＰ かなや店,小売業,その他小売,5%
和歌山県,有田川町,エ・コープ かなや店,小売業,その他小売,5%
和歌山県,有田川町,ＦＬＳパーティハウス 有田川店,小売業,衣料品,5%
和歌山県,有田川町,かえりみちのブルー珈琲,サービス,飲食業,5%
和歌山県,有田川町,金屋ＳＳ,小売業,ガソリンスタンド,2%
和歌山県,有田川町,株式会社紀和自動車,サービス,その他サービス,5%
和歌山県,有田川町,株式会社ナルト,小売業,食料品,5%
和歌山県,有田川町,吉備,小売業,ガソリンスタンド,2%
和歌山県,有田川町,牛角有田川店,サービス,飲食業,2%
和歌山県,有田川町,紀陽ユアーズ,小売業,その他小売,5%
和歌山県,有田川町,楠林電化中紀住設,小売業,電化製品,5%
和歌山県,有田川町,ＣＲＥＯＨＡＩＲ,サービス,理容・美容業,5%
和歌山県,有田川町,Ｋマート金屋口店,小売業,その他小売,5%
和歌山県,有田川町,さりげなく花,小売業,その他小売,5%
和歌山県,有田川町,Ｊｅ Ｖａｉｓ Ｊｅ Ｖａｉｓ,サービス,飲食業,5%
和歌山県,有田川町,ジュエリーセキネ 本店,小売業,貴金属・服飾品,5%
和歌山県,有田川町,食楽 東家,サービス,飲食業,5%
和歌山県,有田川町,スバルショップ有田,小売業,その他小売,5%
和歌山県,有田川町,炭火焼肉のんちゃん,サービス,飲食業,5%
和歌山県,有田川町,セキネ メガネ店,小売業,貴金属・服飾品,5%
和歌山県,有田川町,トヨタカローラ和歌山シーズ有田店,小売業,その他小売,5%
和歌山県,有田川町,トヨタレンタリース和歌山有田店,小売業,その他小売,2%
和歌山県,有田川町,二澤商店,小売業,食料品,5%
和歌山県,有田川町,ネッツトヨタ和歌山有田店,小売業,その他小売,5%
和歌山県,有田川町,二川,小売業,ガソリンスタンド,2%
和歌山県,有田川町,マツゲン 吉備店,小売業,食料品,5%
和歌山県,有田川町,ヤスダ デンキ,小売業,電化製品,5%
和歌山県,有田川町,ＵＧパナトップ 水尻店 水尻店,小売業,電化製品,5%
和歌山県,有田川町,ＵＧパナトップ本店,小売業,電化製品,5%
和歌山県,有田川町,ＵＧパナトップ水尻店,小売業,電化製品,5%
和歌山県,有田川町,リノ有田川店,小売業,衣料品,5%
和歌山県,有田川町,ルアーショップｍｏｋｋｏｙａ,小売業,その他小売,5%
和歌山県,有田川町,和歌山ダイハツ販売有田店,小売業,その他小売,5%
和歌山県,有田川町,和歌山トヨタ自動車有田店,小売業,その他小売,5%
和歌山県,有田川町,和歌山トヨペット有田インター店,小売業,その他小売,5%
和歌山県,有田市,有田ＳＳ,小売業,ガソリンスタンド,2%
和歌山県,有田市,有田川温泉 ホテルサンシャイン,サービス,宿泊業,5%
和歌山県,有田市,出光有田ＳＳ,小売業,ガソリンスタンド,2%
和歌山県,有田市,うなぎ屋かわすい 川口水産,小売業,食料品,5%
和歌山県,有田市,オートショップｙａｍａｓａｋｉ,小売業,その他小売,5%
和歌山県,有田市,ｃａｆｅ５５,サービス,飲食業,5%
和歌山県,有田市,株式会社ありだ住宅情報センター,サービス,その他サービス,5%
和歌山県,有田市,株式会社合同自動車,サービス,その他サービス,5%
和歌山県,有田市,北山人形店,小売業,書籍・玩具・音楽ＣＤ,5%
和歌山県,有田市,紀電チェーン 初島店,小売業,電化製品,5%
和歌山県,有田市,紀電チェーン宮原店,小売業,電化製品,5%
和歌山県,有田市,キャロットハウス,小売業,その他小売,5%
和歌山県,有田市,有限会社平左エ門さかせ,サービス,飲食業,5%
和歌山県,有田市,さけい料理教室,サービス,その他サービス,5%
和歌山県,有田市,橘家,サービス,飲食業,5%
和歌山県,有田市,千田ＳＳ 宮井石油店,小売業,ガソリンスタンド,2%
和歌山県,有田市,とこり書店,小売業,書籍・玩具・音楽ＣＤ,5%
和歌山県,有田市,ｄｏｇ ｈｏｕｓｅ Ｌ＆Ｍ,小売業,その他小売,5%
和歌山県,有田市,則岡醤油譲造元糸我国道筋店,小売業,食料品,5%
和歌山県,有田市,パーティハウス 有田店,小売業,衣料品,5%
和歌山県,有田市,はぎのキッチン,サービス,飲食業,5%
和歌山県,有田市,初島ＳＳ,小売業,ガソリンスタンド,2%
和歌山県,有田市,初島ＳＳ,小売業,ガソリンスタンド,2%
和歌山県,有田市,花フローレ 箕島店,小売業,その他小売,5%
和歌山県,有田市,花フローレ,小売業,その他小売,5%
和歌山県,有田市,美容室 貴,サービス,理容・美容業,5%
和歌山県,有田市,フォトスペース箕島店,小売業,電化製品,5%
和歌山県,有田市,フラワーブティック花安 有田店,小売業,その他小売,5%
和歌山県,有田市,古川文具カバン店,小売業,その他小売,5%
和歌山県,有田市,マクドナルド４２号有田店,サービス,飲食業,2%
和歌山県,有田市,マツゲン 箕島店,小売業,食料品,5%
和歌山県,有田市,まるわ,小売業,衣料品,5%
和歌山県,有田市,箕島,小売業,ガソリンスタンド,2%
和歌山県,有田市,箕島ＳＳ,小売業,ガソリンスタンド,2%
和歌山県,有田市,箕島ＳＳ,小売業,ガソリンスタンド,2%
和歌山県,有田市,みやいでんき,小売業,電化製品,5%
和歌山県,有田市,宮原,小売業,ガソリンスタンド,2%
和歌山県,有田市,メガネストアー有田,小売業,その他小売,5%
和歌山県,有田市,メガネストアー有田店,小売業,その他小売,5%
和歌山県,有田市,メガネのヤマシタ,小売業,貴金属・服飾品,5%
和歌山県,有田市,保田,小売業,ガソリンスタンド,2%
和歌山県,有田市,（有）エヌ・ワークス,サービス,その他サービス,5%
和歌山県,有田市,ＵＧアクティ,小売業,電化製品,5%
和歌山県,有田市,ＵＧパナック,小売業,電化製品,5%
和歌山県,有田市,ＵＧモリイ,小売業,電化製品,5%
和歌山県,印南町,印南ＳＳ,小売業,ガソリンスタンド,2%
和歌山県,印南町,印南石油店,小売業,ガソリンスタンド,2%
和歌山県,印南町,今又旅館,サービス,宿泊業,5%
和歌山県,印南町,こまはん商店,小売業,その他小売,5%
和歌山県,印南町,竹乃屋 竹乃屋,サービス,飲食業,5%
和歌山県,印南町,モアッサン,小売業,電化製品,5%
和歌山県,岩出市,ＡＯＩＴＯＲＩ,小売業,食料品,5%
和歌山県,岩出市,ＡＣＲＩ,サービス,理容・美容業,5%
和歌山県,岩出市,ＡＣＲＩ ｏｒｇａｎｉｃ ｈａｉｒ ｓａｌｏｎ,サービス,理容・美容業,5%
和歌山県,岩出市,ＵＰＣｌｉｍｂｉｎｇＧｙｍ,サービス,その他サービス,5%
和歌山県,岩出市,あんず かばん,小売業,貴金属・服飾品,5%
和歌山県,岩出市,いちのしん,サービス,飲食業,5%
和歌山県,岩出市,セブン－イレブン岩出清水店,小売業,食料品,2%
和歌山県,岩出市,セブン－イレブン岩出市役所前店,小売業,食料品,2%
和歌山県,岩出市,セブン－イレブン岩出新田広芝店,小売業,食料品,2%
和歌山県,岩出市,岩出ダイハツ本社,小売業,その他小売,5%
和歌山県,岩出市,セブン－イレブン岩出中黒店,小売業,食料品,2%
和歌山県,岩出市,セブン－イレブン岩出中島店,小売業,食料品,2%
和歌山県,岩出市,セブン－イレブン岩出根来店,小売業,食料品,2%
和歌山県,岩出市,岩出バイパスＳＳ,小売業,ガソリンスタンド,2%
和歌山県,岩出市,セブン－イレブン岩出吉田店,小売業,食料品,2%
和歌山県,岩出市,イントラスト大森,サービス,その他サービス,5%
和歌山県,岩出市,インナーブティックＲＩＫＡ,小売業,衣料品,5%
和歌山県,岩出市,海のお店ＳｕｎＦｌｏｗｅｒ,小売業,その他小売,5%
和歌山県,岩出市,ＥｎｅＪｅｔ岩出ＳＳ,小売業,ガソリンスタンド,2%
和歌山県,岩出市,大平電気店,小売業,電化製品,5%
和歌山県,岩出市,ＡＬＬＢＬＵＥ,サービス,その他サービス,5%
和歌山県,岩出市,おかでんき 岩出店,小売業,電化製品,5%
和歌山県,岩出市,オカヘイ 岩出店,小売業,衣料品,5%
和歌山県,岩出市,オカヘイ 岩出店,小売業,衣料品,5%
和歌山県,岩出市,お好み焼はここやねん 岩出店,小売業,食料品,5%
和歌山県,岩出市,オリエントショップ,小売業,衣料品,5%
和歌山県,岩出市,柿の葉すし本舗たなか 岩出店,小売業,食料品,5%
和歌山県,岩出市,鍵屋ロックレスキュー和歌山,サービス,その他サービス,5%
和歌山県,岩出市,株式会社ＧＬＡＮＣＥ,小売業,電化製品,5%
和歌山県,岩出市,ｃａｌｍａｔｉ,サービス,飲食業,5%
和歌山県,岩出市,ＣＡＬＭＡＴＩ,サービス,飲食業,5%
和歌山県,岩出市,紀伊の里漢方薬舗,小売業,その他小売,5%
和歌山県,岩出市,紀伊の里漢方薬舗,小売業,その他小売,5%
和歌山県,岩出市,牛角岩出店,サービス,飲食業,2%
和歌山県,岩出市,キュリオステーション岩出店,サービス,その他サービス,5%
和歌山県,岩出市,コープ岩出中央,小売業,その他小売,5%
和歌山県,岩出市,ごちそうｉＺＡＫＡＹＡ 和伊もん,サービス,飲食業,5%
和歌山県,岩出市,ＣＯＮＴＥ＆ＣＯＦＦＥＥｓ,サービス,飲食業,5%
和歌山県,岩出市,サウンドラインモノリス,小売業,電化製品,5%
和歌山県,岩出市,酒のワールド 岩出店,小売業,食料品,5%
和歌山県,岩出市,酒のワールド 岩出中黒店,小売業,食料品,5%
和歌山県,岩出市,ＺＥＡＬ ＳＴＡＧＥ－５,サービス,理容・美容業,5%
和歌山県,岩出市,ｓｈｅｌｔｅｒ,サービス,理容・美容業,5%
和歌山県,岩出市,ジャストカーテン 和歌山岩出店,小売業,その他小売,5%
和歌山県,岩出市,しゃぶしゃぶ温野菜和歌山岩出店,サービス,飲食業,2%
和歌山県,岩出市,シューズスタジアム,小売業,衣料品,5%
和歌山県,岩出市,ジュエリーフルミヤ オークワ岩出店,小売業,貴金属・服飾品,5%
和歌山県,岩出市,炭火焼肉屋さかい 岩出店,サービス,飲食業,2%
和歌山県,岩出市,駿河屋 岩出店,小売業,食料品,5%
和歌山県,岩出市,ＳＥＮＳＥｂｙｐｌｕｓｈａｉｒ和歌山岩出店,サービス,その他サービス,5%
和歌山県,岩出市,総本家駿河屋岩出中迫店,小売業,食料品,5%
和歌山県,岩出市,タイ古式マッサージプーケット,サービス,理容・美容業,5%
和歌山県,岩出市,たびプラザ岩出,サービス,その他サービス,5%
和歌山県,岩出市,田村酒店,小売業,食料品,5%
和歌山県,岩出市,ＣｈｕｍＢｕｃｋｅｔ,サービス,飲食業,5%
和歌山県,岩出市,中華そば九龍,サービス,飲食業,5%
和歌山県,岩出市,東洋建機（株） 岩出営業所,サービス,その他サービス,5%
和歌山県,岩出市,Ｄｒ．Ｄｒｉｖｅセルフ岩出バイパスＳＳ,小売業,ガソリンスタンド,2%
和歌山県,岩出市,トマト オニオン岩出店,サービス,飲食業,2%
和歌山県,岩出市,トヨタカローラ和歌山シ－ズ岩出店,小売業,その他小売,5%
和歌山県,岩出市,トヨタレンタリース和歌山岩出店,小売業,その他小売,2%
和歌山県,岩出市,トリニティアニマルクリニック,サービス,その他サービス,5%
和歌山県,岩出市,とりの座,サービス,飲食業,5%
和歌山県,岩出市,ニュー岩出ＳＳ 有限会社吉岡石油,小売業,ガソリンスタンド,2%
和歌山県,岩出市,ネイルアトリエ・キュアネ岩出店,サービス,その他サービス,5%
和歌山県,岩出市,根来,小売業,ガソリンスタンド,2%
和歌山県,岩出市,ネッツトヨタ和歌山岩出店,小売業,その他小売,5%
和歌山県,岩出市,ＮＯＡＣＨ,サービス,その他サービス,5%
和歌山県,岩出市,ＢＡＲＢＥＲ笑和,サービス,理容・美容業,5%
和歌山県,岩出市,パーティハウス 岩出店,小売業,衣料品,5%
和歌山県,岩出市,パナプラザ ホッタ,小売業,電化製品,5%
和歌山県,岩出市,ぴえろ 岩出店,小売業,衣料品,5%
和歌山県,岩出市,ビューティシェアハウスレイ,サービス,理容・美容業,5%
和歌山県,岩出市,美容室ｆｒｅｉｈｅｉｔ,サービス,理容・美容業,5%
和歌山県,岩出市,ファーマーズマーケットＯＩＮＡＣＩＴＹ,小売業,食料品,5%
和歌山県,岩出市,フォルマッジオ,サービス,飲食業,5%
和歌山県,岩出市,ＢＯＯＫＯＦＦ 岩出中央店,小売業,その他小売,2%
和歌山県,岩出市,ブティック ＳＹＬＰＨ,小売業,衣料品,5%
和歌山県,岩出市,ブティック ＳＹＬＰＨ,小売業,衣料品,5%
和歌山県,岩出市,株式会社リモデルホーム,小売業,その他小売,5%
和歌山県,岩出市,フランス屋 岩出サントル店,サービス,その他サービス,5%
和歌山県,岩出市,フランス屋 松源岩出店,サービス,その他サービス,5%
和歌山県,岩出市,ＨＡＩＲ ＡＳＳＩＳＴ ＶｉＶｉ 岩出店,サービス,理容・美容業,5%
和歌山県,岩出市,Ｈａｉｒ Ａｌｉｖｅ Ｍａｋｉ,サービス,理容・美容業,5%
和歌山県,岩出市,Ｐｅｔｓｈｏｐ ＯＮＥＤＡＹ,小売業,その他小売,5%
和歌山県,岩出市,ホテル いとう,サービス,宿泊業,5%
和歌山県,岩出市,マクドナルド岩出ミレニアシティ店,サービス,飲食業,2%
和歌山県,岩出市,マクドナルド２４号岩出店,サービス,飲食業,2%
和歌山県,岩出市,マツゲン 岩出店,小売業,食料品,5%
和歌山県,岩出市,マツゲン 岩出中黒店,小売業,食料品,5%
和歌山県,岩出市,マツゲン 岩出中迫店,小売業,食料品,5%
和歌山県,岩出市,松下種苗店,小売業,その他小売,5%
和歌山県,岩出市,マツミ米穀店,小売業,食料品,5%
和歌山県,岩出市,マツヤ シューズ スタジアム,小売業,その他小売,5%
和歌山県,岩出市,マナベインテリアハーツ和歌山岩出店,小売業,家具・調度品,5%
和歌山県,岩出市,道の駅ねごろ歴史の丘 花笑み館,小売業,その他小売,5%
和歌山県,岩出市,ＭＩＹＡＩ整体院 岩出院,サービス,その他サービス,5%
和歌山県,岩出市,むか新 岩出店,小売業,食料品,5%
和歌山県,岩出市,ＹＡＫＩＴＯＲＩ ｍａｇａｒｉ,サービス,飲食業,5%
和歌山県,岩出市,ヤキトリキッチンマガリ,サービス,飲食業,5%
和歌山県,岩出市,山田ヒロキチ商店,サービス,飲食業,5%
和歌山県,岩出市,好い処よいち,サービス,飲食業,5%
和歌山県,岩出市,ＲＥＬＡＸＡＴＩＯＮＲＯＯＭＣＯＲＵＧＩＮＯ,サービス,理容・美容業,5%
和歌山県,岩出市,レイ自動車サービス,サービス,その他サービス,5%
和歌山県,岩出市,和歌山動物医療センター西川動物病院,サービス,その他サービス,5%
和歌山県,岩出市,和歌山トヨタ自動車岩出店,小売業,その他小売,5%
和歌山県,岩出市,和歌山トヨタ自動車Ｕ－Ｃａｒランド岩出,小売業,その他小売,5%
和歌山県,岩出市,和歌山トヨペット岩出中島店,小売業,その他小売,5%
和歌山県,海南市,アムール 海南店,小売業,衣料品,5%
和歌山県,海南市,杏梅堂,小売業,その他小売,5%
和歌山県,海南市,インテリアショップマージナル,小売業,家具・調度品,5%
和歌山県,海南市,Ａ＇ｓワークス,小売業,衣料品,5%
和歌山県,海南市,オカヘイ 海南店,小売業,衣料品,5%
和歌山県,海南市,海南イーストＳＳ,小売業,ガソリンスタンド,2%
和歌山県,海南市,セブン－イレブン海南井田店,小売業,食料品,2%
和歌山県,海南市,海南医療センター病院売店,小売業,その他小売,5%
和歌山県,海南市,海南亀川ＳＳ,小売業,ガソリンスタンド,2%
和歌山県,海南市,海南阪井ＳＳ,小売業,ガソリンスタンド,2%
和歌山県,海南市,セブン－イレブン海南重根店,小売業,食料品,2%
和歌山県,海南市,セブン－イレブン海南下津町店,小売業,食料品,2%
和歌山県,海南市,海南東店,小売業,ガソリンスタンド,2%
和歌山県,海南市,セブン－イレブン海南船尾店,小売業,食料品,2%
和歌山県,海南市,画材 文具の備忠 画材 文具 備忠,小売業,その他小売,5%
和歌山県,海南市,株式会社 福岡書店 福岡書店,小売業,書籍・玩具・音楽ＣＤ,5%
和歌山県,海南市,株式会社角田清兵衛商店,小売業,その他小売,5%
和歌山県,海南市,加茂郷,小売業,ガソリンスタンド,2%
和歌山県,海南市,加茂郷ＳＳ,小売業,ガソリンスタンド,2%
和歌山県,海南市,紀州漆器伝統産業会館 うるわし館 紀州漆器伝統産業会館 うるわし館,小売業,その他小売,5%
和歌山県,海南市,きたおか,小売業,衣料品,5%
和歌山県,海南市,ｋｉｔｃｈｅｎ あすか,サービス,飲食業,5%
和歌山県,海南市,黒江駅前ＳＳ,小売業,ガソリンスタンド,2%
和歌山県,海南市,ｃａｉｔｓｉｔｈ,サービス,飲食業,5%
和歌山県,海南市,光星電器店,小売業,電化製品,5%
和歌山県,海南市,合同会社アッソオート,サービス,その他サービス,5%
和歌山県,海南市,坂田カバン店 坂田カバン店,小売業,その他小売,5%
和歌山県,海南市,坂本ふとん店,小売業,その他小売,5%
和歌山県,海南市,Ｓａｌｏｏｎ ｓ Ｂａｒ Ｃａｆｅ ＤＡＩＳＹ,サービス,飲食業,5%
和歌山県,海南市,自家焙煎珈琲 アウルキャビン ｏｗｌｃａｂｉｎ,サービス,飲食業,5%
和歌山県,海南市,住金海南構内ＳＳ,小売業,ガソリンスタンド,2%
和歌山県,海南市,駿河屋 海南店,小売業,食料品,5%
和歌山県,海南市,セルフ海南ＳＳ,小売業,ガソリンスタンド,2%
和歌山県,海南市,セルフステーション下津,小売業,ガソリンスタンド,2%
和歌山県,海南市,ソフトバンク海南,小売業,電化製品,5%
和歌山県,海南市,Ｄｉｎｉｎｇ Ｂａｒ ＤＩＮＯ,サービス,飲食業,5%
和歌山県,海南市,ダイヤモンドのしこう,小売業,その他小売,5%
和歌山県,海南市,谷本りほーむ,小売業,家具・調度品,5%
和歌山県,海南市,中国料理 桂花,サービス,飲食業,5%
和歌山県,海南市,長久庵 中野ＢＣ株式会社,サービス,その他サービス,5%
和歌山県,海南市,ＤＡＩＳＹ,サービス,飲食業,5%
和歌山県,海南市,電器ランド サウンドサポート,小売業,電化製品,5%
和歌山県,海南市,トマト オニオン海南店,サービス,飲食業,2%
和歌山県,海南市,とれたて広場,小売業,食料品,5%
和歌山県,海南市,中田電気店,小売業,電化製品,5%
和歌山県,海南市,長浜らーめん 海南店,サービス,飲食業,5%
和歌山県,海南市,ＨＯＵＳＥＨＯＬＤＩＮＤＵＳＴＲＹ,サービス,その他サービス,5%
和歌山県,海南市,橋爪商店,小売業,その他小売,5%
和歌山県,海南市,花安 海南店,小売業,その他小売,5%
和歌山県,海南市,ひがしはま前岡電器,小売業,電化製品,5%
和歌山県,海南市,東本肥料店,小売業,その他小売,5%
和歌山県,海南市,ピザ・リトルパーティー海南店,小売業,食料品,5%
和歌山県,海南市,ヒダカヤ＆業務スーパー海南店,小売業,食料品,2%
和歌山県,海南市,ふじ白庵 佶楓,サービス,飲食業,5%
和歌山県,海南市,藤山電器店,小売業,電化製品,5%
和歌山県,海南市,フラット フィールド,サービス,理容・美容業,5%
和歌山県,海南市,ＰＬＡＢＯＴＥＣ,サービス,その他サービス,5%
和歌山県,海南市,フランス屋 松源海南阪井店,サービス,その他サービス,5%
和歌山県,海南市,Ｈａｉｒ Ｍａｋｅ Ｒｅｌａｘ ＮＯＩ,サービス,理容・美容業,5%
和歌山県,海南市,ヘアーサロンＯＨ,サービス,理容・美容業,5%
和歌山県,海南市,ＨａｉｒＭａｋｅ＆Ｒｅｌａｘｎｏｉ,サービス,理容・美容業,5%
和歌山県,海南市,ＭＡＲＧＩＮＡＬ,小売業,家具・調度品,5%
和歌山県,海南市,前山仏壇店,小売業,その他小売,5%
和歌山県,海南市,マクドナルド４２号海南店,サービス,飲食業,2%
和歌山県,海南市,マツゲン 海南阪井店,小売業,食料品,5%
和歌山県,海南市,マツゲン 海南日方店,小売業,食料品,5%
和歌山県,海南市,マツゲン 下津店,小売業,食料品,5%
和歌山県,海南市,まつや 海南店,小売業,衣料品,5%
和歌山県,海南市,ｍｅｅｒｓｃｈａｕｍ,サービス,理容・美容業,5%
和歌山県,海南市,ｍｅｅｒｓｃｈａｕｍ,サービス,理容・美容業,5%
和歌山県,海南市,メガネストアー和歌山海南,小売業,その他小売,5%
和歌山県,海南市,メガネストアー和歌山海南店,小売業,その他小売,5%
和歌山県,海南市,メガネのマエカワ,小売業,その他小売,5%
和歌山県,海南市,メガネのミヤコ,小売業,その他小売,5%
和歌山県,海南市,メガネのツチハシ メガネのツチハシ,小売業,その他小売,5%
和歌山県,海南市,モリタカメラ,小売業,その他小売,5%
和歌山県,海南市,山口ふとん店,小売業,家具・調度品,5%
和歌山県,海南市,ＵＧアルプ,小売業,電化製品,5%
和歌山県,海南市,ＵＧオオカブ,小売業,電化製品,5%
和歌山県,海南市,ＵＧマルイワ,小売業,電化製品,5%
和歌山県,海南市,リノ海南店,小売業,衣料品,5%
和歌山県,海南市,ＲＥＩＣＡＦＥ,サービス,飲食業,5%
和歌山県,かつらぎ町,Ａコープかつらぎ,小売業,食料品,5%
和歌山県,かつらぎ町,Ｏｒａｎｇｅ,小売業,その他小売,5%
和歌山県,かつらぎ町,Ｏｒａｎｇｅ,小売業,その他小売,5%
和歌山県,かつらぎ町,かつらぎ温泉 八風の湯,サービス,宿泊業,5%
和歌山県,かつらぎ町,セブン－イレブンかつらぎ町東渋田店,小売業,食料品,2%
和歌山県,かつらぎ町,株式会社有交紀北 ７０２号車,サービス,運輸業,5%
和歌山県,かつらぎ町,紀伊高原ゴルフクラブ,サービス,その他サービス,5%
和歌山県,かつらぎ町,紀北ダイハツ本社,小売業,その他小売,5%
和歌山県,かつらぎ町,山荘 天の里,サービス,宿泊業,5%
和歌山県,かつらぎ町,渋田,小売業,ガソリンスタンド,2%
和歌山県,かつらぎ町,Ｓｅｌｆｉｘかつらぎ,小売業,ガソリンスタンド,2%
和歌山県,かつらぎ町,ナカノ時計メガネ,小売業,その他小売,5%
和歌山県,かつらぎ町,パーティハウス 妙寺店,小売業,衣料品,5%
和歌山県,かつらぎ町,マツゲン 妙寺店,小売業,食料品,5%
和歌山県,かつらぎ町,松下モータース 松下モータース,サービス,その他サービス,5%
和歌山県,かつらぎ町,丸十人形工房 紀北かつらぎ店,小売業,書籍・玩具・音楽ＣＤ,5%
和歌山県,かつらぎ町,まるよし 串カツ まるよし,サービス,飲食業,5%
和歌山県,かつらぎ町,有限会社見好モータース,サービス,その他サービス,5%
和歌山県,かつらぎ町,ＵＧまつや,小売業,電化製品,5%
和歌山県,上富田町,朝来,小売業,ガソリンスタンド,2%
和歌山県,上富田町,朝来バイパスＳＳ,小売業,ガソリンスタンド,2%
和歌山県,上富田町,岩﨑火薬銃砲店,小売業,その他小売,5%
和歌山県,上富田町,岩田バイパスＳＳ 富田川石油,小売業,ガソリンスタンド,2%
和歌山県,上富田町,［ＨＣ］エコー上富田,小売業,電化製品,5%
和歌山県,上富田町,Ａコープ紀南 ＡＰＩＡ店,小売業,食料品,5%
和歌山県,上富田町,ＮＶＳ,サービス,その他サービス,5%
和歌山県,上富田町,ＯＲＵＨＡＩＲ,サービス,理容・美容業,5%
和歌山県,上富田町,株式会社フィールドラック,サービス,飲食業,5%
和歌山県,上富田町,カラオケボックスチェリーチェリー上富田店,サービス,理容・美容業,5%
和歌山県,上富田町,業務スーパー朝来駅前店,小売業,その他小売,2%
和歌山県,上富田町,田辺米穀株式会社 紀州の食問屋 べっこく堂,小売業,食料品,5%
和歌山県,上富田町,中国料理 宏華,サービス,飲食業,5%
和歌山県,上富田町,株式会社ナカウチデンキ,小売業,電化製品,5%
和歌山県,上富田町,パーティハウス 上富田店,小売業,衣料品,5%
和歌山県,上富田町,ハザマデンキ,小売業,電化製品,5%
和歌山県,上富田町,パナット ナカマツ,小売業,電化製品,5%
和歌山県,上富田町,パナットフカミ,小売業,電化製品,5%
和歌山県,上富田町,バリューハウス富田川店,小売業,食料品,5%
和歌山県,上富田町,福すし,サービス,飲食業,5%
和歌山県,上富田町,郵便橋ＳＳ,小売業,ガソリンスタンド,2%
和歌山県,紀の川市,Ｋａｎｏａ,小売業,貴金属・服飾品,5%
和歌山県,紀の川市,株式会社有交紀北 名手営業所 ８号車,サービス,運輸業,5%
和歌山県,紀の川市,株式会社有交紀北 粉河営業所 １号車,サービス,運輸業,5%
和歌山県,紀の川市,観音山フルーツガーデン,小売業,食料品,5%
和歌山県,紀の川市,貴志駅たまショップ,小売業,その他小売,5%
和歌山県,紀の川市,セブン－イレブン貴志川町井ノ口店,小売業,食料品,2%
和歌山県,紀の川市,貴志川店,小売業,ガソリンスタンド,2%
和歌山県,紀の川市,セブン－イレブン紀の川打田店,小売業,食料品,2%
和歌山県,紀の川市,セブン－イレブン紀の川北勢田店,小売業,食料品,2%
和歌山県,紀の川市,セブン－イレブン紀の川粉河駅南店,小売業,食料品,2%
和歌山県,紀の川市,セブン－イレブン紀の川粉河店,小売業,食料品,2%
和歌山県,紀の川市,セブン－イレブン紀の川名手大黒店,小売業,食料品,2%
和歌山県,紀の川市,セブン－イレブン紀の川東国分店,小売業,食料品,2%
和歌山県,紀の川市,紀の国カントリー倶楽部,サービス,その他サービス,5%
和歌山県,紀の川市,きもの りんか オーストリート店,小売業,衣料品,5%
和歌山県,紀の川市,黒川,小売業,ガソリンスタンド,2%
和歌山県,紀の川市,公立那賀病院売店,小売業,その他小売,5%
和歌山県,紀の川市,サンキョー打田店,小売業,食料品,5%
和歌山県,紀の川市,シューズショップサカイ,小売業,その他小売,5%
和歌山県,紀の川市,昌和無線,小売業,電化製品,5%
和歌山県,紀の川市,白山写真館,サービス,その他サービス,5%
和歌山県,紀の川市,スーパーネゴロ 打田店,小売業,食料品,5%
和歌山県,紀の川市,Ｓｅｌｆｉｘ貴志川,小売業,ガソリンスタンド,2%
和歌山県,紀の川市,デントリペア関西,サービス,その他サービス,5%
和歌山県,紀の川市,中西ミシン商会,小売業,その他小売,5%
和歌山県,紀の川市,名手,小売業,ガソリンスタンド,2%
和歌山県,紀の川市,パーティハウス 打田店,小売業,衣料品,5%
和歌山県,紀の川市,花光真司,サービス,理容・美容業,5%
和歌山県,紀の川市,ヒダカヤ＆業務スーパー貴志川店,小売業,食料品,2%
和歌山県,紀の川市,ファーマーズマーケットめっけもん広場,小売業,食料品,5%
和歌山県,紀の川市,フォトスタジオわかみ,サービス,その他サービス,5%
和歌山県,紀の川市,ブックマーケット打田店,小売業,書籍・玩具・音楽ＣＤ,5%
和歌山県,紀の川市,ＨＡＩＲ ＳＰＡＣＥ ＡＬＰＨＡ 打田店,サービス,理容・美容業,5%
和歌山県,紀の川市,マクドナルド貴志川オークワ店,サービス,飲食業,2%
和歌山県,紀の川市,マクドナルド２４号粉河店,サービス,飲食業,2%
和歌山県,紀の川市,マツゲン 打田店,小売業,食料品,5%
和歌山県,紀の川市,マツゲン 貴志川店,小売業,食料品,5%
和歌山県,紀の川市,マツゲン 粉河店,小売業,食料品,5%
和歌山県,紀の川市,まつやＦＯＯＴ ＬＩＦＥ 紀ノ川店,小売業,衣料品,5%
和歌山県,紀の川市,有 宮村石油店,小売業,ガソリンスタンド,2%
和歌山県,紀の川市,村國農園 村國農園,小売業,食料品,5%
和歌山県,紀の川市,メガネストアー オーストリート紀の,小売業,その他小売,5%
和歌山県,紀の川市,メガネストアーオーストリート紀の川井阪店,小売業,その他小売,5%
和歌山県,紀の川市,山田電業社,サービス,その他サービス,5%
和歌山県,紀の川市,よけそ農園,サービス,その他サービス,5%
和歌山県,紀の川市,Ｒａｆｅｌｉ,サービス,理容・美容業,5%
和歌山県,紀の川市,Ｌｕｃｅｒｅ,サービス,理容・美容業,5%
和歌山県,紀の川市,Ｌｅｔ ｓ アトリエ店,サービス,理容・美容業,5%
和歌山県,紀美野町,ＯＵＴＤＯＯＲ ＬＩＦＥ たまゆらの里,サービス,宿泊業,5%
和歌山県,紀美野町,キミノーカ キミノーカ,サービス,飲食業,5%
和歌山県,紀美野町,毛原,小売業,ガソリンスタンド,2%
和歌山県,紀美野町,ＵＧキノシタ,小売業,電化製品,5%
和歌山県,紀美野町,ＵＧニシヤマ,小売業,電化製品,5%
和歌山県,串本町,株式会社あらふねリゾート,サービス,宿泊業,5%
和歌山県,串本町,株式会社いちはら商会,小売業,その他小売,5%
和歌山県,串本町,Ａコープ紀南 ＶＡＳＥＯ店,小売業,食料品,5%
和歌山県,串本町,Ａコープ紀南 たなみ店,小売業,食料品,5%
和歌山県,串本町,Ｍ’ｓ ｃａｆｅ＆ｄｉｎｉｎｇ,サービス,飲食業,5%
和歌山県,串本町,岡栄住建,サービス,その他サービス,5%
和歌山県,串本町,株式会社 オザキタイヤ 串本店,小売業,その他小売,5%
和歌山県,串本町,串本ＳＳ,小売業,ガソリンスタンド,2%
和歌山県,串本町,串本ＳＳ,小売業,ガソリンスタンド,2%
和歌山県,串本町,串本中央電器,小売業,電化製品,5%
和歌山県,串本町,クラブドゥダイビングセンター 串本,小売業,その他小売,5%
和歌山県,串本町,Ｋ’ＳＰＯＲＴＳ,小売業,その他小売,5%
和歌山県,串本町,古座,小売業,ガソリンスタンド,2%
和歌山県,串本町,サラヤ自動車,サービス,その他サービス,5%
和歌山県,串本町,須江ダイビングセンター,サービス,理容・美容業,5%
和歌山県,串本町,セルフステーション串本,小売業,ガソリンスタンド,2%
和歌山県,串本町,ＤＩＶＥＫＯＯＺＡ,サービス,その他サービス,5%
和歌山県,串本町,タイヨウのカフェ,サービス,飲食業,5%
和歌山県,串本町,ドコモショップ串本店,小売業,その他小売,5%
和歌山県,串本町,トヨタレンタリース和歌山串本駅前店,小売業,その他小売,2%
和歌山県,串本町,なかやま,小売業,その他小売,5%
和歌山県,串本町,南紀シーマンズクラブ,サービス,その他サービス,5%
和歌山県,串本町,バブルリングダイバーズ串本,サービス,その他サービス,5%
和歌山県,串本町,ベイサイドイン串本館,サービス,宿泊業,5%
和歌山県,串本町,ペットと泊まれる宿福籠,サービス,その他サービス,5%
和歌山県,串本町,ｐｏｌｅ ｐｏｌｅ ｓｅａ ｐｏｌｅ ｐｏｌｅ ｓｅａ,サービス,その他サービス,5%
和歌山県,串本町,松寿し,サービス,飲食業,5%
和歌山県,串本町,メガネストック メガネストック串本店,小売業,その他小売,5%
和歌山県,串本町,メガネストック串本店,小売業,その他小売,5%
和歌山県,串本町,レストラン サンドリア,サービス,飲食業,5%
和歌山県,九度山町,出光九度山ＳＳ,小売業,ガソリンスタンド,2%
和歌山県,高野町,一の橋観光センター,小売業,その他小売,5%
和歌山県,高野町,出光高野山ＳＳ,小売業,ガソリンスタンド,2%
和歌山県,高野町,今井治平商店,小売業,家具・調度品,5%
和歌山県,高野町,カネ幸慈幸商店,小売業,食料品,5%
和歌山県,高野町,ゲストハウス富貴宿,サービス,宿泊業,5%
和歌山県,高野町,高野山ゲストハウスＫＯＫＵＵ,サービス,その他サービス,5%
和歌山県,高野町,増福院,サービス,その他サービス,5%
和歌山県,高野町,珠数屋佳兵衛,小売業,その他小売,5%
和歌山県,高野町,中本名玉堂,小売業,その他小売,5%
和歌山県,高野町,法徳堂,小売業,家具・調度品,5%
和歌山県,高野町,霊宝館,サービス,その他サービス,5%
和歌山県,古座川町,古座川ＳＳ,小売業,ガソリンスタンド,2%
和歌山県,古座川町,道の駅虫喰岩,サービス,その他サービス,5%
和歌山県,古座川町,フローリスト花はる,小売業,その他小売,5%
和歌山県,御坊市,アイデアスポーツ,小売業,その他小売,5%
和歌山県,御坊市,ＡＴＡＲＵ,サービス,飲食業,5%
和歌山県,御坊市,有田屋,小売業,食料品,5%
和歌山県,御坊市,いそよし みのり屋,小売業,食料品,5%
和歌山県,御坊市,出光御坊ＳＳ,小売業,ガソリンスタンド,2%
和歌山県,御坊市,ｉｎｉｚｉｏ,サービス,理容・美容業,5%
和歌山県,御坊市,魚徳商店,サービス,飲食業,5%
和歌山県,御坊市,宴屋 ずかずか,サービス,飲食業,5%
和歌山県,御坊市,宴屋ずかずか,サービス,飲食業,5%
和歌山県,御坊市,大畑時計店,小売業,貴金属・服飾品,5%
和歌山県,御坊市,お茶の八百香園,小売業,食料品,5%
和歌山県,御坊市,お仏壇の阪本,小売業,その他小売,5%
和歌山県,御坊市,お仏壇の阪本,小売業,家具・調度品,5%
和歌山県,御坊市,株式会社塩路家具,小売業,家具・調度品,5%
和歌山県,御坊市,カラオケエリア デュオ,サービス,その他サービス,5%
和歌山県,御坊市,カラオケ喫茶 未来 未来,サービス,飲食業,5%
和歌山県,御坊市,カレーハウスＣｏＣｏ壱番屋御坊国道４２号店,サービス,飲食業,2%
和歌山県,御坊市,紀州田舎の小さな八百屋さん,小売業,食料品,5%
和歌山県,御坊市,紀州金山寺みそ 天田屋,小売業,食料品,5%
和歌山県,御坊市,ギフトショップ岸新 ギフトショップ 岸 新,小売業,食料品,5%
和歌山県,御坊市,キャロット,サービス,飲食業,5%
和歌山県,御坊市,郷土銘菓処 ふく田,小売業,食料品,5%
和歌山県,御坊市,クール・カレ アン オークワ御坊店,小売業,衣料品,5%
和歌山県,御坊市,ケントハウス,サービス,飲食業,5%
和歌山県,御坊市,ＣＯＣＯＬＯ ＨＡＩＲ,サービス,理容・美容業,5%
和歌山県,御坊市,御坊,小売業,ガソリンスタンド,2%
和歌山県,御坊市,御坊ＳＳ,小売業,ガソリンスタンド,2%
和歌山県,御坊市,ごぼうめがね,小売業,その他小売,5%
和歌山県,御坊市,阪本種苗店,小売業,その他小売,5%
和歌山県,御坊市,ジュエリーセキネ ロマンシティ店,小売業,貴金属・服飾品,5%
和歌山県,御坊市,旬菜 ｋｉｔｃｈｅｎ 一楓,サービス,飲食業,5%
和歌山県,御坊市,スギキ電化チェーン,小売業,電化製品,5%
和歌山県,御坊市,杉本フォトサービス,サービス,その他サービス,5%
和歌山県,御坊市,スマートクールロマンシティ御坊店,サービス,その他サービス,5%
和歌山県,御坊市,炭火焼肉屋さかい 御坊店,サービス,飲食業,2%
和歌山県,御坊市,セルフ御坊国道ＳＳ,小売業,ガソリンスタンド,2%
和歌山県,御坊市,倉庫ミュージアム ｗａｗａｗａ 倉庫ミュージアムｗａｗａｗａ,サービス,飲食業,5%
和歌山県,御坊市,そのてつ ロマンシティ店,小売業,その他小売,5%
和歌山県,御坊市,大丸文具店,小売業,その他小売,5%
和歌山県,御坊市,財部ＳＳ,小売業,ガソリンスタンド,2%
和歌山県,御坊市,財部ＳＳ,小売業,ガソリンスタンド,2%
和歌山県,御坊市,樽の味,小売業,その他小売,5%
和歌山県,御坊市,中紀バス観光社,サービス,その他サービス,5%
和歌山県,御坊市,トヨタカローラ和歌山シーズ御坊店,小売業,その他小売,5%
和歌山県,御坊市,トヨタレンタリース和歌山 御坊店,小売業,その他小売,2%
和歌山県,御坊市,ナーセリーナカムラ,小売業,その他小売,5%
和歌山県,御坊市,名田ＳＳ,小売業,ガソリンスタンド,2%
和歌山県,御坊市,名屋ＳＳ,小売業,ガソリンスタンド,2%
和歌山県,御坊市,ｎａｉｌｓａｌｏｎ Ｐｌａｇｅ,サービス,その他サービス,5%
和歌山県,御坊市,パーティハウス 御坊店,小売業,衣料品,5%
和歌山県,御坊市,ばーしゃんくす,サービス,飲食業,5%
和歌山県,御坊市,パナットマツヤマ,小売業,電化製品,5%
和歌山県,御坊市,ハラモータース,小売業,その他小売,5%
和歌山県,御坊市,ハラモータース,サービス,その他サービス,5%
和歌山県,御坊市,ビジネスホテルセントラル,サービス,宿泊業,5%
和歌山県,御坊市,ＰＣＬＩＦＥＰＡＲＴＮＥＲＦＵＪＩＴＡ,小売業,電化製品,5%
和歌山県,御坊市,ひだか犬猫病院,サービス,その他サービス,5%
和歌山県,御坊市,ファナー御坊店,小売業,衣料品,5%
和歌山県,御坊市,フォレストイン御坊,サービス,宿泊業,5%
和歌山県,御坊市,藤川酒店,小売業,その他小売,5%
和歌山県,御坊市,伏木商店,小売業,電化製品,5%
和歌山県,御坊市,ＳＫｉＬＬ （スキル）,サービス,理容・美容業,5%
和歌山県,御坊市,ペット用品の店ぶひぶひ 御坊店,小売業,その他小売,5%
和歌山県,御坊市,紅屋,小売業,その他小売,5%
和歌山県,御坊市,マクドナルド４２号御坊店,サービス,飲食業,2%
和歌山県,御坊市,マツゲン 御坊店,小売業,食料品,5%
和歌山県,御坊市,マツヤ 御坊店,小売業,その他小売,5%
和歌山県,御坊市,丸金焼肉コーナー,サービス,飲食業,5%
和歌山県,御坊市,丸幸水産御坊店,小売業,食料品,5%
和歌山県,御坊市,メガネの田中 ロマンシティ御坊,小売業,その他小売,5%
和歌山県,御坊市,メディカル ステーションそのてつ,小売業,その他小売,5%
和歌山県,御坊市,メモリーフォトハシモト,サービス,その他サービス,5%
和歌山県,御坊市,森本時計店,小売業,貴金属・服飾品,5%
和歌山県,御坊市,焼肉ホルモン マルキ精肉御坊店,サービス,飲食業,5%
和歌山県,御坊市,有限会社北野薬局,小売業,その他小売,5%
和歌山県,御坊市,湯川,小売業,ガソリンスタンド,2%
和歌山県,御坊市,和歌山自動車株式会社 御坊営業所,小売業,その他小売,5%
和歌山県,御坊市,和歌山ダイハツ販売日高店,小売業,その他小売,5%
和歌山県,御坊市,Ｏｎｅ Ｌｏｖｅ,小売業,衣料品,5%
和歌山県,白浜町,ＡＲＴＥ ＳＥＩＫＯ,小売業,貴金属・服飾品,5%
和歌山県,白浜町,出光セルフ東宝西富田ＳＳ,小売業,ガソリンスタンド,2%
和歌山県,白浜町,犬御殿,サービス,宿泊業,5%
和歌山県,白浜町,インフィニートＨＯＴＥＬ＆ＳＰＡ南紀白浜,サービス,宿泊業,5%
和歌山県,白浜町,魚政商店 大浦店,小売業,食料品,5%
和歌山県,白浜町,魚政商店 本店,小売業,食料品,5%
和歌山県,白浜町,海ごはん 山ごはんマルキヨ マルキヨ,サービス,飲食業,5%
和歌山県,白浜町,梅樽温泉ホテルシーモア,サービス,宿泊業,5%
和歌山県,白浜町,Ａコープ紀南 あぜみち店,小売業,食料品,5%
和歌山県,白浜町,エルマール,小売業,その他小売,5%
和歌山県,白浜町,ＯＺＡＫＩ代行,サービス,運輸業,5%
和歌山県,白浜町,オリックスレンタカー南紀白浜空港店,サービス,その他サービス,2%
和歌山県,白浜町,海鮮寿司 とれとれ市場,サービス,飲食業,5%
和歌山県,白浜町,樫山酒店,小売業,食料品,5%
和歌山県,白浜町,株式会社月崎,サービス,宿泊業,5%
和歌山県,白浜町,Ｃａｄｏｇ,小売業,貴金属・服飾品,5%
和歌山県,白浜町,業務スーパー白浜店,小売業,食料品,2%
和歌山県,白浜町,楠原酒食品店,小売業,食料品,5%
和歌山県,白浜町,グランパスＳＥＡ,サービス,宿泊業,5%
和歌山県,白浜町,源泉かけ流し湯宿 長生庵,サービス,宿泊業,5%
和歌山県,白浜町,源泉かけ流し湯宿長生庵,サービス,宿泊業,5%
和歌山県,白浜町,さきのや,サービス,宿泊業,5%
和歌山県,白浜町,サニーマート,小売業,その他小売,5%
和歌山県,白浜町,珊瑚礁,サービス,飲食業,5%
和歌山県,白浜町,三段屋,サービス,その他サービス,5%
和歌山県,白浜町,桟橋店,小売業,その他小売,5%
和歌山県,白浜町,ｊｉｊｉ,小売業,衣料品,5%
和歌山県,白浜町,シャイン,サービス,飲食業,5%
和歌山県,白浜町,白浜ＳＳ,小売業,ガソリンスタンド,2%
和歌山県,白浜町,白浜ＳＳ,小売業,ガソリンスタンド,2%
和歌山県,白浜町,白浜館,サービス,宿泊業,5%
和歌山県,白浜町,ＳＨＩＲＡＨＡＭＡ ＫＥＹ ＴＥＲＲＡＣＥ ＳＥＡＭＯＲＥ ＲＥＳＩＤＥＮＣＥ,サービス,宿泊業,5%
和歌山県,白浜町,白浜シーサイドホテル,サービス,宿泊業,5%
和歌山県,白浜町,白浜湯崎,小売業,ガソリンスタンド,2%
和歌山県,白浜町,スカルベッタ,サービス,飲食業,5%
和歌山県,白浜町,ＳＴＯＣＫＯＵＴＤＯＯＲ,小売業,その他小売,5%
和歌山県,白浜町,ＳＰＡＩＮ ＢＡＲ ＶＡＬＥＳＴＡ,サービス,飲食業,5%
和歌山県,白浜町,ＳＰＡＩＮＢＡＲＶＡＬＥＳＴＡ,サービス,飲食業,5%
和歌山県,白浜町,炭と旬彩 晴,サービス,飲食業,5%
和歌山県,白浜町,ＺＥＮゲストハウス好日庵,サービス,その他サービス,5%
和歌山県,白浜町,大黒代行,サービス,運輸業,5%
和歌山県,白浜町,ダイコクドラッグ白浜とれとれ市場店,小売業,その他小売,5%
和歌山県,白浜町,ダイブサプライ,小売業,その他小売,5%
和歌山県,白浜町,汐彩の宿月崎,サービス,その他サービス,5%
和歌山県,白浜町,トヨタレンタリース和歌山 白浜駅前店,小売業,その他小売,2%
和歌山県,白浜町,とれとれ市場,小売業,食料品,5%
和歌山県,白浜町,とれとれ市場 梅工房,小売業,食料品,5%
和歌山県,白浜町,とれとれ市場 梅まんじゅう,小売業,食料品,5%
和歌山県,白浜町,とれとれ市場 塩干,小売業,食料品,5%
和歌山県,白浜町,とれとれ市場 活魚,小売業,食料品,5%
和歌山県,白浜町,とれとれ市場 旬菓庵かどや,小売業,食料品,5%
和歌山県,白浜町,とれとれ市場 鮮魚,小売業,食料品,5%
和歌山県,白浜町,とれとれ市場 店千代本舗,小売業,食料品,5%
和歌山県,白浜町,とれとれ市場 とれとれグッズの店,小売業,食料品,5%
和歌山県,白浜町,とれとれ市場 とれとれ珍味の店,小売業,食料品,5%
和歌山県,白浜町,とれとれ市場 とれとれ銘菓市場,小売業,食料品,5%
和歌山県,白浜町,とれとれ市場 南紀白浜,小売業,食料品,5%
和歌山県,白浜町,とれとれ市場 北海道,小売業,食料品,5%
和歌山県,白浜町,とれとれ市場 マグロ,小売業,食料品,5%
和歌山県,白浜町,とれとれ市場 丸新本家,小売業,食料品,5%
和歌山県,白浜町,とれとれ市場 ガラスの小部屋,小売業,食料品,5%
和歌山県,白浜町,とれとれ市場 幸鮨,小売業,食料品,5%
和歌山県,白浜町,とれとれ亭,サービス,飲食業,5%
和歌山県,白浜町,ＮａｇｉｓａＢｅｅｒＤｉｎｎｉｎｇシラハマＢａｒｌｅｙ,サービス,飲食業,5%
和歌山県,白浜町,ＮａｇｉｓａＢｅｅｒＦａｃｔｏｒｙ,サービス,その他サービス,5%
和歌山県,白浜町,南紀白浜 とれとれヴィレッジ,サービス,宿泊業,5%
和歌山県,白浜町,南紀白浜温泉 とれとれの湯,サービス,その他サービス,5%
和歌山県,白浜町,パナットおぐら,小売業,電化製品,5%
和歌山県,白浜町,バリューハウス西富田店,小売業,食料品,5%
和歌山県,白浜町,バンヤ,サービス,飲食業,5%
和歌山県,白浜町,ピッツァ・チーズ料理の店 美砂家,サービス,飲食業,5%
和歌山県,白浜町,品品香,サービス,飲食業,5%
和歌山県,白浜町,フィッシュマーケット,小売業,食料品,5%
和歌山県,白浜町,藤田造園,サービス,その他サービス,5%
和歌山県,白浜町,ブランシェット南紀白浜,サービス,宿泊業,5%
和歌山県,白浜町,ホテル三楽荘,サービス,宿泊業,5%
和歌山県,白浜町,ホテル天山閣 海ゆう庭,サービス,宿泊業,5%
和歌山県,白浜町,ホテル花飾璃,サービス,宿泊業,5%
和歌山県,白浜町,Ｍｉｘ Ｅｔｈｎｉｃ Ｊａｍａｎ,小売業,衣料品,5%
和歌山県,白浜町,民宿 ことぶき,サービス,宿泊業,5%
和歌山県,白浜町,民宿 さきのや,サービス,宿泊業,5%
和歌山県,白浜町,民宿 望海,サービス,宿泊業,5%
和歌山県,白浜町,民宿ｉｎｎしらはま 海の宿,サービス,その他サービス,5%
和歌山県,白浜町,民宿ｉｎｎしらはま 駅の宿,サービス,その他サービス,5%
和歌山県,白浜町,むさし,サービス,宿泊業,5%
和歌山県,白浜町,ＭＵＹＡ,小売業,衣料品,5%
和歌山県,白浜町,森商店,小売業,食料品,5%
和歌山県,白浜町,柳屋,サービス,宿泊業,5%
和歌山県,白浜町,有限会社豊店,小売業,食料品,5%
和歌山県,白浜町,有限会社豊店,小売業,その他小売,5%
和歌山県,白浜町,ゆかり,サービス,飲食業,5%
和歌山県,白浜町,ｌｉＢｅｅ,サービス,理容・美容業,5%
和歌山県,白浜町,Ｌｕａｎａ,サービス,理容・美容業,5%
和歌山県,白浜町,ログハウス木輪,サービス,宿泊業,5%
和歌山県,白浜町,露天風呂の宿 天山閣 湯楽庵,サービス,宿泊業,5%
和歌山県,白浜町,和ん,サービス,飲食業,5%
和歌山県,新宮市,あづま寿司,サービス,飲食業,5%
和歌山県,新宮市,あづま寿司,サービス,飲食業,5%
和歌山県,新宮市,アートラジオ商会,小売業,電化製品,5%
和歌山県,新宮市,出光セルフ勝浦ＳＳ,小売業,ガソリンスタンド,2%
和歌山県,新宮市,出光セルフ新宮下田ＳＳ,小売業,ガソリンスタンド,2%
和歌山県,新宮市,出光セルフ三輪崎ＳＳ,小売業,ガソリンスタンド,2%
和歌山県,新宮市,うえなか,小売業,衣料品,5%
和歌山県,新宮市,ｕｒａｌａ,小売業,衣料品,5%
和歌山県,新宮市,［ＨＣ］エコー本店,小売業,電化製品,5%
和歌山県,新宮市,ｃａｆｅ＆創作バル縁,サービス,飲食業,5%
和歌山県,新宮市,ｍａｆｆａｂｌｙ,小売業,その他小売,5%
和歌山県,新宮市,有限会社仮屋商会,小売業,その他小売,5%
和歌山県,新宮市,カレーハウスＣｏＣｏ壱番屋和歌山新宮店,サービス,飲食業,2%
和歌山県,新宮市,喫茶杏,サービス,飲食業,5%
和歌山県,新宮市,クボデンキ,小売業,電化製品,5%
和歌山県,新宮市,熊野川ＳＳ,小売業,ガソリンスタンド,2%
和歌山県,新宮市,熊野物産神倉本店,サービス,その他サービス,5%
和歌山県,新宮市,クリヤ電器,小売業,電化製品,5%
和歌山県,新宮市,クール・カレ アン オークワ南紀店,小売業,衣料品,5%
和歌山県,新宮市,ジュエリーセキネ 南紀店,小売業,貴金属・服飾品,5%
和歌山県,新宮市,シューズショップ マツヤ 新宮店,小売業,衣料品,5%
和歌山県,新宮市,清家 ばる,サービス,飲食業,5%
和歌山県,新宮市,新宮駅前,小売業,ガソリンスタンド,2%
和歌山県,新宮市,新宮酒販,小売業,食料品,5%
和歌山県,新宮市,新宮セントラルホテル,サービス,宿泊業,5%
和歌山県,新宮市,新宮セントラルホテル,サービス,宿泊業,5%
和歌山県,新宮市,新宮ユーアイホテル フロント,サービス,宿泊業,5%
和歌山県,新宮市,心楽 本館,サービス,飲食業,5%
和歌山県,新宮市,ステーションホテル新宮,サービス,宿泊業,5%
和歌山県,新宮市,スポーツギアアダチ,小売業,その他小売,5%
和歌山県,新宮市,炭火焼肉屋さかい 新宮店,サービス,飲食業,2%
和歌山県,新宮市,是空,サービス,飲食業,5%
和歌山県,新宮市,セルフステーション新宮,小売業,ガソリンスタンド,2%
和歌山県,新宮市,セルフステーション新宮橋本,小売業,ガソリンスタンド,2%
和歌山県,新宮市,総本家めはりや,サービス,飲食業,5%
和歌山県,新宮市,ＤＡＹＺＹＬＡＷＣＡＦＥ,サービス,飲食業,5%
和歌山県,新宮市,タニグチ電器,小売業,電化製品,5%
和歌山県,新宮市,Ｄｒ．Ｄｒｉｖｅ新宮ＳＳ,小売業,ガソリンスタンド,2%
和歌山県,新宮市,ドコモショップ新宮店,小売業,その他小売,5%
和歌山県,新宮市,トマト オニオン新宮佐野店,サービス,飲食業,2%
和歌山県,新宮市,トヨタカローラ和歌山シーズ新宮店,小売業,その他小売,5%
和歌山県,新宮市,トヨタレンタリース和歌山新宮駅前店,小売業,その他小売,2%
和歌山県,新宮市,なかすでんき,小売業,電化製品,5%
和歌山県,新宮市,ナカミチ新宮店,小売業,衣料品,5%
和歌山県,新宮市,中本葬祭 ウィズハウス 新宮,サービス,その他サービス,5%
和歌山県,新宮市,中本葬祭 ベルホール中本 三佐木斎場,サービス,その他サービス,5%
和歌山県,新宮市,南紀プロパンガス株式会社,サービス,その他サービス,5%
和歌山県,新宮市,西村電機店,小売業,電化製品,5%
和歌山県,新宮市,ネッツトヨタ和歌山新宮店,小売業,その他小売,5%
和歌山県,新宮市,ハイマート,小売業,その他小売,5%
和歌山県,新宮市,長谷旅館,サービス,宿泊業,5%
和歌山県,新宮市,パンむぎとし,小売業,食料品,5%
和歌山県,新宮市,日の出自動車,サービス,その他サービス,5%
和歌山県,新宮市,福岡電器店,小売業,電化製品,5%
和歌山県,新宮市,福田時計店,小売業,貴金属・服飾品,5%
和歌山県,新宮市,ぷち熊工房マークス,小売業,衣料品,5%
和歌山県,新宮市,ｈａｉｒａｔｅｌｉｅｒｃｏｎｆｏｒｔｏ,サービス,理容・美容業,5%
和歌山県,新宮市,Ｂｅｌｌｅ,サービス,理容・美容業,5%
和歌山県,新宮市,ホテルニューパレス,サービス,宿泊業,5%
和歌山県,新宮市,マエダ新宮ＳＳ,小売業,ガソリンスタンド,2%
和歌山県,新宮市,マクドナルドイオン新宮店,サービス,飲食業,2%
和歌山県,新宮市,マクドナルド４２号新宮店,サービス,飲食業,2%
和歌山県,新宮市,マツヤ 新宮店,小売業,その他小売,5%
和歌山県,新宮市,ｍａｒｉｋｏ鍼灸院 ｍａｒｉｋｏ鍼灸院,サービス,理容・美容業,5%
和歌山県,新宮市,ミートショップたなか総本店,小売業,食料品,5%
和歌山県,新宮市,ｍｘｓｄｏｔ,サービス,飲食業,5%
和歌山県,新宮市,メガネストック新宮店,小売業,その他小売,5%
和歌山県,新宮市,杢美 移動店舗,サービス,その他サービス,5%
和歌山県,新宮市,山崎酒店,小売業,食料品,5%
和歌山県,新宮市,有限会社峪中家具,小売業,家具・調度品,5%
和歌山県,新宮市,有限会社中村電気店,小売業,電化製品,5%
和歌山県,新宮市,ＬａｕｎｄｏｗＬ,サービス,その他サービス,5%
和歌山県,新宮市,Ｌｅａｆ,サービス,理容・美容業,5%
和歌山県,新宮市,理容ひがし,サービス,理容・美容業,5%
和歌山県,新宮市,和歌山自動車株式会社 新宮営業所,小売業,その他小売,5%
和歌山県,新宮市,和歌山ダイハツ販売新宮店,小売業,その他小売,5%
和歌山県,新宮市,和歌山トヨタ自動車新宮店,小売業,その他小売,5%
和歌山県,新宮市,和歌山トヨペット新宮店,小売業,その他小売,5%
和歌山県,すさみ町,イブファーム,小売業,食料品,5%
和歌山県,すさみ町,江住給油所,小売業,ガソリンスタンド,2%
和歌山県,すさみ町,カフェパノラマ,サービス,飲食業,5%
和歌山県,すさみ町,ショウジ,小売業,電化製品,5%
和歌山県,すさみ町,有限会社すさみガス芝商店,小売業,その他小売,5%
和歌山県,すさみ町,周参見給油所,小売業,ガソリンスタンド,2%
和歌山県,すさみ町,南紀すさみ温泉ホテルベルヴェデーレ,サービス,宿泊業,5%
和歌山県,すさみ町,ＢＲＵＮＴ,小売業,その他小売,5%
和歌山県,太地町,ＡｓｉｌｅＢｌｅｕ,サービス,理容・美容業,5%
和歌山県,太地町,太地ＳＳ,小売業,ガソリンスタンド,2%
和歌山県,太地町,太地漁協スーパー,小売業,その他小売,5%
和歌山県,太地町,中本葬祭 そうそうの郷 太地,サービス,その他サービス,5%
和歌山県,田辺市,アイス,小売業,電化製品,5%
和歌山県,田辺市,アイリスパーク,サービス,宿泊業,5%
和歌山県,田辺市,アイリスパーク,サービス,宿泊業,5%
和歌山県,田辺市,秋平,サービス,飲食業,5%
和歌山県,田辺市,Ａｇｕ ｈａｉｒ Ａｇｕ ｈａｉｒ ｍａｒｉｎｅ田辺,サービス,理容・美容業,5%
和歌山県,田辺市,旭屋心禄,サービス,飲食業,5%
和歌山県,田辺市,アサヒヤ模型,小売業,書籍・玩具・音楽ＣＤ,5%
和歌山県,田辺市,アパアパヘアメイク,サービス,その他サービス,5%
和歌山県,田辺市,アルティエホテル紀伊田辺,サービス,宿泊業,5%
和歌山県,田辺市,アルフィー・ヨコヤ,小売業,衣料品,5%
和歌山県,田辺市,Ａｎｎｐａｎｔｏ．,サービス,飲食業,5%
和歌山県,田辺市,一期一会,サービス,飲食業,5%
和歌山県,田辺市,ｉｄｅａｌ ｉｄｅａｌ,サービス,理容・美容業,5%
和歌山県,田辺市,出光セルフ東宝文里ＳＳ,小売業,ガソリンスタンド,2%
和歌山県,田辺市,出光セルフ万呂ＳＳ,小売業,ガソリンスタンド,2%
和歌山県,田辺市,稲成ＳＳ,小売業,ガソリンスタンド,2%
和歌山県,田辺市,癒し処和みかん,サービス,理容・美容業,5%
和歌山県,田辺市,Ａコープ紀南 熊野古道なかへち,小売業,食料品,5%
和歌山県,田辺市,Ａコープ紀南 熊野古道ちかつゆ店,小売業,食料品,5%
和歌山県,田辺市,Ａコープ紀南 Ｃｏｏｋ ＧＡＲＤＥＮ店,小売業,食料品,5%
和歌山県,田辺市,Ａコープ紀南ＤＥＬＩＳＩＳＩＮＡＲＩ店,小売業,食料品,5%
和歌山県,田辺市,ＳＧ ＪＡＰＡＮ,小売業,その他小売,5%
和歌山県,田辺市,ＦＬＳパーティハウス 田辺芳養店,小売業,衣料品,5%
和歌山県,田辺市,ＦＬＳパーティハウス 田辺文里店,小売業,衣料品,5%
和歌山県,田辺市,ＦＤ たかはし,小売業,電化製品,5%
和歌山県,田辺市,Ａ－ｏｎｅケンネル,小売業,その他小売,5%
和歌山県,田辺市,大塔ＳＳ,小売業,ガソリンスタンド,2%
和歌山県,田辺市,ＯＶＥＲＦＬＯＷ,小売業,衣料品,5%
和歌山県,田辺市,御食事しもじ本宮店,サービス,飲食業,5%
和歌山県,田辺市,オズライズ,サービス,その他サービス,5%
和歌山県,田辺市,おとなしの郷,サービス,宿泊業,5%
和歌山県,田辺市,オリックスレンタカー田辺店,サービス,その他サービス,2%
和歌山県,田辺市,カービューティープロ貴彩翔 カービューティープロ貴彩翔,サービス,その他サービス,5%
和歌山県,田辺市,カービューティープロ田辺,サービス,その他サービス,5%
和歌山県,田辺市,甲斐ノ川,小売業,ガソリンスタンド,2%
和歌山県,田辺市,ｃａｆｅＤ,サービス,飲食業,5%
和歌山県,田辺市,ｃａｆｅ ＢＡＳＥ,サービス,飲食業,5%
和歌山県,田辺市,株式会社 花いちもんめ,小売業,その他小売,5%
和歌山県,田辺市,上秋津店,小売業,その他小売,5%
和歌山県,田辺市,カラオケボックスチェリーチェリー田辺店,サービス,その他サービス,5%
和歌山県,田辺市,カレーハウスＣｏＣｏ壱番屋田辺元町店,サービス,飲食業,2%
和歌山県,田辺市,河合塾マナビス田辺校,サービス,その他サービス,2%
和歌山県,田辺市,紀州庵なかた,小売業,食料品,5%
和歌山県,田辺市,紀州梅処なかた あおい店,小売業,食料品,5%
和歌山県,田辺市,紀州 梅の里 なかた,小売業,食料品,5%
和歌山県,田辺市,キタハバ電気店,小売業,電化製品,5%
和歌山県,田辺市,紀南病院売店,小売業,その他小売,5%
和歌山県,田辺市,紀之宿新屋敷,サービス,宿泊業,5%
和歌山県,田辺市,牛角田辺店,サービス,飲食業,2%
和歌山県,田辺市,靴のまつや ＦＯＯＴ ＬＩＦＥ店,小売業,その他小売,5%
和歌山県,田辺市,熊野本宮とりいの店,小売業,衣料品,5%
和歌山県,田辺市,栗須商店,小売業,その他小売,5%
和歌山県,田辺市,クール・カレ アン オークワ田辺店,小売業,衣料品,5%
和歌山県,田辺市,くるまインフォメーション,小売業,その他小売,5%
和歌山県,田辺市,Ｘ ＧＡＴＥ,小売業,衣料品,5%
和歌山県,田辺市,ＣＯＥＵＲ,サービス,理容・美容業,5%
和歌山県,田辺市,ＫｅＬａＬａ,小売業,その他小売,5%
和歌山県,田辺市,神戸屋,小売業,衣料品,5%
和歌山県,田辺市,Ｃｏｔｙｌｅ,小売業,衣料品,5%
和歌山県,田辺市,紺屋町店,小売業,その他小売,5%
和歌山県,田辺市,作業着専門店マルミ 作業着専門店マルミ,小売業,衣料品,5%
和歌山県,田辺市,ＪＡ紀南 ファーマーズマーケット紀菜柑,小売業,食料品,5%
和歌山県,田辺市,試着室,小売業,衣料品,5%
和歌山県,田辺市,自転車生活Ｔｏｕｃｈ！ マエダ自,小売業,その他小売,5%
和歌山県,田辺市,シミズデンキ,小売業,電化製品,5%
和歌山県,田辺市,下御殿,サービス,宿泊業,5%
和歌山県,田辺市,下三栖店,小売業,その他小売,5%
和歌山県,田辺市,ジュエル フクダ,小売業,貴金属・服飾品,5%
和歌山県,田辺市,シューズショップ きりんや,小売業,衣料品,5%
和歌山県,田辺市,旬味 辻庵,サービス,飲食業,5%
和歌山県,田辺市,ＳＨＯＣＫＩＮＧ ＢＬＵＥ,小売業,衣料品,5%
和歌山県,田辺市,白井電業所,サービス,その他サービス,5%
和歌山県,田辺市,新谷自動車整備工場,サービス,その他サービス,5%
和歌山県,田辺市,新日本補聴器センター田辺店,小売業,その他小売,5%
和歌山県,田辺市,新万ＳＳ,小売業,ガソリンスタンド,2%
和歌山県,田辺市,有限会社 新万電器,小売業,電化製品,5%
和歌山県,田辺市,スーパービジネスホテル 田辺,サービス,宿泊業,5%
和歌山県,田辺市,有限会社 鮨康,サービス,飲食業,5%
和歌山県,田辺市,ＳＴＹＬＥ ｆａｃｔｏｒｙ,小売業,貴金属・服飾品,5%
和歌山県,田辺市,ＳＴＵＰＩＤ ＫＩＤＳ,小売業,貴金属・服飾品,5%
和歌山県,田辺市,ＺＵＣＣＡ,サービス,飲食業,5%
和歌山県,田辺市,炭火焼肉 馳走,サービス,飲食業,5%
和歌山県,田辺市,炭火焼肉屋さかい 田辺店,サービス,飲食業,2%
和歌山県,田辺市,Ｓｏｒｒｉｓｏ,サービス,飲食業,5%
和歌山県,田辺市,Ｄｉｎｉｎｇ ＩＬＯＨＡ,サービス,飲食業,5%
和歌山県,田辺市,Ｄｉｎｉｎｇ ＩＬＯＨＡ,サービス,飲食業,5%
和歌山県,田辺市,ダイビングスクールプライム,小売業,その他小売,5%
和歌山県,田辺市,滝内店,小売業,その他小売,5%
和歌山県,田辺市,Ｄａ！ｃｏｗｏｒｋｉｎｇ,サービス,その他サービス,5%
和歌山県,田辺市,田辺ＳＳ,小売業,ガソリンスタンド,2%
和歌山県,田辺市,田辺ダイハツ販売本社,小売業,その他小売,5%
和歌山県,田辺市,田辺ダイビングサービス,サービス,その他サービス,5%
和歌山県,田辺市,田辺電化センター,小売業,電化製品,5%
和歌山県,田辺市,田辺ノースＳＳ,小売業,ガソリンスタンド,2%
和歌山県,田辺市,谷地自動車,サービス,その他サービス,5%
和歌山県,田辺市,旅人の宿蒼空げすとはうす,サービス,その他サービス,5%
和歌山県,田辺市,タマキ電器,小売業,電化製品,5%
和歌山県,田辺市,近露オートキャンプ場,サービス,理容・美容業,5%
和歌山県,田辺市,近野石油,小売業,ガソリンスタンド,2%
和歌山県,田辺市,チャイニーズ酒場 福福 チャイニーズ酒場 福福,サービス,飲食業,5%
和歌山県,田辺市,中国料理 天津楼,サービス,飲食業,5%
和歌山県,田辺市,Ｔ．Ａ．Ｐ,サービス,その他サービス,5%
和歌山県,田辺市,ＤＩＶＡ ｈａｉｒ,サービス,理容・美容業,5%
和歌山県,田辺市,てんつくゲストハウス,サービス,宿泊業,5%
和歌山県,田辺市,トマト オニオン田辺店,サービス,飲食業,2%
和歌山県,田辺市,トヨタカローラ和歌山シ－ズ田辺店,小売業,その他小売,5%
和歌山県,田辺市,トヨタ部品大阪共販田辺営業所,サービス,その他サービス,5%
和歌山県,田辺市,トヨタレンタリース和歌山 紀伊田辺駅前店,小売業,その他小売,2%
和歌山県,田辺市,とらや薬局,小売業,その他小売,5%
和歌山県,田辺市,トレジャーマーケット,小売業,その他小売,5%
和歌山県,田辺市,ナカヤドラッグ薬局,小売業,その他小売,5%
和歌山県,田辺市,ＮＡＳＵＥＮ,小売業,その他小売,5%
和歌山県,田辺市,南紀ガス株式会社,小売業,その他小売,5%
和歌山県,田辺市,にこにこ電化サービス,小売業,電化製品,5%
和歌山県,田辺市,ニューエイコーデンキ,小売業,電化製品,5%
和歌山県,田辺市,ネッツトヨタ和歌山田辺店,小売業,その他小売,5%
和歌山県,田辺市,パークサイドホテル,サービス,宿泊業,5%
和歌山県,田辺市,八幡店,小売業,その他小売,5%
和歌山県,田辺市,八屋,小売業,その他小売,5%
和歌山県,田辺市,パナット ナカセ,小売業,電化製品,5%
和歌山県,田辺市,パナット おおた,小売業,電化製品,5%
和歌山県,田辺市,パナットミヤコヤ,小売業,電化製品,5%
和歌山県,田辺市,Ｖａｎｉｌｌａ Ｃａｆｅ,小売業,食料品,5%
和歌山県,田辺市,芳養大屋,小売業,ガソリンスタンド,2%
和歌山県,田辺市,ぴえろ 田辺店,小売業,その他小売,5%
和歌山県,田辺市,Ｂｉｑｕｅｔｔｅ,サービス,理容・美容業,5%
和歌山県,田辺市,ビジネスホテル 田辺サンシャイン,サービス,宿泊業,5%
和歌山県,田辺市,ビジネスホテル花屋,サービス,宿泊業,5%
和歌山県,田辺市,ビューティースペース,サービス,理容・美容業,5%
和歌山県,田辺市,ファッション・ド・コア,小売業,衣料品,5%
和歌山県,田辺市,ファナーライムストーン田辺店,小売業,衣料品,5%
和歌山県,田辺市,フィッシング＆レジャー ナニワ,小売業,その他小売,5%
和歌山県,田辺市,Ｆｉｍｐｅｎ＋Ｎｕｌ,小売業,衣料品,5%
和歌山県,田辺市,冨士屋,サービス,宿泊業,5%
和歌山県,田辺市,フック電器店,小売業,電化製品,5%
和歌山県,田辺市,フライショップペスカドール,小売業,その他小売,5%
和歌山県,田辺市,プライム薬局 田辺店,小売業,その他小売,5%
和歌山県,田辺市,古谷電器店,小売業,電化製品,5%
和歌山県,田辺市,フレッシュハウス新万店,小売業,食料品,5%
和歌山県,田辺市,ヘアーメイク・ディテール,サービス,理容・美容業,5%
和歌山県,田辺市,ペット用品の店ぶひぶひ 田辺店,小売業,その他小売,5%
和歌山県,田辺市,ボイジャーブルーイング株式会社,サービス,飲食業,5%
和歌山県,田辺市,宝月自動車,サービス,その他サービス,5%
和歌山県,田辺市,ボニータ,サービス,飲食業,5%
和歌山県,田辺市,本宮,小売業,ガソリンスタンド,2%
和歌山県,田辺市,本宮ＳＳ,小売業,ガソリンスタンド,2%
和歌山県,田辺市,本宮ＳＳ,小売業,ガソリンスタンド,2%
和歌山県,田辺市,ＢＯＮＤＳ,サービス,飲食業,5%
和歌山県,田辺市,マクドナルド田辺パビリオンシティ店,サービス,飲食業,2%
和歌山県,田辺市,マクドナルド４２号田辺バイパス店,サービス,飲食業,2%
和歌山県,田辺市,マツヤ パビリオン店,小売業,その他小売,5%
和歌山県,田辺市,Ｍａｎａｒａｍ,サービス,その他サービス,5%
和歌山県,田辺市,湊米穀,小売業,食料品,5%
和歌山県,田辺市,ミナミ電気商会,小売業,電化製品,5%
和歌山県,田辺市,南和歌山医療センター病院売店,小売業,その他小売,5%
和歌山県,田辺市,民宿 大村屋,サービス,宿泊業,5%
和歌山県,田辺市,メイトスポーツ,小売業,その他小売,5%
和歌山県,田辺市,メガネの田中 パビリオンシティ田辺店,小売業,その他小売,5%
和歌山県,田辺市,ＭＯＣ ＦＵＲＮＩＴＵＲＥ,小売業,家具・調度品,5%
和歌山県,田辺市,ＪＭ／もんぺとくわ,サービス,飲食業,5%
和歌山県,田辺市,焼肉ホルモン マルキ精肉田辺店,サービス,飲食業,5%
和歌山県,田辺市,山根酒店東山店,小売業,食料品,5%
和歌山県,田辺市,山彦商店,小売業,食料品,5%
和歌山県,田辺市,山本建築工房,サービス,その他サービス,5%
和歌山県,田辺市,ヤマモトスポーツ,小売業,その他小売,5%
和歌山県,田辺市,ヤマモト電器,小売業,電化製品,5%
和歌山県,田辺市,ヨコヤ,小売業,衣料品,5%
和歌山県,田辺市,磊風八,サービス,飲食業,5%
和歌山県,田辺市,ライフ江川店,小売業,その他小売,5%
和歌山県,田辺市,ＲＡＮＺＵ,サービス,飲食業,5%
和歌山県,田辺市,リトルインディアン,小売業,衣料品,5%
和歌山県,田辺市,リモバ田辺店,小売業,その他小売,5%
和歌山県,田辺市,竜神ＳＳ,小売業,ガソリンスタンド,2%
和歌山県,田辺市,龍神,小売業,ガソリンスタンド,2%
和歌山県,田辺市,レスキューＰＣサポートサービス,小売業,電化製品,5%
和歌山県,田辺市,レディス・ヌーボ,小売業,衣料品,5%
和歌山県,田辺市,六文舎,サービス,飲食業,5%
和歌山県,田辺市,ｌｏｇｏｌｉｆｅａｔｇａｒｄｅｎ,サービス,理容・美容業,5%
和歌山県,田辺市,和歌山自動車株式会社 田辺営業所,小売業,その他小売,5%
和歌山県,田辺市,和歌山トヨタ自動車田辺店,小売業,その他小売,5%
和歌山県,田辺市,和歌山トヨペット田辺店,小売業,その他小売,5%
和歌山県,田辺市,わたらせ温泉 ホテルひめゆり,サービス,宿泊業,5%
和歌山県,田辺市,わたらせ温泉 ホテルやまゆり,サービス,宿泊業,5%
和歌山県,那智勝浦町,ＡＴ＆Ｒグローバルビジネス合同会社,サービス,その他サービス,5%
和歌山県,那智勝浦町,太田ＳＳ,小売業,ガソリンスタンド,2%
和歌山県,那智勝浦町,勝浦ＳＳ,小売業,ガソリンスタンド,2%
和歌山県,那智勝浦町,勝浦ＳＳ,小売業,ガソリンスタンド,2%
和歌山県,那智勝浦町,かつうら御苑,サービス,宿泊業,5%
和歌山県,那智勝浦町,ＫＥＡＮＳＴＯＲＥ,小売業,衣料品,5%
和歌山県,那智勝浦町,ＫｏｄｏＢａｃｋｐａｃｋｅｒ＇ｓＩｎｎ,サービス,その他サービス,5%
和歌山県,那智勝浦町,サンドリ－ムセルフ下里ＳＳ,小売業,ガソリンスタンド,2%
和歌山県,那智勝浦町,ｓｍａｒｔ ｃａｆｅ,サービス,飲食業,5%
和歌山県,那智勝浦町,セルフステーション勝浦市屋,小売業,ガソリンスタンド,2%
和歌山県,那智勝浦町,ダイワエネルギー株式会社勝浦,小売業,その他小売,5%
和歌山県,那智勝浦町,タテキデンキ,小売業,電化製品,5%
和歌山県,那智勝浦町,電化ショップチャイム,小売業,電化製品,5%
和歌山県,那智勝浦町,東花園,小売業,その他小売,5%
和歌山県,那智勝浦町,ドコモショップ 新宮店,小売業,電化製品,5%
和歌山県,那智勝浦町,トヨタレンタリース和歌山勝浦店,小売業,その他小売,2%
和歌山県,那智勝浦町,ドンソレイユ 勝浦店,小売業,貴金属・服飾品,5%
和歌山県,那智勝浦町,中本葬祭 勝浦斎場 ザ スランバーズガーデン,サービス,その他サービス,5%
和歌山県,那智勝浦町,中本葬祭 ベルホール中本,サービス,その他サービス,5%
和歌山県,那智勝浦町,那智自動車販売株式会社,サービス,その他サービス,5%
和歌山県,那智勝浦町,パナットマツシタ,小売業,電化製品,5%
和歌山県,那智勝浦町,フローリスト花はる,小売業,その他小売,5%
和歌山県,那智勝浦町,ｂｏｄａｉ ｂｏｄａｉ,サービス,飲食業,5%
和歌山県,那智勝浦町,本社卸,小売業,ガソリンスタンド,2%
和歌山県,那智勝浦町,Ｍｏｕｔｏｎ Ｋｉｄ’ｓ,小売業,衣料品,5%
和歌山県,那智勝浦町,メガネストック メガネストック 勝浦店,小売業,その他小売,5%
和歌山県,那智勝浦町,メガネストック勝浦店,小売業,その他小売,5%
和歌山県,那智勝浦町,メガネストック勝浦店,小売業,貴金属・服飾品,5%
和歌山県,那智勝浦町,桃井電器店,小売業,電化製品,5%
和歌山県,那智勝浦町,有限会社たき川,小売業,食料品,5%
和歌山県,橋本市,赤井スポーツ,小売業,その他小売,5%
和歌山県,橋本市,食めちゃうまあらじん,サービス,飲食業,5%
和歌山県,橋本市,アングラーズ 橋本店,小売業,その他小売,5%
和歌山県,橋本市,出光高野口ＳＳ,小売業,ガソリンスタンド,2%
和歌山県,橋本市,出光セルフ紀伊清水ＳＳ,小売業,ガソリンスタンド,2%
和歌山県,橋本市,ｅｂｉｉ,サービス,理容・美容業,5%
和歌山県,橋本市,大岩自動車,サービス,その他サービス,5%
和歌山県,橋本市,大谷電気,小売業,電化製品,5%
和歌山県,橋本市,大谷電気 城山台店,小売業,電化製品,5%
和歌山県,橋本市,奥田スポーツ店,小売業,その他小売,5%
和歌山県,橋本市,オフサイド,小売業,その他小売,5%
和歌山県,橋本市,柿の葉すし本舗たなか はしもと店,小売業,食料品,5%
和歌山県,橋本市,ｃｕｔ ｓｔｕｄｉｏ ＣＬＩＰ,サービス,理容・美容業,5%
和歌山県,橋本市,株式会社トミオ 辻商店,小売業,食料品,5%
和歌山県,橋本市,学文路ＳＳ,小売業,ガソリンスタンド,2%
和歌山県,橋本市,Ｑｕａｌｉｔｅ,サービス,理容・美容業,5%
和歌山県,橋本市,カレーハウスＣｏＣｏ壱番屋 橋本国道２４号店,サービス,飲食業,2%
和歌山県,橋本市,革首輪工房ｗｉｔｈＤｏｇｓ,小売業,衣料品,5%
和歌山県,橋本市,紀伊見荘,サービス,宿泊業,5%
和歌山県,橋本市,紀州繊維工業協同組合,小売業,衣料品,5%
和歌山県,橋本市,有限会社喜多石油店,小売業,その他小売,5%
和歌山県,橋本市,牛角和歌山橋本店,サービス,飲食業,2%
和歌山県,橋本市,靴のオフサイド,小売業,その他小売,5%
和歌山県,橋本市,ゲストハウス,サービス,飲食業,5%
和歌山県,橋本市,ｃｏ．Ｒ ｈａｉｒ,サービス,理容・美容業,5%
和歌山県,橋本市,高野口,小売業,ガソリンスタンド,2%
和歌山県,橋本市,セブン－イレブン高野口町大野店,小売業,食料品,2%
和歌山県,橋本市,セブン－イレブン高野口町伏原店,小売業,食料品,2%
和歌山県,橋本市,高野口動物病院,サービス,その他サービス,5%
和歌山県,橋本市,五福,サービス,その他サービス,5%
和歌山県,橋本市,Ｓａｉｔｏゴルフ工房,小売業,その他小売,5%
和歌山県,橋本市,酒のワールド 高野口伏原店,小売業,食料品,5%
和歌山県,橋本市,酒のワールド 高野口伏原店,小売業,食料品,5%
和歌山県,橋本市,酒のワールド 橋本東家店,小売業,食料品,5%
和歌山県,橋本市,酒のワールド プロマートハシモト店,小売業,食料品,5%
和歌山県,橋本市,Ｇｅｎｅｓｉｓ,サービス,理容・美容業,5%
和歌山県,橋本市,Ｇｅｎｅｓｉｓ ｇｒａｎｄｅ,サービス,理容・美容業,5%
和歌山県,橋本市,ジュエリー ｙｏｕ,小売業,貴金属・服飾品,5%
和歌山県,橋本市,シューズ＆バッグ こにし,小売業,衣料品,5%
和歌山県,橋本市,食事居酒屋 柿善,サービス,飲食業,5%
和歌山県,橋本市,新日本補聴器センター 橋本店,小売業,その他小売,5%
和歌山県,橋本市,隅田町ＳＳ,小売業,ガソリンスタンド,2%
和歌山県,橋本市,すまい：Ｒｅ,サービス,その他サービス,2%
和歌山県,橋本市,だるまやデンキ本店,小売業,電化製品,5%
和歌山県,橋本市,ツツミコレクション,小売業,衣料品,5%
和歌山県,橋本市,ドゥーブレメゾン橋本店,小売業,衣料品,5%
和歌山県,橋本市,トヨタカローラ和歌山シーズ橋本店,小売業,その他小売,5%
和歌山県,橋本市,トヨタレンタリース和歌山 橋本駅前店,小売業,その他小売,2%
和歌山県,橋本市,日栄電気商会,小売業,電化製品,5%
和歌山県,橋本市,ネッツトヨタ和歌山橋本店,小売業,その他小売,5%
和歌山県,橋本市,パーティハウス 橋本店,小売業,衣料品,5%
和歌山県,橋本市,橋本ＳＳ,小売業,ガソリンスタンド,2%
和歌山県,橋本市,小浦石油 橋本あやの台SS,小売業,ガソリンスタンド,2%
和歌山県,橋本市,セブン－イレブン橋本インター南店,小売業,食料品,2%
和歌山県,橋本市,セブン－イレブン橋本河瀬店,小売業,食料品,2%
和歌山県,橋本市,セブン－イレブン橋本隅田町店,小売業,食料品,2%
和歌山県,橋本市,セブン－イレブン橋本東家店,小売業,食料品,2%
和歌山県,橋本市,パティスリー ドゥ キュール,小売業,食料品,5%
和歌山県,橋本市,パナット・ナパ,小売業,電化製品,5%
和歌山県,橋本市,ファッションハウス キャロット,小売業,衣料品,5%
和歌山県,橋本市,ブランヴェール 橋本店,小売業,衣料品,5%
和歌山県,橋本市,フランス屋 松源高野口店,サービス,その他サービス,5%
和歌山県,橋本市,フランス屋 松源伏原店,サービス,その他サービス,5%
和歌山県,橋本市,ｈａｉｒ ｃｒａｆｔ ｍｏｕｎｔａｉｎ ｍｏｕｎｔａｉｎ,サービス,理容・美容業,5%
和歌山県,橋本市,ペパーミント美容室,サービス,理容・美容業,5%
和歌山県,橋本市,北欧セレクトＦｙｎｄａ,小売業,その他小売,5%
和歌山県,橋本市,ホステルイン橋本,サービス,宿泊業,5%
和歌山県,橋本市,マクドナルド高野口オークワ店,サービス,飲食業,2%
和歌山県,橋本市,マクドナルド林間田園都市店,サービス,飲食業,2%
和歌山県,橋本市,まごころ弁当橋本店,サービス,飲食業,2%
和歌山県,橋本市,マツゲン 高野口店,小売業,食料品,5%
和歌山県,橋本市,マツゲン 橋本店,小売業,食料品,5%
和歌山県,橋本市,マツゲン 橋本林間店,小売業,食料品,5%
和歌山県,橋本市,マツゲン 伏原店,小売業,食料品,5%
和歌山県,橋本市,まつや 高野口店,小売業,衣料品,5%
和歌山県,橋本市,ＭＡＤＯショップ橋本高野口店,小売業,その他小売,5%
和歌山県,橋本市,ｍｅ ｔｏｏ,サービス,理容・美容業,5%
和歌山県,橋本市,メガネの安里,小売業,その他小売,5%
和歌山県,橋本市,モイスティーヌ サロン ド アトレ,小売業,その他小売,5%
和歌山県,橋本市,やっちょん広場,小売業,その他小売,5%
和歌山県,橋本市,やどり温泉 いやしの湯 温泉宿泊施設,サービス,宿泊業,5%
和歌山県,橋本市,柳澤米穀店,小売業,食料品,5%
和歌山県,橋本市,有限会社畑自動車,サービス,その他サービス,5%
和歌山県,橋本市,ヨネサカ＆ラ・ミニョン,小売業,衣料品,5%
和歌山県,橋本市,ライフクリーナー 新紀見ケ丘,サービス,その他サービス,5%
和歌山県,橋本市,ライフクリーナー 高野口東店,サービス,その他サービス,5%
和歌山県,橋本市,リーテンルム・ハンドワークスティッラ,小売業,貴金属・服飾品,5%
和歌山県,橋本市,和歌山トヨタ自動車高野口店,小売業,その他小売,5%
和歌山県,橋本市,和歌山トヨペット橋本店,小売業,その他小売,5%
和歌山県,日高川町,川辺ＳＳ,小売業,ガソリンスタンド,2%
和歌山県,日高川町,川原河第二,小売業,ガソリンスタンド,2%
和歌山県,日高川町,小池農園,サービス,その他サービス,5%
和歌山県,日高川町,そうがわパソコンサポート,サービス,その他サービス,5%
和歌山県,日高川町,原留中津,小売業,ガソリンスタンド,2%
和歌山県,日高川町,ｈａｉｒｍｏｄｅ ａｉｒｉｓｈ,サービス,理容・美容業,5%
和歌山県,日高川町,ユガミ電器店,小売業,電化製品,5%
和歌山県,日高川町,らんぷりらっくす,サービス,理容・美容業,5%
和歌山県,日高川町,レストランあんちん,小売業,その他小売,5%
和歌山県,日高川町,Ｙ．Ｙ ＡＵＴＯ,サービス,その他サービス,5%
和歌山県,日高川町,和佐,小売業,ガソリンスタンド,2%
和歌山県,日高町,﨑山電器商会,小売業,電化製品,5%
和歌山県,日高町,日高ＳＳ,小売業,ガソリンスタンド,2%
和歌山県,日高町,日高ＳＳ,小売業,ガソリンスタンド,2%
和歌山県,日高町,日高ダイビングセンター,サービス,理容・美容業,5%
和歌山県,広川町,紀の国ガーデン,小売業,その他小売,5%
和歌山県,広川町,広川ＳＳ,小売業,ガソリンスタンド,2%
和歌山県,広川町,広,小売業,ガソリンスタンド,2%
和歌山県,広川町,ＭｉｌｉｔａｒｙＳｈｏｐＴＯＲＡＹＡＭＡ,小売業,その他小売,5%
和歌山県,広川町,ＢＯＡＴＣＡＦＥ Ｂａｙｓｉｄｅ,サービス,飲食業,5%
和歌山県,広川町,ＵＧシマダ,小売業,電化製品,5%
和歌山県,広川町,ＵＧひがし,小売業,電化製品,5%
和歌山県,みなべ町,［ＨＣ］エコーみなべ,小売業,電化製品,5%
和歌山県,みなべ町,かつら堂,小売業,食料品,5%
和歌山県,みなべ町,清川ＳＳ,小売業,ガソリンスタンド,2%
和歌山県,みなべ町,五代庵 本社,小売業,食料品,5%
和歌山県,みなべ町,ＳＴＡＲＦＯＲＥＳＴ,サービス,その他サービス,5%
和歌山県,みなべ町,ダイコクドラッグ南部ロイヤルホテル店,小売業,その他小売,5%
和歌山県,みなべ町,鶴の湯温泉,サービス,宿泊業,5%
和歌山県,みなべ町,バリューハウス南部店,小売業,食料品,5%
和歌山県,みなべ町,晩稲ＳＳ,小売業,ガソリンスタンド,2%
和歌山県,みなべ町,フードショップ たにぐち フードショプたにぐち,小売業,食料品,5%
和歌山県,みなべ町,南部ＳＳ,小売業,ガソリンスタンド,2%
和歌山県,みなべ町,みなべＳＳ,小売業,ガソリンスタンド,2%
和歌山県,みなべ町,みなべＳＳ,小売業,ガソリンスタンド,2%
和歌山県,みなべ町,有限会社池本,小売業,その他小売,5%
和歌山県,美浜町,国立和歌山病院売店,小売業,その他小売,5%
和歌山県,美浜町,谷国水産,小売業,食料品,5%
和歌山県,美浜町,夏目電器商会,小売業,電化製品,5%
和歌山県,美浜町,美浜ＳＳ,小売業,ガソリンスタンド,2%
和歌山県,美浜町,ＵＧタバタ,小売業,電化製品,5%
和歌山県,美浜町,ｌｏｃｏ．,サービス,理容・美容業,5%
和歌山県,湯浅町,あみ清 数見商店 本店,小売業,食料品,5%
和歌山県,湯浅町,有田ＳＳ,小売業,ガソリンスタンド,2%
和歌山県,湯浅町,セブン－イレブン有田湯浅町店,小売業,食料品,2%
和歌山県,湯浅町,ＦＬＳパーティハウス 湯浅店,小売業,衣料品,5%
和歌山県,湯浅町,大宮,小売業,ガソリンスタンド,2%
和歌山県,湯浅町,カービューティープロ ユアサ,サービス,その他サービス,5%
和歌山県,湯浅町,小浦石油 サンプラザ湯浅SS,小売業,ガソリンスタンド,2%
和歌山県,湯浅町,そまの薬局,小売業,その他小売,5%
和歌山県,湯浅町,タケナカ おしゃれ雑貨 タケナカ,小売業,その他小売,5%
和歌山県,湯浅町,中芳電器工房株式会社,小売業,電化製品,5%
和歌山県,湯浅町,はやし電器,小売業,電化製品,5%
和歌山県,湯浅町,パン工房カワ本店,小売業,食料品,5%
和歌山県,湯浅町,ぴえろ 湯浅店,小売業,衣料品,5%
和歌山県,湯浅町,古由青果,小売業,食料品,5%
和歌山県,湯浅町,ホンダウィングＢＨＢ広畑,小売業,その他小売,5%
和歌山県,湯浅町,マクドナルド湯浅ユピア店,サービス,飲食業,2%
和歌山県,湯浅町,マツゲン 湯浅店,小売業,食料品,5%
和歌山県,湯浅町,松由,サービス,飲食業,5%
和歌山県,湯浅町,メンズ アプティ,小売業,衣料品,5%
和歌山県,湯浅町,メンズ アプティ,小売業,衣料品,5%
和歌山県,湯浅町,湯浅温泉 湯浅城,サービス,宿泊業,5%
和歌山県,湯浅町,湯浅蔵町,小売業,ガソリンスタンド,2%
和歌山県,湯浅町,有限会社ヒトミヤ ユピア店,小売業,その他小売,5%
和歌山県,湯浅町,ＵＧコーキョー堂,小売業,電化製品,5%
和歌山県,湯浅町,ＵＧシンケ,小売業,電化製品,5%
和歌山県,湯浅町,リノ 有田川店,小売業,衣料品,5%
和歌山県,湯浅町,リノ湯浅店,小売業,衣料品,5%
和歌山県,湯浅町,レスト喫茶ドンキー,サービス,飲食業,5%
和歌山県,由良町,パナットオザキ,小売業,電化製品,5%
和歌山県,由良町,由良港,小売業,ガソリンスタンド,2%
和歌山県,由良町,由良町,小売業,ガソリンスタンド,2%
和歌山県,由良町,由良門前,小売業,ガソリンスタンド,2%
和歌山県,和歌山市,ａ ｃｏｔｅ,サービス,理容・美容業,5%
和歌山県,和歌山市,Ｒ．Ｔ．Ａ．ステーション本社,小売業,電化製品,5%
和歌山県,和歌山市,ＲＴＡたけにし,小売業,電化製品,5%
和歌山県,和歌山市,ＲＴＡ東店,小売業,電化製品,5%
和歌山県,和歌山市,ＲＴＡ和歌山店,小売業,電化製品,5%
和歌山県,和歌山市,Ａｉｚ,小売業,衣料品,5%
和歌山県,和歌山市,ａｉｒｅ,サービス,その他サービス,5%
和歌山県,和歌山市,あおい茶寮,サービス,飲食業,5%
和歌山県,和歌山市,青岸油槽所,小売業,ガソリンスタンド,2%
和歌山県,和歌山市,ａｏ ｈａｉｒ,サービス,理容・美容業,5%
和歌山県,和歌山市,赤井商会,小売業,貴金属・服飾品,5%
和歌山県,和歌山市,Ａｇｕ ｈａｉｒ Ａｇｕ ｈａｉｒ ａｒ和歌山ガーデンパーク前,サービス,理容・美容業,5%
和歌山県,和歌山市,Ａｇｕ ｈａｉｒ Ａｇｕ ｈａｉｒ ｅｍｕ和歌山,サービス,理容・美容業,5%
和歌山県,和歌山市,Ａｇｕ ｈａｉｒ Ａｇｕ ｈａｉｒ ｐｒｕｎｅ和歌山駅前,サービス,理容・美容業,5%
和歌山県,和歌山市,朝日新聞 六十谷,小売業,その他小売,5%
和歌山県,和歌山市,朝日タクシー株式会社,サービス,運輸業,5%
和歌山県,和歌山市,アサヒライス,小売業,食料品,5%
和歌山県,和歌山市,アズノゥアズピンキー 和歌山ミオ店,小売業,衣料品,5%
和歌山県,和歌山市,アースレンタカー,サービス,その他サービス,5%
和歌山県,和歌山市,アップス城北ＳＳ,小売業,ガソリンスタンド,2%
和歌山県,和歌山市,アムール本店,小売業,衣料品,5%
和歌山県,和歌山市,ＡＭＵＲＩＴＡＬＡＮＤ,サービス,理容・美容業,5%
和歌山県,和歌山市,アムール 海南店,小売業,衣料品,5%
和歌山県,和歌山市,アランチャ,サービス,飲食業,5%
和歌山県,和歌山市,アリス藤株式会社,小売業,貴金属・服飾品,5%
和歌山県,和歌山市,ａｌｍｏ,サービス,飲食業,5%
和歌山県,和歌山市,アロマとハーブの専門店 ラ・ベルビー,小売業,その他小売,5%
和歌山県,和歌山市,杏亭 古屋店,サービス,飲食業,5%
和歌山県,和歌山市,杏亭 県庁前店,サービス,飲食業,5%
和歌山県,和歌山市,杏亭古屋店,小売業,食料品,5%
和歌山県,和歌山市,アンティークつづれ,小売業,その他小売,5%
和歌山県,和歌山市,ＡＮＴＥＶＯＲＴＥ,小売業,その他小売,5%
和歌山県,和歌山市,＆ Ｒｏｏｍ,小売業,家具・調度品,5%
和歌山県,和歌山市,ＥＭショップ百姓家族,サービス,その他サービス,5%
和歌山県,和歌山市,Ｅ薬局,小売業,その他小売,5%
和歌山県,和歌山市,漁火の宿 シーサイド観潮,サービス,宿泊業,5%
和歌山県,和歌山市,石窯ポポロ,サービス,飲食業,5%
和歌山県,和歌山市,石田イヌネコ病院,サービス,その他サービス,5%
和歌山県,和歌山市,パソコン訪問サポートのいずみ,サービス,その他サービス,5%
和歌山県,和歌山市,イズミヤ和歌山店,サービス,その他サービス,5%
和歌山県,和歌山市,いせた,小売業,家具・調度品,5%
和歌山県,和歌山市,イタリア食堂 Ｋｉｔｃｈｅｎ Ｃａｍｍｙ イタリア食堂 ｋｉｔｃｈｅｎ Ｃａｍｍｙ,サービス,飲食業,5%
和歌山県,和歌山市,一寸法師工場直売店,小売業,食料品,5%
和歌山県,和歌山市,一般社団法人ボディメイク研究所 スキレッタ スキレッテ,サービス,飲食業,5%
和歌山県,和歌山市,出光秋月ＳＳ,小売業,ガソリンスタンド,2%
和歌山県,和歌山市,出光紀伊山口ＳＳ,小売業,ガソリンスタンド,2%
和歌山県,和歌山市,出光西ノ庄ＳＳ,小売業,ガソリンスタンド,2%
和歌山県,和歌山市,出光和歌山インターチェンジＳＳ,小売業,ガソリンスタンド,2%
和歌山県,和歌山市,田舎茶屋や万志多,サービス,飲食業,5%
和歌山県,和歌山市,癒し処 休家,サービス,その他サービス,5%
和歌山県,和歌山市,ｉｒｏｄｏｒｉ,サービス,理容・美容業,5%
和歌山県,和歌山市,岩倉クリーニング,サービス,その他サービス,5%
和歌山県,和歌山市,印章工房上野,小売業,その他小売,5%
和歌山県,和歌山市,インテリアひろみ 二番館,小売業,家具・調度品,5%
和歌山県,和歌山市,インテリアひろみ 婚礼館,小売業,家具・調度品,5%
和歌山県,和歌山市,インテリアひろみ 和歌山本店,小売業,家具・調度品,5%
和歌山県,和歌山市,ｕ,サービス,理容・美容業,5%
和歌山県,和歌山市,ｗｉｓｈ?ｂ?ｗａｖｅ ｗｉｓｈ Ｂ ＷＡＶＥ,サービス,理容・美容業,5%
和歌山県,和歌山市,ヴィレジア やまだ,小売業,電化製品,5%
和歌山県,和歌山市,魚もんや,サービス,飲食業,5%
和歌山県,和歌山市,宇治書店,小売業,書籍・玩具・音楽ＣＤ,5%
和歌山県,和歌山市,ウタゲ,サービス,飲食業,5%
和歌山県,和歌山市,宇野電器店,小売業,電化製品,5%
和歌山県,和歌山市,梅原,小売業,ガソリンスタンド,2%
和歌山県,和歌山市,浦電器店,小売業,電化製品,5%
和歌山県,和歌山市,ＵＬＩ ＵＬＩ,サービス,その他サービス,5%
和歌山県,和歌山市,［ＨＣ］エコー木ノ本店,小売業,電化製品,5%
和歌山県,和歌山市,［ＨＣ］エコー園部店,小売業,電化製品,5%
和歌山県,和歌山市,エコＰＡＲＫＳ,小売業,その他小売,5%
和歌山県,和歌山市,エステルームなでしこ,サービス,理容・美容業,5%
和歌山県,和歌山市,エステルームなでしこ,サービス,理容・美容業,5%
和歌山県,和歌山市,ｅｓｐｒｉｔ－Ａ,小売業,衣料品,5%
和歌山県,和歌山市,エスプリア 秋葉山店,小売業,衣料品,5%
和歌山県,和歌山市,エピ漢方,小売業,その他小売,5%
和歌山県,和歌山市,ＦＬＳ パーティハウス 西庄店,小売業,衣料品,5%
和歌山県,和歌山市,ＦＬＳパーティハウス 神前店,小売業,衣料品,5%
和歌山県,和歌山市,ＦＬＳ パーティハウス 西浜店,小売業,衣料品,5%
和歌山県,和歌山市,Ｅｌｅｔｔａ Ｐｒｏｄｕｃｅｄ ｂｙ ＡＬＬＵＲＥ,サービス,理容・美容業,5%
和歌山県,和歌山市,大池カフェ セント ゼファー,サービス,飲食業,5%
和歌山県,和歌山市,大垣内,小売業,ガソリンスタンド,2%
和歌山県,和歌山市,大阪屋 ひいなの湯,サービス,宿泊業,5%
和歌山県,和歌山市,大角石油店安原ＳＳ,小売業,ガソリンスタンド,2%
和歌山県,和歌山市,大谷自動車（株）和歌山店,サービス,その他サービス,5%
和歌山県,和歌山市,大谷被服産業株式会社,小売業,衣料品,5%
和歌山県,和歌山市,オートランド ハシモト,小売業,その他小売,5%
和歌山県,和歌山市,大西時計店,小売業,貴金属・服飾品,5%
和歌山県,和歌山市,大野食品株式会社,小売業,その他小売,5%
和歌山県,和歌山市,岡久家具,小売業,家具・調度品,5%
和歌山県,和歌山市,野菜ショップおかし屋,サービス,飲食業,5%
和歌山県,和歌山市,おかでんき 本店,小売業,電化製品,5%
和歌山県,和歌山市,岡野電化,小売業,電化製品,5%
和歌山県,和歌山市,オカヘイ,小売業,衣料品,5%
和歌山県,和歌山市,オカヘイ エグゼクティブ 丸正店,小売業,衣料品,5%
和歌山県,和歌山市,オカヘイ ダイエー店,小売業,衣料品,5%
和歌山県,和歌山市,オカヘイ ＰＲＩＯＲ２,小売業,衣料品,5%
和歌山県,和歌山市,オカヘイ ＭＥＮ’Ｓ ＰＲＩＯＲ,小売業,衣料品,5%
和歌山県,和歌山市,オカヘイ メンズ近鉄店,小売業,衣料品,5%
和歌山県,和歌山市,オカヘイ レディース近鉄店,小売業,衣料品,5%
和歌山県,和歌山市,オカヘイプリオール フォルテワジマ店,小売業,衣料品,5%
和歌山県,和歌山市,オカヘイ本店,小売業,衣料品,5%
和歌山県,和歌山市,ｏｃｔａｖｉａ,小売業,衣料品,5%
和歌山県,和歌山市,小倉カントリークラブ,サービス,その他サービス,5%
和歌山県,和歌山市,お好み焼き 偶 和歌山駅前店,サービス,飲食業,5%
和歌山県,和歌山市,お好み焼 偶,サービス,飲食業,5%
和歌山県,和歌山市,小沢電器商会,小売業,電化製品,5%
和歌山県,和歌山市,オートピットタキモト自動車,サービス,その他サービス,5%
和歌山県,和歌山市,小野町,小売業,ガソリンスタンド,2%
和歌山県,和歌山市,株式会社オフィスシーアンドエヌ,サービス,その他サービス,5%
和歌山県,和歌山市,オリックスレンタカー和歌山駅前店,サービス,その他サービス,2%
和歌山県,和歌山市,織部パームシティ 和歌山,小売業,その他小売,5%
和歌山県,和歌山市,温野菜大浦街道店,サービス,飲食業,2%
和歌山県,和歌山市,ＣａｒＳｈｏｐＬｉｎｋ,サービス,その他サービス,5%
和歌山県,和歌山市,ｇａｒｄｅｎ,サービス,理容・美容業,5%
和歌山県,和歌山市,カーフレンド アカコ,小売業,ガソリンスタンド,5%
和歌山県,和歌山市,カーペイントサカモト,サービス,その他サービス,5%
和歌山県,和歌山市,海瀬デンキ,小売業,電化製品,5%
和歌山県,和歌山市,カイラス,小売業,衣料品,5%
和歌山県,和歌山市,カクタニ電器,小売業,電化製品,5%
和歌山県,和歌山市,かごの屋ＪＲ和歌山駅前店,サービス,飲食業,5%
和歌山県,和歌山市,かさまつ自転車店,小売業,その他小売,5%
和歌山県,和歌山市,梶本無線商会,小売業,電化製品,5%
和歌山県,和歌山市,ＬＰガス 家電 杉本商店,小売業,電化製品,5%
和歌山県,和歌山市,ガット張り専門店 Ｔｓｕｂａｋｉ ガット張り専門店 Ｔｓｕｂａｋｉ,小売業,その他小売,5%
和歌山県,和歌山市,割烹うしお,サービス,飲食業,5%
和歌山県,和歌山市,割烹恵比寿,サービス,飲食業,5%
和歌山県,和歌山市,割烹忠治,サービス,飲食業,5%
和歌山県,和歌山市,カービューティーワカヤマ,サービス,その他サービス,5%
和歌山県,和歌山市,ｃａｆｅＳＨＩＮＹ,サービス,飲食業,5%
和歌山県,和歌山市,Ｃａｆｅ Ｔｒｉｎｉｔｙ Ｕｎｉｔｙ Ｃａｆｅ Ｔｒｎｉｔｙ Ｕｎｉｔｙ,サービス,飲食業,5%
和歌山県,和歌山市,株式会社アラモードレーヴ ヴォートルアラモード,サービス,理容・美容業,5%
和歌山県,和歌山市,株式会社エビス商会,小売業,電化製品,5%
和歌山県,和歌山市,株式会社をぐらや,小売業,書籍・玩具・音楽ＣＤ,5%
和歌山県,和歌山市,株式会社かじもと,小売業,その他小売,5%
和歌山県,和歌山市,株式会社グラントップ ＬＥＦＩＵＳ,サービス,理容・美容業,5%
和歌山県,和歌山市,株式会社グリーンフォトセンター,サービス,その他サービス,5%
和歌山県,和歌山市,株式会社渋谷電器商会,小売業,電化製品,5%
和歌山県,和歌山市,株式会社鶴屋忠彦,サービス,飲食業,5%
和歌山県,和歌山市,株式会社ドリーム産業,サービス,その他サービス,5%
和歌山県,和歌山市,株式会社ファーストオーエー,小売業,電化製品,5%
和歌山県,和歌山市,株式会社 吹上デンキ,小売業,電化製品,5%
和歌山県,和歌山市,株式会社マインズソフト,小売業,その他小売,5%
和歌山県,和歌山市,株式会社水間,サービス,その他サービス,5%
和歌山県,和歌山市,株式会社未来図,サービス,その他サービス,5%
和歌山県,和歌山市,かま山,小売業,ガソリンスタンド,2%
和歌山県,和歌山市,カミフーセン Ｋａｍｉｆｕｓｅｎ Ｈａｉｒ,サービス,理容・美容業,5%
和歌山県,和歌山市,ＣｏｌｏｒＣｏｌｌｅｃｔ,サービス,理容・美容業,5%
和歌山県,和歌山市,ガラス屋工房,サービス,その他サービス,5%
和歌山県,和歌山市,カレーハウスＣｏＣｏ壱番屋ラウンドワン和歌山店,サービス,宿泊業,2%
和歌山県,和歌山市,カレーハウスＣｏＣｏ壱番屋和歌山国道２６号店,サービス,飲食業,2%
和歌山県,和歌山市,カレーハウスＣｏＣｏ壱番屋和歌山ＪＲ駅前店,サービス,飲食業,2%
和歌山県,和歌山市,河合塾マナビス堀止校,サービス,その他サービス,2%
和歌山県,和歌山市,河合塾マナビス和歌山駅前校,サービス,その他サービス,2%
和歌山県,和歌山市,川崎電器商会,小売業,電化製品,5%
和歌山県,和歌山市,かわしま,小売業,食料品,5%
和歌山県,和歌山市,ＫＡＮＤＡ 和歌山店,小売業,貴金属・服飾品,5%
和歌山県,和歌山市,カンニングバーハテナ,サービス,飲食業,5%
和歌山県,和歌山市,ＣＡＮＮＩＮＧ ＢＡＲ ＨＡＴＥＮＡ ＣＡＮＮＩＮＧ ＢＡＲ ＨＡＴＥＮＡ,サービス,飲食業,5%
和歌山県,和歌山市,カンプリ 和歌山店,サービス,その他サービス,5%
和歌山県,和歌山市,寛屋 岩出店,サービス,飲食業,5%
和歌山県,和歌山市,寛屋 紀三井寺本店,サービス,飲食業,5%
和歌山県,和歌山市,きいちゃん食堂,サービス,飲食業,5%
和歌山県,和歌山市,紀州応援酒場 三代目,サービス,飲食業,5%
和歌山県,和歌山市,紀州のしずく,サービス,飲食業,5%
和歌山県,和歌山市,紀州麺処 誉 紀州麺処 誉,サービス,飲食業,5%
和歌山県,和歌山市,北島ＳＳ,小売業,ガソリンスタンド,2%
和歌山県,和歌山市,北島橋ＳＳ,小売業,ガソリンスタンド,2%
和歌山県,和歌山市,株式会社北畑海苔店,小売業,食料品,5%
和歌山県,和歌山市,着付け教室・着付けサロン?ｙｏｓｈｉｋｏ?,サービス,その他サービス,5%
和歌山県,和歌山市,喫茶ビーンズ夜のビール部,サービス,飲食業,5%
和歌山県,和歌山市,紀電チェーン 紀洋,小売業,電化製品,5%
和歌山県,和歌山市,紀電チェーン 西川店,小売業,電化製品,5%
和歌山県,和歌山市,紀の川ＳＳ,小売業,ガソリンスタンド,2%
和歌山県,和歌山市,紀の川ＳＡ ＳＳ,小売業,ガソリンスタンド,2%
和歌山県,和歌山市,紀の川ＳＳ,小売業,ガソリンスタンド,2%
和歌山県,和歌山市,紀の川動物病院,サービス,その他サービス,5%
和歌山県,和歌山市,紀ノ川バイパス店,小売業,ガソリンスタンド,2%
和歌山県,和歌山市,ギフトのウチショー,小売業,衣料品,5%
和歌山県,和歌山市,紀三井寺ＳＳ,小売業,ガソリンスタンド,2%
和歌山県,和歌山市,きもの帯 たまき,小売業,衣料品,5%
和歌山県,和歌山市,きもの帯たまき振袖館,小売業,衣料品,5%
和歌山県,和歌山市,きものぎゃらりぃ 和,小売業,衣料品,5%
和歌山県,和歌山市,株式会社きもののきらり,小売業,衣料品,5%
和歌山県,和歌山市,キャナリイ ロウ和歌山店,サービス,飲食業,5%
和歌山県,和歌山市,キャピックワカヤマ,サービス,その他サービス,5%
和歌山県,和歌山市,Ｇａｌｌｅｒｙ Ｃａｆｅ ＡＱＵＡ Ｇａｌｌｅｒｙ Ｃａｆｅ ＡＱＵＡ,サービス,その他サービス,5%
和歌山県,和歌山市,牛角塩屋店,サービス,飲食業,2%
和歌山県,和歌山市,牛角和歌山ガーデンパークテン,サービス,飲食業,2%
和歌山県,和歌山市,餃子日和,サービス,飲食業,5%
和歌山県,和歌山市,京風中華厨房 上上,サービス,飲食業,5%
和歌山県,和歌山市,業務スーパー六十谷店,小売業,食料品,2%
和歌山県,和歌山市,Ｑｉｌａｌｉｓｓ,サービス,理容・美容業,5%
和歌山県,和歌山市,貴和家電サービス,小売業,電化製品,5%
和歌山県,和歌山市,貴和電器商会,小売業,電化製品,5%
和歌山県,和歌山市,キワ物流,サービス,運輸業,5%
和歌山県,和歌山市,銀平 匠,サービス,飲食業,5%
和歌山県,和歌山市,Ｃｏｏ＆ＲＩＫＵ和歌山店,小売業,その他小売,5%
和歌山県,和歌山市,串揚三昧 幸華,サービス,飲食業,5%
和歌山県,和歌山市,串かつ串焼き味よし,サービス,飲食業,5%
和歌山県,和歌山市,くすりオカ,小売業,その他小売,5%
和歌山県,和歌山市,ｃｕｃｉｎａ ＡＢＩＳＳＯ,サービス,飲食業,5%
和歌山県,和歌山市,グッドライフ,サービス,その他サービス,5%
和歌山県,和歌山市,クドウのめがね,小売業,その他小売,5%
和歌山県,和歌山市,ＣＬＡＳＳＹ ＡＮＤ ＦＡＢＵＬＯＵＳ,小売業,衣料品,5%
和歌山県,和歌山市,グリルエイト,サービス,飲食業,5%
和歌山県,和歌山市,黒潮市場,小売業,食料品,5%
和歌山県,和歌山市,黒潮温泉,サービス,その他サービス,5%
和歌山県,和歌山市,クロス動物病院,サービス,その他サービス,5%
和歌山県,和歌山市,ゲストハウスｋｕｋｕｒｕ,サービス,宿泊業,5%
和歌山県,和歌山市,ＧｕｅｓｔｈｕｓｅＲＩＣＯ,サービス,その他サービス,5%
和歌山県,和歌山市,Ｋｅｍａｒｉ８７ＫＩＳＨＩＳＰＯ和歌山店,小売業,その他小売,5%
和歌山県,和歌山市,けやき,小売業,家具・調度品,5%
和歌山県,和歌山市,公園前酒場 情熱ホルモン,サービス,飲食業,5%
和歌山県,和歌山市,神前酒場 情熱ホルモン,サービス,飲食業,5%
和歌山県,和歌山市,神前店,小売業,ガソリンスタンド,2%
和歌山県,和歌山市,コーヒー専門店 ファイブ,サービス,飲食業,5%
和歌山県,和歌山市,コープ中之島,小売業,その他小売,5%
和歌山県,和歌山市,ごきげんえびす 和歌山店,サービス,飲食業,5%
和歌山県,和歌山市,ｃｏｃｏｔｔｅ,小売業,その他小売,5%
和歌山県,和歌山市,ｃｏｃｏｒｏｎａｉｌ,サービス,理容・美容業,5%
和歌山県,和歌山市,コトブキ電気商会,小売業,電化製品,5%
和歌山県,和歌山市,Ｋｏｔｏｒｉｃｏ,小売業,衣料品,5%
和歌山県,和歌山市,古布の店華,小売業,衣料品,5%
和歌山県,和歌山市,小料理さよ,サービス,飲食業,5%
和歌山県,和歌山市,ゴルフ道楽箱和歌山塩屋店,小売業,その他小売,5%
和歌山県,和歌山市,ｃｏｒｅｃｔｒｅｅ,サービス,その他サービス,5%
和歌山県,和歌山市,ｃｏｎｄｏｔｔｉ ｃｏｎｄｏｔｔｉ,小売業,貴金属・服飾品,5%
和歌山県,和歌山市,サイ賀屋マチ カフェ２９ ｗｉｔｈ フォレスト Ｇ Ｐ,サービス,飲食業,5%
和歌山県,和歌山市,サイクルショップサンレモ,小売業,その他小売,5%
和歌山県,和歌山市,済生会和歌山病院売店,小売業,その他小売,5%
和歌山県,和歌山市,栄谷ＳＳ,小売業,ガソリンスタンド,2%
和歌山県,和歌山市,坂田商会,小売業,電化製品,5%
和歌山県,和歌山市,酒屋 さけよし 酒吉 さけよし,小売業,その他小売,5%
和歌山県,和歌山市,酒のソクハイ和歌山アロチ店,小売業,その他小売,5%
和歌山県,和歌山市,酒のワールド 西浜店,小売業,食料品,5%
和歌山県,和歌山市,酒のワールド 和歌山インター店,小売業,食料品,5%
和歌山県,和歌山市,有 酒芳 タバコ店,小売業,その他小売,5%
和歌山県,和歌山市,サノデンカ,小売業,電化製品,5%
和歌山県,和歌山市,さのでんき,小売業,電化製品,5%
和歌山県,和歌山市,さのでんき和歌川店,小売業,電化製品,5%
和歌山県,和歌山市,サラームつじ美容室,サービス,理容・美容業,5%
和歌山県,和歌山市,サラスバティ,サービス,その他サービス,5%
和歌山県,和歌山市,サラ メディカルビューティー,サービス,理容・美容業,5%
和歌山県,和歌山市,山久,サービス,飲食業,5%
和歌山県,和歌山市,山久,サービス,飲食業,5%
和歌山県,和歌山市,サンキョー北島店,小売業,食料品,5%
和歌山県,和歌山市,サンキョー楠見店,小売業,食料品,5%
和歌山県,和歌山市,さんくらふと,小売業,その他小売,5%
和歌山県,和歌山市,山東,小売業,ガソリンスタンド,2%
和歌山県,和歌山市,サンドウ,小売業,その他小売,5%
和歌山県,和歌山市,山東メガネ店,小売業,貴金属・服飾品,5%
和歌山県,和歌山市,小浦石油 サンプラザ紀三井寺SS,小売業,ガソリンスタンド,2%
和歌山県,和歌山市,三邦丸,サービス,その他サービス,5%
和歌山県,和歌山市,さんまや中井水産,小売業,食料品,5%
和歌山県,和歌山市,サンロード木ノ本ＳＳ,小売業,ガソリンスタンド,2%
和歌山県,和歌山市,Ｓｅａ,サービス,理容・美容業,5%
和歌山県,和歌山市,セブン－イレブンＪＲ和歌山駅東口店,小売業,食料品,2%
和歌山県,和歌山市,ＧＥＮＥＲＩＣ ＤＥＳＩＧＮ,小売業,その他小売,5%
和歌山県,和歌山市,潮風荘,サービス,宿泊業,5%
和歌山県,和歌山市,四ヶ郷ＳＳ,小売業,ガソリンスタンド,2%
和歌山県,和歌山市,四季の味ちひろ,サービス,飲食業,5%
和歌山県,和歌山市,地蔵の辻ＳＳ,小売業,ガソリンスタンド,2%
和歌山県,和歌山市,シティインワカヤマ,サービス,宿泊業,5%
和歌山県,和歌山市,地鶏彩どり亭,サービス,飲食業,5%
和歌山県,和歌山市,嶋精一本店ＪＲ駅前店,小売業,その他小売,5%
和歌山県,和歌山市,島本石油（株） 舟津町給油所,小売業,ガソリンスタンド,2%
和歌山県,和歌山市,島本石油 株式会社 和歌山インターＳＳ,小売業,ガソリンスタンド,2%
和歌山県,和歌山市,〆﨑電化機器,小売業,電化製品,5%
和歌山県,和歌山市,下田電機 貴志中店,小売業,電化製品,5%
和歌山県,和歌山市,下村タクシー,サービス,運輸業,5%
和歌山県,和歌山市,ジャストカーテン 箕面店,小売業,家具・調度品,5%
和歌山県,和歌山市,ジャストカーテンプレミアム和歌山県庁前店,小売業,その他小売,5%
和歌山県,和歌山市,ジャスミン,小売業,その他小売,5%
和歌山県,和歌山市,華都飯店 和歌山店,サービス,飲食業,5%
和歌山県,和歌山市,しゃぶかつかつ喜 和歌山ガーデンパーク店,サービス,飲食業,5%
和歌山県,和歌山市,しゃぶしゃぶ温野菜和歌山紀三井寺店,サービス,飲食業,2%
和歌山県,和歌山市,十四階農園,サービス,飲食業,5%
和歌山県,和歌山市,ジュエリー 真珠孔,小売業,貴金属・服飾品,5%
和歌山県,和歌山市,ジュエリーセキネ イオンモール和歌山店,小売業,貴金属・服飾品,5%
和歌山県,和歌山市,ジュエリーセキネ パームシティ店,小売業,貴金属・服飾品,5%
和歌山県,和歌山市,手芸センタードリーム 和歌山店,小売業,その他小売,5%
和歌山県,和歌山市,酒肴 蓮,サービス,飲食業,5%
和歌山県,和歌山市,酒菜 ひだりうま,サービス,飲食業,5%
和歌山県,和歌山市,旬彩 星楽風?せらふ?,サービス,飲食業,5%
和歌山県,和歌山市,勝僖梅 ＶＩＶＯ店,小売業,食料品,5%
和歌山県,和歌山市,城北スポーツ,小売業,その他小売,5%
和歌山県,和歌山市,食堂ことぶき,サービス,飲食業,5%
和歌山県,和歌山市,食肉問屋・食肉専門店 有限会社池田屋,小売業,食料品,5%
和歌山県,和歌山市,食楽ｃｈａｒｌｌ,サービス,飲食業,5%
和歌山県,和歌山市,食楽Ｃｈａｒｌｌ,サービス,飲食業,5%
和歌山県,和歌山市,ＳＨＯＰ Ｆ,小売業,衣料品,5%
和歌山県,和歌山市,山利,小売業,その他小売,5%
和歌山県,和歌山市,次郎丸ストア,小売業,食料品,5%
和歌山県,和歌山市,ｓｉｎｋａ ｈａｉｒ,サービス,理容・美容業,5%
和歌山県,和歌山市,シンクタンク,小売業,衣料品,5%
和歌山県,和歌山市,新健勝苑和歌山店,小売業,衣料品,5%
和歌山県,和歌山市,寝装・寝具 いせた,小売業,衣料品,5%
和歌山県,和歌山市,新日本旅行イズミヤ和歌山店,サービス,その他サービス,5%
和歌山県,和歌山市,新日本補聴器センター和歌山店,小売業,その他小売,5%
和歌山県,和歌山市,新和歌ロッジ,サービス,その他サービス,5%
和歌山県,和歌山市,新和交通１,サービス,その他サービス,5%
和歌山県,和歌山市,Ｓｔｕｄｉｏ Ｆｌｕｆｆｙ Ｂｒｉｔｚ,サービス,その他サービス,5%
和歌山県,和歌山市,すたみな太郎 和歌山岩出バイパス店,サービス,飲食業,5%
和歌山県,和歌山市,砂山店,小売業,ガソリンスタンド,2%
和歌山県,和歌山市,スピード電化,小売業,電化製品,5%
和歌山県,和歌山市,ＳＰＡＣＥ,小売業,衣料品,5%
和歌山県,和歌山市,炭焼菜彩干物飯 紀州のしずく 炭焼菜彩干物飯 紀州のしずく,サービス,飲食業,5%
和歌山県,和歌山市,駿河屋 駿河町本舗,小売業,食料品,5%
和歌山県,和歌山市,駿河屋 高松店,小売業,食料品,5%
和歌山県,和歌山市,駿河屋 六十谷店,小売業,食料品,5%
和歌山県,和歌山市,駿河屋森商店,小売業,食料品,5%
和歌山県,和歌山市,諏訪園,小売業,食料品,5%
和歌山県,和歌山市,正視堂眼鏡店,サービス,その他サービス,5%
和歌山県,和歌山市,生鮮＆業務スーパー榎原店,小売業,食料品,2%
和歌山県,和歌山市,生鮮＆業務スーパー鈴丸店,小売業,食料品,2%
和歌山県,和歌山市,生鮮＆業務スーパー和歌浦店,小売業,食料品,2%
和歌山県,和歌山市,生鮮＆業務スーパー和歌川店,小売業,食料品,2%
和歌山県,和歌山市,cepo..STATICE,小売業,衣料品,5%
和歌山県,和歌山市,Ｃｅｒａ,サービス,飲食業,5%
和歌山県,和歌山市,Ｓｅｌｆｉｘ和佐,小売業,ガソリンスタンド,2%
和歌山県,和歌山市,セルフエスティーム,サービス,理容・美容業,5%
和歌山県,和歌山市,小浦石油 セルフ西田井SS,小売業,ガソリンスタンド,2%
和歌山県,和歌山市,小浦石油 セルフ和歌山インターSS,小売業,ガソリンスタンド,2%
和歌山県,和歌山市,セルフ和歌山バイパスＳＳ,小売業,ガソリンスタンド,2%
和歌山県,和歌山市,セントゼファー,サービス,飲食業,5%
和歌山県,和歌山市,ぜんまい治療院,サービス,その他サービス,5%
和歌山県,和歌山市,ぜんまい治療院,サービス,その他サービス,5%
和歌山県,和歌山市,相互タクシー株式会社 相互タクシー 営業所,サービス,運輸業,5%
和歌山県,和歌山市,創作串揚 ９４,サービス,飲食業,5%
和歌山県,和歌山市,総本家駿河屋本社工場小倉店,小売業,食料品,5%
和歌山県,和歌山市,蕎麦 野田や,サービス,飲食業,5%
和歌山県,和歌山市,そば切徳,サービス,飲食業,5%
和歌山県,和歌山市,そばと料理 輪一,サービス,飲食業,5%
和歌山県,和歌山市,ターゲット ＭＡＴＵＹＡ,小売業,衣料品,5%
和歌山県,和歌山市,大昇堂薬局,小売業,その他小売,5%
和歌山県,和歌山市,大昇堂薬局,小売業,その他小売,5%
和歌山県,和歌山市,Ｄｉｎｎｉｎｇ Ｃａｆｅ Ｗｉｎｅ ＧＲＩＭＰＥＵＲ,サービス,飲食業,5%
和歌山県,和歌山市,わかやまＤｉｎｉｎｇ紀州蔵,サービス,飲食業,5%
和歌山県,和歌山市,ダイハツ河北センター本社,小売業,その他小売,5%
和歌山県,和歌山市,タイムステーションＮＥＯイオンモール和歌山店,小売業,貴金属・服飾品,5%
和歌山県,和歌山市,大泰,サービス,その他サービス,5%
和歌山県,和歌山市,ダイワエネルギー株式会社,小売業,その他小売,5%
和歌山県,和歌山市,ダイワペット和歌山店,小売業,その他小売,5%
和歌山県,和歌山市,宝梅,小売業,食料品,5%
和歌山県,和歌山市,タキガワメガネ,小売業,その他小売,5%
和歌山県,和歌山市,タキヒロデンキ店,小売業,電化製品,5%
和歌山県,和歌山市,ＴａｋｅｕｃｈｉＢｉｙｏｕｔｅｎ,サービス,理容・美容業,5%
和歌山県,和歌山市,武田時計メガネ店,サービス,その他サービス,5%
和歌山県,和歌山市,たっちゃんち,サービス,飲食業,5%
和歌山県,和歌山市,田の上電業,小売業,電化製品,5%
和歌山県,和歌山市,だるまやデンキ 秋月店,小売業,電化製品,5%
和歌山県,和歌山市,Ｔａｎｔｅ Ｇｒａｚｉｅ,小売業,衣料品,5%
和歌山県,和歌山市,千草屋,小売業,その他小売,5%
和歌山県,和歌山市,ちゃりんこルート２６,小売業,その他小売,5%
和歌山県,和歌山市,中華バル 錦斗雲,サービス,飲食業,5%
和歌山県,和歌山市,中華バル 錦斗雲,サービス,飲食業,5%
和歌山県,和歌山市,中国酒家 くうくう,サービス,飲食業,5%
和歌山県,和歌山市,中心屋 あしやぎ,サービス,飲食業,5%
和歌山県,和歌山市,中心屋 忠次郎,サービス,飲食業,5%
和歌山県,和歌山市,中和印刷紙器株式会社,小売業,その他小売,5%
和歌山県,和歌山市,治療院セルフケア,サービス,その他サービス,5%
和歌山県,和歌山市,ＴＳＵＫＩＪＩ ＨＯＳＴＥＬ,サービス,宿泊業,5%
和歌山県,和歌山市,ＴＭファクトリー,サービス,その他サービス,5%
和歌山県,和歌山市,Ｄｉｏｎｅ和歌山けやき大通り店,サービス,理容・美容業,5%
和歌山県,和歌山市,出口酒食品店,小売業,食料品,5%
和歌山県,和歌山市,デジタルレスキュー隊,小売業,家具・調度品,5%
和歌山県,和歌山市,手作り梅パンの店ピノキオ,小売業,食料品,5%
和歌山県,和歌山市,手と手ヘルプマン,サービス,その他サービス,5%
和歌山県,和歌山市,デフィー和歌山店,小売業,その他小売,5%
和歌山県,和歌山市,手もみの達人,サービス,その他サービス,5%
和歌山県,和歌山市,寺本電器商会,小売業,電化製品,5%
和歌山県,和歌山市,ソフトバンク海南,サービス,その他サービス,5%
和歌山県,和歌山市,テレウェーブ和歌山店,小売業,電化製品,5%
和歌山県,和歌山市,デレディールピエス,サービス,理容・美容業,5%
和歌山県,和歌山市,電子酒販店みなみで,サービス,飲食業,5%
和歌山県,和歌山市,土井印刷,サービス,その他サービス,5%
和歌山県,和歌山市,峠電器店,小売業,電化製品,5%
和歌山県,和歌山市,東洋建機（株）,サービス,その他サービス,5%
和歌山県,和歌山市,東洋建機（株） 和歌山インター店,サービス,その他サービス,5%
和歌山県,和歌山市,道楽箱 和歌山塩屋店,小売業,その他小売,5%
和歌山県,和歌山市,Ｄｒ．Ｄｒｉｖｅ西和歌山店,小売業,ガソリンスタンド,2%
和歌山県,和歌山市,時計・宝石のハヤシ,小売業,貴金属・服飾品,5%
和歌山県,和歌山市,時計宝石メガネ植金,小売業,貴金属・服飾品,5%
和歌山県,和歌山市,ドックンロール,サービス,その他サービス,5%
和歌山県,和歌山市,トップレンタカー,サービス,その他サービス,5%
和歌山県,和歌山市,トマト オニオン塩屋店,サービス,飲食業,2%
和歌山県,和歌山市,富田電器商会,小売業,電化製品,5%
和歌山県,和歌山市,Ｔｈｏｍ Ｍｃａｎ ＯＫＡＨＥＩ和歌山店,小売業,衣料品,5%
和歌山県,和歌山市,トヨタカローラ和歌山シ－ズ秋葉山店,小売業,その他小売,5%
和歌山県,和歌山市,トヨタカローラ和歌山シ－ズ北島店,小売業,その他小売,5%
和歌山県,和歌山市,トヨタカローラ和歌山シーズ宮街道店,小売業,その他小売,5%
和歌山県,和歌山市,トヨタカローラ和歌山シ－ズ宮街道店サ－ビ,小売業,その他小売,5%
和歌山県,和歌山市,トヨタ部品大阪共販和歌山営業所,サービス,その他サービス,5%
和歌山県,和歌山市,トヨタレンタリース和歌山 ＪＲ和歌山駅前,小売業,その他小売,2%
和歌山県,和歌山市,トヨタレンタリース和歌山 和歌山大学前駅,小売業,その他小売,2%
和歌山県,和歌山市,トヨタレンタリース和歌山紀三井寺店,小売業,その他小売,2%
和歌山県,和歌山市,トヨタレンタリース和歌山南海和歌山市駅前,小売業,その他小売,2%
和歌山県,和歌山市,ドリーム えがわ店,小売業,食料品,5%
和歌山県,和歌山市,トレディングカードｓｈｏｐマナソース マナソース,小売業,その他小売,5%
和歌山県,和歌山市,トレンド書店 和歌山四ヶ郷店,小売業,書籍・玩具・音楽ＣＤ,5%
和歌山県,和歌山市,ｄｒｏｐ ｄｒｏｐ,サービス,理容・美容業,5%
和歌山県,和歌山市,とんかつ かつ喜 和歌山店,サービス,飲食業,5%
和歌山県,和歌山市,とんかつ弁当おおにし とんかつ弁当おおにし,サービス,飲食業,5%
和歌山県,和歌山市,ナカザワ自動車,サービス,その他サービス,5%
和歌山県,和歌山市,中筋電気商会,小売業,電化製品,5%
和歌山県,和歌山市,なかでんき,小売業,電化製品,5%
和歌山県,和歌山市,中野電器,小売業,電化製品,5%
和歌山県,和歌山市,長浜らーめん 国体道路店,サービス,飲食業,5%
和歌山県,和歌山市,長浜らーめん 紀ノ川店,サービス,飲食業,5%
和歌山県,和歌山市,長浜らーめん 和歌山本店,サービス,飲食業,5%
和歌山県,和歌山市,ナショナルショップ ヒロタ,小売業,電化製品,5%
和歌山県,和歌山市,名高自動車,サービス,その他サービス,5%
和歌山県,和歌山市,ナチュラルガーデン,サービス,その他サービス,5%
和歌山県,和歌山市,ナニワ商会 和歌山支店,小売業,その他小売,5%
和歌山県,和歌山市,ｎａｎｕｋａ,サービス,その他サービス,5%
和歌山県,和歌山市,Ｎａｐｌｕ,サービス,その他サービス,5%
和歌山県,和歌山市,鳴滝家電,小売業,電化製品,5%
和歌山県,和歌山市,ナルミ楽器店,小売業,書籍・玩具・音楽ＣＤ,5%
和歌山県,和歌山市,Ｎａｎ－Ｔｏｏ－Ｋａｎａｌｌ あ,サービス,飲食業,5%
和歌山県,和歌山市,南海部品和歌山店,小売業,その他小売,5%
和歌山県,和歌山市,ニコニコレンタカー和歌山納定店,サービス,その他サービス,2%
和歌山県,和歌山市,西川電気商会,小売業,電化製品,5%
和歌山県,和歌山市,西出水産,小売業,食料品,5%
和歌山県,和歌山市,西電化商会,小売業,電化製品,5%
和歌山県,和歌山市,西中商店,小売業,家具・調度品,5%
和歌山県,和歌山市,西庄,小売業,ガソリンスタンド,2%
和歌山県,和歌山市,西浜ＳＳ,小売業,ガソリンスタンド,2%
和歌山県,和歌山市,ニシワキ電器 二里ケ浜店,小売業,電化製品,5%
和歌山県,和歌山市,日鉄店,小売業,ガソリンスタンド,2%
和歌山県,和歌山市,日本商事株式会社 本社,小売業,ガソリンスタンド,2%
和歌山県,和歌山市,ｎｅｗｒａｎｄａｓ,サービス,理容・美容業,5%
和歌山県,和歌山市,ニ与呂,サービス,飲食業,5%
和歌山県,和歌山市,２６号バイパスＳＳ,小売業,ガソリンスタンド,2%
和歌山県,和歌山市,猫カフェ キャッチー,サービス,飲食業,5%
和歌山県,和歌山市,猫カフェ キャッチー 猫カフェ キャッチー,サービス,飲食業,5%
和歌山県,和歌山市,ネッツトヨタ和歌山 ダイハツショップ紀三,小売業,その他小売,5%
和歌山県,和歌山市,ネッツトヨタ和歌山大浦店,小売業,その他小売,5%
和歌山県,和歌山市,ネッツトヨタ和歌山紀ノ川店,小売業,その他小売,5%
和歌山県,和歌山市,ネッツトヨタ和歌山国体道路店,小売業,その他小売,5%
和歌山県,和歌山市,ノア ハウス,サービス,飲食業,5%
和歌山県,和歌山市,ｎｏｒｍ,小売業,家具・調度品,5%
和歌山県,和歌山市,パークパシフィーク 飲食,サービス,その他サービス,5%
和歌山県,和歌山市,パークパシフィーク チケットブース,サービス,その他サービス,5%
和歌山県,和歌山市,パークパシフィーク 物販,サービス,その他サービス,5%
和歌山県,和歌山市,Ｐｅｒｓｏｎｒｉｎｇ,サービス,理容・美容業,5%
和歌山県,和歌山市,パーティハウス 本部,小売業,衣料品,5%
和歌山県,和歌山市,Ｂｉｒｄｏｆｐａｓｓａｇｅ,小売業,衣料品,5%
和歌山県,和歌山市,ＢＡＲＢＥＲｈａｉｒ凱,サービス,理容・美容業,5%
和歌山県,和歌山市,バイキング左近 紀ノ川店,サービス,飲食業,5%
和歌山県,和歌山市,バイクショップＭ ｓ,小売業,その他小売,5%
和歌山県,和歌山市,ばいく屋だっく 和歌山店,小売業,その他小売,5%
和歌山県,和歌山市,はざま屋,サービス,飲食業,5%
和歌山県,和歌山市,八幡前,小売業,ガソリンスタンド,2%
和歌山県,和歌山市,初井電器店,小売業,電化製品,5%
和歌山県,和歌山市,Ｂａｃｋｓｔａｇｅ,サービス,飲食業,5%
和歌山県,和歌山市,パティスリーアグレアーブル,サービス,飲食業,5%
和歌山県,和歌山市,パティスリーケイトシィ,サービス,飲食業,5%
和歌山県,和歌山市,パーティハウス パームシティ和歌山店,小売業,衣料品,5%
和歌山県,和歌山市,パーティハウス 和歌山北バイパス店,小売業,衣料品,5%
和歌山県,和歌山市,花えみ動物病院,サービス,その他サービス,5%
和歌山県,和歌山市,花○,サービス,飲食業,5%
和歌山県,和歌山市,花安,小売業,その他小売,5%
和歌山県,和歌山市,花安,小売業,その他小売,5%
和歌山県,和歌山市,花山温泉,サービス,その他サービス,5%
和歌山県,和歌山市,ｈａｎａｌｉｍａｗｏｒｋｓ,小売業,衣料品,5%
和歌山県,和歌山市,ハマノスポーツ,小売業,その他小売,5%
和歌山県,和歌山市,はやし,サービス,宿泊業,5%
和歌山県,和歌山市,パリゴー,サービス,飲食業,5%
和歌山県,和歌山市,ハローナカスジ,小売業,電化製品,5%
和歌山県,和歌山市,パワーステーション伊太祁曽,小売業,ガソリンスタンド,2%
和歌山県,和歌山市,ｂａｍｂｉｎａ．イタリア家庭料理,サービス,飲食業,5%
和歌山県,和歌山市,Ｐｉａｃｅｒｅ,小売業,衣料品,5%
和歌山県,和歌山市,ｐｉａｔｔｏ,小売業,食料品,5%
和歌山県,和歌山市,日出ずる酒寅一,小売業,食料品,5%
和歌山県,和歌山市,東和歌山ＳＳ,小売業,ガソリンスタンド,2%
和歌山県,和歌山市,ひごペットパームシティ和歌山店,小売業,その他小売,5%
和歌山県,和歌山市,ビジネスホテル 川しま,サービス,宿泊業,5%
和歌山県,和歌山市,ヒダカヤ 黒田店,小売業,食料品,5%
和歌山県,和歌山市,ヒダカヤ 西脇店,小売業,食料品,5%
和歌山県,和歌山市,ヒダカヤ＆業務スーパー神前店,小売業,食料品,2%
和歌山県,和歌山市,ヒダカヤ 高松店,小売業,食料品,5%
和歌山県,和歌山市,ヒダカヤ本部,小売業,食料品,5%
和歌山県,和歌山市,ピタットハウス 和歌山国体道路店,小売業,その他小売,5%
和歌山県,和歌山市,びっくりドンキーＰＣ和歌山店,サービス,飲食業,2%
和歌山県,和歌山市,ＢｅＨａｐｐｙ,小売業,衣料品,5%
和歌山県,和歌山市,美容室オンズゲート,サービス,理容・美容業,5%
和歌山県,和歌山市,美容室 スクエア カットハウス スクエア,サービス,理容・美容業,5%
和歌山県,和歌山市,美容室 ｄｒｏｐＥＸＴＲＥＭＥ ｄｒｏｐｅｘｔｒｅｍｅ,サービス,理容・美容業,5%
和歌山県,和歌山市,美容室 ワタナベ,サービス,理容・美容業,5%
和歌山県,和歌山市,ガラッジ・面貸し美容室,サービス,理容・美容業,5%
和歌山県,和歌山市,平岡電器商会,小売業,電化製品,5%
和歌山県,和歌山市,Ｐｉｌａｔｅｓ専門ｓｔｕｄｉｏ Ｍａｋｅ Ｐｒｅｐａｒａｔｉｏｎｓ,サービス,その他サービス,5%
和歌山県,和歌山市,平山電器,小売業,電化製品,5%
和歌山県,和歌山市,ｈｉｒｏｉ,サービス,理容・美容業,5%
和歌山県,和歌山市,廣井時計店,小売業,その他小売,5%
和歌山県,和歌山市,廣井時計店,小売業,貴金属・服飾品,5%
和歌山県,和歌山市,ファイン,小売業,衣料品,5%
和歌山県,和歌山市,ファクトリーブティック シマ フォルテ店,小売業,衣料品,5%
和歌山県,和歌山市,ファミリーショップ クイノセ,小売業,その他小売,5%
和歌山県,和歌山市,ＦＵＮ＋Ｚｅｒｏ,サービス,飲食業,5%
和歌山県,和歌山市,フィッツミー和歌山店,サービス,その他サービス,5%
和歌山県,和歌山市,フォトスペース神前店,小売業,電化製品,5%
和歌山県,和歌山市,フォルテ,小売業,食料品,5%
和歌山県,和歌山市,フォルテワジマ,小売業,その他小売,5%
和歌山県,和歌山市,福田表具店,サービス,その他サービス,5%
和歌山県,和歌山市,ふくろうの湯,サービス,その他サービス,5%
和歌山県,和歌山市,ふじむら,小売業,その他小売,5%
和歌山県,和歌山市,フットケアサロン マツヤ,小売業,衣料品,5%
和歌山県,和歌山市,プティ,サービス,その他サービス,5%
和歌山県,和歌山市,ブティックシマ,小売業,衣料品,5%
和歌山県,和歌山市,ふとん工房 かわむら,小売業,その他小売,5%
和歌山県,和歌山市,舟津ＳＳ,小売業,ガソリンスタンド,2%
和歌山県,和歌山市,舟津町ＳＳ,小売業,ガソリンスタンド,2%
和歌山県,和歌山市,ＰｒｉｖａｔｅｅｓｔｈｅｔｉｑｕｅｓａｌｏｎＡＹＵＲＡ,サービス,理容・美容業,5%
和歌山県,和歌山市,ネイルサロン アトリエ,サービス,その他サービス,5%
和歌山県,和歌山市,ぶらくりきっちん,サービス,飲食業,5%
和歌山県,和歌山市,ぶらくりきっちん かどっこ,サービス,飲食業,5%
和歌山県,和歌山市,プラザコンタクト和歌山店,小売業,その他小売,5%
和歌山県,和歌山市,ＦｌｕｆｆｙＢｒｉｔｚ,サービス,その他サービス,5%
和歌山県,和歌山市,プラローグ ホビーショップ プラローグ,小売業,書籍・玩具・音楽ＣＤ,5%
和歌山県,和歌山市,フラワーアート ポカラ,小売業,その他小売,5%
和歌山県,和歌山市,フラワーブティック花安 東急プラザ店,小売業,その他小売,5%
和歌山県,和歌山市,ブランヴェール 和歌山店,小売業,衣料品,5%
和歌山県,和歌山市,フランス屋 神前店,サービス,その他サービス,5%
和歌山県,和歌山市,フランス屋 松源西浜店,サービス,その他サービス,5%
和歌山県,和歌山市,フランスヤ松源和歌山インター店,サービス,その他サービス,5%
和歌山県,和歌山市,ブランドピース,小売業,その他小売,5%
和歌山県,和歌山市,フリックネットワークス,サービス,その他サービス,5%
和歌山県,和歌山市,ｐｒｉｍｐ,サービス,理容・美容業,5%
和歌山県,和歌山市,ふるさと駅 日赤前店,小売業,食料品,5%
和歌山県,和歌山市,フレンチレストラン パリゴー,サービス,飲食業,5%
和歌山県,和歌山市,ＦＬＯＷＭＩＮＥ,サービス,その他サービス,5%
和歌山県,和歌山市,プロシステム,小売業,その他小売,5%
和歌山県,和歌山市,ｈａｉｒ ｓｈｉｐｓ,サービス,その他サービス,5%
和歌山県,和歌山市,ｈａｉｒ ａｔｅｌｉｅｒ ＣＯＣＯ,サービス,理容・美容業,5%
和歌山県,和歌山市,ｈａｉｒ ａ ｔ ｈａｉｒ ａ ｔ,サービス,理容・美容業,5%
和歌山県,和歌山市,ＨＡＩＲＳ ＳＣＥＮＥ,サービス,理容・美容業,5%
和歌山県,和歌山市,ｈａｉｒ ｄｅｓｉｇｎ Ｅｌｅｔｔａ,サービス,理容・美容業,5%
和歌山県,和歌山市,ｈａｉｒ ｂｏｎｉｔａ ヘア ボニータ,サービス,理容・美容業,5%
和歌山県,和歌山市,ｈａｉｒ ｍａｋｅ ｍｉｅｕｘ,サービス,理容・美容業,5%
和歌山県,和歌山市,ｈａｉｒ ＲｕＳＨ,サービス,理容・美容業,5%
和歌山県,和歌山市,ｈａｉｒ ｌａｂ ｌａｒｇｏ,サービス,理容・美容業,5%
和歌山県,和歌山市,ＨＡＩＲ ＳＡＬｏＮ ＴＨＥ ＮＡＫＥＤ,サービス,理容・美容業,5%
和歌山県,和歌山市,ｈａｉｒ’ｓ Ｌｕｓｔｙ,サービス,理容・美容業,5%
和歌山県,和歌山市,ＨａｉｒＤｅｓｉｇｎｓｑｕａｄ,サービス,理容・美容業,5%
和歌山県,和歌山市,ＨＡＩＲＤＲＥＳＳＥＲＳＶＡＮＤＡＬＩＳＭ,サービス,理容・美容業,5%
和歌山県,和歌山市,ｈａｉｒｍａｋｅＬＯＯＰ,サービス,理容・美容業,5%
和歌山県,和歌山市,ペーパームーン,小売業,衣料品,5%
和歌山県,和歌山市,ＢＥＲＢＥＲ ＣＡＦＥ,サービス,飲食業,5%
和歌山県,和歌山市,弁当家 花笑味,小売業,食料品,5%
和歌山県,和歌山市,ぼくらの食卓,サービス,飲食業,5%
和歌山県,和歌山市,ホビーショップサンドウ,小売業,その他小売,5%
和歌山県,和歌山市,ＨＯＭＥ,小売業,衣料品,5%
和歌山県,和歌山市,堀内電器店,小売業,電化製品,5%
和歌山県,和歌山市,堀止,小売業,ガソリンスタンド,2%
和歌山県,和歌山市,ＷｈｉｔｅｎｉｎｇｓａｌｏｎＢｌｏｏｍ,サービス,理容・美容業,5%
和歌山県,和歌山市,ＷｈｉｔｅｎｉｎｇｓａｌｏｎＭＯＡＮＡ,サービス,理容・美容業,5%
和歌山県,和歌山市,本家 貴志タンス,小売業,家具・調度品,5%
和歌山県,和歌山市,本社,小売業,ガソリンスタンド,2%
和歌山県,和歌山市,ＭＡＲＧＩＮＡＬ,小売業,家具・調度品,5%
和歌山県,和歌山市,マインドアース,サービス,その他サービス,5%
和歌山県,和歌山市,マギー,小売業,衣料品,5%
和歌山県,和歌山市,マクドナルドイオンモール和歌山店,サービス,飲食業,2%
和歌山県,和歌山市,マクドナルド大浦街道店,サービス,飲食業,2%
和歌山県,和歌山市,マクドナルド紀三井寺店,サービス,飲食業,2%
和歌山県,和歌山市,マクドナルド次郎丸店,サービス,飲食業,2%
和歌山県,和歌山市,マクドナルド２４号川辺店,サービス,飲食業,2%
和歌山県,和歌山市,マクドナルド２４号四箇郷店,サービス,飲食業,2%
和歌山県,和歌山市,マクドナルド２６号島橋店,サービス,飲食業,2%
和歌山県,和歌山市,マクドナルド和歌山イズミヤ店,サービス,飲食業,2%
和歌山県,和歌山市,マクドナルド和歌山宮街道店,サービス,飲食業,2%
和歌山県,和歌山市,マコトドラッグ,小売業,その他小売,5%
和歌山県,和歌山市,真砂町ＳＳ,小売業,ガソリンスタンド,2%
和歌山県,和歌山市,マダム大河内,小売業,貴金属・服飾品,5%
和歌山県,和歌山市,マダム大河内,小売業,その他小売,5%
和歌山県,和歌山市,松井カーサービス,サービス,その他サービス,5%
和歌山県,和歌山市,ＭＡＸゴルフショップ,小売業,その他小売,5%
和歌山県,和歌山市,ＭＡＸゴルフショップ 紀州店,小売業,その他小売,5%
和歌山県,和歌山市,マツゲン 内原店,小売業,食料品,5%
和歌山県,和歌山市,マツゲン 木ノ本店,小売業,食料品,5%
和歌山県,和歌山市,マツゲン 吉礼駅前店,小売業,食料品,5%
和歌山県,和歌山市,マツゲン 栄谷店,小売業,食料品,5%
和歌山県,和歌山市,マツゲン 西庄店,小売業,食料品,5%
和歌山県,和歌山市,マツゲン 西浜店,小売業,食料品,5%
和歌山県,和歌山市,マツゲン 本店,小売業,食料品,5%
和歌山県,和歌山市,マツゲン 元寺店,小売業,食料品,5%
和歌山県,和歌山市,マツゲン 和歌山インター店,小売業,食料品,5%
和歌山県,和歌山市,松田電器商会,小売業,電化製品,5%
和歌山県,和歌山市,松野電機,小売業,電化製品,5%
和歌山県,和歌山市,まつや,小売業,衣料品,5%
和歌山県,和歌山市,まつや,サービス,飲食業,5%
和歌山県,和歌山市,マツヤ イズミヤ店,小売業,衣料品,5%
和歌山県,和歌山市,まつや フロイデ店,小売業,衣料品,5%
和歌山県,和歌山市,まつや 丸正店,小売業,衣料品,5%
和歌山県,和歌山市,ｍａｈａｌｏ,小売業,その他小売,5%
和歌山県,和歌山市,真昼猫,小売業,衣料品,5%
和歌山県,和歌山市,株式会社豆徳,サービス,運輸業,5%
和歌山県,和歌山市,ｍａｒｉｍｏ．ｍｏｅ,サービス,その他サービス,5%
和歌山県,和歌山市,ＭＡＲＵＲＵ ｂｙ ＳＯＮＯＹＡ,小売業,衣料品,5%
和歌山県,和歌山市,萬波,サービス,宿泊業,5%
和歌山県,和歌山市,ミーカ・マーレ,小売業,その他小売,5%
和歌山県,和歌山市,Ｍｅａｔ Ｄｉｎｉｎｇきた川牛侍,サービス,飲食業,5%
和歌山県,和歌山市,みき楽器,小売業,書籍・玩具・音楽ＣＤ,5%
和歌山県,和歌山市,ミキスポーツ,小売業,その他小売,5%
和歌山県,和歌山市,南方電気店,小売業,電化製品,5%
和歌山県,和歌山市,ミニョン アイラッシュデザインサロン 和歌山店,サービス,理容・美容業,5%
和歌山県,和歌山市,ミニョンアイラッシュ和歌山,サービス,理容・美容業,5%
和歌山県,和歌山市,ミヤタ,小売業,電化製品,5%
和歌山県,和歌山市,宮脇書店 ロイネット和歌山店,小売業,書籍・玩具・音楽ＣＤ,5%
和歌山県,和歌山市,ｍｏｖｉｎｈｉｇｈスタジオ,サービス,その他サービス,5%
和歌山県,和歌山市,むか新 和歌山北店,小売業,食料品,5%
和歌山県,和歌山市,ｍｕｋｕ ｍｕｋｕ,サービス,理容・美容業,5%
和歌山県,和歌山市,ｍｕｓｉｃａｆｉｃｔａ,サービス,理容・美容業,5%
和歌山県,和歌山市,明電社,小売業,電化製品,5%
和歌山県,和歌山市,明和電器,小売業,電化製品,5%
和歌山県,和歌山市,ｍａｉｎ ｓｔｒｅａｍ,小売業,衣料品,5%
和歌山県,和歌山市,メガネストアー大浦街道,小売業,その他小売,5%
和歌山県,和歌山市,メガネストアー大浦街道店,小売業,その他小売,5%
和歌山県,和歌山市,メガネの田中 パームシティ和歌山店,小売業,その他小売,5%
和歌山県,和歌山市,メガネの田中 和歌山国体道路店,小売業,その他小売,5%
和歌山県,和歌山市,めで鯛食堂 加太貝センター,サービス,飲食業,5%
和歌山県,和歌山市,メープル動物病院,サービス,その他サービス,5%
和歌山県,和歌山市,ＭＥＬＴＩＮＧＰＯＴ ＳＯＥＵＲＳ 和歌山ミオ店,小売業,食料品,5%
和歌山県,和歌山市,屋形町ＳＳ,小売業,ガソリンスタンド,2%
和歌山県,和歌山市,ＹＡＫＩＴＯＲＩ 鳥ふじ,サービス,飲食業,5%
和歌山県,和歌山市,焼肉 たなか,サービス,飲食業,5%
和歌山県,和歌山市,焼き肉 和み,サービス,飲食業,5%
和歌山県,和歌山市,焼肉 啓,サービス,飲食業,5%
和歌山県,和歌山市,焼肉 ザ ゴッド タン,サービス,飲食業,5%
和歌山県,和歌山市,焼肉でん 西浜店,サービス,飲食業,5%
和歌山県,和歌山市,焼肉啓,サービス,飲食業,5%
和歌山県,和歌山市,焼肉ホルモン２９,サービス,飲食業,5%
和歌山県,和歌山市,野球酒場絆,サービス,飲食業,5%
和歌山県,和歌山市,野菜家さい,サービス,飲食業,5%
和歌山県,和歌山市,山一モータース 有,サービス,その他サービス,5%
和歌山県,和歌山市,ヤングスポーツメイト,小売業,その他小売,5%
和歌山県,和歌山市,有限会社 西岡石材,小売業,その他小売,5%
和歌山県,和歌山市,有 カンコー電化センター,小売業,電化製品,5%
和歌山県,和歌山市,有限会社昌英自動車整備,サービス,その他サービス,5%
和歌山県,和歌山市,有限会社辰己屋,サービス,飲食業,5%
和歌山県,和歌山市,有限会社手平薬局 テビラ薬局イズミヤ店,小売業,その他小売,5%
和歌山県,和歌山市,有限会社ミヤコヤ,小売業,衣料品,5%
和歌山県,和歌山市,有限会社宮本印判店,小売業,その他小売,5%
和歌山県,和歌山市,遊輪館,小売業,その他小売,5%
和歌山県,和歌山市,友和治療院 友和治療院,サービス,その他サービス,5%
和歌山県,和歌山市,ユニクロ 紀伊川辺店,小売業,衣料品,5%
和歌山県,和歌山市,ユニクロ 紀の川店,小売業,衣料品,5%
和歌山県,和歌山市,ユニクロ 国体道路店,小売業,衣料品,5%
和歌山県,和歌山市,ユミネ電器店,小売業,電化製品,5%
和歌山県,和歌山市,夢屋美容室,サービス,その他サービス,5%
和歌山県,和歌山市,万町はこ,サービス,飲食業,5%
和歌山県,和歌山市,ｒｉｃｅ ｇａｒｄｅｎ,小売業,食料品,5%
和歌山県,和歌山市,Ｌａｇｏｏｎ,サービス,理容・美容業,5%
和歌山県,和歌山市,らくだ,サービス,その他サービス,5%
和歌山県,和歌山市,Ｒａｋｕｍｏ／ＳｕｐｅｒＳｃａｌｐ,サービス,理容・美容業,5%
和歌山県,和歌山市,Ｌａ Ｄｏｎｎａ,サービス,飲食業,5%
和歌山県,和歌山市,ＬａｖａｎｄｅＨｏｎｅｙ,サービス,理容・美容業,5%
和歌山県,和歌山市,ラフィネ 和歌山ミオ店,サービス,その他サービス,5%
和歌山県,和歌山市,ラ・ミア・カーサ,小売業,家具・調度品,5%
和歌山県,和歌山市,ｌａｍａｉｓｏｎｃｌｏｃｈｅｔｔｅ,サービス,飲食業,5%
和歌山県,和歌山市,リヴ ゴーシュ,サービス,理容・美容業,5%
和歌山県,和歌山市,リーガルシューズ 和歌山店,小売業,衣料品,5%
和歌山県,和歌山市,Ｒｉｔａｍａｓｏｅｕｒ,小売業,貴金属・服飾品,5%
和歌山県,和歌山市,リビングハウス 和歌山店,小売業,家具・調度品,5%
和歌山県,和歌山市,リペアネット,サービス,その他サービス,5%
和歌山県,和歌山市,リペアネット リペアネット,サービス,その他サービス,5%
和歌山県,和歌山市,ＲＵＪＹ’Ｓ,サービス,理容・美容業,5%
和歌山県,和歌山市,Ｒｅｐｏｓ,サービス,理容・美容業,5%
和歌山県,和歌山市,Ｒｅｐｏｓ ＰＲＯＤＵＣＥＤ ＢＹ ＡＬＬＵＲＥ,サービス,その他サービス,5%
和歌山県,和歌山市,ルミエール華月殿,サービス,その他サービス,5%
和歌山県,和歌山市,レオ動物病院,サービス,その他サービス,5%
和歌山県,和歌山市,レストラン ゴーゴー キッチン,サービス,飲食業,5%
和歌山県,和歌山市,レゼル,サービス,その他サービス,5%
和歌山県,和歌山市,ロイヤルクイーン 和歌山教室,小売業,家具・調度品,5%
和歌山県,和歌山市,ロイヤルパインズホテルウエディングサロン,サービス,その他サービス,5%
和歌山県,和歌山市,ロジェ,サービス,飲食業,5%
和歌山県,和歌山市,セブン－イレブン和歌浦津屋店,小売業,食料品,2%
和歌山県,和歌山市,和歌浦病院売店,小売業,その他小売,5%
和歌山県,和歌山市,Ｗａｋａｎｏｕｒａ Ｎａｔｕｒｅ Ｒｅｓｏｒｔ エピカリス,サービス,宿泊業,5%
和歌山県,和歌山市,和歌山,小売業,ガソリンスタンド,2%
和歌山県,和歌山市,セブン－イレブン和歌山榎原店,小売業,食料品,2%
和歌山県,和歌山市,ワカヤマオーキッド,サービス,その他サービス,5%
和歌山県,和歌山市,セブン－イレブン和歌山太田店,小売業,食料品,2%
和歌山県,和歌山市,和歌山加太温泉 シーサイドホテル加太海月,サービス,宿泊業,5%
和歌山県,和歌山市,セブン－イレブン和歌山川永団地店,小売業,食料品,2%
和歌山県,和歌山市,セブン－イレブン和歌山梶取店,小売業,食料品,2%
和歌山県,和歌山市,セブン－イレブン和歌山北新５丁目店,小売業,食料品,2%
和歌山県,和歌山市,セブン－イレブン和歌山狐島店,小売業,食料品,2%
和歌山県,和歌山市,セブン－イレブン和歌山木ノ本店,小売業,食料品,2%
和歌山県,和歌山市,セブン－イレブン和歌山京橋店,小売業,食料品,2%
和歌山県,和歌山市,セブン－イレブン和歌山楠見中店,小売業,食料品,2%
和歌山県,和歌山市,セブン－イレブン和歌山久保丁２丁目店,小売業,食料品,2%
和歌山県,和歌山市,セブン－イレブン和歌山黒田店,小売業,食料品,2%
和歌山県,和歌山市,セブン－イレブン和歌山小雑賀１丁目店,小売業,食料品,2%
和歌山県,和歌山市,セブン－イレブン和歌山栄谷店,小売業,食料品,2%
和歌山県,和歌山市,セブン－イレブン和歌山塩屋店,小売業,食料品,2%
和歌山県,和歌山市,セブン－イレブン和歌山四ヶ郷店,小売業,食料品,2%
和歌山県,和歌山市,和歌山自動車株式会社 北営業所,小売業,その他小売,5%
和歌山県,和歌山市,和歌山自動車株式会社 デンソー,サービス,その他サービス,5%
和歌山県,和歌山市,和歌山自動車株式会社 本社営業所,小売業,その他小売,5%
和歌山県,和歌山市,セブン－イレブン和歌山下三毛店,小売業,食料品,2%
和歌山県,和歌山市,セブン－イレブン和歌山砂山南４丁目店,小売業,食料品,2%
和歌山県,和歌山市,わかやまＤｉｎｉｎｎｇ紀州藏,サービス,飲食業,5%
和歌山県,和歌山市,和歌山ダイハツ販売大浦店,小売業,その他小売,5%
和歌山県,和歌山市,和歌山ダイハツ販売本社,小売業,その他小売,5%
和歌山県,和歌山市,和歌山ダイハツ販売松島店,小売業,その他小売,5%
和歌山県,和歌山市,和歌山ダイハツ販売Ｕ－ＣＡＲラウンジ大,小売業,その他小売,5%
和歌山県,和歌山市,セブン－イレブン和歌山田尻南店,小売業,食料品,2%
和歌山県,和歌山市,やきどころ大門,小売業,その他小売,5%
和歌山県,和歌山市,セブン－イレブン和歌山津秦店,小売業,食料品,2%
和歌山県,和歌山市,ワカヤマテニススクール,サービス,その他サービス,5%
和歌山県,和歌山市,セブン－イレブン和歌山友田町４丁目店,小売業,食料品,2%
和歌山県,和歌山市,和歌山トヨタ自動車梶取店,小売業,その他小売,5%
和歌山県,和歌山市,和歌山トヨタ自動車小雑賀店,小売業,その他小売,5%
和歌山県,和歌山市,和歌山トヨタ自動車美園店,小売業,その他小売,5%
和歌山県,和歌山市,和歌山トヨタ自動車Ｕ－Ｃａｒプラザ和歌,小売業,その他小売,5%
和歌山県,和歌山市,和歌山トヨタ自動車Ｕ－Ｃａｒランド手平,小売業,その他小売,5%
和歌山県,和歌山市,和歌山トヨタ自動車レクサス紀三井寺,小売業,その他小売,5%
和歌山県,和歌山市,和歌山トヨペット北インター店,小売業,その他小売,5%
和歌山県,和歌山市,和歌山トヨペット国体道路店,小売業,その他小売,5%
和歌山県,和歌山市,和歌山トヨペット特販グループ,小売業,その他小売,5%
和歌山県,和歌山市,和歌山トヨペット延時店,小売業,その他小売,5%
和歌山県,和歌山市,和歌山トヨペットレクサス和歌山インター,小売業,その他小売,5%
和歌山県,和歌山市,セブン－イレブン和歌山永山店,小売業,食料品,2%
和歌山県,和歌山市,セブン－イレブン和歌山西庄店,小売業,食料品,2%
和歌山県,和歌山市,セブン－イレブン和歌山バイパス店,小売業,食料品,2%
和歌山県,和歌山市,セブン－イレブン和歌山パームシティ前店,小売業,食料品,2%
和歌山県,和歌山市,セブン－イレブン和歌山平岡店,小売業,食料品,2%
和歌山県,和歌山市,セブン－イレブン和歌山吹上店,小売業,食料品,2%
和歌山県,和歌山市,セブン－イレブン和歌山冬野店,小売業,食料品,2%
和歌山県,和歌山市,セブン－イレブン和歌山松江北店,小売業,食料品,2%
和歌山県,和歌山市,和歌山マリーナシティ,サービス,その他サービス,5%
和歌山県,和歌山市,和歌山マリーナシティヨット倶楽部,サービス,その他サービス,5%
和歌山県,和歌山市,セブン－イレブン和歌山マリーナ入口店,小売業,食料品,2%
和歌山県,和歌山市,和歌山マリーナシティホテル,サービス,宿泊業,5%
和歌山県,和歌山市,和歌山ミオ 梅のこさき,小売業,その他小売,5%
和歌山県,和歌山市,和歌山ミオ karendo,小売業,その他小売,5%
和歌山県,和歌山市,和歌山ミオ くまざわ書店,小売業,書籍・玩具・音楽ＣＤ,5%
和歌山県,和歌山市,和歌山ミオ 黒潮市場,小売業,食料品,5%
和歌山県,和歌山市,和歌山ミオ 信濃屋,サービス,飲食業,5%
和歌山県,和歌山市,和歌山ミオ たんとと和くら,サービス,飲食業,5%
和歌山県,和歌山市,和歌山ミオ ストロベリーフィールズ,小売業,衣料品,5%
和歌山県,和歌山市,和歌山ミオ 帽子屋Kizuna,小売業,衣料品,5%
和歌山県,和歌山市,セブン－イレブン和歌山美園町４丁目店,小売業,食料品,2%
和歌山県,和歌山市,セブン－イレブン和歌山湊御殿店,小売業,食料品,2%
和歌山県,和歌山市,和歌山南出島ＳＳ,小売業,ガソリンスタンド,2%
和歌山県,和歌山市,セブン－イレブン和歌山向芝店,小売業,食料品,2%
和歌山県,和歌山市,セブン－イレブン和歌山山吹丁店,小売業,食料品,2%
和歌山県,和歌山市,セブン－イレブン和歌山和佐関戸店,小売業,食料品,2%
和歌山県,和歌山市,わきさか 呉服 わきさか,小売業,その他小売,5%
和歌山県,和歌山市,配置薬のわきもと薬品,小売業,その他小売,5%
和歌山県,和歌山市,配置薬のわきもと薬品 脇本伸二,小売業,その他小売,5%
和歌山県,和歌山市,配置薬のわきもと薬品,小売業,その他小売,5%
和歌山県,和歌山市,和心 石橋,サービス,飲食業,5%
和歌山県,和歌山市,Ｗａｊｉｍａ十番丁,サービス,その他サービス,5%
和歌山県,和歌山市,和色創菜＆ＧＲＩＬＬＢＡＲＨｉ－Ｆｉｖｅ,サービス,飲食業,5%
和歌山県,和歌山市,和だ田,サービス,飲食業,5%
