山形県,朝日町,セブン－イレブン朝日町宮宿店,小売業,食料品,2%
山形県,朝日町,佐藤電機,小売業,電化製品,5%
山形県,飯豊町,三陽電気,小売業,電化製品,5%
山形県,飯豊町,椿ＳＳ,小売業,ガソリンスタンド,2%
山形県,飯豊町,ＨＯＴＥＬ ＳＬＯＷ ＶＩＬＬＡＧＥ,サービス,宿泊業,5%
山形県,大石田町,大石田バイパスＳＳ,小売業,ガソリンスタンド,2%
山形県,大石田町,尾花沢ＢＰＳＳ,小売業,ガソリンスタンド,2%
山形県,大江町,左沢ＳＳ,小売業,ガソリンスタンド,2%
山形県,大江町,セブン－イレブン大江本郷店,小売業,食料品,2%
山形県,大江町,武田八百屋,小売業,食料品,5%
山形県,大蔵村,大蔵ＳＳ,小売業,ガソリンスタンド,2%
山形県,大蔵村,有限会社カネヤマ商店,小売業,食料品,5%
山形県,大蔵村,株式会社 佐々木商店,小売業,食料品,5%
山形県,大蔵村,小関デンキ,小売業,電化製品,5%
山形県,大蔵村,そば処寿屋 そば処寿屋,サービス,飲食業,5%
山形県,小国町,出光小国東ＳＳ,小売業,ガソリンスタンド,2%
山形県,小国町,小国ＳＳ,小売業,ガソリンスタンド,2%
山形県,小国町,旬彩うを徳,サービス,飲食業,5%
山形県,小国町,パナック イトウ,小売業,電化製品,5%
山形県,小国町,ピットイン・エコーＳＳ,小売業,ガソリンスタンド,2%
山形県,小国町,麺屋 雪国,サービス,飲食業,5%
山形県,小国町,セブン－イレブン山形小国町町原店,小売業,食料品,2%
山形県,小国町,木村家菓子店,小売業,食料品,5%
山形県,尾花沢市,大崎屋,小売業,衣料品,5%
山形県,尾花沢市,おーばん尾花沢店,小売業,食料品,5%
山形県,尾花沢市,おーばん南尾花沢店,小売業,食料品,5%
山形県,尾花沢市,出光尾花沢ＳＳ,小売業,ガソリンスタンド,2%
山形県,尾花沢市,尾花沢北セルフＳＳ,小売業,ガソリンスタンド,2%
山形県,尾花沢市,セブン－イレブン尾花沢中町店,小売業,食料品,2%
山形県,尾花沢市,尾花沢バイパスぴ－まんＳＳ,小売業,ガソリンスタンド,2%
山形県,尾花沢市,セブン－イレブン尾花沢若葉町２丁目店,小売業,食料品,2%
山形県,尾花沢市,古勢起屋 別館,サービス,宿泊業,5%
山形県,尾花沢市,仙峡の宿銀山荘,サービス,宿泊業,5%
山形県,尾花沢市,富士スポーツ本店,小売業,その他小売,5%
山形県,尾花沢市,名代 手打そば処 福原家,サービス,飲食業,5%
山形県,尾花沢市,山形そうごうテクニカルサービス,小売業,電化製品,5%
山形県,金山町,ふるせ電器店,小売業,電化製品,5%
山形県,金山町,セブン－イレブン山形金山町店,小売業,食料品,2%
山形県,河北町,株式会社丹野商店 本社,小売業,食料品,5%
山形県,河北町,河北ＳＳ,小売業,ガソリンスタンド,2%
山形県,河北町,セブン－イレブン河北谷地ひな市３丁目店,小売業,食料品,2%
山形県,河北町,岸電気商会,小売業,電化製品,5%
山形県,河北町,酒のクサカベ,小売業,食料品,5%
山形県,河北町,寿司懐石しょうじ,サービス,飲食業,5%
山形県,河北町,高関ＳＳ,小売業,ガソリンスタンド,2%
山形県,河北町,ドコモショップ 河北店,小売業,その他小売,5%
山形県,河北町,ナカジマスポーツ ナカジマスポーツ,小売業,その他小売,5%
山形県,河北町,港屋電器,小売業,電化製品,5%
山形県,河北町,谷地ＳＳ,小売業,ガソリンスタンド,2%
山形県,河北町,谷地ＳＳ,小売業,ガソリンスタンド,2%
山形県,河北町,有限会社三沢写真館,小売業,電化製品,5%
山形県,河北町,有限会社矢口自動車,サービス,その他サービス,5%
山形県,上山市,味処松乃屋,サービス,飲食業,5%
山形県,上山市,石井ペンション,サービス,宿泊業,5%
山形県,上山市,ＷＦ＆Ｗ ファームショップ,小売業,食料品,5%
山形県,上山市,エスト昭栄上山,小売業,電化製品,5%
山形県,上山市,宴庭 はやと,サービス,飲食業,5%
山形県,上山市,おーばん上山店,小売業,食料品,5%
山形県,上山市,上山ＳＳ,小売業,ガソリンスタンド,2%
山形県,上山市,セブン－イレブン上山朝日台１丁目店,小売業,食料品,2%
山形県,上山市,果実の山 あずま屋,サービス,宿泊業,5%
山形県,上山市,セブン－イレブン上山河崎店,小売業,食料品,2%
山形県,上山市,セブン－イレブン上山蔵王の森店,小売業,食料品,2%
山形県,上山市,上山中央ＳＳ,小売業,ガソリンスタンド,2%
山形県,上山市,上山バイパスＳＳ,小売業,ガソリンスタンド,2%
山形県,上山市,上山バイパスＳＳ,小売業,ガソリンスタンド,2%
山形県,上山市,セブン－イレブン上山みはらし南店,小売業,食料品,2%
山形県,上山市,セブン－イレブン上山矢来店,小売業,食料品,2%
山形県,上山市,郷土銘菓処 大國屋,小売業,食料品,5%
山形県,上山市,個人 恭葉タクシー,サービス,運輸業,5%
山形県,上山市,彩花亭 時代屋,サービス,宿泊業,5%
山形県,上山市,展望露天の湯有馬館,サービス,宿泊業,5%
山形県,上山市,トヨタレンタリース山形かみのやま温泉駅前,サービス,その他サービス,2%
山形県,上山市,日本の宿 古窯,サービス,宿泊業,5%
山形県,上山市,はたごの心橋本屋,サービス,宿泊業,5%
山形県,上山市,美容室ＡＲＩＥ,サービス,理容・美容業,5%
山形県,上山市,Ｐｅｎｓｉｏｎ ＳＴＥＬＬＡ,サービス,宿泊業,5%
山形県,上山市,Ｐｅｎｓｉｏｎ Ｂｒｏｗｎ ペンションブラウン,サービス,宿泊業,5%
山形県,上山市,ゆうき総業株式会社,サービス,その他サービス,5%
山形県,川西町,出光川西ＳＳ,小売業,ガソリンスタンド,2%
山形県,川西町,うめや川西店,小売業,食料品,5%
山形県,川西町,セブン－イレブン川西町上小松店,小売業,食料品,2%
山形県,川西町,セブン－イレブン川西町高山店,小売業,食料品,2%
山形県,川西町,小松ＳＳ,小売業,ガソリンスタンド,2%
山形県,川西町,電化シヨツプ梅津,小売業,電化製品,5%
山形県,川西町,ドッグサロンふわふわたいむ,サービス,その他サービス,5%
山形県,寒河江市,出光左沢ＳＳ,小売業,ガソリンスタンド,2%
山形県,寒河江市,ｅｙｅｌａｓｈｓａｌｏｎＡＬＩＣＥ,サービス,理容・美容業,5%
山形県,寒河江市,石山真空,小売業,電化製品,5%
山形県,寒河江市,羽前宮内バイパスＳＳ,小売業,ガソリンスタンド,2%
山形県,寒河江市,卯月製麺直営店,小売業,食料品,5%
山形県,寒河江市,ＥｎｅＪｅｔ寒河江南ＳＳ,小売業,ガソリンスタンド,2%
山形県,寒河江市,オーディン寒河江店,小売業,その他小売,5%
山形県,寒河江市,おーばん寒河江店,小売業,食料品,5%
山形県,寒河江市,カイノ電器寒河江店,小売業,電化製品,5%
山形県,寒河江市,カスカワスポーツ寒河江店,小売業,その他小売,5%
山形県,寒河江市,兼子電器,小売業,電化製品,5%
山形県,寒河江市,株式会社チャンピオン寒河江店,小売業,その他小売,5%
山形県,寒河江市,株式会社新関タイヤ,小売業,その他小売,5%
山形県,寒河江市,木村石油株式会社本社,小売業,ガソリンスタンド,2%
山形県,寒河江市,ＡＥ株式会社国井商事,小売業,その他小売,5%
山形県,寒河江市,ゴトウ時計眼鏡店,小売業,その他小売,5%
山形県,寒河江市,寒河江ＳＳ,小売業,ガソリンスタンド,2%
山形県,寒河江市,寒河江ＳＳ 寒河江石油株式会社,小売業,ガソリンスタンド,2%
山形県,寒河江市,セブン－イレブン寒河江島店,小売業,食料品,2%
山形県,寒河江市,セブン－イレブン寒河江市役所前店,小売業,食料品,2%
山形県,寒河江市,セブン－イレブン寒河江中央工業団地入口店,小売業,食料品,2%
山形県,寒河江市,寒河江店,サービス,理容・美容業,5%
山形県,寒河江市,セブン－イレブン寒河江仲谷地店,小売業,食料品,2%
山形県,寒河江市,セブン－イレブン寒河江バイパス店,小売業,食料品,2%
山形県,寒河江市,寒河江陵東ＳＳ,小売業,ガソリンスタンド,2%
山形県,寒河江市,佐藤無線,小売業,電化製品,5%
山形県,寒河江市,至福の楽園和楽寒河江店,サービス,飲食業,5%
山形県,寒河江市,セルフ陵東ＳＳ,小売業,ガソリンスタンド,2%
山形県,寒河江市,とみひろ寒河江店,小売業,衣料品,5%
山形県,寒河江市,トヨタレンタリース山形寒河江店,サービス,その他サービス,2%
山形県,寒河江市,２９ｃａｆｅＫＩＲＡＫＵ,サービス,飲食業,5%
山形県,寒河江市,２９ｃａｆｅＫＩＲＡＫＵ,サービス,飲食業,5%
山形県,寒河江市,光運転代行社 光運転代行社,サービス,その他サービス,5%
山形県,寒河江市,ピザテン・フォー 山形寒河江店 ２,サービス,その他サービス,5%
山形県,寒河江市,日和田ＳＳ,小売業,ガソリンスタンド,2%
山形県,寒河江市,プライムオート,小売業,その他小売,5%
山形県,寒河江市,出光フレンドリーセルフAH寒河江西ＳＳ,小売業,ガソリンスタンド,2%
山形県,寒河江市,マクドナルド寒河江店,サービス,飲食業,2%
山形県,寒河江市,山形県酒類卸株式会社,小売業,食料品,5%
山形県,寒河江市,山形自動車道 上下 さがえサービスエリアＳＳ,小売業,ガソリンスタンド,2%
山形県,寒河江市,吉見電器店,小売業,電化製品,5%
山形県,寒河江市,吉見電器店寒河江店,小売業,電化製品,5%
山形県,酒田市,あい電ダイワ一番館,小売業,電化製品,5%
山形県,酒田市,Ａｇｕ ｈａｉｒ Ａｇｕ ｈａｉｒ ｅｄｄｙ酒田,サービス,理容・美容業,5%
山形県,酒田市,アスカＲ３４５ＳＳ,小売業,ガソリンスタンド,2%
山形県,酒田市,阿部鮮魚店,小売業,食料品,5%
山形県,酒田市,電器館いのうえ,小売業,電化製品,5%
山形県,酒田市,マルイ電気商会,小売業,電化製品,5%
山形県,酒田市,イサムデンキ,小売業,電化製品,5%
山形県,酒田市,石川金吉商店 石川金吉商店,小売業,総合（非専門）,5%
山形県,酒田市,インテリエ,小売業,その他小売,5%
山形県,酒田市,Ｗｅｄｇｅ,サービス,理容・美容業,5%
山形県,酒田市,ｕｔａｔａｎｅｓａｌｏｎ,サービス,理容・美容業,5%
山形県,酒田市,奥羽旅人ネイチャーセンター,サービス,その他サービス,5%
山形県,酒田市,大沼酒店,小売業,食料品,5%
山形県,酒田市,オオマチＳＳ,小売業,ガソリンスタンド,2%
山形県,酒田市,おもちゃ屋本舗,小売業,その他小売,5%
山形県,酒田市,カットハウスごろべえ,サービス,理容・美容業,5%
山形県,酒田市,加藤石材店,小売業,その他小売,5%
山形県,酒田市,株式会社チャンピオン酒田店,小売業,その他小売,5%
山形県,酒田市,株式会社マルエン,サービス,その他サービス,5%
山形県,酒田市,カーポート庄内本店,小売業,その他小売,5%
山形県,酒田市,河井電気商会,小売業,電化製品,5%
山形県,酒田市,川南マゴム電気店,小売業,電化製品,5%
山形県,酒田市,木川屋商店,小売業,食料品,5%
山形県,酒田市,木川屋みなと市場店,小売業,食料品,5%
山形県,酒田市,喫茶ＣＬＯＡＫ,サービス,飲食業,5%
山形県,酒田市,くらしのホットタウン,小売業,その他小売,5%
山形県,酒田市,ケイテック,サービス,その他サービス,5%
山形県,酒田市,コクピット アマーレ,小売業,その他小売,2%
山形県,酒田市,コスモニュープラザ大宮ＳＳ,小売業,ガソリンスタンド,2%
山形県,酒田市,こだわりの味噌工房ラーメン哲,サービス,飲食業,5%
山形県,酒田市,出光酒田ＳＳ,小売業,ガソリンスタンド,2%
山形県,酒田市,セブン－イレブン酒田東町店,小売業,食料品,2%
山形県,酒田市,酒田泉ＳＳ,小売業,ガソリンスタンド,2%
山形県,酒田市,酒田営業所,小売業,ガソリンスタンド,2%
山形県,酒田市,酒田駅前ＳＳ,小売業,ガソリンスタンド,2%
山形県,酒田市,セブン－イレブン酒田上安町店,小売業,食料品,2%
山形県,酒田市,酒田亀ケ崎ＳＳ,小売業,ガソリンスタンド,2%
山形県,酒田市,セブン－イレブン酒田亀ヶ崎５丁目店,小売業,食料品,2%
山形県,酒田市,セブン－イレブン酒田亀ヶ崎２丁目店,小売業,食料品,2%
山形県,酒田市,セブン－イレブン酒田こあら１丁目店,小売業,食料品,2%
山形県,酒田市,セブン－イレブン酒田砂越店,小売業,食料品,2%
山形県,酒田市,セブン－イレブン酒田錦町４丁目店,小売業,食料品,2%
山形県,酒田市,セブン－イレブン酒田日本海病院前店,小売業,食料品,2%
山形県,酒田市,酒田バイパスＳＳ,小売業,ガソリンスタンド,2%
山形県,酒田市,セブン－イレブン酒田東泉２丁目店,小売業,食料品,2%
山形県,酒田市,セブン－イレブン酒田東両羽町店,小売業,食料品,2%
山形県,酒田市,セブン－イレブン酒田光ケ丘１丁目店,小売業,食料品,2%
山形県,酒田市,セブン－イレブン酒田本町３丁目店,小売業,食料品,2%
山形県,酒田市,酒田南,小売業,ガソリンスタンド,2%
山形県,酒田市,セブン－イレブン酒田宮野浦店,小売業,食料品,2%
山形県,酒田市,酒田屋,小売業,食料品,5%
山形県,酒田市,サトーテレビ,小売業,電化製品,5%
山形県,酒田市,ｓｕｐｐｌｅｍｅｎｔ,サービス,理容・美容業,5%
山形県,酒田市,Ｄｒ．Ｄｒｉｖｅサンポートあずま店,小売業,ガソリンスタンド,2%
山形県,酒田市,Ｄｒ．Ｄｒｉｖｅサンポートいずみ店,小売業,ガソリンスタンド,2%
山形県,酒田市,Ｄｒ．Ｄｒｉｖｅサンポートにしき店,小売業,ガソリンスタンド,2%
山形県,酒田市,Ｄｒ．Ｄｒｉｖｅサンポートみずほ店,小売業,ガソリンスタンド,2%
山形県,酒田市,Ｓｅｅｄｓ,サービス,理容・美容業,5%
山形県,酒田市,美容カイロエステＳＨＩＴＡＲＡ,サービス,理容・美容業,5%
山形県,酒田市,信夫電気店,小売業,電化製品,5%
山形県,酒田市,ＪＨＡＫ ＲＯＡＤ,サービス,その他サービス,5%
山形県,酒田市,荘内眼鏡院 いずみ店,小売業,その他小売,5%
山形県,酒田市,荘内眼鏡院 みずほ本店,小売業,その他小売,5%
山形県,酒田市,庄内ヤクルト販売 酒田北センター,小売業,食料品,5%
山形県,酒田市,ｊｉｎｔｏｓｈｉ,サービス,理容・美容業,5%
山形県,酒田市,新日本補聴器センター酒田店,小売業,その他小売,5%
山形県,酒田市,睡眠屋,その他業種,ー,5%
山形県,酒田市,すずきかでん,小売業,電化製品,5%
山形県,酒田市,すまーと,サービス,その他サービス,5%
山形県,酒田市,ＺＥＳＴ酒田店 ＺＥＳＴ,小売業,衣料品,5%
山形県,酒田市,Ｄｒ．Ｄｒｉｖｅセルフサンポートあずま店,小売業,ガソリンスタンド,2%
山形県,酒田市,セルフ宮海ＳＳ,小売業,ガソリンスタンド,2%
山形県,酒田市,株式会社タイヨウ開発,小売業,その他小売,5%
山形県,酒田市,高砂給油所,小売業,ガソリンスタンド,2%
山形県,酒田市,出光高見台ＳＳ,小売業,ガソリンスタンド,2%
山形県,酒田市,司ボデー,サービス,その他サービス,5%
山形県,酒田市,デンキの渋谷,小売業,電化製品,5%
山形県,酒田市,ト一屋駅東店,小売業,食料品,5%
山形県,酒田市,ト一屋新橋店,小売業,食料品,5%
山形県,酒田市,ト一屋新町店,小売業,食料品,5%
山形県,酒田市,ト一屋千石町店,小売業,食料品,5%
山形県,酒田市,ト一屋高見台店,小売業,食料品,5%
山形県,酒田市,ト一屋中町店,小売業,食料品,5%
山形県,酒田市,とがし肉家酒田店,サービス,飲食業,5%
山形県,酒田市,土門拳記念館,サービス,その他サービス,5%
山形県,酒田市,トヨタレンタリース山形 酒田駅前店,サービス,その他サービス,2%
山形県,酒田市,ｔｒｏａ ａｃｃｅｓｓｏｒｉｅｓ,小売業,貴金属・服飾品,5%
山形県,酒田市,日石八幡ＳＳ,小売業,ガソリンスタンド,2%
山形県,酒田市,配送部,小売業,ガソリンスタンド,2%
山形県,酒田市,ＨＯＷＬ／ＨＡＩＲ,サービス,理容・美容業,5%
山形県,酒田市,ＢＡＮＡＮＡＦＩＳＨ,小売業,衣料品,5%
山形県,酒田市,パネットあべ,小売業,電化製品,5%
山形県,酒田市,パネットあべでんき,小売業,電化製品,5%
山形県,酒田市,はりきゅう院自然食品店ＨＡＣＨＩ,小売業,食料品,5%
山形県,酒田市,響や,サービス,飲食業,5%
山形県,酒田市,セブン－イレブン平田町飛鳥店,小売業,食料品,2%
山形県,酒田市,フォトキャンバス,サービス,その他サービス,5%
山形県,酒田市,ふとんの池田 酒田店,小売業,家具・調度品,5%
山形県,酒田市,フミヤ,小売業,衣料品,5%
山形県,酒田市,ＦｌｏｗｅｒＳａｌｏｎＲｏｓａ,小売業,その他小売,5%
山形県,酒田市,ペレットマン酒田店（株）平良農園,サービス,その他サービス,5%
山形県,酒田市,ホテルイン酒田駅前,サービス,宿泊業,5%
山形県,酒田市,ホテル リッチ ガーデン酒田 レストラン,サービス,宿泊業,5%
山形県,酒田市,ホテル リッチ ガーデン酒田 フロント,サービス,宿泊業,5%
山形県,酒田市,ホテルリッチ＆ガーデン酒田,サービス,宿泊業,5%
山形県,酒田市,ホリタイヤ酒田店,小売業,その他小売,5%
山形県,酒田市,ホンダウィング荘内,小売業,その他小売,5%
山形県,酒田市,ほんま,小売業,その他小売,5%
山形県,酒田市,マート三沢,小売業,総合（非専門）,5%
山形県,酒田市,マクドナルドイオン酒田南店,サービス,飲食業,2%
山形県,酒田市,マクドナルド酒田こぴあコープ店,サービス,飲食業,2%
山形県,酒田市,マリーン５清水屋,小売業,その他小売,5%
山形県,酒田市,マリーン５ 清水屋,小売業,その他小売,5%
山形県,酒田市,Ｍａｍｍａ Ｍｉａ,サービス,飲食業,5%
山形県,酒田市,みずほ 八文字屋,小売業,書籍・玩具・音楽ＣＤ,5%
山形県,酒田市,みどり電化チェーン 松山石黒店,小売業,電化製品,5%
山形県,酒田市,みどり電化チェーン本部,小売業,電化製品,5%
山形県,酒田市,宮海ＳＳ,小売業,ガソリンスタンド,2%
山形県,酒田市,めん工房 さらしな,サービス,飲食業,5%
山形県,酒田市,やましょう,小売業,総合（非専門）,5%
山形県,酒田市,有限会社木川屋商店 木川屋 山居倉庫店,小売業,食料品,5%
山形県,酒田市,りらく庵,サービス,理容・美容業,5%
山形県,酒田市,るっく理容 るっく,サービス,理容・美容業,5%
山形県,酒田市,ＹＳＰ酒田,小売業,その他小売,5%
山形県,酒田市,若竹町ＳＳ,小売業,ガソリンスタンド,2%
山形県,酒田市,和光酒販 亀ヶ崎店,小売業,食料品,5%
山形県,酒田市,和光酒販高見台店,小売業,食料品,5%
山形県,酒田市,ワタライ,小売業,総合（非専門）,5%
山形県,庄内町,余目北ＳＳ,小売業,ガソリンスタンド,2%
山形県,庄内町,余目西 ＳＳ,小売業,ガソリンスタンド,2%
山形県,庄内町,大滝電器,小売業,電化製品,5%
山形県,庄内町,株式会社チャンピオン余目店,小売業,その他小売,5%
山形県,庄内町,斎藤長之助輪店,小売業,その他小売,5%
山形県,庄内町,佐藤善治商店ＳＳ,小売業,ガソリンスタンド,2%
山形県,庄内町,佐藤米穀店,小売業,その他小売,5%
山形県,庄内町,セブン－イレブン庄内余目月屋敷店,小売業,食料品,2%
山形県,庄内町,清野デンキ,小売業,電化製品,5%
山形県,庄内町,セブン－イレブン立川町狩川店,小売業,食料品,2%
山形県,庄内町,中国料理あじ彩,サービス,飲食業,5%
山形県,庄内町,伝智屋電化,小売業,電化製品,5%
山形県,庄内町,プライドテーラー秋葉 プライドテーラー秋葉,小売業,衣料品,5%
山形県,庄内町,ヘアスタジオ アート ヘアスタジオ アート,サービス,理容・美容業,5%
山形県,庄内町,出光米穀ＳＳ,小売業,ガソリンスタンド,2%
山形県,白鷹町,Ｃｕｔ Ｓｔｕｄｉｏ ＯＲＩＯＮ,サービス,理容・美容業,5%
山形県,白鷹町,白鷹ＳＳ,小売業,ガソリンスタンド,2%
山形県,白鷹町,須貝デンキ,小売業,電化製品,5%
山形県,新庄市,秋保電器商会,小売業,電化製品,5%
山形県,新庄市,あじさいＳＳ,小売業,ガソリンスタンド,2%
山形県,新庄市,門脇ラジオ店,小売業,電化製品,5%
山形県,新庄市,アールほそがい,小売業,電化製品,5%
山形県,新庄市,一葉本店,サービス,飲食業,5%
山形県,新庄市,ウィースポーツクラブ新庄,サービス,その他サービス,5%
山形県,新庄市,うめえ門,サービス,飲食業,5%
山形県,新庄市,エステ＆リラクゼーションサロン?Ｈａｐｐｙ?,サービス,理容・美容業,5%
山形県,新庄市,かしわや鞄店,小売業,その他小売,5%
山形県,新庄市,株式会社高橋履物店,その他業種,ー,5%
山形県,新庄市,クリーニング白新舎,サービス,その他サービス,5%
山形県,新庄市,ｃｒｙｓｔａｌ,サービス,理容・美容業,5%
山形県,新庄市,ＣＯＳＭＥＴＩＣＳサクラヤ,サービス,理容・美容業,5%
山形県,新庄市,さくら整体院,サービス,その他サービス,5%
山形県,新庄市,三洋薬品ＨＢＣ株式会社 新庄営業所,小売業,その他小売,5%
山形県,新庄市,食酒工房福楽狸,サービス,飲食業,5%
山形県,新庄市,セブン－イレブン新庄泉田店,小売業,食料品,2%
山形県,新庄市,新庄ＳＳ,小売業,ガソリンスタンド,2%
山形県,新庄市,新庄中央ＳＳ,小売業,ガソリンスタンド,2%
山形県,新庄市,新庄中核工業団地ＳＳ,小売業,ガソリンスタンド,2%
山形県,新庄市,有限会社新庄塗装自動車,サービス,その他サービス,5%
山形県,新庄市,新庄どまんなかＳＳ 有限会社大竹商店,小売業,ガソリンスタンド,2%
山形県,新庄市,セブン－イレブン新庄鳥越店,小売業,食料品,2%
山形県,新庄市,新庄バイパスＳＳ,小売業,ガソリンスタンド,2%
山形県,新庄市,セブン－イレブン新庄東山店,小売業,食料品,2%
山形県,新庄市,セブン－イレブン新庄松本店,小売業,食料品,2%
山形県,新庄市,新庄南ＳＳ,小売業,ガソリンスタンド,2%
山形県,新庄市,セブン－イレブン新庄本合海店,小売業,食料品,2%
山形県,新庄市,セルフ本合海ＳＳ,小売業,ガソリンスタンド,2%
山形県,新庄市,タカハシスポーツ,小売業,その他小売,5%
山形県,新庄市,株式会社 高橋履物店,小売業,衣料品,5%
山形県,新庄市,富樫米肥店,小売業,総合（非専門）,5%
山形県,新庄市,とみひろ新庄店,小売業,衣料品,5%
山形県,新庄市,ＨＡＩＲＭＡＫＥＶＯＧＵＥ,サービス,理容・美容業,5%
山形県,新庄市,ボイスヤマト,小売業,電化製品,5%
山形県,新庄市,マクドナルド新庄ヨークベニマル店,サービス,飲食業,2%
山形県,新庄市,松田スタジオ,サービス,その他サービス,5%
山形県,新庄市,松本ＳＳ,小売業,ガソリンスタンド,2%
山形県,新庄市,丸井 八文字屋,小売業,書籍・玩具・音楽ＣＤ,5%
山形県,新庄市,味園,サービス,飲食業,5%
山形県,新庄市,有限会社矢口薬局,小売業,その他小売,5%
山形県,新庄市,レディスハウス ラブ,小売業,衣料品,5%
山形県,新庄市,若葉町ＳＳ,小売業,ガソリンスタンド,2%
山形県,高畠町,アトム電器高畠店金光堂,小売業,電化製品,5%
山形県,高畠町,ＡＥ伊藤燃料株式会社,小売業,その他小売,5%
山形県,高畠町,カットインキョウコ,サービス,理容・美容業,5%
山形県,高畠町,玩具／ホビー たけだ,小売業,その他小売,5%
山形県,高畠町,県南自動車学校,サービス,その他サービス,5%
山形県,高畠町,セルフ高畠ＳＳ,小売業,ガソリンスタンド,2%
山形県,高畠町,高畠ＳＳ,小売業,ガソリンスタンド,2%
山形県,高畠町,高畠ＳＳ,小売業,ガソリンスタンド,2%
山形県,高畠町,セブン－イレブン高畠糠野目店,小売業,食料品,2%
山形県,高畠町,セブン－イレブン高畠福沢店,小売業,食料品,2%
山形県,高畠町,ちょうさん,小売業,衣料品,5%
山形県,高畠町,つけものと手打ちそばの伊澤,サービス,飲食業,5%
山形県,高畠町,デンキのヤマダ,小売業,電化製品,5%
山形県,高畠町,中和田ＳＳ,小売業,ガソリンスタンド,2%
山形県,高畠町,三菱商事エネルギー 高畠カ－ケアセルフサ－ビスステ－ション,小売業,ガソリンスタンド,2%
山形県,高畠町,吉田でんき,小売業,電化製品,5%
山形県,高畠町,よねおりかんこうセンター よねおりかんこうセンター,小売業,その他小売,5%
山形県,高畠町,出光和田ＳＳ,小売業,ガソリンスタンド,2%
山形県,高畠町,和田 ＳＳ,小売業,ガソリンスタンド,2%
山形県,中山町,あおば動物病院,サービス,その他サービス,5%
山形県,中山町,今井電気,小売業,電化製品,5%
山形県,中山町,株式会社縄野商店 長崎ＳＳ,小売業,ガソリンスタンド,2%
山形県,中山町,長崎ＳＳ,小売業,ガソリンスタンド,2%
山形県,中山町,セブン－イレブン中山小塩店,小売業,食料品,2%
山形県,中山町,中山セルフＳＳ,小売業,ガソリンスタンド,2%
山形県,中山町,穂積繊維,小売業,総合（非専門）,5%
山形県,中山町,穂積繊維工業株式会社,小売業,家具・調度品,5%
山形県,中山町,峯田電器長崎店,小売業,電化製品,5%
山形県,鶴岡市,アーバンスポーツ,サービス,その他サービス,5%
山形県,鶴岡市,アール・あだち,小売業,電化製品,5%
山形県,鶴岡市,あい電 ハセガワ店,小売業,電化製品,5%
山形県,鶴岡市,Ａｇｕ ｈａｉｒ Ａｇｕ ｈａｉｒ ｇｒａｃｅ鶴岡,サービス,理容・美容業,5%
山形県,鶴岡市,阿蘇電機,小売業,電化製品,5%
山形県,鶴岡市,温海ＳＳ,小売業,ガソリンスタンド,2%
山形県,鶴岡市,温海ＳＳ,小売業,ガソリンスタンド,2%
山形県,鶴岡市,出光温海ＳＳ,小売業,ガソリンスタンド,2%
山形県,鶴岡市,温海 槇ノ代ＳＳ,小売業,ガソリンスタンド,2%
山形県,鶴岡市,アベデンキ,小売業,電化製品,5%
山形県,鶴岡市,アール・こじま,小売業,電化製品,5%
山形県,鶴岡市,アール 双葉さとう,小売業,電化製品,5%
山形県,鶴岡市,ａｍｂｉｎｏ,サービス,理容・美容業,5%
山形県,鶴岡市,五十嵐教電社,小売業,電化製品,5%
山形県,鶴岡市,居酒屋ふじや,サービス,飲食業,5%
山形県,鶴岡市,伊勢原ＳＳ,小売業,ガソリンスタンド,2%
山形県,鶴岡市,出光小岩川ＳＳ,小売業,ガソリンスタンド,2%
山形県,鶴岡市,出光ライフエイド宝田ＳＳ,小売業,ガソリンスタンド,2%
山形県,鶴岡市,五十川ＳＳ,小売業,ガソリンスタンド,2%
山形県,鶴岡市,ウィズ環境株式会社 本社,サービス,その他サービス,5%
山形県,鶴岡市,羽前水沢ＳＳ,小売業,ガソリンスタンド,2%
山形県,鶴岡市,ＥｎｅＪｅｔみどり町ＳＳ,小売業,ガソリンスタンド,2%
山形県,鶴岡市,Ｅｆｔｙｃｈｉａ,サービス,理容・美容業,5%
山形県,鶴岡市,太田総合動物病院,サービス,その他サービス,5%
山形県,鶴岡市,有限会社オート部品サービス,小売業,その他小売,5%
山形県,鶴岡市,柏戸銀寿し,サービス,飲食業,5%
山形県,鶴岡市,株式会社カットイン上林,サービス,理容・美容業,5%
山形県,鶴岡市,ｃｕｔ ｓａｌｏｎ ｓａｔｏ,サービス,理容・美容業,5%
山形県,鶴岡市,株式会社 燦和エステート,サービス,宿泊業,5%
山形県,鶴岡市,株式会社チャンピオン鶴岡店,小売業,その他小売,5%
山形県,鶴岡市,ＣＡＭＩＮＯ,サービス,理容・美容業,5%
山形県,鶴岡市,亀や,サービス,宿泊業,5%
山形県,鶴岡市,かもじや 化粧品店 かもじや化粧品店,小売業,その他小売,5%
山形県,鶴岡市,カレーハウスＣｏＣｏ壱番屋鶴岡道形店,サービス,飲食業,2%
山形県,鶴岡市,喜多八,サービス,飲食業,5%
山形県,鶴岡市,キッチンｆｕｔａｂａ,サービス,飲食業,5%
山形県,鶴岡市,共立社,小売業,その他小売,5%
山形県,鶴岡市,櫛引ＳＳ,小売業,ガソリンスタンド,2%
山形県,鶴岡市,くどうオート,サービス,その他サービス,5%
山形県,鶴岡市,九兵ヱ旅館,サービス,宿泊業,5%
山形県,鶴岡市,クラスオン鶴岡ミーナ店,小売業,その他小売,5%
山形県,鶴岡市,グリル すみれ,サービス,飲食業,5%
山形県,鶴岡市,ＧＯ＆ＦＵＮ Ｊａｐａｎ,小売業,食料品,5%
山形県,鶴岡市,小いけ,小売業,衣料品,5%
山形県,鶴岡市,ｃｏｖｏ,サービス,飲食業,5%
山形県,鶴岡市,さかえや,サービス,飲食業,5%
山形県,鶴岡市,佐藤タイヤ商会,小売業,その他小売,5%
山形県,鶴岡市,Ｄｒ．Ｄｒｉｖｅサンポートちわら店,小売業,ガソリンスタンド,2%
山形県,鶴岡市,ＳＨＥ．,サービス,理容・美容業,5%
山形県,鶴岡市,主婦の店イーネ駅前店,小売業,食料品,5%
山形県,鶴岡市,主婦の店ＩＺＭＯ新斎店,小売業,食料品,5%
山形県,鶴岡市,主婦の店大西店,小売業,食料品,5%
山形県,鶴岡市,主婦の店大山店,小売業,食料品,5%
山形県,鶴岡市,主婦の店銀座店,小売業,食料品,5%
山形県,鶴岡市,主婦の店パル店,小売業,食料品,5%
山形県,鶴岡市,主婦の店ミーナ店,小売業,食料品,5%
山形県,鶴岡市,主婦の店美原店,小売業,食料品,5%
山形県,鶴岡市,粧苑中央,小売業,貴金属・服飾品,5%
山形県,鶴岡市,庄内ヤクルト販売 鶴岡西部センター,小売業,食料品,5%
山形県,鶴岡市,庄内ヤクルト販売 鶴岡南部センター,小売業,食料品,5%
山形県,鶴岡市,Ｄｒ．Ｄｒｉｖｅ新大山店,小売業,ガソリンスタンド,2%
山形県,鶴岡市,ｓｉｎｔｏｕ,小売業,衣料品,5%
山形県,鶴岡市,寿司処 三幸,サービス,飲食業,5%
山形県,鶴岡市,鮨もりむら,サービス,飲食業,5%
山形県,鶴岡市,すたみな太郎 鶴岡店,サービス,飲食業,5%
山形県,鶴岡市,諏訪菓子舗,小売業,食料品,5%
山形県,鶴岡市,高見屋別邸 久遠,サービス,宿泊業,5%
山形県,鶴岡市,タカミヤ湯の浜テラス 西洋茶寮,サービス,宿泊業,5%
山形県,鶴岡市,竹屋ホテル,サービス,宿泊業,5%
山形県,鶴岡市,珠玉や,サービス,宿泊業,5%
山形県,鶴岡市,つかさや旅館,サービス,宿泊業,5%
山形県,鶴岡市,鶴岡インター前ＳＳ,小売業,ガソリンスタンド,2%
山形県,鶴岡市,セブン－イレブン鶴岡家中新町店,小売業,食料品,2%
山形県,鶴岡市,鶴岡協同の家 こぴあ,小売業,その他小売,5%
山形県,鶴岡市,鶴岡新海町ＳＳ,小売業,ガソリンスタンド,2%
山形県,鶴岡市,鶴岡第二配送センター,小売業,ガソリンスタンド,2%
山形県,鶴岡市,セブン－イレブン鶴岡宝田１丁目店,小売業,食料品,2%
山形県,鶴岡市,セブン－イレブン鶴岡茅原店,小売業,食料品,2%
山形県,鶴岡市,Ｄｒ．Ｄｒｉｖｅ鶴岡道形店,小売業,ガソリンスタンド,2%
山形県,鶴岡市,セブン－イレブン鶴岡鳥居町店,小売業,食料品,2%
山形県,鶴岡市,セブン－イレブン鶴岡西郷店,小売業,食料品,2%
山形県,鶴岡市,セブン－イレブン鶴岡西新斎町店,小売業,食料品,2%
山形県,鶴岡市,Ｄｒ．Ｄｒｉｖｅ鶴岡西店,小売業,ガソリンスタンド,2%
山形県,鶴岡市,セブン－イレブン鶴岡布目店,小売業,食料品,2%
山形県,鶴岡市,セブン－イレブン鶴岡日出１丁目店,小売業,食料品,2%
山形県,鶴岡市,鶴岡南ＳＳ,小売業,ガソリンスタンド,2%
山形県,鶴岡市,Ｄｒ．Ｄｒｉｖｅ鶴岡南店,小売業,ガソリンスタンド,2%
山形県,鶴岡市,セブン－イレブン鶴岡南バイパス店,小売業,食料品,2%
山形県,鶴岡市,セブン－イレブン鶴岡美原町店,小売業,食料品,2%
山形県,鶴岡市,東京庵,小売業,食料品,5%
山形県,鶴岡市,とがし肉家 鶴岡店,サービス,飲食業,5%
山形県,鶴岡市,トヨタレンタリース山形鶴岡駅前店,サービス,その他サービス,2%
山形県,鶴岡市,中村電機商会,小売業,電化製品,5%
山形県,鶴岡市,南部家敷 鶴岡店,サービス,飲食業,5%
山形県,鶴岡市,肉バル ＹＡＫＵ禄,サービス,飲食業,5%
山形県,鶴岡市,西村電器店,小売業,電化製品,5%
山形県,鶴岡市,鼠ヶ関ＳＳ,小売業,ガソリンスタンド,2%
山形県,鶴岡市,鼠ケ関ＳＳ,小売業,ガソリンスタンド,2%
山形県,鶴岡市,ｈａｉｒ ｍａｋｅ ｐｏｗｄｅｒ,サービス,理容・美容業,5%
山形県,鶴岡市,羽黒電器,小売業,電化製品,5%
山形県,鶴岡市,ＶＡＳＴ ＶＡＲＩＡＴＩＯＮ,小売業,衣料品,5%
山形県,鶴岡市,八文字屋鶴岡店,小売業,書籍・玩具・音楽ＣＤ,5%
山形県,鶴岡市,華夕美日本海,サービス,宿泊業,5%
山形県,鶴岡市,ハヤシ電化ショップ,小売業,電化製品,5%
山形県,鶴岡市,萬国屋,サービス,宿泊業,5%
山形県,鶴岡市,Ｐｅａｃｅ,サービス,理容・美容業,5%
山形県,鶴岡市,美容室アートヘア,サービス,理容・美容業,5%
山形県,鶴岡市,フィッシングストアカトウ,小売業,書籍・玩具・音楽ＣＤ,5%
山形県,鶴岡市,Ｆｉｆｔｙ Ｂｅｌｌ,サービス,その他サービス,5%
山形県,鶴岡市,藤島ＳＳ,小売業,ガソリンスタンド,2%
山形県,鶴岡市,セブン－イレブン藤島バイパス店,小売業,食料品,2%
山形県,鶴岡市,ふとんの池田 鶴岡店,小売業,家具・調度品,5%
山形県,鶴岡市,ｐｕＬＬ,サービス,理容・美容業,5%
山形県,鶴岡市,プロショップ ヤマザキ,小売業,その他小売,5%
山形県,鶴岡市,ヘアーサロン キラク,サービス,理容・美容業,5%
山形県,鶴岡市,ヘアーサロン髪切屋 髪切屋 アンベリール,サービス,理容・美容業,5%
山形県,鶴岡市,平和堂電気部 平和堂電気部,小売業,電化製品,5%
山形県,鶴岡市,ベッダシチリア,サービス,飲食業,5%
山形県,鶴岡市,ｈｏｔ?酒?ｙａ,小売業,食料品,5%
山形県,鶴岡市,ホテル海山,サービス,宿泊業,5%
山形県,鶴岡市,ホテルサンリゾート庄内,サービス,宿泊業,5%
山形県,鶴岡市,本家かまどや 美咲町店,サービス,飲食業,5%
山形県,鶴岡市,ほんま酒店,小売業,食料品,5%
山形県,鶴岡市,マクドナルド１１２鶴岡店,サービス,飲食業,2%
山形県,鶴岡市,マクドナルド鶴岡ＩＺＭＯ店,サービス,飲食業,2%
山形県,鶴岡市,まちづくりスタジオ鶴岡Ｄａｄａ,サービス,その他サービス,5%
山形県,鶴岡市,三浦電器,小売業,電化製品,5%
山形県,鶴岡市,みどり電化チェーン 鶴岡なかがわ店,小売業,電化製品,5%
山形県,鶴岡市,出光みどり町ＳＳ,小売業,ガソリンスタンド,2%
山形県,鶴岡市,みどりまち文庫,サービス,その他サービス,5%
山形県,鶴岡市,もんじゃ焼 サボ,サービス,飲食業,5%
山形県,鶴岡市,焼肉いわじ,サービス,飲食業,5%
山形県,鶴岡市,薮ん家,サービス,飲食業,5%
山形県,鶴岡市,ヤマデン,小売業,電化製品,5%
山形県,鶴岡市,ｙａｍａｂｕｓｈｉｄｏ,サービス,その他サービス,5%
山形県,鶴岡市,有限会社 滝の屋,サービス,宿泊業,5%
山形県,鶴岡市,有限会社 明林,サービス,飲食業,5%
山形県,鶴岡市,有限会社森茂八商店,小売業,食料品,5%
山形県,鶴岡市,有限会社森茂八商店,小売業,その他小売,5%
山形県,鶴岡市,湯田川ＳＳ,小売業,ガソリンスタンド,2%
山形県,鶴岡市,湯どの庵,サービス,宿泊業,5%
山形県,鶴岡市,ＬＩＮＫ ｂｙ ｍｉｌｌｅ,小売業,衣料品,5%
山形県,鶴岡市,Ｄｒ．Ｄｒｉｖｅルート１１２鶴岡店,小売業,ガソリンスタンド,2%
山形県,鶴岡市,ルクール,小売業,食料品,5%
山形県,天童市,Ａｇｕ ｈａｉｒ Ａｇｕ ｈａｉｒ ｆａｍｅ天童南町,サービス,理容・美容業,5%
山形県,天童市,ＡＳＩＡＮｃａｆｅｂａｒｃｈａｒｉｓ,サービス,飲食業,5%
山形県,天童市,アポロステーションＳＳ,小売業,ガソリンスタンド,2%
山形県,天童市,荒井時計店,小売業,その他小売,5%
山形県,天童市,アール・おちあい,小売業,電化製品,5%
山形県,天童市,ヴェールタカハシ,小売業,その他小売,5%
山形県,天童市,ＨＪＳ ｃａｍｐｌａｂ．店舗外,小売業,その他小売,5%
山形県,天童市,王将果樹園,サービス,その他サービス,5%
山形県,天童市,おーばん久野本店,小売業,食料品,5%
山形県,天童市,おーばん南天童店,小売業,食料品,5%
山形県,天童市,お宝中古市場 山形天童店,小売業,その他小売,5%
山形県,天童市,カーケアステーション蔵増,小売業,ガソリンスタンド,2%
山形県,天童市,カスカワスポーツ 天童店,小売業,その他小売,5%
山形県,天童市,株式会社さのや,小売業,食料品,5%
山形県,天童市,川原子酒店,小売業,食料品,5%
山形県,天童市,ケーウィットホールディングス,小売業,食料品,5%
山形県,天童市,コスモイオンモール天童ＳＳ,小売業,ガソリンスタンド,2%
山形県,天童市,サウンドプラザフタバ天童店,小売業,電化製品,5%
山形県,天童市,栄屋ホテル,サービス,宿泊業,5%
山形県,天童市,ジーンズバグ,小売業,衣料品,5%
山形県,天童市,旬菜 ふく料理 縁むすび,サービス,飲食業,5%
山形県,天童市,将棋むら天童タワー,小売業,その他小売,5%
山形県,天童市,すたみな太郎 天童店,サービス,飲食業,5%
山形県,天童市,ストー電機,小売業,電化製品,5%
山形県,天童市,たちばなや薬局,小売業,その他小売,5%
山形県,天童市,手打ちそば やまぶき 手打ちそばやまぶき,サービス,飲食業,5%
山形県,天童市,出羽路からあげ天童店,小売業,食料品,5%
山形県,天童市,天童 ＳＳ,小売業,ガソリンスタンド,2%
山形県,天童市,天童ＳＳ,小売業,ガソリンスタンド,2%
山形県,天童市,セブン－イレブン天童石鳥居１丁目店,小売業,食料品,2%
山形県,天童市,セブン－イレブン天童駅西４丁目店,小売業,食料品,2%
山形県,天童市,セブン－イレブン天童鎌田本町２丁目店,小売業,食料品,2%
山形県,天童市,天童北ＳＳ,小売業,ガソリンスタンド,2%
山形県,天童市,セブン－イレブン天童久野本４丁目店,小売業,食料品,2%
山形県,天童市,天童セントラルホテル,サービス,宿泊業,5%
山形県,天童市,天童中央ＳＳ,小売業,ガソリンスタンド,2%
山形県,天童市,天童中央ＳＳ,小売業,ガソリンスタンド,2%
山形県,天童市,天童バイパスＳＳ 第一石油株式会社,小売業,ガソリンスタンド,2%
山形県,天童市,天童ＢＰＳＳ,小売業,ガソリンスタンド,2%
山形県,天童市,天童バイパス,小売業,ガソリンスタンド,2%
山形県,天童市,セブン－イレブン天童芳賀店,小売業,食料品,2%
山形県,天童市,天童本社ＳＳ,小売業,ガソリンスタンド,2%
山形県,天童市,天童本店,サービス,理容・美容業,5%
山形県,天童市,天童山口ＳＳ,小売業,ガソリンスタンド,2%
山形県,天童市,トータルビューティーサロン ブレス 天童店,サービス,理容・美容業,5%
山形県,天童市,トヨタレンタリース山形天童駅前店,サービス,その他サービス,2%
山形県,天童市,パナライフたけうち,小売業,電化製品,5%
山形県,天童市,ＢＥＡＲＤ ＢＡＲＢＥＲ ＳＨＯＰ ＢＥＡＲＤ ＢＡＲＢＥＲ ＳＨＯＰ,サービス,理容・美容業,5%
山形県,天童市,ピザテン・フォー 山形天童店 ２,サービス,その他サービス,5%
山形県,天童市,ビューティショップマツダ ビューティショップマツダ,小売業,その他小売,5%
山形県,天童市,双葉電機商会,小売業,電化製品,5%
山形県,天童市,双葉電機商会久野本店,小売業,電化製品,5%
山形県,天童市,株式会社仏壇のすとう,小売業,その他小売,5%
山形県,天童市,細谷電機,小売業,電化製品,5%
山形県,天童市,Ｂ・Ｗ ＳΤＲＵＣΤＵＲＥ,サービス,その他サービス,5%
山形県,天童市,滝の湯ホテル,サービス,その他サービス,5%
山形県,天童市,マクドナルド１３号天童店,サービス,飲食業,2%
山形県,天童市,交り江店,サービス,理容・美容業,5%
山形県,天童市,丸十仲野酒店,小売業,食料品,5%
山形県,天童市,山形そうごうテクニカルサービス,小売業,電化製品,5%
山形県,天童市,有限会社種苗七福心,小売業,その他小売,5%
山形県,天童市,有 花輪自動車,サービス,その他サービス,5%
山形県,天童市,読売センター天童北 読売センター天童北,小売業,その他小売,5%
山形県,天童市,読売センター天童南 読売センター天童南,小売業,その他小売,5%
山形県,天童市,ローリングパークナカノ,小売業,その他小売,5%
山形県,戸沢村,高見屋 最上川別邸 紅,サービス,宿泊業,5%
山形県,戸沢村,戸沢ＳＳ 有限会社市川商店,小売業,ガソリンスタンド,2%
山形県,戸沢村,セブン－イレブン戸沢津谷店,小売業,食料品,2%
山形県,戸沢村,古口ＳＳ,小売業,ガソリンスタンド,2%
山形県,戸沢村,本郷ＳＳ,小売業,ガソリンスタンド,2%
山形県,長井市,うめやサンプラザ店,小売業,食料品,5%
山形県,長井市,うめや長井北店,小売業,食料品,5%
山形県,長井市,うめや長井北店,小売業,食料品,5%
山形県,長井市,うめや南店,小売業,食料品,5%
山形県,長井市,エクセル・インＳＳ,小売業,ガソリンスタンド,2%
山形県,長井市,ＳＴＦＡＲＭ,その他業種,ー,5%
山形県,長井市,きくち電器,小売業,電化製品,5%
山形県,長井市,きらく,サービス,飲食業,5%
山形県,長井市,近野デンキ,小売業,電化製品,5%
山形県,長井市,坂野昆布巻屋,その他業種,ー,5%
山形県,長井市,多田石材店,小売業,その他小売,5%
山形県,長井市,セブン－イレブン長井五十川店,小売業,食料品,2%
山形県,長井市,長井営業所,小売業,ガソリンスタンド,2%
山形県,長井市,長井ＳＳ,小売業,ガソリンスタンド,2%
山形県,長井市,長井バイパスＳＳ,小売業,ガソリンスタンド,2%
山形県,長井市,セブン－イレブン長井花作町店,小売業,食料品,2%
山形県,長井市,ナックチェーン,小売業,電化製品,5%
山形県,長井市,ピザテン・フォー 山形長井店 ２,サービス,その他サービス,5%
山形県,長井市,福田屋,小売業,食料品,5%
山形県,長井市,双葉電機商会長井店,小売業,電化製品,5%
山形県,長井市,平和堂薬房,小売業,その他小売,5%
山形県,長井市,ｃａｆｅｄｉｎｉｎｇＳＥＮＮ×タニタカフェ,サービス,飲食業,5%
山形県,長井市,吉田カメラ長井店,小売業,その他小売,5%
山形県,南陽市,赤湯ＳＳ,小売業,ガソリンスタンド,2%
山形県,南陽市,赤湯温泉ＳＳ,小売業,ガソリンスタンド,2%
山形県,南陽市,赤湯セルフサービスステーション,小売業,ガソリンスタンド,2%
山形県,南陽市,出光出光中川ＳＳ,小売業,ガソリンスタンド,2%
山形県,南陽市,うめや南陽店,小売業,食料品,5%
山形県,南陽市,うめや南陽東店,小売業,食料品,5%
山形県,南陽市,ＥｎｅＪｅｔ赤湯ＳＳ,小売業,ガソリンスタンド,2%
山形県,南陽市,オリックスレンタカー赤湯駅北店,サービス,その他サービス,2%
山形県,南陽市,割烹日の出,サービス,飲食業,5%
山形県,南陽市,カフェレスト花 華,サービス,飲食業,5%
山形県,南陽市,木村屋石油,小売業,ガソリンスタンド,2%
山形県,南陽市,響映電化ストアー,小売業,電化製品,5%
山形県,南陽市,櫻湯 山茱萸,サービス,宿泊業,5%
山形県,南陽市,ＴＥＲＲＡＣＥ ＲＵＢＡＮ Ａｋａｙｕ,サービス,飲食業,5%
山形県,南陽市,豆富・おでんダイニングバー伝,サービス,飲食業,5%
山形県,南陽市,東陽電器店,小売業,電化製品,5%
山形県,南陽市,とみひろ赤湯店,小売業,衣料品,5%
山形県,南陽市,トヨタレンタリース山形赤湯駅前店,サービス,その他サービス,2%
山形県,南陽市,セブン－イレブン南陽赤湯店,小売業,食料品,2%
山形県,南陽市,セブン－イレブン南陽蒲生田店,小売業,食料品,2%
山形県,南陽市,セブン－イレブン南陽島貫店,小売業,食料品,2%
山形県,南陽市,南陽店,サービス,理容・美容業,5%
山形県,南陽市,セブン－イレブン南陽長岡店,小売業,食料品,2%
山形県,南陽市,ハートでんき南陽宮内店,小売業,電化製品,5%
山形県,南陽市,パナック ふくち,小売業,電化製品,5%
山形県,南陽市,ゴトウデンキ,小売業,電化製品,5%
山形県,南陽市,ピザテン・フォー 山形南陽店 ２,サービス,その他サービス,5%
山形県,南陽市,松島館,サービス,宿泊業,5%
山形県,南陽市,宮内 ＳＳ,小売業,ガソリンスタンド,2%
山形県,南陽市,山口デンキ,小売業,電化製品,5%
山形県,南陽市,ワタナベ電器,小売業,電化製品,5%
山形県,西川町,株式会社黒坂商店 バイパス給油所,小売業,ガソリンスタンド,2%
山形県,西川町,月山和紙のあかり,その他業種,ー,5%
山形県,西川町,トラヤワイナリー売店,小売業,食料品,5%
山形県,西川町,セブン－イレブン西川町間沢店,小売業,食料品,2%
山形県,西川町,セブン－イレブン西川町睦合店,小売業,食料品,2%
山形県,東根市,Ａｇｕ ｈａｉｒ Ａｇｕ ｈａｉｒ ｃａｌｍ東根,サービス,理容・美容業,5%
山形県,東根市,オーディン東根店,小売業,その他小売,5%
山形県,東根市,おーばんさくらんぼ東根店,小売業,食料品,5%
山形県,東根市,おーばん村山店,小売業,食料品,5%
山形県,東根市,菓子工房ほていや,サービス,飲食業,5%
山形県,東根市,酒＆業務スーパー東根店,小売業,食料品,2%
山形県,東根市,車検 後藤自動車整備工場,サービス,その他サービス,5%
山形県,東根市,車検専門店 ＲＡＫＵＤＡ 東根店,サービス,その他サービス,5%
山形県,東根市,青松館,サービス,宿泊業,5%
山形県,東根市,チェリーメガネ,サービス,その他サービス,5%
山形県,東根市,セブン－イレブン天童バイパス店,小売業,食料品,2%
山形県,東根市,とみひろ東根店,小売業,衣料品,5%
山形県,東根市,トヨタレンタリース山形さくらんぼ東根駅前,サービス,その他サービス,2%
山形県,東根市,トヨタレンタリース山形山形空港カウンター,サービス,その他サービス,2%
山形県,東根市,ＴＲＵＮＫＢＡＳＥ ＴＲＵＮＫＢＡＳＥ,小売業,その他小売,5%
山形県,東根市,肉の土田,小売業,食料品,5%
山形県,東根市,ニュー空港前ＳＳ,小売業,ガソリンスタンド,2%
山形県,東根市,パパ ママ,サービス,飲食業,5%
山形県,東根市,ＢＡＲＢＥＲ ＴＥＴＳＵＹＡ,サービス,理容・美容業,5%
山形県,東根市,東根営業所,小売業,ガソリンスタンド,2%
山形県,東根市,セブン－イレブン東根大森工業団地入口店,小売業,食料品,2%
山形県,東根市,セブン－イレブン東根若木店,小売業,食料品,2%
山形県,東根市,セブン－イレブン東根温泉１丁目店,小売業,食料品,2%
山形県,東根市,セブン－イレブン東根蟹沢店,小売業,食料品,2%
山形県,東根市,セブン－イレブン東根神町中央２丁目店,小売業,食料品,2%
山形県,東根市,セブン－イレブン東根神町西６丁目店,小売業,食料品,2%
山形県,東根市,東根店,サービス,理容・美容業,5%
山形県,東根市,東根ＢＰＳＳ,小売業,ガソリンスタンド,2%
山形県,東根市,プリーズレストイン関山ＳＳ,小売業,ガソリンスタンド,2%
山形県,東根市,ｈａｉｒ ｓｐａｃｅ ＶＯＩＣＥ ＣＲＥＳＣ．,サービス,理容・美容業,5%
山形県,東根市,ボウル モデルノ,サービス,その他サービス,5%
山形県,東根市,マクドナルドイオン東根店,サービス,飲食業,2%
山形県,東根市,港屋電器㈱神町店,小売業,電化製品,5%
山形県,東根市,焼肉萬福,サービス,飲食業,5%
山形県,東根市,山形空港前ＳＳ,小売業,ガソリンスタンド,2%
山形県,東根市,仕出し料理 青野 料理 仕出し 青野,小売業,食料品,5%
山形県,東根市,よし田川別館,サービス,宿泊業,5%
山形県,東根市,読売センター神町 読売センター神町,小売業,その他小売,5%
山形県,舟形町,舟形ＳＳ,小売業,ガソリンスタンド,2%
山形県,真室川町,高橋なか商店,小売業,電化製品,5%
山形県,真室川町,セブン－イレブン真室川新橋店,小売業,食料品,2%
山形県,三川町,マクドナルドイオンモール三川店,サービス,飲食業,2%
山形県,三川町,三川ＳＳ,小売業,ガソリンスタンド,2%
山形県,三川町,セブン－イレブン三川ショッピングセンター店,小売業,食料品,2%
山形県,村山市,板垣無線商会,小売業,電化製品,5%
山形県,村山市,ＵＷＩＬＡ トータルケアハウス ＵＷＩＬＡ ウヴィラ,サービス,その他サービス,5%
山形県,村山市,エスト楯岡,小売業,電化製品,5%
山形県,村山市,お米のめぐみ穂たる,小売業,食料品,5%
山形県,村山市,齊藤勇畳店,サービス,その他サービス,5%
山形県,村山市,楯岡ＳＳ,小売業,ガソリンスタンド,2%
山形県,村山市,トヨタレンタリース山形村山駅西口店,サービス,その他サービス,2%
山形県,村山市,ばいせんはうすＮＩＳＨＩ,小売業,その他小売,5%
山形県,村山市,原田嘉兵衞商店,小売業,食料品,5%
山形県,村山市,富士スポーツ村山店,小売業,その他小売,5%
山形県,村山市,セブン－イレブン村山楯岡中町店,小売業,食料品,2%
山形県,村山市,元木ラジオ店,小売業,電化製品,5%
山形県,最上町,赤倉ＳＳ,小売業,ガソリンスタンド,2%
山形県,最上町,奥山電器店,小売業,電化製品,5%
山形県,最上町,株式会社マルシメ大石,小売業,衣料品,5%
山形県,最上町,キクチテレビ店,小売業,電化製品,5%
山形県,最上町,とまとやよずべぇ,小売業,食料品,5%
山形県,最上町,フジイ株式会社ＳＳ,小売業,ガソリンスタンド,2%
山形県,最上町,丸徳ふるせ本社ＳＳ,小売業,ガソリンスタンド,2%
山形県,最上町,ゆめみの宿観松館,サービス,その他サービス,5%
山形県,最上町,旅館 しゃくなげ荘,サービス,宿泊業,5%
山形県,山形市,アースバレー,サービス,その他サービス,5%
山形県,山形市,アールあさくら,小売業,電化製品,5%
山形県,山形市,青田ＳＳ,小売業,ガソリンスタンド,2%
山形県,山形市,あかねヶ丘競技場前ＳＳ,小売業,ガソリンスタンド,2%
山形県,山形市,Ｄｒ．Ｄｒｉｖｅあかねケ丘店,小売業,ガソリンスタンド,2%
山形県,山形市,Ａｇｕ ｈａｉｒ Ａｇｕ ｈａｉｒ ｄｅｆｉ山形桜田,サービス,理容・美容業,5%
山形県,山形市,Ａｇｕ ｈａｉｒ Ａｇｕ ｈａｉｒ ａｘｉｓ山形,サービス,理容・美容業,5%
山形県,山形市,Ａｇｕ ｈａｉｒ Ａｇｕ ｈａｉｒ ａｘｉｓ 山形,サービス,理容・美容業,5%
山形県,山形市,Ａｇｕ ｈａｉｒ Ａｇｕ ｈａｉｒ ｋａｔｅ山形大野目,サービス,理容・美容業,5%
山形県,山形市,Ａｇｕ ｈａｉｒ Ａｇｕ ｈａｉｒ ｂｌｏｏｍ山形嶋,サービス,理容・美容業,5%
山形県,山形市,浅野商店,小売業,食料品,5%
山形県,山形市,味処 のろ川 味処 のろ川,サービス,飲食業,5%
山形県,山形市,ＡｔｅｌｉｅｒＭｏｍｏ,小売業,その他小売,5%
山形県,山形市,ａｎｏｒｉ,小売業,衣料品,5%
山形県,山形市,炙りと野菜や 亀円七日町店,サービス,飲食業,5%
山形県,山形市,阿部時計店,小売業,貴金属・服飾品,5%
山形県,山形市,ア－ル・なかじま,小売業,電化製品,5%
山形県,山形市,アンドマークカフェ,サービス,飲食業,5%
山形県,山形市,居酒屋 味山海,サービス,飲食業,5%
山形県,山形市,石焼ステーキ贅 山形嶋店,サービス,飲食業,5%
山形県,山形市,イトウ家電,小売業,電化製品,5%
山形県,山形市,糸惣,小売業,衣料品,5%
山形県,山形市,印役ＳＳ 株式会社深瀬商店,小売業,ガソリンスタンド,2%
山形県,山形市,ＷＥＳＴ ＦＩＥＬＤ,小売業,その他小売,5%
山形県,山形市,うるしやまタクシー 本社営業所,サービス,運輸業,5%
山形県,山形市,エスト昭栄中央店,小売業,電化製品,5%
山形県,山形市,ＥｎｅＪｅｔ落合ＳＳ,小売業,ガソリンスタンド,2%
山形県,山形市,ＥｎｅＪｅｔ嶋ＳＳ,小売業,ガソリンスタンド,2%
山形県,山形市,エネルギーハウス５３６ＳＳ,小売業,ガソリンスタンド,2%
山形県,山形市,エルミタージュ山形南店,小売業,その他小売,5%
山形県,山形市,大竹栄電器商会,小売業,電化製品,5%
山形県,山形市,オーデインひのき町店,小売業,その他小売,5%
山形県,山形市,オーディン山形城西店,小売業,その他小売,5%
山形県,山形市,オート・リメッサ,サービス,その他サービス,5%
山形県,山形市,おーばん桜田南店,小売業,食料品,5%
山形県,山形市,おーばん桜田南店,小売業,食料品,5%
山形県,山形市,おーばん山形嶋店,小売業,食料品,5%
山形県,山形市,おーばん山形東店,小売業,食料品,5%
山形県,山形市,置賜倶楽部,サービス,飲食業,5%
山形県,山形市,お宝中古市場 山形南店,小売業,その他小売,5%
山形県,山形市,落合スポーツセンター前ＳＳ,小売業,ガソリンスタンド,2%
山形県,山形市,おみやげ処 あがらっしゃい,小売業,食料品,5%
山形県,山形市,オリックスレンタカー山形松山店,サービス,その他サービス,2%
山形県,山形市,温野菜山形駅前店,サービス,飲食業,2%
山形県,山形市,温野菜山形嶋店,サービス,飲食業,2%
山形県,山形市,鏡どうぶつ病院,サービス,その他サービス,5%
山形県,山形市,篭田ＳＳ,小売業,ガソリンスタンド,2%
山形県,山形市,菓子工房このは,小売業,食料品,5%
山形県,山形市,ＫＡＺＵ,サービス,飲食業,5%
山形県,山形市,カスカワスポーツ カスカワゴルフショップ,小売業,その他小売,5%
山形県,山形市,カスカワスポーツ カスカワ蔵王レストハウス,小売業,その他小売,5%
山形県,山形市,カスカワスポーツ 本店,小売業,その他小売,5%
山形県,山形市,カスカワスポーツ,小売業,その他小売,5%
山形県,山形市,加藤自動車,サービス,その他サービス,5%
山形県,山形市,カバンのにっしん,小売業,その他小売,5%
山形県,山形市,株式会社Ｗｉｎｇ,サービス,その他サービス,5%
山形県,山形市,株式会社かじ動物病院,サービス,その他サービス,5%
山形県,山形市,株式会社カワタ,サービス,その他サービス,5%
山形県,山形市,カレーＣｏＣｏ壱番屋山形西バイパス店,サービス,飲食業,2%
山形県,山形市,キャピックヤマガタ１,その他業種,ー,5%
山形県,山形市,キャピックヤマガタ２,その他業種,ー,5%
山形県,山形市,牛角山形桜田店,サービス,飲食業,2%
山形県,山形市,牛角山形東原店,サービス,飲食業,2%
山形県,山形市,京都鉄板焼 よしちゃん,サービス,飲食業,5%
山形県,山形市,Ｄｒ．Ｄｒｉｖｅ 清住店,小売業,ガソリンスタンド,2%
山形県,山形市,清住セルフ灯油ＳＳ,小売業,ガソリンスタンド,2%
山形県,山形市,ｋｉｎｇｋｏｎｇ,サービス,飲食業,5%
山形県,山形市,きんらんどんす,小売業,衣料品,5%
山形県,山形市,Ｃｏｏ＆ＲＩＫＵ山形店,小売業,その他小売,5%
山形県,山形市,出光グッとセルフ江俣ＳＳ,小売業,ガソリンスタンド,2%
山形県,山形市,クマガイジテンシャ,小売業,その他小売,5%
山形県,山形市,ＣＬＯＵＤ１９,サービス,飲食業,5%
山形県,山形市,クリエ・アベ アズ七日町店,小売業,貴金属・服飾品,5%
山形県,山形市,合同会社クリエーションイマジン,サービス,その他サービス,5%
山形県,山形市,黒木タクシー,サービス,運輸業,5%
山形県,山形市,県庁前ＳＳ,小売業,ガソリンスタンド,2%
山形県,山形市,県庁前ＳＳ,小売業,ガソリンスタンド,2%
山形県,山形市,（個人）小林タクシー,サービス,運輸業,5%
山形県,山形市,近藤乗物 ＴＡＫＡＤＡＴＥ ＢＡＳＥ,小売業,その他小売,5%
山形県,山形市,ＡＥ株式会社斎藤商店,小売業,その他小売,5%
山形県,山形市,Ｄｒ．Ｄｒｉｖｅ蔵王店,小売業,ガソリンスタンド,2%
山形県,山形市,セブン－イレブン蔵王みはらしの丘店,小売業,食料品,2%
山形県,山形市,蔵王みはらしの丘前ＳＳ,小売業,ガソリンスタンド,2%
山形県,山形市,蔵王銘品館能登屋,小売業,その他小売,5%
山形県,山形市,酒場亀円 山形駅前店,サービス,飲食業,5%
山形県,山形市,サガワデンキ,小売業,電化製品,5%
山形県,山形市,酒のソクハイ山形香澄町店,小売業,その他小売,5%
山形県,山形市,茶琉,小売業,食料品,5%
山形県,山形市,Ｓａｌｏｎ ｄｅ ｒｅｐｏｓｅｒ,サービス,その他サービス,5%
山形県,山形市,ＳＡＮＧＯＲＯ,サービス,宿泊業,5%
山形県,山形市,サンセルマン,小売業,その他小売,5%
山形県,山形市,Ｓｕｎｆｒｉｅｎｄｓ,サービス,その他サービス,5%
山形県,山形市,さんろくまる,サービス,飲食業,5%
山形県,山形市,サンワワールド,小売業,貴金属・服飾品,5%
山形県,山形市,シーガル桜田店,小売業,書籍・玩具・音楽ＣＤ,5%
山形県,山形市,シーガル十日町店,小売業,書籍・玩具・音楽ＣＤ,5%
山形県,山形市,ＳＥＥ?ＴＨｒｏｕｇｈ,小売業,衣料品,5%
山形県,山形市,シーガル 桜田店,小売業,書籍・玩具・音楽ＣＤ,5%
山形県,山形市,シーガル 十日町店,小売業,書籍・玩具・音楽ＣＤ,5%
山形県,山形市,シーガル 十日町店,小売業,書籍・玩具・音楽ＣＤ,5%
山形県,山形市,シダ家電販売,小売業,電化製品,5%
山形県,山形市,至福の楽園 和楽山形店,サービス,飲食業,5%
山形県,山形市,渋谷税務会計事務所,サービス,その他サービス,5%
山形県,山形市,嶋店,サービス,理容・美容業,5%
山形県,山形市,車検専門店 ＲＡＫＵＤＡ 山形店,サービス,その他サービス,5%
山形県,山形市,ジャパンキネシオ・カイロプラクティック研究所,サービス,理容・美容業,5%
山形県,山形市,シャレニー山形南店,小売業,その他小売,5%
山形県,山形市,ＪＵＫＥ 山形北店,小売業,衣料品,5%
山形県,山形市,城西ＳＳ,小売業,ガソリンスタンド,2%
山形県,山形市,新日本補聴器センター山形店,小売業,その他小売,5%
山形県,山形市,寿司割烹 三桝 寿司割烹 三桝,サービス,飲食業,5%
山形県,山形市,鈴川イトウ電器,小売業,電化製品,5%
山形県,山形市,鈴木電気,小売業,電化製品,5%
山形県,山形市,ＳＵＺＵＴＡＮ山形店,小売業,衣料品,5%
山形県,山形市,スタジオフェリーク山形店,サービス,その他サービス,5%
山形県,山形市,ステーキ アロワイヨー,サービス,飲食業,5%
山形県,山形市,炭火焼 干物居酒屋 やまぎし,サービス,飲食業,5%
山形県,山形市,仙臺ホルモン牛タン焼肉 べろきん,サービス,飲食業,5%
山形県,山形市,漕快亭,サービス,その他サービス,5%
山形県,山形市,しおんの丘,サービス,理容・美容業,5%
山形県,山形市,タイヤ＆ホイールショップコンノ,小売業,その他小売,5%
山形県,山形市,高橋たばこ店,小売業,その他小売,5%
山形県,山形市,タカミヤヴィレッジ ホテル樹林,サービス,宿泊業,5%
山形県,山形市,たかみや瑠璃倶楽リゾート,サービス,宿泊業,5%
山形県,山形市,立谷川工業団地前ＳＳ,小売業,ガソリンスタンド,2%
山形県,山形市,Ｄｒ．Ｄｒｉｖｅ立谷川店,小売業,ガソリンスタンド,2%
山形県,山形市,脱毛 美肌サロンＢｅｎｅＬｕｃｅ ＢｅｎｅＬｕｃｅ,小売業,その他小売,5%
山形県,山形市,厨房はる禅,サービス,飲食業,5%
山形県,山形市,石蕗の舎,サービス,飲食業,5%
山形県,山形市,庭園喫茶錦,サービス,飲食業,5%
山形県,山形市,てらむら動物病院,サービス,その他サービス,5%
山形県,山形市,デンキのイトウ,小売業,電化製品,5%
山形県,山形市,でんきハウスコスモス,小売業,電化製品,5%
山形県,山形市,東北電化機器販売,小売業,電化製品,5%
山形県,山形市,独選炭火焼肉 ひとりじめ,サービス,飲食業,5%
山形県,山形市,土間土間山形店,サービス,飲食業,2%
山形県,山形市,富岡本店,小売業,その他小売,5%
山形県,山形市,富岡本店,小売業,その他小売,5%
山形県,山形市,トミコー,その他業種,ー,5%
山形県,山形市,とみひろ庭多泉店,小売業,衣料品,5%
山形県,山形市,トヨタレンタリース山形 鉄砲町店,サービス,その他サービス,2%
山形県,山形市,トヨタレンタリース山形 山形駅西口店,サービス,その他サービス,2%
山形県,山形市,トヨタレンタリース山形北山形駅前店,サービス,その他サービス,2%
山形県,山形市,トヨタレンタリース山形山形駅前店,サービス,その他サービス,2%
山形県,山形市,ナカムラ電器,小売業,電化製品,5%
山形県,山形市,ナショナル電化ストア,小売業,電化製品,5%
山形県,山形市,ＮＡＮＡ Ｓｔａｒｒｉｎｇ,サービス,飲食業,5%
山形県,山形市,成沢店,サービス,理容・美容業,5%
山形県,山形市,南栄町ＳＳ,小売業,ガソリンスタンド,2%
山形県,山形市,ｎｉｃｏｓｈａｌｏｎ,サービス,その他サービス,5%
山形県,山形市,日東産業,サービス,その他サービス,5%
山形県,山形市,にわーる,小売業,総合（非専門）,5%
山形県,山形市,ネイル アイラッシュサロン ブレス エスパル山形本店,サービス,理容・美容業,5%
山形県,山形市,ＮＥＣＫ ＤＯＷＮ,小売業,衣料品,5%
山形県,山形市,ネムール,その他業種,ー,5%
山形県,山形市,バイクショップウインディ,小売業,その他小売,5%
山形県,山形市,ｈａｃｏ,サービス,理容・美容業,5%
山形県,山形市,八文字屋 ＵＮＯ,小売業,書籍・玩具・音楽ＣＤ,5%
山形県,山形市,八文字屋 ＰＯＯＬ,小売業,書籍・玩具・音楽ＣＤ,5%
山形県,山形市,八文字屋 本店,小売業,書籍・玩具・音楽ＣＤ,5%
山形県,山形市,八文字屋 本店 ３,小売業,書籍・玩具・音楽ＣＤ,5%
山形県,山形市,八文字屋 本店 ２,小売業,書籍・玩具・音楽ＣＤ,5%
山形県,山形市,八文字屋 ＭＵＳＩＣ,小売業,書籍・玩具・音楽ＣＤ,5%
山形県,山形市,ＢｅｅｒＳｔｏｒａｇｅ,サービス,飲食業,5%
山形県,山形市,ＢＭＯ山形店,小売業,衣料品,5%
山形県,山形市,Ｂｉｑｕｅｔｔｅ ｈａｉｒ,サービス,理容・美容業,5%
山形県,山形市,美酒佳肴はしもと,サービス,飲食業,5%
山形県,山形市,ヤマリョービッグウイング前セルフＳＳ,小売業,ガソリンスタンド,2%
山形県,山形市,Ｄｒ．Ｄｒｉｖｅビッグウイング前店,小売業,ガソリンスタンド,2%
山形県,山形市,美・ＭＥＧＡＭＩ,サービス,理容・美容業,5%
山形県,山形市,美容室青い鳥,サービス,理容・美容業,5%
山形県,山形市,美容室青い鳥,サービス,理容・美容業,5%
山形県,山形市,ファーストイン青田 ＳＳ,小売業,ガソリンスタンド,2%
山形県,山形市,ＰｈｏｔｏＳｔｕｄｉｏいのせんと,サービス,その他サービス,5%
山形県,山形市,深町ＳＳ,小売業,ガソリンスタンド,2%
山形県,山形市,服地の店 ＴＡＫＥＤＡ,小売業,衣料品,5%
山形県,山形市,Ｆｌｙｉｎｇ Ｂｅａｔｓ．ｉｎｃ,小売業,衣料品,5%
山形県,山形市,ＢＬＵＥ ＭＡＲＫＥＴ 本店,サービス,飲食業,5%
山形県,山形市,ふれ愛ダイニング ＫＡＮＯＹＡ,サービス,飲食業,5%
山形県,山形市,ＨＡＩＲ ＡＳＨ,サービス,理容・美容業,5%
山形県,山形市,ＨＡＩＲＣＵＢＥＺＯＵ,サービス,理容・美容業,5%
山形県,山形市,ヘアーサロンマーセル,サービス,理容・美容業,5%
山形県,山形市,ヘアプロデュース マーム,サービス,理容・美容業,5%
山形県,山形市,ｈａｉｒ＆ｍａｋｅＢｌｏｏｍ,サービス,理容・美容業,5%
山形県,山形市,ＢｅｎｅＬｕｃｅ,サービス,理容・美容業,5%
山形県,山形市,ｂａｂｙ ｓｋｉｎ（ベビースキン）,小売業,その他小売,5%
山形県,山形市,ペンションぷうたろう,サービス,宿泊業,5%
山形県,山形市,ボードゲームカフェＡｓｏｂｂｅ,サービス,飲食業,5%
山形県,山形市,ｈｏｍｅ,サービス,理容・美容業,5%
山形県,山形市,ｈｏｍｅ,サービス,理容・美容業,5%
山形県,山形市,ｂｏｃｃａ,サービス,理容・美容業,5%
山形県,山形市,ホテル 喜らく／Ｊ＆Ｊギフト,その他業種,ー,5%
山形県,山形市,ホテル ルーセントタカミヤ,サービス,宿泊業,5%
山形県,山形市,ホテルキャッスル,サービス,宿泊業,5%
山形県,山形市,ホテルさくらんぼ,サービス,宿泊業,5%
山形県,山形市,ホテルハモンドたかみや,サービス,宿泊業,5%
山形県,山形市,ポリシーミックス,サービス,理容・美容業,5%
山形県,山形市,ホルモン居酒屋 てんま分店,サービス,飲食業,5%
山形県,山形市,マートふなこし,小売業,総合（非専門）,5%
山形県,山形市,マクドナルドイオンモール山形南店,サービス,飲食業,2%
山形県,山形市,マクドナルドイオン山形北店,サービス,飲食業,2%
山形県,山形市,マクドナルド成沢ヨークベニマル店,サービス,飲食業,2%
山形県,山形市,マクドナルド２８６山形鉄砲町店,サービス,飲食業,2%
山形県,山形市,マクドナルド山形やよい町店,サービス,飲食業,2%
山形県,山形市,マタタビｃａｆｅ,サービス,飲食業,5%
山形県,山形市,松見町 事務所,小売業,ガソリンスタンド,2%
山形県,山形市,Ｄｒ．Ｄｒｉｖｅ松見町店,小売業,ガソリンスタンド,2%
山形県,山形市,まるわ商店,小売業,総合（非専門）,5%
山形県,山形市,ミカズキ,サービス,その他サービス,5%
山形県,山形市,三澤商事株式会社,小売業,家具・調度品,5%
山形県,山形市,ミスターかかし,サービス,飲食業,5%
山形県,山形市,ヤマリョー松見町セルフＳＳ,小売業,ガソリンスタンド,2%
山形県,山形市,南舘店,サービス,理容・美容業,5%
山形県,山形市,南原ペットクリニック,サービス,その他サービス,5%
山形県,山形市,南山形 ＳＳ,小売業,ガソリンスタンド,2%
山形県,山形市,峯田電器あかねケ丘店,小売業,電化製品,5%
山形県,山形市,深山荘 高見屋,サービス,宿泊業,5%
山形県,山形市,ムナカタタクシー（個人）,サービス,運輸業,5%
山形県,山形市,名湯舎 創,サービス,宿泊業,5%
山形県,山形市,メヒコ山形フラミンゴ館,サービス,飲食業,5%
山形県,山形市,Ｍｏｉｓｔｅａｎｅ Ｓａｌｏｎ Ｌｕｐｉｎｕｓ,小売業,その他小売,5%
山形県,山形市,ももちゃんクリーニング 上町店,サービス,その他サービス,5%
山形県,山形市,やきとり武蔵屋 やきとり武藏屋,小売業,食料品,5%
山形県,山形市,焼肉 千代田,サービス,飲食業,5%
山形県,山形市,焼肉酒場匡泉,サービス,飲食業,5%
山形県,山形市,焼き肉家檜,サービス,飲食業,5%
山形県,山形市,焼き肉家 檜,サービス,飲食業,5%
山形県,山形市,山形アルミサッシ工業株式会社,サービス,その他サービス,5%
山形県,山形市,セブン－イレブン山形飯田５丁目店,小売業,食料品,2%
山形県,山形市,セブン－イレブン山形飯塚店,小売業,食料品,2%
山形県,山形市,セブン－イレブン山形漆山バイパス店,小売業,食料品,2%
山形県,山形市,セブン－イレブン山形駅西口店,小売業,食料品,2%
山形県,山形市,山形駅前ＳＳ,小売業,ガソリンスタンド,2%
山形県,山形市,山形駅前ＳＳ,小売業,ガソリンスタンド,2%
山形県,山形市,セブン－イレブン山形表蔵王店,小売業,食料品,2%
山形県,山形市,セブン－イレブン山形篭田３丁目店,小売業,食料品,2%
山形県,山形市,セブン－イレブン山形香澄町２丁目店,小売業,食料品,2%
山形県,山形市,山形北ＢＰＳＳ,小売業,ガソリンスタンド,2%
山形県,山形市,セブン－イレブン山形北町２丁目店,小売業,食料品,2%
山形県,山形市,山形牛ステーキ 焼肉かかし,サービス,飲食業,5%
山形県,山形市,セブン－イレブン山形清住町３丁目店,小売業,食料品,2%
山形県,山形市,セブン－イレブン山形久保田３丁目店,小売業,食料品,2%
山形県,山形市,セブン－イレブン山形江南２丁目店,小売業,食料品,2%
山形県,山形市,セブン－イレブン山形小白川町４丁目店,小売業,食料品,2%
山形県,山形市,セブン－イレブン山形済生病院前店,小売業,食料品,2%
山形県,山形市,セブン－イレブン山形蔵王インター店,小売業,食料品,2%
山形県,山形市,セブン－イレブン山形桜田西４丁目店,小売業,食料品,2%
山形県,山形市,セブン－イレブン山形嶋店,小売業,食料品,2%
山形県,山形市,セブン－イレブン山形城西町２丁目店,小売業,食料品,2%
山形県,山形市,セブン－イレブン山形陣場１丁目店,小売業,食料品,2%
山形県,山形市,セブン－イレブン山形鈴川３丁目店,小売業,食料品,2%
山形県,山形市,セブン－イレブン山形諏訪町１丁目店,小売業,食料品,2%
山形県,山形市,山形千手堂ＳＳ,小売業,ガソリンスタンド,2%
山形県,山形市,セブン－イレブン山形高堂２丁目店,小売業,食料品,2%
山形県,山形市,Ｄｒ．Ｄｒｉｖｅ山形十日町店,小売業,ガソリンスタンド,2%
山形県,山形市,セブン－イレブン山形富の中店,小売業,食料品,2%
山形県,山形市,セブン－イレブン山形鳥居ケ丘店,小売業,食料品,2%
山形県,山形市,セブン－イレブン山形南栄町２丁目店,小売業,食料品,2%
山形県,山形市,山形西ＢＰＳＳ,小売業,ガソリンスタンド,2%
山形県,山形市,山形ＯＤ,小売業,ガソリンスタンド,2%
山形県,山形市,山形ＢＰＳＳ,小売業,ガソリンスタンド,2%
山形県,山形市,山形バイパス漆山ＳＳ,小売業,ガソリンスタンド,2%
山形県,山形市,セブン－イレブン山形花楯２丁目店,小売業,食料品,2%
山形県,山形市,セブン－イレブン山形東青田２丁目店,小売業,食料品,2%
山形県,山形市,山形ビデオサービス,サービス,その他サービス,5%
山形県,山形市,セブン－イレブン山形桧町１丁目店,小売業,食料品,2%
山形県,山形市,セブン－イレブン山形松栄１丁目店,小売業,食料品,2%
山形県,山形市,セブン－イレブン山形緑町３丁目店,小売業,食料品,2%
山形県,山形市,山形南ＳＳ,小売業,ガソリンスタンド,2%
山形県,山形市,セブン－イレブン山形南一番町店,小売業,食料品,2%
山形県,山形市,セブン－イレブン山形南館３丁目店,小売業,食料品,2%
山形県,山形市,山形南ＢＰＳＳ,小売業,ガソリンスタンド,2%
山形県,山形市,セブン－イレブン山形南原町１丁目店,小売業,食料品,2%
山形県,山形市,セブン－イレブン山形南原町３丁目店,小売業,食料品,2%
山形県,山形市,山形宮町ＳＳ,小売業,ガソリンスタンド,2%
山形県,山形市,セブン－イレブン山形宮町２丁目店,小売業,食料品,2%
山形県,山形市,セブン－イレブン山形流通センター２丁目店,小売業,食料品,2%
山形県,山形市,山寺焼 ながせ陶房,小売業,その他小売,5%
山形県,山形市,ヤマデンチェーン,小売業,電化製品,5%
山形県,山形市,有限会社 大黒屋商店,小売業,その他小売,5%
山形県,山形市,有限会社オーリーグラシス,小売業,その他小売,5%
山形県,山形市,ｕｓｅｄ ＣＤ ｒｅｃｏｒｄ ｃａｆｅ ＲＡＦ?ＲＥＣ,小売業,書籍・玩具・音楽ＣＤ,5%
山形県,山形市,ユニファ美容室,サービス,理容・美容業,5%
山形県,山形市,湯の花茶屋 新左衛門の湯,サービス,その他サービス,5%
山形県,山形市,恵埜画廊,小売業,その他小売,5%
山形県,山形市,米沢牛の案山子,サービス,飲食業,5%
山形県,山形市,ＬａｎｔｅｒｎａＲｏｓｓａ,サービス,飲食業,5%
山形県,山形市,ｒｉｃｃｏ,サービス,理容・美容業,5%
山形県,山形市,リフレックス,サービス,その他サービス,5%
山形県,山形市,リフレックス リフレックス,サービス,その他サービス,5%
山形県,山形市,理容さかえ,サービス,理容・美容業,5%
山形県,山形市,リラクゼーションサロンナチュラルケア,サービス,理容・美容業,5%
山形県,山形市,ｒｅｃｏ,サービス,理容・美容業,5%
山形県,山形市,ろうまん亭,小売業,衣料品,5%
山形県,山形市,ロッジイザワ,サービス,宿泊業,5%
山形県,山形市,和田電器,小売業,電化製品,5%
山形県,山形市,ワタナベ自動車工業,その他業種,ー,5%
山形県,山辺町,石山ボディオートメディカルセンター,サービス,その他サービス,5%
山形県,山辺町,おーばん山辺店,小売業,食料品,5%
山形県,山辺町,カーケアショップＮＡＢＥＹＡＳＳ,小売業,ガソリンスタンド,2%
山形県,山辺町,鈴木動物病院,サービス,その他サービス,5%
山形県,山辺町,ニュ－山辺ＳＳ,小売業,ガソリンスタンド,2%
山形県,山辺町,峯田電器,小売業,電化製品,5%
山形県,山辺町,山辺 ＳＳ,小売業,ガソリンスタンド,2%
山形県,遊佐町,庄内米産直店 土門商店 庄内米産直店 土門商店,小売業,食料品,5%
山形県,遊佐町,出光比子ＳＳ,小売業,ガソリンスタンド,2%
山形県,遊佐町,出光ほっとセルフエルパ遊佐ＳＳ,小売業,ガソリンスタンド,2%
山形県,遊佐町,みどり電化チェーン 富岡佐々木店,小売業,電化製品,5%
山形県,遊佐町,出光遊来夢西浜ＳＳ,小売業,ガソリンスタンド,2%
山形県,米沢市,あい電 月岡店,小売業,電化製品,5%
山形県,米沢市,ｉＰｈｏｎｅ－Ｖｅｎｄｅｒ,小売業,電化製品,5%
山形県,米沢市,Ａｇｕ ｈａｉｒ Ａｇｕ ｈａｉｒ ｊｉｎｅｓ米沢金池,サービス,理容・美容業,5%
山形県,米沢市,旭屋旅館,サービス,宿泊業,5%
山形県,米沢市,雅凛,サービス,その他サービス,5%
山形県,米沢市,粟野商事株式会社,小売業,衣料品,5%
山形県,米沢市,和泉屋,小売業,その他小売,5%
山形県,米沢市,イタガキ 本社,小売業,ガソリンスタンド,2%
山形県,米沢市,いちや酒店,小売業,その他小売,5%
山形県,米沢市,井上自動車 株式会社 井上自動車,サービス,その他サービス,5%
山形県,米沢市,いのうえ食品（本店）,小売業,総合（非専門）,5%
山形県,米沢市,茨城屋茶店,小売業,食料品,5%
山形県,米沢市,いわさき 上杉神社前本店,小売業,その他小売,5%
山形県,米沢市,エステ ネイルミレイ,サービス,理容・美容業,5%
山形県,米沢市,エステ＆ネイルＭｉｒｅｉ,サービス,理容・美容業,5%
山形県,米沢市,ＥｎｅＪｅｔ米沢ＳＳ,小売業,ガソリンスタンド,2%
山形県,米沢市,エルム・アベ,小売業,電化製品,5%
山形県,米沢市,徳重電器,小売業,電化製品,5%
山形県,米沢市,沖正宗ブティック,小売業,食料品,5%
山形県,米沢市,小野川温泉河鹿荘,サービス,宿泊業,5%
山形県,米沢市,小野川温泉名湯の宿吾妻荘,サービス,その他サービス,5%
山形県,米沢市,オリックスレンタカー米沢金池店,サービス,その他サービス,2%
山形県,米沢市,カジュアル味処どりーむ,サービス,飲食業,5%
山形県,米沢市,上新田ＳＳ,小売業,ガソリンスタンド,2%
山形県,米沢市,雅凛,サービス,理容・美容業,5%
山形県,米沢市,神林ふとん店,小売業,家具・調度品,5%
山形県,米沢市,牛角ヨネザワ金池店,サービス,飲食業,2%
山形県,米沢市,コスモ成島ＳＳ,小売業,ガソリンスタンド,2%
山形県,米沢市,粉名屋小太郎,サービス,飲食業,5%
山形県,米沢市,サイクルプラザ セイリン,小売業,その他小売,5%
山形県,米沢市,サカヰ写真館,サービス,その他サービス,5%
山形県,米沢市,ＺＩＥＡＬ,小売業,その他小売,5%
山形県,米沢市,シーガル米沢店,小売業,書籍・玩具・音楽ＣＤ,5%
山形県,米沢市,シーガル 米沢店,小売業,書籍・玩具・音楽ＣＤ,5%
山形県,米沢市,白布ＳＳ,小売業,ガソリンスタンド,2%
山形県,米沢市,新高湯温泉 吾妻屋旅館,サービス,宿泊業,5%
山形県,米沢市,杉の目町ＳＳ,小売業,ガソリンスタンド,2%
山形県,米沢市,セルフユニコーン米沢バイパス,小売業,ガソリンスタンド,2%
山形県,米沢市,ソエカワ電器,小売業,電化製品,5%
山形県,米沢市,タネのモリタ,小売業,その他小売,5%
山形県,米沢市,太兵衛のこぎり 太兵衛のこぎり,小売業,その他小売,5%
山形県,米沢市,たまや電器,小売業,電化製品,5%
山形県,米沢市,Ｄａｉｚｙ ｃａｆｅ,サービス,飲食業,5%
山形県,米沢市,ディスカウントショップエビスヤ,小売業,その他小売,5%
山形県,米沢市,通町吾妻ＳＳ,小売業,ガソリンスタンド,2%
山形県,米沢市,Ｄｒ．Ｄｒｉｖｅ八幡原店,小売業,ガソリンスタンド,2%
山形県,米沢市,Ｄｒ．Ｄｒｉｖｅ花沢大橋店,小売業,ガソリンスタンド,2%
山形県,米沢市,Ｄｒ．Ｄｒｉｖｅ米沢西店,小売業,ガソリンスタンド,2%
山形県,米沢市,トヨタレンタリース山形米沢駅前店,サービス,その他サービス,2%
山形県,米沢市,（有）永井屋菓子店,小売業,食料品,5%
山形県,米沢市,南部電気商会,小売業,電化製品,5%
山形県,米沢市,肉のさかの,小売業,食料品,5%
山形県,米沢市,（株）新田,小売業,衣料品,5%
山形県,米沢市,新田家具店,小売業,家具・調度品,5%
山形県,米沢市,長谷川電器,小売業,電化製品,5%
山形県,米沢市,Ｄｒ．Ｄｒｉｖｅ花沢Ｒ１３店,小売業,ガソリンスタンド,2%
山形県,米沢市,花沢セルフＳＳ,小売業,ガソリンスタンド,2%
山形県,米沢市,パナツク スズキ,小売業,電化製品,5%
山形県,米沢市,パナックエヌ・エス,小売業,電化製品,5%
山形県,米沢市,万世ＳＳ,小売業,ガソリンスタンド,2%
山形県,米沢市,きもの美翔,小売業,衣料品,5%
山形県,米沢市,日の出電器店,小売業,電化製品,5%
山形県,米沢市,Ｂｌｕｎｃｈ,サービス,飲食業,5%
山形県,米沢市,ブルーノート,サービス,飲食業,5%
山形県,米沢市,フロリコル,小売業,その他小売,5%
山形県,米沢市,ヘアーワークスちぐさ,サービス,理容・美容業,5%
山形県,米沢市,ＨＡＩＲＬＡＢＯＲＡＤＩＴＥ,サービス,理容・美容業,5%
山形県,米沢市,別邸 山の季,サービス,宿泊業,5%
山形県,米沢市,ペンション アミティエ,サービス,宿泊業,5%
山形県,米沢市,ホテルつたや,サービス,宿泊業,5%
山形県,米沢市,ホテルベネックス,サービス,宿泊業,5%
山形県,米沢市,本社営業所,小売業,ガソリンスタンド,2%
山形県,米沢市,マクドナルド米沢店,サービス,飲食業,2%
山形県,米沢市,マクドナルド米沢ヨークベニマル店,サービス,飲食業,2%
山形県,米沢市,マルタキ電機商会,小売業,電化製品,5%
山形県,米沢市,三菱商事エネルギー 置賜ツバメ石油株式会社 スーパーセルフ米沢ＳＳ,小売業,ガソリンスタンド,2%
山形県,米沢市,門東町ＳＳ,小売業,ガソリンスタンド,2%
山形県,米沢市,山川屋商店,小売業,食料品,5%
山形県,米沢市,有限会社サワネ自動車,サービス,その他サービス,5%
山形県,米沢市,有限会社山木鈴木商店,その他業種,ー,5%
山形県,米沢市,ユニコーン金池ＳＳ,小売業,ガソリンスタンド,2%
山形県,米沢市,セブン－イレブン米沢春日３丁目店,小売業,食料品,2%
山形県,米沢市,米沢春日店,サービス,理容・美容業,5%
山形県,米沢市,米沢金池ＳＳ,小売業,ガソリンスタンド,2%
山形県,米沢市,米澤紀伊國屋,小売業,食料品,5%
山形県,米沢市,米沢牛炭火焼肉上杉,サービス,飲食業,5%
山形県,米沢市,米沢牛炭火焼肉さか野,サービス,飲食業,5%
山形県,米沢市,セブン－イレブン米沢城西３丁目店,小売業,食料品,2%
山形県,米沢市,セブン－イレブン米沢城北１丁目店,小売業,食料品,2%
山形県,米沢市,セブン－イレブン米沢杉の目町店,小売業,食料品,2%
山形県,米沢市,米沢中央ＳＳ,小売業,ガソリンスタンド,2%
山形県,米沢市,米沢ボウリングレーンズ,サービス,その他サービス,5%
山形県,米沢市,米沢丸の内ＳＳ,小売業,ガソリンスタンド,2%
