岐阜県,安八町,セブン－イレブン安八町南今ヶ渕店,小売業,食料品,2%
岐阜県,安八町,飯沼美容室,サービス,理容・美容業,5%
岐阜県,安八町,出光セルフ墨俣ＳＳ,小売業,ガソリンスタンド,2%
岐阜県,安八町,フジワ・カーサービス,サービス,その他サービス,5%
岐阜県,池田町,伊吹堂 伊吹堂,小売業,食料品,5%
岐阜県,池田町,今利屋呉服店,小売業,衣料品,5%
岐阜県,池田町,宇宙食堂 Ｄ ｓ Ｋｉｔｃｈｅｎ,サービス,飲食業,5%
岐阜県,池田町,８４６（エイトハンドレットフォーティーシックス）,サービス,理容・美容業,5%
岐阜県,池田町,株式会社 オートサービス丸進 本社,サービス,その他サービス,5%
岐阜県,池田町,髪空館,サービス,理容・美容業,5%
岐阜県,池田町,セブン－イレブン岐阜池田町本郷店,小売業,食料品,2%
岐阜県,池田町,サンローヤル,サービス,飲食業,5%
岐阜県,池田町,四季旬彩 ニュー池田,サービス,飲食業,5%
岐阜県,池田町,十割月山そば さらい,サービス,飲食業,5%
岐阜県,池田町,高田印刷有限会社,小売業,その他小売,5%
岐阜県,池田町,ＤＰ池田,サービス,理容・美容業,5%
岐阜県,池田町,電化センター ニシカワ,小売業,電化製品,5%
岐阜県,池田町,野村電化センター,小売業,電化製品,5%
岐阜県,池田町,野村動物病院,サービス,その他サービス,5%
岐阜県,池田町,ＨＯＫＫＯＲＩ,サービス,理容・美容業,5%
岐阜県,池田町,マルヒチ マルヒチ,小売業,その他小売,5%
岐阜県,池田町,メガネサプリ細野,小売業,その他小売,5%
岐阜県,池田町,ヤナセ薬局,小売業,その他小売,5%
岐阜県,池田町,ユーピット池田,小売業,ガソリンスタンド,2%
岐阜県,揖斐川町,麻処さあさ,小売業,衣料品,5%
岐阜県,揖斐川町,出光揖斐国道ＳＳ,小売業,ガソリンスタンド,2%
岐阜県,揖斐川町,揖斐川庭石センター,その他業種,ー,5%
岐阜県,揖斐川町,いび茶の里,小売業,食料品,5%
岐阜県,揖斐川町,ウインドヤマグチ,小売業,電化製品,5%
岐阜県,揖斐川町,春日乃売茶翁,小売業,食料品,5%
岐阜県,揖斐川町,昭和町ＳＳ,小売業,ガソリンスタンド,2%
岐阜県,揖斐川町,電パーク ヒラツカ,小売業,電化製品,5%
岐阜県,揖斐川町,セブン－イレブン本巣文殊店,小売業,食料品,2%
岐阜県,揖斐川町,有限会社 イマイ,小売業,電化製品,5%
岐阜県,揖斐川町,るなてーぶる島本屋 和 飲 蔵 るなてーぶる島本屋 和 飲 蔵 ルナテーブルシマモトヤ ワイングラ,小売業,その他小売,5%
岐阜県,恵那市,あきん亭恵那店 あきん亭恵那店,サービス,飲食業,5%
岐阜県,恵那市,明智ＳＳ,小売業,ガソリンスタンド,2%
岐阜県,恵那市,明智ＳＳ,小売業,ガソリンスタンド,2%
岐阜県,恵那市,アッツダイニング,サービス,飲食業,5%
岐阜県,恵那市,あんしんホームガス株式会社 あんしんホームガス,その他業種,ー,5%
岐阜県,恵那市,出光明智ＳＳ,小売業,ガソリンスタンド,2%
岐阜県,恵那市,出光飯羽間ＳＳ,小売業,ガソリンスタンド,2%
岐阜県,恵那市,出光恵那ＳＳ,小売業,ガソリンスタンド,2%
岐阜県,恵那市,出光セルフ恵那中央ＳＳ,小売業,ガソリンスタンド,2%
岐阜県,恵那市,出光武並ＳＳ,小売業,ガソリンスタンド,2%
岐阜県,恵那市,出光中野方西ＳＳ,小売業,ガソリンスタンド,2%
岐阜県,恵那市,出光山岡ＳＳ,小売業,ガソリンスタンド,2%
岐阜県,恵那市,岩村山荘,サービス,宿泊業,5%
岐阜県,恵那市,岩村バイパスＳＳ,小売業,ガソリンスタンド,2%
岐阜県,恵那市,恵那ＳＳ,小売業,ガソリンスタンド,2%
岐阜県,恵那市,恵那ＳＳ,小売業,ガソリンスタンド,2%
岐阜県,恵那市,セブン－イレブン恵那峡店,小売業,食料品,2%
岐阜県,恵那市,恵那寿や 観音寺店,小売業,食料品,5%
岐阜県,恵那市,恵那ダイハツ本社,小売業,その他小売,5%
岐阜県,恵那市,セブン－イレブン恵那永田店,小売業,食料品,2%
岐阜県,恵那市,セブンーイレブン恵那バイパス店,小売業,食料品,2%
岐阜県,恵那市,お食事処 かわかみ,サービス,飲食業,5%
岐阜県,恵那市,オマールえび事務所,サービス,その他サービス,5%
岐阜県,恵那市,ガーデンプランツエナ,小売業,その他小売,5%
岐阜県,恵那市,カフェ フェリーチェ,サービス,飲食業,5%
岐阜県,恵那市,株式会社プロス 印刷屋 恵那店,小売業,その他小売,5%
岐阜県,恵那市,カレーハウスＣｏＣｏ壱番屋恵那長島町店,サービス,飲食業,2%
岐阜県,恵那市,かんのん茶屋,サービス,飲食業,5%
岐阜県,恵那市,きものもこももももものうちくらぶ,サービス,その他サービス,5%
岐阜県,恵那市,京屋家具店,小売業,その他小売,5%
岐阜県,恵那市,靴のサンエー,小売業,衣料品,5%
岐阜県,恵那市,クリーニングヤマダ バロー恵那店,サービス,その他サービス,5%
岐阜県,恵那市,クリーニングヤマダ バロー正家店,サービス,その他サービス,5%
岐阜県,恵那市,嵯峨乃や,小売業,衣料品,5%
岐阜県,恵那市,酒アルコ恵那店,小売業,食料品,5%
岐阜県,恵那市,十字路,サービス,理容・美容業,5%
岐阜県,恵那市,酒房えりい,サービス,飲食業,5%
岐阜県,恵那市,寿司幸 岩村やなぎ屋店,小売業,食料品,5%
岐阜県,恵那市,寿司幸 本店,サービス,飲食業,5%
岐阜県,恵那市,セルフいわむらＳＳ 株式会社丸河ホールディングス,小売業,ガソリンスタンド,2%
岐阜県,恵那市,セルフたけなみ,小売業,ガソリンスタンド,2%
岐阜県,恵那市,セルフたけなみ,小売業,ガソリンスタンド,2%
岐阜県,恵那市,ゼンヤ,サービス,飲食業,5%
岐阜県,恵那市,ＤＰ恵那,サービス,理容・美容業,5%
岐阜県,恵那市,土田屋呉服店,小売業,衣料品,5%
岐阜県,恵那市,トヨタレンタリース岐阜 恵那店,サービス,その他サービス,2%
岐阜県,恵那市,トヨタレンタリース岐阜 恵那店,その他業種,ー,2%
岐阜県,恵那市,日産チェリー東濃販売株式会社,小売業,その他小売,5%
岐阜県,恵那市,日本料理 おか田,サービス,飲食業,5%
岐阜県,恵那市,ビートル・エナ,小売業,衣料品,5%
岐阜県,恵那市,ひかりや 恵那店,小売業,その他小売,5%
岐阜県,恵那市,美容室ロンドゥアンジュ,サービス,理容・美容業,5%
岐阜県,恵那市,恵那）フジタデンキ,小売業,電化製品,5%
岐阜県,恵那市,フヂシマヤ,小売業,衣料品,5%
岐阜県,恵那市,ブックタウン 恵那店,小売業,書籍・玩具・音楽ＣＤ,5%
岐阜県,恵那市,株式会社ミヤケ,小売業,その他小売,5%
岐阜県,恵那市,三宅畳店,サービス,その他サービス,5%
岐阜県,恵那市,民宿 藤太郎,サービス,宿泊業,5%
岐阜県,恵那市,名紳 名紳 恵那店,小売業,衣料品,5%
岐阜県,恵那市,メガネ赤札堂 恵那 中津川店,小売業,その他小売,5%
岐阜県,恵那市,メダリオンベルグラビア・リゾート,サービス,その他サービス,5%
岐阜県,恵那市,山岡町ＳＳ,小売業,ガソリンスタンド,2%
岐阜県,恵那市,山村硝子株式会社,小売業,その他小売,5%
岐阜県,恵那市,ヤマモトエナジー販売株式会社,小売業,その他小売,5%
岐阜県,恵那市,ヤマモトエナジー販売株式会社 恵那営業所,小売業,その他小売,5%
岐阜県,恵那市,有限会社岩島屋 有限会社岩島屋,小売業,食料品,5%
岐阜県,恵那市,有限会社リカーファクトリー倉知,小売業,衣料品,5%
岐阜県,恵那市,ライフエナジー山岡株式会社,小売業,その他小売,5%
岐阜県,恵那市,Ｒｅーｌａｘ恵那,サービス,その他サービス,5%
岐阜県,恵那市,和洋居酒屋 ａｎｄ ｍｏｒｅ,サービス,飲食業,5%
岐阜県,大垣市,アーユ,サービス,飲食業,5%
岐阜県,大垣市,Ｅｙｅｌａｓｈ＆ＮａｉｌＳａｌｏｎＭＥＲＳ,サービス,理容・美容業,5%
岐阜県,大垣市,赤壁商会 本社,小売業,ガソリンスタンド,2%
岐阜県,大垣市,赤札堂 大垣店,小売業,貴金属・服飾品,5%
岐阜県,大垣市,アクティ アダチ,小売業,電化製品,5%
岐阜県,大垣市,アクティ起明堂,小売業,電化製品,5%
岐阜県,大垣市,旭ガラス商事,サービス,その他サービス,5%
岐阜県,大垣市,朝日屋,サービス,飲食業,5%
岐阜県,大垣市,あすか大垣店,小売業,その他小売,5%
岐阜県,大垣市,綾野ＳＳ,小売業,ガソリンスタンド,2%
岐阜県,大垣市,アルファン青柳ＳＳ,小売業,ガソリンスタンド,2%
岐阜県,大垣市,アルファン大垣インター西ＴＳ,小売業,ガソリンスタンド,2%
岐阜県,大垣市,アルファン大垣インター東ＳＳ,小売業,ガソリンスタンド,2%
岐阜県,大垣市,アルファン大垣和合インターＳＳ,小売業,ガソリンスタンド,2%
岐阜県,大垣市,アルファン中曽根ＳＳ,小売業,ガソリンスタンド,2%
岐阜県,大垣市,いけだ動物病院,サービス,その他サービス,5%
岐阜県,大垣市,出光イオン大垣ＳＳ,小売業,ガソリンスタンド,2%
岐阜県,大垣市,出光上石津ＳＳ,小売業,ガソリンスタンド,2%
岐阜県,大垣市,出光関ケ原本陣ＳＳ,小売業,ガソリンスタンド,2%
岐阜県,大垣市,出光セルフ大垣インターＳＳ,小売業,ガソリンスタンド,2%
岐阜県,大垣市,出光セルフ大垣バイパスＳＳ,小売業,ガソリンスタンド,2%
岐阜県,大垣市,出光セルフ大垣東ＳＳ,小売業,ガソリンスタンド,2%
岐阜県,大垣市,出光トップヒル牧野ＳＳ,小売業,ガソリンスタンド,2%
岐阜県,大垣市,出光プリテール池尻ＳＳ,小売業,ガソリンスタンド,2%
岐阜県,大垣市,出光プリテール大垣ＳＳ,小売業,ガソリンスタンド,2%
岐阜県,大垣市,衣舞 大垣店,小売業,衣料品,5%
岐阜県,大垣市,いろは珈琲,小売業,食料品,5%
岐阜県,大垣市,いろは珈琲 配送車１,小売業,食料品,5%
岐阜県,大垣市,いろは珈琲 配送車２,小売業,食料品,5%
岐阜県,大垣市,ウインド中部,小売業,電化製品,5%
岐阜県,大垣市,ウインド原田,小売業,電化製品,5%
岐阜県,大垣市,上田クリーニング店,サービス,その他サービス,5%
岐阜県,大垣市,永楽屋 本店,小売業,その他小売,5%
岐阜県,大垣市,えらこきゅう,サービス,飲食業,5%
岐阜県,大垣市,エリア４１７ＳＳ,小売業,ガソリンスタンド,2%
岐阜県,大垣市,大垣ＳＳ,小売業,ガソリンスタンド,2%
岐阜県,大垣市,セブン－イレブン大垣赤坂町店,小売業,食料品,2%
岐阜県,大垣市,セブン－イレブン大垣インター南店,小売業,食料品,2%
岐阜県,大垣市,大垣営業所,その他業種,ー,5%
岐阜県,大垣市,大垣ＳＳ,小売業,ガソリンスタンド,2%
岐阜県,大垣市,セブン－イレブン大垣笠木店,小売業,食料品,2%
岐阜県,大垣市,大垣河間ＳＳ,小売業,ガソリンスタンド,2%
岐阜県,大垣市,セブン－イレブン大垣島里１丁目店,小売業,食料品,2%
岐阜県,大垣市,セブン－イレブン大垣島里２丁目店,小売業,食料品,2%
岐阜県,大垣市,大垣商店,サービス,飲食業,5%
岐阜県,大垣市,大垣ソニックアンテナ堂,小売業,電化製品,5%
岐阜県,大垣市,セブン－イレブン大垣中川町４丁目店,小売業,食料品,2%
岐阜県,大垣市,大垣林町ＳＳ,小売業,ガソリンスタンド,2%
岐阜県,大垣市,セブン－イレブン大垣林町１丁目店,小売業,食料品,2%
岐阜県,大垣市,大垣東外側町ＳＳ,小売業,ガソリンスタンド,2%
岐阜県,大垣市,セブン－イレブン大垣昼飯町西店,小売業,食料品,2%
岐阜県,大垣市,セブン－イレブン大垣福田町店,小売業,食料品,2%
岐阜県,大垣市,セブンーイレブン大垣割田３丁目店,小売業,食料品,2%
岐阜県,大垣市,株式会社オートサービス丸進 大垣営業所,サービス,その他サービス,5%
岐阜県,大垣市,オートパレスＫＥＮ,小売業,その他小売,5%
岐阜県,大垣市,大橋獣医科,サービス,その他サービス,5%
岐阜県,大垣市,岡田電器,小売業,電化製品,5%
岐阜県,大垣市,小川紙店本町店,小売業,その他小売,5%
岐阜県,大垣市,お好み焼はここやねん 大垣店,サービス,飲食業,5%
岐阜県,大垣市,オ－トボデ－ショップ篠田,小売業,その他小売,5%
岐阜県,大垣市,ｏｂｊｅｔ,サービス,理容・美容業,5%
岐阜県,大垣市,カーショップホリデー,小売業,その他小売,5%
岐阜県,大垣市,カーズ カンパニー カーズカンパニー,その他業種,ー,5%
岐阜県,大垣市,カウくる,小売業,その他小売,5%
岐阜県,大垣市,金沢カレー 大垣店,サービス,飲食業,5%
岐阜県,大垣市,株式会社Ｉｚｅ,サービス,理容・美容業,5%
岐阜県,大垣市,株式会社 三田自動車工業,サービス,その他サービス,5%
岐阜県,大垣市,株式会社吉田法衣店,その他業種,ー,5%
岐阜県,大垣市,かみいしづＳＳ,小売業,ガソリンスタンド,2%
岐阜県,大垣市,かめや釣具 大垣店,小売業,その他小売,5%
岐阜県,大垣市,カレーハウスココイチバンヤ大垣築捨町店,サービス,飲食業,2%
岐阜県,大垣市,川合自動車,サービス,その他サービス,5%
岐阜県,大垣市,Ｇｉｆｕｔ,サービス,理容・美容業,5%
岐阜県,大垣市,牛角大垣店,サービス,飲食業,2%
岐阜県,大垣市,きよみず,小売業,食料品,5%
岐阜県,大垣市,ｋｉｒａｎａ ＨＡＩＲ,サービス,理容・美容業,5%
岐阜県,大垣市,きらぼし行政書士事務所,サービス,その他サービス,5%
岐阜県,大垣市,ＧＲＡＮＤ ＤＥＳＩＧＮ 大垣店,サービス,理容・美容業,5%
岐阜県,大垣市,有限会社 くるまはうす順,サービス,その他サービス,5%
岐阜県,大垣市,珈琲屋らんぷ 大垣北店,サービス,飲食業,5%
岐阜県,大垣市,コスメチックラブ ラブ,小売業,その他小売,5%
岐阜県,大垣市,ザ・アミーゴス大垣店,小売業,食料品,5%
岐阜県,大垣市,サイズプラス瀬川,小売業,衣料品,5%
岐阜県,大垣市,酒アルコ大垣店,小売業,食料品,5%
岐阜県,大垣市,海座 ＳＨＩＺＡ 大垣駅前通り,サービス,飲食業,5%
岐阜県,大垣市,ジェームス大垣長松店,小売業,その他小売,2%
岐阜県,大垣市,自転車のウエサカ,小売業,その他小売,5%
岐阜県,大垣市,清水裕雅税理事務所,サービス,その他サービス,5%
岐阜県,大垣市,Ｊａｐａｎｅｓｅ Ｄｉｎｉｎｇ 円相 大垣,サービス,飲食業,5%
岐阜県,大垣市,新大垣北給油所,小売業,ガソリンスタンド,2%
岐阜県,大垣市,ＳＷＥＥＴＳ ＳＴＵＤＩＯ ?Ｆ ＳＷＥＥＴＳＳＴＵＤＩＯｅＦ,サービス,飲食業,5%
岐阜県,大垣市,水都自動車株式会社,サービス,その他サービス,5%
岐阜県,大垣市,スイトトラベル 大垣駅前支店,サービス,その他サービス,5%
岐阜県,大垣市,末広精肉店,小売業,食料品,5%
岐阜県,大垣市,すたみな太郎 大垣店,サービス,飲食業,5%
岐阜県,大垣市,ｓｕｎｏｋｋｏ ｄｅｓｉｇｎ,小売業,その他小売,5%
岐阜県,大垣市,スプリングスクール 大垣店,小売業,書籍・玩具・音楽ＣＤ,5%
岐阜県,大垣市,セルフ大垣インターＳＳ,小売業,ガソリンスタンド,2%
岐阜県,大垣市,セルフ大垣北店,小売業,ガソリンスタンド,2%
岐阜県,大垣市,セルフかみいしづＳＳ,小売業,ガソリンスタンド,2%
岐阜県,大垣市,ソフトバンク大垣西,小売業,その他小売,5%
岐阜県,大垣市,大幸ツアー,サービス,その他サービス,5%
岐阜県,大垣市,タイヤショップいなり大垣,小売業,その他小売,5%
岐阜県,大垣市,武内酒造,小売業,食料品,5%
岐阜県,大垣市,たこん家,サービス,飲食業,5%
岐阜県,大垣市,ＴＡＳＴＯＲＹＣＯＦＦＥＡＮＤＲＯＡＳＴＥＲ ＴＡＳＴＯＲＹ ＣＯＦＦＥＥ ＡＮＤ ＲＯＡＳＴＥＲ,小売業,食料品,5%
岐阜県,大垣市,ＴＡＳＴＯＲＹＣＯＦＦＥＥＡＮＤＲＯＡＳＴＥＲ,その他業種,ー,5%
岐阜県,大垣市,田中屋せんべい ＦＡＣＴＯＲＹ ＳＨＯＰ 田中屋せんべい総本家 ＦＡＣＴＯＲＹ ＳＨＯＰ,小売業,食料品,5%
岐阜県,大垣市,田中屋せんべい総本家 田中屋せんべい総本家 本店,小売業,食料品,5%
岐阜県,大垣市,ダミー,小売業,ガソリンスタンド,2%
岐阜県,大垣市,ちょいみせキッチン,サービス,その他サービス,5%
岐阜県,大垣市,ＤＤ大垣インター北店,小売業,ガソリンスタンド,2%
岐阜県,大垣市,ＤＤ安井町店,小売業,ガソリンスタンド,2%
岐阜県,大垣市,ＤＰ大垣南,サービス,理容・美容業,5%
岐阜県,大垣市,ｄｅｓｉｇｎ ｃｒａｆｔ ｐａｇｕｕ,小売業,その他小売,5%
岐阜県,大垣市,電パークアカサカ,小売業,電化製品,5%
岐阜県,大垣市,電パーク うすい,小売業,電化製品,5%
岐阜県,大垣市,電パークおくだ,小売業,電化製品,5%
岐阜県,大垣市,電パーク カワムラ,小売業,電化製品,5%
岐阜県,大垣市,電パーク きたじま,小売業,電化製品,5%
岐阜県,大垣市,電パークのはら,小売業,電化製品,5%
岐阜県,大垣市,電パーク ハヤシ,小売業,電化製品,5%
岐阜県,大垣市,電パークまきた,小売業,電化製品,5%
岐阜県,大垣市,東海自動車学校,サービス,その他サービス,5%
岐阜県,大垣市,東海石油ＳＳ,小売業,ガソリンスタンド,2%
岐阜県,大垣市,東海補聴器センター大垣店,小売業,その他小売,5%
岐阜県,大垣市,動物クリニックみどりの屋根,その他業種,ー,5%
岐阜県,大垣市,トヨタレンタリース岐阜 大垣駅北口店,サービス,その他サービス,2%
岐阜県,大垣市,トヨタレンタリース岐阜 大垣店,サービス,その他サービス,2%
岐阜県,大垣市,トヨタレンタリース岐阜 大垣駅北口店,その他業種,ー,2%
岐阜県,大垣市,トヨタレンタリース岐阜 大垣店,その他業種,ー,2%
岐阜県,大垣市,中村獣医科病院,サービス,その他サービス,5%
岐阜県,大垣市,ナショナルヤガタ大垣,小売業,電化製品,5%
岐阜県,大垣市,ナニワ,小売業,電化製品,5%
岐阜県,大垣市,にいかわ鍼灸接骨院,サービス,その他サービス,5%
岐阜県,大垣市,肉匠 一鉄,サービス,飲食業,5%
岐阜県,大垣市,西美濃整体院,サービス,その他サービス,5%
岐阜県,大垣市,ニッシンテック,小売業,その他小売,5%
岐阜県,大垣市,ＨＡＲＤＯＦＦ大垣バイパス店,小売業,書籍・玩具・音楽ＣＤ,2%
岐阜県,大垣市,焙煎幸房 そら,小売業,食料品,5%
岐阜県,大垣市,配送センター,小売業,ガソリンスタンド,2%
岐阜県,大垣市,パソコンドック２４ 大垣店,サービス,その他サービス,5%
岐阜県,大垣市,パソコンドック２４ 大垣店,サービス,その他サービス,5%
岐阜県,大垣市,パソコンドック２４ 大垣店,サービス,その他サービス,5%
岐阜県,大垣市,パナシーズン,小売業,電化製品,5%
岐阜県,大垣市,花水木,サービス,宿泊業,5%
岐阜県,大垣市,林武道具専門店,小売業,その他小売,5%
岐阜県,大垣市,萬里,サービス,宿泊業,5%
岐阜県,大垣市,ＢＭＯ大垣店,小売業,衣料品,5%
岐阜県,大垣市,ビジネスホテル静里旅館,サービス,その他サービス,5%
岐阜県,大垣市,びっくりドンキー大垣南店,サービス,飲食業,2%
岐阜県,大垣市,びっくりドンキー大垣南店,サービス,飲食業,2%
岐阜県,大垣市,ピュアーハニー本店,サービス,理容・美容業,5%
岐阜県,大垣市,ピュアーハニー ＡＩＳＡＮＣＥ,サービス,理容・美容業,5%
岐阜県,大垣市,平塚家具,小売業,家具・調度品,5%
岐阜県,大垣市,福田電機わたなべ店,その他業種,ー,5%
岐阜県,大垣市,（株）フジサンパーク,小売業,書籍・玩具・音楽ＣＤ,5%
岐阜県,大垣市,フジワ カーサービス 大垣店,サービス,その他サービス,5%
岐阜県,大垣市,フジワ カーサービス モンド モンド,小売業,その他小売,5%
岐阜県,大垣市,フジワ・カーサービス 大垣西店,小売業,その他小売,5%
岐阜県,大垣市,ＢＯＯＫＯＦＦ大垣バイパス店,小売業,書籍・玩具・音楽ＣＤ,2%
岐阜県,大垣市,フラワーショップ花勘,小売業,その他小売,5%
岐阜県,大垣市,ヘアークラフト パークスマサキ,サービス,理容・美容業,5%
岐阜県,大垣市,ヘアーサッシュ,サービス,理容・美容業,5%
岐阜県,大垣市,ＨＡＩＲ?ＺＩＭ,サービス,理容・美容業,5%
岐阜県,大垣市,ｈａｉｒ’ｓ Ｇａｌｌｅｒｙ 桜歌,サービス,理容・美容業,5%
岐阜県,大垣市,ペットライフサポ－タ－ふりふりて－る,サービス,その他サービス,5%
岐阜県,大垣市,ＢＯＲＮＦＲＥＥ ＡＱＵＡＷＡＬＫ 大垣 ＢＯＲＮＦＲＥＥ ＡＱＵＡＷＡＬＫ大垣,小売業,衣料品,5%
岐阜県,大垣市,堀運動具店,小売業,その他小売,5%
岐阜県,大垣市,本社,小売業,ガソリンスタンド,2%
岐阜県,大垣市,マクドナルドイオンモール大垣店,サービス,飲食業,2%
岐阜県,大垣市,マクドナルド大垣インター店,サービス,飲食業,2%
岐阜県,大垣市,マクドナルド大垣バイパス店,サービス,飲食業,2%
岐阜県,大垣市,マスダ電気,小売業,電化製品,5%
岐阜県,大垣市,マリアージュ相談室,サービス,その他サービス,5%
岐阜県,大垣市,株式会社 丸進 大垣営業部,小売業,その他小売,5%
岐阜県,大垣市,ミズノカメラ,サービス,その他サービス,5%
岐阜県,大垣市,水野自動車修理工場,サービス,その他サービス,5%
岐阜県,大垣市,ミツウメ商店,小売業,その他小売,5%
岐阜県,大垣市,三輪酒造 蔵元直営店,小売業,食料品,5%
岐阜県,大垣市,民間車検工場 ホリデー車検大垣,サービス,その他サービス,5%
岐阜県,大垣市,夢現窯 陶芸教室,サービス,その他サービス,5%
岐阜県,大垣市,ムトウさかや,その他業種,ー,5%
岐阜県,大垣市,名神大垣ＳＳ,小売業,ガソリンスタンド,2%
岐阜県,大垣市,ＭＥＮ Ｓ ＧＲＯＯＭＩＮＧ ＳＡＬＯＮ ＢＡＳＥ,サービス,理容・美容業,5%
岐阜県,大垣市,もつや福笑,サービス,飲食業,5%
岐阜県,大垣市,焼肉マルコウ赤坂店,サービス,飲食業,5%
岐阜県,大垣市,横田仏壇店,小売業,家具・調度品,5%
岐阜県,大垣市,ラ ミニョン,小売業,食料品,5%
岐阜県,大垣市,リッツ美容室,サービス,理容・美容業,5%
岐阜県,大垣市,リラ ブラン ＬｉｌａｓＢｌａｎｃ,小売業,その他小売,5%
岐阜県,大垣市,Ｙ－ａｅｓｔｈｅｔｅ,サービス,理容・美容業,5%
岐阜県,大垣市,ワークスペース,小売業,電化製品,5%
岐阜県,大垣市,和洋御菓子司金生堂,小売業,食料品,5%
岐阜県,大野町,稲富ＳＳ,小売業,ガソリンスタンド,2%
岐阜県,大野町,永楽屋 大野店,小売業,その他小売,5%
岐阜県,大野町,大野ＳＳ,小売業,ガソリンスタンド,2%
岐阜県,大野町,加納無線,小売業,電化製品,5%
岐阜県,大野町,株式会社牧村モータース,小売業,その他小売,5%
岐阜県,大野町,セブン－イレブン岐阜大野町五之里店,小売業,食料品,2%
岐阜県,大野町,セルフ大野ＳＳ,小売業,ガソリンスタンド,2%
岐阜県,大野町,電化メイト まつやま,小売業,電化製品,5%
岐阜県,大野町,電パーク マツイ,小売業,電化製品,5%
岐阜県,大野町,フアミリースポットマブチ,小売業,電化製品,5%
岐阜県,大野町,ヘアー クオーレ マツウラ,サービス,理容・美容業,5%
岐阜県,大野町,ベリーズゴルフクラブ,サービス,その他サービス,5%
岐阜県,大野町,牧村電機,小売業,電化製品,5%
岐阜県,大野町,マクドナルド大野カネスエ店,サービス,飲食業,2%
岐阜県,大野町,松久薬品 平和堂大野店,小売業,その他小売,5%
岐阜県,海津市,アウトレット家具 成傳,小売業,家具・調度品,5%
岐阜県,海津市,アダチ靴店,小売業,その他小売,5%
岐阜県,海津市,一号舘 南濃店,小売業,食料品,5%
岐阜県,海津市,出光石津ＳＳ,小売業,ガソリンスタンド,2%
岐阜県,海津市,出光南濃ＳＳ,小売業,ガソリンスタンド,2%
岐阜県,海津市,ウインド おがわ,小売業,電化製品,5%
岐阜県,海津市,海津ＳＳ,小売業,ガソリンスタンド,2%
岐阜県,海津市,セブン－イレブン海津町馬目店,小売業,食料品,2%
岐阜県,海津市,セブン－イレブン海津南濃町松山店,小売業,食料品,2%
岐阜県,海津市,セブン－イレブン海津平田町三郷店,小売業,食料品,2%
岐阜県,海津市,ｃａｆｅ かのん カフェかのん,サービス,飲食業,5%
岐阜県,海津市,加守ＳＳ,小売業,ガソリンスタンド,2%
岐阜県,海津市,菊屋クリ－ニング店,サービス,その他サービス,5%
岐阜県,海津市,餃子工房いろどり,サービス,飲食業,5%
岐阜県,海津市,ＫＥｎ?Ａｕｔｏ,サービス,その他サービス,5%
岐阜県,海津市,ＫＥｎ－Ａｕｔｏ,サービス,その他サービス,5%
岐阜県,海津市,駒野ＳＳ,小売業,ガソリンスタンド,2%
岐阜県,海津市,志津ＳＳ,小売業,ガソリンスタンド,2%
岐阜県,海津市,電パーク まきの,小売業,電化製品,5%
岐阜県,海津市,とんかつ小池,サービス,飲食業,5%
岐阜県,海津市,なりでん家具,小売業,家具・調度品,5%
岐阜県,海津市,ニュー海津ＳＳ,小売業,ガソリンスタンド,2%
岐阜県,海津市,パティスリー シュガール,サービス,飲食業,5%
岐阜県,海津市,菱田電機,小売業,電化製品,5%
岐阜県,海津市,ピュアーハニー美容室 松山店,サービス,理容・美容業,5%
岐阜県,海津市,平田ＳＳ,小売業,ガソリンスタンド,2%
岐阜県,海津市,フォンテンブロー,サービス,飲食業,5%
岐阜県,海津市,富士綿業,小売業,家具・調度品,5%
岐阜県,海津市,ほていや,サービス,飲食業,5%
岐阜県,海津市,松山ＳＳ,小売業,ガソリンスタンド,2%
岐阜県,海津市,豆吉本舗 豆吉本舗 お千代保稲荷店,小売業,食料品,5%
岐阜県,海津市,水谷モータース,サービス,その他サービス,5%
岐阜県,海津市,メガネ・宝石・時計 アカオ,小売業,その他小売,5%
岐阜県,海津市,焼肉まるこう海津店,サービス,飲食業,5%
岐阜県,海津市,大和屋接骨院 大和屋薬局,小売業,その他小売,5%
岐阜県,海津市,大和屋薬局,小売業,その他小売,5%
岐阜県,海津市,有限会社ジンノデンキ,小売業,電化製品,5%
岐阜県,海津市,義津屋海津平田店,小売業,総合（非専門）,5%
岐阜県,海津市,ワンズ ＯＮＥＳ,小売業,その他小売,5%
岐阜県,各務原市,Ｉｒｉｓ Ｉｒｉｓ ｈａｉｒ ｄｅｓｉｇｎ,サービス,理容・美容業,5%
岐阜県,各務原市,赤から 各務原店,サービス,飲食業,5%
岐阜県,各務原市,赤座電機,小売業,電化製品,5%
岐阜県,各務原市,浅野屋,その他業種,ー,5%
岐阜県,各務原市,あじへい 各務原店,サービス,飲食業,5%
岐阜県,各務原市,あすか蘇原店,小売業,その他小売,5%
岐阜県,各務原市,足立商事,小売業,その他小売,5%
岐阜県,各務原市,ａｌｏ（アロ）,サービス,理容・美容業,5%
岐阜県,各務原市,アンズキッチン Ａｎ ｚ ＫＩＴＣＨＥＮ,小売業,総合（非専門）,5%
岐阜県,各務原市,伊木清兵衛,小売業,食料品,5%
岐阜県,各務原市,伊木の森ＳＳ,小売業,ガソリンスタンド,2%
岐阜県,各務原市,伊木山ガーデン 園芸,小売業,食料品,5%
岐阜県,各務原市,IGIYAMA GARDEN BBQ,小売業,食料品,5%
岐阜県,各務原市,伊木山ガーデン マルシェ,小売業,食料品,5%
岐阜県,各務原市,いちょう通ＳＳ 安田商事株式会社,小売業,ガソリンスタンド,2%
岐阜県,各務原市,株式会社伊藤モータース,サービス,その他サービス,5%
岐阜県,各務原市,稲羽ＳＳ,小売業,ガソリンスタンド,2%
岐阜県,各務原市,衣舞 各務原本店,小売業,衣料品,5%
岐阜県,各務原市,ＩＷＡＨＡＲＡ ＢＯＤＹ ＷＯＲＫＳ,サービス,その他サービス,5%
岐阜県,各務原市,ＶＡＬＩＳＥ ＢＡＧＥＬ,小売業,食料品,5%
岐阜県,各務原市,ウチダ動物病院,サービス,その他サービス,5%
岐阜県,各務原市,うな神,サービス,飲食業,5%
岐阜県,各務原市,鵜沼ＳＳ,小売業,ガソリンスタンド,2%
岐阜県,各務原市,うぬま宿動物病院,サービス,その他サービス,5%
岐阜県,各務原市,ウラタ薬局新町店,小売業,その他小売,5%
岐阜県,各務原市,有限会社エア マート,小売業,電化製品,5%
岐阜県,各務原市,８ｃｉｒｃｌｅ,小売業,衣料品,5%
岐阜県,各務原市,８ｃｉｒｃｌｅ,小売業,衣料品,5%
岐阜県,各務原市,ＥｎｅＪｅｔ那加ＳＳ,小売業,ガソリンスタンド,2%
岐阜県,各務原市,ＥｎｅＪｅｔ那加バイパスＳＳ,小売業,ガソリンスタンド,2%
岐阜県,各務原市,ＡＢホテル 各務原,サービス,宿泊業,5%
岐阜県,各務原市,ＡＢホテル 各務原,サービス,宿泊業,5%
岐阜県,各務原市,ＦＣ松栄堂楽器 各務原,小売業,その他小売,5%
岐阜県,各務原市,ＦＣ松栄堂楽器各務原,小売業,その他小売,5%
岐阜県,各務原市,オートギャラリー宮川,小売業,その他小売,5%
岐阜県,各務原市,大野ナショナルセンター,小売業,電化製品,5%
岐阜県,各務原市,御菓子司 大島屋,小売業,食料品,5%
岐阜県,各務原市,オリックスレンタカー各務原駅前店,サービス,その他サービス,2%
岐阜県,各務原市,ＣＡＲＡ ＣＡＲＡイオンモール各務原店,小売業,貴金属・服飾品,5%
岐阜県,各務原市,セブン－イレブン各務原鵜沼三ツ池町店,小売業,食料品,2%
岐阜県,各務原市,各務原ＳＳ,小売業,ガソリンスタンド,2%
岐阜県,各務原市,セブン－イレブン各務原川島河田町店,小売業,食料品,2%
岐阜県,各務原市,セブン－イレブン各務原上戸町店,小売業,食料品,2%
岐阜県,各務原市,かかみがはらスタンド,サービス,飲食業,5%
岐阜県,各務原市,セブン－イレブン各務原蘇原柿沢町店,小売業,食料品,2%
岐阜県,各務原市,セブン－イレブン各務原蘇原吉野町３丁目店,小売業,食料品,2%
岐阜県,各務原市,セブン－イレブン各務原那加野畑町店,小売業,食料品,2%
岐阜県,各務原市,セブン－イレブン各務原那加不動丘店,小売業,食料品,2%
岐阜県,各務原市,セブン－イレブン各務原前渡東町店,小売業,食料品,2%
岐阜県,各務原市,家具のフクタケ,小売業,家具・調度品,5%
岐阜県,各務原市,ＣＡＦＦＥ ＣＡＲＯ,サービス,飲食業,5%
岐阜県,各務原市,Ｃａｆｅ Ｂｏｏｍ,サービス,飲食業,5%
岐阜県,各務原市,株式会社クンダ無線,小売業,電化製品,5%
岐阜県,各務原市,株式会社はちえん,サービス,その他サービス,5%
岐阜県,各務原市,株式会社ヤマワ,小売業,食料品,5%
岐阜県,各務原市,株式会社横山モータース,小売業,その他小売,5%
岐阜県,各務原市,カレーハウスＣＯＣＯ壱番屋各務ヶ原鵜沼店,サービス,飲食業,2%
岐阜県,各務原市,カレーハウスＣＯＣＯ壱番屋各務原那加店,サービス,飲食業,2%
岐阜県,各務原市,カレーハウスＣＯＣＯ壱番屋各務原三池店,サービス,飲食業,2%
岐阜県,各務原市,川島町ＳＳ 川島石油有限会社,小売業,ガソリンスタンド,2%
岐阜県,各務原市,川島町第２ＳＳ 川島石油有限会社,小売業,ガソリンスタンド,2%
岐阜県,各務原市,キガタ電器,小売業,電化製品,5%
岐阜県,各務原市,喫茶室山脈,サービス,飲食業,5%
岐阜県,各務原市,ぎふ初寿司尾崎分店,サービス,飲食業,5%
岐阜県,各務原市,Ｃｏｏ＆ＲＩＫＵ各務原店,小売業,その他小売,5%
岐阜県,各務原市,クチーナ フタムラ,サービス,飲食業,5%
岐阜県,各務原市,ＧＲＡＦＦＩＴＩ ＧＲＡＦＦＩＴＩイオンモール各務原店,小売業,貴金属・服飾品,5%
岐阜県,各務原市,グリーンベース,サービス,その他サービス,5%
岐阜県,各務原市,グリーン いまむら,小売業,電化製品,5%
岐阜県,各務原市,クンダ無線,小売業,電化製品,5%
岐阜県,各務原市,小町酒造株式会社,小売業,食料品,5%
岐阜県,各務原市,ＣＹＣＬＥ・ＰＲＯウイール,小売業,その他小売,5%
岐阜県,各務原市,彩食ダイニングさくら小町 各務原中央店,サービス,飲食業,5%
岐阜県,各務原市,サクラテーブル,サービス,その他サービス,5%
岐阜県,各務原市,サクラビーンズ,サービス,その他サービス,5%
岐阜県,各務原市,酒アルコ各務原店,小売業,食料品,5%
岐阜県,各務原市,しゅーｒｏｏｍ,サービス,その他サービス,5%
岐阜県,各務原市,ジョイガァデン,サービス,飲食業,5%
岐阜県,各務原市,スローリビングリバーサイド,サービス,飲食業,5%
岐阜県,各務原市,整体院 ハートステーション,サービス,その他サービス,5%
岐阜県,各務原市,千賀 蘇原店,小売業,貴金属・服飾品,5%
岐阜県,各務原市,艸花庵養老軒,サービス,飲食業,5%
岐阜県,各務原市,創寫舘 各務原スタジオ,サービス,その他サービス,5%
岐阜県,各務原市,蘇原 ＳＳ,小売業,ガソリンスタンド,2%
岐阜県,各務原市,蘇原ＳＳ,小売業,ガソリンスタンド,2%
岐阜県,各務原市,蘇原モータース,サービス,その他サービス,5%
岐阜県,各務原市,ソルジェンテ ソルジェンテ,サービス,飲食業,5%
岐阜県,各務原市,お家サロン「たいらぱ」,サービス,理容・美容業,5%
岐阜県,各務原市,高木電機,小売業,電化製品,5%
岐阜県,各務原市,ＴＪ天気予報 ７コ 各務原店,サービス,理容・美容業,5%
岐阜県,各務原市,蝶々堂・呉服の丸藤,小売業,衣料品,5%
岐阜県,各務原市,Ｄｒ．Ｄｒｉｖｅセルフ各務原店,小売業,ガソリンスタンド,2%
岐阜県,各務原市,Ｄｒ．Ｄｒｉｖｅセルフ花園町店,小売業,ガソリンスタンド,2%
岐阜県,各務原市,トヨタレンタリース岐阜各務原店,サービス,その他サービス,2%
岐阜県,各務原市,鶏笑 各務原店,小売業,食料品,5%
岐阜県,各務原市,ヌーベルボワール,サービス,飲食業,5%
岐阜県,各務原市,野村書店,小売業,書籍・玩具・音楽ＣＤ,5%
岐阜県,各務原市,Ｂｉｒｔｈｐｌａｃｅ Ｏｆ Ｐａｒｒｏｔ,小売業,その他小売,5%
岐阜県,各務原市,ハートランド蘇原給油所,小売業,ガソリンスタンド,2%
岐阜県,各務原市,ＢＢＱ ＣＡＮＶＡＳ,サービス,飲食業,5%
岐阜県,各務原市,ｐａｓａｐａｓ,サービス,理容・美容業,5%
岐阜県,各務原市,鉢人,小売業,家具・調度品,5%
岐阜県,各務原市,花勝,小売業,その他小売,5%
岐阜県,各務原市,花創人ガーデニング教室,サービス,その他サービス,5%
岐阜県,各務原市,バランスヘア,サービス,理容・美容業,5%
岐阜県,各務原市,Ｈｅｌｌｏ赤ちゃん 各務原店,小売業,その他小売,5%
岐阜県,各務原市,ＢＭＯ各務原三井店,小売業,衣料品,5%
岐阜県,各務原市,ＰＥＯＰＬＥ,サービス,飲食業,5%
岐阜県,各務原市,ＤＤＢＩＧアイランド鵜沼２１ＳＳ,小売業,ガソリンスタンド,2%
岐阜県,各務原市,ビューティーローズパラ ビューティーローズパラ,サービス,理容・美容業,5%
岐阜県,各務原市,美容室リーベンデール,サービス,理容・美容業,5%
岐阜県,各務原市,広江石油店 広江石油店,小売業,その他小売,5%
岐阜県,各務原市,ファーム タケアキ ファームタケアキ 直売店,小売業,食料品,5%
岐阜県,各務原市,ｆｉｎｅ ｗｉｎｅ しばた屋 ファインワイン しばた屋,小売業,食料品,5%
岐阜県,各務原市,ｐｅｔｉｔ ｃａｌｍｅ,サービス,理容・美容業,5%
岐阜県,各務原市,ＢＯＯＫＯＦＦ各務原インター店,小売業,書籍・玩具・音楽ＣＤ,2%
岐阜県,各務原市,ふとんタナカ 各務原蘇原店,小売業,その他小売,5%
岐阜県,各務原市,フラワースカイサロン,小売業,その他小売,5%
岐阜県,各務原市,ブルーカフェ,サービス,飲食業,2%
岐阜県,各務原市,Ｆ＆Ｍ ＭＩＳＳＩＳＳＩＰＰＩ,サービス,飲食業,5%
岐阜県,各務原市,ｈａｉｒｓａｌｏｎ ＬｅＲｙｕ,サービス,理容・美容業,5%
岐阜県,各務原市,ヘアーサロン佐合 ヘアーサロン佐合,サービス,理容・美容業,5%
岐阜県,各務原市,ヘアーサロンレンリ,サービス,理容・美容業,5%
岐阜県,各務原市,ホームパートナーのだ,小売業,電化製品,5%
岐阜県,各務原市,ホームパートナーひろせ,小売業,電化製品,5%
岐阜県,各務原市,ホットロード 各務原店,小売業,その他小売,5%
岐阜県,各務原市,マクドナルドイオンタウン各務原店,サービス,飲食業,2%
岐阜県,各務原市,マクドナルドイオンモール各務原店,サービス,飲食業,2%
岐阜県,各務原市,マクドナルド各務原アピタ店,サービス,飲食業,2%
岐阜県,各務原市,マクドナルド各務原蘇原店,サービス,飲食業,2%
岐阜県,各務原市,マクドナルド２１号鵜沼店,サービス,飲食業,2%
岐阜県,各務原市,松江 かかみの彩菓 松江,小売業,食料品,5%
岐阜県,各務原市,真鍋 真由美,サービス,その他サービス,5%
岐阜県,各務原市,ｍａｎｏｍａｎｏ,サービス,その他サービス,5%
岐阜県,各務原市,豆屋珈琲店,サービス,飲食業,5%
岐阜県,各務原市,ミスター レオ,サービス,理容・美容業,5%
岐阜県,各務原市,ミニフレッシュ ヤマエン,小売業,総合（非専門）,5%
岐阜県,各務原市,Mini Lover's Cafe各務原,サービス,飲食業,5%
岐阜県,各務原市,みらいクリエーション,サービス,その他サービス,5%
岐阜県,各務原市,メガネの東和,小売業,その他小売,5%
岐阜県,各務原市,メナード フェイシャルサロン アクエイル,小売業,その他小売,5%
岐阜県,各務原市,焼き芋のふるた,小売業,食料品,5%
岐阜県,各務原市,やきにくもりもり 各務原店 焼肉 もりもり各務原店,サービス,飲食業,5%
岐阜県,各務原市,ヤスダヤ株式会社,小売業,食料品,5%
岐阜県,各務原市,Ｈｕｉｔ ｂｙ ＬＡＤＯＮＮＡ,サービス,理容・美容業,5%
岐阜県,各務原市,有限会社サカキバラ お米のさかきばら,小売業,食料品,5%
岐阜県,各務原市,有限会社ニューウェーブ,小売業,その他小売,5%
岐阜県,各務原市,ＹｕＹｕ,小売業,その他小売,5%
岐阜県,各務原市,ＬａＭａｎｃａ,サービス,飲食業,5%
岐阜県,各務原市,料亭温泉旅館旬樹庵みづのを,サービス,宿泊業,5%
岐阜県,各務原市,緑水庵各務原店,小売業,食料品,5%
岐阜県,各務原市,浪漫遊 各務原店,小売業,その他小売,5%
岐阜県,各務原市,ワコールショップ グー,小売業,衣料品,5%
岐阜県,各務原市,和楽居,サービス,飲食業,5%
岐阜県,笠松町,有限会社ＥＡＳＴＥＲ,サービス,その他サービス,5%
岐阜県,笠松町,ＥＡＳＴＥＲ,サービス,その他サービス,5%
岐阜県,笠松町,梅乃井,小売業,食料品,5%
岐阜県,笠松町,梅乃井,小売業,食料品,5%
岐阜県,笠松町,笠松国道ＳＳ,小売業,ガソリンスタンド,2%
岐阜県,笠松町,笠松中央,小売業,ガソリンスタンド,2%
岐阜県,笠松町,セブン－イレブン笠松町米野店,小売業,食料品,2%
岐阜県,笠松町,セブン－イレブン笠松町美笠通店,小売業,食料品,2%
岐阜県,笠松町,ききカフ恵,サービス,飲食業,5%
岐阜県,笠松町,ＣＲＡＶＥ,その他業種,ー,5%
岐阜県,笠松町,Ｃｏｚｙもみっこ太郎 もみっこ太郎,サービス,その他サービス,5%
岐阜県,笠松町,スポーツショップクリモト,小売業,その他小売,5%
岐阜県,笠松町,美容室のがき 美容室のがき,サービス,理容・美容業,5%
岐阜県,笠松町,ヘアーサロンスマート,サービス,理容・美容業,5%
岐阜県,笠松町,ホリ電化,小売業,電化製品,5%
岐阜県,笠松町,餅和菓子処 いなみ,小売業,食料品,5%
岐阜県,可児市,愛電館 ウイズオクムラ,小売業,電化製品,5%
岐阜県,可児市,愛電館かすみ,小売業,電化製品,5%
岐阜県,可児市,愛電館メイツおくむら,小売業,電化製品,5%
岐阜県,可児市,赤札堂 可児店,小売業,貴金属・服飾品,5%
岐阜県,可児市,アパマンショップ可児店,その他業種,ー,2%
岐阜県,可児市,アラカワ 西可児店,小売業,衣料品,5%
岐阜県,可児市,アルファテック 可児店,その他業種,ー,5%
岐阜県,可児市,いかはな屋,サービス,飲食業,5%
岐阜県,可児市,いこま亭,サービス,飲食業,5%
岐阜県,可児市,出光八百津ＳＳ,小売業,ガソリンスタンド,2%
岐阜県,可児市,今渡ＳＳ,小売業,ガソリンスタンド,2%
岐阜県,可児市,イルーシー３００パティオ 可児店,小売業,衣料品,5%
岐阜県,可児市,ＥｎｅＪｅｔ可児ＳＳ,小売業,ガソリンスタンド,2%
岐阜県,可児市,ＦＣ松栄堂楽器可児,小売業,その他小売,5%
岐阜県,可児市,オイルロード広見ＳＳ,小売業,ガソリンスタンド,2%
岐阜県,可児市,ＯＶＥＲＡＬＬ,サービス,理容・美容業,5%
岐阜県,可児市,加藤電気愛岐ケ丘店,小売業,電化製品,5%
岐阜県,可児市,可児ＳＳ,小売業,ガソリンスタンド,2%
岐阜県,可児市,可児ＳＳ,小売業,ガソリンスタンド,2%
岐阜県,可児市,セブン－イレブン可児大森新田店,小売業,食料品,2%
岐阜県,可児市,セブン－イレブン可児川合店,小売業,食料品,2%
岐阜県,可児市,可児くくり,小売業,ガソリンスタンド,2%
岐阜県,可児市,セブン－イレブン可児下恵土店,小売業,食料品,2%
岐阜県,可児市,セブン－イレブン可児下恵土西店,小売業,食料品,2%
岐阜県,可児市,セブン－イレブン可児中恵土店,小売業,食料品,2%
岐阜県,可児市,セブン－イレブン可児広見伊川店,小売業,食料品,2%
岐阜県,可児市,セブン－イレブン可児広見３丁目店,小売業,食料品,2%
岐阜県,可児市,セブン－イレブン可児広見店,小売業,食料品,2%
岐阜県,可児市,カフェフィーバス,サービス,飲食業,5%
岐阜県,可児市,株式会社恵伸福祉会,サービス,その他サービス,5%
岐阜県,可児市,川合大橋ＳＳ,小売業,ガソリンスタンド,2%
岐阜県,可児市,河合塾マナビス可児校,その他業種,ー,2%
岐阜県,可児市,カワムラ電化,小売業,電化製品,5%
岐阜県,可児市,ギフトショップ風月,小売業,その他小売,5%
岐阜県,可児市,きもの処美のり,小売業,衣料品,5%
岐阜県,可児市,クリーンランド青山 ゲンキー店,サービス,その他サービス,5%
岐阜県,可児市,クリーンランド青山 西可児駅前店,サービス,その他サービス,5%
岐阜県,可児市,Ｋ＋ＴＳ ＪＡＰＡＮ,サービス,理容・美容業,5%
岐阜県,可児市,Ｃｏｆｆｅｅ ＫｉｔｃｈｅｎＭＩＮＡＭＩ,サービス,飲食業,5%
岐阜県,可児市,ｃｏｃａｇｅ,サービス,理容・美容業,5%
岐阜県,可児市,ココ壱番屋可児宮前店,サービス,飲食業,2%
岐阜県,可児市,彩々屋,サービス,飲食業,5%
岐阜県,可児市,サウンドヒーリングサロンＣｏｏ～空～,サービス,その他サービス,5%
岐阜県,可児市,桜ヶ丘動物病院,サービス,その他サービス,5%
岐阜県,可児市,サロン・ド・ピュア,サービス,理容・美容業,5%
岐阜県,可児市,サワセイ可児店,小売業,その他小売,5%
岐阜県,可児市,サンガーデンエクステリア,サービス,その他サービス,5%
岐阜県,可児市,篠田手効院,サービス,理容・美容業,5%
岐阜県,可児市,松栄堂楽器 可児店,小売業,その他小売,5%
岐阜県,可児市,スクールショップ ワカオ,小売業,衣料品,5%
岐阜県,可児市,すっぷる ジョー 韓国ｋｉｔｃｈｅｎ すっぷるジョー,サービス,飲食業,5%
岐阜県,可児市,ＴＡＫＡＧＩキャストオフネキスト,サービス,理容・美容業,5%
岐阜県,可児市,中華食房石狩,サービス,飲食業,5%
岐阜県,可児市,月うさぎ,サービス,飲食業,5%
岐阜県,可児市,月うさぎ,サービス,飲食業,5%
岐阜県,可児市,ＴＪ天気予報 １コ 可児店,サービス,理容・美容業,5%
岐阜県,可児市,ＴＪ天気予報 Ｃｏｃｏａ 可児店,サービス,理容・美容業,5%
岐阜県,可児市,フィットネススタジオＰＬＥＥＲＯＯ,その他業種,ー,5%
岐阜県,可児市,藤吉郎,サービス,飲食業,5%
岐阜県,可児市,ＴＯＷＡ ＯＰＴＩＱＵＥ,小売業,その他小売,5%
岐阜県,可児市,Ｄｒ．Ｄｒｉｖｅセルフ可児店,小売業,ガソリンスタンド,2%
岐阜県,可児市,トーホー家電ワーク 可児,小売業,電化製品,5%
岐阜県,可児市,トーホー家電ワーク西可児,小売業,電化製品,5%
岐阜県,可児市,肉のひぐち,小売業,食料品,5%
岐阜県,可児市,セブン－イレブン西可児駅前店,小売業,食料品,2%
岐阜県,可児市,日章ラインＳＳ,小売業,ガソリンスタンド,2%
岐阜県,可児市,バイクハウス・ストリーム,小売業,その他小売,5%
岐阜県,可児市,花の店プチラタン,小売業,その他小売,5%
岐阜県,可児市,日暮館,サービス,飲食業,5%
岐阜県,可児市,ＢＥＡＵＴＹ＋ＢＥＡＳＴ,サービス,理容・美容業,5%
岐阜県,可児市,美容室シンフォニー,サービス,理容・美容業,5%
岐阜県,可児市,美容室Ｂｅｌｕｇａ,サービス,理容・美容業,5%
岐阜県,可児市,Ｐｈｏｔｏ ｓｔｕｄｉｏ Ｐａｒｆｕｍ,サービス,その他サービス,5%
岐阜県,可児市,ブックタウン今渡店,小売業,書籍・玩具・音楽ＣＤ,5%
岐阜県,可児市,プライムスペース,サービス,理容・美容業,5%
岐阜県,可児市,ブルー企画,小売業,食料品,5%
岐阜県,可児市,ヘアーサロン 御園,サービス,理容・美容業,5%
岐阜県,可児市,ヘアースタジオＢＯＬＵＴＯ,サービス,理容・美容業,5%
岐阜県,可児市,マクドナルド２１号可児店,サービス,飲食業,2%
岐阜県,可児市,マクドナルド２４８可児店,サービス,飲食業,2%
岐阜県,可児市,万寿実家具,小売業,家具・調度品,5%
岐阜県,可児市,まる耕 １,サービス,飲食業,5%
岐阜県,可児市,まる耕 ２,サービス,飲食業,5%
岐阜県,可児市,ＭＩＮＡＭＩ,サービス,飲食業,5%
岐阜県,可児市,美濃旬膳 おりべ亭,サービス,飲食業,5%
岐阜県,可児市,ヤマニデンキ,小売業,電化製品,5%
岐阜県,可児市,結庵 結庵,サービス,飲食業,5%
岐阜県,可児市,義津屋可児店,小売業,総合（非専門）,5%
岐阜県,可児市,リビング イチハラ,小売業,家具・調度品,5%
岐阜県,可児市,龍生塾ＴＯＫＡＩＧＹＭ,サービス,その他サービス,5%
岐阜県,可児市,龍生塾ＴＯＫＡＩＧＹＭ 雑貨屋さん格闘家,小売業,その他小売,5%
岐阜県,可児市,理容室 コルテーゼ ＣＯＲＴＥＳＥ,サービス,理容・美容業,5%
岐阜県,可児市,理容室コルテーゼ,サービス,理容・美容業,5%
岐阜県,可児市,有限会社 緑酒園,サービス,その他サービス,5%
岐阜県,川辺町,有限会社ＡＵＴＯＢＯＤＹ好,サービス,その他サービス,5%
岐阜県,川辺町,加納光電社,小売業,電化製品,5%
岐阜県,川辺町,川辺ＳＳ,小売業,ガソリンスタンド,2%
岐阜県,川辺町,セブン－イレブン川辺町石神店,小売業,食料品,2%
岐阜県,川辺町,セブン－イレブン川辺町北店,小売業,食料品,2%
岐阜県,川辺町,クリーンランド青山 川辺店,サービス,その他サービス,5%
岐阜県,川辺町,ＤＤ川辺店,小売業,ガソリンスタンド,2%
岐阜県,岐南町,アートマンはんわ アートマンはんわ,小売業,その他小売,5%
岐阜県,岐南町,赤札堂 岐南店,小売業,貴金属・服飾品,5%
岐阜県,岐南町,ＥｎｅＪｅｔ岐南インターＳＳ,小売業,ガソリンスタンド,2%
岐阜県,岐南町,カレーハウスココイチバンヤ岐南店,サービス,飲食業,2%
岐阜県,岐南町,岐関整体,サービス,その他サービス,5%
岐阜県,岐南町,岐南町,小売業,ガソリンスタンド,2%
岐阜県,岐南町,セブン－イレブン岐南町三宅４丁目店,小売業,食料品,2%
岐阜県,岐南町,ＧＩＦＵＳＰＯＲＴＳＦＯＲＥＳＴ,その他業種,ー,5%
岐阜県,岐南町,ＧＩＦＵ ＳＰＯＲＴＳ ＦＯＲＥＳＴ,サービス,その他サービス,5%
岐阜県,岐南町,サワセイ 岐南店,小売業,その他小売,5%
岐阜県,岐南町,サンユ―デンキ,小売業,電化製品,5%
岐阜県,岐南町,ＣｉｅｌｏＢｌｕ,小売業,衣料品,5%
岐阜県,岐南町,スタジオＨ＆Ｍ,サービス,その他サービス,5%
岐阜県,岐南町,タイヤ専門店明成,小売業,その他小売,5%
岐阜県,岐南町,Ｄｒ．Ｄｒｉｖｅ岐南町ＳＳ,小売業,ガソリンスタンド,2%
岐阜県,岐南町,Ｄｒ．Ｄｒｉｖｅセルフ岐南インター店,小売業,ガソリンスタンド,2%
岐阜県,岐南町,Ｄｒ．Ｄｒｉｖｅ名岐バイパスＳＳ,小売業,ガソリンスタンド,2%
岐阜県,岐南町,長月,小売業,衣料品,5%
岐阜県,岐南町,長月,小売業,衣料品,5%
岐阜県,岐南町,長月,小売業,衣料品,5%
岐阜県,岐南町,ボーズヘアー,サービス,理容・美容業,5%
岐阜県,岐南町,ランドホーム有限会社,サービス,その他サービス,5%
岐阜県,岐南町,マクドナルド岐南町店,サービス,飲食業,2%
岐阜県,岐南町,みつあみ,小売業,衣料品,5%
岐阜県,岐南町,三星カメラ岐南バイパス店,小売業,電化製品,5%
岐阜県,岐南町,名紳 岐南店,小売業,衣料品,5%
岐阜県,岐南町,メナードフェイシャルサロン ｈａｒｕｈｉｒａｒｉ,小売業,その他小売,5%
岐阜県,岐南町,有限会社ボディーショップ和,サービス,その他サービス,5%
岐阜県,岐南町,ＬａｖｉｅｅｎＲｏｓｅｈｏｍｍｅ,サービス,理容・美容業,5%
岐阜県,岐阜市,アイカワ電器産業社,小売業,電化製品,5%
岐阜県,岐阜市,相席屋 岐阜店,サービス,飲食業,5%
岐阜県,岐阜市,株式会社アイテック情報システム,サービス,その他サービス,5%
岐阜県,岐阜市,アイビーペットクリニック,サービス,その他サービス,5%
岐阜県,岐阜市,アオヘアーデザイン,サービス,理容・美容業,5%
岐阜県,岐阜市,茜部ＳＳ,小売業,ガソリンスタンド,2%
岐阜県,岐阜市,茜部ＳＳ,小売業,ガソリンスタンド,2%
岐阜県,岐阜市,あかね家,サービス,飲食業,5%
岐阜県,岐阜市,アクア治療院,サービス,理容・美容業,5%
岐阜県,岐阜市,Ａｇｕ ｈａｉｒ Ａｇｕ ｈａｉｒ ｒｉｃｈ長住町,サービス,理容・美容業,5%
岐阜県,岐阜市,朝日屋精肉店 則武店,サービス,飲食業,5%
岐阜県,岐阜市,足にやさしい靴屋 広瀬本店,小売業,衣料品,5%
岐阜県,岐阜市,あすか 柳津店,小売業,その他小売,5%
岐阜県,岐阜市,あすか県庁前店,小売業,その他小売,5%
岐阜県,岐阜市,あすか長良店,小売業,その他小売,5%
岐阜県,岐阜市,あすか本店,小売業,その他小売,5%
岐阜県,岐阜市,あすか柳津店,小売業,その他小売,5%
岐阜県,岐阜市,ａｄａｐｔｅｒ,サービス,飲食業,5%
岐阜県,岐阜市,アッシュ,小売業,衣料品,5%
岐阜県,岐阜市,Ａｔ ＥＡＳＥ Ａｔ ＥＡＳＥ,サービス,飲食業,5%
岐阜県,岐阜市,ＡＶＡ岐阜,サービス,理容・美容業,5%
岐阜県,岐阜市,炙／ＨＡＮＡＲＥ 岐阜店,サービス,飲食業,5%
岐阜県,岐阜市,アム－ルくろのＳＳ,小売業,ガソリンスタンド,2%
岐阜県,岐阜市,アルファファースト,サービス,理容・美容業,5%
岐阜県,岐阜市,粟野ＳＳ,小売業,ガソリンスタンド,2%
岐阜県,岐阜市,あんかけぱすた ラルゴ あんかけぱすたラルゴ,サービス,飲食業,5%
岐阜県,岐阜市,ＡＮＧＥＬＩＣＡＬＥ アンジェリカーレ 株式会社宝衣裳,サービス,その他サービス,5%
岐阜県,岐阜市,アンツ,小売業,電化製品,5%
岐阜県,岐阜市,Ａｎｔｅｒｉｅｕｒ,サービス,理容・美容業,5%
岐阜県,岐阜市,ｕｎ ｈａｉｒｄｅｓｉｇｎ,サービス,理容・美容業,5%
岐阜県,岐阜市,ｅ?ｓｔｙｌｅ 川部店,サービス,理容・美容業,5%
岐阜県,岐阜市,飯田電化ショップ,小売業,電化製品,5%
岐阜県,岐阜市,衣舞 岐阜六条店,小売業,衣料品,5%
岐阜県,岐阜市,ｉｓｍｂｙｍａｋｅ,サービス,理容・美容業,5%
岐阜県,岐阜市,イタハシ電化センタ－,小売業,電化製品,5%
岐阜県,岐阜市,ＩＣＨＩＩ ?イチイ美容院?,サービス,理容・美容業,5%
岐阜県,岐阜市,出光ぎふ宇佐ＳＳ,小売業,ガソリンスタンド,2%
岐阜県,岐阜市,出光勢引ＳＳ,小売業,ガソリンスタンド,2%
岐阜県,岐阜市,出光セルフ岐阜北ＳＳ,小売業,ガソリンスタンド,2%
岐阜県,岐阜市,出光セルフ県庁西ＳＳ,小売業,ガソリンスタンド,2%
岐阜県,岐阜市,出光セルフさぎやまＳＳ,小売業,ガソリンスタンド,2%
岐阜県,岐阜市,出光セルフみやこＳＳ,小売業,ガソリンスタンド,2%
岐阜県,岐阜市,出光プリテール岐阜西ＳＳ,小売業,ガソリンスタンド,2%
岐阜県,岐阜市,衣舞 岐阜長良店,小売業,衣料品,5%
岐阜県,岐阜市,イロハ,サービス,理容・美容業,5%
岐阜県,岐阜市,岐阜岩崎ＳＳ,小売業,ガソリンスタンド,2%
岐阜県,岐阜市,インド料理ラサマンダ,サービス,飲食業,5%
岐阜県,岐阜市,Ｗｉｓｈｅｓ,小売業,その他小売,5%
岐阜県,岐阜市,ｖｉｅ ｎａｔｕｒｅ,サービス,理容・美容業,5%
岐阜県,岐阜市,ウインドごとう,小売業,電化製品,5%
岐阜県,岐阜市,植東料理旅館,サービス,宿泊業,5%
岐阜県,岐阜市,鵜飼茶屋しゃぐ,小売業,食料品,5%
岐阜県,岐阜市,臼井無線商会,小売業,電化製品,5%
岐阜県,岐阜市,鶉セントラルＳＳ,小売業,ガソリンスタンド,2%
岐阜県,岐阜市,宇野電化センタ―,小売業,電化製品,5%
岐阜県,岐阜市,Ａ．Ｌ．Ｃ．ｃａｆｅ,サービス,飲食業,5%
岐阜県,岐阜市,Ｅ３トミデンキ,小売業,電化製品,5%
岐阜県,岐阜市,合同会社三福,サービス,理容・美容業,5%
岐阜県,岐阜市,ＳＰ．,小売業,衣料品,5%
岐阜県,岐阜市,ＸＸＤＥＶＥＬＯＰＭＥＮＴＳＴＯＲＥ,小売業,衣料品,5%
岐阜県,岐阜市,ｅｔｒｅ 美容室エトア ｅｔｒｅ 美容室エトアｈａｉｒ ｂｅａｕｔｙ ｐｒｏｆｅｓｓｉｏｎａｌ,サービス,理容・美容業,5%
岐阜県,岐阜市,ＥｎｅＪｅｔ岩地ＳＳ,小売業,ガソリンスタンド,2%
岐阜県,岐阜市,ＥｎｅＪｅｔ加野ＳＳ,小売業,ガソリンスタンド,2%
岐阜県,岐阜市,ＥｎｅＪｅｔ北一色ＳＳ,小売業,ガソリンスタンド,2%
岐阜県,岐阜市,ＥｎｅＪｅｔ島イーストＳＳ,小売業,ガソリンスタンド,2%
岐阜県,岐阜市,ＥｎｅＪｅｔ Ｄｒ．Ｄｒｉｖｅ日野店,小売業,ガソリンスタンド,2%
岐阜県,岐阜市,ＥｎｅＪｅｔ長良福光ＳＳ,小売業,ガソリンスタンド,2%
岐阜県,岐阜市,ＥｎｅＪｅｔ正木ＳＳ,小売業,ガソリンスタンド,2%
岐阜県,岐阜市,ＡＢホテル 岐阜,サービス,宿泊業,5%
岐阜県,岐阜市,ＡＢホテル岐阜,サービス,宿泊業,5%
岐阜県,岐阜市,ＦＣ松栄堂楽器,小売業,その他小売,5%
岐阜県,岐阜市,ＦＣ松栄堂楽器,小売業,その他小売,5%
岐阜県,岐阜市,Ｅ．Ｖ．ＯＰｅｒｓｏｎａｌＴｒａｉｎｉｎｇＧｙｍ,その他業種,ー,5%
岐阜県,岐阜市,ｅｎｓｏ 玉宮,サービス,飲食業,5%
岐阜県,岐阜市,艶体 心 Ｍａｎａ,サービス,理容・美容業,5%
岐阜県,岐阜市,オーシャン美容室,サービス,理容・美容業,5%
岐阜県,岐阜市,大塚衣料 株 大塚衣料,小売業,衣料品,5%
岐阜県,岐阜市,オートランド岐阜,小売業,その他小売,2%
岐阜県,岐阜市,オートランド岐阜東,小売業,その他小売,2%
岐阜県,岐阜市,オートランド岐阜南,小売業,その他小売,2%
岐阜県,岐阜市,大問屋岐阜店,その他業種,ー,5%
岐阜県,岐阜市,大野春堂,小売業,家具・調度品,5%
岐阜県,岐阜市,大原自動車工業,その他業種,ー,5%
岐阜県,岐阜市,オーメッカ,サービス,理容・美容業,5%
岐阜県,岐阜市,Ｏｇｕｔｅｉ,サービス,飲食業,5%
岐阜県,岐阜市,お米の熊田 熊田米穀 お米の熊田 熊田米穀,小売業,食料品,5%
岐阜県,岐阜市,ＯＧＣ岐阜中央ゴルフパーク,サービス,その他サービス,5%
岐阜県,岐阜市,オリックスレンタカー岐阜駅前店,サービス,その他サービス,2%
岐阜県,岐阜市,オリックスレンタカー岐阜店,サービス,その他サービス,2%
岐阜県,岐阜市,オンセブンデイズ東島店,小売業,総合（非専門）,5%
岐阜県,岐阜市,カーエレクトロニックス カトウ 出張,サービス,その他サービス,5%
岐阜県,岐阜市,カーサロン林整備株式会社 カーサロン林整備 株式会社,サービス,その他サービス,5%
岐阜県,岐阜市,カイロプラクティックサロン伝々夢志,サービス,理容・美容業,5%
岐阜県,岐阜市,鏡島ＳＳ,小売業,ガソリンスタンド,2%
岐阜県,岐阜市,かき小屋 百蔵,サービス,飲食業,5%
岐阜県,岐阜市,学生服のとおまつ,小売業,衣料品,5%
岐阜県,岐阜市,鹿島ＳＳ,小売業,ガソリンスタンド,2%
岐阜県,岐阜市,カジュアルショップ マルナ,小売業,衣料品,5%
岐阜県,岐阜市,カット シェーブ 髪心地 カット シェーブ髪心地,サービス,理容・美容業,5%
岐阜県,岐阜市,家電サポート オゼキ,小売業,電化製品,5%
岐阜県,岐阜市,Ｋａｐｕａ八代,サービス,理容・美容業,5%
岐阜県,岐阜市,Ｃａｆｅ ＫＥＬＬＹ,サービス,飲食業,5%
岐阜県,岐阜市,Ｃａｆｅ 茶人,サービス,飲食業,5%
岐阜県,岐阜市,ＣＡＦＥ ＢＡＲ ａｌｆｆｏ Ｃａｆｅ Ｂａｒ ａｌｆｆｏ,サービス,飲食業,5%
岐阜県,岐阜市,カフェギャラリー水の音,サービス,飲食業,5%
岐阜県,岐阜市,ｃａｆｅ旅人の木,サービス,飲食業,5%
岐阜県,岐阜市,株 ビーブル ミセスファッション ビーブル,小売業,衣料品,5%
岐阜県,岐阜市,株式会社 弁天堂,小売業,食料品,5%
岐阜県,岐阜市,株式会社エコライフ,小売業,食料品,5%
岐阜県,岐阜市,株式会社桔梗屋,小売業,食料品,5%
岐阜県,岐阜市,株式会社北川商店 株式会社北川商店,その他業種,ー,5%
岐阜県,岐阜市,株式会社昭和テック,小売業,電化製品,5%
岐阜県,岐阜市,株式会社大黒屋酒店,その他業種,ー,5%
岐阜県,岐阜市,株 ながら ポップアップ,小売業,衣料品,5%
岐阜県,岐阜市,株式会社野々村美容商事,その他業種,ー,5%
岐阜県,岐阜市,株式会社藤井佛檀,小売業,家具・調度品,5%
岐阜県,岐阜市,株式会社丸高守口漬本店,小売業,食料品,5%
岐阜県,岐阜市,株式会社丸高守口漬本店,小売業,食料品,5%
岐阜県,岐阜市,株式会社マルナカ,サービス,その他サービス,5%
岐阜県,岐阜市,亀屋茶店 株式会社亀屋茶店,小売業,食料品,5%
岐阜県,岐阜市,かめや釣具 岐阜店,小売業,その他小売,5%
岐阜県,岐阜市,ＢＡＲ ＴＩＡ,サービス,飲食業,5%
岐阜県,岐阜市,カ、リエール,サービス,理容・美容業,5%
岐阜県,岐阜市,カリスボーテ長良店 カリスボーテ岐阜長良店,サービス,理容・美容業,5%
岐阜県,岐阜市,カレーハウスＣｏＣｏ壱番屋岐阜宇佐店,サービス,飲食業,2%
岐阜県,岐阜市,カレーハウスＣｏＣｏ壱番屋岐阜北鶉店,サービス,飲食業,2%
岐阜県,岐阜市,カレーハウスココイチバンヤ岐阜大学前店,サービス,飲食業,2%
岐阜県,岐阜市,カレーハウスココイチバンヤ岐阜東興町店,サービス,飲食業,2%
岐阜県,岐阜市,カレーハウスＣｏＣｏ壱番屋岐阜都通店,サービス,飲食業,2%
岐阜県,岐阜市,カレーハウスＣｏＣｏ壱番屋名鉄岐阜駅前店,サービス,飲食業,2%
岐阜県,岐阜市,カレーハウスＣｏＣｏ壱番屋柳津店,サービス,飲食業,2%
岐阜県,岐阜市,Ｇａｌｌｅｒｉａ,サービス,飲食業,5%
岐阜県,岐阜市,河合塾マナビス忠節校,その他業種,ー,2%
岐阜県,岐阜市,河合塾マナビス長良校,その他業種,ー,2%
岐阜県,岐阜市,川島設備,サービス,その他サービス,5%
岐阜県,岐阜市,菊川美容健康道場,サービス,理容・美容業,5%
岐阜県,岐阜市,季節料理 うさ美,サービス,飲食業,5%
岐阜県,岐阜市,北鶉ＳＳ,小売業,ガソリンスタンド,2%
岐阜県,岐阜市,北野西ＳＳ,小売業,ガソリンスタンド,2%
岐阜県,岐阜市,岐日本社ＳＳ,小売業,ガソリンスタンド,2%
岐阜県,岐阜市,岐阜ＳＳ,小売業,ガソリンスタンド,2%
岐阜県,岐阜市,セブン－イレブン岐阜茜部本郷１丁目店,小売業,食料品,2%
岐阜県,岐阜市,セブン－イレブン岐阜芥見南山店,小売業,食料品,2%
岐阜県,岐阜市,セブン－イレブン岐阜粟野西１丁目店,小売業,食料品,2%
岐阜県,岐阜市,セブン－イレブン岐阜粟野西４丁目店,小売業,食料品,2%
岐阜県,岐阜市,岐阜市橋営業所,その他業種,ー,5%
岐阜県,岐阜市,セブン－イレブン岐阜今嶺３丁目店,小売業,食料品,2%
岐阜県,岐阜市,セブン－イレブン岐阜入舟町店,小売業,食料品,2%
岐阜県,岐阜市,セブン－イレブン岐阜岩田東２丁目店,小売業,食料品,2%
岐阜県,岐阜市,岐阜ＳＳ,小売業,ガソリンスタンド,2%
岐阜県,岐阜市,セブン－イレブン岐阜加納城南通３丁目店,小売業,食料品,2%
岐阜県,岐阜市,セブン－イレブン岐阜北一色店,小売業,食料品,2%
岐阜県,岐阜市,岐阜結婚相談所,サービス,その他サービス,5%
岐阜県,岐阜市,岐阜県酒造組合連合会,サービス,その他サービス,5%
岐阜県,岐阜市,岐阜県庁前ＳＳ,小売業,ガソリンスタンド,2%
岐阜県,岐阜市,岐阜県のおいしいお酒とお料理 くらうど,サービス,飲食業,5%
岐阜県,岐阜市,セブン－イレブン岐阜河渡店,小売業,食料品,2%
岐阜県,岐阜市,セブン－イレブン岐阜琴塚３丁目店,小売業,食料品,2%
岐阜県,岐阜市,セブン－イレブン岐阜鷺山東店,小売業,食料品,2%
岐阜県,岐阜市,岐阜シティ・タワー４３,サービス,飲食業,5%
岐阜県,岐阜市,セブン－イレブン岐阜市則武店,小売業,食料品,2%
岐阜県,岐阜市,セブン－イレブン岐阜島栄町２丁目店,小売業,食料品,2%
岐阜県,岐阜市,セブン－イレブン岐阜須賀３丁目店,小売業,食料品,2%
岐阜県,岐阜市,セブン－イレブン岐阜田神店,小売業,食料品,2%
岐阜県,岐阜市,セブン－イレブン岐阜東栄町店,小売業,食料品,2%
岐阜県,岐阜市,岐阜長森営業所,その他業種,ー,5%
岐阜県,岐阜市,セブン－イレブン岐阜長良橋通店,小売業,食料品,2%
岐阜県,岐阜市,セブン－イレブン岐阜長良福光西店,小売業,食料品,2%
岐阜県,岐阜市,岐阜日石 配送センタ－,小売業,ガソリンスタンド,2%
岐阜県,岐阜市,セブン－イレブン岐阜則武中４丁目店,小売業,食料品,2%
岐阜県,岐阜市,ぎふ初寿司岩野田分店,サービス,飲食業,5%
岐阜県,岐阜市,岐阜馬肉酒場馬喰ろう,サービス,飲食業,5%
岐阜県,岐阜市,セブン－イレブン岐阜東明見町店,小売業,食料品,2%
岐阜県,岐阜市,岐阜東ＳＳ,小売業,ガソリンスタンド,2%
岐阜県,岐阜市,セブン－イレブン岐阜東島２丁目店,小売業,食料品,2%
岐阜県,岐阜市,セブン－イレブン岐阜日野南店,小売業,食料品,2%
岐阜県,岐阜市,セブン－イレブン岐阜古市場神田店,小売業,食料品,2%
岐阜県,岐阜市,セブン－イレブン岐阜薮田東１丁目店,小売業,食料品,2%
岐阜県,岐阜市,セブン－イレブン岐阜領下２丁目店,小売業,食料品,2%
岐阜県,岐阜市,セブン－イレブン岐阜六条北４丁目店,小売業,食料品,2%
岐阜県,岐阜市,岐北サービス株式会社,サービス,その他サービス,5%
岐阜県,岐阜市,キャピックギフ,その他業種,ー,5%
岐阜県,岐阜市,ＧＡＬＬＥＲＹＣＬＥＦ,その他業種,ー,5%
岐阜県,岐阜市,キューサイ岐阜センター,その他業種,ー,5%
岐阜県,岐阜市,パナサーブ 共栄電器,小売業,電化製品,5%
岐阜県,岐阜市,京喰処京かんざし,サービス,飲食業,5%
岐阜県,岐阜市,キリスト教葬儀社 恵みとまこと,サービス,その他サービス,5%
岐阜県,岐阜市,きんか,サービス,宿泊業,5%
岐阜県,岐阜市,Ｃｏｏ＆ＲＩＫＵ岐阜店,小売業,その他小売,5%
岐阜県,岐阜市,Ｑｕｉｃｋ 岐阜店,サービス,その他サービス,5%
岐阜県,岐阜市,グッドサービス,サービス,その他サービス,5%
岐阜県,岐阜市,ＣＬＡＶＩＳ Ｎｏａｈ,サービス,理容・美容業,5%
岐阜県,岐阜市,グラサヴォーグ岐阜,サービス,理容・美容業,5%
岐阜県,岐阜市,くらしの便利屋さん,小売業,その他小売,5%
岐阜県,岐阜市,Ｃｌｕｂ Ｂｕｒａｓｓａｉ?クラブ ブラッサイ?,サービス,飲食業,5%
岐阜県,岐阜市,蔵前ＳＳ,小売業,ガソリンスタンド,2%
岐阜県,岐阜市,ＧＲＡＮＤ ＤＥＳＩＧＮ 岐阜店,サービス,理容・美容業,5%
岐阜県,岐阜市,クリーンランド青山 六条店,サービス,その他サービス,5%
岐阜県,岐阜市,株式会社 ＣＲＥＳＴ ＣＲＥＳＴ,小売業,衣料品,5%
岐阜県,岐阜市,楮,サービス,飲食業,5%
岐阜県,岐阜市,酵素温浴香和,サービス,その他サービス,5%
岐阜県,岐阜市,楮はなれ,サービス,飲食業,5%
岐阜県,岐阜市,香福屋,小売業,食料品,5%
岐阜県,岐阜市,合名会社油重商店 笠松ＳＳ,小売業,ガソリンスタンド,2%
岐阜県,岐阜市,セブンーイレブンＫＯＹＯ岐阜県総合医療センター店,小売業,食料品,2%
岐阜県,岐阜市,珈琲屋 さむ,サービス,飲食業,5%
岐阜県,岐阜市,珈琲屋さむ,サービス,飲食業,5%
岐阜県,岐阜市,ｃｏｃｏａ接骨院,サービス,その他サービス,5%
岐阜県,岐阜市,ＣｏＣｏ壱番屋岐阜茜部店,小売業,食料品,2%
岐阜県,岐阜市,ＣＯＣＯ壱番屋岐阜メモリアルセンター前店,サービス,飲食業,2%
岐阜県,岐阜市,心のための習い事,その他業種,ー,5%
岐阜県,岐阜市,こすもす薬局鹿島町店,小売業,その他小売,5%
岐阜県,岐阜市,クニエダ電器,小売業,電化製品,5%
岐阜県,岐阜市,後藤無線商会,小売業,電化製品,5%
岐阜県,岐阜市,ｃｏｔｏｌａ,その他業種,ー,5%
岐阜県,岐阜市,こばと理容,サービス,理容・美容業,5%
岐阜県,岐阜市,古民家スペース＆カフェバー空と月,サービス,飲食業,5%
岐阜県,岐阜市,ゴルフカーニバル岐阜店,小売業,その他小売,5%
岐阜県,岐阜市,ゴルフパートナー 岐阜茜部店,小売業,その他小売,2%
岐阜県,岐阜市,金剛堂 岐阜店,小売業,家具・調度品,5%
岐阜県,岐阜市,サイクルショップオギス,小売業,その他小売,5%
岐阜県,岐阜市,彩食ダイニングさくら小町 金華橋店,サービス,飲食業,5%
岐阜県,岐阜市,栄寿司,サービス,飲食業,5%
岐阜県,岐阜市,栄電気,小売業,電化製品,5%
岐阜県,岐阜市,坂口電機,小売業,電化製品,5%
岐阜県,岐阜市,肴・炭・酒 たまりば,サービス,飲食業,5%
岐阜県,岐阜市,ＳＡＫＥ ＢＡＲ 百蔵,サービス,飲食業,5%
岐阜県,岐阜市,酒アルコ岐阜北店,小売業,食料品,5%
岐阜県,岐阜市,酒＆フード だいこく屋,小売業,食料品,5%
岐阜県,岐阜市,酒のソクハイ柳ヶ瀬店,小売業,その他小売,5%
岐阜県,岐阜市,酒のひろせ,小売業,食料品,5%
岐阜県,岐阜市,ＳＡＴＳＵＫＩ ＴＡＩＬＯＲ,サービス,飲食業,5%
岐阜県,岐阜市,サロン ド ボーテ ラーンジュ,サービス,理容・美容業,5%
岐阜県,岐阜市,サロンプラナスペース,サービス,飲食業,5%
岐阜県,岐阜市,ＳＵＮ ＤＡＹｓ ＧＯＯＤ,小売業,その他小売,5%
岐阜県,岐阜市,サン家電マコト,小売業,電化製品,5%
岐阜県,岐阜市,さんぞう,サービス,飲食業,5%
岐阜県,岐阜市,ＧＩＴＡ（ジータ）,サービス,飲食業,5%
岐阜県,岐阜市,Ｇるーと岐阜,小売業,食料品,5%
岐阜県,岐阜市,ジェイスクエア,サービス,その他サービス,5%
岐阜県,岐阜市,ジェームス柳津店,小売業,その他小売,2%
岐阜県,岐阜市,姿勢Ｌａｂｏ,サービス,理容・美容業,5%
岐阜県,岐阜市,ジュエリー＆ウォッチ ゴシマ,小売業,貴金属・服飾品,5%
岐阜県,岐阜市,旬菜屋 西むら,サービス,飲食業,5%
岐阜県,岐阜市,松栄堂楽器 県庁前店,小売業,その他小売,5%
岐阜県,岐阜市,松栄堂楽器 ミューズタワー岐阜,小売業,その他小売,5%
岐阜県,岐阜市,ジョルジョ,小売業,衣料品,5%
岐阜県,岐阜市,（有）白川フォトスタヂオ,サービス,その他サービス,5%
岐阜県,岐阜市,白川フォトスタヂオ,サービス,その他サービス,5%
岐阜県,岐阜市,シンシア長森南ＳＳ,小売業,ガソリンスタンド,2%
岐阜県,岐阜市,杉浦電機,小売業,電化製品,5%
岐阜県,岐阜市,須田塾岩田校,その他業種,ー,5%
岐阜県,岐阜市,ステーキ 鉄板 なか壱,サービス,飲食業,5%
岐阜県,岐阜市,ストレート 岐阜店,小売業,その他小売,5%
岐阜県,岐阜市,スポーツクラブ ミニッツ,サービス,その他サービス,5%
岐阜県,岐阜市,ＳＰＯＲＴＥＲＳ,その他業種,ー,5%
岐阜県,岐阜市,住まいる家電 日進,小売業,電化製品,5%
岐阜県,岐阜市,住まいる家電 ひおき,小売業,電化製品,5%
岐阜県,岐阜市,住まいる家電 ふじた,小売業,電化製品,5%
岐阜県,岐阜市,住まいる家電 まつお,小売業,電化製品,5%
岐阜県,岐阜市,住まいる家電 マンスケパネレクト,小売業,電化製品,5%
岐阜県,岐阜市,住まいる家電 むかい,小売業,電化製品,5%
岐阜県,岐阜市,ＳＬＯＷＲＯＯＭ ｃａｆｅ ｂａｒ ｒｅｃｏｒｄ ｓｌｏｗ ｒｏｏｍ,サービス,飲食業,5%
岐阜県,岐阜市,整体カイロプラス,サービス,その他サービス,5%
岐阜県,岐阜市,清流書店,小売業,書籍・玩具・音楽ＣＤ,5%
岐阜県,岐阜市,Ｓｅｌｆ Ｍ?１ 笠松店,小売業,ガソリンスタンド,2%
岐阜県,岐阜市,千賀 県庁前店,小売業,貴金属・服飾品,5%
岐阜県,岐阜市,千賀 長良福光店,小売業,貴金属・服飾品,5%
岐阜県,岐阜市,千賀本店 １Ｆ,小売業,貴金属・服飾品,5%
岐阜県,岐阜市,千賀本店 ２Ｆ,小売業,貴金属・服飾品,5%
岐阜県,岐阜市,千成寿司日置江支店 千成寿司日置江支店,サービス,飲食業,5%
岐阜県,岐阜市,洗屋今小町店,サービス,その他サービス,5%
岐阜県,岐阜市,洗屋駅南店,サービス,その他サービス,5%
岐阜県,岐阜市,洗屋加納店,サービス,その他サービス,5%
岐阜県,岐阜市,洗屋クリーニング 三里店,サービス,その他サービス,5%
岐阜県,岐阜市,洗屋正木店,サービス,その他サービス,5%
岐阜県,岐阜市,総合印章 周山堂,小売業,書籍・玩具・音楽ＣＤ,5%
岐阜県,岐阜市,創作和食 究極のそば 東島慎,サービス,飲食業,5%
岐阜県,岐阜市,曽我屋ＳＳ,小売業,ガソリンスタンド,2%
岐阜県,岐阜市,Ｄａｍｅ ｄｅ ｒｏｓｅ,サービス,理容・美容業,5%
岐阜県,岐阜市,だいこく屋,小売業,食料品,5%
岐阜県,岐阜市,泰誠館バロー市橋店,サービス,その他サービス,5%
岐阜県,岐阜市,ダイマル 大丸貸衣装店,サービス,その他サービス,5%
岐阜県,岐阜市,大丸貸衣装店,サービス,その他サービス,5%
岐阜県,岐阜市,棚橋ファーム,小売業,食料品,5%
岐阜県,岐阜市,旦島ＳＳ,小売業,ガソリンスタンド,2%
岐阜県,岐阜市,中国料理一番楼 中国料理一番楼,サービス,飲食業,5%
岐阜県,岐阜市,ちょう助,サービス,飲食業,5%
岐阜県,岐阜市,徒然舎,小売業,書籍・玩具・音楽ＣＤ,5%
岐阜県,岐阜市,エステティックルームティアラ,サービス,理容・美容業,5%
岐阜県,岐阜市,Ｔｅａ ｇａｒｄｅｎ,サービス,飲食業,5%
岐阜県,岐阜市,ＤＰ茜部南,サービス,理容・美容業,5%
岐阜県,岐阜市,ＤＰ芥見,サービス,理容・美容業,5%
岐阜県,岐阜市,ＤＰ長良,サービス,理容・美容業,5%
岐阜県,岐阜市,ＴＪ天気予報３ページ 岐阜店,サービス,理容・美容業,5%
岐阜県,岐阜市,電化のキョーエー,小売業,電化製品,5%
岐阜県,岐阜市,でんかマルハチ,小売業,電化製品,5%
岐阜県,岐阜市,でんき屋スエナミ,小売業,電化製品,5%
岐阜県,岐阜市,天食かまど,サービス,飲食業,5%
岐阜県,岐阜市,天王寺ＳＳ,小売業,ガソリンスタンド,2%
岐阜県,岐阜市,てんぷら元,サービス,飲食業,5%
岐阜県,岐阜市,東亜無線,小売業,電化製品,5%
岐阜県,岐阜市,セブン－イレブン東海学院大学前店,小売業,食料品,2%
岐阜県,岐阜市,東海補聴器センター岐阜店,小売業,その他小売,5%
岐阜県,岐阜市,Ｄｒ．Ｄｒｉｖｅ岐大バイパス店,小売業,ガソリンスタンド,2%
岐阜県,岐阜市,Ｄｒ．Ｄｒｉｖｅ岐阜駅前店,小売業,ガソリンスタンド,2%
岐阜県,岐阜市,Ｄｒ．Ｄｒｉｖｅ敷島町店,小売業,ガソリンスタンド,2%
岐阜県,岐阜市,Ｄｒ．Ｄｒｉｖｅ城南通店,小売業,ガソリンスタンド,2%
岐阜県,岐阜市,Ｄｒ．Ｄｒｉｖｅセルフ茜部大川店,小売業,ガソリンスタンド,2%
岐阜県,岐阜市,Ｄｒ．Ｄｒｉｖｅセルフ粟野東店,小売業,ガソリンスタンド,2%
岐阜県,岐阜市,Ｄｒ．Ｄｒｉｖｅセルフ岐阜島店,小売業,ガソリンスタンド,2%
岐阜県,岐阜市,Ｄｒ．Ｄｒｉｖｅセルフ岐阜則武店,小売業,ガソリンスタンド,2%
岐阜県,岐阜市,Ｄｒ．Ｄｒｉｖｅセルフ県庁北店,小売業,ガソリンスタンド,2%
岐阜県,岐阜市,Ｄｒ．ＤｒｉｖｅセルフＲ２１六条店,小売業,ガソリンスタンド,2%
岐阜県,岐阜市,Ｄｒ．Ｄｒｉｖｅ中央市場南店,小売業,ガソリンスタンド,2%
岐阜県,岐阜市,Ｄｒ．Ｄｒｉｖｅ福光店,小売業,ガソリンスタンド,2%
岐阜県,岐阜市,Ｄｒ．Ｄｒｉｖｅ六条店,小売業,ガソリンスタンド,2%
岐阜県,岐阜市,トヨタレンタリース岐阜 金園店,サービス,その他サービス,2%
岐阜県,岐阜市,トヨタレンタリース岐阜 ＪＲ岐阜駅前店,サービス,その他サービス,2%
岐阜県,岐阜市,トヨタレンタリース岐阜茜部店,サービス,その他サービス,2%
岐阜県,岐阜市,トヨタレンタリース岐阜手力店,サービス,その他サービス,2%
岐阜県,岐阜市,トヨタレンタリース岐阜薮田店,サービス,その他サービス,2%
岐阜県,岐阜市,トヨタレンタリース岐阜 茜部店,その他業種,ー,2%
岐阜県,岐阜市,トヨタレンタリース岐阜 金園店,その他業種,ー,2%
岐阜県,岐阜市,トヨタレンタリース岐阜 ＪＲ岐阜駅前店,その他業種,ー,2%
岐阜県,岐阜市,トヨタレンタリース岐阜 手力店,その他業種,ー,2%
岐阜県,岐阜市,トヨタレンタリース岐阜 薮田店,その他業種,ー,2%
岐阜県,岐阜市,ドレスワールド服創屋,小売業,衣料品,5%
岐阜県,岐阜市,ドロップ,サービス,飲食業,5%
岐阜県,岐阜市,とろやす／十兵衛,サービス,飲食業,5%
岐阜県,岐阜市,（有）蔵屋とんかつ蔵屋,サービス,飲食業,5%
岐阜県,岐阜市,中西眼鏡店,小売業,その他小売,5%
岐阜県,岐阜市,ナガラタタンカフェ,サービス,飲食業,5%
岐阜県,岐阜市,ナガラタタンスイーツ,サービス,飲食業,5%
岐阜県,岐阜市,ナガラタタンベーカリー,サービス,飲食業,5%
岐阜県,岐阜市,ｎｉａ,サービス,理容・美容業,5%
岐阜県,岐阜市,にかた,サービス,飲食業,5%
岐阜県,岐阜市,西川手ＳＳ,小売業,ガソリンスタンド,2%
岐阜県,岐阜市,ニシキデンキ,小売業,電化製品,5%
岐阜県,岐阜市,西野町ＳＳ,小売業,ガソリンスタンド,2%
岐阜県,岐阜市,株式会社ニッケン,小売業,その他小売,5%
岐阜県,岐阜市,日本料理しまだ,サービス,飲食業,5%
岐阜県,岐阜市,ニュー笠松ＳＳ,小売業,ガソリンスタンド,2%
岐阜県,岐阜市,人形の堀田,小売業,その他小売,5%
岐阜県,岐阜市,ネイルココロ,サービス,理容・美容業,5%
岐阜県,岐阜市,ネイルサロンウーア,サービス,理容・美容業,5%
岐阜県,岐阜市,ＮＥＯＳＴＹＬＥＯＲＤＥＲ,小売業,衣料品,5%
岐阜県,岐阜市,パークライフ,小売業,衣料品,5%
岐阜県,岐阜市,ＨＡＲＤＯＦＦ岐阜うさ店,小売業,書籍・玩具・音楽ＣＤ,2%
岐阜県,岐阜市,ハートランド芥見給油所,小売業,ガソリンスタンド,2%
岐阜県,岐阜市,ＨＩＶＥ,サービス,その他サービス,5%
岐阜県,岐阜市,白英舎本店,サービス,その他サービス,5%
岐阜県,岐阜市,八十八商店 ＧＩＦＵ,サービス,飲食業,5%
岐阜県,岐阜市,はづき動物病院,サービス,その他サービス,5%
岐阜県,岐阜市,パティスリー ｎｉｃｏ パティスリー ｎｉｃｏ,サービス,飲食業,5%
岐阜県,岐阜市,パティスリーすぴか,小売業,食料品,5%
岐阜県,岐阜市,パナウェーブ イチハラ,小売業,電化製品,5%
岐阜県,岐阜市,パナウエーブ 新栄,小売業,電化製品,5%
岐阜県,岐阜市,ＨＡＮＡＺＡＷＡ酒店,サービス,飲食業,5%
岐阜県,岐阜市,パナショップ 小林,小売業,電化製品,5%
岐阜県,岐阜市,パナショップ 仁木,小売業,電化製品,5%
岐阜県,岐阜市,パナライフないとう,小売業,電化製品,5%
岐阜県,岐阜市,浜焼き食堂 百蔵,サービス,飲食業,5%
岐阜県,岐阜市,濱芳 濱芳,サービス,飲食業,5%
岐阜県,岐阜市,はやし酒店,小売業,食料品,5%
岐阜県,岐阜市,早水カバン店 早水カバン店,小売業,その他小売,5%
岐阜県,岐阜市,はんこ堂ドットコム 日本印章店 はんこ堂 日本印章,小売業,その他小売,5%
岐阜県,岐阜市,半田水園 岐阜店,小売業,その他小売,5%
岐阜県,岐阜市,パンダプールマフィン,小売業,食料品,5%
岐阜県,岐阜市,ｐａｎｄ,小売業,衣料品,5%
岐阜県,岐阜市,パントラベルサービス株式会社,サービス,その他サービス,5%
岐阜県,岐阜市,ＨＡＭＭＯＣＫ,小売業,衣料品,5%
岐阜県,岐阜市,Ｂ＋,サービス,理容・美容業,5%
岐阜県,岐阜市,ビームストータルビューティー西中島,サービス,理容・美容業,5%
岐阜県,岐阜市,ビームズ正木,サービス,理容・美容業,5%
岐阜県,岐阜市,ＰｉｕＬｏｒｏ,小売業,衣料品,5%
岐阜県,岐阜市,日置江ＳＳ,小売業,ガソリンスタンド,2%
岐阜県,岐阜市,日置江ＳＳ,小売業,ガソリンスタンド,2%
岐阜県,岐阜市,Ｊａｉｒｏ ージャイロー,サービス,飲食業,5%
岐阜県,岐阜市,ひだまりほーむ,その他業種,ー,5%
岐阜県,岐阜市,びっくりドンキー岐阜六条店,サービス,飲食業,2%
岐阜県,岐阜市,ピットワンタイヤーズ,小売業,その他小売,5%
岐阜県,岐阜市,ヒトノネ,サービス,その他サービス,5%
岐阜県,岐阜市,日野どうぶつ病院,サービス,その他サービス,5%
岐阜県,岐阜市,日の丸石油配送センタ－,小売業,その他小売,2%
岐阜県,岐阜市,日の丸石油 本社ＳＳ,小売業,その他小売,2%
岐阜県,岐阜市,日の丸トラベル,サービス,その他サービス,5%
岐阜県,岐阜市,美容カイロウェルネスカラー,サービス,その他サービス,5%
岐阜県,岐阜市,美容室ぺぺ,サービス,理容・美容業,5%
岐阜県,岐阜市,美容室ＭａｋｅＮａｇａｒａ,サービス,理容・美容業,5%
岐阜県,岐阜市,平野鈑金工業株式会社,サービス,その他サービス,5%
岐阜県,岐阜市,ヒラミツ印工房,小売業,その他小売,5%
岐阜県,岐阜市,ビリオン珈琲 則武店 則武店,サービス,飲食業,5%
岐阜県,岐阜市,ヒロセヤ,小売業,その他小売,5%
岐阜県,岐阜市,ｆａｖｏｒｉ,サービス,理容・美容業,5%
岐阜県,岐阜市,ＦＩＴ,サービス,その他サービス,5%
岐阜県,岐阜市,ｐｈｅｎｏｍ,小売業,衣料品,5%
岐阜県,岐阜市,フォローズ,小売業,その他小売,5%
岐阜県,岐阜市,福助精肉店,小売業,食料品,5%
岐阜県,岐阜市,フクモトデンキ,小売業,電化製品,5%
岐阜県,岐阜市,藤田商店,小売業,その他小売,5%
岐阜県,岐阜市,ＢＯＯＫＯＦＦ岐阜うさ店,小売業,書籍・玩具・音楽ＣＤ,2%
岐阜県,岐阜市,ＢＯＯＫＯＦＦ岐阜則武店,小売業,書籍・玩具・音楽ＣＤ,2%
岐阜県,岐阜市,フットサルアリーナ 西岐阜,サービス,その他サービス,5%
岐阜県,岐阜市,舟亭 舟亭,サービス,飲食業,5%
岐阜県,岐阜市,ぶらっ菜 本店,サービス,飲食業,5%
岐阜県,岐阜市,ＦｌｏｗｅｒＳｔｙｌｅ,小売業,その他小売,5%
岐阜県,岐阜市,クリーニングのフランス家,サービス,その他サービス,5%
岐阜県,岐阜市,古道具モックモック,小売業,家具・調度品,5%
岐阜県,岐阜市,プレリュード洋菓子 粟野店,小売業,その他小売,5%
岐阜県,岐阜市,プレリュード洋菓子 プレリュード洋菓子 福光店,小売業,その他小売,5%
岐阜県,岐阜市,ＢＬＯＷ?ＵＰ,サービス,理容・美容業,5%
岐阜県,岐阜市,ぶんごや 移動販売,サービス,飲食業,5%
岐阜県,岐阜市,Ｈａｉｒ＆Ｓｐａ ＴＯＭＯ,サービス,理容・美容業,5%
岐阜県,岐阜市,ヘアークリエイター フォルム,サービス,理容・美容業,5%
岐阜県,岐阜市,ヘアーサロン Ｃｏｃｏ,サービス,理容・美容業,5%
岐阜県,岐阜市,Ｄ．ｃ．ｔ,サービス,理容・美容業,5%
岐阜県,岐阜市,ｈａｉｒｍｕｓｕｂｉ,サービス,理容・美容業,5%
岐阜県,岐阜市,Ｈａｉｒ Ｍａｋｅ ＳＯＲＡ Ｈａｉｒ Ｍａｋｅ ＳＯＲＡ,サービス,理容・美容業,5%
岐阜県,岐阜市,ベーカリーショップ ロンドン,小売業,食料品,5%
岐阜県,岐阜市,ペグ 名鉄岐阜イクト店,小売業,衣料品,5%
岐阜県,岐阜市,ペットセレモニー ノアの杜,サービス,その他サービス,5%
岐阜県,岐阜市,ヘナ専門美容室 月と風 えこのわ本舗 城東通り店,小売業,総合（非専門）,5%
岐阜県,岐阜市,ヘナ専門美容室 月と風 長良店,サービス,理容・美容業,5%
岐阜県,岐阜市,Ｂａｂｙ Ｌｅａｆ,サービス,飲食業,5%
岐阜県,岐阜市,Ｂｅｌｌｏーｏｔｔｉｃａ,小売業,その他小売,5%
岐阜県,岐阜市,ホームパートナーいちかわ,小売業,電化製品,5%
岐阜県,岐阜市,ホームパートナー北市川,小売業,電化製品,5%
岐阜県,岐阜市,保護猫カフェネコリパブリック 岐阜店,サービス,その他サービス,5%
岐阜県,岐阜市,細川デンキ,小売業,電化製品,5%
岐阜県,岐阜市,ほっこり癒 ほっこり癒,サービス,その他サービス,5%
岐阜県,岐阜市,ほのぼの中華 金の鶏,サービス,飲食業,5%
岐阜県,岐阜市,ホームパートナー たかはし,小売業,電化製品,5%
岐阜県,岐阜市,ホームパートナー エサキ,小売業,電化製品,5%
岐阜県,岐阜市,ホームパートナー おおの,小売業,電化製品,5%
岐阜県,岐阜市,ホームパートナーさぎやま,小売業,電化製品,5%
岐阜県,岐阜市,ホームパートナーヤマナカ,小売業,電化製品,5%
岐阜県,岐阜市,堀江メガネ,小売業,その他小売,5%
岐阜県,岐阜市,ホワイト テラス Ｗｈｉｔｅ Ｔｅｒｒａｃｅ,サービス,理容・美容業,5%
岐阜県,岐阜市,ＷＨＩＴＥ ＴＥＲＲＡＣＥ,サービス,理容・美容業,5%
岐阜県,岐阜市,ホワイトハウス 茜部店,サービス,その他サービス,5%
岐阜県,岐阜市,本社 ＥＮＥＲＩＳ,小売業,ガソリンスタンド,2%
岐阜県,岐阜市,本社事務所,小売業,ガソリンスタンド,2%
岐阜県,岐阜市,本社直売課,小売業,ガソリンスタンド,2%
岐阜県,岐阜市,マクドナルド芥見店,サービス,飲食業,2%
岐阜県,岐阜市,マクドナルド岐阜アピタ店,サービス,飲食業,2%
岐阜県,岐阜市,マクドナルド岐阜オーキッドパーク店,サービス,飲食業,2%
岐阜県,岐阜市,マクドナルド岐阜県庁前店,サービス,飲食業,2%
岐阜県,岐阜市,マクドナルド岐阜則武店,サービス,飲食業,2%
岐阜県,岐阜市,マクドナルド岐阜マーサ２１店,サービス,飲食業,2%
岐阜県,岐阜市,マクドナルド岐阜柳津店,サービス,飲食業,2%
岐阜県,岐阜市,マクドナルド新岐阜駅前店,サービス,飲食業,2%
岐阜県,岐阜市,マクドナルド長良店,サービス,飲食業,2%
岐阜県,岐阜市,まつエク専門サロン ＤＩＬＥＴＴＯ ＤＩＬＥＴＴＯ,サービス,理容・美容業,5%
岐阜県,岐阜市,松坂屋精肉店,小売業,食料品,5%
岐阜県,岐阜市,ＭＡＤＯショップ岐阜中央店,小売業,その他小売,5%
岐阜県,岐阜市,豆葉カフェ 豆葉カフェ,サービス,飲食業,5%
岐阜県,岐阜市,円山プリンセス 岐阜薮田店,サービス,その他サービス,5%
岐阜県,岐阜市,三星カメラ マーサ２１店,小売業,その他小売,5%
岐阜県,岐阜市,三星カメラ本店,小売業,電化製品,5%
岐阜県,岐阜市,ミツワ,小売業,衣料品,5%
岐阜県,岐阜市,ミニッツラウンドゴルフ,サービス,その他サービス,5%
岐阜県,岐阜市,Mini Lover's Cafe西鶉,サービス,飲食業,5%
岐阜県,岐阜市,ｍｉｎｏ本店,サービス,飲食業,5%
岐阜県,岐阜市,宮脇書店 柳津店,小売業,書籍・玩具・音楽ＣＤ,5%
岐阜県,岐阜市,ミュージックハウスフレンズ,サービス,その他サービス,5%
岐阜県,岐阜市,妙香園岐阜店,小売業,食料品,5%
岐阜県,岐阜市,武藤電機,小売業,電化製品,5%
岐阜県,岐阜市,ＭＵＲＯ＇ｓＣＯＦＦＥＥ,小売業,総合（非専門）,5%
岐阜県,岐阜市,名紳 名紳岐阜総本店,小売業,衣料品,5%
岐阜県,岐阜市,メガネ赤札堂 岐阜正木店,小売業,貴金属・服飾品,5%
岐阜県,岐阜市,メディカルサロンアベイユ,サービス,理容・美容業,5%
岐阜県,岐阜市,もみかる 岐阜長良店,サービス,理容・美容業,5%
岐阜県,岐阜市,森屋ＳＳ,小売業,ガソリンスタンド,2%
岐阜県,岐阜市,ＭＯＮＤＯ,小売業,家具・調度品,5%
岐阜県,岐阜市,焼肉 旬やさい ファンボギ,サービス,飲食業,5%
岐阜県,岐阜市,柳ヶ瀬 酒房 安兵衛,サービス,飲食業,5%
岐阜県,岐阜市,山川醸造（株）,小売業,食料品,5%
岐阜県,岐阜市,やまだ陶苑 やまだ陶苑,小売業,家具・調度品,5%
岐阜県,岐阜市,ヤマデン こばやし,小売業,電化製品,5%
岐阜県,岐阜市,ヤマモトトータルコンディショニングラボ,その他業種,ー,5%
岐阜県,岐阜市,有限会社 安藤商店,小売業,その他小売,5%
岐阜県,岐阜市,ａｎｓｌｅｅｐ,サービス,理容・美容業,5%
岐阜県,岐阜市,有限会社一光堂,小売業,家具・調度品,5%
岐阜県,岐阜市,有限会社かわむら自動車,サービス,その他サービス,5%
岐阜県,岐阜市,有限会社タカダ自動車,小売業,その他小売,5%
岐阜県,岐阜市,有限会社タツヒロモータース,小売業,その他小売,5%
岐阜県,岐阜市,有名ブランドフォーマルＭ．Ｃ．,小売業,衣料品,5%
岐阜県,岐阜市,ユヌ・ランコント,サービス,理容・美容業,5%
岐阜県,岐阜市,ラーメン金太郎,サービス,飲食業,5%
岐阜県,岐阜市,ライブヤマデン,小売業,電化製品,5%
岐阜県,岐阜市,ＯＲＣ株式会社,サービス,理容・美容業,2%
岐阜県,岐阜市,楽山荘,小売業,その他小売,5%
岐阜県,岐阜市,楽山荘 日野店,小売業,その他小売,5%
岐阜県,岐阜市,ｒｕｓｔｉｃｏ長良,サービス,飲食業,5%
岐阜県,岐阜市,ラ・ルーナピエーナ,サービス,飲食業,5%
岐阜県,岐阜市,リサイクルマート県庁前店,小売業,その他小売,5%
岐阜県,岐阜市,ＲＩＳＴＯＲＡＮＴＥ ＩＬ ＰＲＥＳＩＤＥＮＴＥ,サービス,飲食業,5%
岐阜県,岐阜市,ｌｉｔｏ,サービス,理容・美容業,5%
岐阜県,岐阜市,ＲＥＶＥＲＳＥＳＴＯＲＥ,小売業,衣料品,5%
岐阜県,岐阜市,ＬＩＶＩＴＯ岐阜店,その他業種,ー,5%
岐阜県,岐阜市,りぶれアメニティサービス 岐阜店,サービス,その他サービス,5%
岐阜県,岐阜市,旅館すぎ山,サービス,宿泊業,5%
岐阜県,岐阜市,旅館すぎ山,サービス,宿泊業,5%
岐阜県,岐阜市,和菓子処 緑水庵 鏡島店,小売業,その他小売,5%
岐阜県,岐阜市,緑水庵芥見店,小売業,食料品,5%
岐阜県,岐阜市,緑水庵 川原町店,サービス,飲食業,5%
岐阜県,岐阜市,緑水庵 長森店,小売業,食料品,5%
岐阜県,岐阜市,リラクゼーション猫目堂,サービス,その他サービス,5%
岐阜県,岐阜市,ルクリア,サービス,理容・美容業,5%
岐阜県,岐阜市,サロンドレーブ,サービス,飲食業,5%
岐阜県,岐阜市,レストラン タケウチ,サービス,飲食業,5%
岐阜県,岐阜市,ロードアイランド ２１ ＳＳ,小売業,ガソリンスタンド,2%
岐阜県,岐阜市,ろく条ときわ,サービス,飲食業,5%
岐阜県,岐阜市,Ｒｏｓｅｔｔａ,サービス,理容・美容業,5%
岐阜県,岐阜市,ワールド電化,小売業,電化製品,5%
岐阜県,岐阜市,Ｙ ｓ Ｃｈｉｆｆｏｎ,小売業,その他小売,5%
岐阜県,岐阜市,和菓子処 緑水庵 長良店,小売業,その他小売,5%
岐阜県,郡上市,相生,小売業,ガソリンスタンド,2%
岐阜県,郡上市,出光上田ＳＳ,小売業,ガソリンスタンド,2%
岐阜県,郡上市,出光高鷲ＳＳ,小売業,ガソリンスタンド,2%
岐阜県,郡上市,出光蛭ケ野ＳＳ,小売業,ガソリンスタンド,2%
岐阜県,郡上市,出光明宝大谷ＳＳ,小売業,ガソリンスタンド,2%
岐阜県,郡上市,田舎の宿 おのそう,サービス,宿泊業,5%
岐阜県,郡上市,岩崎模型製造株式会社 サンプルビレッジいわさき,サービス,その他サービス,5%
岐阜県,郡上市,ウインド オグリ,小売業,電化製品,5%
岐阜県,郡上市,ウインド 八幡ムセン,小売業,電化製品,5%
岐阜県,郡上市,上田楽器店,小売業,書籍・玩具・音楽ＣＤ,5%
岐阜県,郡上市,Ａコープおくみの店,小売業,総合（非専門）,5%
岐阜県,郡上市,Ａコープ郡上店,小売業,総合（非専門）,5%
岐阜県,郡上市,エレキ社フクテ店,小売業,電化製品,5%
岐阜県,郡上市,オートオアシス郡上,小売業,ガソリンスタンド,2%
岐阜県,郡上市,お抹茶処 宗祇庵,サービス,飲食業,5%
岐阜県,郡上市,かつ弥,サービス,飲食業,5%
岐阜県,郡上市,有限会社カトー薬局,小売業,その他小売,5%
岐阜県,郡上市,株式会社昭和鈑金,サービス,その他サービス,5%
岐阜県,郡上市,株式会社水のまち郡上八幡 水のまち流響の里 売店,小売業,食料品,5%
岐阜県,郡上市,かみよし,小売業,ガソリンスタンド,2%
岐阜県,郡上市,キッチントット,サービス,飲食業,5%
岐阜県,郡上市,郡上ヴァカンス村ホテル,サービス,宿泊業,5%
岐阜県,郡上市,郡上石油 カード,小売業,ガソリンスタンド,2%
岐阜県,郡上市,郡上中坪ＳＳ,小売業,ガソリンスタンド,2%
岐阜県,郡上市,郡上八幡駅舎カフェ,小売業,その他小売,5%
岐阜県,郡上市,郡上八幡旧庁舎記念館,小売業,その他小売,5%
岐阜県,郡上市,有限会社郡上八幡自然園,サービス,宿泊業,5%
岐阜県,郡上市,郡上八幡城,サービス,その他サービス,5%
岐阜県,郡上市,郡上八幡城下町プラザ,小売業,その他小売,5%
岐阜県,郡上市,郡上八幡動物病院,サービス,その他サービス,5%
岐阜県,郡上市,郡上八幡美山鍾乳洞,サービス,その他サービス,5%
岐阜県,郡上市,セブン－イレブン郡上大和店,小売業,食料品,2%
岐阜県,郡上市,郡上割り箸,小売業,総合（非専門）,5%
岐阜県,郡上市,クニタスポーツ クニタスポーツ,小売業,その他小売,5%
岐阜県,郡上市,ゲストハウス キンザザ,サービス,宿泊業,5%
岐阜県,郡上市,合資会社大阪屋,小売業,衣料品,5%
岐阜県,郡上市,小林楽器店,小売業,書籍・玩具・音楽ＣＤ,5%
岐阜県,郡上市,コロンバッチョ ピッツェリア コロンバッチョ,サービス,飲食業,5%
岐阜県,郡上市,ＧＯＮＺＡ,サービス,飲食業,5%
岐阜県,郡上市,サンセイデンキ,小売業,電化製品,5%
岐阜県,郡上市,さんたべーる 奥美濃園,サービス,飲食業,5%
岐阜県,郡上市,Ｇ?ＳＱＵＡＲＥ,サービス,飲食業,5%
岐阜県,郡上市,じぇいあん,サービス,飲食業,5%
岐阜県,郡上市,シェソワ ワカミヤ,サービス,宿泊業,5%
岐阜県,郡上市,シマザキ 八幡店,小売業,貴金属・服飾品,5%
岐阜県,郡上市,シマザキ Ｐｉｏ本店,小売業,貴金属・服飾品,5%
岐阜県,郡上市,?荷渓房,サービス,宿泊業,5%
岐阜県,郡上市,白鳥,小売業,ガソリンスタンド,2%
岐阜県,郡上市,白鳥自動車整備協業組合,小売業,その他小売,5%
岐阜県,郡上市,住まいる家電美並,小売業,電化製品,5%
岐阜県,郡上市,せせらぎ街道の宿たかお,サービス,宿泊業,5%
岐阜県,郡上市,洗門館ふるかわＰｉｏ店,サービス,その他サービス,5%
岐阜県,郡上市,タカラギャラリーワークルーム,サービス,その他サービス,5%
岐阜県,郡上市,たにざわ,小売業,衣料品,5%
岐阜県,郡上市,中華料理しょうりゅう 郡上店,サービス,飲食業,5%
岐阜県,郡上市,デイリー郡上カントリー倶楽部,サービス,その他サービス,5%
岐阜県,郡上市,テラキチ,その他業種,ー,5%
岐阜県,郡上市,Ｔｕｕｌｉひるがの店,小売業,衣料品,5%
岐阜県,郡上市,パウメトウ郡上八幡インターＳＳ,小売業,ガソリンスタンド,2%
岐阜県,郡上市,花自由区 花ふりーく 花自由区,小売業,その他小売,5%
岐阜県,郡上市,花屋のかとう 花屋のかとう,小売業,その他小売,5%
岐阜県,郡上市,飛騨牛 ダイニング かはん,サービス,飲食業,5%
岐阜県,郡上市,ヒローズ Ｐｉｏ店,小売業,食料品,5%
岐阜県,郡上市,ＨＯＯＤ,小売業,その他小売,5%
岐阜県,郡上市,文化堂,小売業,その他小売,5%
岐阜県,郡上市,ＨＡＩＲ ＭＡＫＥ Ｋ３Ｃ,サービス,理容・美容業,5%
岐阜県,郡上市,ＨＡＩＲ ＭＡＫＥ Ｋ３Ｃ,サービス,理容・美容業,5%
岐阜県,郡上市,ベイホックトラベル カブシキカイシャ ベイホックトラベル,その他業種,ー,5%
岐阜県,郡上市,ベイホックトラベル 白鳥営業所,サービス,その他サービス,5%
岐阜県,郡上市,ペンション ブルーム,サービス,宿泊業,5%
岐阜県,郡上市,ホテル郡上八幡,サービス,宿泊業,5%
岐阜県,郡上市,ホリデイハウス グリーンガーデン,サービス,宿泊業,5%
岐阜県,郡上市,マツオカ 和良店,小売業,食料品,5%
岐阜県,郡上市,松山電機,小売業,電化製品,5%
岐阜県,郡上市,美並ＳＳ,小売業,ガソリンスタンド,2%
岐阜県,郡上市,みのでん,小売業,電化製品,5%
岐阜県,郡上市,みはらや旅館,サービス,宿泊業,5%
岐阜県,郡上市,民宿かんべ,サービス,宿泊業,5%
岐阜県,郡上市,めいほうベルグコテージ,サービス,宿泊業,5%
岐阜県,郡上市,和み舎ひるがの,サービス,宿泊業,5%
岐阜県,郡上市,やなかこみち,小売業,食料品,5%
岐阜県,郡上市,やなかの大助,サービス,宿泊業,5%
岐阜県,郡上市,大和ＳＳ,小売業,ガソリンスタンド,2%
岐阜県,郡上市,ヤマト電機,小売業,電化製品,5%
岐阜県,郡上市,有限会社 トップス,小売業,その他小売,5%
岐阜県,郡上市,柳楽庵,小売業,その他小売,5%
岐阜県,郡上市,柳楽庵,小売業,その他小売,5%
岐阜県,郡上市,ＲＯＢＯＺ,サービス,その他サービス,5%
岐阜県,郡上市,ワカヤマタイヤ,小売業,その他小売,5%
岐阜県,郡上市,和良ＳＳ,小売業,ガソリンスタンド,2%
岐阜県,下呂市,明電器センター,小売業,電化製品,5%
岐阜県,下呂市,味処かれん,サービス,飲食業,5%
岐阜県,下呂市,Ｕｎ ｄｕ ｐｌａｉｓｉｒ 下呂森,サービス,飲食業,5%
岐阜県,下呂市,Ｕｎ ｄｕ ｐｌａｉｓｉｒ 下呂萩原店,サービス,飲食業,5%
岐阜県,下呂市,今井醸造合名会社,小売業,食料品,5%
岐阜県,下呂市,今正商店,小売業,その他小売,5%
岐阜県,下呂市,岩佐電気商会,小売業,電化製品,5%
岐阜県,下呂市,岩屋ダムＳＳ,小売業,ガソリンスタンド,2%
岐阜県,下呂市,Ａコープ浅水店,小売業,総合（非専門）,5%
岐阜県,下呂市,Ａコープ小坂店,小売業,総合（非専門）,5%
岐阜県,下呂市,Ａコープ金山店,小売業,総合（非専門）,5%
岐阜県,下呂市,Ａコープ下呂店,小売業,総合（非専門）,5%
岐阜県,下呂市,Ａコープ萩原店,小売業,総合（非専門）,5%
岐阜県,下呂市,大鹿野工房,小売業,家具・調度品,5%
岐阜県,下呂市,おかずやフジヨシ,小売業,食料品,5%
岐阜県,下呂市,おがわや酒店,小売業,食料品,5%
岐阜県,下呂市,オキムラ時計店,小売業,その他小売,5%
岐阜県,下呂市,おだや,サービス,理容・美容業,5%
岐阜県,下呂市,お土産処 ひめ,その他業種,ー,5%
岐阜県,下呂市,お土産処がんだて,サービス,飲食業,5%
岐阜県,下呂市,Ｏｍ Ｇａｎｅｓｈ,サービス,飲食業,5%
岐阜県,下呂市,柏屋酒店,小売業,食料品,5%
岐阜県,下呂市,金山ＳＳ,小売業,ガソリンスタンド,2%
岐阜県,下呂市,カネマス食品店 本店,小売業,食料品,5%
岐阜県,下呂市,株式会社 正直屋,小売業,衣料品,5%
岐阜県,下呂市,鎌倉電器下呂店,小売業,電化製品,5%
岐阜県,下呂市,鎌倉電器下呂店,小売業,電化製品,5%
岐阜県,下呂市,鎌倉電器商会萩原店,小売業,電化製品,5%
岐阜県,下呂市,桔梗屋,サービス,飲食業,5%
岐阜県,下呂市,菊の井ミート,小売業,食料品,5%
岐阜県,下呂市,吉良寿司,サービス,飲食業,5%
岐阜県,下呂市,くまちゃん,サービス,飲食業,5%
岐阜県,下呂市,ＣＲＥＸ冨貴理容院,サービス,理容・美容業,5%
岐阜県,下呂市,下呂温泉山形屋,サービス,宿泊業,5%
岐阜県,下呂市,下呂温泉西ＳＳ,小売業,ガソリンスタンド,2%
岐阜県,下呂市,下呂温泉北ＳＳ,小売業,ガソリンスタンド,2%
岐阜県,下呂市,下呂魚介,小売業,総合（非専門）,5%
岐阜県,下呂市,ＧＥＲＯセルフステーション,小売業,ガソリンスタンド,2%
岐阜県,下呂市,ＧＥＲＯ中央サービスステーション,小売業,ガソリンスタンド,2%
岐阜県,下呂市,下呂松葉,サービス,飲食業,5%
岐阜県,下呂市,下呂モータースサービス工場,サービス,その他サービス,5%
岐阜県,下呂市,下呂モータース本社,サービス,その他サービス,5%
岐阜県,下呂市,下呂ロイヤルホテル雅亭,サービス,宿泊業,5%
岐阜県,下呂市,（有）こばやし,小売業,貴金属・服飾品,5%
岐阜県,下呂市,Ｓｉｅｇｆｒｉｅｄａ Ｓｉｅｇｆｒｉｅｄａ,小売業,食料品,5%
岐阜県,下呂市,ＧＧシェフ やましげ,小売業,総合（非専門）,5%
岐阜県,下呂市,上呂ＳＳ,小売業,ガソリンスタンド,2%
岐阜県,下呂市,白鷺売店,小売業,その他小売,5%
岐阜県,下呂市,杉の子,サービス,飲食業,5%
岐阜県,下呂市,せんだ生花店,小売業,その他小売,5%
岐阜県,下呂市,仙遊館,サービス,宿泊業,5%
岐阜県,下呂市,大正堂,小売業,衣料品,5%
岐阜県,下呂市,たつのや食品,小売業,衣料品,5%
岐阜県,下呂市,ＤＤ 下呂温泉店,小売業,ガソリンスタンド,2%
岐阜県,下呂市,電化のマツシマヤ,小売業,電化製品,5%
岐阜県,下呂市,天領酒造,小売業,食料品,5%
岐阜県,下呂市,桃庵,サービス,飲食業,5%
岐阜県,下呂市,とみや,小売業,衣料品,5%
岐阜県,下呂市,鳥八ステーション,サービス,飲食業,5%
岐阜県,下呂市,ドリ－ム家電 ナカシマ,小売業,電化製品,5%
岐阜県,下呂市,２１６ＷＯＲＫＳ 飛騨小坂ビジターセンター,サービス,その他サービス,5%
岐阜県,下呂市,乗政ＳＳ,小売業,ガソリンスタンド,2%
岐阜県,下呂市,はりせんぼん,サービス,飲食業,5%
岐阜県,下呂市,飛騨牛料理指定店 牛一,サービス,飲食業,5%
岐阜県,下呂市,飛騨小坂ＳＳ （有）小坂タイヤ商会,小売業,ガソリンスタンド,2%
岐阜県,下呂市,飛騨小坂町ＳＳ,小売業,ガソリンスタンド,2%
岐阜県,下呂市,ヒダ金山ＳＳ,小売業,ガソリンスタンド,2%
岐阜県,下呂市,ひめしゃがの湯,その他業種,ー,5%
岐阜県,下呂市,ひめ亭,サービス,飲食業,5%
岐阜県,下呂市,美容室ミオズメンバー,サービス,理容・美容業,5%
岐阜県,下呂市,平石商会,小売業,食料品,5%
岐阜県,下呂市,ヒロコ美容室,サービス,理容・美容業,5%
岐阜県,下呂市,冨岳,サービス,宿泊業,5%
岐阜県,下呂市,ペットサロンＣＯＣＯＴ,サービス,その他サービス,5%
岐阜県,下呂市,まぜ川上健康農園 まぜ川上健康農園,サービス,その他サービス,5%
岐阜県,下呂市,馬瀬川ＳＳ,小売業,ガソリンスタンド,2%
岐阜県,下呂市,マツオカ 金山店,小売業,食料品,5%
岐阜県,下呂市,マルス写真スタジオ,サービス,その他サービス,5%
岐阜県,下呂市,緑の館 珈琲焙煎所,小売業,食料品,5%
岐阜県,下呂市,南飛騨観光バス株式会社,サービス,運輸業,5%
岐阜県,下呂市,村江電気,小売業,電化製品,5%
岐阜県,下呂市,山口石油本社,小売業,ガソリンスタンド,2%
岐阜県,下呂市,有限会社 金山昭石,小売業,ガソリンスタンド,2%
岐阜県,下呂市,有限会社竹腰商会,サービス,その他サービス,5%
岐阜県,下呂市,らいおん コンピュータサポートらいおん,小売業,電化製品,5%
岐阜県,下呂市,ルート４１ＧＥＲＯセルフステーション,小売業,ガソリンスタンド,2%
岐阜県,神戸町,アトリエ待夢,その他業種,ー,5%
岐阜県,神戸町,ウインドフクデン,小売業,電化製品,5%
岐阜県,神戸町,お菓子処 平野屋,小売業,食料品,5%
岐阜県,神戸町,Ｃａｆｅほっくら,サービス,飲食業,5%
岐阜県,神戸町,株式会社福田屋石油 広神戸ＳＳ,小売業,ガソリンスタンド,2%
岐阜県,神戸町,グラシア,サービス,飲食業,5%
岐阜県,神戸町,セブン－イレブン神戸町役場前店,小売業,食料品,2%
岐阜県,神戸町,コダマ電化,小売業,電化製品,5%
岐阜県,神戸町,コダマ電化 コダマ電化,小売業,電化製品,5%
岐阜県,神戸町,飛騨牛てっちゃん本店,サービス,飲食業,5%
岐阜県,神戸町,広神戸ＳＳ,小売業,ガソリンスタンド,2%
岐阜県,神戸町,丸善薬局,小売業,その他小売,5%
岐阜県,神戸町,宮川でんき,小売業,電化製品,5%
岐阜県,神戸町,Ｌａ ｌｉｎｏ,小売業,衣料品,5%
岐阜県,坂祝町,ウインド いのうえ,小売業,電化製品,5%
岐阜県,坂祝町,カーショップフロンティア,小売業,その他小売,5%
岐阜県,坂祝町,カイロプラクティックＡｚ,サービス,理容・美容業,5%
岐阜県,坂祝町,カイロプラクティックＡｚ,サービス,理容・美容業,5%
岐阜県,坂祝町,カイロプラクティックＡｚ,サービス,理容・美容業,5%
岐阜県,坂祝町,希林館 希林館,サービス,飲食業,5%
岐阜県,坂祝町,小西砕石工業所 本社 坂祝工場,小売業,ガソリンスタンド,2%
岐阜県,坂祝町,パティオ２１ＳＳ,小売業,ガソリンスタンド,2%
岐阜県,坂祝町,ロザリエッタ,サービス,飲食業,5%
岐阜県,白川町,セブン－イレブン加茂白川店,小売業,食料品,2%
岐阜県,白川町,玉苑,サービス,飲食業,5%
岐阜県,白川町,黒川ＳＳ,小売業,ガソリンスタンド,2%
岐阜県,白川町,白川ＳＳ,小売業,ガソリンスタンド,2%
岐阜県,白川町,スマイルショップエイトクヤ,小売業,総合（非専門）,5%
岐阜県,白川町,ＤＤ白川口店,小売業,ガソリンスタンド,2%
岐阜県,白川町,トータルファッション 柏屋,小売業,衣料品,5%
岐阜県,白川町,新田農機商会,小売業,その他小売,5%
岐阜県,白川町,農家レストランまんま,サービス,飲食業,5%
岐阜県,白川町,ますぶち園 ますぶち園本店,小売業,食料品,5%
岐阜県,白川町,美濃黒川ＳＳ,小売業,ガソリンスタンド,2%
岐阜県,白川町,有 ダイヘイオート,サービス,その他サービス,5%
岐阜県,白川村,お食事処 いろり,サービス,飲食業,5%
岐阜県,白川村,お食事処けやき,サービス,飲食業,5%
岐阜県,白川村,お土産いろり,小売業,その他小売,5%
岐阜県,白川村,今藤商店,小売業,食料品,5%
岐阜県,白川村,白川郷の湯,サービス,宿泊業,5%
岐阜県,白川村,城山館,サービス,宿泊業,5%
岐阜県,白川村,藤助の湯 ふじや,サービス,宿泊業,5%
岐阜県,白川村,御母衣ＳＳ,小売業,ガソリンスタンド,2%
岐阜県,関ケ原町,ウッドペッカー ウッドペッカー,小売業,総合（非専門）,5%
岐阜県,関ケ原町,児玉自転車店,小売業,その他小売,5%
岐阜県,関ケ原町,セブン－イレブン関ケ原インター店,小売業,食料品,2%
岐阜県,関ケ原町,関ヶ原ＳＳ,小売業,ガソリンスタンド,2%
岐阜県,関ケ原町,Ｓｅｋｉｇａｈａｒａ花伊吹,小売業,その他小売,5%
岐阜県,関ケ原町,セブン－イレブン米原野一色店,小売業,食料品,2%
岐阜県,関ケ原町,メガネの杉方,その他業種,ー,5%
岐阜県,関市,Ｅｙｅｗｅａｒｓｈｏｐａｍｉ,その他業種,ー,5%
岐阜県,関市,アオキーズピザ 関店 関店,小売業,食料品,5%
岐阜県,関市,赤札堂 関店,小売業,貴金属・服飾品,5%
岐阜県,関市,株式会社イースペース,サービス,その他サービス,5%
岐阜県,関市,居食屋 まんざら,サービス,飲食業,5%
岐阜県,関市,出光関平賀,小売業,ガソリンスタンド,2%
岐阜県,関市,出光関マーゴ前ＳＳ,小売業,ガソリンスタンド,2%
岐阜県,関市,出光高野ＳＳ,小売業,ガソリンスタンド,2%
岐阜県,関市,井之口刃物製作所,その他業種,ー,5%
岐阜県,関市,ウラタ薬局仲町店,小売業,その他小売,5%
岐阜県,関市,ウラタ薬局本店,小売業,その他小売,5%
岐阜県,関市,ｕｌｕｓｈａｉｒ,サービス,理容・美容業,5%
岐阜県,関市,エコアースファーム,小売業,食料品,5%
岐阜県,関市,お掃除屋さんのＫＴ,サービス,その他サービス,5%
岐阜県,関市,ガーバー・サカイ,小売業,電化製品,5%
岐阜県,関市,カイロプラクティックＳｕｎ,サービス,理容・美容業,5%
岐阜県,関市,家電サポートさかい,小売業,電化製品,5%
岐阜県,関市,兼進刃物製作所,小売業,電化製品,5%
岐阜県,関市,Ｃａｆｅ庵樹,サービス,飲食業,5%
岐阜県,関市,カフェ庵樹 カフェ庵樹,サービス,飲食業,5%
岐阜県,関市,株式会社刃物屋トギノン 株式会社刃物屋トギノン 本社,小売業,その他小売,5%
岐阜県,関市,上之保ＳＳ,小売業,ガソリンスタンド,2%
岐阜県,関市,カリスボーテ関本店,サービス,理容・美容業,5%
岐阜県,関市,Ｇａｒａｇｅ Ｈｉｒｏ,サービス,その他サービス,5%
岐阜県,関市,カレーハウスココイチバンヤ関鋳物師屋店,サービス,飲食業,2%
岐阜県,関市,カレーハウスココ壱番屋関緑ヶ丘店,サービス,飲食業,2%
岐阜県,関市,カレーハウスココイチバンヤ関山田店,サービス,飲食業,2%
岐阜県,関市,河合塾マナビス関校,その他業種,ー,2%
岐阜県,関市,京都有喜屋和蕎庵,サービス,飲食業,5%
岐阜県,関市,グッドパートナー,サービス,理容・美容業,5%
岐阜県,関市,グッドパートナー＆よつは,サービス,理容・美容業,5%
岐阜県,関市,珈琲自家焙煎店 開化珈琲,小売業,食料品,5%
岐阜県,関市,ｃｏｔａｃｈｉｏｔ,サービス,飲食業,5%
岐阜県,関市,酒アルコ関店,小売業,食料品,5%
岐阜県,関市,ＳＵＮＰＡＹＡＴＩ,サービス,その他サービス,5%
岐阜県,関市,サンパル梅ケ枝ＳＳ,小売業,ガソリンスタンド,2%
岐阜県,関市,サンライズ家電 こがね,小売業,電化製品,5%
岐阜県,関市,サンライズ家電シノダ,小売業,電化製品,5%
岐阜県,関市,志津刃物製作所,小売業,家具・調度品,5%
岐阜県,関市,シンワ菱油 本社,小売業,ガソリンスタンド,2%
岐阜県,関市,ＺーＷＡＶＥ,サービス,理容・美容業,5%
岐阜県,関市,ＺーＷＡＶＥ ズィーウエイブ Ｚ?ＷＡＶＥ ズィーウエイブ,サービス,理容・美容業,5%
岐阜県,関市,スクールショップ名紳美濃関店,小売業,衣料品,5%
岐阜県,関市,住まいる家電うえむら,小売業,電化製品,5%
岐阜県,関市,関ＳＳ,小売業,ガソリンスタンド,2%
岐阜県,関市,関北ＳＳ 有限会社山西石油,小売業,ガソリンスタンド,2%
岐阜県,関市,セブン－イレブン関市市平賀店,小売業,食料品,2%
岐阜県,関市,セブン－イレブン関市山王通店,小売業,食料品,2%
岐阜県,関市,セブン－イレブン関市下有知北店,小売業,食料品,2%
岐阜県,関市,セブン－イレブン関市東新町店,小売業,食料品,2%
岐阜県,関市,セブン－イレブン関市肥田瀬店,小売業,食料品,2%
岐阜県,関市,関富野ＳＳ,小売業,ガソリンスタンド,2%
岐阜県,関市,関刃物センター,小売業,その他小売,5%
岐阜県,関市,そばのカフェおくど,サービス,飲食業,5%
岐阜県,関市,高井刃物,小売業,その他小売,5%
岐阜県,関市,中濃代行,サービス,その他サービス,5%
岐阜県,関市,津保ＳＳ 有限会社岡部石油,小売業,ガソリンスタンド,2%
岐阜県,関市,ＴＣＰ Ｂｌａｃｋ,サービス,その他サービス,5%
岐阜県,関市,テクスヨコイ ＴＥＣＳヨコイ,小売業,電化製品,5%
岐阜県,関市,トヨタレンタリース岐阜 関店,サービス,その他サービス,2%
岐阜県,関市,トヨタレンタリース岐阜 関店,その他業種,ー,2%
岐阜県,関市,ドリーム家電ナカムラ,小売業,電化製品,5%
岐阜県,関市,とんかつの太田家 とんかつの太田家,サービス,飲食業,5%
岐阜県,関市,肉めし家,サービス,飲食業,5%
岐阜県,関市,ニ光代行 ２号車,サービス,その他サービス,5%
岐阜県,関市,二光代行,サービス,運輸業,5%
岐阜県,関市,西本郷ＳＳ,小売業,ガソリンスタンド,2%
岐阜県,関市,パウメトウおぜ４１８ＳＳ,小売業,ガソリンスタンド,2%
岐阜県,関市,パウメトウ東新ＳＳ,小売業,ガソリンスタンド,2%
岐阜県,関市,パウメトウ緑ヶ丘ＳＳ,小売業,ガソリンスタンド,2%
岐阜県,関市,ハネルカフェ,サービス,飲食業,5%
岐阜県,関市,（株）ヒサヤ商店,小売業,衣料品,5%
岐阜県,関市,ヒサヤ本店 ヒサヤ,小売業,衣料品,5%
岐阜県,関市,フォレストベル,その他業種,ー,5%
岐阜県,関市,ふくすけ代行 １号車,サービス,その他サービス,5%
岐阜県,関市,ふる里農園美の関,小売業,食料品,5%
岐阜県,関市,ｈａｉｒｓａｌｏｎＯｌｕＯｌｕ,サービス,理容・美容業,5%
岐阜県,関市,ヘアーサロンすぎ山,サービス,その他サービス,5%
岐阜県,関市,マクドナルド関大平町店,サービス,飲食業,2%
岐阜県,関市,マクドナルド関マーゴ店,サービス,飲食業,2%
岐阜県,関市,孫六,サービス,飲食業,5%
岐阜県,関市,株式会社孫六煎餅本舗,小売業,食料品,5%
岐阜県,関市,マサヒロ,小売業,その他小売,5%
岐阜県,関市,丸吉寿司,サービス,飲食業,5%
岐阜県,関市,ミツヤ本店,小売業,その他小売,5%
岐阜県,関市,みなさまのもちまた,小売業,総合（非専門）,5%
岐阜県,関市,山田農場たまご,小売業,食料品,5%
岐阜県,関市,山秀,小売業,その他小売,5%
岐阜県,関市,ヤマベイ,小売業,食料品,5%
岐阜県,関市,洋菓子店 ミノーヴ 洋菓子店ミノーヴ,小売業,食料品,5%
岐阜県,関市,ＲＥＡＣＨ ＨＡＩＲ,サービス,理容・美容業,5%
岐阜県,関市,理容藤川 理容 藤川,サービス,理容・美容業,5%
岐阜県,関市,ＲＯＹＡＬＲＯＯＭ,サービス,理容・美容業,5%
岐阜県,関市,ＲＯＴＴＡ ｄｉ Ｄｉｏ,サービス,理容・美容業,5%
岐阜県,高山市,アイッシュ,小売業,電化製品,5%
岐阜県,高山市,アウトドアショップコング,小売業,その他小売,5%
岐阜県,高山市,青,小売業,衣料品,5%
岐阜県,高山市,あおぞら犬猫病院,サービス,その他サービス,5%
岐阜県,高山市,赤保木自動車,小売業,その他小売,5%
岐阜県,高山市,秋神ＳＳ,小売業,ガソリンスタンド,2%
岐阜県,高山市,あさのや,小売業,その他小売,5%
岐阜県,高山市,朝日ＳＳ,小売業,ガソリンスタンド,2%
岐阜県,高山市,朝日ＳＳ,小売業,ガソリンスタンド,2%
岐阜県,高山市,ａｃｅｒｏ,サービス,飲食業,5%
岐阜県,高山市,アトミックオートサービス,サービス,その他サービス,5%
岐阜県,高山市,アパマンショップ飛騨高山店,その他業種,ー,2%
岐阜県,高山市,ＡＹＡＧＲＡＮＤＥ,サービス,飲食業,5%
岐阜県,高山市,アロマショップＨＥＲＢＳ,小売業,その他小売,5%
岐阜県,高山市,アンクラブエリナ,小売業,衣料品,5%
岐阜県,高山市,Ｕｎ ｄｕ ｐｌａｉｓｉｒ 高山西之一色店,サービス,飲食業,5%
岐阜県,高山市,あんと,サービス,飲食業,5%
岐阜県,高山市,イーグルコーヒー高山,サービス,飲食業,5%
岐阜県,高山市,ＥＶＩＬＴＥＸ,サービス,飲食業,5%
岐阜県,高山市,石水スキーレッスン,サービス,その他サービス,5%
岐阜県,高山市,櫟,サービス,飲食業,5%
岐阜県,高山市,一宝水,小売業,ガソリンスタンド,2%
岐阜県,高山市,出光桐生ＳＳ,小売業,ガソリンスタンド,2%
岐阜県,高山市,出光セルフ高山三福寺ＳＳ,小売業,ガソリンスタンド,2%
岐阜県,高山市,いまい文具店,小売業,その他小売,5%
岐阜県,高山市,居楽屋 檜,サービス,飲食業,5%
岐阜県,高山市,いろりの民宿 惣助,サービス,宿泊業,5%
岐阜県,高山市,イワキ電化,小売業,電化製品,5%
岐阜県,高山市,イワサキ,小売業,その他小売,5%
岐阜県,高山市,岩田商店 配達灯油,小売業,ガソリンスタンド,2%
岐阜県,高山市,隠庵ひだ路,サービス,その他サービス,5%
岐阜県,高山市,Ｖｉｌｌａ ｉｎ Ｍａｔｓｕｋｕｒａ,サービス,宿泊業,5%
岐阜県,高山市,牛丸石油 桐生給油所,小売業,その他小売,5%
岐阜県,高山市,牛丸石油 セルフ高山三福寺給油所,小売業,その他小売,5%
岐阜県,高山市,ウシマル電器,小売業,電化製品,5%
岐阜県,高山市,ウッドプロカマック,サービス,その他サービス,5%
岐阜県,高山市,馬印三嶋豆本舗,小売業,食料品,5%
岐阜県,高山市,Ａコープ奥ひだ店,小売業,総合（非専門）,5%
岐阜県,高山市,Ａコープ久々野店,小売業,総合（非専門）,5%
岐阜県,高山市,Ａコープにゅうかわ店,小売業,総合（非専門）,5%
岐阜県,高山市,Ａコープほんごう店,小売業,総合（非専門）,5%
岐阜県,高山市,Ａ－Ｚ,小売業,貴金属・服飾品,5%
岐阜県,高山市,有限会社荏名モータース,小売業,その他小売,5%
岐阜県,高山市,ＥｎｅＪｅｔ高山桐生ＳＳ,小売業,ガソリンスタンド,2%
岐阜県,高山市,ＥｎｅＪｅｔ高山新宮ＳＳ,小売業,ガソリンスタンド,2%
岐阜県,高山市,ＥｎｅＪｅｔ高山バイパスＳＳ,小売業,ガソリンスタンド,2%
岐阜県,高山市,ｍ－ｒｏｏｍ,サービス,理容・美容業,5%
岐阜県,高山市,Ｌ・Ｂセカンド,サービス,理容・美容業,5%
岐阜県,高山市,オークヴィレッジ,小売業,家具・調度品,5%
岐阜県,高山市,有限会社オートボディーツタ,サービス,その他サービス,5%
岐阜県,高山市,オーベルジュ飛騨の森,サービス,その他サービス,5%
岐阜県,高山市,奥飛騨の宿故郷,サービス,その他サービス,5%
岐阜県,高山市,おさんぽ日和,その他業種,ー,5%
岐阜県,高山市,お食事処 桜花,サービス,飲食業,5%
岐阜県,高山市,オステリア・ラ・フォルケッタ,サービス,飲食業,5%
岐阜県,高山市,お箸のたくみ,小売業,その他小売,5%
岐阜県,高山市,お土産処 角桑 朝市店,小売業,その他小売,5%
岐阜県,高山市,お土産処 角桑 本店,小売業,その他小売,5%
岐阜県,高山市,お宿山久,サービス,宿泊業,5%
岐阜県,高山市,ＯＹＡＤＯ夢の屋,サービス,宿泊業,5%
岐阜県,高山市,游ぐクマ,サービス,飲食業,5%
岐阜県,高山市,お料理 仕出し 飛騨のしょうけめし やまと,サービス,飲食業,5%
岐阜県,高山市,カーサイト・まえだ,サービス,その他サービス,5%
岐阜県,高山市,カーボーイ,サービス,その他サービス,5%
岐阜県,高山市,角一本店,小売業,食料品,5%
岐阜県,高山市,家具木の國屋,小売業,その他小売,5%
岐阜県,高山市,家具木の國屋,小売業,家具・調度品,5%
岐阜県,高山市,家具工房 雉子舎 Ｇａｌｌｅｒｙ,小売業,家具・調度品,5%
岐阜県,高山市,角正,サービス,飲食業,5%
岐阜県,高山市,学生服のテラダ,小売業,その他小売,5%
岐阜県,高山市,カットルームＫＡＺ,サービス,理容・美容業,5%
岐阜県,高山市,カフェ青,サービス,飲食業,5%
岐阜県,高山市,Ｃａｆｅ ＆ Ｔａｐａｓ Ｃａｓａ Ｓｏｌａ（カサ ソラ）,サービス,飲食業,5%
岐阜県,高山市,カフェ植村,サービス,飲食業,5%
岐阜県,高山市,ｃａｆｅ楓,サービス,飲食業,5%
岐阜県,高山市,カフェテリアａｉ,サービス,飲食業,5%
岐阜県,高山市,髪工房 タケバヤシ,サービス,理容・美容業,5%
岐阜県,高山市,カメラのながを,小売業,その他小売,5%
岐阜県,高山市,からあげのどん,サービス,飲食業,5%
岐阜県,高山市,カラオケシティリラックス東山店,サービス,その他サービス,5%
岐阜県,高山市,カラオケハウス ピコット,サービス,飲食業,5%
岐阜県,高山市,臥龍の郷,サービス,宿泊業,5%
岐阜県,高山市,カレーハウスココイチバンヤ高山国道４１号店,サービス,飲食業,2%
岐阜県,高山市,川尻酒造場,サービス,飲食業,5%
岐阜県,高山市,ｋｉｔａｋｉｔａｓｈｏｐ,小売業,家具・調度品,5%
岐阜県,高山市,北六株式会社,その他業種,ー,5%
岐阜県,高山市,ＫＩＳＳＥ ＫＩＳＳＥ,サービス,飲食業,5%
岐阜県,高山市,ギャラリー森の芽ぐみ,小売業,家具・調度品,5%
岐阜県,高山市,牛まん喜八郎上三之町店,小売業,食料品,5%
岐阜県,高山市,牛まん喜八郎安川店,小売業,食料品,5%
岐阜県,高山市,久々野ＳＳ,小売業,ガソリンスタンド,2%
岐阜県,高山市,久々野バイパスＳＳ,小売業,ガソリンスタンド,2%
岐阜県,高山市,寛ぎの舎 游,サービス,宿泊業,5%
岐阜県,高山市,クライミングジム ハイマウント,サービス,その他サービス,5%
岐阜県,高山市,くるみ温泉＆キャンプ,サービス,宿泊業,5%
岐阜県,高山市,くろき呉服店,小売業,衣料品,5%
岐阜県,高山市,ケイタイ屋 カマック,サービス,その他サービス,5%
岐阜県,高山市,ゲストハウス＆カフェＳＯＹ,サービス,飲食業,5%
岐阜県,高山市,向田会計事務所,サービス,その他サービス,5%
岐阜県,高山市,こうぼう,サービス,飲食業,5%
岐阜県,高山市,国府モータース,小売業,その他小売,5%
岐阜県,高山市,国分寺通ＳＳ,小売業,ガソリンスタンド,2%
岐阜県,高山市,ＫＯＣＯＲＯＮＯ,小売業,衣料品,5%
岐阜県,高山市,コサカ楽器 カルパティオ店,小売業,その他小売,5%
岐阜県,高山市,コサカ楽器 本店,小売業,その他小売,5%
岐阜県,高山市,有限会社こすぎＡＣＴ,小売業,家具・調度品,5%
岐阜県,高山市,小瀬徳酒店,小売業,食料品,5%
岐阜県,高山市,小林ベニヤ,小売業,その他小売,5%
岐阜県,高山市,サイクルセンターきたちょうドーム,小売業,その他小売,5%
岐阜県,高山市,坂本酒店,小売業,食料品,5%
岐阜県,高山市,酒のつづく,小売業,食料品,5%
岐阜県,高山市,ＳＡＮ ＡＩ ＨＡＮＤＭＡＤＥ,小売業,その他小売,5%
岐阜県,高山市,サンタの創庫 岡本店,小売業,総合（非専門）,5%
岐阜県,高山市,サンタの創庫 新宮店,小売業,総合（非専門）,5%
岐阜県,高山市,山都タクシー,その他業種,ー,5%
岐阜県,高山市,サンバリー,その他業種,ー,5%
岐阜県,高山市,Ｓｅｅ Ｑｕｅｎｃｅ,サービス,理容・美容業,5%
岐阜県,高山市,塩沢山荘,サービス,宿泊業,5%
岐阜県,高山市,四季旬彩 やました,サービス,飲食業,5%
岐阜県,高山市,地ビール飛騨,小売業,その他小売,5%
岐阜県,高山市,じびるや,サービス,飲食業,5%
岐阜県,高山市,下山酒店,小売業,食料品,5%
岐阜県,高山市,シャトレーヌ 高山店,サービス,その他サービス,5%
岐阜県,高山市,ｊｕｎｇｌｅ Ｂｒｅａｔｈ,サービス,その他サービス,5%
岐阜県,高山市,ジャンボあらき 花岡店,小売業,総合（非専門）,5%
岐阜県,高山市,荘川ＳＳ,小売業,ガソリンスタンド,2%
岐阜県,高山市,荘川支店,小売業,総合（非専門）,5%
岐阜県,高山市,松宝苑,サービス,宿泊業,5%
岐阜県,高山市,Ｓｈｏｔ Ｂａｒ 醒謨里場,サービス,飲食業,5%
岐阜県,高山市,株式会社真工藝,サービス,その他サービス,5%
岐阜県,高山市,ＪＩＮＪＩＮ,小売業,その他小売,5%
岐阜県,高山市,新平湯ＳＳ,小売業,ガソリンスタンド,2%
岐阜県,高山市,粋泉荘,サービス,宿泊業,5%
岐阜県,高山市,スーパーセンターシマヤラクール飛騨高山店,小売業,食料品,5%
岐阜県,高山市,寿し一貫 あぞうの店,サービス,飲食業,5%
岐阜県,高山市,寿し一貫 いの店,サービス,飲食業,5%
岐阜県,高山市,鈴木彫刻,小売業,その他小売,5%
岐阜県,高山市,ステーキハウス キッチン飛騨,サービス,飲食業,5%
岐阜県,高山市,スパホテル アルピナ飛騨高山,サービス,宿泊業,5%
岐阜県,高山市,スパホテル アルピナ飛騨高山,サービス,宿泊業,5%
岐阜県,高山市,スポーツショップイネ,小売業,その他小売,5%
岐阜県,高山市,スマートセルフ４１ＳＳ,小売業,ガソリンスタンド,2%
岐阜県,高山市,寿美吉旅館,サービス,その他サービス,5%
岐阜県,高山市,すみれ荘,サービス,宿泊業,5%
岐阜県,高山市,すみれリビング株式会社,その他業種,ー,5%
岐阜県,高山市,駿河屋アスモ店,小売業,食料品,5%
岐阜県,高山市,駿河屋エブリ東山店,小売業,食料品,5%
岐阜県,高山市,駿河屋エブリフレスポ店,小売業,食料品,5%
岐阜県,高山市,駿河屋 本町店,小売業,食料品,5%
岐阜県,高山市,駿河屋魚一,小売業,食料品,5%
岐阜県,高山市,盛光堂印店,小売業,その他小売,5%
岐阜県,高山市,せせらぎ石油清見ＳＳ,小売業,ガソリンスタンド,2%
岐阜県,高山市,創作郷土寿司 梗絲,サービス,飲食業,5%
岐阜県,高山市,大衆焼肉 キリン屋,サービス,飲食業,5%
岐阜県,高山市,株式会社 大装 高山支店,その他業種,ー,5%
岐阜県,高山市,タイヤセンター高山,小売業,その他小売,5%
岐阜県,高山市,高根支店,小売業,総合（非専門）,5%
岐阜県,高山市,タカバン,その他業種,ー,5%
岐阜県,高山市,高村建設株式会社,その他業種,ー,5%
岐阜県,高山市,高山ＳＳ,小売業,ガソリンスタンド,2%
岐阜県,高山市,セブン－イレブン高山石浦町店,小売業,食料品,2%
岐阜県,高山市,高山インターＳＳ,小売業,ガソリンスタンド,2%
岐阜県,高山市,高山うさぎ舎,小売業,その他小売,5%
岐阜県,高山市,高山エース旅行センター 本社営業所,サービス,その他サービス,5%
岐阜県,高山市,セブン－イレブン高山岡本町店,小売業,食料品,2%
岐阜県,高山市,セブン－イレブン高山上切町店,小売業,食料品,2%
岐阜県,高山市,高山カラー Ｓｔｕｄｉｏ ＩＮ,サービス,その他サービス,5%
岐阜県,高山市,セブン－イレブン高山グリーンホテル前店,小売業,食料品,2%
岐阜県,高山市,セブン－イレブン高山国府バイパス店,小売業,食料品,2%
岐阜県,高山市,セブン－イレブン高山山王店,小売業,食料品,2%
岐阜県,高山市,セブン－イレブン高山下切町店,小売業,食料品,2%
岐阜県,高山市,セブン－イレブン高山下三之町店,小売業,食料品,2%
岐阜県,高山市,セブン－イレブン高山新宮町店,小売業,食料品,2%
岐阜県,高山市,高山ダイハツ西之一色店,小売業,その他小売,5%
岐阜県,高山市,高山ダイハツ本社,小売業,その他小売,5%
岐阜県,高山市,セブン－イレブン高山名田町４丁目店,小売業,食料品,2%
岐阜県,高山市,セブン－イレブン高山花岡町店,小売業,食料品,2%
岐阜県,高山市,高山東山ＳＳ,小売業,ガソリンスタンド,2%
岐阜県,高山市,高山プリン亭,小売業,食料品,5%
岐阜県,高山市,高山米穀協業組合,小売業,総合（非専門）,5%
岐阜県,高山市,セブン－イレブン高山松之木町店,小売業,食料品,2%
岐阜県,高山市,高山緑ヶ丘ＳＳ,小売業,ガソリンスタンド,2%
岐阜県,高山市,高山南ＳＳ,小売業,ガソリンスタンド,2%
岐阜県,高山市,高山南ＳＳ,小売業,ガソリンスタンド,2%
岐阜県,高山市,高山南ＳＳ セルフ,小売業,ガソリンスタンド,2%
岐阜県,高山市,高山山田町ＳＳ,小売業,ガソリンスタンド,2%
岐阜県,高山市,（有）タキデンキ,小売業,電化製品,5%
岐阜県,高山市,匠館,小売業,家具・調度品,5%
岐阜県,高山市,匠館 飛騨イタリアン Ａｒｔｉｇｉａｎｏ,サービス,飲食業,5%
岐阜県,高山市,匠館 飛騨カフェ Ｌａ Ｃｈａｉｓｅ,サービス,飲食業,5%
岐阜県,高山市,匠館 ＨＩＤＡ ＳＴＹＬＥ ＭＡＲＫＥＴ,小売業,家具・調度品,5%
岐阜県,高山市,多幸や,サービス,飲食業,5%
岐阜県,高山市,田島館,サービス,宿泊業,5%
岐阜県,高山市,田近書店 三福寺店,小売業,書籍・玩具・音楽ＣＤ,5%
岐阜県,高山市,田中商店,小売業,衣料品,5%
岐阜県,高山市,有限会社たま井や,小売業,その他小売,5%
岐阜県,高山市,樽平,サービス,飲食業,5%
岐阜県,高山市,丹後尚古堂 三之町店,小売業,その他小売,5%
岐阜県,高山市,丹後尚古堂 本町店,小売業,その他小売,5%
岐阜県,高山市,地球屋 飛騨高山店,サービス,飲食業,5%
岐阜県,高山市,炒飯 花,サービス,飲食業,5%
岐阜県,高山市,茶茶,サービス,宿泊業,5%
岐阜県,高山市,Ｃｈａ－ｍａｍｅ Ｃａｆ?,サービス,飲食業,5%
岐阜県,高山市,中央電気,小売業,電化製品,5%
岐阜県,高山市,長作の宿 なかだ屋,サービス,宿泊業,5%
岐阜県,高山市,治療院じゅうべえ,その他業種,ー,5%
岐阜県,高山市,旅荘つゆくさ,サービス,その他サービス,5%
岐阜県,高山市,てあて屋よし,その他業種,ー,5%
岐阜県,高山市,てあて屋よし,その他業種,ー,5%
岐阜県,高山市,てながあしなが,サービス,飲食業,5%
岐阜県,高山市,電化ショップスミ,小売業,電化製品,5%
岐阜県,高山市,電器のあらき,小売業,電化製品,5%
岐阜県,高山市,でんきのフタバ,小売業,電化製品,5%
岐阜県,高山市,天狗総本店,小売業,食料品,5%
岐阜県,高山市,ＴｅｍｐｌｅＨｏｔｅｌ高山善光寺,サービス,宿泊業,5%
岐阜県,高山市,稲豊園,小売業,食料品,5%
岐阜県,高山市,東邦家電有限会社,小売業,電化製品,5%
岐阜県,高山市,Ｄｒ．Ｄｒｉｖｅセルフ高山松之木ＳＳ,小売業,ガソリンスタンド,2%
岐阜県,高山市,Ｄｒ．Ｄｒｉｖｅ高山西之一色ＳＳ,小売業,ガソリンスタンド,2%
岐阜県,高山市,Ｄｒ．Ｄｒｉｖｅ高山西之一色ＳＳ,小売業,ガソリンスタンド,2%
岐阜県,高山市,Ｄｒ．Ｄｒｉｖｅ高山花里ＳＳ,小売業,ガソリンスタンド,2%
岐阜県,高山市,冨山酒店,サービス,飲食業,5%
岐阜県,高山市,トヨタレンタリース岐阜 高山店,サービス,その他サービス,2%
岐阜県,高山市,トヨタレンタリース岐阜高山駅前店,サービス,その他サービス,2%
岐阜県,高山市,トヨタレンタリース岐阜 高山駅前店,その他業種,ー,2%
岐阜県,高山市,トヨタレンタリース岐阜 高山店,その他業種,ー,2%
岐阜県,高山市,トラン・ブルー,小売業,食料品,5%
岐阜県,高山市,中尾平,サービス,その他サービス,5%
岐阜県,高山市,長倉ＳＳ,小売業,ガソリンスタンド,2%
岐阜県,高山市,中田中央薬品,小売業,その他小売,5%
岐阜県,高山市,中野シオン 中野シオン,小売業,その他小売,5%
岐阜県,高山市,中村館,サービス,宿泊業,5%
岐阜県,高山市,中山中華そば,サービス,飲食業,5%
岐阜県,高山市,夏厩ＳＳ,小売業,ガソリンスタンド,2%
岐阜県,高山市,七色食堂,サービス,飲食業,5%
岐阜県,高山市,なべかま,サービス,飲食業,5%
岐阜県,高山市,株式会社なべしま銘茶,小売業,食料品,5%
岐阜県,高山市,日進木工 日進木工 本社ショールーム,小売業,家具・調度品,5%
岐阜県,高山市,日進木工 本社ショールーム,小売業,家具・調度品,5%
岐阜県,高山市,ｎｏｋｕｔａｒｅ,小売業,家具・調度品,5%
岐阜県,高山市,はぎ手芸店,小売業,その他小売,5%
岐阜県,高山市,八光苑,サービス,飲食業,5%
岐阜県,高山市,鳩タクシー 本社営業所,サービス,その他サービス,5%
岐阜県,高山市,花扇別邸 いいやま,サービス,宿泊業,5%
岐阜県,高山市,パナスペースアスク,小売業,電化製品,5%
岐阜県,高山市,羽根や,小売業,その他小売,5%
岐阜県,高山市,飛騨居酒屋 おりじん,サービス,飲食業,5%
岐阜県,高山市,飛騨牛カレーハウス,サービス,飲食業,5%
岐阜県,高山市,飛騨牛食処「天狗」,サービス,飲食業,5%
岐阜県,高山市,ＨＩＤＡ ＣＯＬＬＥＣＴＩＯＮくらしの制作所 ＨＩＤＡ ＣＯＬＬＥＣＴＩＯＮくらしの制作所,小売業,家具・調度品,5%
岐阜県,高山市,ＨＩＤＡ・ＣＯＬＬＥＣＴＩＯＮ くらしの制作所,小売業,家具・調度品,5%
岐阜県,高山市,飛騨さしこ さんまち支店,小売業,その他小売,5%
岐阜県,高山市,飛騨さしこ 本店,小売業,その他小売,5%
岐阜県,高山市,飛騨山椒,小売業,食料品,5%
岐阜県,高山市,ヒダシキ株式会社,その他業種,ー,5%
岐阜県,高山市,飛騨高山 駅前軒,サービス,飲食業,5%
岐阜県,高山市,飛騨高山温泉の宿 民宿岩田館,サービス,宿泊業,5%
岐阜県,高山市,飛騨高山ゲストハウス リラックスホステル高山ステーション,サービス,宿泊業,5%
岐阜県,高山市,飛騨高山ゲストハウスｔａｕ,サービス,その他サービス,5%
岐阜県,高山市,飛騨高山刃物専門店 是ノ刃,小売業,その他小売,5%
岐阜県,高山市,飛騨高山まつりの森,小売業,食料品,5%
岐阜県,高山市,飛騨琢磨,サービス,飲食業,5%
岐阜県,高山市,斐太ヂーゼル有限会社,サービス,その他サービス,5%
岐阜県,高山市,飛騨中古車センター株式会社,小売業,その他小売,5%
岐阜県,高山市,飛騨の里ＳＳ,小売業,ガソリンスタンド,2%
岐阜県,高山市,飛騨の駄菓子打保屋 宮川朝市店,小売業,食料品,5%
岐阜県,高山市,ひだホテルプラザ,サービス,宿泊業,5%
岐阜県,高山市,飛騨本郷ＳＳ,小売業,ガソリンスタンド,2%
岐阜県,高山市,飛騨三日町ＳＳ,小売業,ガソリンスタンド,2%
岐阜県,高山市,ビッグキャップ高山ＳＳ,小売業,ガソリンスタンド,2%
岐阜県,高山市,ピッツェリアヒラノグラーノ,サービス,飲食業,5%
岐阜県,高山市,鄙の館 松乃井,サービス,宿泊業,5%
岐阜県,高山市,美容室 ラ・ボーテ,サービス,理容・美容業,5%
岐阜県,高山市,美容室 ＫＩＩＴＯＳ【キートス】,サービス,理容・美容業,5%
岐阜県,高山市,平田酒造場,小売業,食料品,5%
岐阜県,高山市,ファボール飛騨,小売業,食料品,5%
岐阜県,高山市,ファミリーストアさとう 石浦店,小売業,食料品,5%
岐阜県,高山市,ファミリーストアさとう 桐生店,小売業,食料品,5%
岐阜県,高山市,ファミリーストアさとう 国府店,小売業,食料品,5%
岐阜県,高山市,ファミリーストアさとう 三福寺店,小売業,食料品,5%
岐阜県,高山市,ファミリーストアさとう 食彩館,小売業,食料品,5%
岐阜県,高山市,ファミリーストアさとう ピュア店,小売業,食料品,5%
岐阜県,高山市,フィナンシェ,サービス,飲食業,5%
岐阜県,高山市,ｐａｎｏｖｅ,小売業,食料品,5%
岐阜県,高山市,フォトスタジオモエ,サービス,その他サービス,5%
岐阜県,高山市,福栄楽器,小売業,その他小売,5%
岐阜県,高山市,福栄楽器,小売業,その他小売,5%
岐阜県,高山市,福八神,サービス,飲食業,5%
岐阜県,高山市,（株）藤井クリーニング店,サービス,その他サービス,5%
岐阜県,高山市,仏壇工芸ほりお,小売業,家具・調度品,5%
岐阜県,高山市,ブティックかいが,小売業,衣料品,5%
岐阜県,高山市,ブティックかいが ピエドプール,小売業,衣料品,5%
岐阜県,高山市,フラワー＆グリーンモネ,小売業,その他小売,5%
岐阜県,高山市,フラワーハウス しもで,小売業,その他小売,5%
岐阜県,高山市,ＰＲＩＮＣＥ ?ｆｌａｐ?,サービス,理容・美容業,5%
岐阜県,高山市,フルーツカフェＢｉｔｔａ,サービス,飲食業,5%
岐阜県,高山市,フルーツ専門店 銀コップ,小売業,食料品,5%
岐阜県,高山市,フレスポ飛騨高山 ８１ｃａｆｅ,サービス,飲食業,5%
岐阜県,高山市,Ｆｒｅｓｈ Ｌａｂ．Ｔａｋａｙａｍａ,サービス,飲食業,5%
岐阜県,高山市,ヘアーショップ 和志美,サービス,理容・美容業,5%
岐阜県,高山市,ヘアースタジオ ロシナンテ,サービス,理容・美容業,5%
岐阜県,高山市,ｈａｉｒｓｐａｃｅｉｎｔｏ,サービス,理容・美容業,5%
岐阜県,高山市,ｈａｉｒ ｓｐａｃｅ ｉｎｔｏ,サービス,理容・美容業,5%
岐阜県,高山市,Ｐｅｎ Ｓｈｏｐ ＩＭＡＩ,小売業,その他小売,5%
岐阜県,高山市,ペンション ほのみ亭 ペンションほのみ亭,サービス,宿泊業,5%
岐阜県,高山市,ペンションいしみず,サービス,宿泊業,5%
岐阜県,高山市,坊方バイパスＳＳ,小売業,ガソリンスタンド,2%
岐阜県,高山市,ＨＯＳＴＥＬＦＩＳＨＩＮＡＲＩＶＥＲ,サービス,その他サービス,5%
岐阜県,高山市,ほずゑ自動車,サービス,その他サービス,5%
岐阜県,高山市,ボッカボーナ,サービス,飲食業,5%
岐阜県,高山市,ＨＯＴＥＬ ＡＣＴＹ,サービス,宿泊業,5%
岐阜県,高山市,本陣平野屋 花兆庵,サービス,宿泊業,5%
岐阜県,高山市,本陣平野屋 別館）,サービス,宿泊業,5%
岐阜県,高山市,マクドナルド高山駅西店,サービス,飲食業,2%
岐阜県,高山市,マクドナルドラクール飛騨高山店,サービス,飲食業,2%
岐阜県,高山市,松井タンス店,小売業,家具・調度品,5%
岐阜県,高山市,有限会社松林工務店,その他業種,ー,5%
岐阜県,高山市,まほろば,サービス,宿泊業,5%
岐阜県,高山市,豆吉本舗飛騨高山店,小売業,食料品,5%
岐阜県,高山市,まるじん 高山店,小売業,衣料品,5%
岐阜県,高山市,株式会社丸進工機,小売業,その他小売,5%
岐阜県,高山市,有限会社丸田燃料店,小売業,その他小売,5%
岐阜県,高山市,まるひゃく本店,小売業,その他小売,5%
岐阜県,高山市,みずまたばこ店,小売業,食料品,5%
岐阜県,高山市,ミソラプランニング,サービス,その他サービス,5%
岐阜県,高山市,三木デンキ商会,小売業,電化製品,5%
岐阜県,高山市,ＭＩＮＡＶＩＥＴＡ,サービス,飲食業,5%
岐阜県,高山市,みの谷 本社,小売業,ガソリンスタンド,2%
岐阜県,高山市,みのり家,サービス,宿泊業,5%
岐阜県,高山市,宮川園,小売業,食料品,5%
岐阜県,高山市,みやこし電器,小売業,電化製品,5%
岐阜県,高山市,株式会社 宮本 問屋町営業所,小売業,電化製品,5%
岐阜県,高山市,民芸たぬき,小売業,その他小売,5%
岐阜県,高山市,民宿 内山,サービス,宿泊業,5%
岐阜県,高山市,民宿桑谷屋,サービス,その他サービス,5%
岐阜県,高山市,武藤杏花園,小売業,その他小売,5%
岐阜県,高山市,むろや,サービス,飲食業,5%
岐阜県,高山市,メガネ・宝石・トケイ 芝田,小売業,貴金属・服飾品,5%
岐阜県,高山市,もみかる 飛騨高山店,サービス,その他サービス,5%
岐阜県,高山市,モンマートなかちょう,小売業,総合（非専門）,5%
岐阜県,高山市,ｙａｋｉｎｉｋｕ楓,サービス,飲食業,5%
岐阜県,高山市,ヤスダペンション,サービス,宿泊業,5%
岐阜県,高山市,山形ラジオ商会,小売業,電化製品,5%
岐阜県,高山市,山田春慶店,小売業,総合（非専門）,5%
岐阜県,高山市,山彦,小売業,電化製品,5%
岐阜県,高山市,有限会社 オートリニューカジタ,サービス,その他サービス,5%
岐阜県,高山市,有限会社 島光自動車,小売業,その他小売,5%
岐阜県,高山市,有限会社岩佐文具店,小売業,その他小売,5%
岐阜県,高山市,有限会社弘文舎,サービス,その他サービス,5%
岐阜県,高山市,有限会社滝清,サービス,その他サービス,5%
岐阜県,高山市,中田呉服店,小売業,衣料品,5%
岐阜県,高山市,遊膳亭 魚祭,サービス,飲食業,5%
岐阜県,高山市,吉城コンピュータ 高山店,小売業,電化製品,5%
岐阜県,高山市,ラスリーズ,サービス,飲食業,5%
岐阜県,高山市,リストラットーレ アルテッツァ,サービス,飲食業,5%
岐阜県,高山市,ＲＩＣＨ ＣＯＬＯＲ,サービス,理容・美容業,5%
岐阜県,高山市,龍リゾート＆スパ,サービス,宿泊業,5%
岐阜県,高山市,旅館 岐山,サービス,宿泊業,5%
岐阜県,高山市,旅館 飛?牛の宿,サービス,宿泊業,5%
岐阜県,高山市,旅館一の松,サービス,宿泊業,5%
岐阜県,高山市,旅館かみなか,サービス,宿泊業,5%
岐阜県,高山市,旅館山水,サービス,その他サービス,5%
岐阜県,高山市,旅館 清龍,サービス,宿泊業,5%
岐阜県,高山市,旅館たなか,サービス,宿泊業,5%
岐阜県,高山市,緑風苑 きよはる,サービス,宿泊業,5%
岐阜県,高山市,リヨン,小売業,その他小売,5%
岐阜県,高山市,レストラン 真風,サービス,飲食業,5%
岐阜県,高山市,レストランピーターパン,サービス,飲食業,5%
岐阜県,高山市,ＬＥＮＮＯＮ,小売業,衣料品,5%
岐阜県,高山市,ＬＯＳＴ ＨＩＧＨＷＡＹ,小売業,衣料品,5%
岐阜県,高山市,ロマン美容室,サービス,理容・美容業,5%
岐阜県,高山市,和久電機,その他業種,ー,5%
岐阜県,高山市,ワットホテル＆スパ飛騨高山,サービス,その他サービス,5%
岐阜県,高山市,わらじ屋,サービス,飲食業,5%
岐阜県,高山市,ワンライトイケダ,小売業,電化製品,5%
岐阜県,多治見市,赤から 多治見店,サービス,飲食業,5%
岐阜県,多治見市,Ａｇｕ ｈａｉｒ Ａｇｕ ｈａｉｒ ｃｏｌｔ多治見,サービス,理容・美容業,5%
岐阜県,多治見市,Ａｇｓｉｔアジット,サービス,理容・美容業,5%
岐阜県,多治見市,ＡＶＥＵＧＬＡＮＴ,サービス,理容・美容業,5%
岐阜県,多治見市,ｅｎｎ ｅｎｎ,小売業,その他小売,5%
岐阜県,多治見市,ｕｎｐｌｕｓ,小売業,衣料品,5%
岐阜県,多治見市,株 池のや 池のや,小売業,衣料品,5%
岐阜県,多治見市,市之倉ＳＳ,小売業,ガソリンスタンド,2%
岐阜県,多治見市,出光セルフ愛岐ＳＳ,小売業,ガソリンスタンド,2%
岐阜県,多治見市,大畑ＳＳ,小売業,ガソリンスタンド,2%
岐阜県,多治見市,オオマツフード笠原店,小売業,食料品,5%
岐阜県,多治見市,オオマツフード光ヶ丘店,小売業,食料品,5%
岐阜県,多治見市,オリックスレンタカー多治見店,サービス,その他サービス,2%
岐阜県,多治見市,ＯＲＳＡ ＨＡＩＲ,サービス,理容・美容業,5%
岐阜県,多治見市,御菓子司 港屋,小売業,食料品,5%
岐阜県,多治見市,菓匠庵やまよね,サービス,飲食業,5%
岐阜県,多治見市,加藤電気,小売業,電化製品,5%
岐阜県,多治見市,カフェ 風,サービス,飲食業,5%
岐阜県,多治見市,ＣａｆｆｅとＺａｋｋａ Ｒ,小売業,その他小売,5%
岐阜県,多治見市,河合塾マナビス多治見校,その他業種,ー,2%
岐阜県,多治見市,菊寿園,小売業,食料品,5%
岐阜県,多治見市,キトウスポーツ,小売業,書籍・玩具・音楽ＣＤ,5%
岐阜県,多治見市,ＧＯＯＤ ＤＡＹＳ ＣＯＦＦＥＥ,サービス,飲食業,5%
岐阜県,多治見市,グラサージュ３０,サービス,その他サービス,5%
岐阜県,多治見市,蔵ショップ 陶器と雑貨,小売業,その他小売,5%
岐阜県,多治見市,グラニット,サービス,その他サービス,5%
岐阜県,多治見市,ぐんぐん多治見店,サービス,その他サービス,5%
岐阜県,多治見市,ココ壱番屋多治見インター店,サービス,飲食業,2%
岐阜県,多治見市,こども楽園,小売業,書籍・玩具・音楽ＣＤ,5%
岐阜県,多治見市,サカエ屋 笠原店,小売業,衣料品,5%
岐阜県,多治見市,佐藤硝子センター,サービス,その他サービス,5%
岐阜県,多治見市,しあわせのしっぽ,サービス,理容・美容業,5%
岐阜県,多治見市,ジェームス多治見店,小売業,その他小売,2%
岐阜県,多治見市,松栄堂楽器 多治見店,小売業,その他小売,5%
岐阜県,多治見市,そったくどうじ,サービス,飲食業,5%
岐阜県,多治見市,蕎麦みづ乃,サービス,飲食業,5%
岐阜県,多治見市,株式会社たじみあられ,小売業,食料品,5%
岐阜県,多治見市,多治見営業所,その他業種,ー,5%
岐阜県,多治見市,セブン－イレブン多治見大畑町７丁目店,小売業,食料品,2%
岐阜県,多治見市,セブン－イレブン多治見笠原町神戸店,小売業,食料品,2%
岐阜県,多治見市,多治見市美濃焼振興協会,小売業,総合（非専門）,5%
岐阜県,多治見市,多治見酒造協同組合,小売業,その他小売,5%
岐阜県,多治見市,セブン－イレブン多治見錦町店,小売業,食料品,2%
岐阜県,多治見市,セブン－イレブン多治見白山町店,小売業,食料品,2%
岐阜県,多治見市,セブン－イレブン多治見光ヶ丘２丁目店,小売業,食料品,2%
岐阜県,多治見市,セブン－イレブン多治見美坂町店,小売業,食料品,2%
岐阜県,多治見市,玉野屋,小売業,食料品,5%
岐阜県,多治見市,ＤＰ多治見,サービス,理容・美容業,5%
岐阜県,多治見市,土井自動車販売 池田民間車検整備工場,小売業,その他小売,5%
岐阜県,多治見市,陶勝軒,小売業,食料品,5%
岐阜県,多治見市,東濃ダイハツ本社,小売業,その他小売,5%
岐阜県,多治見市,Ｄｒ．Ｄｒｉｖｅ金岡町ＳＳ,小売業,ガソリンスタンド,2%
岐阜県,多治見市,Ｄｒ．Ｄｒｉｖｅ多治見バイパスＳＳ,小売業,ガソリンスタンド,2%
岐阜県,多治見市,トーホー家電ワーク 市之倉,小売業,電化製品,5%
岐阜県,多治見市,トーホー家電ワーク小名田,小売業,電化製品,5%
岐阜県,多治見市,トーホー家電ワーク小泉,小売業,電化製品,5%
岐阜県,多治見市,トーホー家電ワーク美坂,小売業,電化製品,5%
岐阜県,多治見市,トヨタレンタリース岐阜 多治見店,サービス,その他サービス,2%
岐阜県,多治見市,トヨタレンタリース岐阜 多治見店,その他業種,ー,2%
岐阜県,多治見市,なごみサロン,サービス,その他サービス,5%
岐阜県,多治見市,ＮＯＬＩＭＩＴ,その他業種,ー,5%
岐阜県,多治見市,ハ―トランドたじみＳＳ,小売業,ガソリンスタンド,2%
岐阜県,多治見市,ＢＩＫＥ ＥＩＧＨＴ ＢＩＫＥ ＥＩＧＨＴ,小売業,その他小売,5%
岐阜県,多治見市,ハウスカストア,その他業種,ー,5%
岐阜県,多治見市,パソコンショップＷＩＮＧ,小売業,電化製品,5%
岐阜県,多治見市,ハチパン,小売業,食料品,5%
岐阜県,多治見市,八曽の里キャンプ場,サービス,その他サービス,5%
岐阜県,多治見市,バロー多治見旅行センター,サービス,その他サービス,5%
岐阜県,多治見市,ビープロデュース小牧店,サービス,理容・美容業,5%
岐阜県,多治見市,美ｓａｌｏｎ Ａｓｒｉ,サービス,理容・美容業,5%
岐阜県,多治見市,びっくりドンキー多治見住吉店,サービス,飲食業,2%
岐阜県,多治見市,美容室ｔｉａｒａ,サービス,理容・美容業,5%
岐阜県,多治見市,ひらく本屋東文堂本店,小売業,書籍・玩具・音楽ＣＤ,5%
岐阜県,多治見市,フカオでんき,小売業,電化製品,5%
岐阜県,多治見市,ブックタウン多治見店,小売業,書籍・玩具・音楽ＣＤ,5%
岐阜県,多治見市,フュージョン三和,小売業,電化製品,5%
岐阜県,多治見市,ＢＲａｅＶＥ ｈａｉｒ ｄｅｓｉｇｎ 【ブレイブ ヘアデザイン】,サービス,理容・美容業,5%
岐阜県,多治見市,ヘアーサロン ｓｉｎ,サービス,理容・美容業,5%
岐阜県,多治見市,ＬｕｃｉａＨａｉｒＳａｌｏｎ,サービス,理容・美容業,5%
岐阜県,多治見市,ｈａｉｒｍａｋｅａｎ?ｎｉｃｏ,サービス,理容・美容業,5%
岐阜県,多治見市,ＨａｉｒＳａｌｏｎ?,サービス,理容・美容業,5%
岐阜県,多治見市,ＨａｉｒＭａｋｅＲＩＳＥ,サービス,理容・美容業,5%
岐阜県,多治見市,ホームショップつげ,小売業,総合（非専門）,5%
岐阜県,多治見市,ホテルトーノー,サービス,宿泊業,5%
岐阜県,多治見市,マクドナルド多治見インター店,サービス,飲食業,2%
岐阜県,多治見市,マツサカでんき,小売業,電化製品,5%
岐阜県,多治見市,マルナカストアー,小売業,総合（非専門）,5%
岐阜県,多治見市,ミドリヤ,小売業,衣料品,5%
岐阜県,多治見市,ＭＯＯＮ,小売業,貴金属・服飾品,5%
岐阜県,多治見市,名紳 多治見店,小売業,衣料品,5%
岐阜県,多治見市,明和ＳＳ,小売業,ガソリンスタンド,2%
岐阜県,多治見市,メナード化粧品多治見栄,サービス,理容・美容業,5%
岐阜県,多治見市,ヤマモトエナジー販売株式会社 多治見営業所,小売業,その他小売,5%
岐阜県,多治見市,有限会社五味鋸店,小売業,その他小売,5%
岐阜県,多治見市,有限会社ライスカネフル,小売業,食料品,5%
岐阜県,多治見市,ヨシダデンキ,小売業,電化製品,5%
岐阜県,多治見市,来来亭 多治見店,サービス,飲食業,2%
岐阜県,多治見市,ＲＡＣＩＬ 多治見店,サービス,理容・美容業,5%
岐阜県,多治見市,ＬａＦｔｈｅｏｒｇａｎｉｃｓ,サービス,飲食業,5%
岐阜県,多治見市,Ｌ｀ｉｓｏｌｅｔｔａ,サービス,飲食業,5%
岐阜県,多治見市,Ｌｉｔｈａｐ,サービス,理容・美容業,5%
岐阜県,多治見市,Ｌｕｐｉｎａ,サービス,理容・美容業,5%
岐阜県,多治見市,ＲＥＳＴ ＰＬＵＳ 多治見店,サービス,理容・美容業,5%
岐阜県,多治見市,渡辺精肉店,サービス,飲食業,5%
岐阜県,多治見市,ワタナベ文具,小売業,その他小売,5%
岐阜県,垂井町,アルファン垂井ＳＳ,小売業,ガソリンスタンド,2%
岐阜県,垂井町,ＥｎｅＪｅｔ垂井町宮代ＳＳ,小売業,ガソリンスタンド,2%
岐阜県,垂井町,エリス 原,小売業,電化製品,5%
岐阜県,垂井町,カレーハウスココイチバンヤ岐阜垂井町店,サービス,飲食業,2%
岐阜県,垂井町,錦声堂,小売業,電化製品,5%
岐阜県,垂井町,セルフ垂井店,小売業,ガソリンスタンド,2%
岐阜県,垂井町,たかぎ,サービス,その他サービス,5%
岐阜県,垂井町,タノサイクル,小売業,その他小売,5%
岐阜県,垂井町,中日新聞 垂井辻川専売所,小売業,その他小売,5%
岐阜県,垂井町,ｎａｖｉｉ,小売業,その他小売,5%
岐阜県,垂井町,のはら家電タカギ,小売業,電化製品,5%
岐阜県,垂井町,フェアトレード 地産地消 みずのわ,小売業,食料品,5%
岐阜県,垂井町,ブレッドカーデン ナカタケ ブレッドガーデンナカタケ,小売業,衣料品,5%
岐阜県,垂井町,メルシイ,小売業,その他小売,5%
岐阜県,垂井町,ヤナギ園芸,小売業,家具・調度品,5%
岐阜県,垂井町,義津屋スーパー・センター垂井,小売業,総合（非専門）,5%
岐阜県,土岐市,Ｉ?Ｒｙａ,サービス,理容・美容業,5%
岐阜県,土岐市,イシハラ電化,小売業,電化製品,5%
岐阜県,土岐市,出光ウィング・イズミＳＳ,小売業,ガソリンスタンド,2%
岐阜県,土岐市,ウェルネス土岐院,サービス,理容・美容業,5%
岐阜県,土岐市,株式会社 ＮＩＴＴ ＢＡＲＯＱＵＥ,サービス,飲食業,5%
岐阜県,土岐市,オオマツフード下石店,小売業,食料品,5%
岐阜県,土岐市,下石ダイハツ販売所本社,小売業,その他小売,5%
岐阜県,土岐市,カイロプラクティック 中山乃療術院 カイロプラクティック中山乃療術院,サービス,その他サービス,5%
岐阜県,土岐市,カイロプラクティック中山乃療術院,サービス,理容・美容業,5%
岐阜県,土岐市,鶴琳窯,小売業,家具・調度品,5%
岐阜県,土岐市,カネヤマハウジング,小売業,その他小売,5%
岐阜県,土岐市,カネヤマハウジング,小売業,その他小売,5%
岐阜県,土岐市,カレーハウスＣｏＣｏ壱番屋土岐インター店,サービス,飲食業,2%
岐阜県,土岐市,くうかん 陶四季,小売業,その他小売,5%
岐阜県,土岐市,くうかん陶四季,小売業,その他小売,5%
岐阜県,土岐市,合同会社マイホーム マイホーム,その他業種,ー,5%
岐阜県,土岐市,小木曽自動車本社,小売業,その他小売,5%
岐阜県,土岐市,虎渓渡辺製菓,小売業,食料品,5%
岐阜県,土岐市,Ｃｏｖｏ ｃｏｍｏｄｏ,サービス,飲食業,5%
岐阜県,土岐市,近藤薬局,小売業,その他小売,5%
岐阜県,土岐市,近藤薬局,小売業,その他小売,5%
岐阜県,土岐市,ＳＨＩＭＩＺＵＹＡ,小売業,食料品,5%
岐阜県,土岐市,鈴窯,その他業種,ー,5%
岐阜県,土岐市,鈴蘭堂 鈴蘭堂,小売業,電化製品,5%
岐阜県,土岐市,セルフ土岐インター,小売業,ガソリンスタンド,2%
岐阜県,土岐市,セルフ肥田ＳＳ,小売業,ガソリンスタンド,2%
岐阜県,土岐市,大廣園 土岐本店,小売業,食料品,5%
岐阜県,土岐市,大廣園 土岐本店,サービス,飲食業,5%
岐阜県,土岐市,駄知,小売業,ガソリンスタンド,2%
岐阜県,土岐市,駄知小売商業協同組合,小売業,その他小売,5%
岐阜県,土岐市,丹山窯,サービス,その他サービス,5%
岐阜県,土岐市,千古乃岩酒造株式会社,小売業,食料品,5%
岐阜県,土岐市,チャイハネＤＥＰＯ土岐,小売業,衣料品,5%
岐阜県,土岐市,鶴里ダイハツ本社,小売業,その他小売,5%
岐阜県,土岐市,ＤＰ土岐,サービス,理容・美容業,5%
岐阜県,土岐市,陶の里動物病院,サービス,その他サービス,5%
岐阜県,土岐市,土岐口ＳＳ,小売業,ガソリンスタンド,2%
岐阜県,土岐市,セブン－イレブン土岐市駅北店,小売業,食料品,2%
岐阜県,土岐市,トーホー家電ワーク泉,小売業,電化製品,5%
岐阜県,土岐市,トーホー家電ワークオロシ,小売業,電化製品,5%
岐阜県,土岐市,トーホー家電ワーク 土岐,小売業,電化製品,5%
岐阜県,土岐市,トヨタレンタリース岐阜土岐店,サービス,その他サービス,2%
岐阜県,土岐市,トヨタレンタリース岐阜 土岐店,その他業種,ー,2%
岐阜県,土岐市,ニュ－阿庄ＳＳ,小売業,ガソリンスタンド,2%
岐阜県,土岐市,比那屋,サービス,飲食業,5%
岐阜県,土岐市,ブティック シバ ブティック シバ,小売業,衣料品,5%
岐阜県,土岐市,不動窯,その他業種,ー,5%
岐阜県,土岐市,ＢＬＵＥ ＢＥＡＲ’Ｓ Ｃａｆｅ,サービス,飲食業,5%
岐阜県,土岐市,ヘアーサロン ワタナベ ヘアーサロン ワタナベ,サービス,理容・美容業,5%
岐阜県,土岐市,マクドナルド１９号土岐店,サービス,飲食業,2%
岐阜県,土岐市,名紳 土岐店,小売業,衣料品,5%
岐阜県,土岐市,山神温泉 湯乃元館,サービス,宿泊業,5%
岐阜県,土岐市,山本家具株式会社,小売業,家具・調度品,5%
岐阜県,土岐市,隆月窯,小売業,その他小売,5%
岐阜県,土岐市,緑山窯,小売業,その他小売,5%
岐阜県,富加町,家電サポート いまい,小売業,電化製品,5%
岐阜県,富加町,カワイ電化,小売業,電化製品,5%
岐阜県,富加町,タイヤショップ長尾 タイヤショップ長尾,小売業,その他小売,5%
岐阜県,富加町,富加町,小売業,ガソリンスタンド,2%
岐阜県,富加町,ｈａｉｒ ｓａｌｏｎ ｃｉｔｒｕ,サービス,理容・美容業,5%
岐阜県,中津川市,アオキーズ・ピザ 中津川店,サービス,飲食業,5%
岐阜県,中津川市,赤坂電器商会,小売業,電化製品,5%
岐阜県,中津川市,あき彦,サービス,飲食業,5%
岐阜県,中津川市,アトリエにじいろ,小売業,その他小売,5%
岐阜県,中津川市,アリッツ株式会社,サービス,その他サービス,5%
岐阜県,中津川市,Ｅショップオオヒラ,小売業,電化製品,5%
岐阜県,中津川市,居酒屋ひらまつ,サービス,飲食業,5%
岐阜県,中津川市,出光阿木ＳＳ,小売業,ガソリンスタンド,2%
岐阜県,中津川市,出光坂下ＳＳ,小売業,ガソリンスタンド,2%
岐阜県,中津川市,出光坂本ＳＳ,小売業,ガソリンスタンド,2%
岐阜県,中津川市,出光下野ＳＳ,小売業,ガソリンスタンド,2%
岐阜県,中津川市,出光田原ＳＳ,小売業,ガソリンスタンド,2%
岐阜県,中津川市,出光付知ＳＳ,小売業,ガソリンスタンド,2%
岐阜県,中津川市,出光苗木ＳＳ,小売業,ガソリンスタンド,2%
岐阜県,中津川市,出光中津川ＳＳ,小売業,ガソリンスタンド,2%
岐阜県,中津川市,糸井川商店,小売業,その他小売,5%
岐阜県,中津川市,苗木ＳＳ,小売業,ガソリンスタンド,2%
岐阜県,中津川市,岩木石油 加子母ＳＳ,小売業,ガソリンスタンド,2%
岐阜県,中津川市,岩寿荘,サービス,宿泊業,5%
岐阜県,中津川市,ウエストポイントＳＳ,小売業,ガソリンスタンド,2%
岐阜県,中津川市,Ｗｅｌｌ ｃａｆｅ,サービス,飲食業,5%
岐阜県,中津川市,うたたね,サービス,理容・美容業,5%
岐阜県,中津川市,Ａコープ阿木店,小売業,総合（非専門）,5%
岐阜県,中津川市,Ａコープ落合店,小売業,総合（非専門）,5%
岐阜県,中津川市,Ａコープ坂下店,小売業,総合（非専門）,5%
岐阜県,中津川市,Ａコープ福岡店,小売業,総合（非専門）,5%
岐阜県,中津川市,Ｅｔｓｕｚｏ本店,サービス,飲食業,5%
岐阜県,中津川市,エレディア ナガオ,小売業,電化製品,5%
岐阜県,中津川市,大平の山彦,サービス,飲食業,5%
岐阜県,中津川市,恩多屋,サービス,飲食業,5%
岐阜県,中津川市,カイロプラクティックｃｈａｏ,サービス,その他サービス,5%
岐阜県,中津川市,加子母ＳＳ,小売業,ガソリンスタンド,2%
岐阜県,中津川市,ガッツ,小売業,その他小売,5%
岐阜県,中津川市,かっぺ,小売業,その他小売,5%
岐阜県,中津川市,カフェ リンデン ルビットタウン中津川店,サービス,飲食業,5%
岐阜県,中津川市,株式会社ジェイ ケイ ドゥ トラベル,サービス,その他サービス,5%
岐阜県,中津川市,北原こうじ店,小売業,総合（非専門）,5%
岐阜県,中津川市,Ｇｕｅｓｔｈｏｕｓｅねどこ,サービス,その他サービス,5%
岐阜県,中津川市,Ｋｏｉｋｅ ｌａｂ,小売業,総合（非専門）,5%
岐阜県,中津川市,酒アルコ中津川店,小売業,食料品,5%
岐阜県,中津川市,御菓子処 信玄堂 栄町店,小売業,食料品,5%
岐阜県,中津川市,すし茶屋,サービス,飲食業,5%
岐阜県,中津川市,スマイル駒場店,小売業,食料品,5%
岐阜県,中津川市,スマイルなすび川店,小売業,食料品,5%
岐阜県,中津川市,だいこく家中津川店,サービス,飲食業,5%
岐阜県,中津川市,太陽プロパン株式会社,小売業,その他小売,5%
岐阜県,中津川市,タグチ水道工業,サービス,その他サービス,5%
岐阜県,中津川市,有限会社竹内商店,小売業,その他小売,5%
岐阜県,中津川市,たつみや電機商会,小売業,電化製品,5%
岐阜県,中津川市,付知ばあちゃんち,サービス,飲食業,5%
岐阜県,中津川市,手作りハウスサカエヤ,その他業種,ー,5%
岐阜県,中津川市,とおやま犬猫病院,サービス,その他サービス,5%
岐阜県,中津川市,遠山電器,その他業種,ー,5%
岐阜県,中津川市,トヨタレンタリース岐阜中津川駅前店,サービス,その他サービス,2%
岐阜県,中津川市,トヨタレンタリース岐阜 中津川駅前店,その他業種,ー,2%
岐阜県,中津川市,中津川インターＳＳ,小売業,ガソリンスタンド,2%
岐阜県,中津川市,セブン－イレブン中津川駅前店,小売業,食料品,2%
岐阜県,中津川市,中津川ＳＳ,小売業,ガソリンスタンド,2%
岐阜県,中津川市,中津川ＳＳ セルフ,小売業,ガソリンスタンド,2%
岐阜県,中津川市,セブン－イレブン中津川工業団地店,小売業,食料品,2%
岐阜県,中津川市,セブンーイレブン中津川中村店,小売業,食料品,2%
岐阜県,中津川市,中津川東ＳＳ,小売業,ガソリンスタンド,2%
岐阜県,中津川市,ｎａｔｕｒｅｈａｉｒｄｅｓｉｇｎ,サービス,理容・美容業,5%
岐阜県,中津川市,ニュー中津川ＳＳ,小売業,ガソリンスタンド,2%
岐阜県,中津川市,パナフレンドＡＢＵＲＡＹＡ,小売業,電化製品,5%
岐阜県,中津川市,原動物病院,サービス,その他サービス,5%
岐阜県,中津川市,はんこピット,サービス,その他サービス,5%
岐阜県,中津川市,ひかりや ルビットタウン店,小売業,その他小売,5%
岐阜県,中津川市,ひかりや本店,小売業,その他小売,5%
岐阜県,中津川市,ファミリ－スポットたぐち,小売業,電化製品,5%
岐阜県,中津川市,ふぁんふぁん,サービス,飲食業,5%
岐阜県,中津川市,福岡ＳＳ,小売業,ガソリンスタンド,2%
岐阜県,中津川市,福岡町ＳＳ,小売業,ガソリンスタンド,2%
岐阜県,中津川市,福永商店,小売業,その他小売,5%
岐阜県,中津川市,プチ タルト,小売業,その他小売,5%
岐阜県,中津川市,プライベートサロンアズヘアー,サービス,理容・美容業,5%
岐阜県,中津川市,ＨＡＩＲ’Ｓ ＡＲＴＥ,サービス,理容・美容業,5%
岐阜県,中津川市,ヘアードレッシングアン,サービス,理容・美容業,5%
岐阜県,中津川市,ほっとはーとやまだ,小売業,貴金属・服飾品,5%
岐阜県,中津川市,ホテル花更紗,サービス,宿泊業,5%
岐阜県,中津川市,保母興産株式会社,小売業,その他小売,5%
岐阜県,中津川市,ホリスティックビューティーサロンル・ミージュ,サービス,理容・美容業,5%
岐阜県,中津川市,マクドナルド１９号中津川店,サービス,飲食業,2%
岐阜県,中津川市,マクドナルド中津川ルビットタウン店,サービス,飲食業,2%
岐阜県,中津川市,株式会社まちなかラボ,サービス,その他サービス,5%
岐阜県,中津川市,マルサンポンプ店,小売業,その他小売,5%
岐阜県,中津川市,みかわや,小売業,総合（非専門）,5%
岐阜県,中津川市,株式会社宮内石油店,小売業,その他小売,5%
岐阜県,中津川市,ヤードウェアハウス,小売業,衣料品,5%
岐阜県,中津川市,山の田ＳＳ,小売業,ガソリンスタンド,2%
岐阜県,中津川市,らーめん岳岐阜中津川店,サービス,飲食業,5%
岐阜県,羽島市,江戸っ子 羽島店,小売業,その他小売,5%
岐阜県,羽島市,オリックスレンタカー岐阜羽島駅前店,サービス,その他サービス,2%
岐阜県,羽島市,カニ 和風料理ふるた,サービス,飲食業,5%
岐阜県,羽島市,株式会社坂口衣芸工房,その他業種,ー,5%
岐阜県,羽島市,カレーハウスココイチバンヤ羽島竹鼻町店,サービス,飲食業,2%
岐阜県,羽島市,ギフトプラザ美昌堂,小売業,総合（非専門）,5%
岐阜県,羽島市,ゲストハウス岐阜羽島心音,サービス,宿泊業,5%
岐阜県,羽島市,三愛,小売業,その他小売,5%
岐阜県,羽島市,シノダナショナルショップ,小売業,電化製品,5%
岐阜県,羽島市,すし処左門,サービス,飲食業,5%
岐阜県,羽島市,すたみな太郎 羽島店,サービス,飲食業,5%
岐阜県,羽島市,セカンドハウス,その他業種,ー,5%
岐阜県,羽島市,大同印刷,小売業,その他小売,5%
岐阜県,羽島市,立花モータース 立花モータース,サービス,その他サービス,5%
岐阜県,羽島市,トヨタレンタリース岐阜 羽島駅前店,サービス,その他サービス,2%
岐阜県,羽島市,トヨタレンタリース岐阜 羽島駅前店,その他業種,ー,2%
岐阜県,羽島市,奈良漢方薬局,小売業,その他小売,5%
岐阜県,羽島市,猫カフェ ごろーにゃ,サービス,飲食業,5%
岐阜県,羽島市,ハート＆ハート,サービス,理容・美容業,5%
岐阜県,羽島市,羽島北ＳＳ,小売業,ガソリンスタンド,2%
岐阜県,羽島市,セブン－イレブン羽島竹鼻町丸の内店,小売業,食料品,2%
岐阜県,羽島市,羽島森公園ＳＳ,小売業,ガソリンスタンド,2%
岐阜県,羽島市,ＢＡＢＥＬ,サービス,理容・美容業,5%
岐阜県,羽島市,ＢＭＤ－ＧＹＭ（ビーエムディージム）,その他業種,ー,5%
岐阜県,羽島市,聖寿し,サービス,飲食業,5%
岐阜県,羽島市,ファミリーファッション シマサク,小売業,衣料品,5%
岐阜県,羽島市,マクドナルド羽島店,サービス,飲食業,2%
岐阜県,羽島市,正木町倉庫,小売業,ガソリンスタンド,2%
岐阜県,羽島市,美乃路自動車,サービス,その他サービス,5%
岐阜県,羽島市,メガネショップ ヒロ,小売業,その他小売,5%
岐阜県,羽島市,有限会社バーリンズ バーリンズ,小売業,その他小売,5%
岐阜県,羽島市,ゲストハウス岐阜羽島心音,サービス,その他サービス,5%
岐阜県,東白川村,白川茶屋,小売業,食料品,5%
岐阜県,東白川村,料理旅館吉村屋,サービス,宿泊業,5%
岐阜県,飛騨市,株式会社青木自動車,サービス,その他サービス,5%
岐阜県,飛騨市,アスク山王やまびこ館,サービス,宿泊業,5%
岐阜県,飛騨市,アルツ古川バイパスＳＳ,小売業,ガソリンスタンド,2%
岐阜県,飛騨市,壱之町珈琲店,サービス,飲食業,5%
岐阜県,飛騨市,出光殿ＳＳ,小売業,ガソリンスタンド,2%
岐阜県,飛騨市,牛丸石油株式会社,小売業,その他小売,5%
岐阜県,飛騨市,牛丸石油 殿給油所,小売業,その他小売,5%
岐阜県,飛騨市,ＷＯＬＥＰＡＣＯ,小売業,その他小売,5%
岐阜県,飛騨市,Ａコープたかはら店,小売業,総合（非専門）,5%
岐阜県,飛騨市,エポ マルヒロ靴店,小売業,衣料品,5%
岐阜県,飛騨市,カネカ電化センタ―,小売業,電化製品,5%
岐阜県,飛騨市,川甚亭,サービス,飲食業,5%
岐阜県,飛騨市,キューピットハウス,サービス,飲食業,5%
岐阜県,飛騨市,共進電化,小売業,電化製品,5%
岐阜県,飛騨市,けや木,サービス,飲食業,5%
岐阜県,飛騨市,サイクルショップ ナカムラ,小売業,その他小売,5%
岐阜県,飛騨市,サニー理容室,サービス,理容・美容業,5%
岐阜県,飛騨市,サワ電気,小売業,電化製品,5%
岐阜県,飛騨市,自転車専門店ナガクラ,小売業,書籍・玩具・音楽ＣＤ,5%
岐阜県,飛騨市,Ｓｈｉｎａｎｏｙａ,サービス,飲食業,5%
岐阜県,飛騨市,ジャンボあらき ジャンボあらき古川店,小売業,総合（非専門）,5%
岐阜県,飛騨市,ジャンボあらき 古川店,小売業,総合（非専門）,5%
岐阜県,飛騨市,スナック 蘭,サービス,飲食業,5%
岐阜県,飛騨市,有限会社砂原石材,その他業種,ー,5%
岐阜県,飛騨市,スポーツまるじん,小売業,衣料品,5%
岐阜県,飛騨市,駿河屋古川店,小売業,食料品,5%
岐阜県,飛騨市,ダイニング 笑円,サービス,飲食業,5%
岐阜県,飛騨市,茶屋丸,サービス,飲食業,5%
岐阜県,飛騨市,つるや食堂,サービス,飲食業,5%
岐阜県,飛騨市,電気専科 カネカ 株式会社 カネカ電化センター,小売業,電化製品,5%
岐阜県,飛騨市,桃源郷温泉 ぬく森の湯 すぱーふる,サービス,その他サービス,5%
岐阜県,飛騨市,（有）時計・宝石・メガネの栄,小売業,貴金属・服飾品,5%
岐阜県,飛騨市,なかんじょ川,サービス,宿泊業,5%
岐阜県,飛騨市,ナチュールみやがわ,サービス,宿泊業,5%
岐阜県,飛騨市,バスポット,その他業種,ー,5%
岐阜県,飛騨市,パティスリーマツキ,小売業,食料品,5%
岐阜県,飛騨市,飛騨かわいスキー場,その他業種,ー,5%
岐阜県,飛騨市,飛騨かわいやまさち工房,小売業,食料品,5%
岐阜県,飛騨市,飛騨職人生活,小売業,家具・調度品,5%
岐阜県,飛騨市,飛騨数河カントリークラブ,サービス,その他サービス,5%
岐阜県,飛騨市,飛騨ともえホテル,サービス,宿泊業,5%
岐阜県,飛騨市,飛騨まんが王国 おんりー湯 まんがサミットハウス,サービス,宿泊業,5%
岐阜県,飛騨市,飛騨まんが王国 カフェテリア白木ケ峰,サービス,飲食業,5%
岐阜県,飛騨市,古川ＳＳ,小売業,ガソリンスタンド,2%
岐阜県,飛騨市,有限会社古川サービス,サービス,その他サービス,5%
岐阜県,飛騨市,有限会社古川住設管工事,その他業種,ー,5%
岐阜県,飛騨市,古川タクシー,その他業種,ー,5%
岐阜県,飛騨市,古川町ＳＳ,小売業,ガソリンスタンド,2%
岐阜県,飛騨市,古川南ＳＳ,小売業,ガソリンスタンド,2%
岐阜県,飛騨市,古里精肉店,小売業,食料品,5%
岐阜県,飛騨市,ヘアーアンドエステ みるく,サービス,理容・美容業,5%
岐阜県,飛騨市,ボイス,小売業,電化製品,5%
岐阜県,飛騨市,ぼっか煮さわ,小売業,食料品,5%
岐阜県,飛騨市,ホテル季古里,サービス,宿泊業,5%
岐阜県,飛騨市,ポン菓子屋本舗,小売業,食料品,5%
岐阜県,飛騨市,前田本店,小売業,食料品,5%
岐阜県,飛騨市,ママショップうえの,小売業,総合（非専門）,5%
岐阜県,飛騨市,丸亀自動車鈑金塗装,サービス,その他サービス,5%
岐阜県,飛騨市,まるじん,小売業,衣料品,5%
岐阜県,飛騨市,味噌煎餅本舗 井之廣,その他業種,ー,5%
岐阜県,飛騨市,道電機,小売業,電化製品,5%
岐阜県,飛騨市,山本時計店,小売業,その他小売,5%
岐阜県,飛騨市,有限会社ヤマヤス,小売業,総合（非専門）,5%
岐阜県,飛騨市,山勇牛一貫,サービス,飲食業,5%
岐阜県,飛騨市,有限会社 萬慶呉服店,小売業,衣料品,5%
岐阜県,飛騨市,有限会社廣田電気設備,サービス,その他サービス,5%
岐阜県,飛騨市,ＹｕＭｅハウス,サービス,宿泊業,5%
岐阜県,飛騨市,ゆぅわ～くはうす,サービス,その他サービス,5%
岐阜県,飛騨市,ゆぅわ～くはうすレストラン,サービス,飲食業,5%
岐阜県,飛騨市,吉城コンピュータ 古川店,小売業,電化製品,5%
岐阜県,飛騨市,株式会社ライフテック,その他業種,ー,5%
岐阜県,飛騨市,レストラン西霧,サービス,飲食業,5%
岐阜県,七宗町,神淵ＳＳ,小売業,ガソリンスタンド,2%
岐阜県,七宗町,白川園本舗七宗御殿,小売業,食料品,5%
岐阜県,七宗町,ニコニコ堂薬舗,小売業,その他小売,5%
岐阜県,北方町,あすか 北方店,小売業,その他小売,5%
岐阜県,北方町,あすか北方店,小売業,その他小売,5%
岐阜県,北方町,オルツ カフェ,サービス,飲食業,5%
岐阜県,北方町,Ｋａｐｕａ北方,サービス,理容・美容業,5%
岐阜県,北方町,介護・福祉 送迎サービス でかけよう,サービス,その他サービス,5%
岐阜県,北方町,カットワーク・リーベ,サービス,理容・美容業,5%
岐阜県,北方町,株式会社 アルテック,サービス,その他サービス,5%
岐阜県,北方町,セブン－イレブン北方町春来３丁目店,小売業,食料品,2%
岐阜県,北方町,串焼き和み家,その他業種,ー,5%
岐阜県,北方町,集楽,サービス,飲食業,5%
岐阜県,北方町,手しごと家ダイニング きんたろう,サービス,飲食業,5%
岐阜県,北方町,株式会社ｃｈａｒｍｅ,サービス,理容・美容業,5%
岐阜県,北方町,ｔｏｃｏｃｉｅ ｂｙ Ｂｅｅ‐ｍｓ,サービス,理容・美容業,5%
岐阜県,北方町,トヨタレンタリース岐阜北方店,サービス,その他サービス,2%
岐阜県,北方町,トヨタレンタリース岐阜 北方店,その他業種,ー,2%
岐阜県,北方町,美容室Ｔｓｕｋａｓａ,サービス,理容・美容業,5%
岐阜県,北方町,風水堂,サービス,その他サービス,5%
岐阜県,北方町,ホームパートナー ワカハラ,小売業,電化製品,5%
岐阜県,北方町,ＭＡＲＩＥ?ＪＯＳＥ マリージョゼ,小売業,食料品,5%
岐阜県,北方町,メガネ赤札堂 河渡橋店,小売業,貴金属・服飾品,5%
岐阜県,北方町,メナードフェイシャルサロン 北方条里店 北方条里店,サービス,理容・美容業,5%
岐阜県,北方町,本巣北方ＳＳ,小売業,ガソリンスタンド,2%
岐阜県,北方町,吉野屋お菓子の森北方平成店,小売業,食料品,5%
岐阜県,瑞浪市,稲津ＳＳ,小売業,ガソリンスタンド,2%
岐阜県,瑞浪市,いわみ亭,サービス,宿泊業,5%
岐阜県,瑞浪市,カイロプラクティックＰｒａｂｈａ,サービス,理容・美容業,5%
岐阜県,瑞浪市,カレーハウスＣｏＣｏ壱番屋瑞浪国道１９号店,サービス,飲食業,2%
岐阜県,瑞浪市,串揚げ専門店 串やＫａｚｕ,サービス,飲食業,5%
岐阜県,瑞浪市,サインシステム・ソート,サービス,その他サービス,5%
岐阜県,瑞浪市,酒のおおまつや 酒のおおまつや瑞浪店,小売業,食料品,5%
岐阜県,瑞浪市,さとみ鮨,サービス,飲食業,5%
岐阜県,瑞浪市,四季の膳 ひさご,サービス,飲食業,5%
岐阜県,瑞浪市,シューズプラザ東京堂,小売業,その他小売,5%
岐阜県,瑞浪市,酔花館,サービス,飲食業,5%
岐阜県,瑞浪市,セルフ釜戸ＳＳ,小売業,ガソリンスタンド,2%
岐阜県,瑞浪市,セルフステーション小田ＳＳ,小売業,ガソリンスタンド,2%
岐阜県,瑞浪市,ＤＰ瑞浪中央,サービス,理容・美容業,5%
岐阜県,瑞浪市,トーホー家電ワーク すえ,小売業,電化製品,5%
岐阜県,瑞浪市,どりーむツアー,サービス,その他サービス,5%
岐阜県,瑞浪市,ｔｒｉｍ ｓｈｏｐ てとりん,サービス,その他サービス,5%
岐阜県,瑞浪市,中山自動車,サービス,飲食業,5%
岐阜県,瑞浪市,日吉ＳＳ,小売業,ガソリンスタンド,2%
岐阜県,瑞浪市,日吉屋,サービス,飲食業,5%
岐阜県,瑞浪市,ペルショワール瑞浪ＳＳ,小売業,ガソリンスタンド,2%
岐阜県,瑞浪市,マクドナルド１９号瑞浪店,サービス,飲食業,2%
岐阜県,瑞浪市,三喜屋靴店,小売業,その他小売,5%
岐阜県,瑞浪市,三喜屋靴店,小売業,その他小売,5%
岐阜県,瑞浪市,みずなみ一色ＳＳ,小売業,ガソリンスタンド,2%
岐阜県,瑞浪市,セブン－イレブン瑞浪インター店,小売業,食料品,2%
岐阜県,瑞浪市,瑞浪ダイハツ本社,小売業,その他小売,5%
岐阜県,瑞浪市,セブン－イレブン瑞浪西小田町店,小売業,食料品,2%
岐阜県,瑞浪市,セブン－イレブン瑞浪バイパス店,小売業,食料品,2%
岐阜県,瑞浪市,瑞浪橋ＳＳ,小売業,ガソリンスタンド,2%
岐阜県,瑞浪市,セブン－イレブン瑞浪山田町店,小売業,食料品,2%
岐阜県,瑞浪市,瑞浪旅行センター,サービス,その他サービス,5%
岐阜県,瑞浪市,ミヤケ写真館,サービス,その他サービス,5%
岐阜県,瑞浪市,名紳 瑞浪店,小売業,衣料品,5%
岐阜県,瑞浪市,麺や一歩一歩 麺や一歩一歩,サービス,飲食業,5%
岐阜県,瑞浪市,森田屋,小売業,衣料品,5%
岐阜県,瑞浪市,有限会社ヤマウチ燃料,小売業,その他小売,5%
岐阜県,瑞穂市,あおい相続 会計事務所,サービス,その他サービス,5%
岐阜県,瑞穂市,ａｐｒ．【アプル】,サービス,理容・美容業,5%
岐阜県,瑞穂市,御菓子所吉野屋瑞穂店,小売業,食料品,5%
岐阜県,瑞穂市,岡田ＳＳ 岡田石油,小売業,ガソリンスタンド,2%
岐阜県,瑞穂市,カーメンテナンスオートプロ瑞穂,サービス,その他サービス,5%
岐阜県,瑞穂市,株式会社明光,小売業,電化製品,5%
岐阜県,瑞穂市,珈樂珈琲店 珈楽珈琲店,サービス,飲食業,5%
岐阜県,瑞穂市,からだＲｅ創作Ｍｏｔｔｏ,サービス,その他サービス,5%
岐阜県,瑞穂市,カレーハウスＣｏＣｏ壱番屋穂積店,サービス,飲食業,2%
岐阜県,瑞穂市,ぎふ初寿司穂積分店,サービス,飲食業,5%
岐阜県,瑞穂市,ｃｕｒｅまぁる,小売業,その他小売,5%
岐阜県,瑞穂市,ＧＲＡＮＤ ＤＥＳＩＧＮ 穂積店,サービス,理容・美容業,5%
岐阜県,瑞穂市,Ｋｏｔｉ,サービス,理容・美容業,5%
岐阜県,瑞穂市,ｃｙｃｌｅ ｓｈｏｐ ＥＬＭＯ,小売業,その他小売,5%
岐阜県,瑞穂市,菜食健美 ぶたとら,サービス,飲食業,5%
岐阜県,瑞穂市,清水屋,サービス,飲食業,5%
岐阜県,瑞穂市,住まいる家電 いのうえ,小売業,電化製品,5%
岐阜県,瑞穂市,総菜屋Ｍａｍ８２５,サービス,飲食業,5%
岐阜県,瑞穂市,Ｄａｐｐｌｅドンキ岐阜瑞穂店,サービス,その他サービス,5%
岐阜県,瑞穂市,ＣＨＡＲＣＯＡＬ＊ＧＲＥＥＮ岐阜店,小売業,貴金属・服飾品,5%
岐阜県,瑞穂市,中華ダイニング紡夢,サービス,飲食業,5%
岐阜県,瑞穂市,ＤＰ瑞穂,サービス,理容・美容業,5%
岐阜県,瑞穂市,ハートネイル,サービス,理容・美容業,5%
岐阜県,瑞穂市,ＢＡＲＢＥＲ ＳＨＯＰ ＨＡＮＡＤＡ,サービス,理容・美容業,5%
岐阜県,瑞穂市,パンや Ｂａｃｋｈａｕｓ Ｂｌａｕ,小売業,食料品,5%
岐阜県,瑞穂市,ぶたとら氷,サービス,飲食業,5%
岐阜県,瑞穂市,ＨａｉｒＤｅｓｉｇｎ Ｃｉｎｄｙ,サービス,理容・美容業,5%
岐阜県,瑞穂市,穂積駅前ＳＳ,小売業,ガソリンスタンド,2%
岐阜県,瑞穂市,穂積ＳＳ,小売業,ガソリンスタンド,2%
岐阜県,瑞穂市,セブン－イレブン穂積駅前通店,小売業,食料品,2%
岐阜県,瑞穂市,アクティブ穂積ＳＳ,小売業,ガソリンスタンド,2%
岐阜県,瑞穂市,本田ＳＳ,小売業,ガソリンスタンド,2%
岐阜県,瑞穂市,マクドナルド２１号穂積町店,サービス,飲食業,2%
岐阜県,瑞穂市,マクドナルド瑞穂店,サービス,飲食業,2%
岐阜県,瑞穂市,まつのでんき,小売業,電化製品,5%
岐阜県,瑞穂市,まるたか,小売業,食料品,5%
岐阜県,瑞穂市,セブン－イレブン瑞穂市別府店,小売業,食料品,2%
岐阜県,瑞穂市,セブン－イレブン瑞穂田之上倉町店,小売業,食料品,2%
岐阜県,瑞穂市,セブン－イレブン瑞穂野白新田店,小売業,食料品,2%
岐阜県,瑞穂市,セブン－イレブン瑞穂馬場小城町１丁目店,小売業,食料品,2%
岐阜県,瑞穂市,セブン－イレブン瑞穂馬場上光町店,小売業,食料品,2%
岐阜県,瑞穂市,ｍｏｌｌｉｖｅ ＨＡＩＲ ＣＡＲ,サービス,理容・美容業,5%
岐阜県,瑞穂市,養本社,小売業,食料品,5%
岐阜県,御嵩町,サンアルコ,小売業,食料品,5%
岐阜県,御嵩町,田中農機株式会社,その他業種,ー,5%
岐阜県,御嵩町,トーホー家電ワーク みたけ,小売業,電化製品,5%
岐阜県,御嵩町,伏見ＳＳ,小売業,ガソリンスタンド,2%
岐阜県,御嵩町,ＨａｉｒＡｎＲｅｖｅ,サービス,理容・美容業,5%
岐阜県,御嵩町,ヘアーアンレーブ,サービス,理容・美容業,5%
岐阜県,御嵩町,御嵩ＳＳ,小売業,ガソリンスタンド,2%
岐阜県,御嵩町,セブン－イレブン御嵩町伏見店,小売業,食料品,2%
岐阜県,御嵩町,山の家,小売業,その他小売,5%
岐阜県,美濃加茂市,あ 寝装広場ワタコウ あ 寝装広場ワタコウ,小売業,その他小売,5%
岐阜県,美濃加茂市,アラカワ,小売業,衣料品,5%
岐阜県,美濃加茂市,一夢庵,サービス,理容・美容業,5%
岐阜県,美濃加茂市,出光美濃太田ＳＳ,小売業,ガソリンスタンド,2%
岐阜県,美濃加茂市,Ｖｅｔｔａ ｈａｉｒ,サービス,理容・美容業,5%
岐阜県,美濃加茂市,魚周商店,小売業,総合（非専門）,5%
岐阜県,美濃加茂市,Ｓ Ｅ ＷＯＲＫＳ,サービス,その他サービス,5%
岐阜県,美濃加茂市,エムプラス,小売業,食料品,5%
岐阜県,美濃加茂市,カーピット アイドル,小売業,その他小売,5%
岐阜県,美濃加茂市,有 加茂ホンダ 有限会社加茂ホンダ,小売業,その他小売,5%
岐阜県,美濃加茂市,カレーハウスＣＯＣＯ壱番屋美濃加茂山手町店,サービス,飲食業,2%
岐阜県,美濃加茂市,カワイイ,小売業,ガソリンスタンド,2%
岐阜県,美濃加茂市,漢方の皇方堂,小売業,その他小売,5%
岐阜県,美濃加茂市,クランベリー アピタ美濃加茂店,小売業,衣料品,5%
岐阜県,美濃加茂市,クレール 美濃加茂店,小売業,衣料品,5%
岐阜県,美濃加茂市,ｃｒｏｓｓｉｎｇ,小売業,その他小売,5%
岐阜県,美濃加茂市,ｃｏｃｏ壱番屋美濃加茂川合店,サービス,飲食業,2%
岐阜県,美濃加茂市,古井ＳＳ,小売業,ガソリンスタンド,2%
岐阜県,美濃加茂市,サティ,サービス,理容・美容業,5%
岐阜県,美濃加茂市,ＳＡＬＯＮ ＤＥ ＣＯＬＬｉＮＥ ＳＡＬＯＮ ＤＥ ＣＯＬＬｉＮＥ,小売業,衣料品,5%
岐阜県,美濃加茂市,しかの農園,小売業,食料品,5%
岐阜県,美濃加茂市,シティホテル美濃加茂,サービス,宿泊業,5%
岐阜県,美濃加茂市,十善堂はりきゅう治療院,サービス,その他サービス,5%
岐阜県,美濃加茂市,新太田タクシー株式会社,サービス,運輸業,5%
岐阜県,美濃加茂市,スクールショップ名紳美濃加茂店,小売業,衣料品,5%
岐阜県,美濃加茂市,センティア,サービス,理容・美容業,5%
岐阜県,美濃加茂市,ＤＤ山手店,小売業,ガソリンスタンド,2%
岐阜県,美濃加茂市,ＴＯＭーＦＩＮＥ,サービス,理容・美容業,5%
岐阜県,美濃加茂市,トヨタレンタリース岐阜 美濃加茂店,サービス,その他サービス,2%
岐阜県,美濃加茂市,トヨタレンタリース岐阜 美濃加茂店,その他業種,ー,2%
岐阜県,美濃加茂市,人形処橋本屋,小売業,書籍・玩具・音楽ＣＤ,5%
岐阜県,美濃加茂市,人形処橋本屋,小売業,書籍・玩具・音楽ＣＤ,5%
岐阜県,美濃加茂市,株式会社 遠洲屋,小売業,その他小売,5%
岐阜県,美濃加茂市,ビジネス旅館 いろは,サービス,宿泊業,5%
岐阜県,美濃加茂市,美食酒房まるご商店,サービス,飲食業,5%
岐阜県,美濃加茂市,びっくりドンキー美濃加茂店,サービス,飲食業,2%
岐阜県,美濃加茂市,美容室 一夢庵,サービス,理容・美容業,5%
岐阜県,美濃加茂市,Ｂｏｔｔｅｇａ Ｂｉａｎｃａｎｅｖｅ,サービス,その他サービス,5%
岐阜県,美濃加茂市,ポメロ,サービス,飲食業,5%
岐阜県,美濃加茂市,マクドナルド２４８美濃加茂店,サービス,飲食業,2%
岐阜県,美濃加茂市,マクドナルド美濃加茂アピタ店,サービス,飲食業,2%
岐阜県,美濃加茂市,マクドナルド美濃加茂バロー店,サービス,飲食業,2%
岐阜県,美濃加茂市,セブン－イレブン美濃加茂加茂川町店,小売業,食料品,2%
岐阜県,美濃加茂市,セブン－イレブン美濃加茂加茂野町西店,小売業,食料品,2%
岐阜県,美濃加茂市,セブン－イレブン美濃加茂市役所前店,小売業,食料品,2%
岐阜県,美濃加茂市,セブン－イレブン美濃加茂中部台店,小売業,食料品,2%
岐阜県,美濃加茂市,美濃加茂ファーム本社,小売業,ガソリンスタンド,2%
岐阜県,美濃加茂市,セブン－イレブン美濃加茂深田町店,小売業,食料品,2%
岐阜県,美濃加茂市,セブン－イレブン美濃加茂前平町店,小売業,食料品,2%
岐阜県,美濃加茂市,セブン－イレブン美濃加茂森山町店,小売業,食料品,2%
岐阜県,美濃加茂市,セブン－イレブン美濃加茂山手町店,小売業,食料品,2%
岐阜県,美濃加茂市,ＳＡＬＯＮＤＥＣＯＬＬｉＮＥ,小売業,衣料品,5%
岐阜県,美濃加茂市,安江電機商会,小売業,電化製品,5%
岐阜県,美濃加茂市,有限会社 東海金物店,小売業,その他小売,5%
岐阜県,美濃加茂市,ラティーフアザリー,サービス,理容・美容業,5%
岐阜県,美濃加茂市,リラクゼーションサロンｎｉｃｏｒｉ,サービス,その他サービス,5%
岐阜県,美濃加茂市,レトロスタイル雑貨店 スウィートフィッシュ,小売業,総合（非専門）,5%
岐阜県,美濃加茂市,ｒｏｆｍｉａ,小売業,衣料品,5%
岐阜県,美濃加茂市,和食の轟,サービス,飲食業,5%
岐阜県,美濃市,イタリア食堂 ＤＯＮＩ ＤＯＮＩ イタリア食堂 ＤＯＮＩ ＤＯＮＩ,サービス,飲食業,5%
岐阜県,美濃市,出光美濃インターＳＳ,小売業,ガソリンスタンド,2%
岐阜県,美濃市,井上電器藍見店,小売業,電化製品,5%
岐阜県,美濃市,ウインド のむら,小売業,電化製品,5%
岐阜県,美濃市,家電サポート まつおか,小売業,電化製品,5%
岐阜県,美濃市,株式会社松久永助紙店,小売業,その他小売,5%
岐阜県,美濃市,株式会社マルサ研磨巧業 丸佐商店,小売業,その他小売,5%
岐阜県,美濃市,カミノシゴト,小売業,衣料品,5%
岐阜県,美濃市,神田屋,小売業,食料品,5%
岐阜県,美濃市,ゲストハウス 笑び ゲストハウス笑び,サービス,宿泊業,5%
岐阜県,美濃市,ＴＨＥＭＯＵＮＴＡＩＮＥＤＩＴＩＯＮＳ,小売業,その他小売,5%
岐阜県,美濃市,茶房とみや,サービス,飲食業,5%
岐阜県,美濃市,サンライズ家電辻村,小売業,電化製品,5%
岐阜県,美濃市,甚五郎寿司,サービス,飲食業,5%
岐阜県,美濃市,末広堂美濃アイス,小売業,食料品,5%
岐阜県,美濃市,チームエアー,サービス,その他サービス,5%
岐阜県,美濃市,ｔｉｅ ｈａｉｒ,サービス,理容・美容業,5%
岐阜県,美濃市,燈花 燈花,サービス,飲食業,5%
岐阜県,美濃市,登美家,小売業,食料品,5%
岐阜県,美濃市,ドリーム家電 タチバナ,小売業,電化製品,5%
岐阜県,美濃市,町家ホテルｂａｉｓｏｎ,サービス,宿泊業,5%
岐阜県,美濃市,パウメトウみのＳＳ,小売業,ガソリンスタンド,2%
岐阜県,美濃市,ＢＡＲ ＥＳＴ,サービス,飲食業,5%
岐阜県,美濃市,松久永助紙店,小売業,その他小売,5%
岐阜県,美濃市,美濃ＳＳ,小売業,ガソリンスタンド,2%
岐阜県,美濃市,セブン－イレブン美濃インター店,小売業,食料品,2%
岐阜県,美濃市,焼肉の陣屋 焼き肉の陣屋,サービス,飲食業,5%
岐阜県,美濃市,やまさく,小売業,総合（非専門）,5%
岐阜県,美濃市,山本屋,小売業,その他小売,5%
岐阜県,美濃市,料理旅館いずみ荘,サービス,宿泊業,5%
岐阜県,美濃市,Ｗａｓｈｉーｎａｒｙ,小売業,その他小売,5%
岐阜県,本巣市,アムールくろの２,小売業,ガソリンスタンド,2%
岐阜県,本巣市,出光セルフ北方ＳＳ,小売業,ガソリンスタンド,2%
岐阜県,本巣市,糸貫ＳＳ,小売業,ガソリンスタンド,2%
岐阜県,本巣市,糸貫自動車,サービス,その他サービス,5%
岐阜県,本巣市,糸貫電化センター,小売業,電化製品,5%
岐阜県,本巣市,ＥｎｅＪｅｔ根尾川大橋ＳＳ 株式会社宇野石油,小売業,ガソリンスタンド,2%
岐阜県,本巣市,ＥｎｅＪｅｔ本巣五反田ＳＳ,小売業,ガソリンスタンド,2%
岐阜県,本巣市,御菓子所吉野屋本店,小売業,食料品,5%
岐阜県,本巣市,ガーデンストーリーオブヘアー,サービス,理容・美容業,5%
岐阜県,本巣市,ＣＡＦＥ ＦＬＡＴ,サービス,飲食業,5%
岐阜県,本巣市,株式会社松浦自動車興業,サービス,その他サービス,5%
岐阜県,本巣市,カレーハウスココイチバンヤ本巣真正店,サービス,飲食業,2%
岐阜県,本巣市,岐阜本巣カントリークラブ,サービス,その他サービス,5%
岐阜県,本巣市,珈琲物語,サービス,飲食業,5%
岐阜県,本巣市,Ｓａｌｏｎ ｄｅ Ｒｅｐｏｓｅｒ,サービス,理容・美容業,5%
岐阜県,本巣市,タイヤショップ早野 もとす本店,小売業,その他小売,5%
岐阜県,本巣市,潮音坊,サービス,飲食業,5%
岐阜県,本巣市,つり具のブンブン岐阜店,小売業,その他小売,5%
岐阜県,本巣市,デフコロニー,小売業,衣料品,5%
岐阜県,本巣市,バイク サイクルショップ ＫＩＴＡＧＡＷＡ 喜多川商会,小売業,その他小売,5%
岐阜県,本巣市,美術の森,小売業,その他小売,5%
岐阜県,本巣市,ＶＩＶＡＣＥ,サービス,理容・美容業,5%
岐阜県,本巣市,ファッションマートやまわき 本巣文殊店,小売業,衣料品,5%
岐阜県,本巣市,マクドナルドモレラ岐阜店,サービス,飲食業,2%
岐阜県,本巣市,ミズノ常備薬,サービス,その他サービス,5%
岐阜県,本巣市,本巣町ＳＳ,小売業,ガソリンスタンド,2%
岐阜県,本巣市,セブン－イレブン本巣政田店,小売業,食料品,2%
岐阜県,本巣市,文殊住建株式会社,その他業種,ー,5%
岐阜県,本巣市,有限会社きぬよし,小売業,衣料品,5%
岐阜県,本巣市,ＬＩＯＮＡ,小売業,家具・調度品,5%
岐阜県,八百津町,岩井自販,サービス,その他サービス,5%
岐阜県,八百津町,ウインド岩井,小売業,電化製品,5%
岐阜県,八百津町,Ｃａｖｅ 渡辺屋,小売業,食料品,5%
岐阜県,八百津町,かかむでんき,小売業,電化製品,5%
岐阜県,八百津町,司馬書店,小売業,書籍・玩具・音楽ＣＤ,5%
岐阜県,八百津町,住まいる家電 こうけつ,小売業,電化製品,5%
岐阜県,八百津町,長栄軒,小売業,総合（非専門）,5%
岐阜県,八百津町,ひまわりクリーンセンター,サービス,その他サービス,5%
岐阜県,八百津町,八百津ＳＳ,小売業,ガソリンスタンド,2%
岐阜県,八百津町,八百津ＳＳ,小売業,ガソリンスタンド,2%
岐阜県,山県市,アロマ トータルケアサロン ｔｅａｉ,サービス,その他サービス,5%
岐阜県,山県市,Ｅ３ナガヤデンキ,小売業,電化製品,5%
岐阜県,山県市,伊自良ＳＳ,小売業,ガソリンスタンド,2%
岐阜県,山県市,家電サポート 山田,小売業,電化製品,5%
岐阜県,山県市,カレーハウスココイチバンヤ岐阜高富店,サービス,飲食業,2%
岐阜県,山県市,岐阜国際カントリー倶楽部,サービス,その他サービス,5%
岐阜県,山県市,高富ＳＳ,小売業,ガソリンスタンド,2%
岐阜県,山県市,パナライフいちかわ川田店,小売業,電化製品,5%
岐阜県,山県市,ＰＧＰ－Ｒ,サービス,その他サービス,5%
岐阜県,山県市,ファッションマートやまわき 高富本店,小売業,衣料品,5%
岐阜県,山県市,マクドナルド高富平和堂店,サービス,飲食業,2%
岐阜県,山県市,マルキ,小売業,総合（非専門）,5%
岐阜県,山県市,美山ＳＳ,小売業,ガソリンスタンド,2%
岐阜県,山県市,銘豊製菓園,小売業,食料品,5%
岐阜県,養老町,出光セルフ養老ＳＳ,小売業,ガソリンスタンド,2%
岐阜県,養老町,ウインド かわち,小売業,電化製品,5%
岐阜県,養老町,笠郷ＳＳ,小売業,ガソリンスタンド,2%
岐阜県,養老町,ＪＯＹＬＡＮＤ養老ＳＳ,小売業,ガソリンスタンド,2%
岐阜県,養老町,杉山花店,小売業,その他小売,5%
岐阜県,養老町,スマイルみずほ,小売業,電化製品,5%
岐阜県,養老町,セルフ養老ＳＳ,小売業,ガソリンスタンド,2%
岐阜県,養老町,高木ミンク,小売業,衣料品,5%
岐阜県,養老町,滝元館遊季の里,サービス,宿泊業,5%
岐阜県,養老町,西脇電器,小売業,電化製品,5%
岐阜県,養老町,西脇電器石畑店,小売業,電化製品,5%
岐阜県,養老町,野寺商店／ＬＰＧ,小売業,ガソリンスタンド,2%
岐阜県,養老町,パナショップわたなべ,小売業,電化製品,5%
岐阜県,養老町,はらだでんき,小売業,電化製品,5%
岐阜県,養老町,古市ラジオ店,小売業,電化製品,5%
岐阜県,養老町,本社,小売業,ガソリンスタンド,2%
岐阜県,養老町,森川美容室,サービス,理容・美容業,5%
岐阜県,養老町,有限会社オートリファイン アニー 有限会社 オートリファイン アニー,サービス,その他サービス,5%
岐阜県,養老町,養南自動車,その他業種,ー,5%
岐阜県,養老町,養老ＳＳ,小売業,ガソリンスタンド,2%
岐阜県,養老町,養老ＳＳ,小売業,ガソリンスタンド,2%
岐阜県,養老町,養老ＳＳ,小売業,その他小売,2%
岐阜県,養老町,養老旅行センター,サービス,その他サービス,5%
岐阜県,輪之内町,カフェレストほっぺ,サービス,飲食業,5%
岐阜県,輪之内町,ドットコム,サービス,その他サービス,5%
岐阜県,輪之内町,輪之内ＳＳ,小売業,ガソリンスタンド,2%
岐阜県,輪之内町,セブン－イレブン輪之内町大藪店,小売業,食料品,2%
