徳島県,藍住町,藍住町ＳＳ,小売業,ガソリンスタンド,2%
徳島県,藍住町,セブン－イレブン藍住町勝瑞店,小売業,食料品,2%
徳島県,藍住町,セブン－イレブン藍住新居須店,小売業,食料品,2%
徳島県,藍住町,あいずみ眼鏡店,小売業,その他小売,5%
徳島県,藍住町,アイムビューティ,サービス,理容・美容業,5%
徳島県,藍住町,アンドリープ,サービス,理容・美容業,5%
徳島県,藍住町,板野鮮魚,小売業,食料品,5%
徳島県,藍住町,Ｉｔ’ｓ花由ゆめタウン徳島店,小売業,その他小売,5%
徳島県,藍住町,ｉｎｌｕｃｋ．ＮＡＩＬＳ,サービス,理容・美容業,5%
徳島県,藍住町,Ｍ Ｂ大西,小売業,その他小売,5%
徳島県,藍住町,ＭＪＭＯＴＯＲ,小売業,その他小売,5%
徳島県,藍住町,奥村呉服店,小売業,衣料品,5%
徳島県,藍住町,おごせ電機,小売業,電化製品,5%
徳島県,藍住町,おしゃれのキヨシゲ,小売業,貴金属・服飾品,5%
徳島県,藍住町,薬のかわむら,小売業,その他小売,5%
徳島県,藍住町,クレールヒーリングサロン,サービス,理容・美容業,5%
徳島県,藍住町,ＧＬＯＷ,サービス,理容・美容業,5%
徳島県,藍住町,コーナン藍住セルフ,小売業,ガソリンスタンド,2%
徳島県,藍住町,三美堂,小売業,その他小売,5%
徳島県,藍住町,シャルドネ徳島 シャルドネ徳島,小売業,その他小売,5%
徳島県,藍住町,セルフ藍住ＳＳ,小売業,ガソリンスタンド,2%
徳島県,藍住町,セルフ藍住インターＳＳ,小売業,ガソリンスタンド,2%
徳島県,藍住町,セルフ藍住中央ＳＳ,小売業,ガソリンスタンド,2%
徳島県,藍住町,ソフトバンク ゆめタウン徳島,小売業,その他小売,2%
徳島県,藍住町,だるまや,小売業,その他小売,5%
徳島県,藍住町,ＣＨＥＡＰ ＨＩＰＰＩＥＳ,サービス,理容・美容業,5%
徳島県,藍住町,ツインズ藍住カーケアステ―ション,小売業,ガソリンスタンド,2%
徳島県,藍住町,ツインズ藍住セルフステーション,小売業,ガソリンスタンド,2%
徳島県,藍住町,つぎおか 藍住店 ＭＩＣ,小売業,衣料品,5%
徳島県,藍住町,徳島ダイハツモータース藍住店,小売業,その他小売,5%
徳島県,藍住町,徳島ダイハツモータースＵ－ＣＡＲ藍住,小売業,その他小売,5%
徳島県,藍住町,ドコモショップ 藍住店,小売業,電化製品,5%
徳島県,藍住町,トップワン,サービス,その他サービス,5%
徳島県,藍住町,鳴門水産藍住店,サービス,飲食業,5%
徳島県,藍住町,鳴門水産藍住店,サービス,飲食業,5%
徳島県,藍住町,ＮＡＩＬ ＳＡＬＯＮ Ｒ,サービス,その他サービス,5%
徳島県,藍住町,ネッツトヨタ徳島藍住店,小売業,その他小売,5%
徳島県,藍住町,農園直営 旬感ダイニングアクリエ,サービス,飲食業,5%
徳島県,藍住町,ハタダ藍住店,小売業,食料品,5%
徳島県,藍住町,ファッションプラザあかざわ,小売業,衣料品,5%
徳島県,藍住町,ＢＯＯＫＯＦＦ 藍住店,小売業,その他小売,2%
徳島県,藍住町,マクドナルド藍住キョーエイ店,サービス,飲食業,2%
徳島県,藍住町,マクドナルド徳島ゆめタウン店,サービス,飲食業,2%
徳島県,藍住町,〇△□＋Ｈａｉｒ．,サービス,理容・美容業,5%
徳島県,藍住町,三木写真舘,サービス,その他サービス,5%
徳島県,藍住町,無印良品 ゆめタウン徳島,小売業,その他小売,2%
徳島県,藍住町,ＲｉＮＯ,サービス,その他サービス,5%
徳島県,藍住町,ＩＯＲＹ,サービス,その他サービス,5%
徳島県,藍住町,Ｃａｒｅ Ｕ,サービス,その他サービス,5%
徳島県,阿南市,ａＡｔｙ,サービス,理容・美容業,5%
徳島県,阿南市,阿州自動車興業,サービス,その他サービス,5%
徳島県,阿南市,アズマ四国,サービス,その他サービス,2%
徳島県,阿南市,セブン－イレブン阿南西路見町店,小売業,食料品,2%
徳島県,阿南市,阿南第一ホテル,サービス,宿泊業,5%
徳島県,阿南市,アナンデンカ有限会社,小売業,電化製品,5%
徳島県,阿南市,セブン－イレブン阿南土井崎店,小売業,食料品,2%
徳島県,阿南市,セブン－イレブン阿南那賀川店,小売業,食料品,2%
徳島県,阿南市,阿南バイパス給油所,小売業,ガソリンスタンド,2%
徳島県,阿南市,セブン－イレブン阿南領家町店,小売業,食料品,2%
徳島県,阿南市,新野 ＳＳ,小売業,ガソリンスタンド,2%
徳島県,阿南市,新野ＳＳ,小売業,ガソリンスタンド,2%
徳島県,阿南市,阿波牛焼肉 坊家,サービス,飲食業,5%
徳島県,阿南市,淡島ＳＳ,小売業,ガソリンスタンド,2%
徳島県,阿南市,石川時計店,小売業,貴金属・服飾品,5%
徳島県,阿南市,ウィッティ ひらの,小売業,電化製品,5%
徳島県,阿南市,ヴォーグ美容室アネックス,サービス,理容・美容業,5%
徳島県,阿南市,auショップ阿南,小売業,電化製品,5%
徳島県,阿南市,エムアシスト,小売業,電化製品,5%
徳島県,阿南市,（有）オートサービス・ミヤモト,サービス,その他サービス,5%
徳島県,阿南市,菓志道高市,小売業,食料品,5%
徳島県,阿南市,ＫＡＲＢＥ,小売業,衣料品,5%
徳島県,阿南市,ＣＡＦＥ ＫＯＦＳ ＣＡＦＥ ＫＯＦＳ阿南店,サービス,飲食業,5%
徳島県,阿南市,ガレージＫＫ,小売業,その他小売,5%
徳島県,阿南市,カレーハウスＣｏＣｏ壱番屋フジグラン阿南店,サービス,飲食業,2%
徳島県,阿南市,キャンパス阿南 有限会社キャンパス阿南,小売業,衣料品,5%
徳島県,阿南市,久米自動車(有),サービス,その他サービス,5%
徳島県,阿南市,黒崎楽器阿南店,小売業,その他小売,5%
徳島県,阿南市,桑野 ＳＳ,小売業,ガソリンスタンド,2%
徳島県,阿南市,こんど阿南店,小売業,衣料品,5%
徳島県,阿南市,サウス ＳＳ,小売業,ガソリンスタンド,2%
徳島県,阿南市,情熱ホルモン阿南酒場,サービス,飲食業,5%
徳島県,阿南市,寝装ランド杉原,小売業,家具・調度品,5%
徳島県,阿南市,新野ＳＳ,小売業,ガソリンスタンド,2%
徳島県,阿南市,ＳＷＥＬＬＦＬＯＷ,小売業,その他小売,5%
徳島県,阿南市,寿し一貫 あなん店,サービス,飲食業,5%
徳島県,阿南市,スタジオケント阿南店,小売業,その他小売,5%
徳島県,阿南市,スマホ堂 阿南店,小売業,その他小売,5%
徳島県,阿南市,スリーエム 阿南店,小売業,衣料品,5%
徳島県,阿南市,セルフステーションMAX,小売業,ガソリンスタンド,2%
徳島県,阿南市,ソフトバンク 阿南中央,小売業,その他小売,2%
徳島県,阿南市,高倉米穀店 徳島米市場,小売業,食料品,5%
徳島県,阿南市,有限会社タカツ写真館,小売業,その他小売,5%
徳島県,阿南市,ダスキンオージ,サービス,その他サービス,2%
徳島県,阿南市,橘ＳＳ,小売業,ガソリンスタンド,2%
徳島県,阿南市,橘給油所,小売業,ガソリンスタンド,2%
徳島県,阿南市,タブチ写真館,サービス,その他サービス,5%
徳島県,阿南市,津乃峰,小売業,ガソリンスタンド,2%
徳島県,阿南市,天山閣 阿南店,サービス,飲食業,5%
徳島県,阿南市,徳島ダイハツモータース阿南店,小売業,その他小売,5%
徳島県,阿南市,徳島トヨタ自動車阿南店,小売業,その他小売,5%
徳島県,阿南市,徳島トヨペット阿南営業所,小売業,その他小売,5%
徳島県,阿南市,ドコモショップ阿南店,小売業,その他小売,5%
徳島県,阿南市,富岡 ＳＳ,小売業,ガソリンスタンド,2%
徳島県,阿南市,富岡給油所,小売業,ガソリンスタンド,2%
徳島県,阿南市,トヨタカローラ徳島阿南店,小売業,その他小売,5%
徳島県,阿南市,ﾄﾞﾗｯｸﾞｽﾄｱﾏｯｸ羽ﾉ浦店,小売業,その他小売,5%
徳島県,阿南市,那賀川 ＳＳ,小売業,ガソリンスタンド,2%
徳島県,阿南市,那賀川給油所,小売業,ガソリンスタンド,2%
徳島県,阿南市,新居電器,小売業,電化製品,5%
徳島県,阿南市,西の前給油所,小売業,ガソリンスタンド,2%
徳島県,阿南市,ネッツトヨタ徳島阿南店,小売業,その他小売,5%
徳島県,阿南市,羽ノ浦 ＳＳ,小売業,ガソリンスタンド,2%
徳島県,阿南市,羽ノ浦,小売業,ガソリンスタンド,2%
徳島県,阿南市,原建材店,小売業,その他小売,5%
徳島県,阿南市,Ｂｅ ｎａｎｉｗａｙａ,小売業,その他小売,5%
徳島県,阿南市,ビッグ アバンセ アナン店,サービス,その他サービス,5%
徳島県,阿南市,美容室 オルガニーク 羽ノ浦店,サービス,理容・美容業,5%
徳島県,阿南市,美容室Ｒｅｆｒｅ【リフレ】,サービス,理容・美容業,5%
徳島県,阿南市,ファッションハウス さかえや,小売業,衣料品,5%
徳島県,阿南市,フードセンター二幸,小売業,その他小売,5%
徳島県,阿南市,福井給油所,小売業,ガソリンスタンド,2%
徳島県,阿南市,ＢＯＯＫＯＦＦ 徳島阿南店,小売業,その他小売,2%
徳島県,阿南市,ブルーステーション富岡ＳＳ 岡久商店,小売業,ガソリンスタンド,2%
徳島県,阿南市,ヘアーアトリエＨＩＲＯＮ,サービス,理容・美容業,5%
徳島県,阿南市,ヘアーズ エム美容室,サービス,理容・美容業,5%
徳島県,阿南市,宝石・時計 池田 阿南店,小売業,貴金属・服飾品,5%
徳島県,阿南市,ホリデー羽ノ浦,サービス,その他サービス,5%
徳島県,阿南市,マクドナルド徳島阿南店,サービス,飲食業,2%
徳島県,阿南市,ｍａｃ羽ノ浦店,小売業,その他小売,5%
徳島県,阿南市,マリ薬局,小売業,その他小売,5%
徳島県,阿南市,マルキ 黒兵海産,小売業,食料品,5%
徳島県,阿南市,見能林ＳＳ 岡久商店,小売業,ガソリンスタンド,2%
徳島県,阿南市,メガネ池田 ウイル店,小売業,貴金属・服飾品,5%
徳島県,阿南市,メガネ本舗 阿南店,小売業,その他小売,5%
徳島県,阿南市,柳本電機商会,小売業,電化製品,5%
徳島県,阿南市,山口 ストア－,小売業,その他小売,5%
徳島県,阿南市,有限会社車輛販売安達,小売業,その他小売,5%
徳島県,阿南市,吉田電器商会,小売業,電化製品,5%
徳島県,阿南市,吉野企画,小売業,その他小売,5%
徳島県,阿南市,領家ＳＳ,小売業,ガソリンスタンド,2%
徳島県,阿波市,セブン－イレブン阿波市場町香美店,小売業,食料品,2%
徳島県,阿波市,阿波給油所,小売業,ガソリンスタンド,2%
徳島県,阿波市,阿波吉野ＳＳ,小売業,ガソリンスタンド,2%
徳島県,阿波市,いちご家,小売業,衣料品,5%
徳島県,阿波市,市場香美ＳＳ,小売業,ガソリンスタンド,2%
徳島県,阿波市,出光八幡ＳＳ,小売業,ガソリンスタンド,2%
徳島県,阿波市,オート アンド パル,サービス,その他サービス,5%
徳島県,阿波市,ＪＡグリーンいたの 西店,小売業,家具・調度品,5%
徳島県,阿波市,ＪＡグリーンいたの 西店,小売業,家具・調度品,5%
徳島県,阿波市,ＪＡグリーンいたの 東店,小売業,家具・調度品,5%
徳島県,阿波市,ＪＡグリーンどなりマルシェ,小売業,食料品,5%
徳島県,阿波市,ＪＡ夢市場,小売業,食料品,5%
徳島県,阿波市,セルフステーションFOX,小売業,ガソリンスタンド,2%
徳島県,阿波市,セレモニー吉野リバーホール,サービス,その他サービス,5%
徳島県,阿波市,ソフトバンク 阿波,小売業,その他小売,2%
徳島県,阿波市,タカガワ西徳島ゴルフ倶楽部,サービス,その他サービス,5%
徳島県,阿波市,東亜オンキョー ミヨシ店,小売業,電化製品,5%
徳島県,阿波市,土柱どんどん,サービス,宿泊業,5%
徳島県,阿波市,土成 ＳＳ,小売業,ガソリンスタンド,2%
徳島県,阿波市,土成インタ― ＳＳ,小売業,ガソリンスタンド,2%
徳島県,阿波市,土成給油所,小売業,ガソリンスタンド,2%
徳島県,阿波市,トヨタカローラ徳島阿波・脇町店,小売業,その他小売,5%
徳島県,阿波市,日本料理 天楽,サービス,飲食業,5%
徳島県,阿波市,Ｖｏｙａｇｅ,サービス,理容・美容業,5%
徳島県,阿波市,焼肉中華そばともえ,サービス,飲食業,5%
徳島県,阿波市,ゆうき法務事務所,サービス,その他サービス,5%
徳島県,阿波市,ユサデンキ,小売業,電化製品,5%
徳島県,石井町,藍畑給油所,小売業,ガソリンスタンド,2%
徳島県,石井町,ｉｔ’ｓ花由 フジグラン石井店,小売業,その他小売,5%
徳島県,石井町,auショップ石井,小売業,電化製品,5%
徳島県,石井町,岡萬寝具店,小売業,家具・調度品,5%
徳島県,石井町,岡萬本舗,小売業,食料品,5%
徳島県,石井町,割烹ふじもと,サービス,飲食業,5%
徳島県,石井町,かみくぼ住宅,サービス,その他サービス,5%
徳島県,石井町,きもの唐草屋,小売業,衣料品,5%
徳島県,石井町,クール・カレ アン フジグラン石井店,小売業,衣料品,5%
徳島県,石井町,桜間バイパス給油所,小売業,ガソリンスタンド,2%
徳島県,石井町,ＳＡＬＯＮなご美,サービス,理容・美容業,5%
徳島県,石井町,シャンテ,サービス,飲食業,5%
徳島県,石井町,進栄眼鏡店 石井本店,小売業,貴金属・服飾品,5%
徳島県,石井町,ＳＫＹ フジグラン石井店,小売業,衣料品,5%
徳島県,石井町,ＳＫＹフジグラン石井店,小売業,衣料品,5%
徳島県,石井町,杉山薬局,小売業,その他小売,5%
徳島県,石井町,すたみな太郎 徳島石井町店,サービス,飲食業,5%
徳島県,石井町,セルフの店かわむら,小売業,その他小売,5%
徳島県,石井町,ソフトバンク 石井,小売業,その他小売,2%
徳島県,石井町,つぎおか,小売業,衣料品,5%
徳島県,石井町,徳島トヨペットテクノリバ－石井店,小売業,その他小売,5%
徳島県,石井町,ニュートラル,サービス,その他サービス,5%
徳島県,石井町,ＢＡＣＫ?ＵＰ ＢＡＣＫ?ＵＰ,サービス,その他サービス,5%
徳島県,石井町,北海食品,小売業,食料品,5%
徳島県,石井町,マクドナルド徳島石井店,サービス,飲食業,2%
徳島県,石井町,マクドナルドフジグラン石井店,サービス,飲食業,2%
徳島県,石井町,ママイクコ・フジグラン石井,小売業,その他小売,5%
徳島県,石井町,ＭＩＣ,小売業,衣料品,5%
徳島県,石井町,ミック 石井店,小売業,衣料品,5%
徳島県,石井町,ミック 石井店,小売業,衣料品,5%
徳島県,石井町,ミモザ フジグラン石井店,小売業,衣料品,5%
徳島県,石井町,セブン－イレブン名西石井町竜王店,小売業,食料品,2%
徳島県,石井町,メガネ本舗 石井店,小売業,その他小売,5%
徳島県,石井町,ＭＯＫＡ石井店,サービス,理容・美容業,5%
徳島県,石井町,焼肉ｉｃｈｉ,サービス,飲食業,5%
徳島県,石井町,有限会社 錦屋商店 ニシキヤショウテン,小売業,その他小売,5%
徳島県,石井町,吉岡自動車,サービス,その他サービス,5%
徳島県,石井町,ライフプロデュースＴＡＧ＋石井,小売業,電化製品,5%
徳島県,石井町,リオ・イシイ給油所,小売業,ガソリンスタンド,2%
徳島県,石井町,リストランテ デュラム,サービス,飲食業,5%
徳島県,石井町,リーベフラウ,小売業,食料品,5%
徳島県,石井町,ロッタハウス,小売業,家具・調度品,5%
徳島県,板野町,晃ロックサービス,サービス,その他サービス,5%
徳島県,板野町,板野 ＳＳ,小売業,ガソリンスタンド,2%
徳島県,板野町,セブン－イレブン板野インター店,小売業,食料品,2%
徳島県,板野町,板野給油所,小売業,ガソリンスタンド,2%
徳島県,板野町,セブン－イレブン板野町西中富店,小売業,食料品,2%
徳島県,板野町,出光上板ＳＳ,小売業,ガソリンスタンド,2%
徳島県,板野町,おしゃれの店 いながき,小売業,その他小売,5%
徳島県,板野町,川端ＳＳ,小売業,ガソリンスタンド,2%
徳島県,板野町,サンコー薬局羅漢店,小売業,その他小売,5%
徳島県,板野町,ＪＡグリーンアグリ板野,小売業,食料品,5%
徳島県,板野町,ＪＡグリーンいたの 東店,小売業,家具・調度品,5%
徳島県,板野町,Ｄｒ．Ｄｒｉｖｅセルフ板野インター,小売業,ガソリンスタンド,2%
徳島県,板野町,トヨタカローラ徳島藍住・板野店,小売業,その他小売,5%
徳島県,板野町,東徳島医療センター病院売店,小売業,その他小売,5%
徳島県,海陽町,出光海南ＳＳ,小売業,ガソリンスタンド,2%
徳島県,海陽町,ウィッティサンデン,小売業,電化製品,5%
徳島県,海陽町,海南給油所,小売業,ガソリンスタンド,2%
徳島県,海陽町,セブン－イレブン海陽町宍喰店,小売業,食料品,2%
徳島県,海陽町,県南給油所,小売業,ガソリンスタンド,2%
徳島県,海陽町,サンシャイン モアナ店,小売業,食料品,2%
徳島県,海陽町,スーパーニシミヤ,小売業,その他小売,5%
徳島県,海陽町,徳島トヨペット海部店,小売業,その他小売,5%
徳島県,海陽町,那佐 ＳＳ,小売業,ガソリンスタンド,2%
徳島県,海陽町,西沢電化センター,小売業,電化製品,5%
徳島県,海陽町,フクシマＫａｉｙｏ,サービス,その他サービス,5%
徳島県,海陽町,ベーカリーＨＯＲＡＩ ＰＩＡ店,サービス,その他サービス,5%
徳島県,海陽町,ペンションししくい,サービス,宿泊業,5%
徳島県,海陽町,宝来堂,サービス,その他サービス,5%
徳島県,勝浦町,勝浦給油所,小売業,ガソリンスタンド,2%
徳島県,勝浦町,前松堂,小売業,食料品,5%
徳島県,勝浦町,フードセンタ－ 杉屋,小売業,その他小売,5%
徳島県,勝浦町,福井建具センター,小売業,その他小売,5%
徳島県,勝浦町,ふれあいの里さかもと,サービス,宿泊業,5%
徳島県,上板町,浅野自動車,サービス,その他サービス,5%
徳島県,上板町,池田時計店 上板店,小売業,貴金属・服飾品,5%
徳島県,上板町,岡萬本舗 北本店,小売業,食料品,5%
徳島県,上板町,上板 ＳＳ,小売業,ガソリンスタンド,2%
徳島県,上板町,上板ＳＳ,小売業,ガソリンスタンド,2%
徳島県,上板町,上板 ＳＳ,小売業,ガソリンスタンド,2%
徳島県,上板町,カレーハウスＣｏＣｏ壱番屋徳島上板店,サービス,飲食業,2%
徳島県,上板町,こんど 上板店,小売業,衣料品,5%
徳島県,上板町,東光 ＳＳ,小売業,ガソリンスタンド,2%
徳島県,上板町,ドコモショップ 上板店,小売業,電化製品,5%
徳島県,上板町,森電器商会,小売業,電化製品,5%
徳島県,上板町,ライフプロデュースＴＡＧ＋こんどう,小売業,電化製品,5%
徳島県,上板町,Ｗａｔａｎａｂｅ＇ｓ,小売業,衣料品,5%
徳島県,上勝町,グランピング Ｂａｓｅ Ｃａｍｐ,サービス,その他サービス,5%
徳島県,上勝町,月ヶ谷温泉,サービス,飲食業,5%
徳島県,上勝町,月ヶ谷温泉月の宿,サービス,宿泊業,5%
徳島県,上勝町,福原給油所,小売業,ガソリンスタンド,2%
徳島県,神山町,神山 ＳＳ,小売業,ガソリンスタンド,2%
徳島県,神山町,神山ＳＳ,小売業,ガソリンスタンド,2%
徳島県,神山町,きたい税理士事務所,サービス,その他サービス,5%
徳島県,神山町,しずくギャラリーショップ,サービス,その他サービス,5%
徳島県,神山町,ショップかたやま２１,小売業,その他小売,5%
徳島県,神山町,タカガワ東徳島ゴルフ倶楽部,サービス,その他サービス,5%
徳島県,神山町,花井電器広野店,小売業,電化製品,5%
徳島県,北島町,ｉｔ’ｓ 花由 フジグラン北島店,小売業,その他小売,5%
徳島県,北島町,出光東北島グリーンＳＳ,小売業,ガソリンスタンド,2%
徳島県,北島町,Ａ＆Ｃ,小売業,その他小売,5%
徳島県,北島町,ａｕショップ北島バイパス,小売業,電化製品,5%
徳島県,北島町,オガワ フジグラン北島店,小売業,衣料品,5%
徳島県,北島町,鹿島電機,小売業,電化製品,5%
徳島県,北島町,加藤自動車相談所本社,サービス,その他サービス,5%
徳島県,北島町,カラフル 北島店,サービス,その他サービス,5%
徳島県,北島町,セブン－イレブン北島江尻店,小売業,食料品,2%
徳島県,北島町,北島給油所,小売業,ガソリンスタンド,2%
徳島県,北島町,セブン－イレブン北島サンフラワードーム前店,小売業,食料品,2%
徳島県,北島町,セブン－イレブン北島高房店,小売業,食料品,2%
徳島県,北島町,ＧＡＬＦＩＴ北島店,小売業,衣料品,5%
徳島県,北島町,ＣＵＲＥ,サービス,その他サービス,5%
徳島県,北島町,業務用食品スーパー北島店,小売業,食料品,5%
徳島県,北島町,ザ．クロックハウス 北島店,小売業,貴金属・服飾品,5%
徳島県,北島町,サキナＢｉａｎｃａ,サービス,理容・美容業,2%
徳島県,北島町,Ｃ?１ｃｏｃｏ,サービス,理容・美容業,5%
徳島県,北島町,ジェームス北島店,小売業,その他小売,2%
徳島県,北島町,車検のコバック北島店,サービス,その他サービス,5%
徳島県,北島町,シューズコレクション ララ 北島店,小売業,衣料品,5%
徳島県,北島町,城西漢方薬局 北島店,小売業,その他小売,5%
徳島県,北島町,ＳＫＹ フジグラン北島店,小売業,衣料品,5%
徳島県,北島町,スマホ堂北島店,小売業,その他小売,5%
徳島県,北島町,ソフトバンク 北島,小売業,その他小売,2%
徳島県,北島町,中華料理 松園 松園,サービス,飲食業,5%
徳島県,北島町,テーブル工房ｋｉｋｉ,小売業,家具・調度品,5%
徳島県,北島町,徳島トヨペットシジョーマルシェ北島,小売業,その他小売,5%
徳島県,北島町,徳島トヨペットＵ－Ｃａｒマルシェ北島,小売業,その他小売,5%
徳島県,北島町,Ｄｒ．Ｄｒｉｖｅセルフ北島ＳＳ,小売業,ガソリンスタンド,2%
徳島県,北島町,ＴｏｔａｌＢｅａｕｔｙＦｉｒｓｔ北島フジ,サービス,理容・美容業,5%
徳島県,北島町,トレンディプラザ北島,小売業,ガソリンスタンド,2%
徳島県,北島町,株式会社パソコンの診療所,小売業,その他小売,5%
徳島県,北島町,ＨＡＰＰＹ！ＷＩＧ,小売業,衣料品,5%
徳島県,北島町,パルテキノウチ,小売業,電化製品,5%
徳島県,北島町,板金のモードリー 北島店,サービス,その他サービス,5%
徳島県,北島町,ＨＩＢＩＫＡ,サービス,理容・美容業,5%
徳島県,北島町,美容室 ｍｅｅｔ,サービス,理容・美容業,5%
徳島県,北島町,フジシマスポーツ,小売業,その他小売,5%
徳島県,北島町,Ｈａｉｒ Ｌｏｔｔｉ,サービス,理容・美容業,5%
徳島県,北島町,宝石．時計 池田 北島店,小売業,貴金属・服飾品,5%
徳島県,北島町,マクドナルド徳島北島店,サービス,飲食業,2%
徳島県,北島町,マルトオートサービス,サービス,その他サービス,5%
徳島県,北島町,やきにく勝利,サービス,飲食業,5%
徳島県,小松島市,青柳呉服店,小売業,衣料品,5%
徳島県,小松島市,赤石ＳＳ,小売業,ガソリンスタンド,2%
徳島県,小松島市,赤いポシェット,サービス,理容・美容業,5%
徳島県,小松島市,セブン－イレブン阿南羽ノ浦店,小売業,食料品,2%
徳島県,小松島市,ＡＷＡミュ－ジック,小売業,書籍・玩具・音楽ＣＤ,5%
徳島県,小松島市,一番亭羽ノ浦店,サービス,飲食業,5%
徳島県,小松島市,宇野電気商会小松島店,小売業,電化製品,5%
徳島県,小松島市,auショップ小松島,小売業,電化製品,5%
徳島県,小松島市,オートサービス光南,サービス,その他サービス,5%
徳島県,小松島市,母傘屋,小売業,その他小売,5%
徳島県,小松島市,恵比須丸,サービス,飲食業,5%
徳島県,小松島市,金磯ＳＳ,小売業,ガソリンスタンド,2%
徳島県,小松島市,カレーハウスＣｏＣｏ壱番屋小松島バイパス店,サービス,飲食業,2%
徳島県,小松島市,木村電気商会,小売業,電化製品,5%
徳島県,小松島市,小松島ＳＳ,小売業,ガソリンスタンド,2%
徳島県,小松島市,セブン－イレブン小松島坂野町店,小売業,食料品,2%
徳島県,小松島市,小松島自動車教習所,サービス,その他サービス,5%
徳島県,小松島市,小松島大丸百貨店,小売業,その他小売,5%
徳島県,小松島市,セブン－イレブン小松島田野町店,小売業,食料品,2%
徳島県,小松島市,セブン－イレブン小松島中田町店,小売業,食料品,2%
徳島県,小松島市,セブン－イレブン小松島日開野町店,小売業,食料品,2%
徳島県,小松島市,こんど 小松島店,小売業,衣料品,5%
徳島県,小松島市,サイクルサイエンス小松島ストア,小売業,その他小売,5%
徳島県,小松島市,坂野ＳＳ,小売業,ガソリンスタンド,2%
徳島県,小松島市,ｓａｌｏｎＭＡＲＥ,サービス,理容・美容業,5%
徳島県,小松島市,自然館 小松島店,小売業,食料品,5%
徳島県,小松島市,ジュエリークラフトＭＡＫＩ,小売業,貴金属・服飾品,5%
徳島県,小松島市,シューズコレクション ララ 北島店,小売業,衣料品,5%
徳島県,小松島市,シューズコレクション ララ 北島店,小売業,衣料品,5%
徳島県,小松島市,シューズコレクションララ ルピア店,小売業,衣料品,5%
徳島県,小松島市,食彩市場 三和,小売業,その他小売,5%
徳島県,小松島市,スタジオケント徳島小松島店,小売業,その他小売,5%
徳島県,小松島市,すたみな太郎 小松島店,サービス,飲食業,5%
徳島県,小松島市,炭七輪のはな牛,サービス,飲食業,5%
徳島県,小松島市,セルフステーションREX,小売業,ガソリンスタンド,2%
徳島県,小松島市,ソフトバンク 小松島ルピア,小売業,その他小売,2%
徳島県,小松島市,タイヤ オート ヴィレッジ タイヤオートヴィレッジ,小売業,その他小売,5%
徳島県,小松島市,タウラデンカ,小売業,電化製品,5%
徳島県,小松島市,高倉米穀店 高倉米穀店 小松島店,小売業,食料品,5%
徳島県,小松島市,立江給油所,小売業,ガソリンスタンド,2%
徳島県,小松島市,トータルビューティーファースト小松島店,サービス,理容・美容業,5%
徳島県,小松島市,ナッティーミマデン南館,小売業,電化製品,5%
徳島県,小松島市,ｈａｙａｂｕｓａ,サービス,運輸業,5%
徳島県,小松島市,パン工房 のむぎの木 パン工房 のむぎの木,小売業,食料品,5%
徳島県,小松島市,美容室むらかみ,サービス,理容・美容業,5%
徳島県,小松島市,ブラザー無線電機,小売業,電化製品,5%
徳島県,小松島市,マクドナルド５５号小松島店,サービス,飲食業,2%
徳島県,小松島市,めがね屋ひろ,小売業,貴金属・服飾品,5%
徳島県,小松島市,めがね屋ひろ,小売業,貴金属・服飾品,5%
徳島県,小松島市,めん処玉好,サービス,飲食業,5%
徳島県,小松島市,めん処玉好 小松島店,サービス,飲食業,5%
徳島県,小松島市,森井食肉店,小売業,食料品,5%
徳島県,小松島市,ヤマサキ家電有限会社,小売業,電化製品,5%
徳島県,小松島市,和菓子処 山陽堂,小売業,食料品,5%
徳島県,つるぎ町,出光一宇ＳＳ,小売業,ガソリンスタンド,2%
徳島県,つるぎ町,ウィッティいむら,小売業,電化製品,5%
徳島県,つるぎ町,オートランドニシ,サービス,その他サービス,5%
徳島県,つるぎ町,古見茶屋 ぴきにき,サービス,宿泊業,5%
徳島県,つるぎ町,貞光ＳＳ,小売業,ガソリンスタンド,2%
徳島県,つるぎ町,貞光給油所,小売業,ガソリンスタンド,2%
徳島県,つるぎ町,サンコー薬局半田店,小売業,その他小売,5%
徳島県,つるぎ町,Ｃｈｉｅｎ（シアン）,小売業,衣料品,5%
徳島県,つるぎ町,シアン,小売業,その他小売,5%
徳島県,つるぎ町,半田第二ＳＳ,小売業,ガソリンスタンド,2%
徳島県,つるぎ町,八千代,小売業,食料品,5%
徳島県,徳島市,アースファミリー,小売業,その他小売,5%
徳島県,徳島市,アイ カフェ 田宮店,サービス,その他サービス,2%
徳島県,徳島市,あいずみ眼鏡店,小売業,その他小売,5%
徳島県,徳島市,藍染工芸館,小売業,衣料品,5%
徳島県,徳島市,ＩＶＯＲＹ,小売業,その他小売,5%
徳島県,徳島市,ＳｔｕｄｉｏＡｗａｋｅ,サービス,理容・美容業,5%
徳島県,徳島市,あかつきでんき,小売業,電化製品,5%
徳島県,徳島市,アカボシ,サービス,飲食業,5%
徳島県,徳島市,鮎喰川石油,小売業,ガソリンスタンド,2%
徳島県,徳島市,鮎喰川タクシー ５１４,サービス,運輸業,5%
徳島県,徳島市,Ａｇｕ ｈａｉｒ Ａｇｕ ｈａｉｒ ｃｏｒａｌ沖浜,サービス,理容・美容業,5%
徳島県,徳島市,Ａｇｕ ｈａｉｒ Ａｇｕ ｈａｉｒ ｗｈｉｒｌ徳島イオン前,サービス,理容・美容業,5%
徳島県,徳島市,旭木工,小売業,家具・調度品,5%
徳島県,徳島市,旭木工家具事業部,小売業,家具・調度品,5%
徳島県,徳島市,アジアンダイニング がむらん,サービス,飲食業,5%
徳島県,徳島市,ｖｉｌｌａ 徳島店,サービス,その他サービス,5%
徳島県,徳島市,アストリア,サービス,飲食業,5%
徳島県,徳島市,ｈｏｍｅ,サービス,理容・美容業,5%
徳島県,徳島市,＠ｈｏｍｅ,サービス,理容・美容業,5%
徳島県,徳島市,ａｔｅｌｉｅｒ ｗｉｓｅ,サービス,理容・美容業,5%
徳島県,徳島市,あにまるわいやーど,サービス,その他サービス,5%
徳島県,徳島市,アピスペットクリニック,サービス,その他サービス,5%
徳島県,徳島市,ａｆｔｅｒ ｃｌａｐ,小売業,衣料品,5%
徳島県,徳島市,ａｂｅｉｌｌｅ 末広店,サービス,理容・美容業,5%
徳島県,徳島市,アマビル,小売業,衣料品,5%
徳島県,徳島市,あるでよ 徳島,小売業,家具・調度品,5%
徳島県,徳島市,アルファホテル徳島,サービス,宿泊業,5%
徳島県,徳島市,阿波居酒屋頂,サービス,飲食業,5%
徳島県,徳島市,阿波居酒屋頂両国店,サービス,飲食業,5%
徳島県,徳島市,阿波いにしえ本舗,小売業,食料品,5%
徳島県,徳島市,ＡＷＡＯＲＩＥＮＴＡＬＤＩＮＩＮＧ,サービス,飲食業,5%
徳島県,徳島市,阿波観光ホテル,サービス,宿泊業,5%
徳島県,徳島市,阿波の彩りびざん,サービス,飲食業,5%
徳島県,徳島市,阿波の国 昴宿よしの,サービス,宿泊業,5%
徳島県,徳島市,阿波前寿司松風,サービス,飲食業,5%
徳島県,徳島市,中華そば専門店 阿波屋,サービス,飲食業,5%
徳島県,徳島市,アンティーク ひなや,小売業,家具・調度品,5%
徳島県,徳島市,アンティーク ひなや,小売業,家具・調度品,5%
徳島県,徳島市,Ａｍｂｅｌｌｉｒ,サービス,理容・美容業,5%
徳島県,徳島市,イウチサイクル 有限会社 イウチサイクル,小売業,その他小売,5%
徳島県,徳島市,池田時計店 外商部,小売業,貴金属・服飾品,5%
徳島県,徳島市,池田時計店 シティ店,小売業,貴金属・服飾品,5%
徳島県,徳島市,居酒屋 ＧＵＴ,サービス,飲食業,5%
徳島県,徳島市,イスニック,サービス,理容・美容業,5%
徳島県,徳島市,イスニック,サービス,理容・美容業,5%
徳島県,徳島市,丸新泉屋株式会社,小売業,衣料品,5%
徳島県,徳島市,阿波居酒屋 頂 両国店,サービス,飲食業,5%
徳島県,徳島市,一鴻 秋田町本店,サービス,飲食業,5%
徳島県,徳島市,一鴻 徳島駅前店,サービス,飲食業,5%
徳島県,徳島市,ｉｔ’ｓ花由 アクティ店,小売業,その他小売,5%
徳島県,徳島市,ｉｔ’ｓ花由 徳島本町店,小売業,その他小売,5%
徳島県,徳島市,出光島田ＳＳ,小売業,ガソリンスタンド,2%
徳島県,徳島市,出光城南ＳＳ,小売業,ガソリンスタンド,2%
徳島県,徳島市,渭東 ＳＳ,小売業,ガソリンスタンド,2%
徳島県,徳島市,伊原デンキ,小売業,電化製品,5%
徳島県,徳島市,イロドリ堂,サービス,理容・美容業,5%
徳島県,徳島市,インディーズ インディーズ,小売業,その他小売,5%
徳島県,徳島市,ＶＩＡＳ ＶＩＡＳ,サービス,理容・美容業,5%
徳島県,徳島市,ＶＩＯＬＡ ＳＴＥＬＬＡ,小売業,衣料品,5%
徳島県,徳島市,ＶＩＣＫＹ ＰＬＡＣＥ,小売業,衣料品,5%
徳島県,徳島市,ウィッティ ばんどう,小売業,電化製品,5%
徳島県,徳島市,ウィッティばんどう,小売業,電化製品,5%
徳島県,徳島市,ウィッテイまさお,小売業,電化製品,5%
徳島県,徳島市,ウイナーズ・コーポレーション,小売業,衣料品,5%
徳島県,徳島市,ウォーキング＆山里歩き専門店 てくてく,小売業,衣料品,5%
徳島県,徳島市,ウォーキング＆山里歩き専門店 てくてく,小売業,衣料品,5%
徳島県,徳島市,魚吟酒場,サービス,飲食業,5%
徳島県,徳島市,ウォッチギャラリー ＩＫＥＤＡプラス,小売業,貴金属・服飾品,5%
徳島県,徳島市,宇都屋,サービス,その他サービス,5%
徳島県,徳島市,うまいもん処 木の葉,サービス,飲食業,5%
徳島県,徳島市,うまいんじょ処 魚や,サービス,飲食業,5%
徳島県,徳島市,ａｕショップ沖浜,小売業,電化製品,5%
徳島県,徳島市,auショップ新浜,小売業,電化製品,5%
徳島県,徳島市,ａｕショップ田宮街道,小売業,電化製品,5%
徳島県,徳島市,エステティック ファースト,サービス,理容・美容業,5%
徳島県,徳島市,Ａ．Ｅｔｓｕｋｏ,サービス,理容・美容業,5%
徳島県,徳島市,ｅｔｏｌｅ,サービス,理容・美容業,5%
徳島県,徳島市,榎瀬店,小売業,その他小売,5%
徳島県,徳島市,ＦＬＰ Ａｒｔｉｓｔ Ｇｏｏｄｓ,小売業,貴金属・服飾品,5%
徳島県,徳島市,ＭＤＣ 徳島アミコ店,サービス,理容・美容業,5%
徳島県,徳島市,オオタケ 徳島営業所,小売業,その他小売,5%
徳島県,徳島市,大原給油所,小売業,ガソリンスタンド,2%
徳島県,徳島市,大松給油所,小売業,ガソリンスタンド,2%
徳島県,徳島市,Ｄｒ．Ｄｒｉｖｅサンライズ大道店,小売業,ガソリンスタンド,2%
徳島県,徳島市,おかあちゃん川内店,サービス,飲食業,5%
徳島県,徳島市,御菓子司たけもり,小売業,食料品,5%
徳島県,徳島市,オガワ 本店,小売業,衣料品,5%
徳島県,徳島市,オガワ マルナカ徳島店,小売業,衣料品,5%
徳島県,徳島市,沖ノ洲ＳＳ,小売業,ガソリンスタンド,2%
徳島県,徳島市,お好み焼き ヴァンサンカン,サービス,飲食業,5%
徳島県,徳島市,おみやげ あいぐら,小売業,家具・調度品,5%
徳島県,徳島市,おもちゃコジマ 有 児島商店,小売業,書籍・玩具・音楽ＣＤ,5%
徳島県,徳島市,オリックスレンタカー徳島中央店,サービス,その他サービス,2%
徳島県,徳島市,オリックスレンタカー徳島眉山店,サービス,その他サービス,2%
徳島県,徳島市,カーコンビニ倶楽部 レフコ,サービス,その他サービス,5%
徳島県,徳島市,カーテンコール,小売業,その他小売,5%
徳島県,徳島市,カエルーム,サービス,その他サービス,5%
徳島県,徳島市,学生服の店さがわ,小売業,衣料品,5%
徳島県,徳島市,樫本電器,小売業,電化製品,5%
徳島県,徳島市,柏木電機商会,小売業,電化製品,5%
徳島県,徳島市,ガス,小売業,ガソリンスタンド,2%
徳島県,徳島市,がっつり焼肉満点中吉野店,サービス,飲食業,5%
徳島県,徳島市,割烹濱伊,小売業,食料品,5%
徳島県,徳島市,鹿子酒類卸株式会社,小売業,食料品,5%
徳島県,徳島市,ＣＡＦＥ ＫＯＦＳ ＣＡＦＥ ＫＯＦＳ徳島本店,サービス,飲食業,5%
徳島県,徳島市,ｃａｆｅ ｍｙ ｙｕｍｅ,サービス,飲食業,5%
徳島県,徳島市,ふとん伊月三軒屋店,小売業,その他小売,5%
徳島県,徳島市,株式会社ｚｅｚｅ ＣＨＡＭＡ沖浜店,サービス,理容・美容業,5%
徳島県,徳島市,株式会社立石園 お茶の立石園,小売業,食料品,5%
徳島県,徳島市,株式会社花由 花由イオンモール徳島店,小売業,その他小売,5%
徳島県,徳島市,株式会社花由 プティボヌールイオンモール徳島店,サービス,飲食業,5%
徳島県,徳島市,ＣＡＰＳＵＬＥ ＳＴＯＲＥ,小売業,その他小売,5%
徳島県,徳島市,がらんどう,サービス,飲食業,5%
徳島県,徳島市,ガルエージェンシー香川 徳島,サービス,その他サービス,5%
徳島県,徳島市,カレーハウスＣｏＣｏ壱番屋ＪＲ徳島駅前店,サービス,飲食業,2%
徳島県,徳島市,カレーハウスＣｏＣｏ壱番屋徳島沖浜店,サービス,飲食業,2%
徳島県,徳島市,カレーハウスＣｏＣｏ壱番屋徳島国府店,サービス,飲食業,2%
徳島県,徳島市,カレーハウスＣｏＣｏ壱番屋徳島島田店,サービス,飲食業,2%
徳島県,徳島市,Ｃａｎｔｅｒａｎｏ,サービス,飲食業,5%
徳島県,徳島市,ＣＯＵＮＴＲＹ ＧＡＲＡＧＥ,小売業,その他小売,5%
徳島県,徳島市,喜多野安心市,小売業,食料品,5%
徳島県,徳島市,ギターハウスＲａＢ,小売業,その他小売,5%
徳島県,徳島市,ＣａｔｔｅｒｙＫＩＲＡＩ,小売業,その他小売,5%
徳島県,徳島市,キャピックトクシマ,サービス,その他サービス,5%
徳島県,徳島市,ＧＡＬＦＩＴ特使マンマルナカ店,小売業,衣料品,5%
徳島県,徳島市,牛角徳島川内店,サービス,飲食業,2%
徳島県,徳島市,牛角徳島中央店,サービス,飲食業,2%
徳島県,徳島市,Ｃｏｏ＆ＲＩＫＵ徳島店,小売業,その他小売,5%
徳島県,徳島市,串かつ料理 河久,サービス,飲食業,5%
徳島県,徳島市,ｇｌａｃｃｉｔｔａｃａｆｅ,サービス,飲食業,5%
徳島県,徳島市,［ＨＣ］クリデン,小売業,電化製品,5%
徳島県,徳島市,グレイシーバッハ徳島,サービス,その他サービス,5%
徳島県,徳島市,黒崎楽器,小売業,その他小売,5%
徳島県,徳島市,ケイエイチケイ,サービス,その他サービス,5%
徳島県,徳島市,慶樹,小売業,書籍・玩具・音楽ＣＤ,5%
徳島県,徳島市,慶樹 スキップベア,小売業,書籍・玩具・音楽ＣＤ,5%
徳島県,徳島市,ｇｈｏｅ,小売業,貴金属・服飾品,5%
徳島県,徳島市,ｃｏｑｕｉｌｌｅ,サービス,理容・美容業,5%
徳島県,徳島市,国府 ＳＳ,小売業,ガソリンスタンド,2%
徳島県,徳島市,国府ＳＳ,小売業,ガソリンスタンド,2%
徳島県,徳島市,コスメティックサロン ビュー,小売業,その他小売,5%
徳島県,徳島市,コスメランド イシハラ クレメント店 コスメランドイシハラ クレメント店,小売業,その他小売,5%
徳島県,徳島市,コスメランド イシハラ タクト店 コスメランドイシハラ タクト店,小売業,その他小売,5%
徳島県,徳島市,コックドールかげやま,サービス,飲食業,5%
徳島県,徳島市,ｃｏｔｏｃｏｔｏ,サービス,その他サービス,5%
徳島県,徳島市,ＫＯ２ＳＨＩ,サービス,理容・美容業,5%
徳島県,徳島市,こにふぁ こにふぁ,サービス,理容・美容業,5%
徳島県,徳島市,木の花,サービス,飲食業,5%
徳島県,徳島市,木の花,サービス,飲食業,5%
徳島県,徳島市,木の花咲くや,サービス,飲食業,5%
徳島県,徳島市,ＣＯＰＡ,サービス,飲食業,5%
徳島県,徳島市,古美術 九源次,小売業,家具・調度品,5%
徳島県,徳島市,コール徳島店,小売業,電化製品,5%
徳島県,徳島市,金剛茶屋,サービス,飲食業,5%
徳島県,徳島市,近藤商店,小売業,食料品,5%
徳島県,徳島市,こんど履物店,小売業,衣料品,5%
徳島県,徳島市,ザ・パシフィックハーバー,サービス,その他サービス,5%
徳島県,徳島市,サーズデイズ,小売業,衣料品,5%
徳島県,徳島市,サイクルショップうえの,小売業,その他小売,5%
徳島県,徳島市,サイクルショップたけいち,小売業,その他小売,5%
徳島県,徳島市,サクライ薬局 サクライ薬局,小売業,その他小売,5%
徳島県,徳島市,櫻茶屋,小売業,その他小売,5%
徳島県,徳島市,酒のソクハイ栄町南店,小売業,その他小売,5%
徳島県,徳島市,酒のソクハイ 徳島栄町店,小売業,その他小売,5%
徳島県,徳島市,酒ハウスモリモト,小売業,食料品,5%
徳島県,徳島市,笹倉スポーツ 本店,小売業,その他小売,5%
徳島県,徳島市,ササクラスポーツ徳島本店,小売業,その他小売,5%
徳島県,徳島市,雑貨フォレスト 田宮店,小売業,その他小売,5%
徳島県,徳島市,佐藤電機,小売業,電化製品,5%
徳島県,徳島市,坐とりじろう,サービス,飲食業,5%
徳島県,徳島市,ＴＨＥ ＰＬＡＩＮ ＳＷＥＥＴＳ ＴＨＥ ＰＬＡＩＮ ＳＷＥＥＴＳ,サービス,宿泊業,5%
徳島県,徳島市,サロンドフルベール眉山第一,小売業,その他小売,5%
徳島県,徳島市,サワデン商事,小売業,電化製品,5%
徳島県,徳島市,Ｓｕｎ＆Ｍｏｏｎ,サービス,理容・美容業,5%
徳島県,徳島市,サンシャイン徳島アネックス,サービス,宿泊業,5%
徳島県,徳島市,シースリー,小売業,衣料品,5%
徳島県,徳島市,ジェームス三軒屋店,小売業,その他小売,2%
徳島県,徳島市,Ｃｉｅｌ ｅｔ ｍｅｒ,サービス,その他サービス,5%
徳島県,徳島市,セブン－イレブン四国大学店,小売業,食料品,2%
徳島県,徳島市,四国タクシー ４０１,サービス,その他サービス,5%
徳島県,徳島市,自然舘,小売業,食料品,5%
徳島県,徳島市,自然舘,小売業,食料品,5%
徳島県,徳島市,地蔵橋ＳＳ 有限会社庄野石油店,小売業,ガソリンスタンド,2%
徳島県,徳島市,七厘家 田宮店,サービス,飲食業,5%
徳島県,徳島市,自動車工房 ファクトリーオカヤマ,サービス,その他サービス,5%
徳島県,徳島市,島田給油所,小売業,ガソリンスタンド,2%
徳島県,徳島市,車検のコバック国府店,サービス,その他サービス,5%
徳島県,徳島市,車検のコバック徳島店,サービス,その他サービス,5%
徳島県,徳島市,しゃぶしゃぶ温野菜徳島沖浜店,サービス,飲食業,2%
徳島県,徳島市,しゃぶしゃぶ温野菜徳島川内店,サービス,飲食業,2%
徳島県,徳島市,しゃぶしゃぶ温野菜徳島国府店,サービス,飲食業,2%
徳島県,徳島市,ＣＨＡＲＭＡＮＴ,小売業,衣料品,5%
徳島県,徳島市,シューズカンパニー徳島店,小売業,衣料品,5%
徳島県,徳島市,手芸センタードリーム 徳島住吉店,小売業,その他小売,5%
徳島県,徳島市,手芸センタードリーム徳島応神店,小売業,その他小売,5%
徳島県,徳島市,旬魚菜まこと,サービス,飲食業,5%
徳島県,徳島市,城西漢方薬局北島店,小売業,その他小売,5%
徳島県,徳島市,情熱ホルモン佐古酒場,サービス,飲食業,5%
徳島県,徳島市,昭和町ＳＳ,小売業,ガソリンスタンド,2%
徳島県,徳島市,職人の店徳島西店,小売業,その他小売,5%
徳島県,徳島市,諸国民芸 あいぐら,小売業,家具・調度品,5%
徳島県,徳島市,Ｊｏｌｌｙ ｊｏｌｉｅ,小売業,衣料品,5%
徳島県,徳島市,Ｊｏｌｌｙ ｊｏｌｉｅ,小売業,衣料品,5%
徳島県,徳島市,進栄眼鏡マルナカ徳島店,小売業,その他小売,5%
徳島県,徳島市,新健勝苑徳島店,小売業,衣料品,5%
徳島県,徳島市,新日本補聴器センター徳島店,小売業,その他小売,5%
徳島県,徳島市,新浜ＳＳ,小売業,ガソリンスタンド,2%
徳島県,徳島市,末広油槽所,小売業,ガソリンスタンド,2%
徳島県,徳島市,ＳＰＳ末広工場,小売業,ガソリンスタンド,2%
徳島県,徳島市,スエヒロボウル,サービス,その他サービス,5%
徳島県,徳島市,スキップベア,小売業,衣料品,5%
徳島県,徳島市,美容室スケッチインターナショナル,サービス,その他サービス,5%
徳島県,徳島市,すゞや,サービス,飲食業,5%
徳島県,徳島市,Ｓｔｕｄｉｏ Ａｃｃｈａ スタジオアチャ,サービス,その他サービス,5%
徳島県,徳島市,スタジオケント徳島川内本店,小売業,その他小売,5%
徳島県,徳島市,ステーキハウス かがやき,サービス,飲食業,5%
徳島県,徳島市,スマイルホールディングス 佐古営業所,小売業,その他小売,5%
徳島県,徳島市,スマホ堂徳島駅前店,小売業,電化製品,5%
徳島県,徳島市,スマホ堂徳島沖浜店,小売業,電化製品,5%
徳島県,徳島市,スマホ堂徳島本店,小売業,電化製品,5%
徳島県,徳島市,炭火焼但馬,サービス,飲食業,5%
徳島県,徳島市,白鵬舎 住吉本店,サービス,その他サービス,5%
徳島県,徳島市,Ｓｌｕｒ?ＨＡＩＲ,サービス,理容・美容業,5%
徳島県,徳島市,セルヴィス論田ＳＳ 有限会社ササダ石油,小売業,ガソリンスタンド,2%
徳島県,徳島市,セルフ大松ＳＳ,小売業,ガソリンスタンド,2%
徳島県,徳島市,セルフ庄町ＳＳ,小売業,ガソリンスタンド,2%
徳島県,徳島市,Ｄｒ．Ｄｒｉｖｅセルフ徳島店,小売業,ガソリンスタンド,2%
徳島県,徳島市,Ｄｒ．Ｄｒｉｖｅセルフポートスクエア,小売業,ガソリンスタンド,2%
徳島県,徳島市,愛犬美容室 Ｓｅｎｓｅ センス 愛犬美容室 ｓｅｎｓｅ センス,サービス,その他サービス,5%
徳島県,徳島市,センチュリープラザホテル,サービス,宿泊業,5%
徳島県,徳島市,創作パスタダイニング酒場ＳＣＥＮＡ,サービス,飲食業,5%
徳島県,徳島市,贈答品・池田,小売業,貴金属・服飾品,5%
徳島県,徳島市,合同会社ＫＯＮＤＯ,サービス,理容・美容業,5%
徳島県,徳島市,だいきちカレー,サービス,飲食業,5%
徳島県,徳島市,（カ）タカハシフトンテン,小売業,家具・調度品,5%
徳島県,徳島市,株式会社高橋ふとん店大松店,小売業,その他小売,5%
徳島県,徳島市,株式会社高橋ふとん店川内店,小売業,その他小売,5%
徳島県,徳島市,高橋ふとん店 十川店,小売業,家具・調度品,5%
徳島県,徳島市,高山産業 徳島支店,小売業,その他小売,5%
徳島県,徳島市,宅配居酒屋まひまひ,小売業,食料品,5%
徳島県,徳島市,多田屋,小売業,食料品,5%
徳島県,徳島市,Ｔ ａｂ,サービス,理容・美容業,5%
徳島県,徳島市,田宮ＳＳ,小売業,ガソリンスタンド,2%
徳島県,徳島市,田宮給油所,小売業,ガソリンスタンド,2%
徳島県,徳島市,田村勝美堂,小売業,その他小売,5%
徳島県,徳島市,ｃｈｉｔｒｅｅ,小売業,その他小売,5%
徳島県,徳島市,千房 徳島支店,サービス,飲食業,5%
徳島県,徳島市,旨いもの酒場 Ｃｈｏｐｓｔｉｃｋ,サービス,飲食業,5%
徳島県,徳島市,つちや 有限会社槌谷商店,小売業,食料品,5%
徳島県,徳島市,ティ・オン,小売業,衣料品,5%
徳島県,徳島市,ティールームしぁんくれーる,サービス,飲食業,5%
徳島県,徳島市,ＴＫメタル,小売業,家具・調度品,5%
徳島県,徳島市,テーブル,サービス,その他サービス,5%
徳島県,徳島市,デラ,小売業,衣料品,5%
徳島県,徳島市,ｔｅｒｒａｃｅ３８,サービス,飲食業,5%
徳島県,徳島市,でんきのみき,小売業,電化製品,5%
徳島県,徳島市,天山閣 川内店,サービス,飲食業,5%
徳島県,徳島市,天山閣 国府店,サービス,飲食業,5%
徳島県,徳島市,天山閣 川内店,サービス,飲食業,5%
徳島県,徳島市,天山閣国府店,サービス,飲食業,5%
徳島県,徳島市,ｄｏｕｃｅ ｈａｒｍｏｎｉｅ 徳島店,小売業,衣料品,5%
徳島県,徳島市,セブン－イレブン徳島鮎喰町店,小売業,食料品,2%
徳島県,徳島市,徳島インターＳＳ,小売業,ガソリンスタンド,2%
徳島県,徳島市,セブン－イレブン徳島インター店,小売業,食料品,2%
徳島県,徳島市,セブン－イレブン徳島大道４丁目店,小売業,食料品,2%
徳島県,徳島市,セブン－イレブン徳島沖浜東店,小売業,食料品,2%
徳島県,徳島市,セブン－イレブン徳島かちどき橋５丁目店,小売業,食料品,2%
徳島県,徳島市,セブン－イレブン徳島川内町住吉店,小売業,食料品,2%
徳島県,徳島市,セブン－イレブン徳島北島田町店,小売業,食料品,2%
徳島県,徳島市,セブン－イレブン徳島紺屋町店,小売業,食料品,2%
徳島県,徳島市,セブン－イレブン徳島佐古八番町店,小売業,食料品,2%
徳島県,徳島市,セブン－イレブン徳島昭和町店,小売業,食料品,2%
徳島県,徳島市,セブン－イレブン徳島新町橋店,小売業,食料品,2%
徳島県,徳島市,有 徳島スーパーカブ,小売業,その他小売,5%
徳島県,徳島市,徳島ステーションホテル,サービス,宿泊業,5%
徳島県,徳島市,徳島ダイハツモータース部品センター,小売業,その他小売,5%
徳島県,徳島市,徳島ダイハツモータース国府店,小売業,その他小売,5%
徳島県,徳島市,徳島ダイハツモータース住吉店,小売業,その他小売,5%
徳島県,徳島市,徳島ダイハツモータース本店,小売業,その他小売,5%
徳島県,徳島市,徳島ダイハツモータースＵ－ＣＡＲ徳島,小売業,その他小売,5%
徳島県,徳島市,セブン－イレブン徳島津田町４丁目店,小売業,食料品,2%
徳島県,徳島市,徳島トヨタ自動車アトラツイン,小売業,その他小売,5%
徳島県,徳島市,徳島トヨタ自動車本店,小売業,その他小売,5%
徳島県,徳島市,徳島トヨタ自動車Ｕ－ＣａｒＳｈｏｐ,小売業,その他小売,5%
徳島県,徳島市,徳島トヨタ自動車レクサス徳島,小売業,その他小売,5%
徳島県,徳島市,徳島トヨペット徳島昭和店,小売業,その他小売,5%
徳島県,徳島市,徳島トヨペットマイカーステージ,小売業,その他小売,5%
徳島県,徳島市,セブン－イレブン徳島入田町店,小売業,食料品,2%
徳島県,徳島市,セブン－イレブン徳島八万町下福万店,小売業,食料品,2%
徳島県,徳島市,セブン－イレブン徳島東大工町店,小売業,食料品,2%
徳島県,徳島市,とくしまファミリーランド,サービス,その他サービス,5%
徳島県,徳島市,セブン－イレブン徳島不動西町店,小売業,食料品,2%
徳島県,徳島市,Ｄｒ．Ｄｒｉｖｅセルフ田宮街道,小売業,ガソリンスタンド,2%
徳島県,徳島市,どこどこ沖浜店,サービス,飲食業,5%
徳島県,徳島市,ドコモショップ 沖浜店,小売業,電化製品,5%
徳島県,徳島市,ドコモショップ新浜店,小売業,その他小売,5%
徳島県,徳島市,トータルビューティーファースト万代店,サービス,理容・美容業,5%
徳島県,徳島市,富田洋品店,小売業,衣料品,5%
徳島県,徳島市,トヨタカローラ徳島中央店,小売業,その他小売,5%
徳島県,徳島市,トヨタカローラ徳島本店,小売業,その他小売,5%
徳島県,徳島市,トヨタカローラ徳島本店テクノショップ,小売業,その他小売,5%
徳島県,徳島市,トヨタカローラ徳島本部,小売業,その他小売,5%
徳島県,徳島市,トヨタレンタリース東四国徳島店,サービス,その他サービス,2%
徳島県,徳島市,ＴＲＩＡＮＧＬＥ,小売業,衣料品,5%
徳島県,徳島市,ｄｒｉｉｖｅ ｇｕｉｔａｒｓ ｄｒｉｉｖｅ ｇｕｉｔａｒｓ,小売業,その他小売,5%
徳島県,徳島市,ﾄﾞﾗｯｸﾞｽﾄｱmac 矢三店,小売業,その他小売,5%
徳島県,徳島市,トラベルダイニング バディバディ,サービス,飲食業,5%
徳島県,徳島市,とりじろう,サービス,飲食業,5%
徳島県,徳島市,トリトヒツジ,サービス,その他サービス,5%
徳島県,徳島市,鳥ロマン徳島市安宅店,サービス,飲食業,5%
徳島県,徳島市,ドン・ガバチョ,サービス,飲食業,5%
徳島県,徳島市,中洲給油所,小売業,ガソリンスタンド,2%
徳島県,徳島市,ナカニシサイクル,小売業,その他小売,5%
徳島県,徳島市,ｎａｓ ｃａｆｅ,サービス,飲食業,5%
徳島県,徳島市,ｎａｓ．ｃａｆｅ,サービス,飲食業,5%
徳島県,徳島市,ナッティーミマデン東館,小売業,電化製品,5%
徳島県,徳島市,ナッティーミマデン西須賀,小売業,電化製品,5%
徳島県,徳島市,肉割烹バル ＮＡＭＡＩＫＩ 生粋,サービス,飲食業,5%
徳島県,徳島市,～肉と魚と鍋～わがまま屋 徳島店,サービス,飲食業,5%
徳島県,徳島市,肉バル ＧＹＵＵＵ,サービス,飲食業,5%
徳島県,徳島市,ニコニコヤみやげ店,小売業,家具・調度品,5%
徳島県,徳島市,西新浜ＳＳ 株式会社スタン,小売業,ガソリンスタンド,2%
徳島県,徳島市,西日本メディカル徳島営業所,小売業,その他小売,5%
徳島県,徳島市,西日本旅行株式会社,サービス,その他サービス,5%
徳島県,徳島市,日本料理 茜也,サービス,飲食業,5%
徳島県,徳島市,日本料理 三楽,サービス,飲食業,5%
徳島県,徳島市,日本料理 三楽,サービス,飲食業,5%
徳島県,徳島市,ぬまた,サービス,飲食業,5%
徳島県,徳島市,Ｎａｉｌ Ｓａｌｏｎ Ｍｉｎｔ,サービス,その他サービス,5%
徳島県,徳島市,Ｎａｉｌ’ｓ ｂｅ,サービス,その他サービス,5%
徳島県,徳島市,Ｎａｉｌ’ｓ ｂｅ＋,サービス,その他サービス,5%
徳島県,徳島市,ネッツトヨタ徳島アトラツイン,小売業,その他小売,5%
徳島県,徳島市,ネッツトヨタ徳島徳島店,小売業,その他小売,5%
徳島県,徳島市,ネッツトヨタ徳島本店,小売業,その他小売,5%
徳島県,徳島市,パーソナルトレーニングジムリレイズ,サービス,その他サービス,5%
徳島県,徳島市,ＰＡＲＴＹＤＩＮＩＮＧＧＯＡＴ,サービス,飲食業,5%
徳島県,徳島市,ハートランド川内,小売業,ガソリンスタンド,2%
徳島県,徳島市,ハートランド城東,小売業,ガソリンスタンド,2%
徳島県,徳島市,パール,小売業,その他小売,5%
徳島県,徳島市,白鵬舎 キョーエイ沖浜店,サービス,その他サービス,5%
徳島県,徳島市,白鵬舎 キョーエイ住吉店,サービス,その他サービス,5%
徳島県,徳島市,白鵬舎 昭和町店,サービス,その他サービス,5%
徳島県,徳島市,白鵬舎 末広店,サービス,その他サービス,5%
徳島県,徳島市,ハタダ大松店,小売業,食料品,5%
徳島県,徳島市,八万給油所,小売業,ガソリンスタンド,2%
徳島県,徳島市,パティスリー オリーブ,小売業,食料品,5%
徳島県,徳島市,花井電器八万店,小売業,電化製品,5%
徳島県,徳島市,はない電遊館,小売業,電化製品,5%
徳島県,徳島市,はなれ,サービス,飲食業,5%
徳島県,徳島市,浜仲,サービス,飲食業,5%
徳島県,徳島市,原建材店徳島支店,小売業,その他小売,5%
徳島県,徳島市,ハラダ,小売業,貴金属・服飾品,5%
徳島県,徳島市,はり灸Ｓｏｒａ,サービス,その他サービス,5%
徳島県,徳島市,パルテばんどう,小売業,電化製品,5%
徳島県,徳島市,ハロー・マイ・ウェディングアミコ店,サービス,その他サービス,5%
徳島県,徳島市,ハロー・マイ・ウェディング・ケンチョピア,サービス,その他サービス,5%
徳島県,徳島市,ハロー・マイ・ウェディング・本店,サービス,その他サービス,5%
徳島県,徳島市,板東昭文堂,小売業,その他小売,5%
徳島県,徳島市,板東電気,小売業,電化製品,5%
徳島県,徳島市,バンナイズ,小売業,貴金属・服飾品,5%
徳島県,徳島市,ＢＡＭＢＯＯＧａｒｄｅｎ,小売業,書籍・玩具・音楽ＣＤ,5%
徳島県,徳島市,Ｂ－ＵＰ,小売業,その他小売,5%
徳島県,徳島市,Ｂ ＨＡＩＲ,サービス,理容・美容業,5%
徳島県,徳島市,Ｂーｃｌｅ応神給油所,小売業,ガソリンスタンド,2%
徳島県,徳島市,日開ＳＳ,小売業,ガソリンスタンド,2%
徳島県,徳島市,ビジネスホテルサンパール,サービス,宿泊業,5%
徳島県,徳島市,Ｂｉｊｏｕｘ ｃｅｌｅｓｔｅ,小売業,その他小売,5%
徳島県,徳島市,ビストロ アメリ,サービス,飲食業,5%
徳島県,徳島市,ビストロヒライ徳島,サービス,飲食業,5%
徳島県,徳島市,Ｂ－２ｎｄ ｂｙ ＢＯＮＣＨＩ,小売業,衣料品,5%
徳島県,徳島市,ビッグアメイリカンショップキッズ,小売業,衣料品,5%
徳島県,徳島市,ビッグアメリカンショップキッズ,小売業,衣料品,5%
徳島県,徳島市,ビッグアメリカンショップ,小売業,衣料品,5%
徳島県,徳島市,ビッグアメリカンショップ,小売業,衣料品,5%
徳島県,徳島市,ビッグアメリカンショップ 森町店,小売業,衣料品,5%
徳島県,徳島市,ビッグアメリカンショップ 森町店,小売業,衣料品,5%
徳島県,徳島市,ビッグアメリカンショップ 応神店,小売業,衣料品,5%
徳島県,徳島市,ビッグアメリカンショップ 大野橋店,小売業,衣料品,5%
徳島県,徳島市,引越センター丸一,サービス,運輸業,5%
徳島県,徳島市,美容室 オルガニーク,サービス,理容・美容業,5%
徳島県,徳島市,美容室 オルガニーク,サービス,理容・美容業,5%
徳島県,徳島市,美容室 ＴＯＭＢＯＹ,サービス,理容・美容業,5%
徳島県,徳島市,美容室ａ．ｅ．ｔ．,サービス,理容・美容業,5%
徳島県,徳島市,美容室髪屋,サービス,理容・美容業,5%
徳島県,徳島市,美容室SAWAKO 国府店,サービス,理容・美容業,5%
徳島県,徳島市,美容室SAWAKO 徳島店,サービス,理容・美容業,5%
徳島県,徳島市,ＨＩＲＡＯＫＡ,小売業,衣料品,5%
徳島県,徳島市,広沢自動車学校,サービス,その他サービス,5%
徳島県,徳島市,ファイテンショップ 徳島店,小売業,その他小売,5%
徳島県,徳島市,ｆｉｖｅ ｌｅａｆ Ｃｌｏｖｅｒ,サービス,理容・美容業,5%
徳島県,徳島市,ｆｉｖｅ ｌｅａｆ Ｃｌｏｖｅｒ,サービス,理容・美容業,5%
徳島県,徳島市,フェリーチェウノ,小売業,衣料品,5%
徳島県,徳島市,ふじのたな,小売業,衣料品,5%
徳島県,徳島市,藤本時計店,小売業,その他小売,5%
徳島県,徳島市,フジモト時計店,小売業,貴金属・服飾品,5%
徳島県,徳島市,ふじや 本店,サービス,飲食業,5%
徳島県,徳島市,ふじや蔵本本店鳴門水産蔵本本店,サービス,飲食業,5%
徳島県,徳島市,ふじや蔵本本店鳴門水産蔵本本店,サービス,飲食業,5%
徳島県,徳島市,ふじや総本店,サービス,飲食業,5%
徳島県,徳島市,ふじや総本店,サービス,飲食業,5%
徳島県,徳島市,ＢＯＯＫＯＦＦ 国府店,小売業,その他小売,2%
徳島県,徳島市,ＢＯＯＫＯＦＦ 徳島沖浜店,小売業,その他小売,2%
徳島県,徳島市,ＢＯＯＫＯＦＦ 徳島川内店,小売業,その他小売,2%
徳島県,徳島市,ＢＯＯＫＯＦＦ 徳島住吉店,小売業,その他小売,2%
徳島県,徳島市,ブックマート国府店,小売業,書籍・玩具・音楽ＣＤ,5%
徳島県,徳島市,ブックマート国府店,小売業,書籍・玩具・音楽ＣＤ,5%
徳島県,徳島市,物産館阿波遊産,小売業,家具・調度品,5%
徳島県,徳島市,ぶっとび酒場,サービス,飲食業,5%
徳島県,徳島市,ブライダルコア ときわ,サービス,その他サービス,5%
徳島県,徳島市,プラエインテリア,小売業,家具・調度品,5%
徳島県,徳島市,プラザ県庁前ＳＳ,小売業,ガソリンスタンド,2%
徳島県,徳島市,ｓｉｏ,小売業,その他小売,5%
徳島県,徳島市,フラワーガーデン花由 タクト店,小売業,その他小売,5%
徳島県,徳島市,フラワーマーケット 花由,小売業,その他小売,5%
徳島県,徳島市,Ｆｒｅｅ ｓ ｆｏｒ ｈａｉｒ Ｆｒｅｅ ｓ ｆｏｒ ｈａｉｒ フリース フォー ヘアー,サービス,理容・美容業,5%
徳島県,徳島市,ＢＲＵＮＯ,サービス,理容・美容業,5%
徳島県,徳島市,ｂｌｕｅｍ,サービス,理容・美容業,5%
徳島県,徳島市,ふるさとあいぐら アミコ店,小売業,家具・調度品,5%
徳島県,徳島市,プレーンテーブル,小売業,衣料品,5%
徳島県,徳島市,ｆｒｅｌｕ,小売業,衣料品,5%
徳島県,徳島市,プロスホンダウイング國見,小売業,その他小売,5%
徳島県,徳島市,プロミネンス 営業部,小売業,食料品,5%
徳島県,徳島市,プロミネンス 第５営業所,小売業,食料品,5%
徳島県,徳島市,ｆｌｏｒａｃｉｏｎ,小売業,その他小売,5%
徳島県,徳島市,ｈａｉｒ ＲＯＳＳＯ,サービス,理容・美容業,5%
徳島県,徳島市,ＨＡＩＲＣＲＥＡＴＩＯＮＳＯＩ,サービス,理容・美容業,5%
徳島県,徳島市,ヘアークリニック プレシャス,サービス,理容・美容業,5%
徳島県,徳島市,ＳＨＩＢＡＮＯ,サービス,理容・美容業,5%
徳島県,徳島市,ｈａｉｒ ｓａｌｏｎ Ｃｉｍｅ,サービス,理容・美容業,5%
徳島県,徳島市,Ｓｈａｖｉｎｇｓａｌｏｎｈｉｓａ,サービス,理容・美容業,5%
徳島県,徳島市,ヘアサロンＳＡＶＯ,サービス,理容・美容業,5%
徳島県,徳島市,ＨＡＩＲＳＡＬＯＮＹＯＳＨＩ,サービス,理容・美容業,5%
徳島県,徳島市,ヘアルーム ラスク ｈａｉｒ ｒｏｏｍ ＲＵＳＫ,サービス,理容・美容業,5%
徳島県,徳島市,ＢＡＳＥＬＩＮＥＣＵＳＴＯＭＳ,サービス,その他サービス,5%
徳島県,徳島市,Ｐｅｒｒｉｅｒ Ｊｅｗｅｌ,サービス,理容・美容業,5%
徳島県,徳島市,ベルズヘアー,サービス,理容・美容業,5%
徳島県,徳島市,ＰＥＮＤＵＬＵＭ,サービス,理容・美容業,5%
徳島県,徳島市,便利堂ネコの手,サービス,その他サービス,5%
徳島県,徳島市,宝石．時計 池田 北島店,小売業,貴金属・服飾品,5%
徳島県,徳島市,宝石 時計 池田 タクト店,小売業,貴金属・服飾品,5%
徳島県,徳島市,宝石・時計 池田 アミコ店,小売業,貴金属・服飾品,5%
徳島県,徳島市,宝石・時計 池田 ターミナル店,小売業,貴金属・服飾品,5%
徳島県,徳島市,宝石・時計 池田 本店,小売業,貴金属・服飾品,5%
徳島県,徳島市,ポージィ ｆｌｏｗｅｒｓ,小売業,その他小売,5%
徳島県,徳島市,ＨＯＭＥ′Ｓ,小売業,家具・調度品,5%
徳島県,徳島市,星のてらす,サービス,飲食業,5%
徳島県,徳島市,ほっと！鍼灸院,サービス,その他サービス,5%
徳島県,徳島市,ホットスキレット川内店,サービス,飲食業,5%
徳島県,徳島市,ホットスキレット川内店,サービス,飲食業,5%
徳島県,徳島市,ホテル サンルート徳島,サービス,宿泊業,5%
徳島県,徳島市,ホテル越久,サービス,宿泊業,5%
徳島県,徳島市,ホテルサンシャイン徳島,サービス,宿泊業,5%
徳島県,徳島市,ホビーゾーンイオンモール徳島店,小売業,書籍・玩具・音楽ＣＤ,5%
徳島県,徳島市,ほら鮨,サービス,飲食業,5%
徳島県,徳島市,ボルドヌイ,サービス,飲食業,5%
徳島県,徳島市,本格炭火焼鳥ちどり,サービス,飲食業,5%
徳島県,徳島市,本四海峡バス マリンピア営業所,サービス,その他サービス,5%
徳島県,徳島市,本社,小売業,ガソリンスタンド,2%
徳島県,徳島市,凡智 アミコ店,小売業,衣料品,5%
徳島県,徳島市,凡智 アミコ店,小売業,衣料品,5%
徳島県,徳島市,マクドナルド佐古大橋店,サービス,飲食業,2%
徳島県,徳島市,マクドナルド１１号川内店,サービス,飲食業,2%
徳島県,徳島市,マクドナルド徳島住吉店,サービス,飲食業,2%
徳島県,徳島市,マクドナルド矢三店,サービス,飲食業,2%
徳島県,徳島市,まぐろ問屋 国府店,サービス,飲食業,5%
徳島県,徳島市,町家だいにんぐ 銀乃介,サービス,飲食業,5%
徳島県,徳島市,ｍａｃ矢三店,小売業,その他小売,5%
徳島県,徳島市,マブチスポーツ,小売業,その他小売,5%
徳島県,徳島市,豆福国府店,小売業,食料品,5%
徳島県,徳島市,マリンピアＳＳ,小売業,ガソリンスタンド,2%
徳島県,徳島市,マルエ,小売業,その他小売,5%
徳島県,徳島市,マルナカツーリスト徳島営業所,サービス,その他サービス,5%
徳島県,徳島市,マルナカ徳島店携帯コーナー,小売業,電化製品,5%
徳島県,徳島市,美木電器商会,小売業,電化製品,5%
徳島県,徳島市,ＭＩＫＵＮＩＥＮ,サービス,飲食業,5%
徳島県,徳島市,ミマデン本店,小売業,電化製品,5%
徳島県,徳島市,宮下電器商会,小売業,電化製品,5%
徳島県,徳島市,宮脇書店 徳島駅ビル店,小売業,書籍・玩具・音楽ＣＤ,5%
徳島県,徳島市,宮脇書店 徳島本店,小売業,書籍・玩具・音楽ＣＤ,5%
徳島県,徳島市,ＭＩＥＵＸ ＰＯＵＲ ＭＡ ＣＨＥＲＥ,サービス,理容・美容業,5%
徳島県,徳島市,地鶏料理無玄,サービス,飲食業,5%
徳島県,徳島市,無印良品 そごう徳島,小売業,その他小売,2%
徳島県,徳島市,村井電器商会,小売業,電化製品,5%
徳島県,徳島市,むら茶家,サービス,飲食業,5%
徳島県,徳島市,メガネ池田 新町本店,小売業,貴金属・服飾品,5%
徳島県,徳島市,メガネショップ２１,小売業,貴金属・服飾品,5%
徳島県,徳島市,メガネセンタ－アイ,小売業,貴金属・服飾品,5%
徳島県,徳島市,眼鏡店 ＥＹＥＣＲＡＦＴ,小売業,その他小売,5%
徳島県,徳島市,眼鏡店 ＥＹＥ ＣＲＡＦＴ,小売業,その他小売,5%
徳島県,徳島市,メガネの秋田,小売業,貴金属・服飾品,5%
徳島県,徳島市,メガネ本舗 北田宮店,小売業,その他小売,5%
徳島県,徳島市,メガネ本舗 徳島本店,小売業,その他小売,5%
徳島県,徳島市,メロディーハイム,サービス,その他サービス,5%
徳島県,徳島市,めん処 玉好,サービス,飲食業,5%
徳島県,徳島市,ＭＯＫＡ中吉野店,サービス,理容・美容業,5%
徳島県,徳島市,モッズヘア徳島店,サービス,理容・美容業,5%
徳島県,徳島市,モードブルージュ徳島店,小売業,衣料品,5%
徳島県,徳島市,もみ処 あしすと,サービス,その他サービス,5%
徳島県,徳島市,モンドジャコモ,小売業,衣料品,5%
徳島県,徳島市,８０８カフェ デメテール 野菜販売,小売業,食料品,5%
徳島県,徳島市,やきとり大吉県庁前店,サービス,飲食業,5%
徳島県,徳島市,やきとり大吉 佐古店,サービス,飲食業,5%
徳島県,徳島市,やきとり屋 だいまつ,サービス,飲食業,5%
徳島県,徳島市,焼肉 俺家,サービス,飲食業,5%
徳島県,徳島市,焼肉 大和,サービス,飲食業,5%
徳島県,徳島市,焼肉 大和,サービス,飲食業,5%
徳島県,徳島市,焼肉金波,サービス,飲食業,5%
徳島県,徳島市,焼肉 ホルモン 楽屋,サービス,飲食業,5%
徳島県,徳島市,やすなが,サービス,飲食業,5%
徳島県,徳島市,やすらぎ整体 イロドリ堂,サービス,その他サービス,5%
徳島県,徳島市,柳鮨,サービス,飲食業,5%
徳島県,徳島市,山根時計店,小売業,その他小売,5%
徳島県,徳島市,有限会社アートセレクション,小売業,その他小売,5%
徳島県,徳島市,有限会社アイハラ電機商会,小売業,電化製品,5%
徳島県,徳島市,有限会社エイブルフーズ,小売業,食料品,5%
徳島県,徳島市,有限会社真和自動車 有 真和自動車,サービス,その他サービス,5%
徳島県,徳島市,有限会社松岡自動車 セラピット店,サービス,その他サービス,5%
徳島県,徳島市,有限会社丸新旅館,サービス,宿泊業,5%
徳島県,徳島市,有限会社八木塗料店,小売業,その他小売,5%
徳島県,徳島市,（有）四宮かまぼこ店,小売業,食料品,5%
徳島県,徳島市,ＹＯＵ ＳＨＯＰ 千松 ＹＯＵ ＳＨＯＰ 千松,小売業,その他小売,5%
徳島県,徳島市,友禅,サービス,飲食業,5%
徳島県,徳島市,ユーティリティ ユーティリティ,小売業,電化製品,5%
徳島県,徳島市,ユートピア 春日店,小売業,その他小売,5%
徳島県,徳島市,ゆたか屋,サービス,飲食業,5%
徳島県,徳島市,吉野モータース 有 吉野モータース,サービス,その他サービス,5%
徳島県,徳島市,株式会社米庄 各種冷凍食品,小売業,食料品,5%
徳島県,徳島市,ライフスタイルストアｈｏｕｓｅ,小売業,家具・調度品,5%
徳島県,徳島市,ライフプロデュースＴＡＧ＋にしの,小売業,電化製品,5%
徳島県,徳島市,ｌｏｖｅＢａｂｙｔａＢＥＡＵＴＹ．,サービス,理容・美容業,5%
徳島県,徳島市,ＬｘｒｙＨｏｕｓｅ,サービス,その他サービス,5%
徳島県,徳島市,Ｒａｋｕｎｉｋａｌ,サービス,その他サービス,5%
徳島県,徳島市,ランクレ徳島店,小売業,貴金属・服飾品,5%
徳島県,徳島市,ランチ カフェはる,サービス,飲食業,5%
徳島県,徳島市,リヴァージュテラス ブランアンジュ,サービス,その他サービス,5%
徳島県,徳島市,リオン,小売業,貴金属・服飾品,5%
徳島県,徳島市,ＬＩＸＩＬリフォームショップ 北島建設 徳島中央店,サービス,その他サービス,2%
徳島県,徳島市,ｒｅｋｏｋｋｏ【リコッコ】,サービス,その他サービス,5%
徳島県,徳島市,リデンテ,小売業,食料品,5%
徳島県,徳島市,リトルホット,サービス,理容・美容業,5%
徳島県,徳島市,リビング 東和,小売業,電化製品,5%
徳島県,徳島市,リビング東和,サービス,その他サービス,5%
徳島県,徳島市,リラクゼーションサロン リッカ,サービス,その他サービス,5%
徳島県,徳島市,ＲＵＮＡ,小売業,衣料品,5%
徳島県,徳島市,ｆｌｏｒａｃｉｏｎ,サービス,その他サービス,5%
徳島県,徳島市,Ｒｅｉｎｅ,サービス,理容・美容業,5%
徳島県,徳島市,Ｒｅ：ｃｒｅａ【レクリエ】,サービス,理容・美容業,5%
徳島県,徳島市,ＲＥＤ Ｂｏｓｓ,サービス,飲食業,5%
徳島県,徳島市,レンタルブティックＡＺ,サービス,その他サービス,5%
徳島県,徳島市,ＬＯＧＨＯＵＳＥＢＡＲＳＫＹ,サービス,飲食業,5%
徳島県,徳島市,ロワゾーブリュー沖浜店,小売業,食料品,5%
徳島県,徳島市,ワークショップアサヒ,小売業,衣料品,5%
徳島県,徳島市,ワイモバイル沖浜,小売業,電化製品,5%
徳島県,徳島市,ＯＮＥ ＨＡＩＲ ａｓｓｉｓｔ,サービス,理容・美容業,5%
徳島県,那賀町,相生店,小売業,その他小売,5%
徳島県,那賀町,相生ＳＳ,小売業,ガソリンスタンド,2%
徳島県,那賀町,阿波相生 ＳＳ,小売業,ガソリンスタンド,2%
徳島県,那賀町,宮崎商事株式会社 出原ＳＳ,小売業,ガソリンスタンド,2%
徳島県,那賀町,出原ＳＳ,小売業,ガソリンスタンド,2%
徳島県,那賀町,木沢 ＳＳ,小売業,ガソリンスタンド,2%
徳島県,那賀町,北川ＳＳ,小売業,ガソリンスタンド,2%
徳島県,那賀町,延野給油所,小売業,ガソリンスタンド,2%
徳島県,那賀町,花かげ,小売業,その他小売,5%
徳島県,鳴門市,ア・ラ・モード,小売業,衣料品,5%
徳島県,鳴門市,ａｔｅｌｉｅｒ ｋｕｃｃａ,サービス,理容・美容業,5%
徳島県,鳴門市,ＡＶＡＮパワーシティ鳴門店,小売業,衣料品,5%
徳島県,鳴門市,池田時計店 鳴門店,小売業,貴金属・服飾品,5%
徳島県,鳴門市,イセヤリゾート鳴門,サービス,その他サービス,5%
徳島県,鳴門市,ｉｔ’ｓ花由 ルネッサンス店,小売業,その他小売,5%
徳島県,鳴門市,ウィッティひかり,小売業,電化製品,5%
徳島県,鳴門市,ａｕショップ鳴門,小売業,電化製品,5%
徳島県,鳴門市,ＥｎｅＪｅｔ鳴門中央ＳＳ,小売業,ガソリンスタンド,2%
徳島県,鳴門市,Ｍ＆Ｍ リカー,小売業,食料品,5%
徳島県,鳴門市,Ｍ＆Ｍマルナカマート,小売業,食料品,5%
徳島県,鳴門市,Ｌ ｍｎｄ エルムンド,小売業,食料品,5%
徳島県,鳴門市,大麻 ＳＳ,小売業,ガソリンスタンド,2%
徳島県,鳴門市,大谷焼窯元大西陶器,小売業,その他小売,5%
徳島県,鳴門市,大谷焼窯元 田村陶芸,サービス,その他サービス,5%
徳島県,鳴門市,大津給油所,小売業,ガソリンスタンド,2%
徳島県,鳴門市,おがた商店,小売業,食料品,5%
徳島県,鳴門市,株式会社大谷荘 国民宿舎大谷荘,サービス,宿泊業,5%
徳島県,鳴門市,株式会社黒濱,小売業,食料品,5%
徳島県,鳴門市,株式会社中外自動車,サービス,その他サービス,5%
徳島県,鳴門市,菓舗ふくおか,小売業,食料品,5%
徳島県,鳴門市,窯元 森陶器 大谷焼窯元 森陶器,サービス,その他サービス,5%
徳島県,鳴門市,カルテット松前,小売業,電化製品,5%
徳島県,鳴門市,カレーハウスＣｏＣｏ壱番屋鳴門黒崎店,サービス,飲食業,2%
徳島県,鳴門市,川上電器,小売業,電化製品,5%
徳島県,鳴門市,川上電器中央店,小売業,電化製品,5%
徳島県,鳴門市,北灘給油所,小売業,ガソリンスタンド,2%
徳島県,鳴門市,漁協食堂うずしお,サービス,飲食業,5%
徳島県,鳴門市,黒崎楽器鳴門店,小売業,その他小売,5%
徳島県,鳴門市,桑地屋 桑地屋,小売業,食料品,5%
徳島県,鳴門市,サーフショップ ラスティック,小売業,その他小売,5%
徳島県,鳴門市,ＣｙｃｌｅＳｐａｃｅ ＵＺＵ,サービス,その他サービス,5%
徳島県,鳴門市,ジェラテリア スプンティーノ,小売業,食料品,5%
徳島県,鳴門市,松竹堂,小売業,その他小売,5%
徳島県,鳴門市,ズッファ プロースト！,サービス,飲食業,5%
徳島県,鳴門市,カブシキガイシャスペースアート,サービス,理容・美容業,5%
徳島県,鳴門市,セルフ鳴門ＳＳ,小売業,ガソリンスタンド,2%
徳島県,鳴門市,ソフトバンク 鳴門,小売業,その他小売,2%
徳島県,鳴門市,鯛丸海月,サービス,宿泊業,5%
徳島県,鳴門市,つるや ハローズ鳴門モール店,小売業,衣料品,5%
徳島県,鳴門市,ＴｏｔａｌＢｅａｕｔｙＭＯＭＯＫＯ,サービス,その他サービス,2%
徳島県,鳴門市,渡川,小売業,貴金属・服飾品,5%
徳島県,鳴門市,徳島ダイハツモータース鳴門店,小売業,その他小売,5%
徳島県,鳴門市,徳島トヨタ自動車鳴門店,小売業,その他小売,5%
徳島県,鳴門市,徳島トヨペット鳴門営業所,小売業,その他小売,5%
徳島県,鳴門市,トヨタカローラ徳島鳴門店,小売業,その他小売,5%
徳島県,鳴門市,豊田商店,小売業,食料品,5%
徳島県,鳴門市,トヨタレンタリース東四国鳴門店,サービス,その他サービス,2%
徳島県,鳴門市,鳴門インターＳＳ,小売業,ガソリンスタンド,2%
徳島県,鳴門市,セブン－イレブン鳴門大代店,小売業,食料品,2%
徳島県,鳴門市,鳴門海月別亭 シーサイドホテル鯛丸海月,サービス,宿泊業,5%
徳島県,鳴門市,鳴門グランドホテル,サービス,宿泊業,5%
徳島県,鳴門市,鳴門グランドホテル海月,サービス,宿泊業,5%
徳島県,鳴門市,鳴門しおかぜＳＳ,小売業,ガソリンスタンド,2%
徳島県,鳴門市,鳴門潮崎温泉 ベイリゾートホテル 鳴門海月,サービス,宿泊業,5%
徳島県,鳴門市,なると物産館,小売業,その他小売,5%
徳島県,鳴門市,肉問屋じゅわっち,サービス,飲食業,5%
徳島県,鳴門市,ハタダ鳴門店,小売業,食料品,5%
徳島県,鳴門市,はん大丸,小売業,その他小売,5%
徳島県,鳴門市,板東 ＳＳ,小売業,ガソリンスタンド,2%
徳島県,鳴門市,ひかりや パワーシティー鳴門店,サービス,飲食業,5%
徳島県,鳴門市,株式会社メイクス,サービス,理容・美容業,5%
徳島県,鳴門市,ひかりやワイワイプラザ本店,小売業,その他小売,5%
徳島県,鳴門市,ビジネスホテル鳴門,サービス,宿泊業,5%
徳島県,鳴門市,ビューティハウス ぱふ,小売業,その他小売,5%
徳島県,鳴門市,美容室Ｙｕｕの部屋,サービス,理容・美容業,5%
徳島県,鳴門市,ファッションハウス マツカ,小売業,衣料品,5%
徳島県,鳴門市,フルーツガーデンやまがた,サービス,その他サービス,5%
徳島県,鳴門市,Ｈａｉｒ ａｒｔ ＴｉａＲａ,サービス,理容・美容業,5%
徳島県,鳴門市,ベイリゾートホテル 鳴門海月,サービス,宿泊業,5%
徳島県,鳴門市,ｖｅｒｙーｖｅｒｙ美容室,サービス,理容・美容業,5%
徳島県,鳴門市,ＨＯＴＥＬＧＡＴＥ８８,サービス,宿泊業,5%
徳島県,鳴門市,ホテルファーストシーズン,サービス,宿泊業,5%
徳島県,鳴門市,ホテルリッジ,サービス,宿泊業,5%
徳島県,鳴門市,堀江ＳＳ,小売業,ガソリンスタンド,2%
徳島県,鳴門市,マクドナルド２８号鳴門店,サービス,飲食業,2%
徳島県,鳴門市,海山恵家なるみ丸,小売業,その他小売,5%
徳島県,鳴門市,宮脇書店 鳴門店,小売業,書籍・玩具・音楽ＣＤ,5%
徳島県,鳴門市,メガネ池田 鳴門店,小売業,貴金属・服飾品,5%
徳島県,鳴門市,メガネ本舗 鳴門店,小売業,その他小売,5%
徳島県,鳴門市,ヤマデン,小売業,電化製品,5%
徳島県,鳴門市,ヤマデン大麻店,小売業,電化製品,5%
徳島県,鳴門市,ヨシイ時計店,小売業,貴金属・服飾品,5%
徳島県,鳴門市,ライフプロデュースＴＡＧ＋イマデ,小売業,電化製品,5%
徳島県,鳴門市,ライフプロデュースＴＡＧ＋さいとう,小売業,電化製品,5%
徳島県,鳴門市,ライフプロデュースＴＡＧ＋なみき,小売業,電化製品,5%
徳島県,鳴門市,ライフプロデュースＴＡＧ＋みい,小売業,電化製品,5%
徳島県,鳴門市,ライフプロデュースＴＡＧ＋ヤマシン,小売業,電化製品,5%
徳島県,鳴門市,ライフプロデュースＴＡＧ＋よしだ,小売業,電化製品,5%
徳島県,鳴門市,ラスティックサーフショップ,小売業,その他小売,5%
徳島県,鳴門市,ｒＡｔｉｏ?ｉｓｍ?【ラティオ】,サービス,理容・美容業,5%
徳島県,鳴門市,リサホリスティックセラピー,サービス,理容・美容業,5%
徳島県,鳴門市,リゾートホテル モアナコースト,サービス,宿泊業,5%
徳島県,鳴門市,旅館公園水野,サービス,宿泊業,5%
徳島県,鳴門市,ワキ薬局,小売業,その他小売,5%
徳島県,鳴門市,和処とみます,サービス,飲食業,5%
徳島県,東みよし町,江口 ＳＳ,小売業,ガソリンスタンド,2%
徳島県,東みよし町,割烹料理ふぐ処味喜,サービス,飲食業,5%
徳島県,東みよし町,株式会社みかも 三加茂ＳＳ セルフ,小売業,ガソリンスタンド,2%
徳島県,東みよし町,川原プロパン有限会社 川原プロパン有限会社,サービス,その他サービス,5%
徳島県,東みよし町,中華料理 菊花楼,サービス,飲食業,5%
徳島県,東みよし町,セブンーイレブン徳島道吉野川ＳＡ下り店,小売業,食料品,2%
徳島県,東みよし町,徳島トヨタ自動車三加茂店,小売業,その他小売,5%
徳島県,東みよし町,徳島トヨペット三加茂営業所,小売業,その他小売,5%
徳島県,東みよし町,ハタダ三加茂店,小売業,食料品,5%
徳島県,東みよし町,セブンーイレブン東みよし町加茂店,小売業,食料品,2%
徳島県,東みよし町,昼間給油所,小売業,ガソリンスタンド,2%
徳島県,東みよし町,ヘアーサロンオアシス,サービス,理容・美容業,5%
徳島県,東みよし町,ヘアーサロンオアシス,サービス,理容・美容業,5%
徳島県,東みよし町,三加茂 ＳＳ,小売業,ガソリンスタンド,2%
徳島県,東みよし町,三加茂ＳＳ,小売業,ガソリンスタンド,2%
徳島県,東みよし町,みかも喫茶,サービス,飲食業,5%
徳島県,東みよし町,美濃田 ＳＳ,小売業,ガソリンスタンド,2%
徳島県,東みよし町,美濃田の淵キャンプ村,サービス,宿泊業,5%
徳島県,東みよし町,焼肉うえの加茂店,サービス,飲食業,5%
徳島県,松茂町,イセヤイン徳島,サービス,その他サービス,5%
徳島県,松茂町,一休庵たかた,サービス,飲食業,5%
徳島県,松茂町,いはら釣具,小売業,その他小売,5%
徳島県,松茂町,Ｗａｙ ｔｏ Ａｓｉａ,小売業,その他小売,5%
徳島県,松茂町,オートステーションセルフ空港,小売業,ガソリンスタンド,2%
徳島県,松茂町,オリックスレンタカー徳島空港店,サービス,その他サービス,2%
徳島県,松茂町,株式会社バンナイズ,小売業,その他小売,5%
徳島県,松茂町,カレーハウスＣｏＣｏ壱番屋徳島松茂店,サービス,飲食業,2%
徳島県,松茂町,すたみな太郎 徳島松茂店,サービス,飲食業,5%
徳島県,松茂町,セルフ松茂ＳＳ,小売業,ガソリンスタンド,2%
徳島県,松茂町,天山閣 松茂店,サービス,飲食業,5%
徳島県,松茂町,徳島あいぐら,小売業,家具・調度品,5%
徳島県,松茂町,徳島空港前 ＳＳ,小売業,ガソリンスタンド,2%
徳島県,松茂町,徳島日野自動車株式会社,小売業,その他小売,5%
徳島県,松茂町,トヨタレンタリース東四国徳島阿波おどり空港店,サービス,その他サービス,2%
徳島県,松茂町,ネッツトヨタ徳島空港店,小売業,その他小売,5%
徳島県,松茂町,バンナイズ,小売業,貴金属・服飾品,5%
徳島県,松茂町,広島 ＳＳ,小売業,ガソリンスタンド,2%
徳島県,松茂町,風雅庭,サービス,飲食業,5%
徳島県,松茂町,松茂給油所,小売業,ガソリンスタンド,2%
徳島県,松茂町,松茂バイパス給油所,小売業,ガソリンスタンド,2%
徳島県,松茂町,セブン－イレブン松茂広島店,小売業,食料品,2%
徳島県,松茂町,焼肉ＲＯＡＳＴ,サービス,飲食業,5%
徳島県,美波町,出光日和佐ＳＳ,小売業,ガソリンスタンド,2%
徳島県,美波町,うみの,サービス,その他サービス,5%
徳島県,美波町,日和佐給油所,小売業,ガソリンスタンド,2%
徳島県,美波町,フードショップ みなみ,小売業,その他小売,5%
徳島県,美波町,フ―ドセンタ― いずみ,小売業,その他小売,5%
徳島県,美波町,フレッシュフーズオオキタ日和佐店,小売業,食料品,5%
徳島県,美波町,ホテル白い燈台,サービス,宿泊業,5%
徳島県,美馬市,ＡＤＬＩＶ,サービス,宿泊業,5%
徳島県,美馬市,穴吹 ＳＳ,小売業,ガソリンスタンド,2%
徳島県,美馬市,穴吹 ＳＳ,小売業,ガソリンスタンド,2%
徳島県,美馬市,井川薬舗 井川薬舗,小売業,その他小売,5%
徳島県,美馬市,池田時計店 脇町店,小売業,貴金属・服飾品,5%
徳島県,美馬市,一番亭脇町店,サービス,飲食業,5%
徳島県,美馬市,出光脇町西ＳＳ,小売業,ガソリンスタンド,2%
徳島県,美馬市,フォトアート・コジマ,サービス,その他サービス,5%
徳島県,美馬市,口山ＳＳ,小売業,ガソリンスタンド,2%
徳島県,美馬市,剣山石油 本社,小売業,ガソリンスタンド,2%
徳島県,美馬市,コスメティックハウス 逢坂,小売業,その他小売,5%
徳島県,美馬市,重清ＳＳ,小売業,ガソリンスタンド,2%
徳島県,美馬市,シマカワ電器,小売業,電化製品,5%
徳島県,美馬市,曽江給油所,小売業,ガソリンスタンド,2%
徳島県,美馬市,ソフトバンク 脇町,小売業,その他小売,2%
徳島県,美馬市,カメラのタムラ 脇町本店,小売業,電化製品,5%
徳島県,美馬市,中央電器,小売業,電化製品,5%
徳島県,美馬市,天山閣 脇町店,サービス,飲食業,5%
徳島県,美馬市,徳島ダイハツモータース脇町店,小売業,その他小売,5%
徳島県,美馬市,徳島トヨタ自動車脇町店,小売業,その他小売,5%
徳島県,美馬市,ＴＯＭＯ,小売業,衣料品,5%
徳島県,美馬市,トレンディ脇町,小売業,ガソリンスタンド,2%
徳島県,美馬市,ネッツトヨタ徳島脇町店,小売業,その他小売,5%
徳島県,美馬市,萩の庵,小売業,家具・調度品,5%
徳島県,美馬市,ハタダ脇町店,小売業,食料品,5%
徳島県,美馬市,フードショップふじむら,小売業,その他小売,5%
徳島県,美馬市,ブルーヴィラあなぶき,サービス,宿泊業,5%
徳島県,美馬市,ヘアーショップ ｃｏｕｓｃｏｕｓ,サービス,理容・美容業,5%
徳島県,美馬市,ＨａｉｒＳａｌｏｎ ＬＯＶＥ,サービス,理容・美容業,5%
徳島県,美馬市,北條文具店,小売業,その他小売,5%
徳島県,美馬市,マクドナルド徳島脇町店,サービス,飲食業,2%
徳島県,美馬市,まるざ竹庵,サービス,飲食業,5%
徳島県,美馬市,マルナカツーリスト脇町営業所,サービス,その他サービス,5%
徳島県,美馬市,マンモスバーグ 脇町店,サービス,飲食業,5%
徳島県,美馬市,美馬北 ＳＳ,小売業,ガソリンスタンド,2%
徳島県,美馬市,セブン－イレブン美馬市穴吹町店,小売業,食料品,2%
徳島県,美馬市,セブン－イレブン美馬市美馬店,小売業,食料品,2%
徳島県,美馬市,セブン－イレブン美馬市脇町郡里店,小売業,食料品,2%
徳島県,美馬市,セブン－イレブン美馬市脇町店,小売業,食料品,2%
徳島県,美馬市,美馬東 ＳＳ,小売業,ガソリンスタンド,2%
徳島県,美馬市,宮脇書店 マルナカ脇町店,小売業,書籍・玩具・音楽ＣＤ,5%
徳島県,美馬市,メガネ本舗 脇町店,小売業,その他小売,5%
徳島県,美馬市,森邸?Ｃａｆｅ?,サービス,飲食業,5%
徳島県,美馬市,有限会社 大野屋,小売業,衣料品,5%
徳島県,美馬市,有限会社ネオプレス,サービス,その他サービス,5%
徳島県,美馬市,ライフプロデュースＴＡＧ＋坂本,小売業,電化製品,5%
徳島県,美馬市,脇町 ＳＳ,小売業,ガソリンスタンド,2%
徳島県,美馬市,脇町ＳＳ,小売業,ガソリンスタンド,2%
徳島県,三好市,阿波池田 ＳＳ,小売業,ガソリンスタンド,2%
徳島県,三好市,池田温泉 池田温泉,サービス,その他サービス,5%
徳島県,三好市,池田給油所,小売業,ガソリンスタンド,2%
徳島県,三好市,居酒屋 大川,サービス,飲食業,5%
徳島県,三好市,居酒家ごち,サービス,飲食業,5%
徳島県,三好市,祖谷 ＳＳ,小売業,ガソリンスタンド,2%
徳島県,三好市,祖谷渓温泉 ホテル秘境の湯,サービス,宿泊業,5%
徳島県,三好市,いやしの温泉郷,サービス,宿泊業,5%
徳島県,三好市,上野写真館,サービス,その他サービス,5%
徳島県,三好市,エフワンタケウチ,小売業,衣料品,5%
徳島県,三好市,ＯＡＳ,サービス,その他サービス,5%
徳島県,三好市,大歩危温泉 サンリバー大歩危,サービス,宿泊業,5%
徳島県,三好市,かずら橋ＳＳ,小売業,ガソリンスタンド,2%
徳島県,三好市,かずら橋 夢舞台,小売業,食料品,5%
徳島県,三好市,キャンパスショップ ブラッキー,小売業,衣料品,5%
徳島県,三好市,峡谷の湯宿 大歩危峡まんなか,サービス,宿泊業,5%
徳島県,三好市,さかなやデザイン,サービス,その他サービス,5%
徳島県,三好市,佐馬地 ＳＳ,小売業,ガソリンスタンド,2%
徳島県,三好市,サンシャイン 池田店,小売業,食料品,5%
徳島県,三好市,サンリバー大歩危,サービス,宿泊業,5%
徳島県,三好市,新祖谷温泉ホテルかずら橋,サービス,宿泊業,5%
徳島県,三好市,大川,サービス,飲食業,5%
徳島県,三好市,タムラ三光堂,小売業,電化製品,5%
徳島県,三好市,ちいおり,サービス,宿泊業,5%
徳島県,三好市,ちいおり落合受付,サービス,宿泊業,5%
徳島県,三好市,手打ちうどん さぬきや,サービス,飲食業,5%
徳島県,三好市,桃源郷祖谷の山里,サービス,宿泊業,5%
徳島県,三好市,徳島ダイハツモータース池田店,小売業,その他小売,5%
徳島県,三好市,トヨタカローラ徳島池田店,小売業,その他小売,5%
徳島県,三好市,和の宿 ホテル祖谷温泉,サービス,宿泊業,5%
徳島県,三好市,和の宿 ホテル祖谷温泉,サービス,宿泊業,5%
徳島県,三好市,白地温泉 小西旅館,サービス,宿泊業,5%
徳島県,三好市,ビジネスホテルヤマシロ,サービス,宿泊業,5%
徳島県,三好市,フ－ドセンタ－ かわかみ,小売業,その他小売,5%
徳島県,三好市,歩危マ－ト,小売業,その他小売,5%
徳島県,三好市,ホテル 祖谷温泉,サービス,宿泊業,5%
徳島県,三好市,三野ＳＳ,小売業,ガソリンスタンド,2%
徳島県,三好市,三野自動車有限会社,サービス,その他サービス,5%
徳島県,三好市,セブンーイレブン三好井川町店,小売業,食料品,2%
徳島県,三好市,セブンーイレブン三好池田町ウエノ店,小売業,食料品,2%
徳島県,三好市,セブン－イレブン三好池田町サラダ店,小売業,食料品,2%
徳島県,三好市,セブン－イレブン三好三野町店,小売業,食料品,2%
徳島県,三好市,山城ＳＳ,小売業,ガソリンスタンド,2%
徳島県,三好市,ユートピア ふみや,小売業,その他小売,5%
徳島県,三好市,レストラン大歩危峡まんなか,小売業,その他小売,5%
徳島県,三好市,わき宝石,小売業,衣料品,5%
徳島県,牟岐町,アヴァンアージュ,小売業,衣料品,5%
徳島県,牟岐町,アヴァンアージュ,小売業,衣料品,5%
徳島県,牟岐町,亜梨巣 喫茶 亜梨巣,サービス,飲食業,5%
徳島県,牟岐町,上村商店 うえむら,小売業,食料品,5%
徳島県,牟岐町,エストマーケット,小売業,その他小売,5%
徳島県,牟岐町,オオキタ ポルト牟岐店,小売業,食料品,5%
徳島県,牟岐町,おしゃれパーク こんどう こんどう,小売業,衣料品,5%
徳島県,牟岐町,セブン－イレブン海部牟岐町店,小売業,食料品,2%
徳島県,牟岐町,ドコモショップ牟岐店,小売業,その他小売,5%
徳島県,牟岐町,フレッシュフーズオオキタポルト牟岐店,小売業,食料品,5%
徳島県,牟岐町,ベーカリーＨＯＲＡＩ ポルト店,サービス,その他サービス,5%
徳島県,牟岐町,牟岐 ＳＳ,小売業,ガソリンスタンド,2%
徳島県,吉野川市,出光鴨島ＳＳ,小売業,ガソリンスタンド,2%
徳島県,吉野川市,おいし工房 おいし工房,小売業,食料品,5%
徳島県,吉野川市,業務用食品スーパーサントス鴨島店,小売業,食料品,5%
徳島県,吉野川市,くどう美容室,サービス,理容・美容業,5%
徳島県,吉野川市,黒崎楽器鴨島店,小売業,その他小売,5%
徳島県,吉野川市,ゲストハウス チャンネルカン,サービス,宿泊業,5%
徳島県,吉野川市,コバック山川店,サービス,その他サービス,5%
徳島県,吉野川市,こんど 鴨島店,小売業,衣料品,5%
徳島県,吉野川市,サロン ユートピア,サービス,理容・美容業,5%
徳島県,吉野川市,スマホ堂 鴨島店,小売業,その他小売,5%
徳島県,吉野川市,スマホ堂鴨島店 スマホ堂鴨島店,小売業,その他小売,5%
徳島県,吉野川市,セルフステーション リオ・カモジマ,小売業,ガソリンスタンド,2%
徳島県,吉野川市,セルフステーション リオ・カワシマ,小売業,ガソリンスタンド,2%
徳島県,吉野川市,Ｄｉｎｉｎｇ ｂａｒ Ｄｉａｂｌｏ,サービス,飲食業,5%
徳島県,吉野川市,株式会社高橋ふとん店鴨島店,小売業,その他小売,5%
徳島県,吉野川市,天山閣 鴨島店,サービス,飲食業,5%
徳島県,吉野川市,ドーニ・デッラ・テーラ,サービス,飲食業,5%
徳島県,吉野川市,徳島トヨタ自動車鴨島店,小売業,その他小売,5%
徳島県,吉野川市,徳島トヨペット鴨島営業所,小売業,その他小売,5%
徳島県,吉野川市,トヨタカローラ徳島鴨島店,小売業,その他小売,5%
徳島県,吉野川市,ニッセンシェイプファンデサロン貴紀,小売業,衣料品,5%
徳島県,吉野川市,ネッツトヨタ徳島吉野川店,小売業,その他小売,5%
徳島県,吉野川市,ハタダ鴨島店,小売業,食料品,5%
徳島県,吉野川市,浜田美容室,サービス,理容・美容業,5%
徳島県,吉野川市,原田電機,小売業,電化製品,5%
徳島県,吉野川市,パワーシティ鴨島店,小売業,ガソリンスタンド,2%
徳島県,吉野川市,ビジネスホテルロードサイド,サービス,宿泊業,5%
徳島県,吉野川市,富士メガネ,小売業,貴金属・服飾品,5%
徳島県,吉野川市,ＢＯＯＫＯＦＦＰＬＵＳ鴨島,小売業,その他小売,2%
徳島県,吉野川市,フラワーマーケット 花由 鴨島店,小売業,その他小売,5%
徳島県,吉野川市,Ｐｒｉｎｃｅｓｓ,サービス,その他サービス,5%
徳島県,吉野川市,ｈａｉｒ ＆ ｅｙｅ Ｌａｔｔｅ,サービス,理容・美容業,5%
徳島県,吉野川市,ｂｏｔａｎ ?ｈａｉｒ ｃｒｅａｔｉｏｎ?,サービス,理容・美容業,5%
徳島県,吉野川市,マクドナルド１９２鴨島店,サービス,飲食業,2%
徳島県,吉野川市,マッドラウトモーターサイクル,小売業,その他小売,5%
徳島県,吉野川市,三橋モータース,サービス,その他サービス,5%
徳島県,吉野川市,宮脇書店 鴨島店,小売業,書籍・玩具・音楽ＣＤ,5%
徳島県,吉野川市,ＭＯＯＮ ｂｙ ｌａｎｉ,サービス,理容・美容業,5%
徳島県,吉野川市,村田商店,小売業,食料品,5%
徳島県,吉野川市,メガネ本舗 鴨島店,小売業,貴金属・服飾品,5%
徳島県,吉野川市,山川 ＳＳ,小売業,ガソリンスタンド,2%
徳島県,吉野川市,セブン－イレブン吉野川鴨島町絵馬堂店,小売業,食料品,2%
徳島県,吉野川市,セブン－イレブン吉野川鴨島町麻植塚店,小売業,食料品,2%
徳島県,吉野川市,セブン－イレブン吉野川鴨島町喜来店,小売業,食料品,2%
徳島県,吉野川市,セブン－イレブン吉野川山川町店,小売業,食料品,2%
徳島県,吉野川市,リオ・ヤマカワ給油所,小売業,ガソリンスタンド,2%
徳島県,吉野川市,綿摘み陶房,サービス,その他サービス,5%
