宮崎県,綾町,セブン－イレブン綾入野店,小売業,食料品,2%
宮崎県,綾町,綾東ＳＳ,小売業,ガソリンスタンド,2%
宮崎県,綾町,綾ふれあい館,小売業,家具・調度品,5%
宮崎県,綾町,ｃａｆｅ＆ｚａｋｋａｎｉｃｏｌ,サービス,飲食業,5%
宮崎県,綾町,蔵元綾 酒泉の杜,サービス,その他サービス,5%
宮崎県,綾町,くるりカフェ,サービス,飲食業,5%
宮崎県,綾町,宙藍工房,小売業,衣料品,5%
宮崎県,綾町,旅する美容室,サービス,理容・美容業,5%
宮崎県,綾町,株式会社 ツバメガス宮崎,小売業,その他小売,5%
宮崎県,綾町,手しごと屋一福,サービス,その他サービス,5%
宮崎県,綾町,焼肉 味正,サービス,飲食業,5%
宮崎県,えびの市,明石酒造株式会社,小売業,食料品,5%
宮崎県,えびの市,飯野ＳＳ,小売業,ガソリンスタンド,2%
宮崎県,えびの市,飯野ＳＳ,小売業,ガソリンスタンド,2%
宮崎県,えびの市,居心家 ＧＥＮ,サービス,飲食業,5%
宮崎県,えびの市,居酒や 輝星,サービス,飲食業,5%
宮崎県,えびの市,いその家 ハマダイニング,サービス,飲食業,5%
宮崎県,えびの市,上江ＳＳ,小売業,ガソリンスタンド,2%
宮崎県,えびの市,えびのＳＳ,小売業,ガソリンスタンド,2%
宮崎県,えびの市,セブンーイレブンえびの飯野店,小売業,食料品,2%
宮崎県,えびの市,えびのインターＳＳ,小売業,ガソリンスタンド,2%
宮崎県,えびの市,セブンーイレブンえびの京町温泉店,小売業,食料品,2%
宮崎県,えびの市,ｃａｆｅＰｅＰｅ,サービス,飲食業,5%
宮崎県,えびの市,株式会社稲村自動車整備工場,サービス,その他サービス,5%
宮崎県,えびの市,川野鮮魚店 鮮味,サービス,飲食業,5%
宮崎県,えびの市,京町ＳＳ,小売業,ガソリンスタンド,2%
宮崎県,えびの市,京町観光ホテル,サービス,宿泊業,5%
宮崎県,えびの市,クリーニングショップかしわぎ,サービス,その他サービス,5%
宮崎県,えびの市,光学堂 プラッセだいわえびの店,小売業,貴金属・服飾品,5%
宮崎県,えびの市,セルフえびのインターＳＳ,小売業,ガソリンスタンド,2%
宮崎県,えびの市,ナンキュウ えびの営業所,小売業,その他小売,5%
宮崎県,えびの市,東商会 加久藤ＳＳ,小売業,ガソリンスタンド,2%
宮崎県,えびの市,美容室ＲｉｚＨＡＩＲ,サービス,理容・美容業,5%
宮崎県,えびの市,プラッセだいわえびの店,小売業,食料品,5%
宮崎県,えびの市,明林堂書店えびの店,小売業,その他小売,5%
宮崎県,えびの市,理容ひらやま,サービス,理容・美容業,5%
宮崎県,えびの市,旅館あけぼの荘,サービス,宿泊業,5%
宮崎県,えびの市,旅館伊藤,サービス,宿泊業,5%
宮崎県,門川町,ＡＬＰＨＡ 総合衣料ＡＬＰＨＡ,小売業,衣料品,5%
宮崎県,門川町,加草ＳＳ,小売業,ガソリンスタンド,2%
宮崎県,門川町,門川ＳＳ,小売業,ガソリンスタンド,2%
宮崎県,門川町,セブン－イレブン門川尾末店,小売業,食料品,2%
宮崎県,門川町,サンシールさの,小売業,食料品,5%
宮崎県,門川町,有限会社 車輪館,小売業,その他小売,5%
宮崎県,門川町,すいか書道教室,サービス,その他サービス,5%
宮崎県,門川町,スズキオートＫＵＲＯＫＩＹＡ,サービス,その他サービス,5%
宮崎県,門川町,ダイボ石材店 門川展示場,サービス,その他サービス,5%
宮崎県,門川町,ドッグショップアルテミス,小売業,その他小売,5%
宮崎県,門川町,ｆｏｏｔ ＰＡＬ フットパル,小売業,衣料品,5%
宮崎県,門川町,ホームセンター ハローズ,小売業,その他小売,5%
宮崎県,門川町,安田薬局 Ｃｏ ＳＴＲＡＷＢＥＲＲＹ ＳＷｉＴＣＨ ＢＬＡＤＥ Ｃａｆｅ,小売業,その他小売,5%
宮崎県,門川町,山本石油 油外商品,小売業,ガソリンスタンド,2%
宮崎県,門川町,Ｌｉｂｅｒｔｙ,サービス,理容・美容業,5%
宮崎県,川南町,アワノ電器,小売業,電化製品,5%
宮崎県,川南町,ａｕショップ川南,小売業,電化製品,5%
宮崎県,川南町,大塚園,小売業,食料品,5%
宮崎県,川南町,カーショップコパン,小売業,その他小売,5%
宮崎県,川南町,川南塩付ＳＳ,小売業,ガソリンスタンド,2%
宮崎県,川南町,セブン－イレブン川南トロントロン店,小売業,食料品,2%
宮崎県,川南町,セブン－イレブン川南名貫店,小売業,食料品,2%
宮崎県,川南町,黒木電器商会,小売業,電化製品,5%
宮崎県,川南町,ｓｍｏ君,サービス,飲食業,5%
宮崎県,川南町,セルフ川南ＳＳ,小売業,ガソリンスタンド,2%
宮崎県,川南町,パントリーけいすけ 川南店,小売業,食料品,5%
宮崎県,川南町,ファッション ナウ イマイ,小売業,衣料品,5%
宮崎県,川南町,有限会社 第一自動車整備工業,サービス,その他サービス,5%
宮崎県,木城町,セブンプラザ木城店,小売業,電化製品,5%
宮崎県,木城町,れんげや,サービス,飲食業,5%
宮崎県,木城町,Ｙ－ＳＴＹＬＥ,小売業,その他小売,5%
宮崎県,串間市,大乃屋,サービス,飲食業,5%
宮崎県,串間市,片平タイヤ工業所,小売業,その他小売,5%
宮崎県,串間市,カフェバーピンクココナッツ串間店,サービス,飲食業,5%
宮崎県,串間市,川畑かまぼこ店,小売業,食料品,5%
宮崎県,串間市,串間ＳＳ,小売業,ガソリンスタンド,2%
宮崎県,串間市,串間ＳＳ,小売業,ガソリンスタンド,2%
宮崎県,串間市,串間ＳＳ,小売業,ガソリンスタンド,2%
宮崎県,串間市,宮交タクシー 串間（営）,サービス,その他サービス,5%
宮崎県,串間市,セブン－イレブン串間上町店,小売業,食料品,2%
宮崎県,串間市,串間酒場わっしょい,サービス,飲食業,5%
宮崎県,串間市,セブン－イレブン串間本町店,小売業,食料品,2%
宮崎県,串間市,Ｋｓ．ｇａｒａｇｅ,小売業,その他小売,5%
宮崎県,串間市,サイカ屋,小売業,衣料品,5%
宮崎県,串間市,セブンプラザ串間店,小売業,電化製品,5%
宮崎県,串間市,だいぐち弁当 弁当だいぐち,サービス,飲食業,5%
宮崎県,串間市,太陽ゴム工業所,小売業,その他小売,5%
宮崎県,串間市,都井ＳＳ,小売業,ガソリンスタンド,2%
宮崎県,串間市,峠の茶屋 よちみろかい,小売業,その他小売,5%
宮崎県,串間市,トヨタカローラ宮崎串間店,小売業,その他小売,5%
宮崎県,串間市,西小路ＳＳ,小売業,ガソリンスタンド,2%
宮崎県,串間市,ネッツトヨタ宮崎串間店,小売業,その他小売,5%
宮崎県,串間市,ＢＡＲ Ｗ,サービス,飲食業,5%
宮崎県,串間市,ＨａｐｐｙＨｏｕｓｅ 酒のたけだ ＨａｐｐｙＨｏｕｓｅ酒のたけだ,小売業,食料品,5%
宮崎県,串間市,ホテル 中村荘,サービス,宿泊業,5%
宮崎県,国富町,アイトップ国富店,小売業,貴金属・服飾品,5%
宮崎県,国富町,宇都宮薬局,小売業,その他小売,5%
宮崎県,国富町,大田原給油所,小売業,ガソリンスタンド,2%
宮崎県,国富町,川越酒店 川越酒店,小売業,その他小売,5%
宮崎県,国富町,国富ＳＳ,小売業,ガソリンスタンド,2%
宮崎県,国富町,セブン－イレブン国富木脇店,小売業,食料品,2%
宮崎県,国富町,セブン－イレブン国富三名店,小売業,食料品,2%
宮崎県,国富町,国富ＳＳ,小売業,ガソリンスタンド,2%
宮崎県,国富町,グルービーヘアーＫ,サービス,理容・美容業,5%
宮崎県,国富町,紘洋堂,小売業,その他小売,5%
宮崎県,国富町,サンクールシステム 株式会社,サービス,その他サービス,5%
宮崎県,国富町,セブンプラザとりはら,小売業,電化製品,5%
宮崎県,国富町,華ぜん,サービス,飲食業,5%
宮崎県,国富町,ファッションランドタカヤマ国富店,小売業,衣料品,5%
宮崎県,国富町,ヘアーサロン Ｍｉｍｉ,サービス,理容・美容業,5%
宮崎県,国富町,宮崎ヤクルト販売 国富センター,小売業,食料品,5%
宮崎県,国富町,［ＨＣ］ライフヒラヤマ,小売業,電化製品,5%
宮崎県,五ヶ瀬町,鞍岡ＳＳ,小売業,ガソリンスタンド,2%
宮崎県,小林市,アントレ,サービス,飲食業,5%
宮崎県,小林市,カクイックスウィング 小林サテライト,小売業,その他小売,5%
宮崎県,小林市,株式会社コマツレンタル宮崎 小林店,サービス,その他サービス,5%
宮崎県,小林市,上町 ＳＳ,小売業,ガソリンスタンド,2%
宮崎県,小林市,カ－ライフ ＹｏｕＴｏｗｎ,小売業,その他小売,5%
宮崎県,小林市,希望の店 野尻店,小売業,その他小売,5%
宮崎県,小林市,クッチーナ マンマ デル ペッシェ,サービス,飲食業,5%
宮崎県,小林市,ＧＵＥＳＴ ＨＯＵＳＥ ＨＯＴＡＲＵ,サービス,宿泊業,5%
宮崎県,小林市,コインルーム,サービス,飲食業,5%
宮崎県,小林市,孝ノ子ＳＳ,小売業,ガソリンスタンド,2%
宮崎県,小林市,ＣＯＣＣＨＩ ｃａｆｅ,サービス,飲食業,5%
宮崎県,小林市,小林ＳＳ,小売業,ガソリンスタンド,2%
宮崎県,小林市,小林ＳＳ,小売業,ガソリンスタンド,2%
宮崎県,小林市,宮交タクシー 小林（営）,サービス,その他サービス,5%
宮崎県,小林市,セブン－イレブン小林上堤店,小売業,食料品,2%
宮崎県,小林市,小林市コワーキングスペース,サービス,その他サービス,5%
宮崎県,小林市,セブン－イレブン小林清涼台店,小売業,食料品,2%
宮崎県,小林市,小林西ＳＳ,小売業,ガソリンスタンド,2%
宮崎県,小林市,セブンーイレブン小林細野店,小売業,食料品,2%
宮崎県,小林市,迫間石油 野尻ＳＳ,小売業,ガソリンスタンド,2%
宮崎県,小林市,しまだＳＳ,小売業,ガソリンスタンド,2%
宮崎県,小林市,ショッピングさとう店,小売業,その他小売,5%
宮崎県,小林市,すき酒造販売場,小売業,食料品,5%
宮崎県,小林市,ステラ・ガス・ステーションＳＳ,小売業,ガソリンスタンド,2%
宮崎県,小林市,ｓｍｉｌｅｃｌｅａｎｃｏｍｐａｎｙ,サービス,その他サービス,5%
宮崎県,小林市,セルフステーション小林ＳＳ,小売業,ガソリンスタンド,2%
宮崎県,小林市,鮮ど市場小林店,小売業,食料品,5%
宮崎県,小林市,タチカワエンタープライズ,サービス,その他サービス,5%
宮崎県,小林市,東方ＳＳ,小売業,ガソリンスタンド,2%
宮崎県,小林市,トヨタカローラ宮崎小林店,小売業,その他小売,5%
宮崎県,小林市,トヨタレンタリース宮崎小林店,サービス,その他サービス,2%
宮崎県,小林市,トヨタレンタリース宮崎小林店,サービス,その他サービス,2%
宮崎県,小林市,ナンキュウ 小林営業所,小売業,その他小売,5%
宮崎県,小林市,ネッツトヨタヒムカ小林店,小売業,その他小売,5%
宮崎県,小林市,ネッツトヨタ宮崎小林店,小売業,その他小売,5%
宮崎県,小林市,のうらや,小売業,衣料品,5%
宮崎県,小林市,セブン－イレブン野尻栗須店,小売業,食料品,2%
宮崎県,小林市,セブン－イレブン野尻東麓店,小売業,食料品,2%
宮崎県,小林市,ビーライン 小林店,小売業,その他小売,5%
宮崎県,小林市,Ｂｉｓｔｒｏ Ｈｉｎａｔａ,サービス,飲食業,5%
宮崎県,小林市,ふきやま写真館,サービス,その他サービス,5%
宮崎県,小林市,プラッセだいわ小林店,小売業,食料品,5%
宮崎県,小林市,ヘアーサロンラッキー,サービス,理容・美容業,5%
宮崎県,小林市,ヘアーサロンフロムＴＫ,サービス,理容・美容業,5%
宮崎県,小林市,細野ＳＳ,小売業,ガソリンスタンド,2%
宮崎県,小林市,ホームセンター やまさき,小売業,その他小売,5%
宮崎県,小林市,本社,小売業,ガソリンスタンド,2%
宮崎県,小林市,本社,小売業,ガソリンスタンド,2%
宮崎県,小林市,マウンテン・ママ,小売業,衣料品,5%
宮崎県,小林市,宮崎トヨタ自動車小林店,小売業,その他小売,5%
宮崎県,小林市,明林堂書店小林店,小売業,その他小売,5%
宮崎県,小林市,［ＨＣ］（有）電化ショップこばや,小売業,電化製品,5%
宮崎県,小林市,有限会社豊味うどん 豊味うどん中央店,サービス,飲食業,5%
宮崎県,小林市,有限会社豊味うどん 豊味うどん高原店,サービス,飲食業,5%
宮崎県,小林市,Ｌｅｐａｎｊａｏ,小売業,衣料品,5%
宮崎県,西都市,アイジョウロックサービス 出張サービス,サービス,その他サービス,5%
宮崎県,西都市,あかのや,サービス,飲食業,5%
宮崎県,西都市,ウメコウジ西都店,小売業,食料品,5%
宮崎県,西都市,エスデザインアンドクラフト,小売業,書籍・玩具・音楽ＣＤ,5%
宮崎県,西都市,江戸長,サービス,飲食業,5%
宮崎県,西都市,ゑ比寿漢薬店,小売業,その他小売,5%
宮崎県,西都市,梶衣料品店,小売業,衣料品,5%
宮崎県,西都市,株式会社コマツレンタル宮崎 西都店,サービス,その他サービス,5%
宮崎県,西都市,株式会社西都いきいき市場,小売業,食料品,5%
宮崎県,西都市,宮交タクシー 西都（営）,サービス,その他サービス,5%
宮崎県,西都市,セブン－イレブン西都岡富店,小売業,食料品,2%
宮崎県,西都市,セブン－イレブン西都清水店,小売業,食料品,2%
宮崎県,西都市,西都中央ＳＳ,小売業,ガソリンスタンド,2%
宮崎県,西都市,セブン－イレブン西都調殿店,小売業,食料品,2%
宮崎県,西都市,セブン－イレブン西都右松店,小売業,食料品,2%
宮崎県,西都市,西都南ＳＳ,小売業,ガソリンスタンド,2%
宮崎県,西都市,Ｓａｌａ ｄｅ ｓｏ?ａｒ Ｓａｌａ ｄｅ ｓｏ?ａｒ,小売業,衣料品,5%
宮崎県,西都市,しゃちんぼ,サービス,飲食業,5%
宮崎県,西都市,シュガー,小売業,衣料品,5%
宮崎県,西都市,スマイルカンパニー,小売業,衣料品,5%
宮崎県,西都市,天のしずく,サービス,飲食業,5%
宮崎県,西都市,中山スポーツ店,小売業,その他小売,5%
宮崎県,西都市,パオ食鮮館クック,小売業,その他小売,5%
宮崎県,西都市,パオ食鮮館クック,小売業,食料品,5%
宮崎県,西都市,ファッションランドタカヤマ西都店,小売業,衣料品,5%
宮崎県,西都市,ぶっち＋プラス,小売業,衣料品,5%
宮崎県,西都市,Ｆｏｏｄ Ｂａｒ Ｏａｓｉｓ,サービス,飲食業,5%
宮崎県,西都市,マダムハウス西都店,小売業,衣料品,5%
宮崎県,西都市,ベルフェミン パオ,サービス,理容・美容業,5%
宮崎県,西都市,Ｍ２ファクトリー,サービス,その他サービス,5%
宮崎県,西都市,水野屋 西都本店,小売業,食料品,5%
宮崎県,西都市,三納ＳＳ,小売業,ガソリンスタンド,2%
宮崎県,西都市,三宅ＳＳ,小売業,ガソリンスタンド,2%
宮崎県,西都市,宮崎ヤクルト販売 西都センター,小売業,食料品,5%
宮崎県,西都市,明林堂書店西都店,小売業,その他小売,5%
宮崎県,西都市,メガネのトリハラ パオ店 メガネのトリハラ パオ店,小売業,貴金属・服飾品,5%
宮崎県,西都市,モンマート よしむら,小売業,食料品,5%
宮崎県,西都市,有限会社 黒木農園 黒木農園,小売業,その他小売,5%
宮崎県,西都市,有限会社 メガネのトリハラ 聖陵本店,小売業,その他小売,5%
宮崎県,西都市,スポーツハウス ミシマ,小売業,その他小売,5%
宮崎県,西都市,有限会社 ふくしげ印刷,小売業,その他小売,5%
宮崎県,西都市,有限会社ますや 寿司会席 ますや,サービス,飲食業,5%
宮崎県,西都市,レディスショップ フォーリーフ,小売業,衣料品,5%
宮崎県,椎葉村,椎葉ＳＳ,小売業,ガソリンスタンド,2%
宮崎県,椎葉村,椎葉ＳＳ,小売業,ガソリンスタンド,2%
宮崎県,椎葉村,椎葉信雄酒店,小売業,食料品,5%
宮崎県,椎葉村,中園本店 中園本店,小売業,食料品,5%
宮崎県,新富町,あしか あしか,サービス,飲食業,5%
宮崎県,新富町,有 石崎石油商会,小売業,ガソリンスタンド,2%
宮崎県,新富町,伊藤酒屋,サービス,飲食業,5%
宮崎県,新富町,金丸薬品,小売業,その他小売,5%
宮崎県,新富町,株式会社初音 カフェレストランＨａｔｕｎｅ,サービス,飲食業,5%
宮崎県,新富町,ごはんとカフェ７８,サービス,飲食業,5%
宮崎県,新富町,白ありの児湯消毒,サービス,その他サービス,5%
宮崎県,新富町,セブン－イレブン新富上富田店,小売業,食料品,2%
宮崎県,新富町,新富給油所,小売業,ガソリンスタンド,2%
宮崎県,新富町,しんとみネット株式会社,サービス,その他サービス,5%
宮崎県,新富町,セルフ新富ＳＳ,小売業,ガソリンスタンド,2%
宮崎県,新富町,たかがき書店,小売業,書籍・玩具・音楽ＣＤ,5%
宮崎県,新富町,富田新聞販売所,サービス,その他サービス,5%
宮崎県,新富町,ナガノヤ新富店,小売業,食料品,5%
宮崎県,新富町,花もめん,小売業,その他小売,5%
宮崎県,新富町,ビーライン 新富店,小売業,その他小売,5%
宮崎県,新富町,日置給油所,小売業,ガソリンスタンド,2%
宮崎県,新富町,一ツ瀬川県民スポーツセンター,サービス,その他サービス,5%
宮崎県,新富町,日の丸タクシー新富営業所 ５２３号車,サービス,運輸業,5%
宮崎県,新富町,日の丸タクシー新富営業所 ５２２号車,サービス,運輸業,5%
宮崎県,新富町,ビーライン 新富店,小売業,その他小売,5%
宮崎県,新富町,ファッションハマゾノ ファッションハマゾノ,小売業,衣料品,5%
宮崎県,新富町,有限会社斉田商事 斉田商事ガス,小売業,その他小売,5%
宮崎県,新富町,有限会社西都弘益社,サービス,その他サービス,5%
宮崎県,新富町,有限会社西都弘益社 西都弘益社斎場,サービス,その他サービス,5%
宮崎県,高千穂町,岩戸給油所,小売業,ガソリンスタンド,2%
宮崎県,高千穂町,雲海の宿 千木,サービス,宿泊業,5%
宮崎県,高千穂町,雲海橋ＳＳ,小売業,ガソリンスタンド,2%
宮崎県,高千穂町,株式会社コマツレンタル宮崎 高千穂店,サービス,その他サービス,5%
宮崎県,高千穂町,ゲストハウスいわと,サービス,その他サービス,5%
宮崎県,高千穂町,純和風旅館 神仙,サービス,宿泊業,5%
宮崎県,高千穂町,高千穂ＳＳ,小売業,ガソリンスタンド,2%
宮崎県,高千穂町,高千穂給油所,小売業,ガソリンスタンド,2%
宮崎県,高千穂町,高千穂離れの宿神隠れ,サービス,宿泊業,5%
宮崎県,高千穂町,千穂の家,小売業,その他小売,5%
宮崎県,高千穂町,でんかプラザさとう,小売業,電化製品,5%
宮崎県,高千穂町,でんかプラザたかちほ,小売業,電化製品,5%
宮崎県,高千穂町,でんかプラザミタイ,小売業,電化製品,5%
宮崎県,高千穂町,トヨタカローラ宮崎高千穂店,小売業,その他小売,5%
宮崎県,高千穂町,奈須スーパー,小売業,その他小売,5%
宮崎県,高千穂町,花旅館岩戸屋,サービス,宿泊業,5%
宮崎県,高千穂町,ふじのコーポレーション,サービス,宿泊業,5%
宮崎県,高千穂町,宮交タクシー 高千穂営業所,サービス,その他サービス,5%
宮崎県,高千穂町,宮交タクシー高千穂営業所,サービス,その他サービス,5%
宮崎県,高千穂町,宮崎ヤクルト販売 高千穂センター,小売業,食料品,5%
宮崎県,高千穂町,民宿天和,サービス,宿泊業,5%
宮崎県,高千穂町,民宿天和 民宿天和,サービス,宿泊業,5%
宮崎県,高千穂町,有限会社旅館大和屋,サービス,宿泊業,5%
宮崎県,高鍋町,ＵＰ英語教室,サービス,その他サービス,5%
宮崎県,高鍋町,居酒屋 一本気,サービス,飲食業,5%
宮崎県,高鍋町,井上模型,小売業,その他小売,5%
宮崎県,高鍋町,内田生花店,小売業,その他小売,5%
宮崎県,高鍋町,株式会社コマツレンタル宮崎 高鍋店,サービス,その他サービス,5%
宮崎県,高鍋町,［ＨＣ］株式会社高鍋電化センター,小売業,電化製品,5%
宮崎県,高鍋町,（株）樋渡自動車,サービス,その他サービス,5%
宮崎県,高鍋町,韓国料理テヤン,サービス,飲食業,5%
宮崎県,高鍋町,牛角高鍋店,サービス,飲食業,2%
宮崎県,高鍋町,靴のテヅカ 高鍋店,小売業,衣料品,5%
宮崎県,高鍋町,ＳＨＩＨＯ ＴＡＮＡＫＡ ＡＲＴ,小売業,家具・調度品,5%
宮崎県,高鍋町,新山いちご園,サービス,飲食業,5%
宮崎県,高鍋町,ｓｔｒｏｌｌｄｅｓｉｇｎ,サービス,その他サービス,5%
宮崎県,高鍋町,スナックゆめ,サービス,飲食業,5%
宮崎県,高鍋町,セブンプラザ高鍋店,小売業,電化製品,5%
宮崎県,高鍋町,セルフ南高鍋ＳＳ,小売業,ガソリンスタンド,2%
宮崎県,高鍋町,高鍋ＳＳ,小売業,ガソリンスタンド,2%
宮崎県,高鍋町,宮交タクシー 高鍋（営）,サービス,その他サービス,5%
宮崎県,高鍋町,高鍋北ＳＳ,小売業,ガソリンスタンド,2%
宮崎県,高鍋町,セブン－イレブン高鍋北高鍋店,小売業,食料品,2%
宮崎県,高鍋町,高鍋ゴム商会,小売業,その他小売,5%
宮崎県,高鍋町,高鍋第一ホテル,サービス,宿泊業,5%
宮崎県,高鍋町,高鍋東ＳＳ,小売業,ガソリンスタンド,2%
宮崎県,高鍋町,高鍋本店ＳＳ,小売業,ガソリンスタンド,2%
宮崎県,高鍋町,セブン－イレブン高鍋郵便局前店,小売業,食料品,2%
宮崎県,高鍋町,だっくす,小売業,食料品,5%
宮崎県,高鍋町,タナカ電器,小売業,電化製品,5%
宮崎県,高鍋町,つり具１０号線,小売業,その他小売,5%
宮崎県,高鍋町,テヅカ 高鍋店,小売業,衣料品,5%
宮崎県,高鍋町,ドコモショップ高鍋店,小売業,その他小売,5%
宮崎県,高鍋町,トヨタカローラ宮崎高鍋店,小売業,その他小売,5%
宮崎県,高鍋町,トヨタレンタリース宮崎 高鍋店,サービス,その他サービス,2%
宮崎県,高鍋町,ナガノヤ高鍋店,小売業,食料品,5%
宮崎県,高鍋町,西高鍋ＳＳ,小売業,ガソリンスタンド,2%
宮崎県,高鍋町,ネッツトヨタ宮崎高鍋店,小売業,その他小売,5%
宮崎県,高鍋町,［ＨＣ］則信電器,小売業,電化製品,5%
宮崎県,高鍋町,ヒコ オート,小売業,その他小売,5%
宮崎県,高鍋町,ビッグスポーツ平原,小売業,その他小売,5%
宮崎県,高鍋町,ＦＲＯＮＴＲＵＮＮＥＲＭＩＹＡＺＡＫＩ,小売業,その他小売,5%
宮崎県,高鍋町,Ｈａｉｒ ｔｒｉｐｌｅ ヘア トリプル,サービス,理容・美容業,5%
宮崎県,高鍋町,ｐｅｒｉｄｏｔ,小売業,衣料品,5%
宮崎県,高鍋町,ホテル四季亭,サービス,宿泊業,5%
宮崎県,高鍋町,本社,小売業,ガソリンスタンド,2%
宮崎県,高鍋町,マシェリ,小売業,衣料品,5%
宮崎県,高鍋町,ｍａｃｈｅｒｉｅ 高鍋店,小売業,衣料品,5%
宮崎県,高鍋町,宮崎トヨタ自動車高鍋店,小売業,その他小売,5%
宮崎県,高鍋町,宮崎ヤクルト販売 高鍋センター,小売業,食料品,5%
宮崎県,高鍋町,宮崎ヤクルト販売 児湯北センター,小売業,食料品,5%
宮崎県,高鍋町,村田靴店,小売業,衣料品,5%
宮崎県,高鍋町,メガネの明視堂,小売業,その他小売,5%
宮崎県,高鍋町,有限会社花いちもんめ 食楽酒房花いちもんめ,サービス,飲食業,5%
宮崎県,高原町,アロマ＆ヘアサロンプルメリア,サービス,理容・美容業,5%
宮崎県,高原町,希望の店 高原店,小売業,その他小売,5%
宮崎県,高原町,古賀高原ＳＳ,小売業,ガソリンスタンド,2%
宮崎県,高原町,なかぞの電器,小売業,電化製品,5%
宮崎県,高原町,ハタイ自然療法センター,小売業,その他小売,5%
宮崎県,都農町,カヤシマ 都農店,小売業,衣料品,5%
宮崎県,都農町,古民家れすとらん 三日月ＢＡＲ,サービス,飲食業,5%
宮崎県,都農町,サイクルショップカナマル,小売業,その他小売,5%
宮崎県,都農町,四季の味うたげ,サービス,飲食業,5%
宮崎県,都農町,ｃｈｏｕ．ｃｈｏｕ,小売業,衣料品,5%
宮崎県,都農町,セブンプラザ つの店,小売業,電化製品,5%
宮崎県,都農町,都農バイパスＳＳ,小売業,ガソリンスタンド,2%
宮崎県,都農町,寺原石油店,小売業,ガソリンスタンド,2%
宮崎県,都農町,日幸刺繍,小売業,衣料品,5%
宮崎県,都農町,花みず木,小売業,衣料品,5%
宮崎県,都農町,パントリーけいすけ 都農店,小売業,食料品,5%
宮崎県,都農町,道の駅「つの」,小売業,家具・調度品,5%
宮崎県,日南市,Ａｚ Ａｚ,サービス,飲食業,5%
宮崎県,日南市,カクイックスウィング 日南オフィス,小売業,その他小売,5%
宮崎県,日南市,株式会社コマツレンタル宮崎 日南店,サービス,その他サービス,5%
宮崎県,日南市,株式会社サンネット あらかるた 日南店,小売業,その他小売,5%
宮崎県,日南市,株式会社 原金物店 ギャラリーはら,小売業,その他小売,5%
宮崎県,日南市,北郷ＳＳ,小売業,ガソリンスタンド,2%
宮崎県,日南市,セブン－イレブン北郷郷之原店,小売業,食料品,2%
宮崎県,日南市,北郷町大戸野即売所,サービス,飲食業,5%
宮崎県,日南市,北郷音色の香の季 合歓のはな,サービス,宿泊業,5%
宮崎県,日南市,キャンドル,サービス,宿泊業,5%
宮崎県,日南市,靴のポーザー,小売業,その他小売,5%
宮崎県,日南市,健康堂ケアステーション,サービス,その他サービス,5%
宮崎県,日南市,工芸ぎゃらり－後町,小売業,家具・調度品,5%
宮崎県,日南市,坂元酒店,小売業,その他小売,5%
宮崎県,日南市,櫻の郷酒造 焼酎道場,小売業,食料品,5%
宮崎県,日南市,山椒,サービス,飲食業,5%
宮崎県,日南市,姿勢改善スタジオＡｌｉｇｎ,サービス,その他サービス,5%
宮崎県,日南市,地鶏や肴や鰻やら三代目まんりょう,サービス,飲食業,5%
宮崎県,日南市,シューズハウス日南,小売業,衣料品,5%
宮崎県,日南市,セブンプラザ北郷店,小売業,電化製品,5%
宮崎県,日南市,セレスひだか,小売業,電化製品,5%
宮崎県,日南市,タイヤショップイシイ,小売業,その他小売,5%
宮崎県,日南市,トヨタカローラ宮崎日南店,小売業,その他小売,5%
宮崎県,日南市,直ちゃんラーメン 麺ニアロ,サービス,飲食業,5%
宮崎県,日南市,ナンキュウ 日南営業所,小売業,その他小売,5%
宮崎県,日南市,南郷ＳＳ,小売業,ガソリンスタンド,2%
宮崎県,日南市,セブン－イレブン南郷駅東店,小売業,食料品,2%
宮崎県,日南市,西弁分ＳＳ,小売業,ガソリンスタンド,2%
宮崎県,日南市,セブン－イレブン日南吾田東店,小売業,食料品,2%
宮崎県,日南市,セブン－イレブン日南風田店,小売業,食料品,2%
宮崎県,日南市,セブン－イレブン日南上平野町店,小売業,食料品,2%
宮崎県,日南市,日南中央ＳＳ,小売業,ガソリンスタンド,2%
宮崎県,日南市,セブン－イレブン日南戸高店,小売業,食料品,2%
宮崎県,日南市,セブン－イレブン日南星倉６丁目店,小売業,食料品,2%
宮崎県,日南市,セブン－イレブン日南松原団地入口店,小売業,食料品,2%
宮崎県,日南市,日南山形屋,小売業,その他小売,5%
宮崎県,日南市,ネッツトヨタヒムカ日南店,小売業,その他小売,5%
宮崎県,日南市,ネッツトヨタ宮崎日南店,小売業,その他小売,5%
宮崎県,日南市,ノベデンキ,小売業,電化製品,5%
宮崎県,日南市,ハートイン星倉ＳＳ,小売業,ガソリンスタンド,2%
宮崎県,日南市,ビーライン 日南店,小売業,その他小売,5%
宮崎県,日南市,ビジネスホテルサーフィン,サービス,宿泊業,5%
宮崎県,日南市,日高自動車整備工場,サービス,その他サービス,5%
宮崎県,日南市,フィッシング日南,小売業,その他小売,5%
宮崎県,日南市,ＰＨＯＴＯ ＳＴＵＤＩＯ ＳＯＲＡ ＰＨＯＴＯ ＳＴＵＤＩＯ ＳＯＲＡ,小売業,その他小売,5%
宮崎県,日南市,深瀬ＳＳ,小売業,ガソリンスタンド,2%
宮崎県,日南市,ホテル シーズン日南,サービス,宿泊業,5%
宮崎県,日南市,マクドナルド日南店,サービス,飲食業,2%
宮崎県,日南市,まちのくすりやさん,小売業,その他小売,5%
宮崎県,日南市,松本花屋,小売業,その他小売,5%
宮崎県,日南市,有限会社松本花屋サピア店,小売業,その他小売,5%
宮崎県,日南市,三浦商事株式会社,小売業,その他小売,5%
宮崎県,日南市,宮交タクシー日南営業所,サービス,その他サービス,5%
宮崎県,日南市,宮崎県立日南病院売店,小売業,その他小売,5%
宮崎県,日南市,宮崎トヨタ自動車日南店,小売業,その他小売,5%
宮崎県,日南市,焼肉 夾竹園 夾竹園 日南店,サービス,飲食業,5%
宮崎県,日南市,有限会社 丸新荘,サービス,宿泊業,5%
宮崎県,日南市,理容室 ゆがふ,サービス,理容・美容業,5%
宮崎県,延岡市,味処俵,サービス,飲食業,5%
宮崎県,延岡市,Ａｓ,小売業,衣料品,5%
宮崎県,延岡市,愛宕町ＳＳ,小売業,ガソリンスタンド,2%
宮崎県,延岡市,アミ美容室,サービス,その他サービス,5%
宮崎県,延岡市,Ａｌａｈａｓ,小売業,衣料品,5%
宮崎県,延岡市,Ａｌａｈａｓ,小売業,衣料品,5%
宮崎県,延岡市,ALFEE,小売業,衣料品,5%
宮崎県,延岡市,アンドエフ 宮崎,小売業,衣料品,5%
宮崎県,延岡市,ＲＡＭ ＪＵＡ ＴＲＩＭＭＩＮＧ ＣＡＲ,サービス,その他サービス,5%
宮崎県,延岡市,出北 ＳＳ,小売業,ガソリンスタンド,2%
宮崎県,延岡市,イワヒロデンキ,小売業,電化製品,5%
宮崎県,延岡市,内倉写真館,サービス,その他サービス,5%
宮崎県,延岡市,エステサロンブランピュール,サービス,理容・美容業,5%
宮崎県,延岡市,エンシティホテル延岡,サービス,宿泊業,5%
宮崎県,延岡市,合同会社オフィス・ケイ,小売業,電化製品,5%
宮崎県,延岡市,お持ち帰り専門店 すし哲,小売業,食料品,5%
宮崎県,延岡市,オリックスレンタカー延岡駅前店,サービス,その他サービス,2%
宮崎県,延岡市,かいでんか,小売業,電化製品,5%
宮崎県,延岡市,貝の畑ＳＳ,小売業,ガソリンスタンド,2%
宮崎県,延岡市,カクイックスウィング 延岡営業所,小売業,その他小売,5%
宮崎県,延岡市,風の菓子虎彦,小売業,食料品,5%
宮崎県,延岡市,株式会社内山家具店 延岡店,小売業,家具・調度品,5%
宮崎県,延岡市,株式会社オートプラザヤマモト,小売業,その他小売,5%
宮崎県,延岡市,株式会社キヨナガ 本社,サービス,その他サービス,5%
宮崎県,延岡市,株式会社建窓センターキヨナガ,小売業,その他小売,5%
宮崎県,延岡市,株式会社コマツレンタル宮崎 延岡店,サービス,その他サービス,5%
宮崎県,延岡市,株式会社佛壇の古屋鋪 延岡店,小売業,家具・調度品,5%
宮崎県,延岡市,（株）吉玉自動車工場,サービス,その他サービス,5%
宮崎県,延岡市,かめや釣具 延岡店,小売業,その他小売,5%
宮崎県,延岡市,カヤシマ 延岡店,小売業,衣料品,5%
宮崎県,延岡市,カレーハウスＣＯＣＯ壱番屋延岡平原町店,サービス,飲食業,2%
宮崎県,延岡市,川水流給油所,小売業,ガソリンスタンド,2%
宮崎県,延岡市,ぎおん写真スタジオ,サービス,その他サービス,5%
宮崎県,延岡市,北川給油所,小売業,ガソリンスタンド,2%
宮崎県,延岡市,北延岡ＳＳ,小売業,ガソリンスタンド,2%
宮崎県,延岡市,きよばあばのお弁当 Ｏｂｅｎｔｏ?Ｋｉｙｏ,小売業,食料品,5%
宮崎県,延岡市,靴のテヅカ 多々良店,小売業,衣料品,5%
宮崎県,延岡市,ＧＲＡＴＥＳＨＡＩＲ,サービス,理容・美容業,5%
宮崎県,延岡市,（株）クリスタルネイル イオン延岡店,サービス,その他サービス,5%
宮崎県,延岡市,クール・カレ アン延岡店,小売業,衣料品,5%
宮崎県,延岡市,合資会社 友井商店,小売業,食料品,5%
宮崎県,延岡市,合資会社 廣壽司,サービス,飲食業,5%
宮崎県,延岡市,国技館,サービス,飲食業,5%
宮崎県,延岡市,ＣＯＮＮＥＣＴＩＯＮ,小売業,その他小売,5%
宮崎県,延岡市,小峰町ＳＳ,小売業,ガソリンスタンド,2%
宮崎県,延岡市,近藤デンキ,小売業,電化製品,5%
宮崎県,延岡市,齊藤建築,サービス,その他サービス,5%
宮崎県,延岡市,サイワイマチ美容室,サービス,理容・美容業,5%
宮崎県,延岡市,Ｓａｎ・ｆｒｅｓｈむしかえびす店,小売業,食料品,5%
宮崎県,延岡市,サンフレッシュむしか本店,小売業,食料品,5%
宮崎県,延岡市,サンレー延岡紫雲閣,サービス,その他サービス,5%
宮崎県,延岡市,ＪＪアートジェム 延岡店,小売業,貴金属・服飾品,5%
宮崎県,延岡市,ｃｈｅｚｏｎｊｉ,サービス,飲食業,5%
宮崎県,延岡市,視正堂,小売業,貴金属・服飾品,5%
宮崎県,延岡市,ＳＨＡＭＲＯＣＫ,サービス,飲食業,5%
宮崎県,延岡市,車輪館 延岡店,小売業,その他小売,5%
宮崎県,延岡市,ジュエルミキ,小売業,貴金属・服飾品,5%
宮崎県,延岡市,酒饌とが和,サービス,飲食業,5%
宮崎県,延岡市,食処 栁,サービス,飲食業,5%
宮崎県,延岡市,シルフィード 延岡店,小売業,衣料品,5%
宮崎県,延岡市,スーパーコンボ南延岡店,小売業,その他小売,5%
宮崎県,延岡市,寿司めいじん延岡店,サービス,飲食業,5%
宮崎県,延岡市,スタジオステップ 延岡店,サービス,その他サービス,5%
宮崎県,延岡市,ステージ Ｍ,小売業,衣料品,5%
宮崎県,延岡市,スピードネイル ココレッタ延岡店,サービス,理容・美容業,5%
宮崎県,延岡市,整体院もみのき 延岡店,サービス,その他サービス,5%
宮崎県,延岡市,セブンプラザ オリタ,小売業,電化製品,5%
宮崎県,延岡市,セブンプラザあかぎ,小売業,電化製品,5%
宮崎県,延岡市,セブンプラザエーワン,小売業,電化製品,5%
宮崎県,延岡市,セブンプラザゴトウ,小売業,電化製品,5%
宮崎県,延岡市,セルフ大貫ＳＳ,小売業,ガソリンスタンド,2%
宮崎県,延岡市,セルフ一ヶ岡ＳＳ,小売業,ガソリンスタンド,2%
宮崎県,延岡市,セレスひめだ,小売業,電化製品,5%
宮崎県,延岡市,鮮ど市場延岡店,小売業,食料品,5%
宮崎県,延岡市,たむら人形 延岡店,小売業,書籍・玩具・音楽ＣＤ,5%
宮崎県,延岡市,俵ん子,サービス,飲食業,5%
宮崎県,延岡市,チェリー,サービス,理容・美容業,5%
宮崎県,延岡市,株式会社ツバメガス宮崎 北部カンパニー,小売業,その他小売,5%
宮崎県,延岡市,Ｄｅａｒ Ｒｏｓｅ,小売業,その他小売,5%
宮崎県,延岡市,デサキ 延岡店,小売業,その他小売,5%
宮崎県,延岡市,でんかプラザナガタ,小売業,電化製品,5%
宮崎県,延岡市,デンソー宮崎,小売業,その他小売,5%
宮崎県,延岡市,トータス,サービス,理容・美容業,5%
宮崎県,延岡市,トヨタカローラ宮崎延岡店,小売業,その他小売,5%
宮崎県,延岡市,トヨタカローラ宮崎平原店,小売業,その他小売,5%
宮崎県,延岡市,トヨタレンタリース宮崎延岡店,サービス,その他サービス,2%
宮崎県,延岡市,トラベルナイス,サービス,その他サービス,5%
宮崎県,延岡市,鳥ざんまい多々良店,サービス,飲食業,5%
宮崎県,延岡市,中島スポーツ,小売業,その他小売,5%
宮崎県,延岡市,なかでん,小売業,電化製品,5%
宮崎県,延岡市,にししなカメラ一ヶ岡店,小売業,電化製品,5%
宮崎県,延岡市,にししなカメラ本店,小売業,電化製品,5%
宮崎県,延岡市,日本料理きたうら善漁。,サービス,飲食業,5%
宮崎県,延岡市,ネッツトヨタヒムカ延岡店,小売業,その他小売,5%
宮崎県,延岡市,ネッツトヨタ宮崎延岡店,小売業,その他小売,5%
宮崎県,延岡市,ネッツトヨタ宮崎平原店,小売業,その他小売,5%
宮崎県,延岡市,延岡ＳＳ,小売業,ガソリンスタンド,2%
宮崎県,延岡市,延岡アーバンホテル,サービス,宿泊業,5%
宮崎県,延岡市,セブン－イレブン延岡伊形町店,小売業,食料品,2%
宮崎県,延岡市,セブン－イレブン延岡出北２丁目店,小売業,食料品,2%
宮崎県,延岡市,宮交タクシー 延岡（営）,サービス,その他サービス,5%
宮崎県,延岡市,延岡駅前ＳＳ,小売業,ガソリンスタンド,2%
宮崎県,延岡市,延岡ＳＳ,小売業,ガソリンスタンド,2%
宮崎県,延岡市,セブン－イレブン延岡大貫町３丁目店,小売業,食料品,2%
宮崎県,延岡市,セブン－イレブン延岡大貫町２丁目店,小売業,食料品,2%
宮崎県,延岡市,延岡岡富給油所,小売業,ガソリンスタンド,2%
宮崎県,延岡市,セブン－イレブン延岡北小路店,小売業,食料品,2%
宮崎県,延岡市,セブン－イレブン延岡幸町２丁目店,小売業,食料品,2%
宮崎県,延岡市,延岡自動車,サービス,その他サービス,5%
宮崎県,延岡市,延岡昭和町給油所,小売業,ガソリンスタンド,2%
宮崎県,延岡市,セブン－イレブン延岡富美山町店,小売業,食料品,2%
宮崎県,延岡市,セブン－イレブン延岡西階町１丁目店,小売業,食料品,2%
宮崎県,延岡市,セブン－イレブン延岡野田１丁目店,小売業,食料品,2%
宮崎県,延岡市,延岡配送センター,小売業,ガソリンスタンド,2%
宮崎県,延岡市,延岡バイパスＳＳ,小売業,ガソリンスタンド,2%
宮崎県,延岡市,セブン－イレブン延岡浜砂店,小売業,食料品,2%
宮崎県,延岡市,セブン－イレブン延岡浜町店,小売業,食料品,2%
宮崎県,延岡市,セブン－イレブン延岡別府町店,小売業,食料品,2%
宮崎県,延岡市,セブン－イレブン延岡緑ヶ丘１丁目店,小売業,食料品,2%
宮崎県,延岡市,延岡ロイヤルホテル,サービス,宿泊業,5%
宮崎県,延岡市,バイクショップ美紀,小売業,その他小売,5%
宮崎県,延岡市,パソコンくらぶＯＮＥ,サービス,その他サービス,5%
宮崎県,延岡市,はまのセンター,小売業,その他小売,5%
宮崎県,延岡市,原田時計宝飾,小売業,貴金属・服飾品,5%
宮崎県,延岡市,ＢＭＯ延岡店,小売業,衣料品,5%
宮崎県,延岡市,ビーライン 出北店,小売業,その他小売,5%
宮崎県,延岡市,ビジネスホテル延岡,サービス,宿泊業,5%
宮崎県,延岡市,ビジネスホテルフクハラ,サービス,宿泊業,5%
宮崎県,延岡市,ビストロ ル セルドール,サービス,飲食業,5%
宮崎県,延岡市,一ケ岡ＳＳ,小売業,ガソリンスタンド,2%
宮崎県,延岡市,檜窯,サービス,その他サービス,5%
宮崎県,延岡市,日の出ＳＳ,小売業,ガソリンスタンド,2%
宮崎県,延岡市,美容室 プリン,サービス,飲食業,5%
宮崎県,延岡市,美容室 璃宮 ココレッタ延岡店,サービス,理容・美容業,5%
宮崎県,延岡市,富士メガネ,小売業,その他小売,5%
宮崎県,延岡市,ブライダルハウス順,サービス,その他サービス,5%
宮崎県,延岡市,Ｈａｉｒ Ａｔｅｌｉｅｒ Ｃｏｐｉｎ,サービス,理容・美容業,5%
宮崎県,延岡市,ヘアメイク ナチュラル,サービス,理容・美容業,5%
宮崎県,延岡市,ペットサロン Ｃａｆｅ ＲＡＭ ＪＵＡ,小売業,家具・調度品,5%
宮崎県,延岡市,ベルスーズ,小売業,貴金属・服飾品,5%
宮崎県,延岡市,㈱ホームインプルーブメントひろせ南延岡店,小売業,その他小売,5%
宮崎県,延岡市,ホテルエリアワン延岡,サービス,宿泊業,5%
宮崎県,延岡市,ボンジュール・アミ,サービス,その他サービス,5%
宮崎県,延岡市,松田ゴム工業所,小売業,その他小売,5%
宮崎県,延岡市,マリエールオークパイン延岡,サービス,その他サービス,5%
宮崎県,延岡市,マルイチ大門店,小売業,食料品,5%
宮崎県,延岡市,マルイチ大貫店,小売業,食料品,5%
宮崎県,延岡市,マルイチ恒富店,小売業,食料品,5%
宮崎県,延岡市,三川内ＳＳ,小売業,ガソリンスタンド,2%
宮崎県,延岡市,みしん市場 延岡店,小売業,電化製品,5%
宮崎県,延岡市,ミシンショップ延岡,小売業,電化製品,5%
宮崎県,延岡市,美鈴館,サービス,理容・美容業,5%
宮崎県,延岡市,道の駅 北川はゆま,小売業,家具・調度品,5%
宮崎県,延岡市,宮崎ガスサービスショップ,小売業,その他小売,5%
宮崎県,延岡市,宮崎トヨタ自動車延岡店,小売業,その他小売,5%
宮崎県,延岡市,宮崎ヤクルト販売 旭ヶ丘センター,小売業,食料品,5%
宮崎県,延岡市,宮崎ヤクルト販売 延岡中央センター,小売業,食料品,5%
宮崎県,延岡市,宮崎ヤクルト販売 愛宕センター,小売業,食料品,5%
宮崎県,延岡市,メイクアイ ココレッタ延岡店,サービス,理容・美容業,5%
宮崎県,延岡市,明林堂書店延岡店,小売業,その他小売,5%
宮崎県,延岡市,八峡ＳＳ,小売業,ガソリンスタンド,2%
宮崎県,延岡市,焼肉 夾竹園 夾竹園 延岡店,サービス,飲食業,5%
宮崎県,延岡市,ヤノメガネ 恵比須店,小売業,貴金属・服飾品,5%
宮崎県,延岡市,ヤノメガネ平原店,小売業,貴金属・服飾品,5%
宮崎県,延岡市,矢野ラジオ店,小売業,電化製品,5%
宮崎県,延岡市,やました,小売業,衣料品,5%
宮崎県,延岡市,やまだ電器,小売業,電化製品,5%
宮崎県,延岡市,有限会社高見部品商会,小売業,その他小売,5%
宮崎県,延岡市,有限会社戸川家具店,小売業,家具・調度品,5%
宮崎県,延岡市,有限会社丸十金物店,小売業,電化製品,5%
宮崎県,延岡市,四代目 ヤナギタ,サービス,理容・美容業,5%
宮崎県,延岡市,Ｒｅｇｏｌｉｔｈ Ｃｏｆｆｅｅ,サービス,飲食業,5%
宮崎県,延岡市,Ｒｅｇｏｌｉｔｈ Ｃｏｆｆｅｅ 延岡店,小売業,食料品,5%
宮崎県,延岡市,レストラン リーコタクナ,サービス,飲食業,5%
宮崎県,延岡市,ＬＯＷＥＲＥＤ,小売業,その他小売,5%
宮崎県,延岡市,和牛焼肉天壇,サービス,飲食業,5%
宮崎県,日之影町,たけおーと,サービス,その他サービス,5%
宮崎県,日之影町,でんかプラザ 小林,小売業,電化製品,5%
宮崎県,日之影町,日之影給油所,小売業,ガソリンスタンド,2%
宮崎県,日向市,赤兵衛,サービス,飲食業,5%
宮崎県,日向市,ＡＲＣ Ｈａｉｒ,サービス,理容・美容業,5%
宮崎県,日向市,アッカピゥ キッチン＆ベーカリー,サービス,飲食業,5%
宮崎県,日向市,アフランシール〔アパレル〕,小売業,衣料品,5%
宮崎県,日向市,アフランシール〔インテリア〕,小売業,家具・調度品,5%
宮崎県,日向市,アフランシール〔ファンシー〕,小売業,貴金属・服飾品,5%
宮崎県,日向市,イオンタウン日向給油所,小売業,ガソリンスタンド,2%
宮崎県,日向市,ヴァレンタイン カンパニー,小売業,その他小売,5%
宮崎県,日向市,ウイング やまぐち,小売業,電化製品,5%
宮崎県,日向市,内山家具店,小売業,家具・調度品,5%
宮崎県,日向市,ウメコウジ日向店,小売業,食料品,5%
宮崎県,日向市,栄興自動車販売,サービス,その他サービス,5%
宮崎県,日向市,ＨＩヒロセ 日向店,小売業,その他小売,5%
宮崎県,日向市,おくの動物病院,サービス,その他サービス,5%
宮崎県,日向市,オン ザ ビーチ,小売業,その他小売,5%
宮崎県,日向市,カーサービス中田,サービス,その他サービス,5%
宮崎県,日向市,海鮮問屋,サービス,飲食業,5%
宮崎県,日向市,カクイックスウィング 日向オフィス,小売業,その他小売,5%
宮崎県,日向市,カットハウス すすむ,サービス,理容・美容業,5%
宮崎県,日向市,株式会社 金子メガネ,小売業,その他小売,5%
宮崎県,日向市,株式会社コマツレンタル宮崎 日向店,サービス,その他サービス,5%
宮崎県,日向市,ＫＡＭＡーＫＡＭＡ,サービス,飲食業,5%
宮崎県,日向市,カヤシマ 日向店,小売業,衣料品,5%
宮崎県,日向市,カレーハウスＣＯＣＯ壱番屋ミスターマックス日向店,サービス,飲食業,2%
宮崎県,日向市,きもの処いちき,小売業,衣料品,5%
宮崎県,日向市,共立薬品,小売業,その他小売,5%
宮崎県,日向市,熊本屋ふとん店,小売業,その他小売,5%
宮崎県,日向市,ｃｏｔｏｎｏＨａ,小売業,衣料品,5%
宮崎県,日向市,寿飯店,サービス,飲食業,5%
宮崎県,日向市,ｃｏｍｆｏｒｔｃａｆｅ＆ｂａｒＢＵＣＫＡＹＲＯ,サービス,飲食業,5%
宮崎県,日向市,財光寺ＳＳ,小売業,ガソリンスタンド,2%
宮崎県,日向市,雑貨＆カフェ 民,小売業,その他小売,5%
宮崎県,日向市,サンレー日向紫雲閣,サービス,その他サービス,5%
宮崎県,日向市,サンロード,小売業,電化製品,5%
宮崎県,日向市,ＣＣＳマツザワ,サービス,その他サービス,5%
宮崎県,日向市,ＪＪ西村一新堂 本店,小売業,貴金属・服飾品,5%
宮崎県,日向市,塩見ＳＳ,小売業,ガソリンスタンド,2%
宮崎県,日向市,七福酒店,小売業,食料品,5%
宮崎県,日向市,七輪,サービス,飲食業,5%
宮崎県,日向市,上海ガーデン,サービス,飲食業,5%
宮崎県,日向市,ジョイ美容室 永江店,サービス,理容・美容業,5%
宮崎県,日向市,ジョイ美容室ＧａｒＤｅｎ,サービス,理容・美容業,5%
宮崎県,日向市,ジョイ美容室ｆｒａｇｒａｎｃｅ,サービス,理容・美容業,5%
宮崎県,日向市,新開橋ＳＳ,小売業,ガソリンスタンド,2%
宮崎県,日向市,ＳｗｅｅｔｓＣａｆｅ ＳＥＩＫＡＤＯ,小売業,食料品,5%
宮崎県,日向市,Ｓｗｅｅｔ Ｓｏｕｌ,小売業,食料品,5%
宮崎県,日向市,スーパーやまさ,小売業,その他小売,5%
宮崎県,日向市,生活雑貨 ファミーユ,小売業,その他小売,5%
宮崎県,日向市,ＳＥＩＫＡＤＯ,サービス,飲食業,5%
宮崎県,日向市,セブンプラザマツバ,小売業,電化製品,5%
宮崎県,日向市,セブンプラザてらはら,小売業,電化製品,5%
宮崎県,日向市,セルフ花ヶ丘ＳＳ,小売業,ガソリンスタンド,2%
宮崎県,日向市,セレスきくち,小売業,電化製品,5%
宮崎県,日向市,セレス みたらい,小売業,電化製品,5%
宮崎県,日向市,ＤＡＮＢＯ ＤＥＬＩ,サービス,飲食業,5%
宮崎県,日向市,中央通給油所,小売業,ガソリンスタンド,2%
宮崎県,日向市,千代田病院売店,小売業,その他小売,5%
宮崎県,日向市,デサキ 日向店,小売業,その他小売,5%
宮崎県,日向市,でんかプラザミナト,小売業,電化製品,5%
宮崎県,日向市,東郷ＳＳ,小売業,ガソリンスタンド,2%
宮崎県,日向市,ドコモショップイオンタウン日向店,小売業,その他小売,5%
宮崎県,日向市,富島自転車商会,小売業,その他小売,5%
宮崎県,日向市,トヨタカローラ宮崎日向店,小売業,その他小売,5%
宮崎県,日向市,トヨタレンタリース宮崎日向店,サービス,その他サービス,2%
宮崎県,日向市,ナガノヤ日向市駅前店,小売業,食料品,5%
宮崎県,日向市,中原ＳＳ,小売業,ガソリンスタンド,2%
宮崎県,日向市,西日本観光株式会社,サービス,その他サービス,5%
宮崎県,日向市,ニッセンシェイプ・サロンＧｒａｎｔＡｉｍ,小売業,衣料品,5%
宮崎県,日向市,ネッツトヨタヒムカ日向店,小売業,その他小売,5%
宮崎県,日向市,ネッツトヨタ宮崎日向店,小売業,その他小売,5%
宮崎県,日向市,ねむりの駅まつおか,サービス,その他サービス,5%
宮崎県,日向市,八幡,サービス,飲食業,5%
宮崎県,日向市,バッケーロ,サービス,飲食業,5%
宮崎県,日向市,ビーライン 日向店,小売業,その他小売,5%
宮崎県,日向市,東自転車店,小売業,その他小売,5%
宮崎県,日向市,ＢＥＧＩＮ タニグチ,小売業,電化製品,5%
宮崎県,日向市,ビストロ南蛮亭,サービス,飲食業,5%
宮崎県,日向市,ヒムカシステム,サービス,その他サービス,5%
宮崎県,日向市,日向給油所,小売業,ガソリンスタンド,2%
宮崎県,日向市,セブン－イレブン日向新生町店,小売業,食料品,2%
宮崎県,日向市,日向仙ヶ崎,小売業,ガソリンスタンド,2%
宮崎県,日向市,日向第一ホテル,サービス,宿泊業,5%
宮崎県,日向市,セブン－イレブン日向大王１丁目店,小売業,食料品,2%
宮崎県,日向市,セブン－イレブン日向南町店,小売業,食料品,2%
宮崎県,日向市,日向木協ＳＳ,小売業,ガソリンスタンド,2%
宮崎県,日向市,平岩給油所,小売業,ガソリンスタンド,2%
宮崎県,日向市,ＰＩＮＫＹ ＣＲＥＡＭＥＲＹ,サービス,飲食業,5%
宮崎県,日向市,ファッションまつやま 財光寺店,小売業,衣料品,5%
宮崎県,日向市,ファッションランドタカヤマ日向店,小売業,衣料品,5%
宮崎県,日向市,ｐｒｉｖａｔｅｓａｌｏｎａｌｏｈｉ,サービス,理容・美容業,5%
宮崎県,日向市,プラザＡ カマホリ,小売業,衣料品,5%
宮崎県,日向市,ブリッジサイド,小売業,衣料品,5%
宮崎県,日向市,Ｐｌｅａｓａｎｔ 日向,サービス,宿泊業,5%
宮崎県,日向市,へあ＆めいくはい・ちゃ?む,サービス,理容・美容業,5%
宮崎県,日向市,ｅｓｐａｃｅ,サービス,理容・美容業,5%
宮崎県,日向市,ｈａｉｒｓａｌｏｎｙｏｕ,サービス,理容・美容業,5%
宮崎県,日向市,ホテル ベルフォート日向,サービス,宿泊業,5%
宮崎県,日向市,ホテルルミエール日向,サービス,宿泊業,5%
宮崎県,日向市,マキノ写真館,サービス,その他サービス,5%
宮崎県,日向市,ママイクコ 日向,小売業,その他小売,5%
宮崎県,日向市,マルイチ江良店,小売業,食料品,5%
宮崎県,日向市,マルイチ財光寺店,小売業,食料品,5%
宮崎県,日向市,マルイチ大王店,小売業,食料品,5%
宮崎県,日向市,まるみ,サービス,飲食業,5%
宮崎県,日向市,マンガ倉庫日向店,小売業,書籍・玩具・音楽ＣＤ,5%
宮崎県,日向市,ミシンショップ日向,小売業,電化製品,5%
宮崎県,日向市,南日向ＳＳ,小売業,ガソリンスタンド,2%
宮崎県,日向市,宮交タクシー 日向営業所,サービス,その他サービス,5%
宮崎県,日向市,宮交タクシー日向営業所,サービス,その他サービス,5%
宮崎県,日向市,宮崎トヨタ自動車日向店,小売業,その他小売,5%
宮崎県,日向市,宮崎ヤクルト販売 日向センター,小売業,食料品,5%
宮崎県,日向市,ミラノ美容室,サービス,理容・美容業,5%
宮崎県,日向市,Ｍｕｋｕ ｈａｉｒ ｓａｌｏｎ,サービス,理容・美容業,5%
宮崎県,日向市,明林堂書店イオンタウン日向店,小売業,その他小売,5%
宮崎県,日向市,明林堂書店日向店,小売業,その他小売,5%
宮崎県,日向市,焼肉 夾竹園 夾竹園 日向店,サービス,飲食業,5%
宮崎県,日向市,ヤノメガネ 日向店,小売業,貴金属・服飾品,5%
宮崎県,日向市,有限会社寺原畳工業,小売業,家具・調度品,5%
宮崎県,日向市,ラフィーネ,小売業,衣料品,5%
宮崎県,日向市,ｒｕｎ ｉｎｔｏ,サービス,飲食業,5%
宮崎県,日向市,ＲｏｏＭ,サービス,理容・美容業,5%
宮崎県,日向市,レストラン カゴメ,サービス,飲食業,5%
宮崎県,日向市,蓮,小売業,その他小売,5%
宮崎県,日向市,Ｒｏｃａ Ｈａｉｒ．ｓｇｓ,サービス,理容・美容業,5%
宮崎県,美郷町,神門ＳＳ,小売業,ガソリンスタンド,2%
宮崎県,美郷町,川口機工 ＷＨＩＺ,小売業,その他小売,5%
宮崎県,美郷町,北郷ＳＳ,小売業,ガソリンスタンド,2%
宮崎県,美郷町,西郷ＳＳ,小売業,ガソリンスタンド,2%
宮崎県,美郷町,西郷ＳＳ,小売業,ガソリンスタンド,2%
宮崎県,美郷町,南郷ＳＳ,小売業,ガソリンスタンド,2%
宮崎県,三股町,出光三股ＳＳ,小売業,ガソリンスタンド,2%
宮崎県,三股町,からからつみき,小売業,その他小売,5%
宮崎県,三股町,カワノテニスカレッジ,小売業,その他小売,5%
宮崎県,三股町,生楽陶苑,小売業,その他小売,5%
宮崎県,三股町,ＣＬＯＶＥＲ,小売業,その他小売,5%
宮崎県,三股町,ゲストハウス三股 ゲストハウス 三股,サービス,宿泊業,5%
宮崎県,三股町,Ｓｐｅｒｏ,小売業,衣料品,5%
宮崎県,三股町,ネオプラスふじい,小売業,電化製品,5%
宮崎県,三股町,野口ＳＳ,小売業,ガソリンスタンド,2%
宮崎県,三股町,ＨＥＡＲＴＹながやま三股店,小売業,食料品,5%
宮崎県,三股町,パティスリー ル ポール,小売業,その他小売,5%
宮崎県,三股町,Ｐａｌｍｅｄ＇ＯｒＦｌｏｗｅｒ,サービス,その他サービス,5%
宮崎県,三股町,Ｈａｉｒ ｓａｌｏｎ ＮＯＲＩ,サービス,理容・美容業,5%
宮崎県,三股町,ミートショップながやま三股駅前店,小売業,食料品,5%
宮崎県,三股町,三股ＳＳ,小売業,ガソリンスタンド,2%
宮崎県,三股町,セブン－イレブン三股樺山店,小売業,食料品,2%
宮崎県,三股町,セブン－イレブン三股新馬場店,小売業,食料品,2%
宮崎県,三股町,森の雫本店,サービス,飲食業,5%
宮崎県,三股町,山元石油 三股ＳＳ,小売業,ガソリンスタンド,2%
宮崎県,三股町,リフォーム建究社,サービス,その他サービス,5%
宮崎県,都城市,Ａｇｕ ｈａｉｒ Ａｇｕ ｈａｉｒ ｌｉｂｒｅ都城,サービス,理容・美容業,5%
宮崎県,都城市,アップルフォトスタジオ,サービス,その他サービス,5%
宮崎県,都城市,アフランシール都城店,小売業,衣料品,5%
宮崎県,都城市,あぶり七輪しせん,サービス,飲食業,5%
宮崎県,都城市,炙りや かつみ,サービス,飲食業,5%
宮崎県,都城市,アモール宮崎,小売業,衣料品,5%
宮崎県,都城市,有水ＳＳ,小売業,ガソリンスタンド,2%
宮崎県,都城市,エステサロンアルシワン,サービス,理容・美容業,5%
宮崎県,都城市,アレンジ,サービス,その他サービス,5%
宮崎県,都城市,居酒屋 かがわ,サービス,飲食業,5%
宮崎県,都城市,出光乙房ＳＳ,小売業,ガソリンスタンド,2%
宮崎県,都城市,出光都原ＳＳ,小売業,ガソリンスタンド,2%
宮崎県,都城市,今別府酒店 今別府酒店,小売業,食料品,5%
宮崎県,都城市,?癒し処?Ｋｕ‘ｕＰｕｎａｈｅｌｅ,サービス,理容・美容業,5%
宮崎県,都城市,ウィリー高崎店,小売業,その他小売,5%
宮崎県,都城市,上原誠史事務所,サービス,その他サービス,5%
宮崎県,都城市,本部石油 梅北ＳＳ,小売業,ガソリンスタンド,2%
宮崎県,都城市,エールかわの,小売業,電化製品,5%
宮崎県,都城市,エールこだま,小売業,電化製品,5%
宮崎県,都城市,エステＷＡＭ 都城店,サービス,理容・美容業,5%
宮崎県,都城市,ＮＡギャラリー,小売業,衣料品,5%
宮崎県,都城市,えのきリフォーム,サービス,その他サービス,5%
宮崎県,都城市,Ｍ ｓｅｌｅｃｔｉｏｎ,小売業,衣料品,5%
宮崎県,都城市,オノウエ自動車整備工場,小売業,その他小売,5%
宮崎県,都城市,お仏壇の佛心堂,小売業,家具・調度品,5%
宮崎県,都城市,Ｏｌｉｖｅ,サービス,飲食業,5%
宮崎県,都城市,オリックスレンタカー都城店,サービス,その他サービス,2%
宮崎県,都城市,輝く笑顔が生まれる靴屋,サービス,その他サービス,5%
宮崎県,都城市,カクイックスウィング 都城営業所,小売業,その他小売,5%
宮崎県,都城市,ｃａｓｕａｌｄｉｎｉｎｇＤｉｓｈｕｐ,サービス,飲食業,5%
宮崎県,都城市,金田町ＳＳ,小売業,ガソリンスタンド,2%
宮崎県,都城市,ＣＡＦＵＬＥ,サービス,理容・美容業,5%
宮崎県,都城市,株式会社川畑板金,サービス,その他サービス,5%
宮崎県,都城市,株式会社コマツレンタル宮崎 都城店,サービス,その他サービス,5%
宮崎県,都城市,株式会社田中たたみ屋,小売業,家具・調度品,5%
宮崎県,都城市,株式会社佛壇の古屋鋪 都城店,小売業,家具・調度品,5%
宮崎県,都城市,株式会社マルエイ自動車 本社,サービス,その他サービス,5%
宮崎県,都城市,髪師,サービス,理容・美容業,5%
宮崎県,都城市,髪師,サービス,理容・美容業,5%
宮崎県,都城市,かめや釣具 フィッシング都城,小売業,その他小売,5%
宮崎県,都城市,からあげ専門店ぶんごや 都城鷹尾店,小売業,食料品,5%
宮崎県,都城市,カリー専門店トプカあいもこいもかふぇ カリー専門店トプカあいもこいもかふぇ,サービス,飲食業,5%
宮崎県,都城市,カレーハウスココ壱番屋都城吉尾町店,サービス,飲食業,2%
宮崎県,都城市,かわぐち薬局,小売業,その他小売,5%
宮崎県,都城市,かんたん漢方 健都漢方,小売業,その他小売,5%
宮崎県,都城市,キャッツコハタ,小売業,電化製品,5%
宮崎県,都城市,ギャラリー＆喫茶 えむｍ,小売業,家具・調度品,5%
宮崎県,都城市,京料理 だるまや,サービス,飲食業,5%
宮崎県,都城市,キレイスペースゆふら,サービス,理容・美容業,5%
宮崎県,都城市,金海堂,小売業,書籍・玩具・音楽ＣＤ,5%
宮崎県,都城市,金海堂イオン都城店,小売業,書籍・玩具・音楽ＣＤ,5%
宮崎県,都城市,くい処 ひが志,サービス,飲食業,5%
宮崎県,都城市,靴のテヅカ 都城店,小売業,衣料品,5%
宮崎県,都城市,靴屋ｇｉｎｚｏｕ,小売業,衣料品,5%
宮崎県,都城市,クラージュ。,サービス,理容・美容業,5%
宮崎県,都城市,ｃｈｅｒｃｈｅｒｊｅｗｅｌｒｙ,小売業,衣料品,5%
宮崎県,都城市,クリスタルネイル イオンモール都城駅前店,サービス,その他サービス,5%
宮崎県,都城市,クール・カレ アン 都城店,小売業,衣料品,5%
宮崎県,都城市,クール・カレ アン イオン都城駅前店,小売業,衣料品,5%
宮崎県,都城市,黒豚とんぷきん,小売業,食料品,5%
宮崎県,都城市,警友自動車学校,サービス,その他サービス,5%
宮崎県,都城市,有限会社ドラッグ健都,小売業,その他小売,5%
宮崎県,都城市,ｃｏｉｎｚ,小売業,衣料品,5%
宮崎県,都城市,光学堂 都城宮丸店,小売業,貴金属・服飾品,5%
宮崎県,都城市,個室居酒屋 神楽,小売業,衣料品,5%
宮崎県,都城市,児玉自動車整備工場,サービス,その他サービス,5%
宮崎県,都城市,さいしょ酒店,小売業,その他小売,5%
宮崎県,都城市,酒安堂,小売業,食料品,5%
宮崎県,都城市,ｓａｌｏｎ,サービス,理容・美容業,5%
宮崎県,都城市,Ｃ．Ｒ．Ｙ．,小売業,衣料品,5%
宮崎県,都城市,Ｊ－ＰＩＣモバイルステーション都城,小売業,電化製品,5%
宮崎県,都城市,志比田ＳＳ,小売業,ガソリンスタンド,2%
宮崎県,都城市,下池石油 五十市駅前ＳＳ,小売業,ガソリンスタンド,2%
宮崎県,都城市,シルフィード 都城店,小売業,衣料品,5%
宮崎県,都城市,スーパー大浦庄内店,小売業,食料品,5%
宮崎県,都城市,スーパー大浦鮮ど市場たかお店,小売業,食料品,5%
宮崎県,都城市,スーパー大浦パシオしびた,小売業,食料品,5%
宮崎県,都城市,スーパー大浦パシオ志和池,小売業,食料品,5%
宮崎県,都城市,スーパー大浦パシオたかお,小売業,食料品,5%
宮崎県,都城市,スーパー大浦パシオ早鈴,小売業,食料品,5%
宮崎県,都城市,スーパー大浦パシオ山之口,小売業,食料品,5%
宮崎県,都城市,セブン－イレブン末吉深川店,小売業,食料品,2%
宮崎県,都城市,すたみな太郎 都城店,サービス,飲食業,5%
宮崎県,都城市,Ｓｔｒｅｅｔ４５,小売業,その他小売,5%
宮崎県,都城市,スナックヴェルニ,サービス,飲食業,5%
宮崎県,都城市,スポーツダイニング バモス,サービス,飲食業,5%
宮崎県,都城市,炭焼 いそ川,サービス,飲食業,5%
宮崎県,都城市,セルフ北原ＳＳ,小売業,ガソリンスタンド,2%
宮崎県,都城市,セブンプラザ トクシゲ,小売業,電化製品,5%
宮崎県,都城市,セブンプラザ都城なかむら店,小売業,電化製品,5%
宮崎県,都城市,セルフ都北給油所,小売業,ガソリンスタンド,2%
宮崎県,都城市,セルフ早水ＳＳ,小売業,ガソリンスタンド,2%
宮崎県,都城市,セルフ平田橋ＳＳ,小売業,ガソリンスタンド,2%
宮崎県,都城市,セルフ都城インター,小売業,ガソリンスタンド,2%
宮崎県,都城市,セルフ吉尾ＳＳ,小売業,ガソリンスタンド,2%
宮崎県,都城市,ＳｅｌｅｃｔＳｈｏｐＣｏｍｐａｓｓ,小売業,衣料品,5%
宮崎県,都城市,セレモニーやまおく都城,小売業,その他小売,5%
宮崎県,都城市,鮮ど市場花繰店,小売業,食料品,5%
宮崎県,都城市,創彩酒膳ごち,サービス,飲食業,5%
宮崎県,都城市,ｓｏｎｏｒｅｍｕｓｉｃ,サービス,その他サービス,5%
宮崎県,都城市,高崎ＳＳ,小売業,ガソリンスタンド,2%
宮崎県,都城市,高崎町農産加工センター,小売業,食料品,5%
宮崎県,都城市,高城ＳＳ,小売業,ガソリンスタンド,2%
宮崎県,都城市,セブン－イレブン高城香禅寺店,小売業,食料品,2%
宮崎県,都城市,辰美屋クリーニング 辰美屋クリーニング,サービス,その他サービス,5%
宮崎県,都城市,タマチャンショップ 都城本店,小売業,食料品,5%
宮崎県,都城市,茶圃斉光園,小売業,食料品,5%
宮崎県,都城市,ディナーレストラン Ｒｙｕ,サービス,飲食業,5%
宮崎県,都城市,デサキ 都城店,小売業,その他小売,5%
宮崎県,都城市,陶スタジオ,サービス,その他サービス,5%
宮崎県,都城市,トーコー トーコー,小売業,その他小売,5%
宮崎県,都城市,常盤荘,サービス,宿泊業,5%
宮崎県,都城市,都北工業団地ＳＳ,小売業,ガソリンスタンド,2%
宮崎県,都城市,トヨタカローラ宮崎Ｔ－ＵＰ大岩田店,小売業,その他小売,5%
宮崎県,都城市,トヨタカローラ宮崎都城店,小売業,その他小売,5%
宮崎県,都城市,トヨタ部品宮崎共販都城営業所,サービス,その他サービス,5%
宮崎県,都城市,トヨタレンタリース宮崎都城店,サービス,その他サービス,2%
宮崎県,都城市,中小路カーサービス,サービス,その他サービス,5%
宮崎県,都城市,中町ワイン食堂,サービス,飲食業,5%
宮崎県,都城市,ナカムラ自動車学校,サービス,その他サービス,5%
宮崎県,都城市,ＮＡＴＵＲＡＬＢＥＡＵＴＹＬＡＴＴＥ,サービス,理容・美容業,5%
宮崎県,都城市,ナンキュウ 南都城営業所,小売業,その他小売,5%
宮崎県,都城市,ナンキュウ 都城営業所,小売業,その他小売,5%
宮崎県,都城市,肉のながやま梅北店,小売業,食料品,5%
宮崎県,都城市,西岳ＳＳ,小売業,ガソリンスタンド,2%
宮崎県,都城市,西之前ＳＳ,小売業,ガソリンスタンド,2%
宮崎県,都城市,日本料理 一石,サービス,飲食業,5%
宮崎県,都城市,Ｎｅｗ Ｋｉｚｕｎａ,小売業,その他小売,5%
宮崎県,都城市,ｎｏｏｆｆｅｅｍｉｌｌ,サービス,飲食業,5%
宮崎県,都城市,ネオプラスくぎた,小売業,電化製品,5%
宮崎県,都城市,ネオプラス タカヤマタカオ店,小売業,電化製品,5%
宮崎県,都城市,ネッツトヨタヒムカ都城店,小売業,その他小売,5%
宮崎県,都城市,ネッツトヨタ宮崎年見店,小売業,その他小売,5%
宮崎県,都城市,ネッツトヨタ宮崎都城店,小売業,その他小売,5%
宮崎県,都城市,ＨＥＡＲＴＹながやま鷹尾店,小売業,食料品,5%
宮崎県,都城市,ＨＥＡＲＴＹながやま都北店,小売業,食料品,5%
宮崎県,都城市,ＨＥＡＲＴＹながやま若葉店,小売業,食料品,5%
宮崎県,都城市,パソコン市場 都城店,小売業,電化製品,5%
宮崎県,都城市,パソコンドック２４ 都城店,サービス,その他サービス,5%
宮崎県,都城市,パソコンドック２４ 都城店,サービス,その他サービス,5%
宮崎県,都城市,ｈａｐｐｙ ｗｅａｒｓ,小売業,衣料品,5%
宮崎県,都城市,パティーナストックルーム,小売業,衣料品,5%
宮崎県,都城市,ハトヤ 都城店,小売業,衣料品,5%
宮崎県,都城市,ハピネス都城本店,小売業,食料品,5%
宮崎県,都城市,早水中央ＳＳ,小売業,ガソリンスタンド,2%
宮崎県,都城市,ＢＡＬＬＯＯＮ ＬＩＬＹ’Ｓ,小売業,書籍・玩具・音楽ＣＤ,5%
宮崎県,都城市,ＢＭＯ都城店,小売業,衣料品,5%
宮崎県,都城市,ビーライン 早鈴店,小売業,その他小売,5%
宮崎県,都城市,東都城ＳＳ,小売業,ガソリンスタンド,2%
宮崎県,都城市,ビデオ＆フォトスタジオ ３Ｍ,サービス,その他サービス,5%
宮崎県,都城市,姫城町ＳＳ,小売業,ガソリンスタンド,2%
宮崎県,都城市,日向時間,サービス,その他サービス,5%
宮崎県,都城市,日向時間 ショップ,小売業,食料品,5%
宮崎県,都城市,ｆｕｓｅ リセット ヒューズリセット,小売業,衣料品,5%
宮崎県,都城市,ヒューズ：リセット,小売業,衣料品,5%
宮崎県,都城市,美容室ＫＩＫＯ,サービス,理容・美容業,5%
宮崎県,都城市,美容ピュア都城店,サービス,理容・美容業,5%
宮崎県,都城市,Ｆｏｏｄコンビニながやま乙房店,小売業,食料品,5%
宮崎県,都城市,フジオートサービス,サービス,その他サービス,5%
宮崎県,都城市,セブン－イレブン藤元総合病院店,小売業,食料品,2%
宮崎県,都城市,ブティック ベルモダン,小売業,衣料品,5%
宮崎県,都城市,ＢＲＩＧＨＴ ＦＡＣＴＯＲＹ,サービス,理容・美容業,5%
宮崎県,都城市,ｐｌｕｓ＋ｃａｆｅ一花,小売業,衣料品,5%
宮崎県,都城市,プーラビーダ 都城店,小売業,その他小売,5%
宮崎県,都城市,Ｌｅｃｏｐａ,サービス,飲食業,5%
宮崎県,都城市,プロショップ テイクワン,小売業,その他小売,5%
宮崎県,都城市,北海道ダイニング ＭＡＲＵＭＩ,サービス,飲食業,5%
宮崎県,都城市,ＰＯＳＨ☆ＮＡＩＬ,サービス,その他サービス,5%
宮崎県,都城市,ボデーショップ本薗,サービス,その他サービス,5%
宮崎県,都城市,前田町ＳＳ,小売業,ガソリンスタンド,2%
宮崎県,都城市,マクドナルドイオンモール都城駅前店,サービス,飲食業,2%
宮崎県,都城市,マクドナルド都城インター店,サービス,飲食業,2%
宮崎県,都城市,マクドナルド都城店,サービス,飲食業,2%
宮崎県,都城市,マルニ,小売業,その他小売,5%
宮崎県,都城市,ミートショップながやま志比田店,小売業,食料品,5%
宮崎県,都城市,ミートショップながやま山田店,小売業,食料品,5%
宮崎県,都城市,みしん市場 都城店,小売業,電化製品,5%
宮崎県,都城市,ミスピカソミエル,小売業,衣料品,5%
宮崎県,都城市,南九州ホンダ 南九州ホンダ,小売業,その他小売,5%
宮崎県,都城市,三成恵,サービス,理容・美容業,5%
宮崎県,都城市,都城東ＳＳ,小売業,ガソリンスタンド,2%
宮崎県,都城市,セブン－イレブン都城一万城町店,小売業,食料品,2%
宮崎県,都城市,都城インター ＳＳ,小売業,ガソリンスタンド,2%
宮崎県,都城市,セブン－イレブン都城インター店,小売業,食料品,2%
宮崎県,都城市,セブン－イレブン都城梅北町店,小売業,食料品,2%
宮崎県,都城市,宮交タクシー 都城（営）,サービス,その他サービス,5%
宮崎県,都城市,都城オステオパシー治療院,サービス,理容・美容業,5%
宮崎県,都城市,セブン－イレブン都城金田町店,小売業,食料品,2%
宮崎県,都城市,セブン－イレブン都城上川東２丁目店,小売業,食料品,2%
宮崎県,都城市,セブン－イレブン都城上長飯店,小売業,食料品,2%
宮崎県,都城市,都城グリーンホテル,サービス,宿泊業,5%
宮崎県,都城市,セブン－イレブン都城高専前店,小売業,食料品,2%
宮崎県,都城市,都城シティホテル,サービス,宿泊業,5%
宮崎県,都城市,セブン－イレブン都城志比田町店,小売業,食料品,2%
宮崎県,都城市,セブン－イレブン都城下川東４丁目店,小売業,食料品,2%
宮崎県,都城市,セブン－イレブン都城下長飯店,小売業,食料品,2%
宮崎県,都城市,都城庄内ＳＳ,小売業,ガソリンスタンド,2%
宮崎県,都城市,セブン－イレブン都城庄内町店,小売業,食料品,2%
宮崎県,都城市,セブン－イレブン都城志和池店,小売業,食料品,2%
宮崎県,都城市,セブン－イレブン都城大王町店,小売業,食料品,2%
宮崎県,都城市,セブン－イレブン都城高崎大牟田店,小売業,食料品,2%
宮崎県,都城市,セブン－イレブン都城高崎新田店,小売業,食料品,2%
宮崎県,都城市,セブン－イレブン都城高崎縄瀬店,小売業,食料品,2%
宮崎県,都城市,セブン－イレブン都城たからニュータウン入口店,小売業,食料品,2%
宮崎県,都城市,セブン－イレブン都城年見町店,小売業,食料品,2%
宮崎県,都城市,都城都北ＳＳ,小売業,ガソリンスタンド,2%
宮崎県,都城市,セブン－イレブン都城都北町店,小売業,食料品,2%
宮崎県,都城市,都城ドライビングスクール,サービス,その他サービス,5%
宮崎県,都城市,都城西町給油所,小売業,ガソリンスタンド,2%
宮崎県,都城市,セブン－イレブン都城早鈴町店,小売業,食料品,2%
宮崎県,都城市,セブン－イレブン都城東甲斐元町店,小売業,食料品,2%
宮崎県,都城市,セブン－イレブン都城平塚町店,小売業,食料品,2%
宮崎県,都城市,セブン－イレブン都城南横市店,小売業,食料品,2%
宮崎県,都城市,セブン－イレブン都城都原店,小売業,食料品,2%
宮崎県,都城市,セブン－イレブン都城安久町店,小売業,食料品,2%
宮崎県,都城市,宮崎高城ＳＳ,小売業,ガソリンスタンド,2%
宮崎県,都城市,宮崎トヨタ自動車都城店,小売業,その他小売,5%
宮崎県,都城市,明林堂書店都北店,小売業,その他小売,5%
宮崎県,都城市,メインホテル,サービス,宿泊業,5%
宮崎県,都城市,芽ぐむ和,小売業,食料品,5%
宮崎県,都城市,めし家,サービス,飲食業,5%
宮崎県,都城市,メンズセンター ヤマシタ,小売業,衣料品,5%
宮崎県,都城市,モイスティーヌ都城販売,小売業,その他小売,5%
宮崎県,都城市,モイスティーヌサロン 永遠,小売業,その他小売,5%
宮崎県,都城市,モールひろせ鷹尾店,小売業,食料品,5%
宮崎県,都城市,モールひろせ中央店,小売業,食料品,5%
宮崎県,都城市,母智丘ＳＳ,小売業,ガソリンスタンド,2%
宮崎県,都城市,ｍｏｒｒｉｓｏｎ,サービス,理容・美容業,5%
宮崎県,都城市,モールひろせ 鷹尾店,小売業,食料品,5%
宮崎県,都城市,モンセルクル,小売業,食料品,5%
宮崎県,都城市,安久,小売業,ガソリンスタンド,2%
宮崎県,都城市,山田ＳＳ,小売業,ガソリンスタンド,2%
宮崎県,都城市,山田ＳＳ,小売業,ガソリンスタンド,2%
宮崎県,都城市,セブン－イレブン山田前坂店,小売業,食料品,2%
宮崎県,都城市,山之口ＳＳ,小売業,ガソリンスタンド,2%
宮崎県,都城市,山之口東ＳＳ,小売業,ガソリンスタンド,2%
宮崎県,都城市,山萬呉服店,小売業,衣料品,5%
宮崎県,都城市,有限会社木佐貫電器,小売業,電化製品,5%
宮崎県,都城市,有 髙橋プロパン店,サービス,その他サービス,5%
宮崎県,都城市,有 総合花商小倉,小売業,その他小売,5%
宮崎県,都城市,夢みるく ｃｏｃｏｎａ,サービス,飲食業,5%
宮崎県,都城市,夢みるく ｃｏｃｏｎａ １号車,サービス,飲食業,5%
宮崎県,都城市,夢みるく ｃｏｃｏｎａ ３号車,サービス,飲食業,5%
宮崎県,都城市,夢みるく ｃｏｃｏｎａ ２号車,サービス,飲食業,5%
宮崎県,都城市,吉永電器商会,小売業,電化製品,5%
宮崎県,都城市,拉? べっぷんち,サービス,飲食業,5%
宮崎県,都城市,ＬＡＭＰ ｏｆ ｈａｉｒ,サービス,理容・美容業,5%
宮崎県,都城市,リカーショップＤＡＢＡ,小売業,その他小売,5%
宮崎県,都城市,レジァンス都城店,小売業,衣料品,5%
宮崎県,都城市,ロゼマドンナ,小売業,衣料品,5%
宮崎県,都城市,Ｌｏｍｉｌｏｍｉ ｈｅａｌｉｎｇ Ｎａｉａ,サービス,その他サービス,5%
宮崎県,都城市,ワールドトラベル,サービス,その他サービス,5%
宮崎県,宮崎市,アーユス,サービス,その他サービス,5%
宮崎県,宮崎市,ＩＴサポート九州,サービス,その他サービス,5%
宮崎県,宮崎市,アイトップ 住吉店,小売業,貴金属・服飾品,5%
宮崎県,宮崎市,アイトップ大淀店,小売業,貴金属・服飾品,5%
宮崎県,宮崎市,アイトップ中央店,小売業,貴金属・服飾品,5%
宮崎県,宮崎市,アイマスク専門店ｕｐｇｒａｎｄ,小売業,その他小売,5%
宮崎県,宮崎市,青島グランドホテル,サービス,宿泊業,5%
宮崎県,宮崎市,青島ゲストハウス風樹,サービス,その他サービス,5%
宮崎県,宮崎市,青島水光苑ホテル,サービス,宿泊業,5%
宮崎県,宮崎市,青島ハンモック,小売業,その他小売,5%
宮崎県,宮崎市,赤江ＳＳ,小売業,ガソリンスタンド,2%
宮崎県,宮崎市,あかえ電化,小売業,電化製品,5%
宮崎県,宮崎市,赤帽あおき運送,サービス,その他サービス,5%
宮崎県,宮崎市,アクアポット アクアポット,サービス,飲食業,5%
宮崎県,宮崎市,ＡｃｔｉｖｅＬｉｆｅＫｅｅｐｉｎｇ,サービス,理容・美容業,5%
宮崎県,宮崎市,Ａｇｕ ｈａｉｒ Ａｇｕ ｈａｉｒ ｃｒａｎｅ宮崎,サービス,理容・美容業,5%
宮崎県,宮崎市,ａｇｒｉａｒｔ,小売業,その他小売,5%
宮崎県,宮崎市,あさひケ丘釣具店,小売業,その他小売,5%
宮崎県,宮崎市,アジサイアパートメント,小売業,衣料品,5%
宮崎県,宮崎市,ａｇｉｌｉ,サービス,理容・美容業,5%
宮崎県,宮崎市,ａｓ－ｕｆｏｒｈａｉｒ,サービス,理容・美容業,5%
宮崎県,宮崎市,アットマーク宮崎,サービス,その他サービス,5%
宮崎県,宮崎市,あっぱれ食堂,サービス,飲食業,5%
宮崎県,宮崎市,アドバンス工業,小売業,電化製品,5%
宮崎県,宮崎市,あとひきラーメン田野本店,サービス,飲食業,5%
宮崎県,宮崎市,ＡＴＯＭｉｃａ,サービス,その他サービス,5%
宮崎県,宮崎市,ｃａｆｅ ｂａｎｂａｎｈｅｙ,サービス,飲食業,5%
宮崎県,宮崎市,炙ダイニング やいちゃッ亭 宮崎店,サービス,飲食業,5%
宮崎県,宮崎市,アライヴ,サービス,その他サービス,5%
宮崎県,宮崎市,ａ ｌｉｔｔｌｅ ｓａｌｏｎ ｎｉｉｉｎａ,サービス,理容・美容業,5%
宮崎県,宮崎市,アレーズ 加納,小売業,その他小売,5%
宮崎県,宮崎市,アレーズ 宮崎店,小売業,衣料品,5%
宮崎県,宮崎市,アロマフルール,小売業,その他小売,5%
宮崎県,宮崎市,ａｒｏｍａ ｆｌｅｕｒ,小売業,その他小売,5%
宮崎県,宮崎市,ａｒｏｍａ ｆｌｅｕｒ 南宮崎校,小売業,その他小売,5%
宮崎県,宮崎市,ａｎ ａｒｔ ｓｏｈｏ,サービス,理容・美容業,5%
宮崎県,宮崎市,アンアール宮崎店,小売業,衣料品,5%
宮崎県,宮崎市,アンシンサポート 竹田ランチェスター経営 宮崎,小売業,書籍・玩具・音楽ＣＤ,5%
宮崎県,宮崎市,安心堂佛壇店,小売業,その他小売,5%
宮崎県,宮崎市,ＵＮＤＥＲ ＴＨＥ ＳＵＮ ＳＵＩＴＥ【アンダーザサンスイート】,サービス,理容・美容業,5%
宮崎県,宮崎市,Ｕｎｄｅｒ Ｔｈｅ Ｓｕｎ ｎａｔｕｒａｌ ＆ ｏｒｇａｎｉｃｓ,サービス,理容・美容業,5%
宮崎県,宮崎市,ａｎｄ ｂｕｂｂｌｅ,サービス,飲食業,5%
宮崎県,宮崎市,アンビエンス,小売業,衣料品,5%
宮崎県,宮崎市,居心地屋 やまぢ,サービス,飲食業,5%
宮崎県,宮崎市,イタリア料理カプリチョーザ,サービス,飲食業,2%
宮崎県,宮崎市,いちりゅう南宮崎店 いちりゅう南宮崎店,サービス,飲食業,5%
宮崎県,宮崎市,いちろく有限会社,小売業,その他小売,5%
宮崎県,宮崎市,一心鮨 光洋,サービス,飲食業,5%
宮崎県,宮崎市,胃袋直撃食堂 チャンプ,サービス,飲食業,5%
宮崎県,宮崎市,胃袋直撃食堂 チャンプ！！,サービス,飲食業,5%
宮崎県,宮崎市,インテリアショップライフ ミヤザキ,小売業,その他小売,5%
宮崎県,宮崎市,インテリアショップライフ ミヤザキテン,小売業,家具・調度品,5%
宮崎県,宮崎市,インフィニット合同会社,サービス,その他サービス,5%
宮崎県,宮崎市,ウィビー車検パーク,小売業,ガソリンスタンド,2%
宮崎県,宮崎市,うを旬,サービス,飲食業,5%
宮崎県,宮崎市,うどん茶房 ふなや,サービス,飲食業,5%
宮崎県,宮崎市,うどん茶房ふなや,サービス,飲食業,5%
宮崎県,宮崎市,ウメコウジ佐土原本店,小売業,食料品,5%
宮崎県,宮崎市,ＡＩＲ Ｂｅａｕｔｙ Ｌｏｕｎｇｅ【エアー】,サービス,理容・美容業,5%
宮崎県,宮崎市,ＨＴＨ Ｄｏｇ Ｓｃｈｏｏｌ,サービス,その他サービス,5%
宮崎県,宮崎市,榮鶏庵,サービス,飲食業,5%
宮崎県,宮崎市,えこる宮崎店,サービス,その他サービス,5%
宮崎県,宮崎市,江坂商会 江坂商会,小売業,その他小売,5%
宮崎県,宮崎市,エステＷＡＭ 宮崎店,サービス,理容・美容業,5%
宮崎県,宮崎市,エステ ＷＡＭ 宮崎店,サービス,理容・美容業,5%
宮崎県,宮崎市,Ｅｄｏハウス,サービス,その他サービス,5%
宮崎県,宮崎市,えのきサイクル,小売業,その他小売,5%
宮崎県,宮崎市,えのきサイクル,小売業,その他小売,5%
宮崎県,宮崎市,えのきサイクル２,小売業,その他小売,5%
宮崎県,宮崎市,Ｆファクトリー,小売業,その他小売,5%
宮崎県,宮崎市,ＭＲＴ ＭＩＣＣ,小売業,衣料品,5%
宮崎県,宮崎市,ＭＬＴ株式会社 ＭＬＴｓｐｏｒｔｓ,サービス,その他サービス,5%
宮崎県,宮崎市,艶Ⅲ,サービス,飲食業,5%
宮崎県,宮崎市,エントランス浜ゆう,小売業,その他小売,5%
宮崎県,宮崎市,大塚どうぶつ病院,サービス,その他サービス,5%
宮崎県,宮崎市,オートクロギ,小売業,その他小売,5%
宮崎県,宮崎市,オートショップ Ｃａｒ グッチ,サービス,その他サービス,5%
宮崎県,宮崎市,鳳焼 凱,サービス,飲食業,5%
宮崎県,宮崎市,大原自動車整備工場,サービス,その他サービス,5%
宮崎県,宮崎市,大盛うどん,サービス,飲食業,5%
宮崎県,宮崎市,Ｏ輪,サービス,飲食業,5%
宮崎県,宮崎市,岡﨑石油,小売業,電化製品,5%
宮崎県,宮崎市,お菓子の浩屋,小売業,食料品,5%
宮崎県,宮崎市,お菓子のよしだ家,小売業,食料品,5%
宮崎県,宮崎市,おくぞの,小売業,電化製品,5%
宮崎県,宮崎市,お食事 女島,サービス,飲食業,5%
宮崎県,宮崎市,お食事処 こくぶ,サービス,飲食業,5%
宮崎県,宮崎市,お茶の美老園本店,小売業,食料品,5%
宮崎県,宮崎市,ｏｔｔａｌａ食堂,サービス,飲食業,5%
宮崎県,宮崎市,鬼扇,サービス,飲食業,5%
宮崎県,宮崎市,おらが村,サービス,飲食業,5%
宮崎県,宮崎市,オリックスレンタカー宮崎駅前店,サービス,その他サービス,2%
宮崎県,宮崎市,オリックスレンタカー宮崎空港フェニックス店,サービス,その他サービス,2%
宮崎県,宮崎市,オリックスレンタカー宮崎空港ベアーズ店,サービス,その他サービス,2%
宮崎県,宮崎市,オリックスレンタカー宮崎橘通店,サービス,その他サービス,2%
宮崎県,宮崎市,カーケア後藤,サービス,その他サービス,5%
宮崎県,宮崎市,Ｇａｒｄｅｎ,サービス,その他サービス,5%
宮崎県,宮崎市,カーテン工房 窓,小売業,家具・調度品,5%
宮崎県,宮崎市,カーテンのヨシイ カーテンのヨシイ,小売業,その他小売,5%
宮崎県,宮崎市,海舟寿し,小売業,食料品,5%
宮崎県,宮崎市,かい理容室,サービス,理容・美容業,5%
宮崎県,宮崎市,カイロプラクティックハンズボーン,サービス,理容・美容業,5%
宮崎県,宮崎市,カーヴ・ド・ヴァン エレヴァージュ,小売業,その他小売,5%
宮崎県,宮崎市,ＫａＫａＰａｎ．ＳｋｉｍＳｈｏｐ,小売業,その他小売,5%
宮崎県,宮崎市,カギの１１０番 大塚窪田店,小売業,その他小売,5%
宮崎県,宮崎市,カギの１１０番 大塚店,小売業,その他小売,5%
宮崎県,宮崎市,カギの１１０番 昭和店,小売業,その他小売,5%
宮崎県,宮崎市,カクイックスウィング 宮崎営業所,小売業,その他小売,5%
宮崎県,宮崎市,学生服のハトヤ 大塚店,小売業,衣料品,5%
宮崎県,宮崎市,学生服のハトヤ 大淀店,小売業,衣料品,5%
宮崎県,宮崎市,学生服のハトヤ 花ヶ島店,小売業,衣料品,5%
宮崎県,宮崎市,学生服のハトヤ 本店,小売業,衣料品,5%
宮崎県,宮崎市,ｋａｎａｏａｈａｉｒｄｅｓｉｇｎ,サービス,理容・美容業,5%
宮崎県,宮崎市,カナオア ヘアデザイン ｋａｎａｏａ ｈａｉｒ ｄｅｓｉｇｎ,サービス,理容・美容業,5%
宮崎県,宮崎市,加納給油所,小売業,ガソリンスタンド,2%
宮崎県,宮崎市,かのうペットメモリアル,サービス,その他サービス,5%
宮崎県,宮崎市,カフェ茉莉花,サービス,飲食業,5%
宮崎県,宮崎市,（株）ａｒｔｅｌａｂｏ,小売業,家具・調度品,5%
宮崎県,宮崎市,株式会社安藤商事 セキド宮崎中央,小売業,書籍・玩具・音楽ＣＤ,5%
宮崎県,宮崎市,株式会社エボリューション,サービス,その他サービス,5%
宮崎県,宮崎市,株式会社キヨナガ 宮崎営業本部,サービス,その他サービス,5%
宮崎県,宮崎市,株）コマツレンタル宮崎南宮崎機材センター,サービス,その他サービス,5%
宮崎県,宮崎市,株式会社コマツレンタル宮崎 宮崎中央店,サービス,その他サービス,5%
宮崎県,宮崎市,株式会社サンネット ヤマサキ文具館 本店,小売業,その他小売,5%
宮崎県,宮崎市,株式会社サンネット ヤマサキ文具館 住吉店,小売業,その他小売,5%
宮崎県,宮崎市,株式会社サンネット ヤマサキ文具館 赤江店,小売業,その他小売,5%
宮崎県,宮崎市,株式会社システム一,サービス,その他サービス,5%
宮崎県,宮崎市,株式会社西村楽器,小売業,書籍・玩具・音楽ＣＤ,5%
宮崎県,宮崎市,株式会社フォーヴス ｍａｓａｈｉｒｏ,サービス,飲食業,5%
宮崎県,宮崎市,株式会社宮崎ドライビングスクール,サービス,その他サービス,5%
宮崎県,宮崎市,モリミキ,サービス,その他サービス,5%
宮崎県,宮崎市,株式会社 モンレーヴヒダカ,小売業,貴金属・服飾品,5%
宮崎県,宮崎市,釜焼鳥 嬉音 （うれしね）,サービス,飲食業,5%
宮崎県,宮崎市,髪工房えのき,サービス,理容・美容業,5%
宮崎県,宮崎市,髪芝居,サービス,理容・美容業,5%
宮崎県,宮崎市,ＣＡＭ ＯＮ,サービス,飲食業,5%
宮崎県,宮崎市,かめや釣具 宮崎店,小売業,その他小売,5%
宮崎県,宮崎市,かめや釣具 南宮崎店,小売業,その他小売,5%
宮崎県,宮崎市,ＣＯＬＯＲＢＡＲ,サービス,理容・美容業,5%
宮崎県,宮崎市,ＣｏＬｏｒＦｕＬ,サービス,理容・美容業,5%
宮崎県,宮崎市,ＧＡＲＡＧＥ ＣＯＦＦＥＥ,サービス,飲食業,5%
宮崎県,宮崎市,カレーハウスココ壱番屋宮崎大塚町店,サービス,飲食業,2%
宮崎県,宮崎市,カレーハウスＣＯＣＯ壱番屋宮崎新名爪店,サービス,飲食業,2%
宮崎県,宮崎市,カレーハウスココ壱番屋宮崎日の出町店,サービス,飲食業,2%
宮崎県,宮崎市,カレーハウスココ壱番屋宮崎南バイパス店,サービス,飲食業,2%
宮崎県,宮崎市,ガレージ カウト,小売業,その他小売,5%
宮崎県,宮崎市,川崎理容,サービス,理容・美容業,5%
宮崎県,宮崎市,カワヒロ,サービス,その他サービス,5%
宮崎県,宮崎市,ＫＩＯＬＡ ＳＰＡ【キオラスパ】,サービス,その他サービス,5%
宮崎県,宮崎市,季肴ひらり,サービス,飲食業,5%
宮崎県,宮崎市,季節料理 かわの,サービス,飲食業,5%
宮崎県,宮崎市,季節料理 かわの,サービス,飲食業,5%
宮崎県,宮崎市,木花ＳＳ,小売業,ガソリンスタンド,2%
宮崎県,宮崎市,キママブックス,サービス,その他サービス,5%
宮崎県,宮崎市,キャピックミヤザキ,サービス,その他サービス,5%
宮崎県,宮崎市,ギャラリー陶花,小売業,その他小売,5%
宮崎県,宮崎市,牛角宮崎大島通線店,サービス,飲食業,2%
宮崎県,宮崎市,九州消防,小売業,その他小売,5%
宮崎県,宮崎市,牛肉論,サービス,飲食業,5%
宮崎県,宮崎市,餃子のよどがわ,サービス,飲食業,5%
宮崎県,宮崎市,郷土旬菜もも鐵 えん,サービス,飲食業,5%
宮崎県,宮崎市,清武ＳＳ,小売業,ガソリンスタンド,2%
宮崎県,宮崎市,セブン－イレブン清武池田台入口店,小売業,食料品,2%
宮崎県,宮崎市,清武インターＳＳ,小売業,ガソリンスタンド,2%
宮崎県,宮崎市,セブン－イレブン清武加納店,小売業,食料品,2%
宮崎県,宮崎市,セブン－イレブン清武看護大学前店,小売業,食料品,2%
宮崎県,宮崎市,セブン－イレブン清武木原店,小売業,食料品,2%
宮崎県,宮崎市,セブン－イレブン清武沓掛店,小売業,食料品,2%
宮崎県,宮崎市,セブン－イレブン清武町役場前店,小売業,食料品,2%
宮崎県,宮崎市,ｇｉｎｇａ,サービス,理容・美容業,5%
宮崎県,宮崎市,Ｃｏｏ＆ＲＩＫＵ宮崎店,小売業,その他小売,5%
宮崎県,宮崎市,串焼 ＫＩＤＥＮ,サービス,飲食業,5%
宮崎県,宮崎市,くすりのドリーム,小売業,その他小売,5%
宮崎県,宮崎市,くつかけ荘,小売業,その他小売,5%
宮崎県,宮崎市,ＧＯＯＤ ＦＥＬＬＯＷＳ,小売業,衣料品,5%
宮崎県,宮崎市,靴のテヅカ 加納店,小売業,衣料品,5%
宮崎県,宮崎市,靴のテヅカ 霧島店,小売業,衣料品,5%
宮崎県,宮崎市,靴のテヅカ 柳丸店,小売業,衣料品,5%
宮崎県,宮崎市,靴のテヅカ佐土原店,小売業,衣料品,5%
宮崎県,宮崎市,熊本印房,小売業,その他小売,5%
宮崎県,宮崎市,ｃｌｏｕｄｈａｉｒｄｅｓｉｇｎ．,サービス,理容・美容業,5%
宮崎県,宮崎市,Ｃｌｕｔｃｈｎｅｓ,サービス,理容・美容業,5%
宮崎県,宮崎市,クラブ Ａ－１,サービス,飲食業,5%
宮崎県,宮崎市,倶楽部艶Ⅲ,サービス,飲食業,5%
宮崎県,宮崎市,クラブ エンペラー,サービス,飲食業,5%
宮崎県,宮崎市,クラブ ＶＵＬＣＡＮ,サービス,飲食業,5%
宮崎県,宮崎市,グランシャリオ,サービス,飲食業,5%
宮崎県,宮崎市,ＧＲＡＮＴ,サービス,理容・美容業,5%
宮崎県,宮崎市,ｃｌｅａｒ【クリア】,サービス,その他サービス,5%
宮崎県,宮崎市,クリーニングショップかわさき,サービス,その他サービス,5%
宮崎県,宮崎市,グリートダイバーズ,小売業,その他小売,5%
宮崎県,宮崎市,grimm,小売業,衣料品,5%
宮崎県,宮崎市,久留米マルキュー整備株式会社 宮崎工場,サービス,その他サービス,5%
宮崎県,宮崎市,ＣｒｅｓｔＭｏｔｏｒ,小売業,その他小売,5%
宮崎県,宮崎市,グロウアップ,サービス,その他サービス,5%
宮崎県,宮崎市,クローナ,小売業,家具・調度品,5%
宮崎県,宮崎市,くろきストアー,小売業,その他小売,5%
宮崎県,宮崎市,ぐんけい本店 隠蔵,サービス,飲食業,5%
宮崎県,宮崎市,ぐんけい宮崎駅前店きてん,サービス,飲食業,5%
宮崎県,宮崎市,ケイ アイ シー企画 ｕｎｉｏｎ３柳丸店,小売業,衣料品,5%
宮崎県,宮崎市,ケイズストリートホテル宮崎,サービス,宿泊業,5%
宮崎県,宮崎市,現金問屋ダイコク宮崎店,小売業,家具・調度品,5%
宮崎県,宮崎市,建築図書館ｇｒａｍ,小売業,家具・調度品,5%
宮崎県,宮崎市,光学堂イオンモール宮崎店,小売業,貴金属・服飾品,5%
宮崎県,宮崎市,合資会社 尾崎商店,小売業,食料品,5%
宮崎県,宮崎市,高妻商事,小売業,貴金属・服飾品,5%
宮崎県,宮崎市,合同会社Ｓｅｒｅｎｏ,サービス,理容・美容業,5%
宮崎県,宮崎市,コウロギ動物病院,サービス,その他サービス,5%
宮崎県,宮崎市,ＣＯＲＮＥＲ,サービス,飲食業,5%
宮崎県,宮崎市,コーヒー ビーンズ,サービス,飲食業,5%
宮崎県,宮崎市,セブン－イレブン古賀総合病院店,小売業,食料品,2%
宮崎県,宮崎市,悟空,サービス,飲食業,5%
宮崎県,宮崎市,フット＆ヘルスココアンジュ,サービス,理容・美容業,5%
宮崎県,宮崎市,ＣＯＣＯＴＨＡＩ ロムエシア,サービス,その他サービス,5%
宮崎県,宮崎市,ここちや本店 ここちや本店,サービス,飲食業,5%
宮崎県,宮崎市,コーザ・ノストラ宮崎,小売業,衣料品,5%
宮崎県,宮崎市,コーザノストラ宮崎ショップ,小売業,衣料品,5%
宮崎県,宮崎市,個人安藤タクシー,サービス,運輸業,5%
宮崎県,宮崎市,個人 石川タクシー,サービス,運輸業,5%
宮崎県,宮崎市,個人 岩切（節）タクシー,サービス,運輸業,5%
宮崎県,宮崎市,個人 大脇タクシー,サービス,運輸業,5%
宮崎県,宮崎市,個人奥タクシー,サービス,運輸業,5%
宮崎県,宮崎市,個人斉藤タクシー,サービス,運輸業,5%
宮崎県,宮崎市,谷水タクシー,サービス,運輸業,5%
宮崎県,宮崎市,個人図師タクシー,サービス,運輸業,5%
宮崎県,宮崎市,個人 中山タクシー,サービス,運輸業,5%
宮崎県,宮崎市,個人橋之口タクシー,サービス,運輸業,5%
宮崎県,宮崎市,コスメティック ミノリ,小売業,その他小売,5%
宮崎県,宮崎市,『子宝・安産の宿』 地蔵庵,サービス,その他サービス,5%
宮崎県,宮崎市,ＫＯＤＡＭＡＰＡＮ,小売業,食料品,5%
宮崎県,宮崎市,ゴルフドゥ宮崎北店,小売業,その他小売,2%
宮崎県,宮崎市,ＣＯＬＬＥＣＴ ＳＴＯＲＥ,小売業,衣料品,5%
宮崎県,宮崎市,Ｔｈｅ Ｂｒｉｌｌｉａｎｔ Ｃｏｆｆｅｅ,サービス,飲食業,5%
宮崎県,宮崎市,Ｔｈｅ Ｖａｓｅ 行,サービス,理容・美容業,5%
宮崎県,宮崎市,酒蔵 あおき,サービス,飲食業,5%
宮崎県,宮崎市,サキナビューティーラウンジ宮崎,小売業,その他小売,5%
宮崎県,宮崎市,酒のソクハイ宮崎西銀座通店,小売業,その他小売,5%
宮崎県,宮崎市,ササキオート,小売業,その他小売,5%
宮崎県,宮崎市,指物工房矢澤,小売業,家具・調度品,5%
宮崎県,宮崎市,さつま地鶏炙り焼き〔しせん〕宮崎２号店,サービス,飲食業,5%
宮崎県,宮崎市,佐土原ＳＳ,小売業,ガソリンスタンド,2%
宮崎県,宮崎市,佐土原ＳＳ,小売業,ガソリンスタンド,2%
宮崎県,宮崎市,佐土原町ＳＳ,小売業,ガソリンスタンド,2%
宮崎県,宮崎市,セブン－イレブン佐土原上田島店,小売業,食料品,2%
宮崎県,宮崎市,セブン－イレブン佐土原下田島店,小売業,食料品,2%
宮崎県,宮崎市,セブン－イレブン佐土原東上那珂店,小売業,食料品,2%
宮崎県,宮崎市,セブン－イレブン佐土原久峰店,小売業,食料品,2%
宮崎県,宮崎市,セブン－イレブン佐土原広瀬中学校前店,小売業,食料品,2%
宮崎県,宮崎市,セブン－イレブン佐土原宮本原店,小売業,食料品,2%
宮崎県,宮崎市,sabbath,小売業,衣料品,5%
宮崎県,宮崎市,ＴＨＥ ＰＵＢＬＩＣ ＴＡＢＬＥ,サービス,飲食業,5%
宮崎県,宮崎市,Ｔｈｅ Ｆｉｌｍ,サービス,飲食業,5%
宮崎県,宮崎市,有限会社サロンドフジエ,サービス,理容・美容業,5%
宮崎県,宮崎市,山椒茶屋 宮崎店,サービス,飲食業,5%
宮崎県,宮崎市,三丁目カフェ,サービス,飲食業,5%
宮崎県,宮崎市,三和交通,小売業,家具・調度品,5%
宮崎県,宮崎市,Ｊネットレンタカー宮崎株式会社 宮崎店,サービス,その他サービス,2%
宮崎県,宮崎市,Ｊネットレンタカー宮崎株式会社 宮崎空港店,サービス,その他サービス,2%
宮崎県,宮崎市,しぇこぱん,サービス,飲食業,5%
宮崎県,宮崎市,Ｃｈｅｒｉｒ【シェリール】,サービス,その他サービス,5%
宮崎県,宮崎市,四季旬彩えびす,サービス,飲食業,5%
宮崎県,宮崎市,四季の食膳 おがた,サービス,飲食業,5%
宮崎県,宮崎市,雫,サービス,飲食業,5%
宮崎県,宮崎市,地鶏や肴や鰻やら ここちや本店,サービス,飲食業,5%
宮崎県,宮崎市,しふぉん,小売業,その他小売,5%
宮崎県,宮崎市,ＪＫＰｌａｎｅｔ宮崎店,小売業,貴金属・服飾品,5%
宮崎県,宮崎市,シャトーレストラン ベルエポック,サービス,飲食業,5%
宮崎県,宮崎市,ＪＵＮＫ 宮崎,サービス,飲食業,5%
宮崎県,宮崎市,Ｃｈｏｕ Ｃｈｏｕ Ｒｏｏｍ,小売業,衣料品,5%
宮崎県,宮崎市,寿里庵 中央通店,サービス,飲食業,5%
宮崎県,宮崎市,潤粋,サービス,飲食業,5%
宮崎県,宮崎市,ショッピングたうんウィリー,小売業,その他小売,5%
宮崎県,宮崎市,ショッピングのだ,小売業,その他小売,5%
宮崎県,宮崎市,ショッピングのだ出来島店,小売業,その他小売,5%
宮崎県,宮崎市,ＳｉｌｉＢＡＧＳｔｏｒｅｓ,小売業,衣料品,5%
宮崎県,宮崎市,シルバニアファミリー森のお家宮崎店,小売業,書籍・玩具・音楽ＣＤ,5%
宮崎県,宮崎市,神宮写真館,サービス,その他サービス,5%
宮崎県,宮崎市,神宮写真館 小松台店,サービス,その他サービス,5%
宮崎県,宮崎市,新城コンタクトレンズ,小売業,その他小売,5%
宮崎県,宮崎市,新日本補聴器センター宮崎店,小売業,その他小売,5%
宮崎県,宮崎市,粋,サービス,飲食業,5%
宮崎県,宮崎市,スーパーびせ,小売業,その他小売,5%
宮崎県,宮崎市,末広ＳＳ,小売業,ガソリンスタンド,2%
宮崎県,宮崎市,寿司処 一平,サービス,飲食業,5%
宮崎県,宮崎市,スタジオ ステップ 宮崎店,サービス,その他サービス,5%
宮崎県,宮崎市,すたみな太郎 宮崎店,サービス,飲食業,5%
宮崎県,宮崎市,スタンス 宮崎店,小売業,衣料品,5%
宮崎県,宮崎市,ステッサ＆オルソ,サービス,飲食業,5%
宮崎県,宮崎市,スフィア有限会社,サービス,その他サービス,5%
宮崎県,宮崎市,株式会社ラヴィータ,サービス,その他サービス,5%
宮崎県,宮崎市,ｓｍｉｌｅｃｏｕｒｉｅｒ,小売業,その他小売,5%
宮崎県,宮崎市,スマイルフット宮崎,サービス,その他サービス,5%
宮崎県,宮崎市,炭火串処 そうげん,サービス,飲食業,5%
宮崎県,宮崎市,炭火ホルモン 縁克起,サービス,飲食業,5%
宮崎県,宮崎市,炭火もも焼き酒場 もも鐡,サービス,飲食業,5%
宮崎県,宮崎市,炭火焼 鳥辰 炭火焼鳥辰,サービス,飲食業,5%
宮崎県,宮崎市,炭火焼肉 牛八,サービス,飲食業,5%
宮崎県,宮崎市,炭火焼肉みはら,サービス,飲食業,5%
宮崎県,宮崎市,セブンプラザ清武店,小売業,電化製品,5%
宮崎県,宮崎市,セルフ生目の杜ＳＳ,小売業,ガソリンスタンド,2%
宮崎県,宮崎市,セルフ大塚SS,小売業,ガソリンスタンド,2%
宮崎県,宮崎市,セルフカーケア大島SS,小売業,ガソリンスタンド,2%
宮崎県,宮崎市,セルフ源藤ＳＳ,小売業,ガソリンスタンド,2%
宮崎県,宮崎市,セルフシーサイド佐土原ＳＳ,小売業,ガソリンスタンド,2%
宮崎県,宮崎市,Ｄｒ．Ｄｒｉｖｅセルフ新別府,小売業,ガソリンスタンド,2%
宮崎県,宮崎市,セルフステーション小松台,小売業,ガソリンスタンド,2%
宮崎県,宮崎市,セルフ橘通ＳＳ,小売業,ガソリンスタンド,2%
宮崎県,宮崎市,セルフ平和台ＳＳ,小売業,ガソリンスタンド,2%
宮崎県,宮崎市,セルフ宝財ＳＳ,小売業,ガソリンスタンド,2%
宮崎県,宮崎市,セルフ大和ＳＳ,小売業,ガソリンスタンド,2%
宮崎県,宮崎市,セレス かわぐち,小売業,電化製品,5%
宮崎県,宮崎市,セレス こづつみ,小売業,電化製品,5%
宮崎県,宮崎市,セレスゴトウ,小売業,電化製品,5%
宮崎県,宮崎市,ＢＰＭセレブ宮崎,小売業,ガソリンスタンド,2%
宮崎県,宮崎市,セレモニーやまおく宮崎,小売業,その他小売,5%
宮崎県,宮崎市,仙台牛タン あらし,サービス,飲食業,5%
宮崎県,宮崎市,鮮ど市場大塚店,小売業,食料品,5%
宮崎県,宮崎市,鮮ど市場南宮崎店,小売業,食料品,5%
宮崎県,宮崎市,鮮ど市場元宮店,小売業,食料品,5%
宮崎県,宮崎市,鮮ど市場柳丸店,小売業,食料品,5%
宮崎県,宮崎市,せんのみのり,小売業,食料品,5%
宮崎県,宮崎市,創作居酒屋 彩,サービス,飲食業,5%
宮崎県,宮崎市,創作和食 すぎ田,サービス,飲食業,5%
宮崎県,宮崎市,創作和食けいすけ,サービス,飲食業,5%
宮崎県,宮崎市,Ｄａｒｔｓ Ｓｈｏｐ ＴｉＴＯ 宮崎店,小売業,その他小売,5%
宮崎県,宮崎市,ダイコク 宮崎店,サービス,その他サービス,5%
宮崎県,宮崎市,Ｄｉｎｉｎｇｋｉｔｃｈｅｎ Ｄａｄｏ ｄｉ ｐｉｎｏ,サービス,飲食業,5%
宮崎県,宮崎市,ダイニングこう,サービス,飲食業,5%
宮崎県,宮崎市,台湾シャンプー宮﨑,サービス,その他サービス,5%
宮崎県,宮崎市,高岡ＳＳ,小売業,ガソリンスタンド,2%
宮崎県,宮崎市,高岡ＳＳ,小売業,ガソリンスタンド,2%
宮崎県,宮崎市,セブン－イレブン高岡花見店,小売業,食料品,2%
宮崎県,宮崎市,炊き餃子ともも焼のお店 おにうま,サービス,飲食業,5%
宮崎県,宮崎市,たぬｐｈｏｎｅ,小売業,電化製品,5%
宮崎県,宮崎市,田野 ＳＳ,小売業,ガソリンスタンド,2%
宮崎県,宮崎市,田野ＳＳ,小売業,ガソリンスタンド,2%
宮崎県,宮崎市,Ｔａｆｆｅｅ,小売業,衣料品,5%
宮崎県,宮崎市,ダブルピース,サービス,飲食業,5%
宮崎県,宮崎市,ｄａ．Ｌｉｋｅ【ダ．ライク】,サービス,理容・美容業,5%
宮崎県,宮崎市,有限会社太郎と花子,小売業,その他小売,5%
宮崎県,宮崎市,ＤａｎｃｅＳｃｈｏｏｌ「Ｂａｓｅｍｅｎｔ」／Ｍ＇ｓＣｒｅａｔｉｏｎ,サービス,その他サービス,5%
宮崎県,宮崎市,千峻,サービス,飲食業,5%
宮崎県,宮崎市,中国膳菜 凛果,サービス,飲食業,5%
宮崎県,宮崎市,ちょっぺん,サービス,飲食業,5%
宮崎県,宮崎市,ツバメガスフロンティア 宮崎支店,小売業,その他小売,5%
宮崎県,宮崎市,定食屋Ｃａｆｅ’わるん,サービス,飲食業,5%
宮崎県,宮崎市,ティナプリ松江店,小売業,衣料品,5%
宮崎県,宮崎市,デサキ 宮崎店,小売業,その他小売,5%
宮崎県,宮崎市,ｔｅｓｈｉｇｏｔｏｙａ３０９号室,小売業,衣料品,5%
宮崎県,宮崎市,テヅカ 一番街店,小売業,衣料品,5%
宮崎県,宮崎市,テヅカ 加納店,小売業,衣料品,5%
宮崎県,宮崎市,テヅカ 佐土原店,小売業,衣料品,5%
宮崎県,宮崎市,テヅカ トムマッキャン 宮崎店,小売業,衣料品,5%
宮崎県,宮崎市,テヅカ 本部,小売業,衣料品,5%
宮崎県,宮崎市,手づくり珈琲の店 豆蔵,サービス,飲食業,5%
宮崎県,宮崎市,鉄板居酒屋 ゆるり,サービス,飲食業,5%
宮崎県,宮崎市,鉄板焼 紫鈴,サービス,飲食業,5%
宮崎県,宮崎市,テニスハウス サンプラス,小売業,その他小売,5%
宮崎県,宮崎市,テバちゃん,小売業,食料品,5%
宮崎県,宮崎市,てらだ,小売業,その他小売,5%
宮崎県,宮崎市,でんかプラザ,小売業,電化製品,5%
宮崎県,宮崎市,でんかプラザおがた,小売業,電化製品,5%
宮崎県,宮崎市,でんかプラザこばやし,小売業,電化製品,5%
宮崎県,宮崎市,でんかプラザマツグチ,小売業,電化製品,5%
宮崎県,宮崎市,でんかプラザヤマシタ,小売業,電化製品,5%
宮崎県,宮崎市,でんきの ナカタケ,小売業,電化製品,5%
宮崎県,宮崎市,電器のヤスタケ,小売業,電化製品,5%
宮崎県,宮崎市,天空嵐,サービス,飲食業,5%
宮崎県,宮崎市,とうがらし,サービス,飲食業,5%
宮崎県,宮崎市,トータルインテリア写楽,小売業,その他小売,5%
宮崎県,宮崎市,とくよう電器,小売業,電化製品,5%
宮崎県,宮崎市,トータルウェディングハウス美優館,サービス,その他サービス,5%
宮崎県,宮崎市,ドッグラン＆カフェ ＩＣＯＩ,サービス,その他サービス,5%
宮崎県,宮崎市,トネガワ自動車テスター工場,サービス,その他サービス,5%
宮崎県,宮崎市,トミヤマエンタープライズ,小売業,衣料品,5%
宮崎県,宮崎市,トヨタカローラ宮崎大塚店,小売業,その他小売,5%
宮崎県,宮崎市,トヨタカローラ宮崎空港店,小売業,その他小売,5%
宮崎県,宮崎市,トヨタカローラ宮崎花ヶ島店,小売業,その他小売,5%
宮崎県,宮崎市,トヨタカローラ宮崎Ｕ－Ｃａｒ花ヶ島店,小売業,その他小売,5%
宮崎県,宮崎市,トヨタ部品宮崎共販本社,サービス,その他サービス,5%
宮崎県,宮崎市,トヨタレンタリース宮崎,サービス,その他サービス,5%
宮崎県,宮崎市,トヨタレンタリース宮崎 宮崎空港店,サービス,その他サービス,2%
宮崎県,宮崎市,トヨタレンタリース宮崎宮崎店,サービス,その他サービス,2%
宮崎県,宮崎市,トヨタレンタリース宮崎,サービス,その他サービス,2%
宮崎県,宮崎市,トヨタレンタリース宮崎 青島店,サービス,その他サービス,5%
宮崎県,宮崎市,トヨタレンタリース宮崎 大淀店,サービス,その他サービス,5%
宮崎県,宮崎市,ドラッグ ナガノヤ 瀬頭店,小売業,その他小売,5%
宮崎県,宮崎市,ドラッグ ナガノヤ 芳士店,小売業,その他小売,5%
宮崎県,宮崎市,ｔｒｕｎｋ ｏｐｔｉｑｕｅ,小売業,その他小売,5%
宮崎県,宮崎市,ドリームブロッサム,小売業,書籍・玩具・音楽ＣＤ,5%
宮崎県,宮崎市,ＴＲＩＰＢＡＳＥ,サービス,その他サービス,5%
宮崎県,宮崎市,トリロー店舗,サービス,飲食業,5%
宮崎県,宮崎市,ＤＲＥＳＳ ＵＰ ドレス専門店 ドレスアップ ＤＲＥＳＳ ＵＰ,小売業,衣料品,5%
宮崎県,宮崎市,ドレスのフルタ,小売業,衣料品,5%
宮崎県,宮崎市,tres bon salon miyazaki,小売業,衣料品,5%
宮崎県,宮崎市,ナガノヤ浮の城店,小売業,食料品,5%
宮崎県,宮崎市,ナガノヤ瀬頭店,小売業,食料品,5%
宮崎県,宮崎市,ナガノヤ芳士店,小売業,食料品,5%
宮崎県,宮崎市,ナガノヤまなび野店,小売業,食料品,5%
宮崎県,宮崎市,和み処 あか川,サービス,飲食業,5%
宮崎県,宮崎市,株式会社ナチュラル・イング,サービス,その他サービス,5%
宮崎県,宮崎市,ナチュリエール,サービス,理容・美容業,5%
宮崎県,宮崎市,株式会社南九州健寿,サービス,その他サービス,5%
宮崎県,宮崎市,ナンキュウ 宮崎営業所,小売業,その他小売,5%
宮崎県,宮崎市,肉バルＨＥＬＬＯ！,サービス,飲食業,5%
宮崎県,宮崎市,ＮＩＣＯ,小売業,衣料品,5%
宮崎県,宮崎市,ｎｉｃｏｈａｉｒｓａｌｏｎ,サービス,理容・美容業,5%
宮崎県,宮崎市,日本酒とワインｒｉｎ,サービス,飲食業,5%
宮崎県,宮崎市,日本料理 やました,サービス,飲食業,5%
宮崎県,宮崎市,ニューウェルシティ宮崎,サービス,宿泊業,5%
宮崎県,宮崎市,ネッツトヨタヒムカ大塚店,小売業,その他小売,5%
宮崎県,宮崎市,ネッツトヨタヒムカ花ケ島店,小売業,その他小売,5%
宮崎県,宮崎市,ネッツトヨタヒムカ芳士店マイカーセンター,小売業,その他小売,5%
宮崎県,宮崎市,ネッツトヨタ宮崎赤江店,小売業,その他小売,5%
宮崎県,宮崎市,ネッツトヨタ宮崎大塚店,小売業,その他小売,5%
宮崎県,宮崎市,ネッツトヨタ宮崎郡司分店,小売業,その他小売,5%
宮崎県,宮崎市,ネッツトヨタ宮崎花ケ島店,小売業,その他小売,5%
宮崎県,宮崎市,農産物直売所このはな市 農産物直売所 このはな市,小売業,食料品,5%
宮崎県,宮崎市,のだス－パ－芳士店,小売業,その他小売,5%
宮崎県,宮崎市,ＫＮＯＴ,サービス,飲食業,5%
宮崎県,宮崎市,ＮＯＴＯ,サービス,理容・美容業,5%
宮崎県,宮崎市,ＢＡＲ ＡＷＡＴＯ,サービス,飲食業,5%
宮崎県,宮崎市,ＨＥＡＲＴＹ住吉店,小売業,食料品,5%
宮崎県,宮崎市,Ｐｅｒｄｉｅ１,小売業,その他小売,5%
宮崎県,宮崎市,ハートイン池内ＳＳ,小売業,ガソリンスタンド,2%
宮崎県,宮崎市,ＰＡＵＳＡ?ぱうざ?,サービス,その他サービス,5%
宮崎県,宮崎市,博多もつ鍋山笠,サービス,飲食業,5%
宮崎県,宮崎市,Ｈａｋｏｎｉｗａｃｏｆｆｅｅ,サービス,飲食業,5%
宮崎県,宮崎市,宮崎ステーション店,サービス,その他サービス,5%
宮崎県,宮崎市,パソコン救急センター宮崎店,サービス,その他サービス,5%
宮崎県,宮崎市,パティスリー ブランダジュール,小売業,食料品,5%
宮崎県,宮崎市,パティスリー オールージュ,サービス,飲食業,5%
宮崎県,宮崎市,バドミントンショップＩＢＳ,小売業,その他小売,5%
宮崎県,宮崎市,花アトリエフローラ,小売業,その他小売,5%
宮崎県,宮崎市,花ヶ島給油所,小売業,ガソリンスタンド,2%
宮崎県,宮崎市,花ヶ島自動車教習所 花ヶ島自動車教習所,サービス,その他サービス,5%
宮崎県,宮崎市,糀素弓,サービス,飲食業,5%
宮崎県,宮崎市,バナルコンフォートストア,小売業,衣料品,5%
宮崎県,宮崎市,ハビタ 宮交シティ店,小売業,その他小売,5%
宮崎県,宮崎市,ハピネス 恒久店,小売業,食料品,5%
宮崎県,宮崎市,ハピネス恒久店,小売業,食料品,5%
宮崎県,宮崎市,濱江商店 福々亭,小売業,食料品,5%
宮崎県,宮崎市,ハムショップ宮崎,小売業,その他小売,5%
宮崎県,宮崎市,パリテキサス,小売業,衣料品,5%
宮崎県,宮崎市,ＶＵＬＣＡＮ,サービス,飲食業,5%
宮崎県,宮崎市,バルの２月,サービス,飲食業,5%
宮崎県,宮崎市,はればれ はればれ,サービス,飲食業,5%
宮崎県,宮崎市,ＢＭＯ宮崎店,小売業,衣料品,5%
宮崎県,宮崎市,ビーライン 生目の杜前店,小売業,その他小売,5%
宮崎県,宮崎市,ビーライン 大坪店,小売業,その他小売,5%
宮崎県,宮崎市,ビーライン 空港南店,小売業,その他小売,5%
宮崎県,宮崎市,ビーライン 佐土原本店,小売業,その他小売,5%
宮崎県,宮崎市,ビーライン 島之内店,小売業,その他小売,5%
宮崎県,宮崎市,ビーライン 新名爪店,小売業,その他小売,5%
宮崎県,宮崎市,ビーライン 宮崎東店,小売業,その他小売,5%
宮崎県,宮崎市,ＰｅｒＡｍａｒｅ,サービス,理容・美容業,5%
宮崎県,宮崎市,ＰＩＫＡＫＥ,サービス,理容・美容業,5%
宮崎県,宮崎市,ピカソデュオ,小売業,衣料品,5%
宮崎県,宮崎市,ビジネス宮崎ロイヤルホテル,サービス,宿泊業,5%
宮崎県,宮崎市,美酒＆肴 和季,サービス,飲食業,5%
宮崎県,宮崎市,ビスカ鍼灸院,サービス,その他サービス,5%
宮崎県,宮崎市,Ｂｉｓｔｒｏオオロラ,サービス,飲食業,5%
宮崎県,宮崎市,ビストロ亭,サービス,飲食業,5%
宮崎県,宮崎市,ＰＺガレージ,小売業,その他小売,5%
宮崎県,宮崎市,ピソリーノ フェニックスガーデン店,サービス,飲食業,5%
宮崎県,宮崎市,エステサロンアントレ,サービス,理容・美容業,5%
宮崎県,宮崎市,肥田木電器商会,小売業,電化製品,5%
宮崎県,宮崎市,ひっぱりだこ食堂,サービス,飲食業,5%
宮崎県,宮崎市,ＨＩＮＯサイクル,小売業,その他小売,5%
宮崎県,宮崎市,日ノ出ホルモン,サービス,飲食業,5%
宮崎県,宮崎市,ひむか旬菜 いもがらぼくと,サービス,飲食業,5%
宮崎県,宮崎市,日向路工芸店,小売業,家具・調度品,5%
宮崎県,宮崎市,ＢｅａｕｔｙＣａｍｐＡｕｄｒｅｙ,サービス,理容・美容業,5%
宮崎県,宮崎市,ビューティースタジオ リ・セル,小売業,その他小売,5%
宮崎県,宮崎市,美容室Ｃｌｅａｒ,サービス,理容・美容業,5%
宮崎県,宮崎市,美容室 Ｌａ・ｃｈｏｕ ｃｈｏｕ,サービス,理容・美容業,5%
宮崎県,宮崎市,ビーライン 本店,小売業,その他小売,5%
宮崎県,宮崎市,広瀬電工社,サービス,その他サービス,5%
宮崎県,宮崎市,ファイテンショップ 宮崎店,小売業,その他小売,5%
宮崎県,宮崎市,ＦＩＶＥ,サービス,理容・美容業,5%
宮崎県,宮崎市,ファッションスクエアー イノウエ,小売業,衣料品,5%
宮崎県,宮崎市,ファッションまつやま 赤江店,小売業,衣料品,5%
宮崎県,宮崎市,ファッションまつやま 花ヶ島店,小売業,衣料品,5%
宮崎県,宮崎市,ファニクル,小売業,家具・調度品,5%
宮崎県,宮崎市,ファニクル,小売業,その他小売,5%
宮崎県,宮崎市,５ＴＨ,小売業,衣料品,5%
宮崎県,宮崎市,風雅 宮崎店,小売業,食料品,5%
宮崎県,宮崎市,ｂｏｕｑｕｅｔ【ブーケ】,サービス,理容・美容業,5%
宮崎県,宮崎市,フーデリー青葉店,小売業,食料品,5%
宮崎県,宮崎市,フーデリー赤江店,小売業,食料品,5%
宮崎県,宮崎市,プーラビーダ プラスプラス店,小売業,その他小売,5%
宮崎県,宮崎市,ｆａｃｉａｌｄｅｓｉｇｎＭ．,サービス,理容・美容業,5%
宮崎県,宮崎市,ＦｏｒｇｅｔｍｅｎｏｔＭＡＲＭＡ,サービス,飲食業,5%
宮崎県,宮崎市,フォトスタジオプリンセス宮崎店,サービス,その他サービス,5%
宮崎県,宮崎市,福井石油株式会社 東大宮給油所,小売業,ガソリンスタンド,2%
宮崎県,宮崎市,福井石油株式会社 下北方給油所,小売業,ガソリンスタンド,2%
宮崎県,宮崎市,福井石油株式会社 セントラル給油所,小売業,ガソリンスタンド,2%
宮崎県,宮崎市,福井石油株式会社 イオン市場前給油所,小売業,ガソリンスタンド,2%
宮崎県,宮崎市,福井石油株式会社 天神山給油所,小売業,ガソリンスタンド,2%
宮崎県,宮崎市,福井石油株式会社 福井カーケアセンター,小売業,ガソリンスタンド,2%
宮崎県,宮崎市,福井石油株式会社 シーガイアビューセルフ給油所,小売業,ガソリンスタンド,2%
宮崎県,宮崎市,福井石油株式会社 ルート２６９加納給油所,小売業,ガソリンスタンド,2%
宮崎県,宮崎市,福井石油株式会社 イーグルステーション宮崎南給油所,小売業,ガソリンスタンド,2%
宮崎県,宮崎市,福井石油株式会社 ルート２１９セルフ給油所,小売業,ガソリンスタンド,2%
宮崎県,宮崎市,福井石油株式会社 カーケア山崎台給油所,小売業,ガソリンスタンド,2%
宮崎県,宮崎市,福井石油株式会社 宮崎北セルフ給油所,小売業,ガソリンスタンド,2%
宮崎県,宮崎市,福井プロパン商事株式会社,小売業,その他小売,5%
宮崎県,宮崎市,福井ロードサービス,サービス,その他サービス,5%
宮崎県,宮崎市,福島,サービス,飲食業,5%
宮崎県,宮崎市,福田商事 株式会社,小売業,家具・調度品,5%
宮崎県,宮崎市,福楽饅頭,小売業,食料品,5%
宮崎県,宮崎市,フジオカ電器,小売業,電化製品,5%
宮崎県,宮崎市,富士通オープンカレッジ宮崎校,サービス,その他サービス,5%
宮崎県,宮崎市,藤元自動車工場,サービス,その他サービス,5%
宮崎県,宮崎市,フジヤマプリン宮崎,サービス,飲食業,5%
宮崎県,宮崎市,ＢＵＴＡ ｍａｓａｈｉｒｏ,サービス,飲食業,5%
宮崎県,宮崎市,ｐｅｔｉｔ ｐａｓ,サービス,その他サービス,5%
宮崎県,宮崎市,フーデリー 霧島店,小売業,食料品,5%
宮崎県,宮崎市,フラウンダー,サービス,飲食業,5%
宮崎県,宮崎市,プーラビーダパティーナ店,小売業,その他小売,5%
宮崎県,宮崎市,Ｆｒａｎｇｉｐａｎｉ,サービス,その他サービス,5%
宮崎県,宮崎市,ふらんす食堂Ｂｉｓｔｒｏマルハチ,サービス,飲食業,5%
宮崎県,宮崎市,ＢＬＵＥ ＴＲＵＣＫ ＢＬＵＥ ＴＲＵＣＫ,小売業,衣料品,5%
宮崎県,宮崎市,古着屋ｉｍｐａｃｔ,小売業,衣料品,5%
宮崎県,宮崎市,ｈａｉｒ ｍａｋｅ Ｎｏ．８ ｋｉｒｉｓｈｉｍａ,サービス,理容・美容業,5%
宮崎県,宮崎市,ｈａｉｒ ｍａｋｅ Ｎｏ．８ ｍａｒｕｙａｍａ,サービス,理容・美容業,5%
宮崎県,宮崎市,ヘアー ラルテ,サービス,理容・美容業,5%
宮崎県,宮崎市,ヘアー ライフ トゥルース,サービス,理容・美容業,5%
宮崎県,宮崎市,ｈａｉｒ ＥＮＴＯ【エント】,サービス,理容・美容業,5%
宮崎県,宮崎市,ｈａｉｒｓａｌｏｎ ｋｉｍｕｒａ,サービス,理容・美容業,5%
宮崎県,宮崎市,ｈａｉｒｓａｌｏｎＨＥＡＲＴＹＳ,サービス,理容・美容業,5%
宮崎県,宮崎市,ヘアーサロン５５６,サービス,理容・美容業,5%
宮崎県,宮崎市,ｈａｉｒ ｓ ｓｏｗ,サービス,理容・美容業,5%
宮崎県,宮崎市,ｈａｉｒ’ｓ ｓｏｗ【ヘアーズ ソウ】,サービス,理容・美容業,5%
宮崎県,宮崎市,ヘアーデザインアトリ,サービス,理容・美容業,5%
宮崎県,宮崎市,ヘアメイクレーヴ,サービス,理容・美容業,5%
宮崎県,宮崎市,平和台給油所,小売業,ガソリンスタンド,2%
宮崎県,宮崎市,平和タクシー本社営業所 １１３号車,サービス,運輸業,5%
宮崎県,宮崎市,ベーカリー パンドール ベーカリー パンドール,小売業,食料品,5%
宮崎県,宮崎市,ペニー・レイン,サービス,飲食業,5%
宮崎県,宮崎市,ＢＥＬＬＡ ＤＯＮＮＡ,サービス,理容・美容業,5%
宮崎県,宮崎市,ベルエポックカフェ,サービス,飲食業,5%
宮崎県,宮崎市,ベルフェミン アプレ店,サービス,理容・美容業,5%
宮崎県,宮崎市,ベルフェミン カリヨン店,サービス,理容・美容業,5%
宮崎県,宮崎市,ベルフェミン クレイル店,サービス,理容・美容業,5%
宮崎県,宮崎市,ベルフェミン ココニール店,サービス,理容・美容業,5%
宮崎県,宮崎市,ベルフェミンキルン,サービス,理容・美容業,5%
宮崎県,宮崎市,勉強カフェアライアンス宮崎,サービス,その他サービス,5%
宮崎県,宮崎市,宝飾ギャラリー ステラハウス,小売業,貴金属・服飾品,5%
宮崎県,宮崎市,ＰＯＲＴ ｏｆ ＣＡＬＬ,サービス,理容・美容業,5%
宮崎県,宮崎市,ＨＯＬＹ,サービス,理容・美容業,5%
宮崎県,宮崎市,ボールパークドットコム,小売業,その他小売,5%
宮崎県,宮崎市,ＰＯＲＴＡＬ,小売業,書籍・玩具・音楽ＣＤ,5%
宮崎県,宮崎市,ホットドッグス ＨｏｔＤｏｇｓ,小売業,その他小売,5%
宮崎県,宮崎市,ほていや 本店,小売業,その他小売,5%
宮崎県,宮崎市,ほていや 手芸部,小売業,その他小売,5%
宮崎県,宮崎市,ほていや パピーショップ,小売業,その他小売,5%
宮崎県,宮崎市,ホテルエリアワン宮崎,サービス,宿泊業,5%
宮崎県,宮崎市,ホテルエリアワン宮崎シティ,サービス,宿泊業,5%
宮崎県,宮崎市,ホテル金住,サービス,宿泊業,5%
宮崎県,宮崎市,ホテルセンチュリー宮崎,サービス,宿泊業,5%
宮崎県,宮崎市,ホテルメリージュ,サービス,宿泊業,5%
宮崎県,宮崎市,ホビーゾーン宮崎店,小売業,書籍・玩具・音楽ＣＤ,5%
宮崎県,宮崎市,ホワイトアンドブラック美容院,サービス,理容・美容業,5%
宮崎県,宮崎市,ホワイトアンドブラック美容院,サービス,理容・美容業,5%
宮崎県,宮崎市,ｐｏｎｃｈｉｃｅ,サービス,飲食業,5%
宮崎県,宮崎市,ボンボンボヤージュ,小売業,貴金属・服飾品,5%
宮崎県,宮崎市,マイまくらイオンモール宮崎店,小売業,家具・調度品,5%
宮崎県,宮崎市,まえだストアー 潮見店,小売業,食料品,5%
宮崎県,宮崎市,まえだストアー 潮見店 レジｎｏ ２,小売業,食料品,5%
宮崎県,宮崎市,ＭＡＫＡＮＡ ＯＨＡＮＡｄｅｃｏ,小売業,その他小売,5%
宮崎県,宮崎市,マクドナルド清武クロスモール店,サービス,飲食業,2%
宮崎県,宮崎市,マクドナルド山崎街道店,サービス,飲食業,2%
宮崎県,宮崎市,Ｍｏｔｈｅｒ,サービス,その他サービス,5%
宮崎県,宮崎市,まちかど珈琲焙煎所,小売業,食料品,5%
宮崎県,宮崎市,まつうらコンタクトレンズ,小売業,その他小売,5%
宮崎県,宮崎市,ＭＡＴＳＵＫＯ,サービス,理容・美容業,5%
宮崎県,宮崎市,［ＨＣ］マツシタ電器,小売業,電化製品,5%
宮崎県,宮崎市,マッシュルーム チェリー ベーカリー,小売業,食料品,5%
宮崎県,宮崎市,マツダオートザム宮崎中央,小売業,その他小売,5%
宮崎県,宮崎市,まつの 大塚店,小売業,食料品,5%
宮崎県,宮崎市,まつの 恒久店,小売業,食料品,5%
宮崎県,宮崎市,まつの 西池店,小売業,食料品,5%
宮崎県,宮崎市,ＭＡＤＯショップ宮崎飯田店,小売業,その他小売,5%
宮崎県,宮崎市,ＭＡＨＡＬＯ ＤＯＵＧＨＮＵＴ ＬＡＢＯ,小売業,食料品,5%
宮崎県,宮崎市,マルイチ 本郷店,小売業,食料品,5%
宮崎県,宮崎市,マルイチ本郷店,小売業,食料品,5%
宮崎県,宮崎市,マルイチ丸山店,小売業,食料品,5%
宮崎県,宮崎市,マルイチ丸山店,小売業,食料品,5%
宮崎県,宮崎市,丸金本店,サービス,飲食業,5%
宮崎県,宮崎市,丸金本店,サービス,飲食業,5%
宮崎県,宮崎市,マルショク 加納店,小売業,食料品,5%
宮崎県,宮崎市,マンガ倉庫 加納店,小売業,その他小売,5%
宮崎県,宮崎市,マンガ倉庫宮崎店,小売業,その他小売,5%
宮崎県,宮崎市,中華料理満月,サービス,飲食業,5%
宮崎県,宮崎市,まんごや,サービス,飲食業,5%
宮崎県,宮崎市,まんぺい,サービス,飲食業,5%
宮崎県,宮崎市,ＭｅａｔｄｅＭｅｅｔ,サービス,飲食業,5%
宮崎県,宮崎市,みしん市場 青葉町店,小売業,電化製品,5%
宮崎県,宮崎市,みしん市場 宮交シティ店,小売業,電化製品,5%
宮崎県,宮崎市,みしん市場 宮崎店,小売業,電化製品,5%
宮崎県,宮崎市,ミシンショップ宮崎,小売業,電化製品,5%
宮崎県,宮崎市,水野屋 宮崎神宮店,小売業,食料品,5%
宮崎県,宮崎市,ミス・ファンキー,サービス,飲食業,5%
宮崎県,宮崎市,みなと電器,小売業,電化製品,5%
宮崎県,宮崎市,みなとベーカリー,小売業,食料品,5%
宮崎県,宮崎市,宮交タクシー 宮崎営業所,サービス,その他サービス,5%
宮崎県,宮崎市,宮交タクシー 宮崎営業所,サービス,その他サービス,5%
宮崎県,宮崎市,都ドライクリーニング,サービス,その他サービス,5%
宮崎県,宮崎市,みやざき 晴夜 Ｈａｒｅｒｕｙａ,サービス,飲食業,5%
宮崎県,宮崎市,セブン－イレブン宮崎檍小学校前店,小売業,食料品,2%
宮崎県,宮崎市,セブン－イレブン宮崎青島店,小売業,食料品,2%
宮崎県,宮崎市,セブン－イレブン宮崎旭１丁目店,小売業,食料品,2%
宮崎県,宮崎市,セブン－イレブン宮崎吾妻町店,小売業,食料品,2%
宮崎県,宮崎市,みやざきアートセンター,小売業,家具・調度品,5%
宮崎県,宮崎市,セブン－イレブン宮崎池内町店,小売業,食料品,2%
宮崎県,宮崎市,セブン－イレブン宮崎一の宮町店,小売業,食料品,2%
宮崎県,宮崎市,宮崎うどん ふくや,サービス,飲食業,5%
宮崎県,宮崎市,セブン－イレブン宮崎駅東２丁目店,小売業,食料品,2%
宮崎県,宮崎市,セブン－イレブン宮崎恵比寿通り店,小売業,食料品,2%
宮崎県,宮崎市,セブン－イレブン宮崎江平中町店,小売業,食料品,2%
宮崎県,宮崎市,セブン－イレブン宮崎大島町店,小売業,食料品,2%
宮崎県,宮崎市,セブン－イレブン宮崎大瀬町店,小売業,食料品,2%
宮崎県,宮崎市,セブン－イレブン宮崎大塚中央通店,小売業,食料品,2%
宮崎県,宮崎市,セブン－イレブン宮崎大塚宮田店,小売業,食料品,2%
宮崎県,宮崎市,セブン－イレブン宮崎大坪町店,小売業,食料品,2%
宮崎県,宮崎市,セブン－イレブン宮崎大坪東２丁目店,小売業,食料品,2%
宮崎県,宮崎市,セブン－イレブン宮崎大橋３丁目店,小売業,食料品,2%
宮崎県,宮崎市,宮崎オートガラス,サービス,その他サービス,5%
宮崎県,宮崎市,セブン－イレブン宮崎薫る坂店,小売業,食料品,2%
宮崎県,宮崎市,セブン－イレブン宮崎学園木花台店,小売業,食料品,2%
宮崎県,宮崎市,宮崎ガス総合サービスセンター,小売業,その他小売,5%
宮崎県,宮崎市,セブン－イレブン宮崎祇園１丁目店,小売業,食料品,2%
宮崎県,宮崎市,セブン－イレブン宮崎祇園３丁目店,小売業,食料品,2%
宮崎県,宮崎市,セブン－イレブン宮崎空港前店,小売業,食料品,2%
宮崎県,宮崎市,セブン－イレブン宮崎倉岡店,小売業,食料品,2%
宮崎県,宮崎市,宮崎港ＳＳ,小売業,ガソリンスタンド,2%
宮崎県,宮崎市,宮崎ごはんとお酒 ＨＩＫＥ,サービス,飲食業,5%
宮崎県,宮崎市,セブン－イレブン宮崎権現町店,小売業,食料品,2%
宮崎県,宮崎市,セブン－イレブン宮崎江平東通り店,小売業,食料品,2%
宮崎県,宮崎市,セブン－イレブン宮崎塩路店,小売業,食料品,2%
宮崎県,宮崎市,セブン－イレブン宮崎潮見町店,小売業,食料品,2%
宮崎県,宮崎市,宮崎地鶏と日向海鮮はればれ,サービス,飲食業,5%
宮崎県,宮崎市,セブン－イレブン宮崎清水２丁目店,小売業,食料品,2%
宮崎県,宮崎市,セブン－イレブン宮崎神宮東３丁目店,小売業,食料品,2%
宮崎県,宮崎市,セブン－イレブン宮崎総合体育館前店,小売業,食料品,2%
宮崎県,宮崎市,セブン－イレブン宮崎大工町店,小売業,食料品,2%
宮崎県,宮崎市,セブン－イレブン宮崎橘通東５丁目店,小売業,食料品,2%
宮崎県,宮崎市,セブン－イレブン宮崎橘通東４丁目店,小売業,食料品,2%
宮崎県,宮崎市,セブン－イレブン宮崎田吉店,小売業,食料品,2%
宮崎県,宮崎市,セブン－イレブン宮崎月見ヶ丘入口店,小売業,食料品,2%
宮崎県,宮崎市,セブン－イレブン宮崎月見ケ丘２丁目店,小売業,食料品,2%
宮崎県,宮崎市,セブン－イレブン宮崎恒久南３丁目店,小売業,食料品,2%
宮崎県,宮崎市,セブン－イレブン宮崎恒久４丁目店,小売業,食料品,2%
宮崎県,宮崎市,セブン－イレブン宮崎東宮２丁目店,小売業,食料品,2%
宮崎県,宮崎市,宮崎トヨタ自動車大塚店,小売業,その他小売,5%
宮崎県,宮崎市,宮崎トヨタ自動車花ヶ島店,小売業,その他小売,5%
宮崎県,宮崎市,宮崎トヨタ自動車本社マイカ－センタ－,小売業,その他小売,5%
宮崎県,宮崎市,宮崎トヨタ自動車南バイパス店,小売業,その他小売,5%
宮崎県,宮崎市,宮崎トヨタ自動車レクサス宮崎,小売業,その他小売,5%
宮崎県,宮崎市,セブン－イレブン宮崎中村東２丁目店,小売業,食料品,2%
宮崎県,宮崎市,セブン－イレブン宮崎西インター店,小売業,食料品,2%
宮崎県,宮崎市,セブン－イレブン宮崎日章学園前店,小売業,食料品,2%
宮崎県,宮崎市,宮崎配送センター,小売業,ガソリンスタンド,2%
宮崎県,宮崎市,セブン－イレブン宮崎花ケ島町店,小売業,食料品,2%
宮崎県,宮崎市,セブン－イレブン宮崎原町店,小売業,食料品,2%
宮崎県,宮崎市,みやざき晴海 みやざき晴海,サービス,飲食業,5%
宮崎県,宮崎市,みやざき晴日,サービス,飲食業,5%
宮崎県,宮崎市,みやざき晴夜 みやざき晴夜,サービス,飲食業,5%
宮崎県,宮崎市,セブン－イレブン宮崎飛江田店,小売業,食料品,2%
宮崎県,宮崎市,セブン－イレブン宮崎広島１丁目店,小売業,食料品,2%
宮崎県,宮崎市,宮崎ファイブシーズホテル,サービス,宿泊業,5%
宮崎県,宮崎市,セブン－イレブン宮崎船塚２丁目店,小売業,食料品,2%
宮崎県,宮崎市,セブン－イレブン宮崎芳士店,小売業,食料品,2%
宮崎県,宮崎市,セブン－イレブン宮崎堀川町店,小売業,食料品,2%
宮崎県,宮崎市,セブン－イレブン宮崎松橋１丁目店,小売業,食料品,2%
宮崎県,宮崎市,セブン－イレブン宮崎松橋２丁目店,小売業,食料品,2%
宮崎県,宮崎市,セブン－イレブン宮崎南バイパス店,小売業,食料品,2%
宮崎県,宮崎市,セブン－イレブン宮崎南花ヶ島町店,小売業,食料品,2%
宮崎県,宮崎市,セブン－イレブン宮崎村角町店,小売業,食料品,2%
宮崎県,宮崎市,宮崎ヤクルト販売 大塚センター,小売業,食料品,5%
宮崎県,宮崎市,宮崎ヤクルト販売 恒久センター,小売業,食料品,5%
宮崎県,宮崎市,宮崎ヤクルト販売 佐土原センター,小売業,食料品,5%
宮崎県,宮崎市,宮崎ヤクルト販売 宮崎中央センター,小売業,食料品,5%
宮崎県,宮崎市,宮崎ヤクルト販売 宮崎北センター,小売業,食料品,5%
宮崎県,宮崎市,宮崎ヤクルト販売 高千穂通り,小売業,食料品,5%
宮崎県,宮崎市,セブン－イレブン宮崎柳丸町店,小売業,食料品,2%
宮崎県,宮崎市,セブン－イレブン宮崎矢の先町店,小売業,食料品,2%
宮崎県,宮崎市,セブン－イレブン宮崎吉村町店,小売業,食料品,2%
宮崎県,宮崎市,セブン－イレブン宮崎淀川３丁目店,小売業,食料品,2%
宮崎県,宮崎市,宮崎ライオンズホテル,サービス,宿泊業,5%
宮崎県,宮崎市,宮田町給油所,小売業,ガソリンスタンド,2%
宮崎県,宮崎市,民宿ｉｎｎみやざき 湯楽庵,サービス,その他サービス,5%
宮崎県,宮崎市,ｍａｋｅｇａｒｄｅｎ,小売業,その他小売,5%
宮崎県,宮崎市,ｍｅｉｐａｎ３,小売業,衣料品,5%
宮崎県,宮崎市,明林堂書店浮之城店,小売業,その他小売,5%
宮崎県,宮崎市,明林堂書店佐土原店,小売業,その他小売,5%
宮崎県,宮崎市,明林堂書店神宮店,小売業,その他小売,5%
宮崎県,宮崎市,明林堂書店本郷店,小売業,その他小売,5%
宮崎県,宮崎市,明林堂書店南宮崎店,小売業,その他小売,5%
宮崎県,宮崎市,ｍａｐｌｅｍａｄｅ,小売業,その他小売,5%
宮崎県,宮崎市,ｍｅｒｒｙ ｇａｔｅ,サービス,飲食業,5%
宮崎県,宮崎市,モアール 葉,小売業,その他小売,5%
宮崎県,宮崎市,モイスティーヌ柳丸サロン,小売業,その他小売,5%
宮崎県,宮崎市,模型の国トヤマ,小売業,書籍・玩具・音楽ＣＤ,5%
宮崎県,宮崎市,モータウンオートモーティブ株式会社,サービス,その他サービス,5%
宮崎県,宮崎市,もも焼き こうりき,サービス,飲食業,5%
宮崎県,宮崎市,もも焼きこうりき,サービス,飲食業,5%
宮崎県,宮崎市,モリタゴルフ ＦＣ 長住桜美店,小売業,その他小売,5%
宮崎県,宮崎市,モリタゴルフ 熊本アウトレット館,小売業,その他小売,5%
宮崎県,宮崎市,モリタゴルフ 福岡西店 ＯｕｔＬｅｔ館,小売業,その他小売,5%
宮崎県,宮崎市,モリタゴルフ 福岡西店 ＮｅｗＧｏｌｆ館,小売業,その他小売,5%
宮崎県,宮崎市,モリタゴルフ 福岡東松崎店,小売業,その他小売,5%
宮崎県,宮崎市,モリタゴルフ 催事,小売業,その他小売,5%
宮崎県,宮崎市,モリタゴルフ 南店,小売業,その他小売,5%
宮崎県,宮崎市,モリタゴルフ 宮崎店,小売業,その他小売,5%
宮崎県,宮崎市,ｍｏｎ ｃｈｏｕ ｃｈｏｕ,サービス,理容・美容業,5%
宮崎県,宮崎市,ＹＡ,小売業,衣料品,5%
宮崎県,宮崎市,焼鳥 林家,サービス,飲食業,5%
宮崎県,宮崎市,焼肉 夾竹園 夾竹園 宮崎北バイパス店,サービス,飲食業,5%
宮崎県,宮崎市,焼肉 夾竹園 夾竹園 宮崎南店,サービス,飲食業,5%
宮崎県,宮崎市,焼肉 夾竹園 夾竹園 大塚本店,サービス,飲食業,5%
宮崎県,宮崎市,焼肉菜菜 感,サービス,飲食業,5%
宮崎県,宮崎市,焼肉なべしま宮崎大島店,サービス,飲食業,5%
宮崎県,宮崎市,焼肉なべしま宮崎新別府店,サービス,飲食業,5%
宮崎県,宮崎市,やまぐち橄欖（オリーブ）店,小売業,食料品,5%
宮崎県,宮崎市,やまぐち 橄欖店 やまぐち橄欖店,小売業,食料品,5%
宮崎県,宮崎市,山口農機サービス,サービス,その他サービス,5%
宮崎県,宮崎市,やまだ家 宮崎店 やまだ家 宮崎店,サービス,飲食業,5%
宮崎県,宮崎市,大和自動車工業,サービス,その他サービス,5%
宮崎県,宮崎市,和楽宮崎店,サービス,飲食業,5%
宮崎県,宮崎市,有限会社押川タイヤセンター,小売業,その他小売,5%
宮崎県,宮崎市,有限会社中武自動車工業所,サービス,その他サービス,5%
宮崎県,宮崎市,有限会社 藏原印刷,サービス,その他サービス,5%
宮崎県,宮崎市,有限会社 橋本商会,小売業,その他小売,5%
宮崎県,宮崎市,有限会社 宮崎青写真工業,サービス,その他サービス,5%
宮崎県,宮崎市,有限会社オートクロギ,サービス,その他サービス,5%
宮崎県,宮崎市,有 海舟寿し,サービス,飲食業,5%
宮崎県,宮崎市,（有）桐木神樂堂,小売業,食料品,5%
宮崎県,宮崎市,（有）コンタクトレンズプラザ,小売業,その他小売,5%
宮崎県,宮崎市,（有）シイ・シイ・エス,サービス,その他サービス,5%
宮崎県,宮崎市,有限会社椎葉・オート,サービス,その他サービス,5%
宮崎県,宮崎市,有限会社第一防虫センター,サービス,その他サービス,5%
宮崎県,宮崎市,有限会社武本自動車整備工場,サービス,その他サービス,5%
宮崎県,宮崎市,有限会社 日扇堂,小売業,その他小売,5%
宮崎県,宮崎市,有限会社 橋口自動車鈑金塗装工場,サービス,その他サービス,5%
宮崎県,宮崎市,有限会社藤井自動車整備工場 藤井自動車整備工場,サービス,その他サービス,5%
宮崎県,宮崎市,有限会社プロメディア,サービス,その他サービス,5%
宮崎県,宮崎市,有限会社松浦酒店 松浦酒店,小売業,食料品,5%
宮崎県,宮崎市,［ＨＣ］有限会社ライフ遊電館,小売業,電化製品,5%
宮崎県,宮崎市,有限会社ワタナベフォトスタジオ,サービス,その他サービス,5%
宮崎県,宮崎市,夕鶴,サービス,飲食業,5%
宮崎県,宮崎市,吉野蔵,小売業,その他小売,5%
宮崎県,宮崎市,吉野酒店,小売業,食料品,5%
宮崎県,宮崎市,吉野酒店 霧島支店,小売業,食料品,5%
宮崎県,宮崎市,ＲＵＢ ＢＥＡＵＴＹ,サービス,その他サービス,5%
宮崎県,宮崎市,ラウンジ グランシャリオ,サービス,飲食業,5%
宮崎県,宮崎市,ＲＤＩＵＳ ＨＡＩＲ,サービス,理容・美容業,5%
宮崎県,宮崎市,ラディウス ヘアー ＲＤＩＵＳＨＡＩＲ,サービス,理容・美容業,5%
宮崎県,宮崎市,Ｌａ．凛,サービス,理容・美容業,5%
宮崎県,宮崎市,Ｌａ 凛ｈａｉｒ ｄｅｓｉｇｎ,サービス,理容・美容業,5%
宮崎県,宮崎市,ＲａｎＲａｎＢｏｄｉｅｄ,サービス,飲食業,5%
宮崎県,宮崎市,りーぶる金海堂クロスモール店,小売業,書籍・玩具・音楽ＣＤ,5%
宮崎県,宮崎市,ＬＩＶ’ｅ（リヴ）,サービス,飲食業,5%
宮崎県,宮崎市,リサイクルショップ三喜,小売業,その他小売,5%
宮崎県,宮崎市,リサイクルショップ三喜 厨房倉庫,小売業,その他小売,5%
宮崎県,宮崎市,株 りょう りょう ｇａｒｄｅｎ,サービス,飲食業,5%
宮崎県,宮崎市,ｒｅｌａｘａｔｉｏｎ ｆｕｗａ：ｒｅ リラクゼーションフワリ,サービス,その他サービス,5%
宮崎県,宮崎市,リラクゼーションＡＩＴＡ,サービス,その他サービス,5%
宮崎県,宮崎市,Ｒｉｎｔ Ｂｅａｕｔｙ＆Ｃｏ．,サービス,理容・美容業,5%
宮崎県,宮崎市,リンパケアサロン・リン,サービス,理容・美容業,5%
宮崎県,宮崎市,Ｌｕｃｅ,小売業,衣料品,5%
宮崎県,宮崎市,Ｌｕｌｕ ｄｏ ｃｈａｒｉｓ,サービス,その他サービス,5%
宮崎県,宮崎市,レオコーポレーション株式会社,小売業,電化製品,5%
宮崎県,宮崎市,レストラン パリの朝市 レストラン パリの朝市,サービス,飲食業,5%
宮崎県,宮崎市,レストラン レミューズ,サービス,飲食業,5%
宮崎県,宮崎市,レマン給油所,小売業,ガソリンスタンド,2%
宮崎県,宮崎市,Ｌｏｔｕｓ,小売業,衣料品,5%
宮崎県,宮崎市,ワインセラー パリ１６区,小売業,食料品,5%
宮崎県,宮崎市,Ｗｉｎｅ Ｂａｒ ３ＲｉＳＥ,サービス,飲食業,5%
宮崎県,宮崎市,ＷＯＷＤＰＬＵＳ,サービス,その他サービス,5%
宮崎県,宮崎市,ＷＯＷＤＰＬＵＳ宮館,サービス,その他サービス,5%
宮崎県,宮崎市,ＷＯＷＤ宮崎,サービス,その他サービス,5%
宮崎県,宮崎市,和膳旬彩つちや,サービス,飲食業,5%
宮崎県,宮崎市,和のギャラリー こう泥 草,小売業,その他小売,5%
宮崎県,宮崎市,ワールドスポーツ,小売業,衣料品,5%
宮崎県,諸塚村,諸塚ＳＳ,小売業,ガソリンスタンド,2%
宮崎県,諸塚村,諸塚ＳＳ,小売業,ガソリンスタンド,2%
