石川県,穴水町,穴水バイパスＳＳ,小売業,ガソリンスタンド,2%
石川県,穴水町,旨い魚とごはん処奥のと酒場ほそ川,サービス,飲食業,5%
石川県,穴水町,ウミネコパーラー,サービス,飲食業,5%
石川県,穴水町,ニュー穴水ＳＳ,小売業,ガソリンスタンド,2%
石川県,穴水町,能登牡蠣の宿キャッスル真名井,サービス,宿泊業,5%
石川県,穴水町,８番らーめん穴水店,サービス,飲食業,2%
石川県,穴水町,ふらんせ 穴水店,サービス,その他サービス,5%
石川県,穴水町,Ｙａｈａｔａ すしべん 此木店,サービス,飲食業,5%
石川県,内灘町,おきの書房,小売業,書籍・玩具・音楽ＣＤ,5%
石川県,内灘町,株式会社ジャンティールキタカミ,小売業,その他小売,5%
石川県,内灘町,九州台所ハ兵衞,サービス,飲食業,5%
石川県,内灘町,グレイス・からき内灘,小売業,電化製品,5%
石川県,内灘町,シマノデンキ,小売業,電化製品,5%
石川県,内灘町,ジャンティール ＫＩＴＡＫＡＭＩ,小売業,貴金属・服飾品,5%
石川県,内灘町,スズヤうちなだ スズヤうちなだ,小売業,電化製品,5%
石川県,内灘町,８番らーめん内灘店,サービス,飲食業,2%
石川県,内灘町,ＨａｉｒＣｒｅａｔｅ Ａｕｂｅ,サービス,理容・美容業,5%
石川県,内灘町,ヘアーサロン 髪匠,サービス,理容・美容業,5%
石川県,内灘町,ｈａｉｒｐｌｅａｓｕｒｅ,サービス,理容・美容業,5%
石川県,内灘町,マクドナルド内灘店,サービス,飲食業,2%
石川県,内灘町,マルエー内灘店,小売業,その他小売,5%
石川県,内灘町,メイリョウ商事,小売業,電化製品,5%
石川県,内灘町,ロイヤルクリーニングコンフォモール内灘店,サービス,その他サービス,5%
石川県,内灘町,ロイヤルクリーニングコンフォモール,サービス,その他サービス,5%
石川県,加賀市,亜樹ビューティーサロン,サービス,理容・美容業,5%
石川県,加賀市,秋吉 山代店,サービス,飲食業,5%
石川県,加賀市,アクティブハウス,小売業,電化製品,5%
石川県,加賀市,アクティブハウスＡｊｉｃｈｉ,小売業,電化製品,5%
石川県,加賀市,Ａｌｌａ Ｃｏｎｔａｄｉｎａ,サービス,飲食業,5%
石川県,加賀市,アンド・ふくおか,小売業,電化製品,5%
石川県,加賀市,アンド・やまはた,小売業,電化製品,5%
石川県,加賀市,ｅＰＬＡＮＳ・マツバラ,小売業,電化製品,5%
石川県,加賀市,ＹＥＬＬＯＷ ＣＡＫＥ,小売業,衣料品,5%
石川県,加賀市,おばんざい今昔 いちごいちえ,サービス,飲食業,5%
石川県,加賀市,出光東加賀ＳＳ,小売業,ガソリンスタンド,2%
石川県,加賀市,ｅＰＬＡＮＳ・ニシノ,小売業,電化製品,5%
石川県,加賀市,ｅＰＬＡＮＳ・電光館,小売業,電化製品,5%
石川県,加賀市,燻,サービス,飲食業,5%
石川県,加賀市,イルカの散歩,サービス,理容・美容業,5%
石川県,加賀市,うどん・そば処 三津野,サービス,飲食業,5%
石川県,加賀市,漆工房ぬしや,サービス,その他サービス,5%
石川県,加賀市,Ｓ Ｔ ＲＵＫＩＡ Ｓ Ｔ ＲＵＫＩＡ,サービス,理容・美容業,5%
石川県,加賀市,ＮＳＳ山代ＳＳ,小売業,ガソリンスタンド,2%
石川県,加賀市,大下香仙工房,その他業種,ー,5%
石川県,加賀市,御菓子調進所 山海堂,小売業,食料品,5%
石川県,加賀市,御菓子司 丸福,小売業,食料品,5%
石川県,加賀市,お花見久兵衛,サービス,宿泊業,5%
石川県,加賀市,おようふくやさん むろや,小売業,衣料品,5%
石川県,加賀市,温泉めい想倶楽部 冨士屋旅館,サービス,宿泊業,5%
石川県,加賀市,カ－ポ－ト分校ＳＳ,小売業,ガソリンスタンド,2%
石川県,加賀市,セブン－イレブン加賀河南店,小売業,食料品,2%
石川県,加賀市,セブン－イレブン加賀市役所前店,小売業,食料品,2%
石川県,加賀市,加賀写真館,サービス,その他サービス,5%
石川県,加賀市,セブン－イレブン加賀新保町店,小売業,食料品,2%
石川県,加賀市,セブン－イレブン加賀別所口店,小売業,食料品,2%
石川県,加賀市,かがり吉祥亭,サービス,宿泊業,5%
石川県,加賀市,加賀料理ばん亭,サービス,飲食業,5%
石川県,加賀市,鶴仙庵,サービス,宿泊業,5%
石川県,加賀市,片山津バル 牡丹,サービス,飲食業,5%
石川県,加賀市,片山津バル牡丹,サービス,飲食業,5%
石川県,加賀市,割鮮しんとく,サービス,飲食業,5%
石川県,加賀市,有限会社 加藤呉服店,小売業,衣料品,5%
石川県,加賀市,かのや光楽苑,サービス,宿泊業,5%
石川県,加賀市,カフェ らら カフェらら,サービス,飲食業,5%
石川県,加賀市,Ｃａｆ? Ｒｕｂａｔｏ,サービス,飲食業,5%
石川県,加賀市,亀寿司,サービス,飲食業,5%
石川県,加賀市,カレーハウスＣｏＣｏ壱番屋加賀温泉駅前店,サービス,飲食業,2%
石川県,加賀市,有限会社キオン地所,その他業種,ー,5%
石川県,加賀市,吉祥やまなか,サービス,宿泊業,5%
石川県,加賀市,ギャラリー＆茶房実生,小売業,食料品,5%
石川県,加賀市,ＧａｌｌｅｒｙＰＡＮＮＯＮＩＣＡ,その他業種,ー,5%
石川県,加賀市,喜楽めでた屋,サービス,飲食業,5%
石川県,加賀市,株式会社 九谷美陶園,小売業,その他小売,5%
石川県,加賀市,九谷焼体験ギャラリーＣｏＣｏ,サービス,その他サービス,5%
石川県,加賀市,湖畔の宿 森本,サービス,宿泊業,5%
石川県,加賀市,コリヤンハウス山代店,サービス,飲食業,5%
石川県,加賀市,彩華の宿多々見,サービス,宿泊業,5%
石川県,加賀市,坂上自動車,サービス,その他サービス,5%
石川県,加賀市,ＳＡＱＵＡ,サービス,理容・美容業,5%
石川県,加賀市,カイロオフィスサンテ,サービス,その他サービス,5%
石川県,加賀市,Ｊ－Ｓｔｙｌｅ 石川加賀店,サービス,その他サービス,5%
石川県,加賀市,時空堂,サービス,その他サービス,5%
石川県,加賀市,しもつね,小売業,食料品,5%
石川県,加賀市,酒楽菜魚 芯,サービス,飲食業,5%
石川県,加賀市,有限会社白鷺木工,その他業種,ー,5%
石川県,加賀市,シルクロ陶芸体験工房,サービス,その他サービス,5%
石川県,加賀市,翠明,サービス,宿泊業,5%
石川県,加賀市,スーパーホームセンターヤマキシ新加賀店,小売業,総合（非専門）,5%
石川県,加賀市,スギヤマ酒店,小売業,食料品,5%
石川県,加賀市,ＳＴＵＤＩＯ－ＭＥＳＳＥ,小売業,その他小売,5%
石川県,加賀市,すだに酒店,小売業,食料品,5%
石川県,加賀市,ｓｎｏｂｎｅｕ,サービス,理容・美容業,5%
石川県,加賀市,炭焼チキン堂,サービス,飲食業,5%
石川県,加賀市,そば山背,サービス,飲食業,5%
石川県,加賀市,ソフトバンク 加賀,小売業,その他小売,5%
石川県,加賀市,大聖寺ＳＳ,小売業,ガソリンスタンド,2%
石川県,加賀市,大聖寺治療院,サービス,その他サービス,5%
石川県,加賀市,タイヤガレージまえだ,小売業,その他小売,5%
石川県,加賀市,たちばな四季亭,サービス,宿泊業,5%
石川県,加賀市,月ケーキ,サービス,飲食業,5%
石川県,加賀市,ｔ?ＳＴＹＬＥ,サービス,理容・美容業,5%
石川県,加賀市,ティーハウス Ｐｏｔｉｃｏ,サービス,飲食業,5%
石川県,加賀市,手打ちそば 加賀上杉,サービス,飲食業,5%
石川県,加賀市,手作り餃子長楽 手作り餃子 長樂,サービス,飲食業,5%
石川県,加賀市,ｄｏｇ＆ｃａｔＰＥＴＯＮ,サービス,その他サービス,5%
石川県,加賀市,トヨタレンタリース石川加賀温泉駅前店,その他業種,ー,2%
石川県,加賀市,ナオトヘアースタジオ,サービス,理容・美容業,5%
石川県,加賀市,ＮＥＵＴＲＡＬ ＫＡＧＡ,小売業,家具・調度品,5%
石川県,加賀市,ＮＯＯＫ Ｇｒｅｅｎ,小売業,その他小売,5%
石川県,加賀市,ハートアンドピース,小売業,貴金属・服飾品,5%
石川県,加賀市,パインダイナー,サービス,飲食業,5%
石川県,加賀市,畑漆器店,小売業,家具・調度品,5%
石川県,加賀市,８番らーめん大聖寺店,サービス,飲食業,2%
石川県,加賀市,葉渡莉,サービス,宿泊業,5%
石川県,加賀市,東出自動車商会,サービス,その他サービス,5%
石川県,加賀市,東山ボヌール,サービス,飲食業,5%
石川県,加賀市,美容室キララ,サービス,理容・美容業,5%
石川県,加賀市,ファッションギャラリーハラ,小売業,衣料品,5%
石川県,加賀市,ＦＵＺＯＮ,サービス,飲食業,5%
石川県,加賀市,ふるさと加賀店,サービス,飲食業,5%
石川県,加賀市,フレッシュフ－ドはまだ,小売業,総合（非専門）,5%
石川県,加賀市,僕,サービス,理容・美容業,5%
石川県,加賀市,ホテルききょう,サービス,宿泊業,5%
石川県,加賀市,株式会社ホリズワーカーズ,サービス,その他サービス,5%
石川県,加賀市,マクドナルド加賀アビオシティ店,サービス,飲食業,2%
石川県,加賀市,マルエー動橋店,小売業,その他小売,5%
石川県,加賀市,マルエー加茂店,小売業,その他小売,5%
石川県,加賀市,マルエー大聖寺店,小売業,その他小売,5%
石川県,加賀市,マルエー山中店,小売業,その他小売,5%
石川県,加賀市,マルタ化粧品店,小売業,その他小売,5%
石川県,加賀市,ｍｉｅ ｃｏｆｆｅｅ,サービス,飲食業,5%
石川県,加賀市,ミートヤマモト,小売業,食料品,5%
石川県,加賀市,みどりの宿 萬松閣,サービス,宿泊業,5%
石川県,加賀市,みどりの宿萬松閣,サービス,宿泊業,5%
石川県,加賀市,南出陶苑,小売業,その他小売,5%
石川県,加賀市,有限会社ムラタフォトス,サービス,その他サービス,5%
石川県,加賀市,メイツ かわしま,小売業,電化製品,5%
石川県,加賀市,ＭｏｏＭｏｏまきば,サービス,飲食業,5%
石川県,加賀市,焼肉酒場ＭａＤａ,サービス,飲食業,5%
石川県,加賀市,山田食堂,サービス,飲食業,5%
石川県,加賀市,山利電器,小売業,電化製品,5%
石川県,加賀市,山中 ＳＳ,小売業,ガソリンスタンド,2%
石川県,加賀市,山中温泉 花紫,サービス,宿泊業,5%
石川県,加賀市,有限会社 潮津酒店,小売業,その他小売,5%
石川県,加賀市,（有）大尾嘉漆器,小売業,その他小売,5%
石川県,加賀市,（有）石川漆宝堂,その他業種,ー,5%
石川県,加賀市,有限会社瑾齋,小売業,家具・調度品,5%
石川県,加賀市,ゆのくに天祥,サービス,宿泊業,5%
石川県,加賀市,吉崎ＳＳ,小売業,ガソリンスタンド,2%
石川県,加賀市,吉崎ＳＳ,小売業,ガソリンスタンド,2%
石川県,加賀市,リカーショップ カワバタ,小売業,食料品,5%
石川県,加賀市,リビングきたの,小売業,総合（非専門）,5%
石川県,加賀市,瑠璃光,サービス,宿泊業,5%
石川県,加賀市,レストラン フェアレディー,サービス,飲食業,5%
石川県,加賀市,れん永昌堂,小売業,食料品,5%
石川県,加賀市,Ｒｏｃｋ Ｄｉｎｅｒ かどや喰堂,サービス,飲食業,5%
石川県,加賀市,ワンダフルセルフ加賀,小売業,ガソリンスタンド,2%
石川県,金沢市,ＡＲＴ ＦＯＲＭＥＳ,サービス,理容・美容業,5%
石川県,金沢市,アート薬局,小売業,その他小売,5%
石川県,金沢市,ａｉｓｏｒａｓｈｉ,小売業,貴金属・服飾品,5%
石川県,金沢市,あいでんき,小売業,電化製品,5%
石川県,金沢市,ｉＰｈｏｎｅレスキュー２４,サービス,その他サービス,5%
石川県,金沢市,Ｅｙｅ Ｌａｓｈ Ａｉｒｙ,サービス,理容・美容業,5%
石川県,金沢市,ａｋａ‘ａｋａ,サービス,飲食業,5%
石川県,金沢市,赤い靴べら杜の里工房,サービス,その他サービス,5%
石川県,金沢市,あかり整体院,サービス,その他サービス,5%
石川県,金沢市,秋吉 金沢片町店,サービス,飲食業,5%
石川県,金沢市,秋吉 香林坊店,サービス,飲食業,5%
石川県,金沢市,秋吉 新神田店,サービス,飲食業,5%
石川県,金沢市,秋吉 高柳店,サービス,飲食業,5%
石川県,金沢市,秋吉 近岡店,サービス,飲食業,5%
石川県,金沢市,秋吉 福久店,サービス,飲食業,5%
石川県,金沢市,秋吉もりの里店,サービス,飲食業,5%
石川県,金沢市,Ａｇｕ ｈａｉｒ Ａｇｕ ｈａｉｒ ｒｕｐｉａ金沢,サービス,理容・美容業,5%
石川県,金沢市,Ａｇｕ ｈａｉｒ Ａｇｕ ｈａｉｒ ｃａｒｄｉｎａｌ金沢,サービス,理容・美容業,5%
石川県,金沢市,ＡＣＲＭＴＳＭ,小売業,衣料品,5%
石川県,金沢市,浅田屋旅館,サービス,宿泊業,5%
石川県,金沢市,アサノデンキ店,小売業,電化製品,5%
石川県,金沢市,アザレ化粧品グレース,その他業種,ー,5%
石川県,金沢市,味処 髙﨑,サービス,飲食業,5%
石川県,金沢市,アスペン,サービス,その他サービス,5%
石川県,金沢市,ＡＸＩＳ,小売業,貴金属・服飾品,5%
石川県,金沢市,ＡＸＩＳ,小売業,貴金属・服飾品,5%
石川県,金沢市,睦,サービス,宿泊業,5%
石川県,金沢市,＠ｇｒａｃｅ【アットグレイス】,サービス,理容・美容業,5%
石川県,金沢市,ｇｒａｃｅ,サービス,理容・美容業,5%
石川県,金沢市,アトム赤坂店 アトム赤坂店,小売業,電化製品,5%
石川県,金沢市,ａｎｉ ＨＡＩＲ ＤＥＳＩＧＮＩＧ アニーヘアーデザイニング,サービス,理容・美容業,5%
石川県,金沢市,ＡＦＦＯＲＤ【アフォード】,サービス,理容・美容業,5%
石川県,金沢市,油与商店,小売業,食料品,5%
石川県,金沢市,アプレック,サービス,その他サービス,5%
石川県,金沢市,Ａ．Ｐ．Ｃ． 金沢店,小売業,衣料品,5%
石川県,金沢市,アマーレ,サービス,その他サービス,5%
石川県,金沢市,甘納豆かわむら,小売業,食料品,5%
石川県,金沢市,天野茶店 天野茶店,小売業,食料品,5%
石川県,金沢市,アミング金沢ベイ店,小売業,その他小売,5%
石川県,金沢市,アミング高尾店,小売業,その他小売,5%
石川県,金沢市,アミングモンファヴォリ,小売業,その他小売,5%
石川県,金沢市,アラフェルムドゥシンジロウ,サービス,飲食業,5%
石川県,金沢市,Ａｒｕｋｕ【アルク】,サービス,理容・美容業,5%
石川県,金沢市,アレス,サービス,理容・美容業,5%
石川県,金沢市,アロマ香房焚屋,サービス,その他サービス,5%
石川県,金沢市,株式会社喜楽石油 粟ヶ崎ＳＳ,小売業,ガソリンスタンド,2%
石川県,金沢市,ｕｎｓｏｕｒｉｒｅ,サービス,その他サービス,5%
石川県,金沢市,アンド・おおさき,小売業,電化製品,5%
石川県,金沢市,株式会社アンバーバス,サービス,運輸業,5%
石川県,金沢市,Ｕｎ Ｆｌｅｕｒ,サービス,理容・美容業,5%
石川県,金沢市,ｕｎｆｌｅｕｒ,サービス,理容・美容業,5%
石川県,金沢市,あんまやさん どっとこむ,サービス,その他サービス,5%
石川県,金沢市,ｉｏｍａｒｅ,サービス,飲食業,5%
石川県,金沢市,池島マッサージ療院,サービス,理容・美容業,5%
石川県,金沢市,池田屋,サービス,宿泊業,5%
石川県,金沢市,居酒屋 和が家 （ワガヤ）,サービス,飲食業,5%
石川県,金沢市,居酒屋 カーサミア,サービス,飲食業,5%
石川県,金沢市,居酒屋のがわ,サービス,飲食業,5%
石川県,金沢市,石川県観光物産館,小売業,その他小売,5%
石川県,金沢市,石川県庁 職員食堂,サービス,飲食業,5%
石川県,金沢市,石川青果,小売業,食料品,5%
石川県,金沢市,石川ダイハツ販売 金沢駅西店,小売業,その他小売,5%
石川県,金沢市,石川ダイハツ販売高柳店,小売業,その他小売,5%
石川県,金沢市,石川ダイハツ販売横川店,小売業,その他小売,5%
石川県,金沢市,石川屋本舖 金沢百番街あんと店,小売業,食料品,5%
石川県,金沢市,石田漆器店 金沢百番街あんと店,小売業,その他小売,5%
石川県,金沢市,石焼ステーキ贅 石川金沢店,サービス,飲食業,5%
石川県,金沢市,泉丘自動車株式会社,サービス,その他サービス,5%
石川県,金沢市,泉野ＳＳ セルフ,小売業,ガソリンスタンド,2%
石川県,金沢市,市安商店,小売業,食料品,5%
石川県,金沢市,一笑,小売業,食料品,5%
石川県,金沢市,逸味 潮屋 金沢百番街店,小売業,食料品,5%
石川県,金沢市,逸味 潮屋 近江町店,小売業,食料品,5%
石川県,金沢市,出光金沢トラックステーションＳＳ,小売業,ガソリンスタンド,2%
石川県,金沢市,イルーシー３００ 杜の里店,小売業,衣料品,5%
石川県,金沢市,岩本清商店,小売業,その他小売,5%
石川県,金沢市,岩本清商店,小売業,家具・調度品,5%
石川県,金沢市,ＩｎＤ’ｓ,サービス,その他サービス,5%
石川県,金沢市,インディーズ インディーズ,小売業,その他小売,5%
石川県,金沢市,インドレストランシャルマ示野本店,サービス,飲食業,5%
石川県,金沢市,ＶＩＢＥＳ,小売業,その他小売,5%
石川県,金沢市,Ｗｙｓ,サービス,理容・美容業,5%
石川県,金沢市,ｗｉｔｈ ドッグケアサロン店,サービス,その他サービス,5%
石川県,金沢市,ウーヴァウーヴァ,サービス,飲食業,5%
石川県,金沢市,ｗａｒｍｔｈｈａｉｒｄｅｓｉｇｎ,サービス,理容・美容業,5%
石川県,金沢市,烏鶏庵 百番街店,小売業,食料品,5%
石川県,金沢市,うしおや ひがし茶屋街店,サービス,飲食業,5%
石川県,金沢市,うつのみや 金沢香林坊店,小売業,書籍・玩具・音楽ＣＤ,5%
石川県,金沢市,うつのみや 小立野店,小売業,書籍・玩具・音楽ＣＤ,5%
石川県,金沢市,旨い魚と野菜の金澤じわもん料理波の花,サービス,飲食業,5%
石川県,金沢市,エーアイディー 金沢店,小売業,家具・調度品,5%
石川県,金沢市,エイトヘアー,サービス,理容・美容業,5%
石川県,金沢市,エキセー電化,小売業,電化製品,5%
石川県,金沢市,駅前馳走酒場よいよい,サービス,飲食業,5%
石川県,金沢市,ＥＸＣＥＬアラキＳＳ,小売業,ガソリンスタンド,2%
石川県,金沢市,ＥＣＯｓｅｒｖｉｃｅ（ネットショップ・有限会社エコサービス北陸）,その他業種,ー,5%
石川県,金沢市,エコチャージ,小売業,その他小売,5%
石川県,金沢市,ＥＳＣＡＰＥ,小売業,衣料品,5%
石川県,金沢市,ＥＳＴＡＣＩＯ ＲＥＣＯＲＤＳ,小売業,書籍・玩具・音楽ＣＤ,5%
石川県,金沢市,エスマーケット,小売業,その他小売,5%
石川県,金沢市,美容室ｅｔｉｌｌ ｅｔｉｌｌ,サービス,理容・美容業,5%
石川県,金沢市,縁煌,小売業,その他小売,5%
石川県,金沢市,ＡＢホテル 金沢,サービス,宿泊業,5%
石川県,金沢市,ＡＢホテル金沢,サービス,宿泊業,5%
石川県,金沢市,エブリデイ・レコード,小売業,書籍・玩具・音楽ＣＤ,5%
石川県,金沢市,エムオート,サービス,その他サービス,5%
石川県,金沢市,エリア１ヒロカミ西念店,小売業,電化製品,5%
石川県,金沢市,ＡＲＥＡ－１ ライフサワダ,小売業,電化製品,5%
石川県,金沢市,株式会社ＬＩＴＭ,サービス,その他サービス,5%
石川県,金沢市,Ｅｒｂａ,サービス,理容・美容業,5%
石川県,金沢市,近江町海鮮丼家ひら井いちば館店,サービス,飲食業,5%
石川県,金沢市,近江町海鮮丼家ひら井本店,サービス,飲食業,5%
石川県,金沢市,Ｌａｇｏｏｎｃｏｍｍｕｎｉｔｙ＆ｈａｉｒ,サービス,理容・美容業,5%
石川県,金沢市,オーシャンテーブル ＭＡ なべや金沢店,サービス,飲食業,5%
石川県,金沢市,大友楼新幹線金沢ホーム弁当 店,サービス,飲食業,5%
石川県,金沢市,大戸屋金沢松村店,サービス,飲食業,2%
石川県,金沢市,ＯＶＡＬパーキング ガイモ,サービス,その他サービス,5%
石川県,金沢市,ｏｒｌｉｎｇｅｒｉｅ,小売業,衣料品,5%
石川県,金沢市,御菓子司 雅風堂 金沢百番街店,小売業,食料品,5%
石川県,金沢市,お好み焼き つくし お好み焼 つくし,サービス,飲食業,5%
石川県,金沢市,OJICO金沢リント店,小売業,衣料品,5%
石川県,金沢市,おすしと和食はた中,サービス,飲食業,5%
石川県,金沢市,織田寝具株式会社,その他業種,ー,5%
石川県,金沢市,お多福 金沢百番街店,サービス,飲食業,5%
石川県,金沢市,オリエンタルブルーイング 金沢百番街,サービス,飲食業,5%
石川県,金沢市,オリックスレンタカー金沢駅兼六園口（東口）店,サービス,その他サービス,2%
石川県,金沢市,オリックスレンタカー金沢駅西口店,サービス,その他サービス,2%
石川県,金沢市,オリックスレンタカー金沢長田店,サービス,その他サービス,2%
石川県,金沢市,オリックスレンタカー金沢東インター店,サービス,その他サービス,2%
石川県,金沢市,オリベ動物病院,サービス,その他サービス,5%
石川県,金沢市,ｏｌｅｈ－ｏｌｅｈ 金沢店,小売業,衣料品,5%
石川県,金沢市,尾張町ビヤスタンド,サービス,飲食業,5%
石川県,金沢市,温野菜 金沢駅ビル店,サービス,飲食業,2%
石川県,金沢市,温野菜もりの里店,サービス,飲食業,2%
石川県,金沢市,株式会社 プロサービス,サービス,その他サービス,5%
石川県,金沢市,カークラフト モトヤ,サービス,その他サービス,5%
石川県,金沢市,カーケアステーション二口,小売業,ガソリンスタンド,2%
石川県,金沢市,カーコンビニ倶楽部カートップ,小売業,その他小売,5%
石川県,金沢市,ガーラ金澤プレミナンス,小売業,その他小売,5%
石川県,金沢市,海鮮丼とちょいｓｕｓｈｉ 魚菜屋 あんと店,サービス,飲食業,5%
石川県,金沢市,快適視生活サポート ＯｐｔＰａｌ,小売業,その他小売,5%
石川県,金沢市,カイロ＆セラピーｓｏｒａ,サービス,理容・美容業,5%
石川県,金沢市,加賀藩御用菓子司 森八,小売業,食料品,5%
石川県,金沢市,加賀麩 不室屋 金沢百番街店,小売業,食料品,5%
石川県,金沢市,加賀麩司 宮田 百番街店,小売業,食料品,5%
石川県,金沢市,牡蠣小屋 侍 片町店,サービス,飲食業,5%
石川県,金沢市,カジ モータース,小売業,その他小売,5%
石川県,金沢市,菓匠まつ井 金沢百番街あんど店,小売業,食料品,5%
石川県,金沢市,菓匠みのや 金沢百番街あんと店,小売業,食料品,5%
石川県,金沢市,カシワギ電機,小売業,電化製品,5%
石川県,金沢市,片町ツアーホテル,サービス,宿泊業,5%
石川県,金沢市,カット＆エステ アズアズ,サービス,理容・美容業,5%
石川県,金沢市,カット＆エステ ユキノ,サービス,理容・美容業,5%
石川県,金沢市,ＣＵＴ ＳＴＵＤＩＯ ＳＵＮＤＡＹ,サービス,理容・美容業,5%
石川県,金沢市,カットスタジオＷＨＯ？ＷＥＳＴ,サービス,理容・美容業,5%
石川県,金沢市,カットスペースゲスト,サービス,理容・美容業,5%
石川県,金沢市,カットスペースゲスト,サービス,理容・美容業,5%
石川県,金沢市,ＣＵＴ ＰＬＡＣＥ しめの,サービス,理容・美容業,5%
石川県,金沢市,加藤皓陽堂 百番街店,小売業,食料品,5%
石川県,金沢市,金澤 斉や,サービス,飲食業,5%
石川県,金沢市,金澤 斉や （お弁当配達）,サービス,飲食業,5%
石川県,金沢市,金澤 福うさぎ 金沢百番街店,小売業,食料品,5%
石川県,金沢市,金沢 ヤマト醤油味噌 金沢百番街店,小売業,食料品,5%
石川県,金沢市,セブン－イレブン金沢浅野本町店,小売業,食料品,2%
石川県,金沢市,セブン－イレブン金沢有松５丁目店,小売業,食料品,2%
石川県,金沢市,セブン－イレブン金沢池田町店,小売業,食料品,2%
石川県,金沢市,セブン－イレブン金沢泉野出町１丁目店,小売業,食料品,2%
石川県,金沢市,セブン－イレブン金沢泉野町店,小売業,食料品,2%
石川県,金沢市,セブン－イレブン金沢入江１丁目店,小売業,食料品,2%
石川県,金沢市,金沢営業所,その他業種,ー,5%
石川県,金沢市,金沢駅西ＳＳ セルフ,小売業,ガソリンスタンド,2%
石川県,金沢市,Ｄｒ．Ｄｒｉｖｅ金沢駅西店,小売業,ガソリンスタンド,2%
石川県,金沢市,Ｄｒ．Ｄｒｉｖｅ 金沢駅西店セルフ,小売業,ガソリンスタンド,2%
石川県,金沢市,セブン－イレブン金沢駅西本町３丁目店,小売業,食料品,2%
石川県,金沢市,セブン－イレブン金沢円光寺本町店,小売業,食料品,2%
石川県,金沢市,セブン－イレブン金沢大桑２丁目店,小売業,食料品,2%
石川県,金沢市,セブン－イレブン金沢大額３丁目店,小売業,食料品,2%
石川県,金沢市,金澤尾張町 朝食茶屋 こかりあん,サービス,飲食業,5%
石川県,金沢市,金沢ＣＡＳＡ２,小売業,衣料品,5%
石川県,金沢市,セブン－イレブン金沢片町中央店,小売業,食料品,2%
石川県,金沢市,セブン－イレブン金沢北安江４丁目店,小売業,食料品,2%
石川県,金沢市,金澤牛かつ小林 横川店,サービス,飲食業,5%
石川県,金沢市,金澤着楽々 ひがし茶屋街本店,小売業,衣料品,5%
石川県,金沢市,金沢ギルド,サービス,飲食業,5%
石川県,金沢市,金沢クラーク動物病院,サービス,その他サービス,5%
石川県,金沢市,セブン－イレブン金沢鞍月４丁目店,小売業,食料品,2%
石川県,金沢市,セブン－イレブン金沢小金町店,小売業,食料品,2%
石川県,金沢市,セブン－イレブン金沢古府３丁目店,小売業,食料品,2%
石川県,金沢市,金澤斉や,サービス,飲食業,5%
石川県,金沢市,金沢百番街 金沢地酒蔵,小売業,食料品,5%
石川県,金沢市,セブン－イレブン金沢昭和町店,小売業,食料品,2%
石川県,金沢市,セブン－イレブン金沢専光寺町店,小売業,食料品,2%
石川県,金沢市,セブン－イレブン金沢高岡町店,小売業,食料品,2%
石川県,金沢市,金澤玉寿司 金沢百番街あんと店,サービス,飲食業,5%
石川県,金沢市,金澤田丸屋,サービス,その他サービス,5%
石川県,金沢市,セブン－イレブン金沢近岡町店,小売業,食料品,2%
石川県,金沢市,金澤ちとせ珈琲,サービス,飲食業,5%
石川県,金沢市,金澤ちとせ珈琲 百番街店,サービス,飲食業,5%
石川県,金沢市,セブン－イレブン金沢中央郵便局前店,小売業,食料品,2%
石川県,金沢市,セブン－イレブン金沢問屋町２丁目店,小売業,食料品,2%
石川県,金沢市,金沢西インターＳＳ,小売業,ガソリンスタンド,2%
石川県,金沢市,Ｄｒ．Ｄｒｉｖｅ金沢西インター店,小売業,ガソリンスタンド,2%
石川県,金沢市,金沢の味 風土菓 板屋 金沢百番街店,小売業,食料品,5%
石川県,金沢市,金沢の着物レンタルあかり,サービス,その他サービス,5%
石川県,金沢市,金沢白鳥路 ホテル山楽,サービス,宿泊業,5%
石川県,金沢市,セブン－イレブン金沢平和町店,小売業,食料品,2%
石川県,金沢市,セブン－イレブン金沢芳斉２丁目店,小売業,食料品,2%
石川県,金沢市,金澤北珍 肴の匠 金沢百番街店,サービス,飲食業,5%
石川県,金沢市,セブン－イレブン金沢保古３丁目店,小売業,食料品,2%
石川県,金沢市,金沢補聴器センター有松店,小売業,その他小売,5%
石川県,金沢市,金沢補聴器センター金沢店,小売業,その他小売,5%
石川県,金沢市,セブン－イレブン金沢松村町店,小売業,食料品,2%
石川県,金沢市,セブン－イレブン金沢松村４丁目店,小売業,食料品,2%
石川県,金沢市,セブン－イレブン金沢三池店,小売業,食料品,2%
石川県,金沢市,ＫａｎａｚａｗａＭｕｓｉｃＢａｒ,サービス,飲食業,5%
石川県,金沢市,セブン－イレブン金沢三馬３丁目店,小売業,食料品,2%
石川県,金沢市,金沢もりの里レコード魔法陣,小売業,書籍・玩具・音楽ＣＤ,5%
石川県,金沢市,セブン－イレブン金沢諸江町店,小売業,食料品,2%
石川県,金沢市,金沢焼肉楽処 万場 駅前本店,サービス,飲食業,5%
石川県,金沢市,セブン－イレブン金沢矢木２丁目店,小売業,食料品,2%
石川県,金沢市,金沢焼ふぐ夢鉄砲,サービス,飲食業,5%
石川県,金沢市,金澤屋珈琲店 近江町市場店,小売業,食料品,5%
石川県,金沢市,金澤屋珈琲店本店,小売業,食料品,5%
石川県,金沢市,金沢湯涌ゲストハウス,サービス,宿泊業,5%
石川県,金沢市,金沢湯涌ゲストハウス,サービス,その他サービス,5%
石川県,金沢市,セブン－イレブン金沢横川６丁目店,小売業,食料品,2%
石川県,金沢市,セブン－イレブン金沢吉原町店,小売業,食料品,2%
石川県,金沢市,かなざわ 凛や かなざわ 凛や,サービス,その他サービス,5%
石川県,金沢市,金沢わらじ屋 金沢百番街あんと店,小売業,総合（非専門）,5%
石川県,金沢市,ＫａｎａｍｅＩＮＮＴａｔｅｍａｃｈｉ,サービス,宿泊業,5%
石川県,金沢市,ＫＡＮＡＭＥ ＢＡＲ,サービス,飲食業,5%
石川県,金沢市,Ｋａｎａｍｅ ＨＯＳＴＥＬ,サービス,宿泊業,5%
石川県,金沢市,かなやキッチン,サービス,飲食業,5%
石川県,金沢市,金沢東インターＳＳ,小売業,ガソリンスタンド,2%
石川県,金沢市,カフェ スミカグラス,サービス,飲食業,5%
石川県,金沢市,カフェ レンテ,サービス,飲食業,5%
石川県,金沢市,Ｃａｆｅ Ａｐａｃｈｅ,サービス,飲食業,5%
石川県,金沢市,カフェ・アルコ スタツイオーネ 金沢百番街,サービス,飲食業,5%
石川県,金沢市,株式会社 日本美装 わが家の主治医 日本美装,サービス,その他サービス,5%
石川県,金沢市,株式会社 一献,サービス,飲食業,5%
石川県,金沢市,株式会社 島田モータース 株式会社 島田モータース,サービス,その他サービス,5%
石川県,金沢市,株式会社アイエーテック,小売業,その他小売,5%
石川県,金沢市,株式会社クラモト・氷業,小売業,総合（非専門）,5%
石川県,金沢市,ＩｎＫａｎａｚａｗａＨｏｕｓｅ,サービス,理容・美容業,5%
石川県,金沢市,株式会社 タナカ ジム,小売業,その他小売,5%
石川県,金沢市,株式会社フジカラー北陸,サービス,その他サービス,5%
石川県,金沢市,株式会社ホクチン,小売業,食料品,5%
石川県,金沢市,株式会社前田書店,小売業,書籍・玩具・音楽ＣＤ,5%
石川県,金沢市,株式会社前田書店,小売業,書籍・玩具・音楽ＣＤ,5%
石川県,金沢市,株式会社三崎ストアーパセオ店,小売業,食料品,5%
石川県,金沢市,株式会社三崎ストアーモモサカ店,小売業,食料品,5%
石川県,金沢市,株式会社三崎ストアー森本店,小売業,食料品,5%
石川県,金沢市,株式会社リビック金沢 金沢営業所,小売業,その他小売,5%
石川県,金沢市,Ｃａｂｒｉｏ,小売業,その他小売,5%
石川県,金沢市,がブリチキン 金沢東口店,サービス,飲食業,5%
石川県,金沢市,ＫａＢｏＳ大桑店,小売業,書籍・玩具・音楽ＣＤ,5%
石川県,金沢市,紙あさくら,小売業,家具・調度品,5%
石川県,金沢市,髪工房ＦＵＫＵＤＡ,サービス,理容・美容業,5%
石川県,金沢市,髪物語,サービス,理容・美容業,5%
石川県,金沢市,カメリアイン雪椿,サービス,宿泊業,5%
石川県,金沢市,カメレオンクラブ 駅西本町店,小売業,書籍・玩具・音楽ＣＤ,2%
石川県,金沢市,カメレオンクラブ 福久店,小売業,書籍・玩具・音楽ＣＤ,2%
石川県,金沢市,かもめタクシー 金沢 ２０１,サービス,運輸業,5%
石川県,金沢市,カラオケパラダイス 金沢店,サービス,飲食業,5%
石川県,金沢市,からなしの上,サービス,飲食業,5%
石川県,金沢市,かりあげくん 高柳店エリアＣ,サービス,理容・美容業,5%
石川県,金沢市,Ｃａｒｎｅ ＧＲＡＮＤＥ カナザワテン,サービス,飲食業,5%
石川県,金沢市,ガレージ スペシャル,サービス,その他サービス,5%
石川県,金沢市,ガレージ ガイム,サービス,その他サービス,5%
石川県,金沢市,ガレージ西泉,サービス,飲食業,5%
石川県,金沢市,ガレージボス ガレージボス,その他業種,ー,5%
石川県,金沢市,カレーハウスＣＯＣＯ壱番屋金沢西インター店,サービス,飲食業,2%
石川県,金沢市,河内屋 金沢百番街店,小売業,食料品,5%
石川県,金沢市,カワベデンキ,小売業,電化製品,5%
石川県,金沢市,カンディハウス金沢支店,小売業,家具・調度品,5%
石川県,金沢市,甘路,サービス,飲食業,5%
石川県,金沢市,個人菊川タクシー,サービス,運輸業,5%
石川県,金沢市,菊川町ＳＳ,小売業,ガソリンスタンド,2%
石川県,金沢市,木倉や 金沢百番街店,小売業,その他小売,5%
石川県,金沢市,季節料理 おでん 黒百合,サービス,飲食業,5%
石川県,金沢市,北川呉服店,小売業,衣料品,5%
石川県,金沢市,喜多ハウジング本社,サービス,その他サービス,5%
石川県,金沢市,喫茶 Ｎ,サービス,飲食業,5%
石川県,金沢市,キャラバンサライ泉が丘店 泉が丘店,小売業,食料品,5%
石川県,金沢市,キャラバンサライ武蔵店 武蔵店,小売業,食料品,5%
石川県,金沢市,キャラバンサライ 本店,小売業,食料品,5%
石川県,金沢市,キャラバンサライ松村店,小売業,食料品,5%
石川県,金沢市,牛角金沢桜田店,サービス,飲食業,2%
石川県,金沢市,魚界人,サービス,飲食業,5%
石川県,金沢市,金銀箔工芸さくだ 町屋店,小売業,その他小売,5%
石川県,金沢市,キングオブステーション仙石,小売業,ガソリンスタンド,2%
石川県,金沢市,金大カットサロン 金大カットサロン,サービス,理容・美容業,5%
石川県,金沢市,きんつば中田屋 金沢百番街店,小売業,食料品,5%
石川県,金沢市,金箔屋さくだ 茶屋街支店,小売業,その他小売,5%
石川県,金沢市,串こよみ もりの里店,サービス,飲食業,5%
石川県,金沢市,串こよみ もりの里店,サービス,飲食業,5%
石川県,金沢市,串酒場大笑,サービス,飲食業,5%
石川県,金沢市,薬のライフ,小売業,その他小売,5%
石川県,金沢市,薬屋カフェ,サービス,飲食業,5%
石川県,金沢市,靴下屋 金沢百番街RINTO店,小売業,衣料品,2%
石川県,金沢市,Ｔｒａｖｅｌｅｒ＇ｓｌｏｕｎｇｅＴＲＡＦＦＩＣ,サービス,飲食業,5%
石川県,金沢市,鞍月スポーツクラブ,サービス,その他サービス,5%
石川県,金沢市,グランリーナ金沢 ほぼ駅前ホテル,サービス,宿泊業,5%
石川県,金沢市,クリーニング・ロシ 藤江店,サービス,その他サービス,5%
石川県,金沢市,Ｇｒｅｅｎ Ｃｈｉｃｋ,小売業,衣料品,5%
石川県,金沢市,Ｄｒ．Ｄｒｉｖｅグリーンポート金沢店,小売業,ガソリンスタンド,2%
石川県,金沢市,クリエーションハウス,その他業種,ー,5%
石川県,金沢市,クリーニング・ロシ大徳店,サービス,その他サービス,5%
石川県,金沢市,ＧＲＩＬＬ ＧＲＡＬＬ,サービス,飲食業,5%
石川県,金沢市,グレイス・きたいち,小売業,電化製品,5%
石川県,金沢市,グレイス・みやでん,小売業,電化製品,5%
石川県,金沢市,グレイス・かみさか,小売業,電化製品,5%
石川県,金沢市,グレイス きたいち グレイス きたいち,小売業,電化製品,5%
石川県,金沢市,グレイス・なかやま,小売業,電化製品,5%
石川県,金沢市,グレイス・ひかり,小売業,電化製品,5%
石川県,金沢市,ＢＡＬＡＮＣＥ,サービス,理容・美容業,5%
石川県,金沢市,黒鶏,サービス,飲食業,5%
石川県,金沢市,Ｋｕｒｏｎｅｃｏ Ｊａｃｋ,サービス,飲食業,5%
石川県,金沢市,群青の月,サービス,その他サービス,5%
石川県,金沢市,ＫＣＳセンター金沢院 ＫＣＳセンター金沢院,その他業種,ー,5%
石川県,金沢市,ＧＵＥＳＴＨＯＵＳＥＫＡＤＯＹＡＳＵ,サービス,その他サービス,5%
石川県,金沢市,ゲストハウス泊家,サービス,その他サービス,5%
石川県,金沢市,ゲストハウスポンギー,サービス,その他サービス,5%
石川県,金沢市,兼六亭,小売業,その他小売,5%
石川県,金沢市,兼六鈑金塗装工場,サービス,その他サービス,5%
石川県,金沢市,コイル,サービス,飲食業,5%
石川県,金沢市,セブンーイレブンＫＯＹＯ石川県立中央病院店,小売業,食料品,2%
石川県,金沢市,セブンーイレブンＫＯＹＯ金沢医療センター店,小売業,食料品,2%
石川県,金沢市,コープおおぬか,小売業,食料品,5%
石川県,金沢市,コープたまぼこ,小売業,食料品,5%
石川県,金沢市,ゴールドカレー本店,サービス,飲食業,5%
石川県,金沢市,小顔整顔サロンＮｏ．３?ｔｈｒｅｅ?,サービス,その他サービス,5%
石川県,金沢市,ＣＯＣＯＲＡ,サービス,理容・美容業,5%
石川県,金沢市,ｋｏｓｈｉｄａ,小売業,その他小売,5%
石川県,金沢市,越山甘清堂 杜の里店,小売業,食料品,5%
石川県,金沢市,越山甘清堂 近江町店,小売業,食料品,5%
石川県,金沢市,個人高戸交通,サービス,運輸業,5%
石川県,金沢市,コソバ・リビング,小売業,電化製品,5%
石川県,金沢市,古美術高辻,小売業,家具・調度品,5%
石川県,金沢市,小路,サービス,飲食業,5%
石川県,金沢市,香むぎ 香むぎ,サービス,飲食業,5%
石川県,金沢市,ゴルフスタジオゾーン,小売業,その他小売,5%
石川県,金沢市,金剛堂 北陸本店,小売業,家具・調度品,5%
石川県,金沢市,コンディショニングＳＩＮ,その他業種,ー,5%
石川県,金沢市,ＣＯＭＦＹ,小売業,家具・調度品,5%
石川県,金沢市,Ｔｈｅ Ｇｏｄｂｕｒｇｅｒ,サービス,飲食業,5%
石川県,金沢市,ＨＴＢ骨盤矯正,サービス,理容・美容業,5%
石川県,金沢市,菜香樓 新館,サービス,飲食業,5%
石川県,金沢市,菜香楼 百番街店,サービス,飲食業,5%
石川県,金沢市,菜喰安心院,サービス,飲食業,5%
石川県,金沢市,催事和菓子 越山甘清堂 金沢百番街店,小売業,食料品,5%
石川県,金沢市,坂上彫刻店,その他業種,ー,5%
石川県,金沢市,茶菓工房たろう 金沢百番街店,小売業,食料品,5%
石川県,金沢市,酒屋彌三郎,サービス,飲食業,5%
石川県,金沢市,サクマカデン,小売業,電化製品,5%
石川県,金沢市,酒猿丸,小売業,その他小売,5%
石川県,金沢市,サケショップ 福光屋 金沢店,小売業,食料品,5%
石川県,金沢市,酒の井なみ屋,小売業,食料品,5%
石川県,金沢市,酒のたみや,小売業,その他小売,5%
石川県,金沢市,酒のぬまた,小売業,その他小売,5%
石川県,金沢市,刺身屋,サービス,飲食業,5%
石川県,金沢市,ザバーバーショップスピークイージー,サービス,理容・美容業,5%
石川県,金沢市,Ｓａｌｏｎ－ａｎｅｍｏｎｅ,サービス,理容・美容業,5%
石川県,金沢市,サロンるーな サロンるーな,サービス,理容・美容業,5%
石川県,金沢市,サングラスとカフェ Ｍｉｔｏ,小売業,その他小売,5%
石川県,金沢市,サン すいーと,小売業,電化製品,5%
石川県,金沢市,三洋商店,小売業,食料品,5%
石川県,金沢市,ＣＩＡＲＴＯＲ,サービス,理容・美容業,5%
石川県,金沢市,Ｃ：ｈａｉｒ 【シーヘアー】,サービス,理容・美容業,5%
石川県,金沢市,ＣＭＯＳ,サービス,その他サービス,5%
石川県,金沢市,Ｊ－Ｓｔｙｌｅ 金沢八日市店,サービス,その他サービス,5%
石川県,金沢市,ジェームス鞍月店,小売業,その他小売,2%
石川県,金沢市,ＳｉｅｓｔａＫａｎａｚａｗａ,サービス,理容・美容業,5%
石川県,金沢市,塩屋印房,小売業,その他小売,5%
石川県,金沢市,自家焙煎ミステリーカフェ謎屋珈琲店 謎屋珈琲店,サービス,飲食業,5%
石川県,金沢市,四季のテーブル,サービス,飲食業,5%
石川県,金沢市,四季のテーブル 四季のテーブル,サービス,飲食業,5%
石川県,金沢市,仕事人,小売業,その他小売,5%
石川県,金沢市,金沢炉端 肉る’ｓ－ミートルズ－,サービス,飲食業,5%
石川県,金沢市,四十万谷本舗 百番街あんと店,小売業,食料品,5%
石川県,金沢市,四十萬谷本舗 弥生本店,小売業,食料品,5%
石川県,金沢市,６ｅｔｈａｎｂａｒｂｅｒｐｒｏｊｅｃｔ,サービス,その他サービス,5%
石川県,金沢市,芝寿し 金沢百番街店,小売業,食料品,5%
石川県,金沢市,柴舟小出 百番街店,小売業,食料品,5%
石川県,金沢市,島崎燃料,小売業,その他小売,5%
石川県,金沢市,清水電機商会,小売業,電化製品,5%
石川県,金沢市,ＳＨＡＲＩＮＫａｎａｚａｗａＴｒａｖｅｌｅｒ＇ｓＩｎｎ,サービス,その他サービス,5%
石川県,金沢市,ジャンティールキタカミタテマチ店,小売業,その他小売,5%
石川県,金沢市,舟楽 近江町本店,小売業,食料品,5%
石川県,金沢市,jouete 金沢百番街Rinto店,小売業,貴金属・服飾品,5%
石川県,金沢市,ＳＵＧＡＲＤＡＹＳ,小売業,衣料品,5%
石川県,金沢市,酒千庵水上 酒千庵水上,小売業,食料品,5%
石川県,金沢市,酒房,サービス,飲食業,5%
石川県,金沢市,酒味処 馬づら,サービス,飲食業,5%
石川県,金沢市,旬彩和食 口福,サービス,飲食業,5%
石川県,金沢市,ジュンナパーク,小売業,その他小売,5%
石川県,金沢市,ジョイフル恵利 片町きらら 金沢店,サービス,その他サービス,5%
石川県,金沢市,城東ＳＳ,小売業,ガソリンスタンド,2%
石川県,金沢市,Ｄｒ．Ｄｒｉｖｅ城南店,小売業,ガソリンスタンド,2%
石川県,金沢市,松風園茶舗,小売業,食料品,5%
石川県,金沢市,小立庵,サービス,飲食業,5%
石川県,金沢市,ジョルノ,サービス,理容・美容業,5%
石川県,金沢市,しらたまや,小売業,その他小売,5%
石川県,金沢市,ＪＩＮＪＵＲ,小売業,食料品,5%
石川県,金沢市,新鮮酒場キサラギ,サービス,飲食業,5%
石川県,金沢市,眞美堂,小売業,その他小売,5%
石川県,金沢市,ｓｋｙ,サービス,理容・美容業,5%
石川県,金沢市,スカイ三協,小売業,電化製品,5%
石川県,金沢市,スカイ中央,小売業,電化製品,5%
石川県,金沢市,スギタ,小売業,電化製品,5%
石川県,金沢市,杉野屋 与作 金沢百番街店,小売業,食料品,5%
石川県,金沢市,数寄屋風旅館 からさわ,サービス,宿泊業,5%
石川県,金沢市,Ｓｕｋｈｕｍｖｉｔ,サービス,理容・美容業,5%
石川県,金沢市,すし食いねえ！金沢寺地店,サービス,飲食業,5%
石川県,金沢市,すし食いねえ！県庁前店,サービス,飲食業,5%
石川県,金沢市,寿し駒兼六園店 寿し駒 兼六園店,サービス,飲食業,5%
石川県,金沢市,すし捨,サービス,飲食業,5%
石川県,金沢市,鮨処 秀よし,サービス,飲食業,5%
石川県,金沢市,すゞめ金沢百番街店,小売業,食料品,5%
石川県,金沢市,スタイリストゴトウ駅西店,小売業,その他小売,5%
石川県,金沢市,ＳｔｙｌｉｓｈＣｈｉｎｅｓｅ ＳＨＥＮＧ,サービス,飲食業,5%
石川県,金沢市,ＳＴＡＹ＆ＷＡＳＨＫａｎａｚａｗａ,サービス,その他サービス,5%
石川県,金沢市,ＳＴＡＹ ＷＡＳＨ Ｋａｎａｚａｗａ,サービス,宿泊業,5%
石川県,金沢市,ＳＴＯＣＫ,小売業,衣料品,5%
石川県,金沢市,ストロベリーコーンズ ナポリの窯 金沢八日市店,サービス,飲食業,2%
石川県,金沢市,スピードショップファントム,小売業,その他小売,5%
石川県,金沢市,スポーツショップＮＯＢＵ,小売業,その他小売,5%
石川県,金沢市,スマイルプラザ鈴見ＳＳ,小売業,ガソリンスタンド,2%
石川県,金沢市,ＳＭＡＰＰＬＥ金沢店,サービス,その他サービス,5%
石川県,金沢市,炭火やきとり どっかん。,サービス,飲食業,5%
石川県,金沢市,すみよしや旅館,サービス,宿泊業,5%
石川県,金沢市,生活彩家済生会金沢病院店,小売業,総合（非専門）,2%
石川県,金沢市,生活雑貨ＬＩＮＥ,小売業,衣料品,5%
石川県,金沢市,清香室町 金沢百番街あんと店,小売業,食料品,5%
石川県,金沢市,制服リユース リクル,小売業,総合（非専門）,5%
石川県,金沢市,西洋膳所 鏑木 【かぶらき】,サービス,飲食業,5%
石川県,金沢市,税理士法人中山会計,サービス,その他サービス,5%
石川県,金沢市,ギャラリーセーブル,その他業種,ー,5%
石川県,金沢市,世界の食品 ダイヤモンド 塩干部,小売業,食料品,5%
石川県,金沢市,世界の食品 ダイヤモンド 青果部,小売業,食料品,5%
石川県,金沢市,世界の食品ダイヤモンド,小売業,食料品,5%
石川県,金沢市,CEPO。。STATICE 金沢百番街Rinto店,小売業,衣料品,5%
石川県,金沢市,セルフ泉野ＳＳ,小売業,ガソリンスタンド,2%
石川県,金沢市,セルフ畝田ＳＳ,小売業,ガソリンスタンド,2%
石川県,金沢市,セルフ金沢駅西ＳＳ,小売業,ガソリンスタンド,2%
石川県,金沢市,セルフ戸板ＳＳ,小売業,ガソリンスタンド,2%
石川県,金沢市,セルフ長坂ＳＳ,小売業,ガソリンスタンド,2%
石川県,金沢市,セルフ長坂ＳＳ,小売業,ガソリンスタンド,2%
石川県,金沢市,セルフ福久東ＳＳ,小売業,ガソリンスタンド,2%
石川県,金沢市,セルフプラザ鳴和ＳＳ,小売業,ガソリンスタンド,2%
石川県,金沢市,セルフプラザ元町ＳＳ,小売業,ガソリンスタンド,2%
石川県,金沢市,セルフプラザ八日市ＳＳ,小売業,ガソリンスタンド,2%
石川県,金沢市,セルフ増泉ＳＳ,小売業,ガソリンスタンド,2%
石川県,金沢市,セルフ松村ＳＳ,小売業,ガソリンスタンド,2%
石川県,金沢市,セルフみなとＳＳ,小売業,ガソリンスタンド,2%
石川県,金沢市,セルフ三馬ＳＳ,小売業,ガソリンスタンド,2%
石川県,金沢市,セルフ三馬ＳＳ,小売業,ガソリンスタンド,2%
石川県,金沢市,セレクトリサイクルムギ,小売業,その他小売,5%
石川県,金沢市,Ｄｒ．Ｄｒｉｖｅセレンディピティ大河端店,小売業,ガソリンスタンド,2%
石川県,金沢市,Ｄｒ．Ｄｒｉｖｅセントラル金石店,小売業,ガソリンスタンド,2%
石川県,金沢市,相互自動車商事 株式会社,小売業,その他小売,5%
石川県,金沢市,創作漆器わこう 金沢百番街店,小売業,その他小売,5%
石川県,金沢市,底曳き割烹もんぜん,サービス,飲食業,5%
石川県,金沢市,Ｓｏｐｗｉｔｈ ｃａｍｅｌ Ｓｏｐｗｉｔｈ ｃａｍｅｌ,小売業,衣料品,5%
石川県,金沢市,ソフトバンク 有松,小売業,その他小売,5%
石川県,金沢市,ソフトバンク 有松,小売業,その他小売,5%
石川県,金沢市,ソフトバンク 金沢県庁前,小売業,その他小売,5%
石川県,金沢市,染工房石田,小売業,衣料品,5%
石川県,金沢市,だいご 創作焼肉料理だいご,サービス,飲食業,5%
石川県,金沢市,ｄｉｎｉｎｇ ｂａｒ ＪＯＩＮＩＮＧ,サービス,飲食業,5%
石川県,金沢市,Ｔａｉｎｅ,小売業,衣料品,5%
石川県,金沢市,タイヤハウスまきの,小売業,その他小売,5%
石川県,金沢市,大漁居酒屋まぐろがんち,サービス,飲食業,5%
石川県,金沢市,高尾台ＳＳ,小売業,ガソリンスタンド,2%
石川県,金沢市,高木屋 金沢百番街あんと店,小売業,食料品,5%
石川県,金沢市,高砂屋 百番街あんと店,小売業,食料品,5%
石川県,金沢市,高橋俊充デザイン室,小売業,書籍・玩具・音楽ＣＤ,5%
石川県,金沢市,ｔ．ａ．ｇ,サービス,理容・美容業,5%
石川県,金沢市,竹雄自動車,小売業,その他小売,5%
石川県,金沢市,畳世,小売業,衣料品,5%
石川県,金沢市,ＴＡＣＨＩＮＯ ＣＨＩＥ,その他業種,ー,5%
石川県,金沢市,たちのみイタリアン バッカナーレ,サービス,飲食業,5%
石川県,金沢市,立ち呑み餃子大笑,サービス,飲食業,5%
石川県,金沢市,田鶴酒店,小売業,食料品,5%
石川県,金沢市,株式会社田鶴酒店,小売業,食料品,5%
石川県,金沢市,たふた,小売業,衣料品,5%
石川県,金沢市,Ｗ＆Ｍ Ｈｏｕｓｅ,サービス,宿泊業,5%
石川県,金沢市,多聞堂 金沢百番街店,小売業,食料品,5%
石川県,金沢市,俵屋 金沢百番街店,小売業,食料品,5%
石川県,金沢市,近岡ＳＳ,小売業,ガソリンスタンド,2%
石川県,金沢市,ベイビーリック,サービス,飲食業,5%
石川県,金沢市,近八書房,小売業,書籍・玩具・音楽ＣＤ,5%
石川県,金沢市,茶舎觀壽,その他業種,ー,5%
石川県,金沢市,中華そば大勝 中華そば大勝,サービス,飲食業,5%
石川県,金沢市,中華そば処万味 中華そば処 万味,サービス,飲食業,5%
石川県,金沢市,鳥珍や 金沢駅前店,サービス,飲食業,5%
石川県,金沢市,チョキチョキなんぼ,サービス,理容・美容業,5%
石川県,金沢市,金沢百番街Rinto ツナグカフェ ＭＡＰＬＥ ＨＯＵＳＥ,サービス,飲食業,5%
石川県,金沢市,つば甚,サービス,飲食業,5%
石川県,金沢市,睡眠サロン頭,サービス,理容・美容業,5%
石川県,金沢市,ティアラｂｙギャロ,サービス,理容・美容業,5%
石川県,金沢市,ＴｅａＨｏｕｓｅ ＳＡＫＵＲＡ,サービス,飲食業,5%
石川県,金沢市,ディレッタント,小売業,衣料品,5%
石川県,金沢市,ディンプル ディンプル,小売業,衣料品,5%
石川県,金沢市,ｔｅｔｅはりきゅう院 笠舞店,サービス,その他サービス,5%
石川県,金沢市,テニスプロショップ デュース,小売業,その他小売,5%
石川県,金沢市,デューク自然療法クリニック,その他業種,ー,5%
石川県,金沢市,てらおか風舎 金沢店,サービス,飲食業,5%
石川県,金沢市,てらまちや 風心庵,サービス,宿泊業,5%
石川県,金沢市,テラロマ テラロマ,サービス,理容・美容業,5%
石川県,金沢市,テルメ金沢,サービス,宿泊業,5%
石川県,金沢市,電化シヨップ みやした,小売業,電化製品,5%
石川県,金沢市,電化のとらや,小売業,電化製品,5%
石川県,金沢市,天狗中田本店 金沢百番街店,小売業,食料品,5%
石川県,金沢市,東京テレビ,小売業,電化製品,5%
石川県,金沢市,東京堂 東京堂,小売業,貴金属・服飾品,5%
石川県,金沢市,東洋堂薬局,小売業,その他小売,5%
石川県,金沢市,ＴＯＧＡ,小売業,衣料品,5%
石川県,金沢市,土火楽,サービス,飲食業,5%
石川県,金沢市,時蔵金沢片町本店,小売業,その他小売,5%
石川県,金沢市,ドクターグラス金沢,サービス,その他サービス,5%
石川県,金沢市,Ｄｒ．Ｄｒｉｖｅセルフプラザ長田ＳＳ,小売業,ガソリンスタンド,2%
石川県,金沢市,床屋 日和,サービス,理容・美容業,5%
石川県,金沢市,登山用品のオクトス金沢店,小売業,その他小売,5%
石川県,金沢市,ドスパラ金沢店,小売業,電化製品,5%
石川県,金沢市,ドッグケア サロン ｗｉｔｈ,サービス,その他サービス,5%
石川県,金沢市,ｄｏｇｓａｌｏｎ ｃｏｌｃｈｅ,サービス,その他サービス,5%
石川県,金沢市,とのまち とのまち,サービス,飲食業,5%
石川県,金沢市,戸水倉庫,小売業,ガソリンスタンド,2%
石川県,金沢市,トヨタレンタリース石川 金沢駅西口店,その他業種,ー,2%
石川県,金沢市,トヨタレンタリース石川金沢駅東口店,その他業種,ー,2%
石川県,金沢市,トヨタレンタリース石川金沢神田店,その他業種,ー,2%
石川県,金沢市,トヨタレンタリース石川金沢鞍月店,その他業種,ー,2%
石川県,金沢市,トヨタレンタリース石川金沢工大前店,その他業種,ー,2%
石川県,金沢市,トヨタレンタリース石川金沢元町店,その他業種,ー,2%
石川県,金沢市,トヨタレンタリース石川ピピットａｕショッ,小売業,その他小売,5%
石川県,金沢市,Ｔｒａｖｅｌｅｒ ｓ ｌｏｕｎｇｅ ＴＲＡＦＦＩＣ,サービス,宿泊業,5%
石川県,金沢市,トラベル愛ランド金沢駅西けやき通り店,サービス,その他サービス,5%
石川県,金沢市,トラベル・エー,サービス,その他サービス,5%
石川県,金沢市,トラベル・エー もりの里店,サービス,その他サービス,5%
石川県,金沢市,鳥たけ,サービス,飲食業,5%
石川県,金沢市,どんたく 西金沢店,小売業,食料品,5%
石川県,金沢市,問屋センタ－ＳＳ,小売業,ガソリンスタンド,2%
石川県,金沢市,ＮＯＷ,小売業,その他小売,5%
石川県,金沢市,中川政七商店 金沢百番街 Rinto店,小売業,総合（非専門）,5%
石川県,金沢市,中島めんや,小売業,その他小売,5%
石川県,金沢市,ながた生花店,小売業,その他小売,5%
石川県,金沢市,Ｄｒ．Ｄｒｉｖｅ長町店,小売業,ガソリンスタンド,2%
石川県,金沢市,中六,小売業,食料品,5%
石川県,金沢市,成,サービス,飲食業,5%
石川県,金沢市,成 成,サービス,飲食業,5%
石川県,金沢市,なんば一番蛸佐ん,小売業,食料品,5%
石川県,金沢市,ナンブ－セントラル,サービス,理容・美容業,5%
石川県,金沢市,ナンブ－ヒルズ,サービス,理容・美容業,5%
石川県,金沢市,Ｈａｉｒ ｓａｌｏｎ ２４６,サービス,理容・美容業,5%
石川県,金沢市,Ｄｒ．Ｄｒｉｖｅ西大通店,小売業,ガソリンスタンド,2%
石川県,金沢市,西風タクシー,サービス,運輸業,5%
石川県,金沢市,ニュー金沢バイパス,小売業,ガソリンスタンド,2%
石川県,金沢市,ニュー三久泉が丘店,小売業,食料品,5%
石川県,金沢市,ニュー三久金沢西念店,小売業,食料品,5%
石川県,金沢市,ニュー三久三陽店,小売業,食料品,5%
石川県,金沢市,ニュー三久城南店,小売業,食料品,5%
石川県,金沢市,ニュー三久伏見台店,小売業,食料品,5%
石川県,金沢市,ＮＥＵＴＲＡＬ,小売業,家具・調度品,5%
石川県,金沢市,金沢ニューグランドホテル,サービス,宿泊業,5%
石川県,金沢市,人形ミュージアム,サービス,理容・美容業,5%
石川県,金沢市,Ｎｅｉｇｈｂｏｒｓ Ｉｎｎ Ｋａｎａｚａｗａ,サービス,宿泊業,5%
石川県,金沢市,ネイルサロンステラ,サービス,その他サービス,5%
石川県,金沢市,ＮａｉｌｓａｌｏｎＮｏｅ,サービス,理容・美容業,5%
石川県,金沢市,能加万菜 市場屋 近江町総本店,サービス,飲食業,5%
石川県,金沢市,農家屋 かわに 金沢百番街店,小売業,食料品,5%
石川県,金沢市,のらくろ近岡店,小売業,その他小売,5%
石川県,金沢市,ｎｏｎｔａｎ,サービス,飲食業,5%
石川県,金沢市,ＢＡＲＢＥＲ ＤＥＡＬＳ,サービス,理容・美容業,5%
石川県,金沢市,ＢＡＲＢＥＲＳＴＡＧＥＲＹＯＵＥＮ,サービス,理容・美容業,5%
石川県,金沢市,バイオリンリサーチ 金沢,小売業,その他小売,5%
石川県,金沢市,金沢百番街 はいから本舗,小売業,総合（非専門）,5%
石川県,金沢市,ハオ,小売業,衣料品,5%
石川県,金沢市,ハグミトンワークス,サービス,飲食業,5%
石川県,金沢市,はしば庵,サービス,その他サービス,5%
石川県,金沢市,橋場交通,サービス,運輸業,5%
石川県,金沢市,８番らーめん入江店,サービス,飲食業,2%
石川県,金沢市,８番らーめん駅西本町店,サービス,飲食業,2%
石川県,金沢市,８番らーめん笠舞店,サービス,飲食業,2%
石川県,金沢市,８番らーめん金沢西インター店,サービス,飲食業,2%
石川県,金沢市,８番らーめん鞍月店,サービス,飲食業,2%
石川県,金沢市,８番らーめん古府南店,サービス,飲食業,2%
石川県,金沢市,８番らーめん犀川大橋店,サービス,飲食業,2%
石川県,金沢市,８番らーめん城北南店,サービス,飲食業,2%
石川県,金沢市,８番らーめん高柳店,サービス,飲食業,2%
石川県,金沢市,８番らーめん福久店,サービス,飲食業,2%
石川県,金沢市,８番らーめん御影店,サービス,飲食業,2%
石川県,金沢市,８番らーめんみなと大橋店,サービス,飲食業,2%
石川県,金沢市,８番らーめんもりの里店,サービス,飲食業,2%
石川県,金沢市,８番らーめん森本店,サービス,飲食業,2%
石川県,金沢市,８番らーめん諸江店,サービス,飲食業,2%
石川県,金沢市,８番らーめん安原店,サービス,飲食業,2%
石川県,金沢市,８番らーめん横川店,サービス,飲食業,2%
石川県,金沢市,８０?ｈａｃｈｉｍａｒｕ?,小売業,衣料品,5%
石川県,金沢市,パティスリー ヴェルジェ,小売業,食料品,5%
石川県,金沢市,ｐ?ｔｉｓｓｅｒｉｅｖｏｙａｇｅｓａｎｓｌａｆｉｎ,小売業,食料品,5%
石川県,金沢市,Ｂｕｄ ａｎｄ Ｂｌｏｏｍ Ｂｕｄ ａｎｄ Ｂｌｏｏｍ,小売業,その他小売,5%
石川県,金沢市,ハナブサデンキ,小売業,電化製品,5%
石川県,金沢市,はりきゅう５治療院 有松店,サービス,その他サービス,5%
石川県,金沢市,パリミラ,サービス,飲食業,5%
石川県,金沢市,Ｐａｒａｄｅ金沢高柳店,小売業,その他小売,5%
石川県,金沢市,Ｐａｒａｄｅ松村店,小売業,その他小売,5%
石川県,金沢市,番飛,サービス,飲食業,5%
石川県,金沢市,ＢＭＯ金沢伏見台店,小売業,衣料品,5%
石川県,金沢市,ＢＥＨＥＲＥＮＯＷ,サービス,理容・美容業,5%
石川県,金沢市,Ｄｒ．Ｄｒｉｖｅ東大通店,小売業,ガソリンスタンド,2%
石川県,金沢市,ひがしやま酒楽,小売業,その他小売,5%
石川県,金沢市,東山わらじ屋,小売業,その他小売,5%
石川県,金沢市,疋田町ＳＳ セルフ,小売業,ガソリンスタンド,2%
石川県,金沢市,Ｂｉｓｔｒｏ Ｌｅｇａｒｅ,サービス,飲食業,5%
石川県,金沢市,Ｖｉｓ ｖｉｖａ,サービス,その他サービス,5%
石川県,金沢市,ｂｉｇ ｂｕｒｇ ＢＡＲＢＥＲ,サービス,理容・美容業,5%
石川県,金沢市,ＢＩＧ ＢＯＳＳ ＫＡＮＡＺＡＷＡ,小売業,その他小売,5%
石川県,金沢市,びっくりドンキー金沢元町店,サービス,飲食業,2%
石川県,金沢市,ＰＢ－１ 金沢片町店,小売業,衣料品,5%
石川県,金沢市,ひまわり接骨院 整体院,サービス,その他サービス,5%
石川県,金沢市,百番銘華 金沢百番街店,小売業,食料品,5%
石川県,金沢市,百薬ｋｉｔｃｈｅｎ,サービス,飲食業,5%
石川県,金沢市,百椀 百膳 能作 金沢百番街店,小売業,その他小売,5%
石川県,金沢市,ビューティサロン幸,サービス,理容・美容業,5%
石川県,金沢市,ビュッフェレストランセントメリー,サービス,飲食業,5%
石川県,金沢市,ヒロ動物病院,サービス,その他サービス,5%
石川県,金沢市,ファウルの家具店,小売業,家具・調度品,5%
石川県,金沢市,ＦＹＳＩＫＡ,小売業,衣料品,5%
石川県,金沢市,Ｆｉｔ ｈａｉｒ ｄｅｓｉｇｎ,サービス,理容・美容業,5%
石川県,金沢市,Ｆｙｌｌｕｍ,小売業,衣料品,5%
石川県,金沢市,フェイス,その他業種,ー,5%
石川県,金沢市,Ｐｈｏｔｏ Ｃｒｅａｔｅ ＧＡＬＡ,サービス,その他サービス,5%
石川県,金沢市,福田電機株式会社,小売業,電化製品,5%
石川県,金沢市,福久東ＳＳ セルフ,小売業,ガソリンスタンド,2%
石川県,金沢市,福光屋 ひがし,小売業,その他小売,5%
石川県,金沢市,Ｄｒ．Ｄｒｉｖｅ セルフ伏見台店,小売業,ガソリンスタンド,2%
石川県,金沢市,富士やまとコーヒー,その他業種,ー,5%
石川県,金沢市,Ｂｏｏｋ ｏｆｆ 金沢諸江店,小売業,書籍・玩具・音楽ＣＤ,2%
石川県,金沢市,Ｂｏｏｋｓふかざわ,小売業,書籍・玩具・音楽ＣＤ,5%
石川県,金沢市,ぶった農産 金沢百番街あんと店,小売業,食料品,5%
石川県,金沢市,ｈｏｏｄｔｒａｉｎｉｎｇ,サービス,その他サービス,5%
石川県,金沢市,ブティックカキモト ブティックカキモト,小売業,衣料品,5%
石川県,金沢市,ブティックｓｐｏｏｎ ブティックｓｐｏｏｎ,小売業,衣料品,5%
石川県,金沢市,ぶどうの木 ルートパスタ洋菓子工房 金沢百番街,小売業,食料品,5%
石川県,金沢市,ふとんタナカ 金沢本店,小売業,その他小売,5%
石川県,金沢市,FUMUROYA CAF? 金沢百番街店,サービス,飲食業,5%
石川県,金沢市,プラス薬局,小売業,その他小売,5%
石川県,金沢市,Ｆｌｅｕｒ ｄｅ ｌｉｓ 金沢店,小売業,衣料品,5%
石川県,金沢市,ｂｌａｎｋｅｔ ｃａｆｅ,サービス,飲食業,5%
石川県,金沢市,ブランシェ 金沢店,小売業,その他小売,5%
石川県,金沢市,ブランシェ もりの里店,小売業,その他小売,5%
石川県,金沢市,ｋａｔｚｆｒｅｅｌａｎｃｅ,サービス,理容・美容業,5%
石川県,金沢市,Ｂｌｕｅ Ｈｏｕｒ Ｋａｎａｚａｗａ,サービス,宿泊業,5%
石川県,金沢市,フルーツ むらはた,小売業,食料品,5%
石川県,金沢市,フルーツ坂野 金沢近江町市場店,小売業,食料品,5%
石川県,金沢市,bleu bleuet 金沢百番街店,小売業,その他小売,5%
石川県,金沢市,ＢＬＵＥ ＭＯＮＤＡＹ,サービス,飲食業,5%
石川県,金沢市,プールサイド 金沢フォーラス店,小売業,衣料品,5%
石川県,金沢市,故郷ダイニングまれ,サービス,飲食業,5%
石川県,金沢市,古谷龍二税理士事務所,サービス,その他サービス,5%
石川県,金沢市,ブレーク スルー,サービス,その他サービス,5%
石川県,金沢市,ｐｒｏｐｅｒＮｏｕｎ,小売業,衣料品,5%
石川県,金沢市,ＹＡＭＡＭＯＲＩ,サービス,理容・美容業,5%
石川県,金沢市,ｈａｉｒ ｒｅｓｏｒｔ ｇａｍｅｌａｎ,サービス,理容・美容業,5%
石川県,金沢市,ＨＡＩＲ ＡＬＥＳ,サービス,理容・美容業,5%
石川県,金沢市,ヘアー メイク サヤン Ｓａｙａｎｇ,サービス,理容・美容業,5%
石川県,金沢市,ＨＡＩＲ．．．ｉｎＤ＇ｓ⑥,サービス,理容・美容業,5%
石川県,金沢市,ヘアーサロン タカギ,サービス,理容・美容業,5%
石川県,金沢市,ヘアーサロンさわむら,サービス,理容・美容業,5%
石川県,金沢市,Ｈａｉｒ ｓｐｏｔ Ｊａｍ,サービス,理容・美容業,5%
石川県,金沢市,ＨＡＩＲＢＡＳＥｔａｍｕ,サービス,理容・美容業,5%
石川県,金沢市,ヘアーメイク スニップ,サービス,理容・美容業,5%
石川県,金沢市,ヘアクラブ道,サービス,理容・美容業,5%
石川県,金沢市,ヘアー・ディレクションナンブ,サービス,理容・美容業,5%
石川県,金沢市,ヘアメイク着付け美ＫＭＲ,サービス,理容・美容業,5%
石川県,金沢市,ヘアメイクＳＯＹＯ,サービス,理容・美容業,5%
石川県,金沢市,Ｂｅｉｓｈｉｎおこめキッチン 金沢百番街店,小売業,食料品,5%
石川県,金沢市,ベイパークラウド 金沢,小売業,総合（非専門）,5%
石川県,金沢市,ベジキッチン,サービス,飲食業,5%
石川県,金沢市,ペットショップｗｉｔｈ金沢示野店,小売業,その他小売,5%
石川県,金沢市,ＢＥＬＩＮＤＡ,小売業,衣料品,5%
石川県,金沢市,ベルナール,サービス,飲食業,5%
石川県,金沢市,ホームインホーマー,小売業,総合（非専門）,5%
石川県,金沢市,ホームインホーマー,小売業,総合（非専門）,5%
石川県,金沢市,ホ－ムイン・ホ－マ－ オレンジ館,小売業,総合（非専門）,5%
石川県,金沢市,ホ－ムイン・ホ－マ－ グリ－ン館,小売業,総合（非専門）,5%
石川県,金沢市,ほぐし処 らくもみ ほぐし処らくもみ,サービス,その他サービス,5%
石川県,金沢市,ほぐし処らくもみ,サービス,その他サービス,5%
石川県,金沢市,保古町ＳＳ セルフ,小売業,ガソリンスタンド,2%
石川県,金沢市,星崎運輸 湊ＳＳ,小売業,ガソリンスタンド,2%
石川県,金沢市,ほっこりゴハンたぬき,サービス,飲食業,5%
石川県,金沢市,堀田めがね店,小売業,貴金属・服飾品,5%
石川県,金沢市,Ｈｏｔ Ｌｉｎｅ,サービス,理容・美容業,5%
石川県,金沢市,ＨｏｔＬｉｎｅ,サービス,理容・美容業,5%
石川県,金沢市,Ｈｏｔ Ｌｉｎｅ,サービス,理容・美容業,5%
石川県,金沢市,ホテルビスタ金沢,サービス,宿泊業,5%
石川県,金沢市,ポプラ金沢沖町店,小売業,総合（非専門）,2%
石川県,金沢市,ポプラ金沢もりの里店,小売業,総合（非専門）,2%
石川県,金沢市,ほほ笑みカイロプラクティック,サービス,理容・美容業,5%
石川県,金沢市,ポポラマーマ 金沢もりの里店,サービス,飲食業,5%
石川県,金沢市,ポポラマーマ 金沢もりの里店,サービス,飲食業,5%
石川県,金沢市,Ｂｏｌｄｏｒ,サービス,飲食業,5%
石川県,金沢市,ｈｏｌｍｈａｉｒ,サービス,理容・美容業,5%
石川県,金沢市,本社,小売業,ガソリンスタンド,2%
石川県,金沢市,本社 ＥＮＥＲＩＳ,小売業,ガソリンスタンド,2%
石川県,金沢市,まかない こすめ 金沢駅あんと店,小売業,食料品,5%
石川県,金沢市,マクドナルドイオン金沢店,サービス,飲食業,2%
石川県,金沢市,マクドナルドイオン杜の里店,サービス,飲食業,2%
石川県,金沢市,マクドナルド金沢有松店,サービス,飲食業,2%
石川県,金沢市,マクドナルド金沢アルプラザ店,サービス,飲食業,2%
石川県,金沢市,マクドナルド金沢片町店,サービス,飲食業,2%
石川県,金沢市,マクドナルド金沢鞍月店,サービス,飲食業,2%
石川県,金沢市,マクドナルド金沢新神田店,サービス,飲食業,2%
石川県,金沢市,マクドナルド金沢田上店,サービス,飲食業,2%
石川県,金沢市,マクドナルド金沢西インター店,サービス,飲食業,2%
石川県,金沢市,マクドナルド金沢元町店,サービス,飲食業,2%
石川県,金沢市,マクドナルド８号線北町店,サービス,飲食業,2%
石川県,金沢市,マクドナルド福増町店,サービス,飲食業,2%
石川県,金沢市,増泉給油所,小売業,ガソリンスタンド,2%
石川県,金沢市,マダム・ビモータ,小売業,衣料品,5%
石川県,金沢市,株式会社ジャパンエンタープライズ,小売業,その他小売,5%
石川県,金沢市,マダムビモータ 武蔵店,小売業,衣料品,5%
石川県,金沢市,マッコリプリンス１号店,サービス,飲食業,5%
石川県,金沢市,松村物産ビル,小売業,ガソリンスタンド,2%
石川県,金沢市,ＭＡ?なべや 金沢店,サービス,飲食業,5%
石川県,金沢市,まめや金澤萬久 金沢百番街店,小売業,食料品,5%
石川県,金沢市,マルエー泉野店,小売業,その他小売,5%
石川県,金沢市,マルエー春日店,小売業,その他小売,5%
石川県,金沢市,マルエー小立野店,小売業,その他小売,5%
石川県,金沢市,マルエー久安店,小売業,その他小売,5%
石川県,金沢市,マルエー間明店,小売業,その他小売,5%
石川県,金沢市,マルエーｍｉｎｉ香林坊店,小売業,その他小売,5%
石川県,金沢市,マルエーｍｉｎｉ平和町店,小売業,その他小売,5%
石川県,金沢市,マルエーｍｉｎｉライブ１店,小売業,その他小売,5%
石川県,金沢市,マルツ金沢西インター店,小売業,電化製品,5%
石川県,金沢市,丸年呉服店 近江町店,小売業,衣料品,5%
石川県,金沢市,丸年呉服店 ムサシ店,小売業,衣料品,5%
石川県,金沢市,丸八製茶場 金沢百番街店,サービス,飲食業,5%
石川県,金沢市,丸六株式会社,小売業,衣料品,5%
石川県,金沢市,廻る富山湾すし玉 金沢駅店 金沢百番街,サービス,飲食業,5%
石川県,金沢市,Ｄｒ．Ｄｒｉｖｅマンサーナ押野店,小売業,ガソリンスタンド,2%
石川県,金沢市,Ｍｅａｌ,サービス,飲食業,5%
石川県,金沢市,ミシンのナカガワ ひきだ店,小売業,その他小売,5%
石川県,金沢市,ミシンのナカガワ 片町店,小売業,その他小売,5%
石川県,金沢市,ミシンのナカガワ 有松店,小売業,電化製品,5%
石川県,金沢市,Ｍｒ．トレンディ安原ＳＳ,小売業,ガソリンスタンド,2%
石川県,金沢市,水野増吉商店,小売業,その他小売,5%
石川県,金沢市,みずべ 百番街店,小売業,その他小売,5%
石川県,金沢市,道下カイロプラクティック整体院２階,サービス,その他サービス,5%
石川県,金沢市,みなとＳＳ セルフ,小売業,ガソリンスタンド,2%
石川県,金沢市,源 金沢百番街あんと店,小売業,食料品,5%
石川県,金沢市,三山写真館,サービス,その他サービス,5%
石川県,金沢市,Ｍｏｕｉｌｌｅ,小売業,衣料品,5%
石川県,金沢市,武蔵屋食堂,サービス,飲食業,5%
石川県,金沢市,ムラタ時計眼鏡店,小売業,その他小売,5%
石川県,金沢市,村松商事株式会社 旗の村松手芸の村松,小売業,衣料品,5%
石川県,金沢市,無量寺ＳＳ セルフ,小売業,ガソリンスタンド,2%
石川県,金沢市,めがねのアイビー,小売業,貴金属・服飾品,5%
石川県,金沢市,めがねのお店 Ｍｉｔｏ めがねのお店Ｍｉｔｏ,小売業,その他小売,5%
石川県,金沢市,めがねのお店Ｍｉｔｏ,小売業,その他小売,5%
石川県,金沢市,メガネのハラダ有松店,小売業,貴金属・服飾品,5%
石川県,金沢市,メガネのハラダ 桜町店,小売業,貴金属・服飾品,5%
石川県,金沢市,メガネのハラダ 鳴和店,小売業,貴金属・服飾品,5%
石川県,金沢市,メガネのハラダ駅西本町店,小売業,貴金属・服飾品,5%
石川県,金沢市,メガネのハラダ北安江店,小売業,貴金属・服飾品,5%
石川県,金沢市,メガネのハラダ 増泉店,小売業,貴金属・服飾品,5%
石川県,金沢市,メガネのハラダ 八日市店,小売業,貴金属・服飾品,5%
石川県,金沢市,Ｍａｉｓｏｎ ｄｅ Ｐｒｕｎｅ,小売業,衣料品,5%
石川県,金沢市,メルチェリーア 金沢百番街Rinto店,小売業,貴金属・服飾品,5%
石川県,金沢市,元湯石屋,サービス,宿泊業,5%
石川県,金沢市,ＭＯＮＥＴ,サービス,飲食業,5%
石川県,金沢市,もみかる 金沢伏見台店,サービス,理容・美容業,5%
石川県,金沢市,ＭＯＹＵ ８６ 中村登代美,小売業,その他小売,5%
石川県,金沢市,ＭＯＹＵ ８６ 川端寛子,小売業,その他小売,5%
石川県,金沢市,ＭＯＹＵ ８６ ８６,小売業,その他小売,5%
石川県,金沢市,森永宅配本舗 森永宅配本舗 金沢店,小売業,食料品,5%
石川県,金沢市,Ｄｒ．Ｄｒｉｖｅセルフもりの里店,小売業,ガソリンスタンド,2%
石川県,金沢市,ＭＯＮＳＴＥＲ ＦＩＴＮＥＳＳ,サービス,その他サービス,5%
石川県,金沢市,やきとり桜屋,サービス,飲食業,5%
石川県,金沢市,やきとり 鳥珍や 片町本店,サービス,飲食業,5%
石川県,金沢市,金沢焼肉楽処 万場 金沢南店,サービス,飲食業,5%
石川県,金沢市,焼肉酒場飛那,サービス,飲食業,5%
石川県,金沢市,焼肉戸板商店,サービス,飲食業,5%
石川県,金沢市,焼肉ＮＯＢＵ,サービス,飲食業,5%
石川県,金沢市,焼き肉 ホルモン だんだん,サービス,飲食業,5%
石川県,金沢市,焼肉冷麺しちりん家有松店,サービス,飲食業,5%
石川県,金沢市,焼肉冷麺しちりん家桜田店,サービス,飲食業,5%
石川県,金沢市,ヤギヤ,サービス,飲食業,5%
石川県,金沢市,Ｙａｈａｔａ すしべん 高柳店,サービス,飲食業,5%
石川県,金沢市,Ｙａｈａｔａ すしべん 東インター店,サービス,飲食業,5%
石川県,金沢市,Ｙａｈａｔａ すしべん 近岡店,サービス,飲食業,5%
石川県,金沢市,山内会計事務所,サービス,その他サービス,5%
石川県,金沢市,ヤマカ水産 あんと店,小売業,食料品,5%
石川県,金沢市,ヤマカ水産 近江町１号店,小売業,食料品,5%
石川県,金沢市,山さん寿司本店,サービス,飲食業,5%
石川県,金沢市,山の上洋菓子店,小売業,食料品,5%
石川県,金沢市,山本美術,その他業種,ー,5%
石川県,金沢市,有限会社 小中自動車工業,小売業,その他小売,5%
石川県,金沢市,（有）ＴＯＲＩＩホールディング,小売業,その他小売,5%
石川県,金沢市,有限会社プロタクシー,サービス,その他サービス,5%
石川県,金沢市,有限会社アスピラ,小売業,衣料品,5%
石川県,金沢市,有限会社 長田自動車 福久店,小売業,その他小売,5%
石川県,金沢市,友禅空間工房久恒,その他業種,ー,5%
石川県,金沢市,金沢百番街 友禅工芸 すずらん,小売業,総合（非専門）,5%
石川県,金沢市,友禅こもの モリシタ 金沢百番街あんと店,小売業,その他小売,5%
石川県,金沢市,ゆうらくざ・あらよし,小売業,電化製品,5%
石川県,金沢市,ゆうらくざ・ござ,小売業,電化製品,5%
石川県,金沢市,夢屋 おそうざい屋 いちば館店,サービス,飲食業,5%
石川県,金沢市,よこい青果,小売業,食料品,5%
石川県,金沢市,ＹＯＳＡＰＡＲＫｃｌｅａｒ,サービス,理容・美容業,5%
石川県,金沢市,吉野家金沢百番街店,サービス,飲食業,2%
石川県,金沢市,よねもとクリーニング,サービス,その他サービス,5%
石川県,金沢市,４ｃｍ 広坂店,サービス,理容・美容業,5%
石川県,金沢市,４ｃｍ 諸江店,サービス,理容・美容業,5%
石川県,金沢市,４ｃｍ 横川店,サービス,理容・美容業,5%
石川県,金沢市,Ｒａ．Ｃｕａ,サービス,理容・美容業,5%
石川県,金沢市,Ｌａ Ｐｅｉｎｔｕｒｅ,小売業,食料品,5%
石川県,金沢市,ラ フォレスタ,サービス,飲食業,5%
石川県,金沢市,ラーメン侍 金沢百番街,サービス,飲食業,5%
石川県,金沢市,らーめん世界桜田店,サービス,飲食業,5%
石川県,金沢市,らーめん世界西泉店,サービス,飲食業,5%
石川県,金沢市,らーめん世界福久店,サービス,飲食業,5%
石川県,金沢市,Ｄｒ．Ｄｒｉｖｅライヴスクエア近岡店,小売業,ガソリンスタンド,2%
石川県,金沢市,Ｌｉｆｅｉｎホ－プ,小売業,電化製品,5%
石川県,金沢市,Ｄｒ．Ｄｒｉｖｅライフステージ泉台店,小売業,ガソリンスタンド,2%
石川県,金沢市,落雁 諸江屋 金沢百番街,小売業,食料品,5%
石川県,金沢市,らくやん金沢福久店,サービス,その他サービス,5%
石川県,金沢市,らしんばん 金沢店,小売業,その他小売,5%
石川県,金沢市,Ｒａｐｉｄ ラピド,小売業,総合（非専門）,5%
石川県,金沢市,Ｌａｕｇｈｇａｔｅ,サービス,理容・美容業,5%
石川県,金沢市,ラ ベル ジャポネ,小売業,食料品,5%
石川県,金沢市,ラ・メール金沢店,サービス,理容・美容業,5%
石川県,金沢市,Ｌａｎｄ＆ｒｕｔｏ,小売業,その他小売,5%
石川県,金沢市,ＲＥＡＬ Ｓｔｙｌｅ 金沢店,小売業,家具・調度品,5%
石川県,金沢市,Ｒｅ：ａｎ,サービス,理容・美容業,5%
石川県,金沢市,Ｌｅｅ 金沢百番街店,小売業,衣料品,5%
石川県,金沢市,Ｌｅａｆ ｈａｉｒ,サービス,理容・美容業,5%
石川県,金沢市,ＬＩＸＩＬ リフォームショップ ＳＨＩＭＡＧＥＮ,サービス,その他サービス,2%
石川県,金沢市,Ｒｉｃｏ Ｈａｉｒ,サービス,理容・美容業,5%
石川県,金沢市,株式会社リシュマリアローズ,サービス,その他サービス,5%
石川県,金沢市,ＲｉｖｅｒｓｉｄｅＳｔａｙＫａｎａｚａｗａ,サービス,その他サービス,5%
石川県,金沢市,髪市,サービス,理容・美容業,5%
石川県,金沢市,金沢百番街Rinto リバティーン,小売業,その他小売,5%
石川県,金沢市,Ｌｕｘｅ,サービス,理容・美容業,5%
石川県,金沢市,理容かとう 理容かとう,サービス,理容・美容業,5%
石川県,金沢市,りよう室しゃべりば りよう室しゃべりば,サービス,理容・美容業,5%
石川県,金沢市,理容つかた,サービス,理容・美容業,5%
石川県,金沢市,理容つだ,サービス,理容・美容業,5%
石川県,金沢市,料亭 大友楼,サービス,飲食業,5%
石川県,金沢市,理容なかむら,サービス,理容・美容業,5%
石川県,金沢市,料理教室 中田料理学園,サービス,その他サービス,5%
石川県,金沢市,料理旅館 金沢茶屋,サービス,宿泊業,5%
石川県,金沢市,ＲｙｏｋａｎＹａｍａｍｕｒｏ,サービス,その他サービス,5%
石川県,金沢市,リラクゼーションエステｎａｏ,サービス,理容・美容業,5%
石川県,金沢市,林藤武道具店,小売業,その他小売,5%
石川県,金沢市,ル・ポン・ド・ショコラ サンニコラ 香林坊店,小売業,食料品,5%
石川県,金沢市,LE MUSEE DE H 金沢百番街,小売業,食料品,5%
石川県,金沢市,ＬＯＵＶＲＥ,サービス,理容・美容業,5%
石川県,金沢市,ＲＯＵＴＥ１８,サービス,飲食業,5%
石川県,金沢市,エステティックサロンルクラ,サービス,理容・美容業,5%
石川県,金沢市,ＬＥ ＴＲＩＯ ＡＢＡＨＯＵＳＥ 金沢百番街リント店,小売業,衣料品,5%
石川県,金沢市,ＬｅＢｌａｎｃ,サービス,理容・美容業,5%
石川県,金沢市,ルーム・ヘアー,サービス,理容・美容業,5%
石川県,金沢市,ＲａｉｎＦｏｒｅｓｔ,サービス,その他サービス,5%
石川県,金沢市,レイン・フォレスト,サービス,その他サービス,5%
石川県,金沢市,ロアデザイン＆フォトスタジオ,サービス,その他サービス,5%
石川県,金沢市,ロイヤルクリーニングアルビス畝田店,サービス,その他サービス,5%
石川県,金沢市,ロイヤルクリーニング 入江店,サービス,その他サービス,5%
石川県,金沢市,ロイヤルクリーニング 近江町店,サービス,その他サービス,5%
石川県,金沢市,ロイヤルクリーニング 笠舞店,サービス,その他サービス,5%
石川県,金沢市,ロイヤルクリーニング 西金沢店,サービス,その他サービス,5%
石川県,金沢市,ロイヤルクリーニング日光舎 泉が丘店,サービス,その他サービス,5%
石川県,金沢市,ロイヤルクリーニング日光舎 高尾店,サービス,その他サービス,5%
石川県,金沢市,ロイヤルクリーニング 横川店,サービス,その他サービス,5%
石川県,金沢市,ＲＯＣＯＣＯ 【ロココ】,サービス,理容・美容業,5%
石川県,金沢市,ロココヘア,サービス,理容・美容業,5%
石川県,金沢市,ロシ 小立野店,サービス,その他サービス,5%
石川県,金沢市,ロシ 東山店,サービス,その他サービス,5%
石川県,金沢市,ロシ 疋田店,サービス,その他サービス,5%
石川県,金沢市,ロシ 保古店,サービス,その他サービス,5%
石川県,金沢市,Ｗｉｎｅｓｈｏｐ Ｂｒ?ｃｋｅ,小売業,食料品,5%
石川県,金沢市,和菓子 末広堂 金沢百番街店,小売業,食料品,5%
石川県,金沢市,和菓子加賀陣屋 金沢百番街店,小売業,食料品,5%
石川県,金沢市,和菓子 村上 金沢百番街店,小売業,食料品,5%
石川県,金沢市,わ食 たまき,サービス,飲食業,5%
石川県,金沢市,ワッツ金沢イオン店,小売業,総合（非専門）,5%
石川県,金沢市,ワンダフルセルフ春日,小売業,ガソリンスタンド,2%
石川県,金沢市,ワンダフルセルフ金石ＳＳ,小売業,ガソリンスタンド,2%
石川県,金沢市,ワンダフルセルフ西南部ＳＳ,小売業,ガソリンスタンド,2%
石川県,金沢市,ワンダフルセルフ高尾,小売業,ガソリンスタンド,2%
石川県,金沢市,ワンダフルセルフ湊,小売業,ガソリンスタンド,2%
石川県,金沢市,ワンダフルセルフ涌波,小売業,ガソリンスタンド,2%
石川県,金沢市,ワンピース 中古 新品タイヤ ホイール販売買取専門店ワンピース,小売業,その他小売,5%
石川県,かほく市,アメリカンスクエアマツヤ イオンかほく店,小売業,衣料品,5%
石川県,かほく市,石川県立看護大学 売店,小売業,その他小売,5%
石川県,かほく市,Ｎ ＧＡＲＡＧＥ,サービス,その他サービス,5%
石川県,かほく市,ａｉｍｅｒｆｅｅｌイオンモールかほく店,小売業,衣料品,5%
石川県,かほく市,オイルプラザＤ１かほく店,サービス,その他サービス,2%
石川県,かほく市,セブン－イレブンかほく白尾インター店,小売業,食料品,2%
石川県,かほく市,セブン－イレブンかほく白尾店,小売業,食料品,2%
石川県,かほく市,セブン－イレブンかほく高松インター店,小売業,食料品,2%
石川県,かほく市,木津ＳＳ,小売業,ガソリンスタンド,2%
石川県,かほく市,きもの京山 きもの京山かほく店,小売業,衣料品,5%
石川県,かほく市,ＺＡＵｆｏｒＨＡＩＲ,サービス,理容・美容業,5%
石川県,かほく市,食工房ファミーリエ,小売業,食料品,5%
石川県,かほく市,食楽庵かほく さんまる,サービス,飲食業,5%
石川県,かほく市,高松ＳＳ,小売業,ガソリンスタンド,2%
石川県,かほく市,ドモドモコーポレーション,サービス,その他サービス,5%
石川県,かほく市,どんたく かほく店,小売業,食料品,5%
石川県,かほく市,有限会社 中山燃料,小売業,その他小売,5%
石川県,かほく市,株式会社 にわ商店,小売業,その他小売,5%
石川県,かほく市,８番らーめん宇ノ気店,サービス,飲食業,2%
石川県,かほく市,８番らーめん高松店,サービス,飲食業,2%
石川県,かほく市,Ｐａｐｐｙ,サービス,飲食業,2%
石川県,かほく市,ＰａｎｉＰａｎｉかほく店,小売業,その他小売,5%
石川県,かほく市,ビックハウス,小売業,電化製品,5%
石川県,かほく市,ヘアーサロン ひげもと ヘアーサロンひげもと,サービス,理容・美容業,5%
石川県,かほく市,マクドナルドイオンモールかほく店,サービス,飲食業,2%
石川県,かほく市,Ｙａｈａｔａ すしべん 白尾インター店,サービス,飲食業,5%
石川県,かほく市,ルネファミーユかほく店,小売業,衣料品,2%
石川県,川北町,スーパーホームセンターヤマキシ川北店,小売業,総合（非専門）,5%
石川県,小松市,アーク美容室,サービス,理容・美容業,5%
石川県,小松市,ＡｒｔＭｏｖｅ２４６ Ｍａｒｕｙａｍａ,サービス,理容・美容業,5%
石川県,小松市,赤い靴べら小松工房,サービス,その他サービス,5%
石川県,小松市,秋吉 小松店,サービス,飲食業,5%
石川県,小松市,ａｓｈｉｔａｂａ,小売業,その他小売,5%
石川県,小松市,アミング小松店,小売業,その他小売,5%
石川県,小松市,アンド・いわい,小売業,電化製品,5%
石川県,小松市,アントワープ,小売業,家具・調度品,5%
石川県,小松市,イーストビレッジ株式会社,サービス,その他サービス,5%
石川県,小松市,居酒屋 いもたこなんきん,サービス,飲食業,5%
石川県,小松市,居酒屋かまど 本店 居酒屋 小松かまど本店,サービス,飲食業,5%
石川県,小松市,石川ダイハツ販売小松店,小売業,その他小売,5%
石川県,小松市,お料理・釜めし 一山楼,サービス,飲食業,5%
石川県,小松市,出光小松ＳＳ,小売業,ガソリンスタンド,2%
石川県,小松市,出光小松国道ＳＳ,小売業,ガソリンスタンド,2%
石川県,小松市,出光小松南ＳＳ,小売業,ガソリンスタンド,2%
石川県,小松市,伊藤電機,小売業,電化製品,5%
石川県,小松市,犬丸屋北浅井店,小売業,食料品,5%
石川県,小松市,ｅＰＬＡＮＳ・タカ,小売業,電化製品,5%
石川県,小松市,ｅＰＬＡＮＳ・タキ屋,小売業,電化製品,5%
石川県,小松市,ｅＰＬＡＮＳ・ホンボ,小売業,電化製品,5%
石川県,小松市,ウイング ウイング,小売業,その他小売,5%
石川県,小松市,うつのみや小松城南店サウンドイン,小売業,書籍・玩具・音楽ＣＤ,5%
石川県,小松市,ｏｆｆｉｃｅＶｏｘ小松店,小売業,その他小売,5%
石川県,小松市,オリックスレンタカー小松空港西店,サービス,その他サービス,2%
石川県,小松市,折本薬局,小売業,その他小売,5%
石川県,小松市,御料理いち川,サービス,飲食業,5%
石川県,小松市,株式会社 太田モータース,小売業,その他小売,5%
石川県,小松市,株式会社岸商店,小売業,その他小売,5%
石川県,小松市,株式会社 Ｂｉｋｋｅ,小売業,食料品,5%
石川県,小松市,株式会社ヒラシマ パーツセンター,小売業,その他小売,5%
石川県,小松市,株式会社 ムラカミ自動車,小売業,その他小売,5%
石川県,小松市,カーケアステーション有明,小売業,ガソリンスタンド,2%
石川県,小松市,ヘルス＆ビューティＫＡＪＩ,小売業,衣料品,5%
石川県,小松市,勝木書店 ＫａＢｏＳイオンモール新小松店,小売業,その他小売,5%
石川県,小松市,（株）音楽工房ウインドージャム,小売業,書籍・玩具・音楽ＣＤ,5%
石川県,小松市,株式会社飯田計算センター,サービス,その他サービス,5%
石川県,小松市,株式会社加賀オート,サービス,その他サービス,5%
石川県,小松市,株式会社清水産業,小売業,電化製品,5%
石川県,小松市,株式会社松井モータース,サービス,その他サービス,5%
石川県,小松市,カルバン小松店,小売業,その他小売,5%
石川県,小松市,カレーハウスＣｏＣｏ壱番屋小松福乃宮店,サービス,飲食業,2%
石川県,小松市,ｋｉｔｃｈｅｎ ｂａｌ ＯＲＩＧＡＭＩ,サービス,飲食業,5%
石川県,小松市,キミ美容室,サービス,理容・美容業,5%
石川県,小松市,牛匠しまだ,サービス,飲食業,5%
石川県,小松市,九谷セラミック・ラボラトリー,サービス,その他サービス,5%
石川県,小松市,九谷セラミック・ラボラトリー陶芸,サービス,その他サービス,5%
石川県,小松市,ｃｏｅｕｒ ａ’ ｃｏｅｕｒ！,サービス,理容・美容業,5%
石川県,小松市,桂花,サービス,飲食業,5%
石川県,小松市,ｇｏｓｓｉｐ,小売業,衣料品,5%
石川県,小松市,セブン－イレブン小松今江３丁目店,小売業,食料品,2%
石川県,小松市,セブン－イレブン小松大島町店,小売業,食料品,2%
石川県,小松市,小松北ＳＳ,小売業,ガソリンスタンド,2%
石川県,小松市,セブン－イレブン小松串茶屋町店,小売業,食料品,2%
石川県,小松市,セブン－イレブン小松佐々木町店,小売業,食料品,2%
石川県,小松市,セブン－イレブン小松園町店,小売業,食料品,2%
石川県,小松市,小松パブリック,サービス,その他サービス,5%
石川県,小松市,セブン－イレブン小松日の出町２丁目店,小売業,食料品,2%
石川県,小松市,こまつ町家文庫,サービス,宿泊業,5%
石川県,小松市,セブン－イレブン小松矢崎町店,小売業,食料品,2%
石川県,小松市,セブン－イレブン小松矢田野町店,小売業,食料品,2%
石川県,小松市,米工房ますもと,小売業,食料品,5%
石川県,小松市,サテライトステーション小松ＳＳ ノース石油株式会社,小売業,ガソリンスタンド,2%
石川県,小松市,ｓａｌｏｎ ｄｅ Ｌｉｓｓｅｒ,サービス,理容・美容業,5%
石川県,小松市,三洋薬品ＨＢＣ株式会社 小松営業所,小売業,その他小売,5%
石川県,小松市,サンライズＳＳ,小売業,ガソリンスタンド,2%
石川県,小松市,サンロ－ド軽海ＳＳ,小売業,ガソリンスタンド,2%
石川県,小松市,幸せの黄金鯛焼き,小売業,食料品,5%
石川県,小松市,ジェームス小松店,小売業,その他小売,2%
石川県,小松市,Ｓｈｉｏｎ ｈａｉｒ,サービス,理容・美容業,5%
石川県,小松市,下粟津ＳＳ,小売業,ガソリンスタンド,2%
石川県,小松市,Ｊｙｕｃｈｉｉｍｉｐｉａｃｉ,サービス,理容・美容業,5%
石川県,小松市,シンカワデンキ,小売業,電化製品,5%
石川県,小松市,すし食いねえ！小松沖店,サービス,飲食業,5%
石川県,小松市,セルフプラザ大島ＳＳ,小売業,ガソリンスタンド,2%
石川県,小松市,セルフプラザ符津ＳＳ,小売業,ガソリンスタンド,2%
石川県,小松市,ソフト整体院ＡＣＥ 【エース】,サービス,その他サービス,5%
石川県,小松市,第一鈑装,サービス,その他サービス,5%
石川県,小松市,タイヤガーデンエス＆エス,小売業,その他小売,5%
石川県,小松市,たたみのかおり,その他業種,ー,5%
石川県,小松市,ツチダ電機販売,小売業,電化製品,5%
石川県,小松市,肴屋３８ つまみやさんぱち,サービス,飲食業,5%
石川県,小松市,Ｄｒ．Ｄｒｉｖｅセルフプラザ有明ＳＳ,小売業,ガソリンスタンド,2%
石川県,小松市,Ｄｒ．Ｄｒｉｖｅ浜田町店,小売業,ガソリンスタンド,2%
石川県,小松市,徳田盛華堂,小売業,食料品,5%
石川県,小松市,トヨタレンタリース石川小松空港店,その他業種,ー,2%
石川県,小松市,Ｔｒａｔｔｏｒｉａ ＴＡＰＡＳ,サービス,飲食業,5%
石川県,小松市,ニュ－イングランド タナカ,小売業,電化製品,5%
石川県,小松市,ハートアート工房神田 ハートアート工房神田,小売業,その他小売,5%
石川県,小松市,配送センター,小売業,ガソリンスタンド,2%
石川県,小松市,Ｂａｒ 橘,サービス,飲食業,5%
石川県,小松市,８番らーめん小松店,サービス,飲食業,2%
石川県,小松市,８番らーめん城南末広店,サービス,飲食業,2%
石川県,小松市,８番らーめん平面店,サービス,飲食業,2%
石川県,小松市,ｈａｎａｎｏｙａ,小売業,その他小売,5%
石川県,小松市,ＰｕｒｅＮａｉｌＰｅｔｉｔ イオンモール新小松店,サービス,理容・美容業,5%
石川県,小松市,美容室ウプス,サービス,理容・美容業,5%
石川県,小松市,ひょっとこ,サービス,飲食業,5%
石川県,小松市,ひろい動物病院,サービス,その他サービス,5%
石川県,小松市,ＦＵＴＡＧＩ 小松店【フタギ】,サービス,その他サービス,5%
石川県,小松市,Ｈａｉｒ Ｅｓｔｈｅ ＬＡＺＯＳ,サービス,理容・美容業,5%
石川県,小松市,ヘアーギャラリーＭー２ 北浅井店,サービス,理容・美容業,5%
石川県,小松市,ヘアーサロンあさひ,サービス,理容・美容業,5%
石川県,小松市,ヘアーサロンあさひ,サービス,理容・美容業,5%
石川県,小松市,ヘアーモードフープ,サービス,理容・美容業,5%
石川県,小松市,ＰＯＣＨＩＴＯＣＯ,サービス,その他サービス,5%
石川県,小松市,ホテルエアポート小松,サービス,宿泊業,5%
石川県,小松市,ホテルビナリオＫＯＭＡＴＳＵセントレ,サービス,宿泊業,5%
石川県,小松市,マクドナルドイオン小松店,サービス,飲食業,2%
石川県,小松市,マクドナルド小松粟津店,サービス,飲食業,2%
石川県,小松市,マクドナルド小松店,サービス,飲食業,2%
石川県,小松市,御菓子司 松葉屋,小売業,食料品,5%
石川県,小松市,マルエー土居原店,小売業,その他小売,5%
石川県,小松市,マルエー符津店,小売業,その他小売,5%
石川県,小松市,マルエー若杉店,小売業,その他小売,5%
石川県,小松市,みにょーる,サービス,飲食業,5%
石川県,小松市,宮前精肉店,小売業,食料品,5%
石川県,小松市,メガネの金光堂,小売業,その他小売,5%
石川県,小松市,メガネのハラダ小松店,小売業,貴金属・服飾品,5%
石川県,小松市,焼肉酒場 餤だん,サービス,飲食業,5%
石川県,小松市,焼肉ざんまい,サービス,飲食業,5%
石川県,小松市,焼肉レストラン 小松味道園 本店,サービス,飲食業,5%
石川県,小松市,やまや紙文具,小売業,その他小売,5%
石川県,小松市,ＹＵＩＭＡＲＬ ＹＵＩＭＡＲＬ,サービス,理容・美容業,5%
石川県,小松市,ＹＵ ＳＷＥＥＴＳ ｃａｋｅ ａｎｄ ｂａｋｅ,小売業,食料品,5%
石川県,小松市,らーめん世界小松店,サービス,飲食業,5%
石川県,小松市,ライラックフローリスト,小売業,その他小売,5%
石川県,小松市,ラスタ－ＡＷＡＺＵＳＳ,小売業,ガソリンスタンド,2%
石川県,小松市,お食事処 漁師の館,サービス,飲食業,5%
石川県,小松市,料亭 小六庵,サービス,飲食業,5%
石川県,小松市,Ｒｅｌａｘ＆ＢｅａｕｔｙｓａｌｏｎＳＩＡＮ～しあん,小売業,その他小売,5%
石川県,小松市,リリー化粧品店,小売業,その他小売,5%
石川県,小松市,和餐 伸,サービス,飲食業,5%
石川県,小松市,ワッツ小松イオン店,小売業,総合（非専門）,5%
石川県,小松市,ワンダフルセルフイオン小松,小売業,ガソリンスタンド,2%
石川県,志賀町,アンド・まつうら,小売業,電化製品,5%
石川県,志賀町,いこいの村能登半島,サービス,宿泊業,5%
石川県,志賀町,笠原健招堂薬局,小売業,その他小売,5%
石川県,志賀町,カネヨ醤油株式会社,小売業,食料品,5%
石川県,志賀町,Ｃａｆｅ ｃｒｕｉｓｅ,サービス,飲食業,5%
石川県,志賀町,湖月館,サービス,宿泊業,5%
石川県,志賀町,さもん,小売業,総合（非専門）,5%
石川県,志賀町,志賀町ＳＳ,小売業,ガソリンスタンド,2%
石川県,志賀町,高浜東ＳＳ 伴長商店,小売業,ガソリンスタンド,2%
石川県,志賀町,デジャヴ,サービス,宿泊業,5%
石川県,志賀町,てらおか風舎 富来本店,サービス,飲食業,5%
石川県,志賀町,富来ＳＳ,小売業,ガソリンスタンド,2%
石川県,志賀町,富来バイパスＳＳ,小売業,ガソリンスタンド,2%
石川県,志賀町,トレンディ志賀,小売業,ガソリンスタンド,2%
石川県,志賀町,どんたく 高浜店,小売業,食料品,5%
石川県,志賀町,能登金剛センター,小売業,総合（非専門）,5%
石川県,志賀町,８番らーめん高浜店,サービス,飲食業,2%
石川県,志賀町,８番らーめん富来店,サービス,飲食業,2%
石川県,志賀町,ふらんせ 高浜店,サービス,その他サービス,5%
石川県,志賀町,ペンションクルーズ,サービス,宿泊業,5%
石川県,志賀町,ペンション夕凪,サービス,宿泊業,5%
石川県,志賀町,ホームセンターロッキー富来店,小売業,その他小売,5%
石川県,珠洲市,犬の美容室ベリー,サービス,その他サービス,5%
石川県,珠洲市,鍵主工業 七輪の里,小売業,その他小売,5%
石川県,珠洲市,カメラのはやし,小売業,その他小売,5%
石川県,珠洲市,仮（ ）,サービス,宿泊業,5%
石川県,珠洲市,ＳＨＯ?ＴＡＴＳＵ,サービス,飲食業,5%
石川県,珠洲市,珠洲ＳＳ,小売業,ガソリンスタンド,2%
石川県,珠洲市,蛸島ＳＳ,小売業,ガソリンスタンド,2%
石川県,珠洲市,トラベル愛ランド珠洲燈籠山通り店,サービス,その他サービス,5%
石川県,珠洲市,ニュー珠洲,小売業,ガソリンスタンド,2%
石川県,珠洲市,８番らーめん飯田店,サービス,飲食業,2%
石川県,珠洲市,フードはまおか,小売業,総合（非専門）,5%
石川県,珠洲市,ヘアーサロンＨＥＩＳＨＩ,サービス,理容・美容業,5%
石川県,珠洲市,有限会社 スズトウシャドウ印刷,その他業種,ー,5%
石川県,珠洲市,ロシ 飯田店,サービス,その他サービス,5%
石川県,珠洲市,ろばた焼 あさ井,サービス,飲食業,5%
石川県,津幡町,出光津幡ＳＳ,小売業,ガソリンスタンド,2%
石川県,津幡町,株式会社 津幡石油,小売業,その他小売,2%
石川県,津幡町,カーメンテナンスＤ?１ アル プラザ津幡店,サービス,その他サービス,2%
石川県,津幡町,勝崎館,サービス,宿泊業,5%
石川県,津幡町,カレーハウスＣｏＣｏ壱番屋石川津幡店,サービス,飲食業,2%
石川県,津幡町,化粧ＳＣＥＮＥ ＩＫＥＭＵＲＡ,サービス,その他サービス,5%
石川県,津幡町,サイクルショップしらい,サービス,その他サービス,5%
石川県,津幡町,酒井自動車株式会社,小売業,総合（非専門）,5%
石川県,津幡町,スカイスマイル,小売業,電化製品,5%
石川県,津幡町,ソラナム,サービス,飲食業,5%
石川県,津幡町,タニイ自動車,小売業,その他小売,5%
石川県,津幡町,ちゃんぽん亭総本家津幡店 ちゃんぽん亭総本家 津幡店,サービス,飲食業,5%
石川県,津幡町,つじトレーニングジム,その他業種,ー,5%
石川県,津幡町,津幡中央ＳＳ,小売業,ガソリンスタンド,2%
石川県,津幡町,セブン－イレブン津幡横浜店,小売業,食料品,2%
石川県,津幡町,中田健二商店,小売業,その他小売,5%
石川県,津幡町,８番らーめん津幡店,サービス,飲食業,2%
石川県,津幡町,ブヘサ中村固腸堂,小売業,その他小売,5%
石川県,津幡町,Ｈａｉｒ＆Ｍａｋｅ おきみ,サービス,理容・美容業,5%
石川県,津幡町,牧場アイス工房ラグーン津幡店,小売業,食料品,5%
石川県,津幡町,マクドナルド津幡アルプラザ店,サービス,飲食業,2%
石川県,津幡町,めがねのアイビー 津幡店,小売業,その他小売,5%
石川県,津幡町,Ｙａｈａｔａ すしべん 津幡店,サービス,宿泊業,5%
石川県,津幡町,ロシ 加賀爪店,サービス,その他サービス,5%
石川県,中能登町,ａｔｅａｓｅ アティーズ,小売業,その他小売,5%
石川県,中能登町,Ｄｒ．Ｄｒｉｖｅセルフアルプラザ鹿島店,小売業,ガソリンスタンド,2%
石川県,中能登町,スマイルプラザ眉丈ヶ丘ＳＳ,小売業,ガソリンスタンド,2%
石川県,中能登町,どんたく エブリィ鳥屋店,小売業,食料品,5%
石川県,中能登町,セブン－イレブン中能登羽坂店,小売業,食料品,2%
石川県,中能登町,８番らーめん鹿島店,サービス,飲食業,2%
石川県,中能登町,マクドナルド鹿島アルプラザ店,サービス,飲食業,2%
石川県,中能登町,やまざき,小売業,総合（非専門）,5%
石川県,中能登町,ヨコヤマデンキ,小売業,電化製品,5%
石川県,七尾市,赤ちゃんと子供のデパート マリモ,小売業,衣料品,5%
石川県,七尾市,アンアン ベイモール店,小売業,食料品,5%
石川県,七尾市,アンド・タモト,小売業,電化製品,5%
石川県,七尾市,池亀,サービス,飲食業,5%
石川県,七尾市,石川ダイハツ販売七尾店,小売業,その他小売,5%
石川県,七尾市,岩城農機店,小売業,その他小売,5%
石川県,七尾市,梅屋常五郎 本店,小売業,食料品,5%
石川県,七尾市,エトランゼ,その他業種,ー,5%
石川県,七尾市,ＭＮＥＸＴ,小売業,衣料品,5%
石川県,七尾市,エムネクスト和倉店,小売業,衣料品,5%
石川県,七尾市,奥能登山海市場,小売業,食料品,5%
石川県,七尾市,お宿すず花,サービス,宿泊業,5%
石川県,七尾市,御料理五十番,サービス,飲食業,5%
石川県,七尾市,カイロプラクティック骨のほぐしや,サービス,その他サービス,5%
石川県,七尾市,和倉ＳＳ,小売業,ガソリンスタンド,2%
石川県,七尾市,かぶとやスポーツ,小売業,その他小売,5%
石川県,七尾市,木村電気,小売業,電化製品,5%
石川県,七尾市,クロロフィル七尾美顔教室,小売業,その他小売,5%
石川県,七尾市,ケーキハウス アトリエ,小売業,食料品,5%
石川県,七尾市,弘法湯,サービス,その他サービス,5%
石川県,七尾市,Ｄｒ．Ｄｒｉｖｅセルフこまるやま台店,小売業,ガソリンスタンド,2%
石川県,七尾市,坂口電器商会（七尾）,小売業,電化製品,5%
石川県,七尾市,沢野電機商会,小売業,電化製品,5%
石川県,七尾市,杉森菓子舗 本店,小売業,食料品,5%
石川県,七尾市,たかご電機,小売業,電化製品,5%
石川県,七尾市,髙田石材店 本店,小売業,その他小売,5%
石川県,七尾市,脱毛ＭＡＸ七尾店,サービス,理容・美容業,5%
石川県,七尾市,中央茶廊,サービス,飲食業,5%
石川県,七尾市,天空の宿 大観荘,サービス,宿泊業,5%
石川県,七尾市,電遊館 どうみ,小売業,電化製品,5%
石川県,七尾市,トヨタレンタリース石川七尾店,その他業種,ー,2%
石川県,七尾市,トラベル愛ランド,サービス,その他サービス,5%
石川県,七尾市,鶏とまつば,サービス,飲食業,5%
石川県,七尾市,どんたく 新鮮館,小売業,食料品,5%
石川県,七尾市,どんたく ベイモール店,小売業,食料品,5%
石川県,七尾市,中島ストアー,小売業,総合（非専門）,5%
石川県,七尾市,中島町ＳＳ,小売業,ガソリンスタンド,2%
石川県,七尾市,中山薬局 パトリア中山薬局,小売業,その他小売,5%
石川県,七尾市,中山薬局本店,小売業,その他小売,5%
石川県,七尾市,七尾ＳＳ,小売業,ガソリンスタンド,2%
石川県,七尾市,セブン－イレブン七尾大田店,小売業,食料品,2%
石川県,七尾市,セブン－イレブン七尾国分町店,小売業,食料品,2%
石川県,七尾市,セブン－イレブン七尾小島町店,小売業,食料品,2%
石川県,七尾市,セブン－イレブン七尾城山インター店,小売業,食料品,2%
石川県,七尾市,七尾直売,小売業,ガソリンスタンド,2%
石川県,七尾市,セブン－イレブン七尾常盤町店,小売業,食料品,2%
石川県,七尾市,セブン－イレブン七尾古府町店,小売業,食料品,2%
石川県,七尾市,七尾ヤクルト販売 中央センター,小売業,食料品,5%
石川県,七尾市,七尾ヤクルト販売 羽咋センター,小売業,食料品,5%
石川県,七尾市,七尾ヤクルト販売 穴水センター,小売業,食料品,5%
石川県,七尾市,七尾ヤクルト販売 珠洲センター,小売業,食料品,5%
石川県,七尾市,七尾ヤクルト販売 輪島センター,小売業,食料品,5%
石川県,七尾市,セブン－イレブン七尾和倉温泉店,小売業,食料品,2%
石川県,七尾市,セブン－イレブン七尾和倉和歌崎店,小売業,食料品,2%
石川県,七尾市,Ｄｒ．Ｄｒｉｖｅ七尾湾店,小売業,ガソリンスタンド,2%
石川県,七尾市,Ｄｒ．Ｄｒｉｖｅ七尾湾店セルフ,小売業,ガソリンスタンド,2%
石川県,七尾市,なまこや なまこや 能登食祭市場店,小売業,食料品,5%
石川県,七尾市,なまこや なまこや,小売業,食料品,5%
石川県,七尾市,能州いろは,サービス,宿泊業,5%
石川県,七尾市,能登島ガラス工房,小売業,その他小売,5%
石川県,七尾市,能登島ガラス工房,小売業,その他小売,5%
石川県,七尾市,能登島ゲストハウス葉波,サービス,その他サービス,5%
石川県,七尾市,能登石油 本社,小売業,ガソリンスタンド,2%
石川県,七尾市,能登ミルク,サービス,飲食業,5%
石川県,七尾市,８番らーめん七尾店,サービス,飲食業,2%
石川県,七尾市,８番らーめん七尾西店,サービス,飲食業,2%
石川県,七尾市,Ｄｒ．Ｄｒｉｖｅセルフ東みなと店,小売業,ガソリンスタンド,2%
石川県,七尾市,ふらんせ 国分店,サービス,その他サービス,5%
石川県,七尾市,ふらんせ 本府中店,サービス,その他サービス,5%
石川県,七尾市,ヘアーブティックＭＩＲＥＩ,サービス,理容・美容業,5%
石川県,七尾市,ペンション ｉｌ Ｐｉｎｏ,サービス,宿泊業,5%
石川県,七尾市,ホームセンターヤマキシ田鶴浜店,小売業,総合（非専門）,5%
石川県,七尾市,ホテル海望,サービス,宿泊業,5%
石川県,七尾市,本社,小売業,ガソリンスタンド,2%
石川県,七尾市,松葉電器,小売業,電化製品,5%
石川県,七尾市,御祓川大学 ｂａｎｃｏ,サービス,その他サービス,5%
石川県,七尾市,ミネルヴァ七尾,サービス,宿泊業,5%
石川県,七尾市,ミネルヴァ七尾ふじのせ里山館,サービス,宿泊業,5%
石川県,七尾市,ミヤコ音楽堂,小売業,電化製品,5%
石川県,七尾市,メガネのハラダ七尾店,小売業,貴金属・服飾品,5%
石川県,七尾市,モリ,小売業,総合（非専門）,5%
石川県,七尾市,山成水産 食祭市場店,小売業,食料品,5%
石川県,七尾市,山元テレビ電器,小売業,電化製品,5%
石川県,七尾市,有限会社夢華,小売業,総合（非専門）,5%
石川県,七尾市,ゆけむりの宿 美湾荘,サービス,宿泊業,5%
石川県,七尾市,らくらく車検工房,小売業,ガソリンスタンド,2%
石川県,七尾市,ロッキー七尾店,小売業,その他小売,5%
石川県,能登町,鵜川駅前ＳＳ 洲崎順二商店,小売業,ガソリンスタンド,2%
石川県,能登町,宇出津ＳＳ,小売業,ガソリンスタンド,2%
石川県,能登町,宇出津ＳＳ,小売業,ガソリンスタンド,2%
石川県,能登町,大沢商店,小売業,ガソリンスタンド,2%
石川県,能登町,大脇昆布 大脇昆布,小売業,食料品,5%
石川県,能登町,小木ＳＳ,小売業,ガソリンスタンド,2%
石川県,能登町,かくだストア宇出津店,小売業,食料品,5%
石川県,能登町,数馬石油,小売業,ガソリンスタンド,5%
石川県,能登町,タバタ電化,小売業,電化製品,5%
石川県,能登町,直売,小売業,ガソリンスタンド,2%
石川県,能登町,電化ショップすざき,小売業,電化製品,5%
石川県,能登町,電遊館 かみたに,小売業,電化製品,5%
石川県,能登町,電遊館 十字屋,小売業,電化製品,5%
石川県,能登町,電遊館 つちかわ,小売業,電化製品,5%
石川県,能登町,どんたく 宇出津店,小売業,食料品,5%
石川県,能登町,８番らーめん宇出津店,サービス,飲食業,2%
石川県,能登町,百楽荘／Ｊ＆Ｊギフト,その他業種,ー,5%
石川県,能登町,ふらんせ アルプ店,サービス,その他サービス,5%
石川県,能登町,本社,小売業,ガソリンスタンド,2%
石川県,能登町,松波ＳＳ,小売業,ガソリンスタンド,2%
石川県,能登町,柳田ＳＳ,小売業,ガソリンスタンド,2%
石川県,能登町,株式会社リビック能登 宇出津営業所,小売業,その他小売,5%
石川県,能登町,株式会社リビック能登 宇出津営業所２,小売業,その他小売,5%
石川県,能登町,理容 おくなり,サービス,理容・美容業,5%
石川県,野々市市,ｉｐ．ｒｅｐａｉｒ（アイピーリペア）,サービス,その他サービス,5%
石川県,野々市市,Ａｏｉ Ｔｏｒｉ Ｈａｉｒ Ｄｅｓｉｇｎ,サービス,理容・美容業,5%
石川県,野々市市,赤い靴べら御経塚工房,サービス,その他サービス,5%
石川県,野々市市,秋吉 金沢工大店,サービス,飲食業,5%
石川県,野々市市,秋吉 野々市店,サービス,飲食業,5%
石川県,野々市市,Ａｇｕ ｈａｉｒ Ａｇｕ ｈａｉｒ ｆｉｚｚ野々市,サービス,理容・美容業,5%
石川県,野々市市,アトラス運転代行,サービス,その他サービス,5%
石川県,野々市市,ａｎｚ ｂｙ ａｎｔｉｑａ,サービス,理容・美容業,5%
石川県,野々市市,アンフェイス御経塚店,小売業,衣料品,5%
石川県,野々市市,居酒屋 こよみ,サービス,飲食業,5%
石川県,野々市市,居酒屋 こよみ,サービス,飲食業,5%
石川県,野々市市,癒し処一福,サービス,理容・美容業,5%
石川県,野々市市,ＷＩＮＫＬＡＢ金沢野々市店,サービス,理容・美容業,5%
石川県,野々市市,Ｖｅｌｏｗ’ｓ,小売業,その他小売,5%
石川県,野々市市,ヴェローズ,小売業,その他小売,5%
石川県,野々市市,うつのみや 上林店,小売業,書籍・玩具・音楽ＣＤ,5%
石川県,野々市市,Ｄｒ．Ｄｒｉｖｅエコウィング御経塚店,小売業,ガソリンスタンド,2%
石川県,野々市市,ＳＳリテール課,小売業,その他小売,2%
石川県,野々市市,ＡＲＥＡ－１コメット,小売業,電化製品,5%
石川県,野々市市,おうちごはんｋ３６,サービス,飲食業,5%
石川県,野々市市,御経塚グランドボウル,サービス,その他サービス,5%
石川県,野々市市,Ｄｒ．Ｄｒｉｖｅセルフ御経塚店,小売業,ガソリンスタンド,2%
石川県,野々市市,ＯＬＴＩ【オルティ】,サービス,理容・美容業,5%
石川県,野々市市,温野菜御経塚店,サービス,飲食業,2%
石川県,野々市市,カイロプラクティック爽ＲＹＵ,サービス,その他サービス,5%
石川県,野々市市,Ｄｒ．Ｄｒｉｖｅ加賀産業道店,小売業,ガソリンスタンド,2%
石川県,野々市市,株式会社北鉄航空,サービス,その他サービス,5%
石川県,野々市市,株式会社ホンダテクニカル金沢 株式会社ホンダテクニカル金沢,小売業,その他小売,5%
石川県,野々市市,株式会社リョーテック,小売業,その他小売,5%
石川県,野々市市,カラーオン 金沢野々市店,サービス,理容・美容業,5%
石川県,野々市市,カルバン野々市本店,小売業,その他小売,5%
石川県,野々市市,カルバンバイパス店,小売業,その他小売,5%
石川県,野々市市,株式会社木谷プロパン,小売業,その他小売,5%
石川県,野々市市,Ｋｉｔｃｈｅｎ ＣＡＲＬＯ,サービス,飲食業,5%
石川県,野々市市,ＫＩＭＯＮＯ・ＯＦＦ野々市店,小売業,その他小売,5%
石川県,野々市市,Ｃｏｏ＆ＲＩＫＵイオン野々市南店,小売業,その他小売,5%
石川県,野々市市,串こよみ 押越店,サービス,飲食業,5%
石川県,野々市市,串こよみ 押越店,サービス,飲食業,5%
石川県,野々市市,ケーキ工房 グーテ ケーキ工房グーテ,小売業,食料品,5%
石川県,野々市市,Ｄｒ．Ｄｒｉｖｅコーディアルののいち店,小売業,ガソリンスタンド,2%
石川県,野々市市,ごちそう こよみ,サービス,飲食業,5%
石川県,野々市市,ごちそう こよみ,サービス,飲食業,5%
石川県,野々市市,ゴルフパートナー野々市店,小売業,その他小売,2%
石川県,野々市市,ＣＯＭＰ・ＯＦＦ野々市店,小売業,その他小売,5%
石川県,野々市市,サウンドクリエイト金沢,小売業,その他小売,5%
石川県,野々市市,産業・生活エネルギー課,小売業,その他小売,2%
石川県,野々市市,ＳＡＩＮＴ ＮＩＣＯＬＡＳ イベント,小売業,食料品,5%
石川県,野々市市,ジェームス野々市バイパス店,小売業,その他小売,2%
石川県,野々市市,ｃｈｅｒｃｈｅ,サービス,理容・美容業,5%
石川県,野々市市,四十萬谷本舗 金沢南店,小売業,食料品,5%
石川県,野々市市,しんじょうコンタクトレンズ,小売業,その他小売,5%
石川県,野々市市,スーパースカルプ御経塚,サービス,その他サービス,5%
石川県,野々市市,スタイリストゴトウ野々市店,小売業,その他小売,5%
石川県,野々市市,ＴＨＲＩＦＴＥＲＳＦａｍ野々市店,小売業,その他小売,5%
石川県,野々市市,生活エネルギー課,小売業,その他小売,2%
石川県,野々市市,ソフトバンク アクロスプラザ野々市,小売業,その他小売,5%
石川県,野々市市,大日自動車販売,小売業,その他小売,5%
石川県,野々市市,タケマツ家具,小売業,家具・調度品,5%
石川県,野々市市,ＴＡＫＥＨＡＮＤＳ野々市店,小売業,その他小売,5%
石川県,野々市市,ＤＩＳＣＯＶＥＲＢＩＫＥＳ,小売業,その他小売,5%
石川県,野々市市,ｔｅｔｅ,サービス,理容・美容業,5%
石川県,野々市市,動物病院 ｐｉａ,サービス,その他サービス,5%
石川県,野々市市,のっぽくん,小売業,その他小売,5%
石川県,野々市市,セブン－イレブン野々市扇が丘店,小売業,食料品,2%
石川県,野々市市,セブン－イレブン野々市押野１丁目店,小売業,食料品,2%
石川県,野々市市,セブン－イレブン野々市押野２丁目店,小売業,食料品,2%
石川県,野々市市,セブン－イレブン野々市上林４丁目店,小売業,食料品,2%
石川県,野々市市,野々市じょんからＳＳ,小売業,ガソリンスタンド,2%
石川県,野々市市,セブン－イレブン野々市新庄２丁目店,小売業,食料品,2%
石川県,野々市市,セブン－イレブン野々市住吉店,小売業,食料品,2%
石川県,野々市市,セブン－イレブン野々市太平寺３丁目店,小売業,食料品,2%
石川県,野々市市,セブン－イレブン野々市二日市店,小売業,食料品,2%
石川県,野々市市,セブン－イレブン野々市本町６丁目店,小売業,食料品,2%
石川県,野々市市,セブン－イレブン野々市三日市店,小売業,食料品,2%
石川県,野々市市,野々市矢作ＳＳ セルフ,小売業,ガソリンスタンド,2%
石川県,野々市市,セブン－イレブン野々市矢作北店,小売業,食料品,2%
石川県,野々市市,Ｂａｒｂｅｒ６,サービス,その他サービス,5%
石川県,野々市市,パソコンドック２４ 金沢店,サービス,その他サービス,5%
石川県,野々市市,８番らーめん専福寺店,サービス,飲食業,2%
石川県,野々市市,８番らーめん野々市粟田店,サービス,飲食業,2%
石川県,野々市市,花 美?Ｈａｎａｂｉ?,サービス,理容・美容業,5%
石川県,野々市市,パフ,小売業,総合（非専門）,5%
石川県,野々市市,Ｐａｒａｄｅ上林店,小売業,その他小売,5%
石川県,野々市市,Ｐａｒａｄｅ野々市三日市店,小売業,その他小売,5%
石川県,野々市市,びっくりドンキー御経塚店,サービス,飲食業,2%
石川県,野々市市,ＦＡＶＯＲＩＴＡ,小売業,衣料品,5%
石川県,野々市市,ファブール ののいちサロン,小売業,その他小売,5%
石川県,野々市市,ぷちショップ ナカジマ,小売業,食料品,5%
石川県,野々市市,ＢＯＯＫ・ＯＦＦ野々市店,小売業,その他小売,2%
石川県,野々市市,ＢｌａｃｋＢｏａｒ,サービス,理容・美容業,5%
石川県,野々市市,ブランシェ野々市店,小売業,その他小売,5%
石川県,野々市市,ＨＡＩＲ＆ＭＡＫＥｃｏｃｏｓｉａ,サービス,理容・美容業,5%
石川県,野々市市,ヘアーサロンきの ヘアーサロンきの,サービス,理容・美容業,5%
石川県,野々市市,ｈａｉｒ ｇａｒｄｅｎ Ｒｏｌｄ 野々市,サービス,理容・美容業,5%
石川県,野々市市,ｈａｉｒ ｓａｌｏｎ Ｇｌｅａｎ,サービス,理容・美容業,5%
石川県,野々市市,ペットショップｗｉｔｈイオンタウン野々市店,小売業,その他小売,5%
石川県,野々市市,ホームセンターヤマキシ野々市店,小売業,総合（非専門）,5%
石川県,野々市市,ＰＡＵＳＥ,サービス,その他サービス,5%
石川県,野々市市,ボタニカルデッキ,サービス,飲食業,5%
石川県,野々市市,ホワイトニングオーグののいち店,サービス,その他サービス,5%
石川県,野々市市,マクドナルドイオン御経塚店,サービス,飲食業,2%
石川県,野々市市,マクドナルド野々市新庄店,サービス,飲食業,2%
石川県,野々市市,マルエー押野店,小売業,その他小売,5%
石川県,野々市市,ＭＩＫＡＤＯ,小売業,衣料品,5%
石川県,野々市市,ムサク,サービス,飲食業,5%
石川県,野々市市,ムッティ,その他業種,ー,5%
石川県,野々市市,メガネのハラダ 野々市店,小売業,貴金属・服飾品,5%
石川県,野々市市,メゾン・ド・サンニコラ アルビス明倫通り店,小売業,食料品,5%
石川県,野々市市,Ｙａｈａｔａ すしべん 野々市市役所店,サービス,飲食業,5%
石川県,野々市市,Ｙａｈａｔａ すしべん 野々市店,サービス,飲食業,5%
石川県,野々市市,大和屋金沢店,その他業種,ー,5%
石川県,野々市市,有限会社ヴァンワークス,サービス,その他サービス,5%
石川県,野々市市,（有）小崎鋸目立店,小売業,その他小売,5%
石川県,野々市市,有限会社ムラモト空調サービス,小売業,電化製品,5%
石川県,野々市市,４ｃｍ 野々市店,サービス,理容・美容業,5%
石川県,野々市市,Ｒａｍｐ Ｊａｃｋ 野々市店,小売業,その他小売,5%
石川県,野々市市,ＲＩＦＵ,サービス,理容・美容業,5%
石川県,野々市市,リペア革工場,サービス,その他サービス,5%
石川県,野々市市,レオン野々市スポーツスクエア,サービス,その他サービス,5%
石川県,野々市市,ＬＥＯＮＮｏｎｏｉｃｈｉ,サービス,その他サービス,5%
石川県,野々市市,ロイヤルクリーニングイオン野々市店,サービス,その他サービス,5%
石川県,野々市市,ロイヤルクリーニング 大阪屋三納店,サービス,その他サービス,5%
石川県,野々市市,浪漫遊 金沢本店,小売業,その他小売,5%
石川県,野々市市,ワイクラブ,サービス,その他サービス,5%
石川県,野々市市,ＷＯＲＤＲＯＢＥ,サービス,その他サービス,5%
石川県,野々市市,ワンダフルセルフ新庄,小売業,ガソリンスタンド,2%
石川県,能美市,あすなろ,小売業,その他小売,5%
石川県,能美市,アンド・つじ,小売業,電化製品,5%
石川県,能美市,アンド はとや,小売業,電化製品,5%
石川県,能美市,出光辰口公園前ＳＳ,小売業,ガソリンスタンド,2%
石川県,能美市,出光根上ＳＳ,小売業,ガソリンスタンド,2%
石川県,能美市,お多福 梯川店,サービス,飲食業,5%
石川県,能美市,株式会社中西書店,小売業,書籍・玩具・音楽ＣＤ,5%
石川県,能美市,カイロプラクティックＣｏｃｏｎ小池,サービス,その他サービス,5%
石川県,能美市,株式会社山岸九谷焼相互社,その他業種,ー,5%
石川県,能美市,株式会社三崎ストアーサンパーク店,小売業,食料品,5%
石川県,能美市,ガレージ イロハ,サービス,その他サービス,5%
石川県,能美市,スタジオＯ Ｐ Ｓ,サービス,その他サービス,5%
石川県,能美市,大成どうぶつ病院,サービス,その他サービス,5%
石川県,能美市,フィットネス＆カフェＤＡＤＡ,その他業種,ー,5%
石川県,能美市,辰口ＳＳ,小売業,ガソリンスタンド,2%
石川県,能美市,寺井ＳＳ,小売業,ガソリンスタンド,2%
石川県,能美市,寺井ＳＳ,小売業,ガソリンスタンド,2%
石川県,能美市,セブン－イレブン能美山田町店,小売業,食料品,2%
石川県,能美市,セブン－イレブン能美大長野町店,小売業,食料品,2%
石川県,能美市,セブン－イレブン能美五間堂店,小売業,食料品,2%
石川県,能美市,セブン－イレブン能美辰口店,小売業,食料品,2%
石川県,能美市,８番らーめん手取店,サービス,飲食業,2%
石川県,能美市,ピザテン・フォー 石川能美店 ２,サービス,その他サービス,5%
石川県,能美市,風来,小売業,食料品,5%
石川県,能美市,フォトアトリエ アディ,サービス,その他サービス,5%
石川県,能美市,（有）藤井肉店,その他業種,ー,5%
石川県,能美市,プライベ－トサロンセレナ,サービス,理容・美容業,5%
石川県,能美市,フラワーショップ花靖,小売業,その他小売,5%
石川県,能美市,フレッシュフードひろかわ,小売業,総合（非専門）,5%
石川県,能美市,ポプラ能美寺井店,小売業,総合（非専門）,2%
石川県,能美市,まつさき,サービス,宿泊業,5%
石川県,能美市,マルエー寺井店,小売業,その他小売,5%
石川県,能美市,メルベーユ森,小売業,貴金属・服飾品,5%
石川県,能美市,ヤマダフォト,サービス,その他サービス,5%
石川県,能美市,有限会社岡元農場,小売業,食料品,5%
石川県,能美市,有限会社常橋モータース,サービス,その他サービス,5%
石川県,能美市,リカー＆フーズヤマシタ,小売業,総合（非専門）,5%
石川県,能美市,理容マルシン,サービス,理容・美容業,5%
石川県,能美市,ＬＩＮＫＵＰＳＫＡＴＥＢＯＡＲＤＳＨＯＰ,小売業,その他小売,5%
石川県,能美市,レストラン ビオ ダイニング,サービス,飲食業,5%
石川県,羽咋市,イーアンドエム,サービス,飲食業,5%
石川県,羽咋市,一宮ＳＳ 大森石油店,小売業,ガソリンスタンド,2%
石川県,羽咋市,オ－トピアはくいＳＳ,小売業,ガソリンスタンド,2%
石川県,羽咋市,鹿島路ＳＳ,小売業,ガソリンスタンド,2%
石川県,羽咋市,株式会社ホンダ羽咋販売,サービス,その他サービス,5%
石川県,羽咋市,柴垣ＳＳ,小売業,ガソリンスタンド,2%
石川県,羽咋市,千田電器商会,小売業,電化製品,5%
石川県,羽咋市,大一家具,小売業,家具・調度品,5%
石川県,羽咋市,セブン－イレブン羽咋千里浜インター店,小売業,食料品,2%
石川県,羽咋市,羽咋西ＳＳ,小売業,ガソリンスタンド,2%
石川県,羽咋市,８番らーめん羽咋店,サービス,飲食業,2%
石川県,羽咋市,羽音碧々,サービス,宿泊業,5%
石川県,羽咋市,平野自動車株式会社,小売業,その他小売,5%
石川県,羽咋市,ふらんせ 石野店,サービス,その他サービス,5%
石川県,羽咋市,ふらんせ 羽咋店,サービス,その他サービス,5%
石川県,羽咋市,ヘアーコーディネイトサロンＺＥＮ,サービス,理容・美容業,5%
石川県,羽咋市,マクドナルドイオンタウン羽咋店,サービス,飲食業,2%
石川県,羽咋市,Ｙａｈａｔａ すしべん 一の宮店,サービス,飲食業,5%
石川県,羽咋市,ラ クロシェット ラ クロシェット,サービス,飲食業,5%
石川県,羽咋市,理容なつしま,サービス,理容・美容業,5%
石川県,羽咋市,ホームセンターロッキー羽咋店,小売業,その他小売,5%
石川県,白山市,秋吉 松任店,サービス,飲食業,5%
石川県,白山市,Ａ Ｃｏ,サービス,理容・美容業,5%
石川県,白山市,Ｄｒ．Ｄｒｉｖｅアサンテ宮永店,小売業,ガソリンスタンド,2%
石川県,白山市,アミング松任店,小売業,その他小売,5%
石川県,白山市,アンド・スミダ,小売業,電化製品,5%
石川県,白山市,池内商店Ⅱ別当茶屋店,小売業,その他小売,5%
石川県,白山市,石川ダイハツ販売 白山店,小売業,その他小売,5%
石川県,白山市,石焼ステーキ贅 石川白山店,サービス,飲食業,5%
石川県,白山市,ヴォーグ イチノ コア店,小売業,衣料品,5%
石川県,白山市,オーシャンドリーム,小売業,その他小売,5%
石川県,白山市,御菓子司 むらもと,小売業,食料品,5%
石川県,白山市,加賀商会,小売業,その他小売,5%
石川県,白山市,金沢屋白山店,サービス,その他サービス,5%
石川県,白山市,ｃａｆｅ ｑｕａｐｒｉｃｈｏ,サービス,飲食業,5%
石川県,白山市,株式会社ＤＲＥＡＭ ＷＯＲＫＳ 石川パソコン修理センター,サービス,その他サービス,5%
石川県,白山市,グミ,サービス,理容・美容業,5%
石川県,白山市,さか喜 さか喜,サービス,飲食業,5%
石川県,白山市,汐井酒店,小売業,その他小売,5%
石川県,白山市,ｓｉｓｉｕｔｌ,小売業,その他小売,5%
石川県,白山市,新別宮ＳＳ,小売業,ガソリンスタンド,2%
石川県,白山市,スカイ獅子吼パラグライダースクール,その他業種,ー,5%
石川県,白山市,すし食いねえ！松任本店,サービス,飲食業,5%
石川県,白山市,すたみな太郎 松任店,サービス,飲食業,5%
石川県,白山市,すとらんじふぁるふぁる,小売業,その他小売,5%
石川県,白山市,瀬川屋プランニング,小売業,食料品,5%
石川県,白山市,チアフルドッグ,サービス,その他サービス,5%
石川県,白山市,ＤＤツインウェーブ松任セルフＳＳ,小売業,ガソリンスタンド,2%
石川県,白山市,Ｄｒ．Ｄｒｉｖｅツインウェーブ松任店,小売業,ガソリンスタンド,2%
石川県,白山市,鶴来ＳＳ,小売業,ガソリンスタンド,2%
石川県,白山市,鶴来ＳＳ 株式会社桜井油店,小売業,ガソリンスタンド,2%
石川県,白山市,鶴来ＳＳ,小売業,ガソリンスタンド,2%
石川県,白山市,セブン－イレブン鶴来白山町店,小売業,食料品,2%
石川県,白山市,鶴の家,サービス,飲食業,5%
石川県,白山市,デジョイピザ,サービス,飲食業,5%
石川県,白山市,ｄｏｇｓａｌｏｎｃｏｃｏｎｉｃｏ,サービス,その他サービス,5%
石川県,白山市,トヨタレンタリース石川松任店,その他業種,ー,2%
石川県,白山市,トラベル・エー ラスパ白山店,サービス,その他サービス,5%
石川県,白山市,Ｔｒａｎｓｉｔ Ｂｅａｎｓ ＴｒａｎｓｉｔＢｅａｎｓ,小売業,食料品,5%
石川県,白山市,ナカムラ電器,小売業,電化製品,5%
石川県,白山市,ｎｏｔｔｏ,小売業,衣料品,5%
石川県,白山市,バーバージェントル,サービス,理容・美容業,5%
石川県,白山市,バーバーショップループ,サービス,理容・美容業,5%
石川県,白山市,セブン－イレブン白山安養寺店,小売業,食料品,2%
石川県,白山市,セブン－イレブン白山北安田南店,小売業,食料品,2%
石川県,白山市,セブン－イレブン白山五歩市町店,小売業,食料品,2%
石川県,白山市,セブン－イレブン白山中成２丁目店,小売業,食料品,2%
石川県,白山市,セブン－イレブン白山村井町店,小売業,食料品,2%
石川県,白山市,白山明光ＳＳ 株式会社桜井油店,小売業,ガソリンスタンド,2%
石川県,白山市,セブン－イレブン白山八ツ矢町店,小売業,食料品,2%
石川県,白山市,セブン－イレブン白山横江町店,小売業,食料品,2%
石川県,白山市,８番らーめん鶴来店,サービス,飲食業,2%
石川県,白山市,８番らーめん松任店,サービス,飲食業,2%
石川県,白山市,Ｐａｒｔｎｅｒ,サービス,理容・美容業,5%
石川県,白山市,和雪庵,その他業種,ー,5%
石川県,白山市,ふぐの糠漬粕漬 安新,小売業,食料品,5%
石川県,白山市,ふくふくらんどｂｙフクズミ,小売業,衣料品,5%
石川県,白山市,ＨＡＩＲ ＳＨＡＶＥ ＡＤＡＴＩ,サービス,理容・美容業,5%
石川県,白山市,ヘアーサロンゆうき,サービス,理容・美容業,5%
石川県,白山市,ＨＡＩＲ ＲＯＯＭ ｑｕｕ＋,サービス,理容・美容業,5%
石川県,白山市,ほぐし屋ツル,サービス,その他サービス,5%
石川県,白山市,ボディリペア ＯＳＡＮＡＩ,サービス,その他サービス,5%
石川県,白山市,ポポラマーマ アピタ松任店,サービス,飲食業,5%
石川県,白山市,Ｍｙリペアサービス松任工房,サービス,その他サービス,5%
石川県,白山市,前越電化社,小売業,電化製品,5%
石川県,白山市,前越電化社,小売業,電化製品,5%
石川県,白山市,マクドナルドイオン松任店,サービス,飲食業,2%
石川県,白山市,マクドナルド松任アピタ店,サービス,飲食業,2%
石川県,白山市,マクドナルドまっとう車遊館店,サービス,飲食業,2%
石川県,白山市,マクドナルド松任フェアモール店,サービス,飲食業,2%
石川県,白山市,松任ＳＳ,小売業,ガソリンスタンド,2%
石川県,白山市,セブンーイレブン松任石川中央病院店,小売業,食料品,2%
石川県,白山市,松任ターミナルホテル,サービス,宿泊業,5%
石川県,白山市,松任バイパスＳＳ,小売業,ガソリンスタンド,2%
石川県,白山市,マルエー井口店,小売業,その他小売,5%
石川県,白山市,マルエー鶴来店,小売業,その他小売,5%
石川県,白山市,マルエー松任店,小売業,その他小売,5%
石川県,白山市,マルエーｍｉｎｉ美川店,小売業,その他小売,5%
石川県,白山市,セブン－イレブン美川インター店,小売業,食料品,2%
石川県,白山市,美川どうぶつ病院,サービス,その他サービス,5%
石川県,白山市,Ｍｒ．ファニー木津,小売業,ガソリンスタンド,2%
石川県,白山市,メンズカットスタジアム,サービス,理容・美容業,5%
石川県,白山市,メンズショップセブン 鶴来店,小売業,衣料品,5%
石川県,白山市,麺処こよみ,サービス,飲食業,5%
石川県,白山市,Ｙａｈａｔａ すしべん 鶴来店,サービス,公共料金,5%
石川県,白山市,Ｙａｈａｔａ すしべん 松本店,サービス,飲食業,5%
石川県,白山市,山猫,サービス,飲食業,5%
石川県,白山市,有限会社 中嶋茶舗,小売業,食料品,5%
石川県,白山市,有限会社ガレージジップ,小売業,その他小売,5%
石川県,白山市,有限会社小鍋商店 有限会社 小鍋商店,その他業種,ー,5%
石川県,白山市,ｙｕｒａ ｈａｉｒ,サービス,理容・美容業,5%
石川県,白山市,養殖場「白山堂」,小売業,総合（非専門）,5%
石川県,白山市,吉市醤油店 吉市醤油店,小売業,食料品,5%
石川県,白山市,吉野ＳＳ,小売業,ガソリンスタンド,2%
石川県,白山市,らーめん世界松任店,サービス,飲食業,5%
石川県,白山市,ＬＩＦＥ ＩＮＤＥＸ,小売業,家具・調度品,5%
石川県,白山市,ルミエール小倉屋菓子舗 ルミエール小倉屋菓子舗,小売業,食料品,5%
石川県,白山市,レオン白山フットサルガーデン,サービス,その他サービス,5%
石川県,白山市,レオン白山フットサルガーデン,サービス,その他サービス,5%
石川県,白山市,旺徳福,サービス,飲食業,5%
石川県,白山市,ワンダフルセルフ徳光インターＳＳ,小売業,ガソリンスタンド,2%
石川県,宝達志水町,御菓子司たにぐち 本店,小売業,食料品,5%
石川県,宝達志水町,古墳の湯,サービス,その他サービス,5%
石川県,宝達志水町,生鮮館ちゃれんじ,小売業,総合（非専門）,5%
石川県,宝達志水町,宝湯,サービス,その他サービス,5%
石川県,宝達志水町,電化ショップモトヤマ,小売業,電化製品,5%
石川県,宝達志水町,ヘアーショップルック,サービス,理容・美容業,5%
石川県,宝達志水町,宝達山本舗松月堂,小売業,食料品,5%
石川県,宝達志水町,Ｈｏｐｅ ｈａｉｒ’ｓ,サービス,理容・美容業,5%
石川県,宝達志水町,有限会社 深井自動車サービス,小売業,その他小売,5%
石川県,輪島市,出光曽々木ＳＳ,小売業,ガソリンスタンド,2%
石川県,輪島市,出光南輪島ＳＳ,小売業,ガソリンスタンド,2%
石川県,輪島市,出光門前ＳＳ,小売業,ガソリンスタンド,2%
石川県,輪島市,大向カーオート,サービス,その他サービス,5%
石川県,輪島市,（株）大向自動車整備工場,小売業,その他小売,5%
石川県,輪島市,有限会社小森商会,小売業,その他小売,5%
石川県,輪島市,酒ブティックおくだ,小売業,食料品,5%
石川県,輪島市,旅サロン輪島,サービス,その他サービス,5%
石川県,輪島市,劔地ＳＳ,小売業,ガソリンスタンド,2%
石川県,輪島市,トヨタレンタリース石川能登空港店,その他業種,ー,2%
石川県,輪島市,のどぐろ総本店,サービス,飲食業,5%
石川県,輪島市,のと 能登 輪島朝市食べ処,サービス,飲食業,5%
石川県,輪島市,能登・門前ファミリーインビュー・サンセッ,サービス,宿泊業,5%
石川県,輪島市,８番らーめん輪島店,サービス,飲食業,2%
石川県,輪島市,ファミリエ,小売業,書籍・玩具・音楽ＣＤ,5%
石川県,輪島市,蒔絵坂口,その他業種,ー,5%
石川県,輪島市,山下時計店,小売業,貴金属・服飾品,5%
石川県,輪島市,有限会社 奥能登コンタクト,小売業,その他小売,5%
石川県,輪島市,Ｒａｐｐｏｒｔ ｄｕ ｐａｉｎ,小売業,食料品,5%
石川県,輪島市,リバーサイド二ツ屋,小売業,ガソリンスタンド,2%
石川県,輪島市,ワイホーム ワジマテン,小売業,食料品,5%
石川県,輪島市,輪島ＳＳ,小売業,ガソリンスタンド,2%
石川県,輪島市,輪島温泉八汐,サービス,宿泊業,5%
石川県,輪島市,和洋菓子島崎,小売業,食料品,5%
